instance_id,exception_code,distributor_id,fin_year,tariff_id,listing_id,charge_id,document_id,related_document_id,quantity,quantity_unit,detail
act_lfit/553e3d8933,act_lfit,evoenergy,2025-26,,,,aer-consolidated-2025-26-v5,evoenergy-schedule-of-charges-2025-26-incl-lfit-may2025,1.593,c/kWh,lfit_adder: 34 tariffs; distributor c/kWh = AER c/kWh + 1.593 c/kWh on every consumption charge; fixed and demand charges unchanged
act_lfit/5c4e122b89,act_lfit,evoenergy,2023-24,,,,evoenergy-2023-24-electricity-network-pricing-proposal-5may2023,evoenergy-statement-of-tariff-classes-and-tariffs-2023-24,,,"lfit_rebate: 18 tariffs; distributor c/kWh = c/kWh of the AER-hosted pricing proposal (status unverified) - tariff-specific LFiT rebate (2.27 c/kWh on average; not uniform; applied to consumption charges where possible); the quoted statement applies the rebate to the AER's approved charges, which no held document lists"
act_lfit/887f9e1456,act_lfit,evoenergy,2026-27,,,,aer-consolidated-2026-27-v5,evoenergy-schedule-of-charges-2026-27-incl-lfit-june2026,3.035,c/kWh,lfit_adder: 34 tariffs; distributor c/kWh = AER c/kWh + 3.035 c/kWh on every consumption charge; fixed and demand charges unchanged
act_lfit/ccee6cc677,act_lfit,evoenergy,2024-25,,,,aer-stakeholder-report-evoenergy-2024-25,evoenergy-schedule-of-charges-2024-25-lfit-adjusted,0.258,c/kWh,lfit_adder: 34 tariffs; distributor c/kWh = AER c/kWh + 0.258 c/kWh on every consumption charge; fixed and demand charges unchanged
aer_id_changed_between_versions/974974ee40,aer_id_changed_between_versions,endeavour,2025-26,endeavour:N61,,,aer-consolidated-2025-26-v1,,,,v1 row with AER ID TD-END26oth-Prosmr: that ID is absent from the approved version; matched by the unique tariff name 'Prosumer' (code N61)
aer_id_changed_between_versions/bd2b1af1ce,aer_id_changed_between_versions,endeavour,2025-26,endeavour:N95,,,aer-consolidated-2025-26-v1,,,,v1 row with AER ID TD-END26oth-Strg: that ID is absent from the approved version; matched by the unique tariff name 'Storage' (code N95)
aer_layout_change/11a07866a5,aer_layout_change,unitedenergy,2024-25,,,,aer-stakeholder-report-unitedenergy-2024-25,,,,"per-distributor layout: 'Tariff schedule 1' metering, 'Tariff schedule 3' prices in four basis sections, code column E; sheets Tariff schedule, Stakeholder report, Proposal report, Stakeholder report data"
aer_layout_change/1980b2cf56,aer_layout_change,,2025-26,,,,aer-consolidated-2025-26-v1,,,,"consolidated layout: code column E labelled 'Code', prices from column G; sheets Cost movements, Tariff schedule, Ancillary Network Services, Labour Rates, Metering, Public Lighting, Lookup; code cells hold #REF! (no codes printed), rows identified by AER tariff ID in column B"
aer_layout_change/36656d18d2,aer_layout_change,powerwater,2024-25,,,,aer-stakeholder-report-pwc-2024-25,,,,"per-distributor layout: 'Tariff schedule 1' metering, 'Tariff schedule 3' prices in four basis sections, code column E; sheets Tariff schedule, Stakeholder report, Proposal report, Stakeholder report data"
aer_layout_change/459f694ded,aer_layout_change,,2026-27,,,,aer-consolidated-2026-27-v5,,,,"consolidated layout: code column D labelled 'Tariff code', prices from column H; sheets Residential cost movements, Small business cost movements, Tariff schedule, Ancillary Network Services, Labour Rates, Metering, Public Lighting"
aer_layout_change/7d46bf9857,aer_layout_change,jemena,2024-25,,,,aer-stakeholder-report-jemena-2024-25,,,,"per-distributor layout: 'Tariff schedule 1' metering, 'Tariff schedule 3' prices in four basis sections, code column E; sheets Tariff schedule, Stakeholder report, Proposal report, Stakeholder report data"
aer_layout_change/87858dd1ec,aer_layout_change,ausgrid,2024-25,,,,aer-stakeholder-report-ausgrid-2024-25,,,,"per-distributor layout: 'Tariff schedule 1' metering, 'Tariff schedule 3' prices in four basis sections, code column E; sheets Tariff schedule, Stakeholder report, Proposal report, Stakeholder report data"
aer_layout_change/939a82e02f,aer_layout_change,evoenergy,2024-25,,,,aer-stakeholder-report-evoenergy-2024-25,,,,"per-distributor layout: 'Tariff schedule 1' metering, 'Tariff schedule 3' prices in four basis sections, code column E; sheets Tariff schedule, Stakeholder report, Proposal report, Stakeholder report data"
aer_layout_change/a560cb6d72,aer_layout_change,ergon,2024-25,,,,aer-stakeholder-report-ergon-2024-25,,,,"per-distributor layout: 'Tariff schedule 1' metering, 'Tariff schedule 3' prices in four basis sections, code column E; sheets Tariff schedule, Stakeholder report, Proposal report, Stakeholder report data"
aer_layout_change/b9044e14d1,aer_layout_change,powercor,2024-25,,,,aer-stakeholder-report-powercor-2024-25,,,,"per-distributor layout: 'Tariff schedule 1' metering, 'Tariff schedule 3' prices in four basis sections, code column E; sheets Tariff schedule, Stakeholder report, Proposal report, Stakeholder report data"
aer_layout_change/bc0fee3c76,aer_layout_change,sapn,2024-25,,,,aer-stakeholder-report-sapn-2024-25-updated17jul2024,,,,"per-distributor layout: 'Tariff schedule 1' metering, 'Tariff schedule 3' prices in four basis sections, code column E; sheets Tariff schedule, Stakeholder report, Proposal report"
aer_layout_change/c0d15a6bac,aer_layout_change,endeavour,2024-25,,,,aer-stakeholder-report-endeavour-2024-25,,,,"per-distributor layout: 'Tariff schedule 1' metering, 'Tariff schedule 3' prices in four basis sections, code column E; sheets Tariff schedule, Stakeholder report, Proposal report, Stakeholder report data"
aer_layout_change/c9af945423,aer_layout_change,ausnet,2024-25,,,,aer-stakeholder-report-ausnet-2024-25,,,,"per-distributor layout: 'Tariff schedule 1' metering, 'Tariff schedule 3' prices in four basis sections, code column E; sheets Tariff schedule, Stakeholder report, Proposal report, Stakeholder report data"
aer_layout_change/cab8216307,aer_layout_change,tasnetworks,2024-25,,,,aer-stakeholder-report-tasnetworks-2024-25,,,,"per-distributor layout: 'Tariff schedule 1' metering, 'Tariff schedule 3' prices in four basis sections, code column E; sheets Tariff schedule, Stakeholder report, Proposal report, Stakeholder report data"
aer_layout_change/d3aa096f0c,aer_layout_change,essential,2024-25,,,,aer-stakeholder-report-essential-2024-25,,,,"per-distributor layout: 'Tariff schedule 1' metering, 'Tariff schedule 3' prices in four basis sections, code column E; sheets Tariff schedule, Stakeholder report, Proposal report, Stakeholder report data"
aer_layout_change/df43263362,aer_layout_change,citipower,2024-25,,,,aer-stakeholder-report-citipower-2024-25,,,,"per-distributor layout: 'Tariff schedule 1' metering, 'Tariff schedule 3' prices in four basis sections, code column E; sheets Tariff schedule, Stakeholder report, Proposal report, Stakeholder report data"
aer_layout_change/e996029ad9,aer_layout_change,,2025-26,,,,aer-consolidated-2025-26-v5,,,,"consolidated layout: code column D labelled 'Tariff code', prices from column H; sheets Price movements, Tariff schedule, Ancillary Network Services, Labour Rates, Metering, Public Lighting"
aer_layout_change/fe5a5c806e,aer_layout_change,energex,2024-25,,,,aer-stakeholder-report-energex-2024-25,,,,"per-distributor layout: 'Tariff schedule 1' metering, 'Tariff schedule 3' prices in four basis sections, code column E; sheets Tariff schedule, Stakeholder report, Proposal report, Stakeholder report data"
aer_missing_tariff/022312c2fd,aer_missing_tariff,sapn,2025-26,sapn:SBTOUNE,sapn-2025-26-pricing-proposal-overview-14may2025/SBTOUNE,,sapn-2025-26-pricing-proposal-overview-14may2025,,,,Small Business Time of Use [Small & Medium Business - Small Business]
aer_missing_tariff/03f6d10f5b,aer_missing_tariff,sapn,2025-26,sapn:RTOUNE,sapn-2025-26-pricing-proposal-overview-14may2025/RTOUNE,,sapn-2025-26-pricing-proposal-overview-14may2025,,,,Residential Time of Use [Residential]
aer_missing_tariff/041efc540c,aer_missing_tariff,sapn,2026-27,sapn:STN161,sapn-tariff-price-list-2026-27-id338674/STN161,,sapn-tariff-price-list-2026-27-id338674,,,,Sub Transmission kVA Locational [Major Business Site Specific Tariffs - Major Business Sub Transmission Locational] flags: site_specific
aer_missing_tariff/052fd179ab,aer_missing_tariff,sapn,2025-26,sapn:LBAD422,sapn-2025-26-pricing-proposal-overview-14may2025/LBAD422,,sapn-2025-26-pricing-proposal-overview-14may2025,,,,Large LV Business Annual Demand [Large LV Business Site Specific] flags: site_specific
aer_missing_tariff/05ae77aea2,aer_missing_tariff,citipower,2026-27,citipower:CLLV3,citipower-tariff-summary-2026-27-07may2026/CLLV3,,citipower-tariff-summary-2026-27-07may2026,,,,Large low voltage 3
aer_missing_tariff/061bf9f690,aer_missing_tariff,evoenergy,2024-25,evoenergy:111,evoenergy-schedule-of-charges-2024-25-lfit-adjusted/111,,evoenergy-schedule-of-charges-2024-25-lfit-adjusted,,,,HV TOU Demand Network (closed) [High Voltage (HV) Commercial] flags: closed_to_new
aer_missing_tariff/0630007fad,aer_missing_tariff,ausgrid,2026-27,ausgrid:EA905,ausgrid-network-price-list-2026-27/EA905,,ausgrid-network-price-list-2026-27,,,,Flexible load (LV large) [Low Voltage] flags: trial
aer_missing_tariff/0642df8fa5,aer_missing_tariff,ausgrid,2024-25,ausgrid:EA965,ausgrid-network-price-list-2024-25-wayback20250806/EA965,,ausgrid-network-price-list-2024-25-wayback20250806,,,,Flexible load (secondary) [Low Voltage] flags: trial
aer_missing_tariff/06ec7f0fec,aer_missing_tariff,sapn,2026-27,sapn:ZSN438,sapn-tariff-price-list-2026-27-id338674/ZSN438,,sapn-tariff-price-list-2026-27-id338674,,,,Zone Substation kVA Locational [Major Business Site Specific Tariffs - Major Business Zone Substation Locational TUoS] flags: site_specific
aer_missing_tariff/072186a413,aer_missing_tariff,powercor,2024-25,powercor:LLV1,powercor-2024-25-tariff-summary-28mar2024/LLV1,,powercor-2024-25-tariff-summary-28mar2024,,,,Large low Voltage
aer_missing_tariff/075d364e7c,aer_missing_tariff,endeavour,2024-25,endeavour:NS39,endeavour-nuos-price-list-2024-25-v10/NS39,,endeavour-nuos-price-list-2024-25-v10,,,,"ST STOU Demand, Gen Net flags: closed_to_new, obsolete"
aer_missing_tariff/0795d0ef97,aer_missing_tariff,powercor,2024-25,powercor:HV2,powercor-2024-25-tariff-summary-28mar2024/HV2,,powercor-2024-25-tariff-summary-28mar2024,,,,High Voltage
aer_missing_tariff/07f4d29bad,aer_missing_tariff,ausnet,2024-25,ausnet:NSP94,ausnet-2024-25-schedule-of-tariffs-28mar2024/NSP94,,ausnet-2024-25-schedule-of-tariffs-28mar2024,,,,Sub transmission critical peak demand > 25 MVA & < 20 km from ts [Sub transmission]
aer_missing_tariff/090e397629,aer_missing_tariff,sapn,2026-27,sapn:STN609,sapn-tariff-price-list-2026-27-id338674/STN609,,sapn-tariff-price-list-2026-27-id338674,,,,Sub Transmission kVA Locational [Major Business Site Specific Tariffs - Major Business Sub Transmission Locational] flags: site_specific
aer_missing_tariff/0972a371d3,aer_missing_tariff,sapn,2026-27,sapn:RTOUNE,sapn-tariff-price-list-2026-27-id338674/RTOUNE,,sapn-tariff-price-list-2026-27-id338674,,,,Residential Time of Use [Residential]
aer_missing_tariff/0a52db14ea,aer_missing_tariff,sapn,2025-26,sapn:ZSS700,sapn-2025-26-pricing-proposal-overview-14may2025/ZSS700,,sapn-2025-26-pricing-proposal-overview-14may2025,,,,Zone Substation kVA non-Locational [Major Business Site Specific Tariffs - Major Business Zone Substation] flags: site_specific
aer_missing_tariff/0abdbe30fe,aer_missing_tariff,citipower,2026-27,citipower:EVCTOU,citipower-tariff-summary-2026-27-07may2026/EVCTOU,,citipower-tariff-summary-2026-27-07may2026,,,,Residential kerbside EV charger flags: trial
aer_missing_tariff/0aedf812d7,aer_missing_tariff,unitedenergy,2026-27,unitedenergy:HVKVATOU3,ue-tariff-summary-2026-27-07may2026/HVKVATOU 3,,ue-tariff-summary-2026-27-07may2026,,,,High voltage KVA time of use 3
aer_missing_tariff/0bc54d0b81,aer_missing_tariff,jemena,2026-27,jemena:A48C,jemena-network-tariff-schedule-2026-27/A48C,,jemena-network-tariff-schedule-2026-27,,,,HV CR - Annual Consumption ≥ 55 GWh [Large Business - HV]
aer_missing_tariff/0c17b57309,aer_missing_tariff,endeavour,2024-25,endeavour:NS90,endeavour-nuos-price-list-2024-25-v10/NS90,,endeavour-nuos-price-list-2024-25-v10,,,,"General Supply Block, Gen Net flags: closed_to_new, obsolete"
aer_missing_tariff/0edee09ccd,aer_missing_tariff,essential,2026-27,essential:BLNE25AU,essential-price-list-and-explanatory-notes-2026-27/BLNE25AU,,essential-price-list-and-explanatory-notes-2026-27,,,,"QLD Government Solar Bonus Scheme [Export Tariffs] flags: closed_to_new, obsolete, withdrawn"
aer_missing_tariff/0f0ec32aa0,aer_missing_tariff,unitedenergy,2024-25,unitedenergy:GT,unitedenergy-2024-25-tariff-summary-28mar2024/GT,,unitedenergy-2024-25-tariff-summary-28mar2024,,,,Generator storage flags: trial
aer_missing_tariff/0f7c93f0ba,aer_missing_tariff,sapn,2026-27,sapn:LBGFCBD,sapn-tariff-price-list-2026-27-id338674/LBGFCBD,,sapn-tariff-price-list-2026-27-id338674,,,,Large LV Business Generation Flexible [Generation Tariffs - Large LV Business] flags: site_specific
aer_missing_tariff/10462daea9,aer_missing_tariff,sapn,2025-26,sapn:LBAD305,sapn-2025-26-pricing-proposal-overview-14may2025/LBAD305,,sapn-2025-26-pricing-proposal-overview-14may2025,,,,Large LV Business Annual Demand [Large LV Business Site Specific] flags: site_specific
aer_missing_tariff/107e2957c6,aer_missing_tariff,powercor,2024-25,powercor:HV1,powercor-2024-25-tariff-summary-28mar2024/HV1,,powercor-2024-25-tariff-summary-28mar2024,,,,High Voltage
aer_missing_tariff/10a812d06b,aer_missing_tariff,sapn,2025-26,sapn:LBADFCBD,sapn-2025-26-pricing-proposal-overview-14may2025/LBADFCBD,,sapn-2025-26-pricing-proposal-overview-14may2025,,,,Large LV Business Agreed Demand Flexible [Large LV Business] flags: site_specific
aer_missing_tariff/111548ca9a,aer_missing_tariff,powercor,2024-25,powercor:PNDB,powercor-pricing-proposal-2024-25-28mar2024-wayback/PNDB,,powercor-pricing-proposal-2024-25-28mar2024-wayback,,,,Community battery time of use flags: trial
aer_missing_tariff/11493a7b0c,aer_missing_tariff,sapn,2025-26,sapn:RESELENE,sapn-2025-26-pricing-proposal-overview-14may2025/RESELENE,,sapn-2025-26-pricing-proposal-overview-14may2025,,,,Residential Electrify [Residential]
aer_missing_tariff/117f30186d,aer_missing_tariff,sapn,2026-27,sapn:STN378,sapn-tariff-price-list-2026-27-id338674/STN378,,sapn-tariff-price-list-2026-27-id338674,,,,Sub Transmission kVA Locational [Major Business Site Specific Tariffs - Major Business Sub Transmission Locational] flags: site_specific
aer_missing_tariff/1268d6ae53,aer_missing_tariff,sapn,2025-26,sapn:LBMDCBD,sapn-2025-26-pricing-proposal-overview-14may2025/LBMDCBD,,sapn-2025-26-pricing-proposal-overview-14may2025,,,,Large LV Business Monthly Demand [Large LV Business] flags: site_specific
aer_missing_tariff/132a19dc27,aer_missing_tariff,ausnet,2024-25,ausnet:NSP78T,ausnet-annual-pricing-proposal-2024-25/NSP78T,,ausnet-annual-pricing-proposal-2024-25,,,,CPD+ (tariff trial) [Tariff trial] flags: trial
aer_missing_tariff/135bb73839,aer_missing_tariff,sapn,2026-27,sapn:LBGCBD,sapn-tariff-price-list-2026-27-id338674/LBGCBD,,sapn-tariff-price-list-2026-27-id338674,,,,Large LV Business Generation [Generation Tariffs - Large LV Business] flags: site_specific
aer_missing_tariff/14ecf56d89,aer_missing_tariff,energex,2024-25,energex:92100,energex-network-price-list-2024-25-sch8-wayback/92100,,energex-network-price-list-2024-25-sch8-wayback,,,,CAC Dynamic Price Storage [Tariff Trials] flags: trial
aer_missing_tariff/15feff8caf,aer_missing_tariff,sapn,2026-27,sapn:STN788,sapn-tariff-price-list-2026-27-id338674/STN788,,sapn-tariff-price-list-2026-27-id338674,,,,Sub Transmission kVA Locational [Major Business Site Specific Tariffs - Major Business Sub Transmission Locational] flags: site_specific
aer_missing_tariff/168bda5f3e,aer_missing_tariff,powercor,2025-26,powercor:NDMO21,powercor-tariff-summary-2025-26-31mar2025-wayback/NDMO21,,powercor-tariff-summary-2025-26-31mar2025-wayback,,,,Medium Business Opt-out
aer_missing_tariff/16a00aaf78,aer_missing_tariff,sapn,2025-26,sapn:ZSS025,sapn-2025-26-pricing-proposal-overview-14may2025/ZSS025,,sapn-2025-26-pricing-proposal-overview-14may2025,,,,Zone Substation kVA non-Locational [Major Business Site Specific Tariffs - Major Business Zone Substation] flags: site_specific
aer_missing_tariff/16bfd244d7,aer_missing_tariff,jemena,2025-26,jemena:A480,jemena-network-tariff-schedule-2025-26/A480,,jemena-network-tariff-schedule-2025-26,,,,HV - Annual Consumption ≥ 55 GWh (Transitional) [Large Business - HV]
aer_missing_tariff/192a8c9061,aer_missing_tariff,ausgrid,2026-27,ausgrid:EA976,ausgrid-network-price-list-2026-27/EA976,,ausgrid-network-price-list-2026-27,,,,HV Dynamic Connection [High Voltage] flags: trial
aer_missing_tariff/1935055381,aer_missing_tariff,powercor,2026-27,powercor:ST2,powercor-tariff-summary-2026-27-07may2026/ST2,,powercor-tariff-summary-2026-27-07may2026,,,,Subtransmission
aer_missing_tariff/1954c44209,aer_missing_tariff,sapn,2025-26,sapn:ZSS376,sapn-2025-26-pricing-proposal-overview-14may2025/ZSS376,,sapn-2025-26-pricing-proposal-overview-14may2025,,,,Zone Substation kVA non-Locational [Major Business Site Specific Tariffs - Major Business Zone Substation] flags: site_specific
aer_missing_tariff/1a823c8d5c,aer_missing_tariff,citipower,2026-27,citipower:CLLV2,citipower-tariff-summary-2026-27-07may2026/CLLV2,,citipower-tariff-summary-2026-27-07may2026,,,,Large low voltage 2
aer_missing_tariff/1ba8f313b5,aer_missing_tariff,essential,2025-26,essential:BLNREX2,essential-price-list-and-explanatory-notes-2025-26/BLNREX2,,essential-price-list-and-explanatory-notes-2025-26,,,,LV Residential Solar Export [Export Tariffs]
aer_missing_tariff/1d1eb8e0c0,aer_missing_tariff,sapn,2026-27,sapn:LBADFCBD,sapn-tariff-price-list-2026-27-id338674/LBADFCBD,,sapn-tariff-price-list-2026-27-id338674,,,,Large LV Business Agreed Demand Flexible [Large LV Business] flags: site_specific
aer_missing_tariff/1d4098185c,aer_missing_tariff,ausnet,2026-27,ausnet:NAL84,ausnet-network-tariff-schedule-2026-27-20260515/NAL84,,ausnet-network-tariff-schedule-2026-27-20260515,,,,High voltage critical peak demand locational [High voltage]
aer_missing_tariff/1ded18d662,aer_missing_tariff,ergon,2025-26,ergon:EBIRRT1,ergon-network-price-list-2025-26-sch8-wayback/EBIRRT1,,ergon-network-price-list-2025-26-sch8-wayback,,,,Transitional Network ToU Energy Tariff 2 [Small Business (<100MWh pa)]
aer_missing_tariff/1df7262d5b,aer_missing_tariff,powercor,2024-25,powercor:ST2,powercor-2024-25-tariff-summary-28mar2024/ST2,,powercor-2024-25-tariff-summary-28mar2024,,,,Subtransmission
aer_missing_tariff/1ecfe63f5e,aer_missing_tariff,endeavour,2024-25,endeavour:NS70,endeavour-nuos-price-list-2024-25-v10/NS70,,endeavour-nuos-price-list-2024-25-v10,,,,"Residential Flat, Gen Net flags: closed_to_new, obsolete"
aer_missing_tariff/1fe5cf7218,aer_missing_tariff,citipower,2024-25,citipower:CRDS,citipower-pricing-proposal-2024-25-28mar2024-wayback/CRDS,,citipower-pricing-proposal-2024-25-28mar2024-wayback,,,,Residential daytime saver flags: trial
aer_missing_tariff/22ed9daa10,aer_missing_tariff,powercor,2024-25,powercor:LLVT1,powercor-2024-25-tariff-summary-28mar2024/LLVT1,,powercor-2024-25-tariff-summary-28mar2024,,,,Large low Voltage Transitional
aer_missing_tariff/2371b64e05,aer_missing_tariff,ausnet,2026-27,ausnet:NEE93,ausnet-network-tariff-schedule-2026-27-20260515/NEE93,,ausnet-network-tariff-schedule-2026-27-20260515,,,,Large Labtrobe Valley open cut supplies [Sub transmission] flags: closed_to_new
aer_missing_tariff/25c39721ea,aer_missing_tariff,endeavour,2024-25,endeavour:NFT0,endeavour-nuos-price-list-2024-25-v10/NFT0,,endeavour-nuos-price-list-2024-25-v10,,,,"Residential Flat, Gen Net DR meter flags: closed_to_new, obsolete"
aer_missing_tariff/25d94b56aa,aer_missing_tariff,ausnet,2024-25,ausnet:NSP82,ausnet-2024-25-schedule-of-tariffs-28mar2024/NSP82,,ausnet-2024-25-schedule-of-tariffs-28mar2024,,,,High voltage critical peak demand traction [High voltage]
aer_missing_tariff/2649c51ecd,aer_missing_tariff,powercor,2025-26,powercor:PNDB,powercor-tariff-summary-2025-26-31mar2025-wayback/PNDB,,powercor-tariff-summary-2025-26-31mar2025-wayback,,,,Community battery time of use flags: trial
aer_missing_tariff/26bb2b2fee,aer_missing_tariff,jemena,2024-25,jemena:A34T,jemena-2024-25-network-tariff-schedule-28mar2024/A34T,,jemena-2024-25-network-tariff-schedule-28mar2024,,,,LV MS_CR 2.2+ - 6.0 GWh (only available to customers currently on the A34M tariff) [Large Business - LV (Low Voltage Tariffs with nominal voltage < 1000 Volts)]
aer_missing_tariff/2932489d2c,aer_missing_tariff,energex,2025-26,energex:92200,energex-network-price-list-2025-26-sch8-wayback/92200,,energex-network-price-list-2025-26-sch8-wayback,,,,CAC Secondary Dynamic Price Storage [Secondary] flags: trial
aer_missing_tariff/2b815af7a4,aer_missing_tariff,powercor,2025-26,powercor:LLVT1,powercor-tariff-summary-2025-26-31mar2025-wayback/LLVT1,,powercor-tariff-summary-2025-26-31mar2025-wayback,,,,Large low Voltage Transitional
aer_missing_tariff/2cddf8da6d,aer_missing_tariff,jemena,2026-27,jemena:A50T,jemena-network-tariff-schedule-2026-27/A50T,,jemena-network-tariff-schedule-2026-27,,,,Subtransmission MA CR [Large Business - Subtransmission]
aer_missing_tariff/2da0edbbcb,aer_missing_tariff,powercor,2025-26,powercor:HVT2,powercor-tariff-summary-2025-26-31mar2025-wayback/HVT2,,powercor-tariff-summary-2025-26-31mar2025-wayback,,,,High Voltage Transitional
aer_missing_tariff/2dcb942cf6,aer_missing_tariff,sapn,2025-26,sapn:HVAD500CBD,sapn-2025-26-pricing-proposal-overview-14may2025/HVAD500CBD,,sapn-2025-26-pricing-proposal-overview-14may2025,,,,HV Business Annual Demand <500kVA [Large HV Business] flags: site_specific
aer_missing_tariff/2e4d9e03b5,aer_missing_tariff,sapn,2024-25,sapn:HVADFCBD,sapn-2024-25-annual-pricing-proposal-19apr2024/HVADFCBD,,sapn-2024-25-annual-pricing-proposal-19apr2024,,,,"HV Business Agreed Demand Flexible [Large HV Business - HV Business - Interval Meter Tariffs] flags: site_specific, trial"
aer_missing_tariff/2ebd4d487d,aer_missing_tariff,jemena,2024-25,jemena:A50X,jemena-2024-25-network-tariff-schedule-28mar2024/A50X,,jemena-2024-25-network-tariff-schedule-28mar2024,,,,Subtransmission EG CR [Large Business - Subtransmission]
aer_missing_tariff/2ef924ea52,aer_missing_tariff,powercor,2024-25,powercor:LLVT2,powercor-2024-25-tariff-summary-28mar2024/LLVT2,,powercor-2024-25-tariff-summary-28mar2024,,,,Large low Voltage Transitional
aer_missing_tariff/2fcc95c547,aer_missing_tariff,jemena,2024-25,jemena:A48C,jemena-2024-25-network-tariff-schedule-28mar2024/A48C,,jemena-2024-25-network-tariff-schedule-28mar2024,,,,HV CR - Annual Consumption ≥ 55 GWh (Transitional) [Large Business - HV]
aer_missing_tariff/30acf22ac9,aer_missing_tariff,jemena,2026-27,jemena:A34T,jemena-network-tariff-schedule-2026-27/A34T,,jemena-network-tariff-schedule-2026-27,,,,LV MS_CR 2.2+ - 6.0 GWh (closed to new entrants) [Large Business - LV (Low-voltage tariffs with nominal voltage < 1000 Volts)] flags: closed_to_new
aer_missing_tariff/30b3f9170b,aer_missing_tariff,unitedenergy,2026-27,unitedenergy:HVKVATOU1,ue-tariff-summary-2026-27-07may2026/HVKVATOU 1,,ue-tariff-summary-2026-27-07may2026,,,,High voltage KVA time of use 1
aer_missing_tariff/31cbc03195,aer_missing_tariff,citipower,2024-25,citipower:CLLV1,citipower-2024-25-tariff-summary-28mar2024/CLLV1,,citipower-2024-25-tariff-summary-28mar2024,,,,Large low Voltage
aer_missing_tariff/31e0ecfcb6,aer_missing_tariff,unitedenergy,2024-25,unitedenergy:URDS,unitedenergy-2024-25-tariff-summary-28mar2024/URDS,,unitedenergy-2024-25-tariff-summary-28mar2024,,,,Residential daytime saver flags: trial
aer_missing_tariff/31ea382130,aer_missing_tariff,sapn,2025-26,sapn:STR162,sapn-2025-26-pricing-proposal-overview-14may2025/STR162,,sapn-2025-26-pricing-proposal-overview-14may2025,,,,Sub Transmission kVA non-Locational [Major Business Site Specific Tariffs - Major Business Sub Transmission] flags: site_specific
aer_missing_tariff/320066d2dd,aer_missing_tariff,sapn,2025-26,sapn:ZSS550,sapn-2025-26-pricing-proposal-overview-14may2025/ZSS550,,sapn-2025-26-pricing-proposal-overview-14may2025,,,,Zone Substation kVA non-Locational [Major Business Site Specific Tariffs - Major Business Zone Substation] flags: site_specific
aer_missing_tariff/335ec7f006,aer_missing_tariff,endeavour,2024-25,endeavour:NG70,endeavour-nuos-price-list-2024-25-v10/NG70,,endeavour-nuos-price-list-2024-25-v10,,,,"Residential Flat, Gen Gross flags: closed_to_new, obsolete"
aer_missing_tariff/336c41b395,aer_missing_tariff,powercor,2026-27,powercor:HV1,powercor-tariff-summary-2026-27-07may2026/HV1,,powercor-tariff-summary-2026-27-07may2026,,,,High voltage 1
aer_missing_tariff/3501c842fe,aer_missing_tariff,sapn,2026-27,sapn:SBTOUNE,sapn-tariff-price-list-2026-27-id338674/SBTOUNE,,sapn-tariff-price-list-2026-27-id338674,,,,Small Business Time of Use [Small & Medium Business - Small Business]
aer_missing_tariff/351b4f6852,aer_missing_tariff,powercor,2024-25,powercor:HVT2,powercor-2024-25-tariff-summary-28mar2024/HVT2,,powercor-2024-25-tariff-summary-28mar2024,,,,High Voltage Transitional
aer_missing_tariff/3565f98f7f,aer_missing_tariff,sapn,2026-27,sapn:STR483,sapn-tariff-price-list-2026-27-id338674/STR483,,sapn-tariff-price-list-2026-27-id338674,,,,Sub Transmission kVA non-Locational [Major Business Site Specific Tariffs - Major Business Sub Transmission] flags: site_specific
aer_missing_tariff/35ddc9a46f,aer_missing_tariff,jemena,2024-25,jemena:A50E,jemena-2024-25-network-tariff-schedule-28mar2024/A50E,,jemena-2024-25-network-tariff-schedule-28mar2024,,,,Subtransmission EG (Transitional) [Large Business - Subtransmission]
aer_missing_tariff/368a7d8d86,aer_missing_tariff,endeavour,2025-26,endeavour:ENNW,endeavour-nuos-price-list-2025-26-v11/ENNW,,endeavour-nuos-price-list-2025-26-v11,,,,Nightwatch
aer_missing_tariff/3947e0acf8,aer_missing_tariff,powercor,2024-25,powercor:HV2A,powercor-pricing-proposal-2024-25-28mar2024-wayback/HV2A,,powercor-pricing-proposal-2024-25-28mar2024-wayback,,,,HV storage flags: trial
aer_missing_tariff/3bbddc5b39,aer_missing_tariff,sapn,2025-26,sapn:HVADCBD,sapn-2025-26-pricing-proposal-overview-14may2025/HVADCBD,,sapn-2025-26-pricing-proposal-overview-14may2025,,,,HV Business Annual Demand [Large HV Business] flags: site_specific
aer_missing_tariff/3bd1b57fd6,aer_missing_tariff,ausnet,2024-25,ausnet:NSP56T,ausnet-annual-pricing-proposal-2024-25/NSP56T,,ausnet-annual-pricing-proposal-2024-25,,,,CPD+ (tariff trial) [Tariff trial] flags: trial
aer_missing_tariff/3de878dbb8,aer_missing_tariff,ausnet,2024-25,ausnet:NSP95,ausnet-2024-25-schedule-of-tariffs-28mar2024/NSP95,,ausnet-2024-25-schedule-of-tariffs-28mar2024,,,,Sub transmission critical peak demand < 25 MVA & > 20 km from ts [Sub transmission]
aer_missing_tariff/3e7a5e1c39,aer_missing_tariff,ausgrid,2025-26,ausgrid:EA955,ausgrid-network-price-list-2025-26/EA955,,ausgrid-network-price-list-2025-26,,,,Local use of system trial - small business [Low Voltage] flags: trial
aer_missing_tariff/3e7fbe77d6,aer_missing_tariff,energex,2025-26,energex:92100,energex-network-price-list-2025-26-sch8-wayback/92100,,energex-network-price-list-2025-26-sch8-wayback,,,,CAC Dynamic Price Storage [Primary] flags: trial
aer_missing_tariff/3ea81c1d03,aer_missing_tariff,sapn,2026-27,sapn:RSRNE,sapn-tariff-price-list-2026-27-id338674/RSRNE,,sapn-tariff-price-list-2026-27-id338674,,,,Residential Single Rate [Residential]
aer_missing_tariff/3eaf9e23ce,aer_missing_tariff,citipower,2024-25,citipower:CLLV2,citipower-2024-25-tariff-summary-28mar2024/CLLV2,,citipower-2024-25-tariff-summary-28mar2024,,,,Large low Voltage
aer_missing_tariff/3f13922e1d,aer_missing_tariff,sapn,2026-27,sapn:STR749,sapn-tariff-price-list-2026-27-id338674/STR749,,sapn-tariff-price-list-2026-27-id338674,,,,Sub Transmission kVA non-Locational [Major Business Site Specific Tariffs - Major Business Sub Transmission] flags: site_specific
aer_missing_tariff/3f379a249b,aer_missing_tariff,sapn,2026-27,sapn:HVAD500CBD,sapn-tariff-price-list-2026-27-id338674/HVAD500CBD,,sapn-tariff-price-list-2026-27-id338674,,,,HV Business Annual Demand <500kVA [Large HV Business] flags: site_specific
aer_missing_tariff/3f47231b98,aer_missing_tariff,sapn,2025-26,sapn:ZSS104,sapn-2025-26-pricing-proposal-overview-14may2025/ZSS104,,sapn-2025-26-pricing-proposal-overview-14may2025,,,,Zone Substation kVA non-Locational [Major Business Site Specific Tariffs - Major Business Zone Substation] flags: site_specific
aer_missing_tariff/40d1eee93f,aer_missing_tariff,sapn,2025-26,sapn:ZSS296,sapn-2025-26-pricing-proposal-overview-14may2025/ZSS296,,sapn-2025-26-pricing-proposal-overview-14may2025,,,,Zone Substation kVA non-Locational [Major Business Site Specific Tariffs - Major Business Zone Substation] flags: site_specific
aer_missing_tariff/4216af84d5,aer_missing_tariff,sapn,2024-25,sapn:LBGFCBD,sapn-2024-25-annual-pricing-proposal-19apr2024/LBGFCBD,,sapn-2024-25-annual-pricing-proposal-19apr2024,,,,"Large LV Business Generation Flexible [Large LV Business >160 MWh pa - Large LV Business - Interval Meter Tariffs] flags: site_specific, trial"
aer_missing_tariff/42d62dfce6,aer_missing_tariff,citipower,2024-25,citipower:CHVT2,citipower-2024-25-tariff-summary-28mar2024/CHVT2,,citipower-2024-25-tariff-summary-28mar2024,,,,High Voltage Transitional
aer_missing_tariff/42d881779f,aer_missing_tariff,sapn,2025-26,sapn:LBAD977,sapn-2025-26-pricing-proposal-overview-14may2025/LBAD977,,sapn-2025-26-pricing-proposal-overview-14may2025,,,,Large LV Business Annual Demand [Large LV Business Site Specific] flags: site_specific
aer_missing_tariff/441bb0f695,aer_missing_tariff,citipower,2026-27,citipower:CHV1,citipower-tariff-summary-2026-27-07may2026/CHV1,,citipower-tariff-summary-2026-27-07may2026,,,,High voltage 1
aer_missing_tariff/44afdea229,aer_missing_tariff,powercor,2026-27,powercor:LLV3,powercor-tariff-summary-2026-27-07may2026/LLV3,,powercor-tariff-summary-2026-27-07may2026,,,,Large low voltage 3
aer_missing_tariff/4656de0f20,aer_missing_tariff,citipower,2024-25,citipower:CNDB,citipower-pricing-proposal-2024-25-28mar2024-wayback/CNDB,,citipower-pricing-proposal-2024-25-28mar2024-wayback,,,,Community battery time of use flags: trial
aer_missing_tariff/48533dc61a,aer_missing_tariff,jemena,2025-26,jemena:A40R,jemena-network-tariff-schedule-2025-26/A40R,,jemena-network-tariff-schedule-2025-26,,,,HV RF (closed to new entrants) (Transitional) [Large Business - HV] flags: closed_to_new
aer_missing_tariff/489510f23f,aer_missing_tariff,sapn,2025-26,sapn:LBADCBD,sapn-2025-26-pricing-proposal-overview-14may2025/LBADCBD,,sapn-2025-26-pricing-proposal-overview-14may2025,,,,Large LV Business Annual Demand [Large LV Business] flags: site_specific
aer_missing_tariff/4978c6aa6a,aer_missing_tariff,sapn,2025-26,sapn:ZSN021,sapn-2025-26-pricing-proposal-overview-14may2025/ZSN021,,sapn-2025-26-pricing-proposal-overview-14may2025,,,,Zone Substation kVA Locational [Major Business Site Specific Tariffs - Major Business Zone Substation Locational TUoS] flags: site_specific
aer_missing_tariff/4a53ccb1c6,aer_missing_tariff,endeavour,2024-25,endeavour:NG90,endeavour-nuos-price-list-2024-25-v10/NG90,,endeavour-nuos-price-list-2024-25-v10,,,,"General Supply Block, Gen Gross flags: closed_to_new, obsolete"
aer_missing_tariff/4aaf033365,aer_missing_tariff,sapn,2025-26,sapn:STR749,sapn-2025-26-pricing-proposal-overview-14may2025/STR749,,sapn-2025-26-pricing-proposal-overview-14may2025,,,,Sub Transmission kVA non-Locational [Major Business Site Specific Tariffs - Major Business Sub Transmission] flags: site_specific
aer_missing_tariff/4c90cff4a9,aer_missing_tariff,sapn,2025-26,sapn:HVMDCBD,sapn-2025-26-pricing-proposal-overview-14may2025/HVMDCBD,,sapn-2025-26-pricing-proposal-overview-14may2025,,,,HV Business Monthly Demand [Large HV Business] flags: site_specific
aer_missing_tariff/4d25454108,aer_missing_tariff,powercor,2025-26,powercor:HV1,powercor-tariff-summary-2025-26-31mar2025-wayback/HV1,,powercor-tariff-summary-2025-26-31mar2025-wayback,,,,High Voltage
aer_missing_tariff/4d8b349217,aer_missing_tariff,endeavour,2024-25,endeavour:NFTH,endeavour-nuos-price-list-2024-25-v10/NFTH,,endeavour-nuos-price-list-2024-25-v10,,,,"Residential Flat, Gen Gross DR meter flags: closed_to_new, obsolete"
aer_missing_tariff/4dd7da6f7f,aer_missing_tariff,essential,2024-25,essential:BLNE25AU,essential-2024-25-nuos-price-list-20may2024/BLNE25AU,,essential-2024-25-nuos-price-list-20may2024,,,,QLD Government Solar Bonus Scheme [Export Tariffs - Obsolete] flags: obsolete
aer_missing_tariff/4e1469f086,aer_missing_tariff,jemena,2025-26,jemena:A37C,jemena-network-tariff-schedule-2025-26/A37C,,jemena-network-tariff-schedule-2025-26,,,,LV CR 6.0+ GWh [Large Business - LV (Low Voltage Tariffs with nominal voltage < 1000 Volts)]
aer_missing_tariff/4e211b184f,aer_missing_tariff,unitedenergy,2024-25,unitedenergy:LVPTBB,unitedenergy-2024-25-tariff-summary-28mar2024/LVPTBB,,unitedenergy-2024-25-tariff-summary-28mar2024,,,,"Pole-top battery flags: closed_to_new, trial"
aer_missing_tariff/4f11f29a48,aer_missing_tariff,sapn,2026-27,sapn:HVBGFCBD,sapn-tariff-price-list-2026-27-id338674/HVBGFCBD,,sapn-tariff-price-list-2026-27-id338674,,,,HV Business Generation Flexible [Generation Tariffs - Large HV Business] flags: site_specific
aer_missing_tariff/4f3bb81b9b,aer_missing_tariff,jemena,2024-25,jemena:A34E,jemena-2024-25-network-tariff-schedule-28mar2024/A34E,,jemena-2024-25-network-tariff-schedule-28mar2024,,,,LV EN 2.2+ GWh (Transitional) [Large Business - LV (Low Voltage Tariffs with nominal voltage < 1000 Volts)]
aer_missing_tariff/4fa1203905,aer_missing_tariff,jemena,2026-27,jemena:A50X,jemena-network-tariff-schedule-2026-27/A50X,,jemena-network-tariff-schedule-2026-27,,,,Subtransmission EG CR [Large Business - Subtransmission]
aer_missing_tariff/4fb5ea59b1,aer_missing_tariff,sapn,2024-25,sapn:ZSN951,sapn-2024-25-annual-pricing-proposal-19apr2024/ZSN951,,sapn-2024-25-annual-pricing-proposal-19apr2024,,,,Zone Substation kVA Locational [Major Business - Site Specific Tariffs - Major Business Zone Substation Locational TUoS] flags: site_specific
aer_missing_tariff/502e35e48b,aer_missing_tariff,powercor,2024-25,powercor:LLV2,powercor-2024-25-tariff-summary-28mar2024/LLV2,,powercor-2024-25-tariff-summary-28mar2024,,,,Large low Voltage
aer_missing_tariff/5064aa9878,aer_missing_tariff,ausnet,2024-25,ausnet:NSSM01T,ausnet-annual-pricing-proposal-2024-25/NSSM01T,,ausnet-annual-pricing-proposal-2024-25,,,,Neighbourhood storage tariff (medium) (tariff trial) [Tariff trial] flags: trial
aer_missing_tariff/50d4ac540f,aer_missing_tariff,ausnet,2025-26,ausnet:NSP95,ausnet-network-tariff-schedule-2025-26/NSP95,,ausnet-network-tariff-schedule-2025-26,,,,Sub transmission critical peak demand < 25 MVA & > 20 km from ts [Sub transmission]
aer_missing_tariff/50fdb8449d,aer_missing_tariff,powercor,2025-26,powercor:HV2A,powercor-tariff-summary-2025-26-31mar2025-wayback/HV2A,,powercor-tariff-summary-2025-26-31mar2025-wayback,,,,HV storage flags: trial
aer_missing_tariff/5117ebcbe1,aer_missing_tariff,powercor,2025-26,powercor:PDBB,powercor-tariff-summary-2025-26-31mar2025-wayback/PDBB,,powercor-tariff-summary-2025-26-31mar2025-wayback,,,,Distributor-owned community battery flags: trial
aer_missing_tariff/513fa814c3,aer_missing_tariff,jemena,2024-25,jemena:A500,jemena-2024-25-network-tariff-schedule-28mar2024/A500,,jemena-2024-25-network-tariff-schedule-28mar2024,,,,Subtransmission (Transitional) [Large Business - Subtransmission]
aer_missing_tariff/51bbb04d82,aer_missing_tariff,endeavour,2024-25,endeavour:NFTE,endeavour-nuos-price-list-2024-25-v10/NFTE,,endeavour-nuos-price-list-2024-25-v10,,,,"General Supply Block, CL1, Gen Net flags: closed_to_new, obsolete"
aer_missing_tariff/52972f1ab0,aer_missing_tariff,unitedenergy,2024-25,unitedenergy:LVDBB,unitedenergy-2024-25-tariff-summary-28mar2024/LVDBB,,unitedenergy-2024-25-tariff-summary-28mar2024,,,,Distributor-owned community battery flags: trial
aer_missing_tariff/5299a374a9,aer_missing_tariff,sapn,2025-26,sapn:ZSN228,sapn-2025-26-pricing-proposal-overview-14may2025/ZSN228,,sapn-2025-26-pricing-proposal-overview-14may2025,,,,Zone Substation kVA Locational [Major Business Site Specific Tariffs - Major Business Zone Substation Locational TUoS] flags: site_specific
aer_missing_tariff/530b7e75eb,aer_missing_tariff,ausnet,2024-25,ausnet:NEE93,ausnet-2024-25-schedule-of-tariffs-28mar2024/NEE93,,ausnet-2024-25-schedule-of-tariffs-28mar2024,,,,Large Labtrobe Valley open cut supplies [Sub transmission] flags: closed_to_new
aer_missing_tariff/537b0a8f7a,aer_missing_tariff,ausnet,2025-26,ausnet:NSP91,ausnet-network-tariff-schedule-2025-26/NSP91,,ausnet-network-tariff-schedule-2025-26,,,,Sub transmission critical peak demand < 25 MVA & < 20 km from ts [Sub transmission]
aer_missing_tariff/5401133232,aer_missing_tariff,jemena,2025-26,jemena:A48C,jemena-network-tariff-schedule-2025-26/A48C,,jemena-network-tariff-schedule-2025-26,,,,HV CR - Annual Consumption ≥ 55 GWh (Transitional) [Large Business - HV]
aer_missing_tariff/564c1e9108,aer_missing_tariff,ergon,2026-27,ergon:WSLVDBT1,ergon-network-price-list-2026-27-sch8-wayback/WSLVDBT1,,ergon-network-price-list-2026-27-sch8-wayback,,,,Dynamic Business LV Tariff Trial [SAC] flags: trial
aer_missing_tariff/5652b8cdcd,aer_missing_tariff,sapn,2026-27,sapn:STN984,sapn-tariff-price-list-2026-27-id338674/STN984,,sapn-tariff-price-list-2026-27-id338674,,,,Sub Transmission kVA Locational [Major Business Site Specific Tariffs - Major Business Sub Transmission Locational] flags: site_specific
aer_missing_tariff/56c2e7a1bc,aer_missing_tariff,ausnet,2026-27,ausnet:NSP91,ausnet-network-tariff-schedule-2026-27-20260515/NSP91,,ausnet-network-tariff-schedule-2026-27-20260515,,,,Sub transmission critical peak demand < 25 MVA & < 20 km from ts [Sub transmission]
aer_missing_tariff/5759f6781a,aer_missing_tariff,jemena,2025-26,jemena:A50A,jemena-network-tariff-schedule-2025-26/A50A,,jemena-network-tariff-schedule-2025-26,,,,Subtransmission MA (Transitional) [Large Business - Subtransmission]
aer_missing_tariff/586a998247,aer_missing_tariff,ausnet,2025-26,ausnet:NSP94,ausnet-network-tariff-schedule-2025-26/NSP94,,ausnet-network-tariff-schedule-2025-26,,,,Sub transmission critical peak demand > 25 MVA & < 20 km from ts [Sub transmission]
aer_missing_tariff/5983235840,aer_missing_tariff,powercor,2025-26,powercor:HV2,powercor-tariff-summary-2025-26-31mar2025-wayback/HV2,,powercor-tariff-summary-2025-26-31mar2025-wayback,,,,High Voltage
aer_missing_tariff/5a0cf3b5fa,aer_missing_tariff,ausnet,2026-27,ausnet:NAL96,ausnet-network-tariff-schedule-2026-27-20260515/NAL96,,ausnet-network-tariff-schedule-2026-27-20260515,,,,Sub transmission critical peak demand locational [Sub transmission]
aer_missing_tariff/5b6ad809d4,aer_missing_tariff,sapn,2024-25,sapn:HVADCBD,sapn-2024-25-annual-pricing-proposal-19apr2024/HVADCBD,,sapn-2024-25-annual-pricing-proposal-19apr2024,,,,HV Business Annual Demand [Large HV Business - HV Business - Interval Meter Tariffs] flags: site_specific
aer_missing_tariff/5bd9c97ceb,aer_missing_tariff,jemena,2025-26,jemena:A50T,jemena-network-tariff-schedule-2025-26/A50T,,jemena-network-tariff-schedule-2025-26,,,,Subtransmission MA CR [Large Business - Subtransmission]
aer_missing_tariff/5dd041aa8a,aer_missing_tariff,sapn,2025-26,sapn:ZSS500,sapn-2025-26-pricing-proposal-overview-14may2025/ZSS500,,sapn-2025-26-pricing-proposal-overview-14may2025,,,,Zone Substation kVA non-Locational [Major Business Site Specific Tariffs - Major Business Zone Substation] flags: site_specific
aer_missing_tariff/5e35e9d063,aer_missing_tariff,sapn,2026-27,sapn:ZSS550,sapn-tariff-price-list-2026-27-id338674/ZSS550,,sapn-tariff-price-list-2026-27-id338674,,,,Zone Substation kVA non-Locational [Major Business Site Specific Tariffs - Major Business Zone Substation] flags: site_specific
aer_missing_tariff/5e88b375a0,aer_missing_tariff,citipower,2024-25,citipower:CHVT1,citipower-2024-25-tariff-summary-28mar2024/CHVT1,,citipower-2024-25-tariff-summary-28mar2024,,,,High Voltage Transitional
aer_missing_tariff/5fd06025b0,aer_missing_tariff,energex,2025-26,energex:94200,energex-network-price-list-2025-26-sch8-wayback/94200,,energex-network-price-list-2025-26-sch8-wayback,,,,SAC Secondary Dynamic Price Storage [Secondary] flags: trial
aer_missing_tariff/615edb1732,aer_missing_tariff,jemena,2024-25,jemena:A40T,jemena-2024-25-network-tariff-schedule-28mar2024/A40T,,jemena-2024-25-network-tariff-schedule-28mar2024,,,,HV RF_CR (only available to customers currently on the A40R tariff) [Large Business - HV]
aer_missing_tariff/632084ff3d,aer_missing_tariff,sapn,2024-25,sapn:HVBGCBD,sapn-2024-25-annual-pricing-proposal-19apr2024/HVBGCBD,,sapn-2024-25-annual-pricing-proposal-19apr2024,,,,HV Business Generation supply [Large HV Business - HV Business - Interval Meter Tariffs] flags: site_specific
aer_missing_tariff/638d115a3b,aer_missing_tariff,sapn,2025-26,sapn:BSRNE,sapn-2025-26-pricing-proposal-overview-14may2025/BSRNE,,sapn-2025-26-pricing-proposal-overview-14may2025,,,,Business Single Rate [Small & Medium Business - Small Business] flags: closed_to_new
aer_missing_tariff/64f4f9f236,aer_missing_tariff,endeavour,2024-25,endeavour:NFTA,endeavour-nuos-price-list-2024-25-v10/NFTA,,endeavour-nuos-price-list-2024-25-v10,,,,"General Supply Block, Gen Net flags: closed_to_new, obsolete"
aer_missing_tariff/6558fce647,aer_missing_tariff,powercor,2025-26,powercor:ST2,powercor-tariff-summary-2025-26-31mar2025-wayback/ST2,,powercor-tariff-summary-2025-26-31mar2025-wayback,,,,Subtransmission
aer_missing_tariff/65a50640f4,aer_missing_tariff,sapn,2026-27,sapn:STN528,sapn-tariff-price-list-2026-27-id338674/STN528,,sapn-tariff-price-list-2026-27-id338674,,,,Sub Transmission kVA Locational [Major Business Site Specific Tariffs - Major Business Sub Transmission Locational] flags: site_specific
aer_missing_tariff/661022757d,aer_missing_tariff,jemena,2025-26,jemena:A34T,jemena-network-tariff-schedule-2025-26/A34T,,jemena-network-tariff-schedule-2025-26,,,,LV MS_CR 2.2+ - 6.0 GWh (only available to customers currently on the A34M tariff) [Large Business - LV (Low Voltage Tariffs with nominal voltage < 1000 Volts)]
aer_missing_tariff/6729afc578,aer_missing_tariff,endeavour,2024-25,endeavour:NFTG,endeavour-nuos-price-list-2024-25-v10/NFTG,,endeavour-nuos-price-list-2024-25-v10,,,,"Residential Flat, Gen Gross DR meter flags: closed_to_new, obsolete"
aer_missing_tariff/677a0a2550,aer_missing_tariff,sapn,2026-27,sapn:HVADFCBD,sapn-tariff-price-list-2026-27-id338674/HVADFCBD,,sapn-tariff-price-list-2026-27-id338674,,,,HV Business Agreed Demand Flexible [Large HV Business] flags: site_specific
aer_missing_tariff/67af64de1f,aer_missing_tariff,sapn,2024-25,sapn:HVMDCBD,sapn-2024-25-annual-pricing-proposal-19apr2024/HVMDCBD,,sapn-2024-25-annual-pricing-proposal-19apr2024,,,,HV Business Monthly Peak Demand [Large HV Business - HV Business - Interval Meter Tariffs] flags: site_specific
aer_missing_tariff/67f8170d41,aer_missing_tariff,endeavour,2024-25,endeavour:NFTC,endeavour-nuos-price-list-2024-25-v10/NFTC,,endeavour-nuos-price-list-2024-25-v10,,,,"Residential Flat, CL1, Gen Net flags: closed_to_new, obsolete"
aer_missing_tariff/6816b74e70,aer_missing_tariff,ergon,2026-27,ergon:WCHVDBT1,ergon-network-price-list-2026-27-sch8-wayback/WCHVDBT1,,ergon-network-price-list-2026-27-sch8-wayback,,,,Dynamic Business HV Tariff Trial [CAC] flags: trial
aer_missing_tariff/69219c2910,aer_missing_tariff,citipower,2024-25,citipower:CHV1,citipower-2024-25-tariff-summary-28mar2024/CHV1,,citipower-2024-25-tariff-summary-28mar2024,,,,High Voltage
aer_missing_tariff/6968c33bdc,aer_missing_tariff,unitedenergy,2024-25,unitedenergy:HVKVATOU1,unitedenergy-2024-25-tariff-summary-28mar2024/HVKVATOU 1,,unitedenergy-2024-25-tariff-summary-28mar2024,,,,High voltage KVA time of use 1
aer_missing_tariff/6aec2eaa04,aer_missing_tariff,endeavour,2024-25,endeavour:NS19,endeavour-nuos-price-list-2024-25-v10/NS19,,endeavour-nuos-price-list-2024-25-v10,,,,"LV STOU Demand, Gen Net flags: closed_to_new, obsolete"
aer_missing_tariff/6b4cf5ada4,aer_missing_tariff,unitedenergy,2024-25,unitedenergy:LVNDBB,unitedenergy-2024-25-tariff-summary-28mar2024/LVNDBB,,unitedenergy-2024-25-tariff-summary-28mar2024,,,,Community battery time of use flags: trial
aer_missing_tariff/6b65eb2201,aer_missing_tariff,ergon,2025-26,ergon:ESPRCET1,ergon-network-price-list-2025-26-sch8-wayback/ESPRCET1,,ergon-network-price-list-2025-26-sch8-wayback,,,,SAC Dynamic Price Storage [Primary] flags: trial
aer_missing_tariff/6cb0879a25,aer_missing_tariff,sapn,2025-26,sapn:ZSS035,sapn-2025-26-pricing-proposal-overview-14may2025/ZSS035,,sapn-2025-26-pricing-proposal-overview-14may2025,,,,Zone Substation kVA non-Locational [Major Business Site Specific Tariffs - Major Business Zone Substation] flags: site_specific
aer_missing_tariff/6cb6388bbd,aer_missing_tariff,jemena,2025-26,jemena:A50X,jemena-network-tariff-schedule-2025-26/A50X,,jemena-network-tariff-schedule-2025-26,,,,Subtransmission EG CR [Large Business - Subtransmission]
aer_missing_tariff/6edbac6894,aer_missing_tariff,jemena,2025-26,jemena:A40E,jemena-network-tariff-schedule-2025-26/A40E,,jemena-network-tariff-schedule-2025-26,,,,HV EN (Transitional) [Large Business - HV]
aer_missing_tariff/70dbbcef5c,aer_missing_tariff,jemena,2026-27,jemena:A50M,jemena-network-tariff-schedule-2026-27/A50M,,jemena-network-tariff-schedule-2026-27,,,,Subtransmission - Multiple Connection CR [Large Business - Subtransmission]
aer_missing_tariff/70ff4a9ca2,aer_missing_tariff,sapn,2025-26,sapn:STN084,sapn-2025-26-pricing-proposal-overview-14may2025/STN084,,sapn-2025-26-pricing-proposal-overview-14may2025,,,,Sub Transmission kVA Locational [Major Business Site Specific Tariffs - Major Business Sub Transmission Locational] flags: site_specific
aer_missing_tariff/72a1990f83,aer_missing_tariff,citipower,2024-25,citipower:CDBB,citipower-pricing-proposal-2024-25-28mar2024-wayback/CDBB,,citipower-pricing-proposal-2024-25-28mar2024-wayback,,,,Distributor-owned community battery flags: trial
aer_missing_tariff/7314613189,aer_missing_tariff,sapn,2025-26,sapn:B2RNE,sapn-2025-26-pricing-proposal-overview-14may2025/B2RNE,,sapn-2025-26-pricing-proposal-overview-14may2025,,,,Business Two Rate [Small & Medium Business - Small Business] flags: closed_to_new
aer_missing_tariff/733b915158,aer_missing_tariff,jemena,2025-26,jemena:A50E,jemena-network-tariff-schedule-2025-26/A50E,,jemena-network-tariff-schedule-2025-26,,,,Subtransmission EG (Transitional) [Large Business - Subtransmission]
aer_missing_tariff/7342de0d92,aer_missing_tariff,sapn,2026-27,sapn:ZSN608,sapn-tariff-price-list-2026-27-id338674/ZSN608,,sapn-tariff-price-list-2026-27-id338674,,,,Zone Substation kVA Locational [Major Business Site Specific Tariffs - Major Business Zone Substation Locational TUoS] flags: site_specific
aer_missing_tariff/7355ecc9e5,aer_missing_tariff,ausgrid,2024-25,ausgrid:EA964,ausgrid-network-price-list-2024-25-wayback20250806/EA964,,ausgrid-network-price-list-2024-25-wayback20250806,,,,Flexible load (primary) [Low Voltage] flags: trial
aer_missing_tariff/7397d1cab4,aer_missing_tariff,ausgrid,2024-25,ausgrid:EA958,ausgrid-network-price-list-2024-25-wayback20250806/EA958,,ausgrid-network-price-list-2024-25-wayback20250806,,,,Super off-peak [Low Voltage] flags: trial
aer_missing_tariff/748bb28c7e,aer_missing_tariff,jemena,2024-25,jemena:A50C,jemena-2024-25-network-tariff-schedule-28mar2024/A50C,,jemena-2024-25-network-tariff-schedule-28mar2024,,,,Subtransmission CR [Large Business - Subtransmission]
aer_missing_tariff/751fcf601a,aer_missing_tariff,sapn,2025-26,sapn:HVBGFCBD,sapn-2025-26-pricing-proposal-overview-14may2025/HVBGFCBD,,sapn-2025-26-pricing-proposal-overview-14may2025,,,,HV Business Generation Flexible [Generation Tariffs - Large HV Business] flags: site_specific
aer_missing_tariff/760cf1d09a,aer_missing_tariff,energex,2025-26,energex:94100,energex-network-price-list-2025-26-sch8-wayback/94100,,energex-network-price-list-2025-26-sch8-wayback,,,,SAC Dynamic Price Storage [Primary] flags: trial
aer_missing_tariff/7653563e25,aer_missing_tariff,sapn,2026-27,sapn:HVMDCBD,sapn-tariff-price-list-2026-27-id338674/HVMDCBD,,sapn-tariff-price-list-2026-27-id338674,,,,HV Business Monthly Demand [Large HV Business] flags: site_specific
aer_missing_tariff/7706b24c27,aer_missing_tariff,jemena,2024-25,jemena:A50A,jemena-2024-25-network-tariff-schedule-28mar2024/A50A,,jemena-2024-25-network-tariff-schedule-28mar2024,,,,Subtransmission MA (Transitional) [Large Business - Subtransmission]
aer_missing_tariff/78fa8e70f7,aer_missing_tariff,ausnet,2026-27,ausnet:NSP82,ausnet-network-tariff-schedule-2026-27-20260515/NSP82,,ausnet-network-tariff-schedule-2026-27-20260515,,,,High voltage critical peak demand traction [High voltage]
aer_missing_tariff/7a6ace2ba4,aer_missing_tariff,ausnet,2024-25,ausnet:NSP75T,ausnet-annual-pricing-proposal-2024-25/NSP75T,,ausnet-annual-pricing-proposal-2024-25,,,,CPD+ (tariff trial) [Tariff trial] flags: trial
aer_missing_tariff/7a9340e697,aer_missing_tariff,sapn,2026-27,sapn:ZSS296,sapn-tariff-price-list-2026-27-id338674/ZSS296,,sapn-tariff-price-list-2026-27-id338674,,,,Zone Substation kVA non-Locational [Major Business Site Specific Tariffs - Major Business Zone Substation] flags: site_specific
aer_missing_tariff/7b096196c1,aer_missing_tariff,sapn,2025-26,sapn:LBAD342,sapn-2025-26-pricing-proposal-overview-14may2025/LBAD342,,sapn-2025-26-pricing-proposal-overview-14may2025,,,,Large LV Business Annual Demand [Large LV Business Site Specific] flags: site_specific
aer_missing_tariff/7b14010f05,aer_missing_tariff,sapn,2026-27,sapn:LBAD342,sapn-tariff-price-list-2026-27-id338674/LBAD342,,sapn-tariff-price-list-2026-27-id338674,,,,Large LV Business Annual Demand [Large LV Business Site Specific] flags: site_specific
aer_missing_tariff/7b72b68dce,aer_missing_tariff,ausnet,2024-25,ausnet:UESH01T,ausnet-annual-pricing-proposal-2024-25/UESH01T,,ausnet-annual-pricing-proposal-2024-25,,,,Utility energy storge system (HV) (tariff trial) [Tariff trial] flags: trial
aer_missing_tariff/7c37c478e7,aer_missing_tariff,energex,2026-27,energex:92500,energex-network-price-list-2026-27-sch8-wayback/92500,,energex-network-price-list-2026-27-sch8-wayback,,,,Dynamic Business HV Tariff Trial [CAC] flags: trial
aer_missing_tariff/7cba7fb90d,aer_missing_tariff,sapn,2026-27,sapn:ZSN021,sapn-tariff-price-list-2026-27-id338674/ZSN021,,sapn-tariff-price-list-2026-27-id338674,,,,Zone Substation kVA Locational [Major Business Site Specific Tariffs - Major Business Zone Substation Locational TUoS] flags: site_specific
aer_missing_tariff/7cbec45834,aer_missing_tariff,sapn,2025-26,sapn:STN609,sapn-2025-26-pricing-proposal-overview-14may2025/STN609,,sapn-2025-26-pricing-proposal-overview-14may2025,,,,Sub Transmission kVA Locational [Major Business Site Specific Tariffs - Major Business Sub Transmission Locational] flags: site_specific
aer_missing_tariff/7d1f5c71eb,aer_missing_tariff,powercor,2026-27,powercor:LLV2,powercor-tariff-summary-2026-27-07may2026/LLV2,,powercor-tariff-summary-2026-27-07may2026,,,,Large low voltage 2
aer_missing_tariff/7e92e7687f,aer_missing_tariff,ergon,2025-26,ergon:ESCPRCET1,ergon-network-price-list-2025-26-sch8-wayback/ESCPRCET1,,ergon-network-price-list-2025-26-sch8-wayback,,,,CAC Secondary Dynamic Price Storage [Secondary] flags: trial
aer_missing_tariff/7ec9fcc5ba,aer_missing_tariff,ausnet,2024-25,ausnet:UESS01T,ausnet-annual-pricing-proposal-2024-25/UESS01T,,ausnet-annual-pricing-proposal-2024-25,,,,Utility energy storge system (Sub-Tx) (tariff trial) [Tariff trial] flags: trial
aer_missing_tariff/7ef18e9fe1,aer_missing_tariff,sapn,2026-27,sapn:HVAD381,sapn-tariff-price-list-2026-27-id338674/HVAD381,,sapn-tariff-price-list-2026-27-id338674,,,,HV Business Annual Demand [Large HV Business Site Specific] flags: site_specific
aer_missing_tariff/81280cb576,aer_missing_tariff,jemena,2025-26,jemena:A500,jemena-network-tariff-schedule-2025-26/A500,,jemena-network-tariff-schedule-2025-26,,,,Subtransmission (Transitional) [Large Business - Subtransmission]
aer_missing_tariff/8136ebc524,aer_missing_tariff,ausnet,2024-25,ausnet:NSP76T,ausnet-annual-pricing-proposal-2024-25/NSP76T,,ausnet-annual-pricing-proposal-2024-25,,,,CPD+ (tariff trial) [Tariff trial] flags: trial
aer_missing_tariff/81f558e3c2,aer_missing_tariff,sapn,2026-27,sapn:LBMD979,sapn-tariff-price-list-2026-27-id338674/LBMD979,,sapn-tariff-price-list-2026-27-id338674,,,,Large LV Business Monthly Peak Demand [Large LV Business Site Specific] flags: site_specific
aer_missing_tariff/81f94fc254,aer_missing_tariff,endeavour,2024-25,endeavour:NC02,endeavour-nuos-price-list-2024-25-v10/NC02,,endeavour-nuos-price-list-2024-25-v10,,,,"Residential Flat, Controlled Load 2 flags: closed_to_new, obsolete"
aer_missing_tariff/82317463f9,aer_missing_tariff,unitedenergy,2024-25,unitedenergy:LVKVATOU2,unitedenergy-2024-25-tariff-summary-28mar2024/LVKVATOU 2,,unitedenergy-2024-25-tariff-summary-28mar2024,,,,Low voltage large KVA time of use 2
aer_missing_tariff/82d1a5e399,aer_missing_tariff,sapn,2025-26,sapn:STN018,sapn-2025-26-pricing-proposal-overview-14may2025/STN018,,sapn-2025-26-pricing-proposal-overview-14may2025,,,,Sub Transmission kVA Locational [Major Business Site Specific Tariffs - Major Business Sub Transmission Locational] flags: site_specific
aer_missing_tariff/83c2ce2c09,aer_missing_tariff,unitedenergy,2026-27,unitedenergy:LVKVATOU2,ue-tariff-summary-2026-27-07may2026/LVKVATOU 2,,ue-tariff-summary-2026-27-07may2026,,,,Low voltage large KVA time of use 2
aer_missing_tariff/8574650706,aer_missing_tariff,ausgrid,2026-27,ausgrid:EA975,ausgrid-network-price-list-2026-27/EA975,,ausgrid-network-price-list-2026-27,,,,Residential Dynamic Tariff (generation) [Low Voltage] flags: trial
aer_missing_tariff/86610b8fe3,aer_missing_tariff,powercor,2025-26,powercor:PRDS,powercor-tariff-summary-2025-26-31mar2025-wayback/PRDS,,powercor-tariff-summary-2025-26-31mar2025-wayback,,,,Residential daytime saver flags: trial
aer_missing_tariff/871cb3a63c,aer_missing_tariff,unitedenergy,2026-27,unitedenergy:HVKVATOU2,ue-tariff-summary-2026-27-07may2026/HVKVATOU 2,,ue-tariff-summary-2026-27-07may2026,,,,High voltage KVA time of use 2
aer_missing_tariff/8896b5baa4,aer_missing_tariff,ausgrid,2024-25,ausgrid:EA957,ausgrid-network-price-list-2024-25-wayback20250806/EA957,,ausgrid-network-price-list-2024-25-wayback20250806,,,,SAPS [Low Voltage] flags: trial
aer_missing_tariff/8a14fcdb72,aer_missing_tariff,energex,2026-27,energex:96200,energex-network-price-list-2026-27-sch8-wayback/96200,,energex-network-price-list-2026-27-sch8-wayback,,,,Residential Two-Way Tariff Trial [SAC] flags: trial
aer_missing_tariff/8a78914aa7,aer_missing_tariff,ausnet,2026-27,ausnet:NSP94,ausnet-network-tariff-schedule-2026-27-20260515/NSP94,,ausnet-network-tariff-schedule-2026-27-20260515,,,,Sub transmission critical peak demand > 25 MVA & < 20 km from ts [Sub transmission]
aer_missing_tariff/8aa972a53f,aer_missing_tariff,ausnet,2024-25,ausnet:NSP79T,ausnet-annual-pricing-proposal-2024-25/NSP79T,,ausnet-annual-pricing-proposal-2024-25,,,,CPD Flex (tariff trial) [Tariff trial] flags: trial
aer_missing_tariff/8b126d39c9,aer_missing_tariff,jemena,2024-25,jemena:A40R,jemena-2024-25-network-tariff-schedule-28mar2024/A40R,,jemena-2024-25-network-tariff-schedule-28mar2024,,,,HV RF (closed to new entrants) (Transitional) [Large Business - HV] flags: closed_to_new
aer_missing_tariff/8bb85a536e,aer_missing_tariff,jemena,2026-27,jemena:A50C,jemena-network-tariff-schedule-2026-27/A50C,,jemena-network-tariff-schedule-2026-27,,,,Subtransmission CR [Large Business - Subtransmission]
aer_missing_tariff/8c21bfeda7,aer_missing_tariff,powercor,2025-26,powercor:HVT1,powercor-tariff-summary-2025-26-31mar2025-wayback/HVT1,,powercor-tariff-summary-2025-26-31mar2025-wayback,,,,High Voltage Transitional
aer_missing_tariff/8cc25bc653,aer_missing_tariff,sapn,2025-26,sapn:HVBGCBD,sapn-2025-26-pricing-proposal-overview-14may2025/HVBGCBD,,sapn-2025-26-pricing-proposal-overview-14may2025,,,,HV Business Generation [Generation Tariffs - Large HV Business] flags: site_specific
aer_missing_tariff/8e7cba6e74,aer_missing_tariff,ausgrid,2026-27,ausgrid:EA974,ausgrid-network-price-list-2026-27/EA974,,ausgrid-network-price-list-2026-27,,,,Residential Dynamic Tariff (load) [Low Voltage] flags: trial
aer_missing_tariff/8f024468d3,aer_missing_tariff,citipower,2024-25,citipower:GT,citipower-pricing-proposal-2024-25-28mar2024-wayback/GT,,citipower-pricing-proposal-2024-25-28mar2024-wayback,,,,Generator storage flags: trial
aer_missing_tariff/8f5f715a9c,aer_missing_tariff,citipower,2024-25,citipower:CHV2,citipower-2024-25-tariff-summary-28mar2024/CHV2,,citipower-2024-25-tariff-summary-28mar2024,,,,High Voltage
aer_missing_tariff/9122dcd0a9,aer_missing_tariff,jemena,2024-25,jemena:F300,jemena-2024-25-network-tariff-schedule-28mar2024/F300,,jemena-2024-25-network-tariff-schedule-28mar2024,,,,LV 0.4 - 0.8 GWh (Transitional) [Large Business - LV (Low Voltage Tariffs with nominal voltage < 1000 Volts)]
aer_missing_tariff/943540e528,aer_missing_tariff,jemena,2024-25,jemena:A34M,jemena-2024-25-network-tariff-schedule-28mar2024/A34M,,jemena-2024-25-network-tariff-schedule-28mar2024,,,,LV MS 2.2+ - 6.0 GWh (closed to new entrants) (Transitional) [Large Business - LV (Low Voltage Tariffs with nominal voltage < 1000 Volts)] flags: closed_to_new
aer_missing_tariff/947f94b807,aer_missing_tariff,sapn,2026-27,sapn:STR610,sapn-tariff-price-list-2026-27-id338674/STR610,,sapn-tariff-price-list-2026-27-id338674,,,,Sub Transmission kVA non-Locational [Major Business Site Specific Tariffs - Major Business Sub Transmission] flags: site_specific
aer_missing_tariff/962a603584,aer_missing_tariff,jemena,2024-25,jemena:A50T,jemena-2024-25-network-tariff-schedule-28mar2024/A50T,,jemena-2024-25-network-tariff-schedule-28mar2024,,,,Subtransmission MA CR [Large Business - Subtransmission]
aer_missing_tariff/978e9a95a8,aer_missing_tariff,sapn,2024-25,sapn:HVAD500CBD,sapn-2024-25-annual-pricing-proposal-19apr2024/HVAD500CBD,,sapn-2024-25-annual-pricing-proposal-19apr2024,,,,HV Business Annual Demand <500kVA [Large HV Business - HV Business - Interval Meter Tariffs] flags: site_specific
aer_missing_tariff/990e4ffd81,aer_missing_tariff,powercor,2025-26,powercor:LLVT2,powercor-tariff-summary-2025-26-31mar2025-wayback/LLVT2,,powercor-tariff-summary-2025-26-31mar2025-wayback,,,,Large low Voltage Transitional
aer_missing_tariff/99ef517e29,aer_missing_tariff,sapn,2025-26,sapn:RSRNE,sapn-2025-26-pricing-proposal-overview-14may2025/RSRNE,,sapn-2025-26-pricing-proposal-overview-14may2025,,,,Residential Single Rate [Residential] flags: closed_to_new
aer_missing_tariff/9a8d4e20b5,aer_missing_tariff,sapn,2026-27,sapn:LBAD977,sapn-tariff-price-list-2026-27-id338674/LBAD977,,sapn-tariff-price-list-2026-27-id338674,,,,Large LV Business Annual Demand [Large LV Business Site Specific] flags: site_specific
aer_missing_tariff/9ab7b494b3,aer_missing_tariff,powercor,2024-25,powercor:PRDS,powercor-pricing-proposal-2024-25-28mar2024-wayback/PRDS,,powercor-pricing-proposal-2024-25-28mar2024-wayback,,,,Residential daytime saver flags: trial
aer_missing_tariff/9b32988022,aer_missing_tariff,ausgrid,2026-27,ausgrid:EA965,ausgrid-network-price-list-2026-27/EA965,,ausgrid-network-price-list-2026-27,,,,Flexible load (secondary) [Low Voltage] flags: trial
aer_missing_tariff/9bd037e469,aer_missing_tariff,unitedenergy,2024-25,unitedenergy:LVKVATOU1,unitedenergy-2024-25-tariff-summary-28mar2024/LVKVATOU 1,,unitedenergy-2024-25-tariff-summary-28mar2024,,,,Low voltage large KVA time of use 1
aer_missing_tariff/9cbe1538ed,aer_missing_tariff,unitedenergy,2026-27,unitedenergy:LVKVATOU1,ue-tariff-summary-2026-27-07may2026/LVKVATOU 1,,ue-tariff-summary-2026-27-07may2026,,,,Low voltage large KVA time of use 1
aer_missing_tariff/9e60ff5eb9,aer_missing_tariff,sapn,2026-27,sapn:LBADCBD,sapn-tariff-price-list-2026-27-id338674/LBADCBD,,sapn-tariff-price-list-2026-27-id338674,,,,Large LV Business Annual Demand [Large LV Business] flags: site_specific
aer_missing_tariff/9f25f0cab8,aer_missing_tariff,ergon,2026-27,ergon:ESLVDBT1,ergon-network-price-list-2026-27-sch8-wayback/ESLVDBT1,,ergon-network-price-list-2026-27-sch8-wayback,,,,Dynamic Business LV Tariff Trial [SAC] flags: trial
aer_missing_tariff/a013fe49fa,aer_missing_tariff,jemena,2024-25,jemena:A37C,jemena-2024-25-network-tariff-schedule-28mar2024/A37C,,jemena-2024-25-network-tariff-schedule-28mar2024,,,,LV CR 6.0+ GWh [Large Business - LV (Low Voltage Tariffs with nominal voltage < 1000 Volts)]
aer_missing_tariff/a016245620,aer_missing_tariff,ergon,2024-25,ergon:ELFLEXT1,ergon-network-price-list-2024-25-sch8-wayback/ELFLEXT1,,ergon-network-price-list-2024-25-sch8-wayback,,,,Large Dynamic Flex Storage [Low Voltage] flags: trial
aer_missing_tariff/a33f5fc43a,aer_missing_tariff,endeavour,2024-25,endeavour:NC03,endeavour-nuos-price-list-2024-25-v10/NC03,,endeavour-nuos-price-list-2024-25-v10,,,,"General Supply Block, Controlled Load 1 flags: closed_to_new, obsolete"
aer_missing_tariff/a45d918189,aer_missing_tariff,ergon,2025-26,ergon:EBFRMT1,ergon-network-price-list-2025-26-sch8-wayback/EBFRMT1,,ergon-network-price-list-2025-26-sch8-wayback,,,,Transitional Network ToU Energy Tariff 1 [Small Business (<100MWh pa)]
aer_missing_tariff/a47cbfa561,aer_missing_tariff,sapn,2025-26,sapn:ZSN408,sapn-2025-26-pricing-proposal-overview-14may2025/ZSN408,,sapn-2025-26-pricing-proposal-overview-14may2025,,,,Zone Substation kVA Locational [Major Business Site Specific Tariffs - Major Business Zone Substation Locational TUoS] flags: site_specific
aer_missing_tariff/a51477cbba,aer_missing_tariff,ausgrid,2025-26,ausgrid:EA964,ausgrid-network-price-list-2025-26/EA964,,ausgrid-network-price-list-2025-26,,,,Flexible load (primary) [Low Voltage] flags: trial
aer_missing_tariff/a975b183ba,aer_missing_tariff,energex,2024-25,energex:94000,energex-network-price-list-2024-25-sch8-wayback/94000,,energex-network-price-list-2024-25-sch8-wayback,,,,Large Dynamic Flex Storage [Tariff Trials] flags: trial
aer_missing_tariff/aa5be25de2,aer_missing_tariff,ausgrid,2026-27,ausgrid:EA955,ausgrid-network-price-list-2026-27/EA955,,ausgrid-network-price-list-2026-27,,,,Local use of system trial - small business [Low Voltage] flags: trial
aer_missing_tariff/aa7ec5ff04,aer_missing_tariff,powercor,2026-27,powercor:LLV1,powercor-tariff-summary-2026-27-07may2026/LLV1,,powercor-tariff-summary-2026-27-07may2026,,,,Large low voltage 1
aer_missing_tariff/ac65ecf8fb,aer_missing_tariff,sapn,2026-27,sapn:ZSN228,sapn-tariff-price-list-2026-27-id338674/ZSN228,,sapn-tariff-price-list-2026-27-id338674,,,,Zone Substation kVA Locational [Major Business Site Specific Tariffs - Major Business Zone Substation Locational TUoS] flags: site_specific
aer_missing_tariff/ad54c8f5da,aer_missing_tariff,sapn,2025-26,sapn:STN378,sapn-2025-26-pricing-proposal-overview-14may2025/STN378,,sapn-2025-26-pricing-proposal-overview-14may2025,,,,Sub Transmission kVA Locational [Major Business Site Specific Tariffs - Major Business Sub Transmission Locational] flags: site_specific
aer_missing_tariff/aeea728d94,aer_missing_tariff,sapn,2025-26,sapn:LBMD979,sapn-2025-26-pricing-proposal-overview-14may2025/LBMD979,,sapn-2025-26-pricing-proposal-overview-14may2025,,,,Large LV Business Monthly Peak Demand [Large LV Business Site Specific] flags: site_specific
aer_missing_tariff/af992efa02,aer_missing_tariff,sapn,2026-27,sapn:STN018,sapn-tariff-price-list-2026-27-id338674/STN018,,sapn-tariff-price-list-2026-27-id338674,,,,Sub Transmission kVA Locational [Major Business Site Specific Tariffs - Major Business Sub Transmission Locational] flags: site_specific
aer_missing_tariff/b03dae5f85,aer_missing_tariff,ergon,2024-25,ergon:TBAT3,ergon-2024-25-network-price-list-28mar2024/TBA T3/cac-dynamic-flex-storage,,ergon-2024-25-network-price-list-28mar2024,,,,CAC Dynamic Flex Storage [High Voltage] flags: trial
aer_missing_tariff/b0a66fc35a,aer_missing_tariff,sapn,2026-27,sapn:LBAD422,sapn-tariff-price-list-2026-27-id338674/LBAD422,,sapn-tariff-price-list-2026-27-id338674,,,,Large LV Business Annual Demand [Large LV Business Site Specific] flags: site_specific
aer_missing_tariff/b1d5f94112,aer_missing_tariff,sapn,2024-25,sapn:LBADFCBD,sapn-2024-25-annual-pricing-proposal-19apr2024/LBADFCBD,,sapn-2024-25-annual-pricing-proposal-19apr2024,,,,"Large LV Business Agreed Demand Flexible [Large LV Business >160 MWh pa - Large LV Business - Interval Meter Tariffs] flags: site_specific, trial"
aer_missing_tariff/b2605a05ef,aer_missing_tariff,jemena,2025-26,jemena:A50M,jemena-network-tariff-schedule-2025-26/A50M,,jemena-network-tariff-schedule-2025-26,,,,Subtransmission - Multiple Connection CR [Large Business - Subtransmission]
aer_missing_tariff/b46b5084e9,aer_missing_tariff,sapn,2024-25,sapn:ZSS850,sapn-2024-25-annual-pricing-proposal-19apr2024/ZSS850,,sapn-2024-25-annual-pricing-proposal-19apr2024,,,,Zone Substation kVA non-Locational [Major Business - Site Specific Tariffs - Major Business Zone Substation] flags: site_specific
aer_missing_tariff/b4b8029110,aer_missing_tariff,ausgrid,2025-26,ausgrid:EA956,ausgrid-network-price-list-2025-26/EA956,,ausgrid-network-price-list-2025-26,,,,Local use of system trial - residential [Low Voltage] flags: trial
aer_missing_tariff/b50e922664,aer_missing_tariff,ergon,2025-26,ergon:ESSPRCET1,ergon-network-price-list-2025-26-sch8-wayback/ESSPRCET1,,ergon-network-price-list-2025-26-sch8-wayback,,,,SAC Secondary Dynamic Price Storage [Secondary] flags: trial
aer_missing_tariff/b58dab9f17,aer_missing_tariff,jemena,2025-26,jemena:A34E,jemena-network-tariff-schedule-2025-26/A34E,,jemena-network-tariff-schedule-2025-26,,,,LV EN 2.2+ GWh (Transitional) [Large Business - LV (Low Voltage Tariffs with nominal voltage < 1000 Volts)]
aer_missing_tariff/b5ce488d7d,aer_missing_tariff,citipower,2024-25,citipower:CLLVT1,citipower-2024-25-tariff-summary-28mar2024/CLLVT1,,citipower-2024-25-tariff-summary-28mar2024,,,,Large low Voltage Transitional
aer_missing_tariff/b5e4144783,aer_missing_tariff,sapn,2024-25,sapn:HVBGFCBD,sapn-2024-25-annual-pricing-proposal-19apr2024/HVBGFCBD,,sapn-2024-25-annual-pricing-proposal-19apr2024,,,,"HV Business Generation Flexible [Large HV Business - HV Business - Interval Meter Tariffs] flags: site_specific, trial"
aer_missing_tariff/b5f5f52a5a,aer_missing_tariff,powercor,2024-25,powercor:HVT1,powercor-2024-25-tariff-summary-28mar2024/HVT1,,powercor-2024-25-tariff-summary-28mar2024,,,,High Voltage Transitional
aer_missing_tariff/b62272831e,aer_missing_tariff,sapn,2025-26,sapn:ZSS273,sapn-2025-26-pricing-proposal-overview-14may2025/ZSS273,,sapn-2025-26-pricing-proposal-overview-14may2025,,,,Zone Substation kVA non-Locational [Major Business Site Specific Tariffs - Major Business Zone Substation] flags: site_specific
aer_missing_tariff/b6684182eb,aer_missing_tariff,powercor,2024-25,powercor:GT,powercor-pricing-proposal-2024-25-28mar2024-wayback/GT,,powercor-pricing-proposal-2024-25-28mar2024-wayback,,,,Generator storage flags: trial
aer_missing_tariff/b69124579f,aer_missing_tariff,sapn,2025-26,sapn:SBELENE,sapn-2025-26-pricing-proposal-overview-14may2025/SBELENE,,sapn-2025-26-pricing-proposal-overview-14may2025,,,,Small Business Electrify [Small & Medium Business - Small Business]
aer_missing_tariff/b7c8f89694,aer_missing_tariff,ausgrid,2026-27,ausgrid:EA964,ausgrid-network-price-list-2026-27/EA964,,ausgrid-network-price-list-2026-27,,,,Flexible load (primary) [Low Voltage] flags: trial
aer_missing_tariff/b7e9d2566a,aer_missing_tariff,ausnet,2026-27,ausnet:NSP95,ausnet-network-tariff-schedule-2026-27-20260515/NSP95,,ausnet-network-tariff-schedule-2026-27-20260515,,,,Sub transmission critical peak demand < 25 MVA & > 20 km from ts [Sub transmission]
aer_missing_tariff/b7f90a5c22,aer_missing_tariff,sapn,2026-27,sapn:HVAD276,sapn-tariff-price-list-2026-27-id338674/HVAD276,,sapn-tariff-price-list-2026-27-id338674,,,,HV Business Annual Demand [Large HV Business Site Specific] flags: site_specific
aer_missing_tariff/b84d07ceea,aer_missing_tariff,sapn,2026-27,sapn:STN557,sapn-tariff-price-list-2026-27-id338674/STN557,,sapn-tariff-price-list-2026-27-id338674,,,,Sub Transmission kVA Locational [Major Business Site Specific Tariffs - Major Business Sub Transmission Locational] flags: site_specific
aer_missing_tariff/b96188db39,aer_missing_tariff,sapn,2025-26,sapn:ZSS951,sapn-2025-26-pricing-proposal-overview-14may2025/ZSS951,,sapn-2025-26-pricing-proposal-overview-14may2025,,,,Zone Substation kVA non-Locational [Major Business Site Specific Tariffs - Major Business Zone Substation] flags: site_specific
aer_missing_tariff/b996e54f65,aer_missing_tariff,powercor,2026-27,powercor:EVPTOU,powercor-tariff-summary-2026-27-07may2026/EVPTOU,,powercor-tariff-summary-2026-27-07may2026,,,,Residential kerbside EV charger flags: trial
aer_missing_tariff/bb54d4082f,aer_missing_tariff,jemena,2025-26,jemena:A40T,jemena-network-tariff-schedule-2025-26/A40T,,jemena-network-tariff-schedule-2025-26,,,,HV RF_CR (only available to customers currently on the A40R tariff) [Large Business - HV]
aer_missing_tariff/bb6f0ac21b,aer_missing_tariff,sapn,2025-26,sapn:STR610,sapn-2025-26-pricing-proposal-overview-14may2025/STR610,,sapn-2025-26-pricing-proposal-overview-14may2025,,,,Sub Transmission kVA non-Locational [Major Business Site Specific Tariffs - Major Business Sub Transmission] flags: site_specific
aer_missing_tariff/bc9572c848,aer_missing_tariff,citipower,2024-25,citipower:CLLVT2,citipower-2024-25-tariff-summary-28mar2024/CLLVT2,,citipower-2024-25-tariff-summary-28mar2024,,,,Large low Voltage Transitional
aer_missing_tariff/bd38613ede,aer_missing_tariff,evoenergy,2025-26,evoenergy:111,evoenergy-schedule-of-charges-2025-26-incl-lfit-may2025/111,,evoenergy-schedule-of-charges-2025-26-incl-lfit-may2025,,,,HV TOU Demand Network (closed) [HV commercial tariffs] flags: closed_to_new
aer_missing_tariff/bd6e7c41ac,aer_missing_tariff,evoenergy,2025-26,evoenergy:081,evoenergy-schedule-of-charges-2025-26-incl-lfit-may2025/081,,evoenergy-schedule-of-charges-2025-26-incl-lfit-may2025,,,,Streetlighting Network XMC* [LV commercial tariffs]
aer_missing_tariff/be41203731,aer_missing_tariff,ausgrid,2025-26,ausgrid:EA965,ausgrid-network-price-list-2025-26/EA965,,ausgrid-network-price-list-2025-26,,,,Flexible load (secondary) [Low Voltage] flags: trial
aer_missing_tariff/bebc80cf86,aer_missing_tariff,essential,2025-26,essential:BLNBEX1,essential-price-list-and-explanatory-notes-2025-26/BLNBEX1,,essential-price-list-and-explanatory-notes-2025-26,,,,LV Small Business Solar Export [Export Tariffs]
aer_missing_tariff/bedaba4b4f,aer_missing_tariff,powercor,2026-27,powercor:HV2,powercor-tariff-summary-2026-27-07may2026/HV2,,powercor-tariff-summary-2026-27-07may2026,,,,High voltage 2
aer_missing_tariff/bfd6ffdde9,aer_missing_tariff,jemena,2024-25,jemena:A50M,jemena-2024-25-network-tariff-schedule-28mar2024/A50M,,jemena-2024-25-network-tariff-schedule-28mar2024,,,,Subtransmission - Multiple Connection CR [Large Business - Subtransmission]
aer_missing_tariff/c1ccda1b39,aer_missing_tariff,sapn,2026-27,sapn:LBMDCBD,sapn-tariff-price-list-2026-27-id338674/LBMDCBD,,sapn-tariff-price-list-2026-27-id338674,,,,Large LV Business Monthly Demand [Large LV Business] flags: site_specific
aer_missing_tariff/c213f91f5d,aer_missing_tariff,powercor,2025-26,powercor:GT,powercor-tariff-summary-2025-26-31mar2025-wayback/GT,,powercor-tariff-summary-2025-26-31mar2025-wayback,,,,Generator storage flags: trial
aer_missing_tariff/c26a988c4a,aer_missing_tariff,endeavour,2024-25,endeavour:ENNW,endeavour-nuos-price-list-2024-25-v10/ENNW,,endeavour-nuos-price-list-2024-25-v10,,,,Nightwatch
aer_missing_tariff/c31b5c88fe,aer_missing_tariff,sapn,2025-26,sapn:ZSN608,sapn-2025-26-pricing-proposal-overview-14may2025/ZSN608,,sapn-2025-26-pricing-proposal-overview-14may2025,,,,Zone Substation kVA Locational [Major Business Site Specific Tariffs - Major Business Zone Substation Locational TUoS] flags: site_specific
aer_missing_tariff/c32967470d,aer_missing_tariff,evoenergy,2026-27,evoenergy:065,evoenergy-schedule-of-charges-2026-27-aer-approved-april2026/065,,evoenergy-schedule-of-charges-2026-27-aer-approved-april2026,,,,Flexible Controlled Load [Residential tariffs]
aer_missing_tariff/c3826777cc,aer_missing_tariff,sapn,2025-26,sapn:HVAD439,sapn-2025-26-pricing-proposal-overview-14may2025/HVAD439,,sapn-2025-26-pricing-proposal-overview-14may2025,,,,HV Business Annual Demand [Large HV Business Site Specific] flags: site_specific
aer_missing_tariff/c3d263ce4b,aer_missing_tariff,endeavour,2024-25,endeavour:NFTD,endeavour-nuos-price-list-2024-25-v10/NFTD,,endeavour-nuos-price-list-2024-25-v10,,,,"Residential Flat, CL2, Gen Net flags: closed_to_new, obsolete"
aer_missing_tariff/c3f51b0ccf,aer_missing_tariff,jemena,2024-25,jemena:A480,jemena-2024-25-network-tariff-schedule-28mar2024/A480,,jemena-2024-25-network-tariff-schedule-28mar2024,,,,HV - Annual Consumption ≥ 55 GWh (Transitional) [Large Business - HV]
aer_missing_tariff/c435c774bc,aer_missing_tariff,endeavour,2025-26,endeavour:ENTL,endeavour-nuos-price-list-2025-26-v11/ENTL,,endeavour-nuos-price-list-2025-26-v11,,,,Traffic Control Signal Lights
aer_missing_tariff/c4ff852976,aer_missing_tariff,essential,2026-27,essential:BLNREX2,essential-price-list-and-explanatory-notes-2026-27/BLNREX2,,essential-price-list-and-explanatory-notes-2026-27,,,,LV Residential Solar Export [Export Tariffs]
aer_missing_tariff/c54168bdac,aer_missing_tariff,endeavour,2024-25,endeavour:NFTB,endeavour-nuos-price-list-2024-25-v10/NFTB,,endeavour-nuos-price-list-2024-25-v10,,,,"General Supply Block, Gen Net flags: closed_to_new, obsolete"
aer_missing_tariff/c55d9a8eba,aer_missing_tariff,ausnet,2024-25,ausnet:NSP77T,ausnet-annual-pricing-proposal-2024-25/NSP77T,,ausnet-annual-pricing-proposal-2024-25,,,,CPD+ (tariff trial) [Tariff trial] flags: trial
aer_missing_tariff/c60863c589,aer_missing_tariff,sapn,2026-27,sapn:ZSS951,sapn-tariff-price-list-2026-27-id338674/ZSS951,,sapn-tariff-price-list-2026-27-id338674,,,,Zone Substation kVA non-Locational [Major Business Site Specific Tariffs - Major Business Zone Substation] flags: site_specific
aer_missing_tariff/c6ef501acd,aer_missing_tariff,ausnet,2024-25,ausnet:NAST16T,ausnet-annual-pricing-proposal-2024-25/NAST16T,,ausnet-annual-pricing-proposal-2024-25,,,,EV Dynamic (tariff trial) [Tariff trial] flags: trial
aer_missing_tariff/c7ed1a5f08,aer_missing_tariff,sapn,2026-27,sapn:ZSS104,sapn-tariff-price-list-2026-27-id338674/ZSS104,,sapn-tariff-price-list-2026-27-id338674,,,,Zone Substation kVA non-Locational [Major Business Site Specific Tariffs - Major Business Zone Substation] flags: site_specific
aer_missing_tariff/c9ff68f0cc,aer_missing_tariff,endeavour,2024-25,endeavour:NFT9,endeavour-nuos-price-list-2024-25-v10/NFT9,,endeavour-nuos-price-list-2024-25-v10,,,,"Residential Flat, Gen Net DR meter flags: closed_to_new, obsolete"
aer_missing_tariff/ca03cee333,aer_missing_tariff,citipower,2026-27,citipower:CLLV1,citipower-tariff-summary-2026-27-07may2026/CLLV1,,citipower-tariff-summary-2026-27-07may2026,,,,Large low voltage 1
aer_missing_tariff/ca2e5cd804,aer_missing_tariff,jemena,2024-25,jemena:A40E,jemena-2024-25-network-tariff-schedule-28mar2024/A40E,,jemena-2024-25-network-tariff-schedule-28mar2024,,,,HV EN (Transitional) [Large Business - HV]
aer_missing_tariff/ca65c0160e,aer_missing_tariff,energex,2024-25,energex:TBA6,energex-2024-25-network-price-list-28mar2024/TBA6,,energex-2024-25-network-price-list-28mar2024,,,,Large Dynamic Flex Storage [Tariff Trials] flags: trial
aer_missing_tariff/cb717620fd,aer_missing_tariff,essential,2025-26,essential:BLNE25AU,essential-price-list-and-explanatory-notes-2025-26/BLNE25AU,,essential-price-list-and-explanatory-notes-2025-26,,,,"QLD Government Solar Bonus Scheme [Export Tariffs] flags: closed_to_new, obsolete, withdrawn"
aer_missing_tariff/cba21cc605,aer_missing_tariff,evoenergy,2026-27,evoenergy:081,evoenergy-schedule-of-charges-2026-27-aer-approved-april2026/081,,evoenergy-schedule-of-charges-2026-27-aer-approved-april2026,,,,Streetlighting Network XMC* [LV commercial tariffs]
aer_missing_tariff/cbd9b732df,aer_missing_tariff,jemena,2025-26,jemena:A50C,jemena-network-tariff-schedule-2025-26/A50C,,jemena-network-tariff-schedule-2025-26,,,,Subtransmission CR [Large Business - Subtransmission]
aer_missing_tariff/cc86ef30d6,aer_missing_tariff,unitedenergy,2024-25,unitedenergy:HVKVATOU2,unitedenergy-2024-25-tariff-summary-28mar2024/HVKVATOU 2,,unitedenergy-2024-25-tariff-summary-28mar2024,,,,High voltage KVA time of use 2
aer_missing_tariff/cd3dbd615c,aer_missing_tariff,sapn,2025-26,sapn:STN788,sapn-2025-26-pricing-proposal-overview-14may2025/STN788,,sapn-2025-26-pricing-proposal-overview-14may2025,,,,Sub Transmission kVA Locational [Major Business Site Specific Tariffs - Major Business Sub Transmission Locational] flags: site_specific
aer_missing_tariff/ce3646ec5f,aer_missing_tariff,sapn,2025-26,sapn:MBTOUDNE,sapn-2025-26-pricing-proposal-overview-14may2025/MBTOUDNE,,sapn-2025-26-pricing-proposal-overview-14may2025,,,,Medium Business Time of Use Demand [Small & Medium Business - Medium Business]
aer_missing_tariff/cee04f9018,aer_missing_tariff,sapn,2025-26,sapn:STR148,sapn-2025-26-pricing-proposal-overview-14may2025/STR148,,sapn-2025-26-pricing-proposal-overview-14may2025,,,,Sub Transmission kVA non-Locational [Major Business Site Specific Tariffs - Major Business Sub Transmission] flags: site_specific
aer_missing_tariff/d095e65e87,aer_missing_tariff,unitedenergy,2026-27,unitedenergy:LVKVATOU3,ue-tariff-summary-2026-27-07may2026/LVKVATOU 3,,ue-tariff-summary-2026-27-07may2026,,,,Low voltage large KVA time of use 3
aer_missing_tariff/d0bc489b25,aer_missing_tariff,essential,2025-26,essential:BLNE24AU,essential-price-list-and-explanatory-notes-2025-26/BLNE24AU,,essential-price-list-and-explanatory-notes-2025-26,,,,"QLD Government Solar Bonus Scheme [Export Tariffs] flags: closed_to_new, obsolete, withdrawn"
aer_missing_tariff/d0f8030fc3,aer_missing_tariff,essential,2024-25,essential:BLNE24AU,essential-2024-25-nuos-price-list-20may2024/BLNE24AU,,essential-2024-25-nuos-price-list-20may2024,,,,QLD Government Solar Bonus Scheme [Export Tariffs - Obsolete] flags: obsolete
aer_missing_tariff/d14b044c94,aer_missing_tariff,ausgrid,2024-25,ausgrid:EA956,ausgrid-network-price-list-2024-25-wayback20250806/EA956,,ausgrid-network-price-list-2024-25-wayback20250806,,,,Local use of system [Low Voltage] flags: trial
aer_missing_tariff/d36f894a1f,aer_missing_tariff,sapn,2025-26,sapn:HVAD276,sapn-2025-26-pricing-proposal-overview-14may2025/HVAD276,,sapn-2025-26-pricing-proposal-overview-14may2025,,,,HV Business Annual Demand [Large HV Business Site Specific] flags: site_specific
aer_missing_tariff/d397ae581c,aer_missing_tariff,energex,2026-27,energex:94500,energex-network-price-list-2026-27-sch8-wayback/94500,,energex-network-price-list-2026-27-sch8-wayback,,,,Dynamic Business LV Tariff Trial [SAC] flags: trial
aer_missing_tariff/d3ea67152c,aer_missing_tariff,sapn,2025-26,sapn:ZSS196,sapn-2025-26-pricing-proposal-overview-14may2025/ZSS196,,sapn-2025-26-pricing-proposal-overview-14may2025,,,,Zone Substation kVA non-Locational [Major Business Site Specific Tariffs - Major Business Zone Substation] flags: site_specific
aer_missing_tariff/d503239d4c,aer_missing_tariff,sapn,2026-27,sapn:ZSN024,sapn-tariff-price-list-2026-27-id338674/ZSN024,,sapn-tariff-price-list-2026-27-id338674,,,,Zone Substation kVA Locational [Major Business Site Specific Tariffs - Major Business Zone Substation Locational TUoS] flags: site_specific
aer_missing_tariff/d5327e260e,aer_missing_tariff,sapn,2024-25,sapn:LBMDCBD,sapn-2024-25-annual-pricing-proposal-19apr2024/LBMDCBD,,sapn-2024-25-annual-pricing-proposal-19apr2024,,,,Large LV Business Monthly Peak Demand [Large LV Business >160 MWh pa - Large LV Business - Interval Meter Tariffs] flags: site_specific
aer_missing_tariff/d62dc060a8,aer_missing_tariff,sapn,2026-27,sapn:STN084,sapn-tariff-price-list-2026-27-id338674/STN084,,sapn-tariff-price-list-2026-27-id338674,,,,Sub Transmission kVA Locational [Major Business Site Specific Tariffs - Major Business Sub Transmission Locational] flags: site_specific
aer_missing_tariff/d66378e19d,aer_missing_tariff,endeavour,2024-25,endeavour:ENSL,endeavour-nuos-price-list-2024-25-v10/ENSL,,endeavour-nuos-price-list-2024-25-v10,,,,Streetlighting
aer_missing_tariff/d6f70426b6,aer_missing_tariff,sapn,2026-27,sapn:MBTOUDNE,sapn-tariff-price-list-2026-27-id338674/MBTOUDNE,,sapn-tariff-price-list-2026-27-id338674,,,,Medium Business Time of Use Demand [Small & Medium Business - Medium Business]
aer_missing_tariff/d7ddbe3a95,aer_missing_tariff,sapn,2026-27,sapn:HVBGCBD,sapn-tariff-price-list-2026-27-id338674/HVBGCBD,,sapn-tariff-price-list-2026-27-id338674,,,,HV Business Generation [Generation Tariffs - Large HV Business] flags: site_specific
aer_missing_tariff/d7f9d46027,aer_missing_tariff,evoenergy,2024-25,evoenergy:081,evoenergy-schedule-of-charges-2024-25-lfit-adjusted/081,,evoenergy-schedule-of-charges-2024-25-lfit-adjusted,,,,Streetlighting Network XMC* [Low Voltage (LV) Commercial]
aer_missing_tariff/d807ae32c8,aer_missing_tariff,ausnet,2025-26,ausnet:NSP82,ausnet-network-tariff-schedule-2025-26/NSP82,,ausnet-network-tariff-schedule-2025-26,,,,High voltage critical peak demand traction [High voltage]
aer_missing_tariff/d81a9c6c51,aer_missing_tariff,sapn,2026-27,sapn:ZSN408,sapn-tariff-price-list-2026-27-id338674/ZSN408,,sapn-tariff-price-list-2026-27-id338674,,,,Zone Substation kVA Locational [Major Business Site Specific Tariffs - Major Business Zone Substation Locational TUoS] flags: site_specific
aer_missing_tariff/d87fb0ee15,aer_missing_tariff,sapn,2025-26,sapn:STN161,sapn-2025-26-pricing-proposal-overview-14may2025/STN161,,sapn-2025-26-pricing-proposal-overview-14may2025,,,,Sub Transmission kVA Locational [Major Business Site Specific Tariffs - Major Business Sub Transmission Locational] flags: site_specific
aer_missing_tariff/d8867a6f0b,aer_missing_tariff,sapn,2026-27,sapn:SBELENE,sapn-tariff-price-list-2026-27-id338674/SBELENE,,sapn-tariff-price-list-2026-27-id338674,,,,Small Business Electrify [Small & Medium Business - Small Business]
aer_missing_tariff/d8b8856db5,aer_missing_tariff,jemena,2025-26,jemena:A34M,jemena-network-tariff-schedule-2025-26/A34M,,jemena-network-tariff-schedule-2025-26,,,,LV MS 2.2+ - 6.0 GWh (closed to new entrants) (Transitional) [Large Business - LV (Low Voltage Tariffs with nominal voltage < 1000 Volts)] flags: closed_to_new
aer_missing_tariff/d99ccde10c,aer_missing_tariff,endeavour,2024-25,endeavour:NFTJ,endeavour-nuos-price-list-2024-25-v10/NFTJ,,endeavour-nuos-price-list-2024-25-v10,,,,"General Supply Block, Gen Gross DR meter flags: closed_to_new, obsolete"
aer_missing_tariff/d9b6ab77a8,aer_missing_tariff,citipower,2026-27,citipower:CHV2,citipower-tariff-summary-2026-27-07may2026/CHV2,,citipower-tariff-summary-2026-27-07may2026,,,,High voltage 2
aer_missing_tariff/daf21d8b4f,aer_missing_tariff,essential,2026-27,essential:BLNE24AU,essential-price-list-and-explanatory-notes-2026-27/BLNE24AU,,essential-price-list-and-explanatory-notes-2026-27,,,,"QLD Government Solar Bonus Scheme [Export Tariffs] flags: closed_to_new, obsolete, withdrawn"
aer_missing_tariff/db210c3b98,aer_missing_tariff,ergon,2026-27,ergon:ECHVDBT1,ergon-network-price-list-2026-27-sch8-wayback/ECHVDBT1,,ergon-network-price-list-2026-27-sch8-wayback,,,,Dynamic Business HV Tariff Trial [CAC] flags: trial
aer_missing_tariff/dbbc5cb274,aer_missing_tariff,sapn,2026-27,sapn:HVADCBD,sapn-tariff-price-list-2026-27-id338674/HVADCBD,,sapn-tariff-price-list-2026-27-id338674,,,,HV Business Annual Demand [Large HV Business] flags: site_specific
aer_missing_tariff/dd184ff592,aer_missing_tariff,sapn,2025-26,sapn:STR069,sapn-2025-26-pricing-proposal-overview-14may2025/STR069,,sapn-2025-26-pricing-proposal-overview-14may2025,,,,Sub Transmission kVA non-Locational [Major Business Site Specific Tariffs - Major Business Sub Transmission] flags: site_specific
aer_missing_tariff/dd307c234b,aer_missing_tariff,endeavour,2025-26,endeavour:ENSL,endeavour-nuos-price-list-2025-26-v11/ENSL,,endeavour-nuos-price-list-2025-26-v11,,,,Streetlighting
aer_missing_tariff/de74336251,aer_missing_tariff,sapn,2025-26,sapn:ZSS272,sapn-2025-26-pricing-proposal-overview-14may2025/ZSS272,,sapn-2025-26-pricing-proposal-overview-14may2025,,,,Zone Substation kVA non-Locational [Major Business Site Specific Tariffs - Major Business Zone Substation] flags: site_specific
aer_missing_tariff/de8c6b5147,aer_missing_tariff,sapn,2025-26,sapn:LBGCBD,sapn-2025-26-pricing-proposal-overview-14may2025/LBGCBD,,sapn-2025-26-pricing-proposal-overview-14may2025,,,,Large LV Business Generation [Generation Tariffs - Large LV Business] flags: site_specific
aer_missing_tariff/decb3c778c,aer_missing_tariff,powercor,2026-27,powercor:HV3,powercor-tariff-summary-2026-27-07may2026/HV3,,powercor-tariff-summary-2026-27-07may2026,,,,High voltage 3
aer_missing_tariff/dfdae54015,aer_missing_tariff,ergon,2024-25,ergon:TBAT2,ergon-2024-25-network-price-list-28mar2024/TBA T2/cac-dynamic-flex-storage,,ergon-2024-25-network-price-list-28mar2024,,,,CAC Dynamic Flex Storage [High Voltage] flags: trial
aer_missing_tariff/e054dcb5a1,aer_missing_tariff,ausgrid,2026-27,ausgrid:EA501,ausgrid-network-price-list-2026-27/EA501,,ausgrid-network-price-list-2026-27,,,,Transmission Connected [Transmission]
aer_missing_tariff/e0cd0cf537,aer_missing_tariff,sapn,2025-26,sapn:ZSS330,sapn-2025-26-pricing-proposal-overview-14may2025/ZSS330,,sapn-2025-26-pricing-proposal-overview-14may2025,,,,Zone Substation kVA non-Locational [Major Business Site Specific Tariffs - Major Business Zone Substation] flags: site_specific
aer_missing_tariff/e1237cb856,aer_missing_tariff,sapn,2026-27,sapn:BSRNE,sapn-tariff-price-list-2026-27-id338674/BSRNE,,sapn-tariff-price-list-2026-27-id338674,,,,Business Single Rate [Small & Medium Business - Small Business]
aer_missing_tariff/e1862f2df1,aer_missing_tariff,essential,2026-27,essential:BLNBEX1,essential-price-list-and-explanatory-notes-2026-27/BLNBEX1,,essential-price-list-and-explanatory-notes-2026-27,,,,LV Small Business Solar Export [Export Tariffs]
aer_missing_tariff/e1e239c206,aer_missing_tariff,sapn,2025-26,sapn:STN557,sapn-2025-26-pricing-proposal-overview-14may2025/STN557,,sapn-2025-26-pricing-proposal-overview-14may2025,,,,Sub Transmission kVA Locational [Major Business Site Specific Tariffs - Major Business Sub Transmission Locational] flags: site_specific
aer_missing_tariff/e221d1adb8,aer_missing_tariff,sapn,2025-26,sapn:LBGFCBD,sapn-2025-26-pricing-proposal-overview-14may2025/LBGFCBD,,sapn-2025-26-pricing-proposal-overview-14may2025,,,,Large LV Business Generation Flexible [Generation Tariffs - Large LV Business] flags: site_specific
aer_missing_tariff/e24366722a,aer_missing_tariff,energex,2024-25,energex:92000,energex-network-price-list-2024-25-sch8-wayback/92000,,energex-network-price-list-2024-25-sch8-wayback,,,,CAC Dynamic Flex Storage [Tariff Trials] flags: trial
aer_missing_tariff/e2662c2332,aer_missing_tariff,evoenergy,2026-27,evoenergy:111,evoenergy-schedule-of-charges-2026-27-aer-approved-april2026/111,,evoenergy-schedule-of-charges-2026-27-aer-approved-april2026,,,,HV TOU Demand Network (closed) [HV commercial tariffs] flags: closed_to_new
aer_missing_tariff/e2b1633454,aer_missing_tariff,powercor,2025-26,powercor:LLV1,powercor-tariff-summary-2025-26-31mar2025-wayback/LLV1,,powercor-tariff-summary-2025-26-31mar2025-wayback,,,,Large low Voltage
aer_missing_tariff/e388e14e18,aer_missing_tariff,ergon,2024-25,ergon:TBAT1,ergon-2024-25-network-price-list-28mar2024/TBA T1/cac-dynamic-flex-storage,,ergon-2024-25-network-price-list-28mar2024,,,,CAC Dynamic Flex Storage [High Voltage] flags: trial
aer_missing_tariff/e46989b361,aer_missing_tariff,ergon,2024-25,ergon:ECFLEXT1,ergon-network-price-list-2024-25-sch8-wayback/ECFLEXT1,,ergon-network-price-list-2024-25-sch8-wayback,,,,CAC Dynamic Flex Storage [High Voltage] flags: trial
aer_missing_tariff/e4f64b5c8b,aer_missing_tariff,sapn,2024-25,sapn:LBADCBD,sapn-2024-25-annual-pricing-proposal-19apr2024/LBADCBD,,sapn-2024-25-annual-pricing-proposal-19apr2024,,,,Large LV Business Annual Demand [Large LV Business >160 MWh pa - Large LV Business - Interval Meter Tariffs] flags: site_specific
aer_missing_tariff/e60095ecee,aer_missing_tariff,jemena,2026-27,jemena:A40T,jemena-network-tariff-schedule-2026-27/A40T,,jemena-network-tariff-schedule-2026-27,,,,HV RF_CR (closed to new entrants) [Large Business - HV] flags: closed_to_new
aer_missing_tariff/e61d42c3f1,aer_missing_tariff,endeavour,2024-25,endeavour:ENTL,endeavour-nuos-price-list-2024-25-v10/ENTL,,endeavour-nuos-price-list-2024-25-v10,,,,Traffic Control Signal Lights
aer_missing_tariff/e7f1f007c5,aer_missing_tariff,jemena,2026-27,jemena:A37C,jemena-network-tariff-schedule-2026-27/A37C,,jemena-network-tariff-schedule-2026-27,,,,LV CR 6.0+ GWh [Large Business - LV (Low-voltage tariffs with nominal voltage < 1000 Volts)]
aer_missing_tariff/e82389bd0a,aer_missing_tariff,sapn,2025-26,sapn:STR483,sapn-2025-26-pricing-proposal-overview-14may2025/STR483,,sapn-2025-26-pricing-proposal-overview-14may2025,,,,Sub Transmission kVA non-Locational [Major Business Site Specific Tariffs - Major Business Sub Transmission] flags: site_specific
aer_missing_tariff/e98f7380cb,aer_missing_tariff,sapn,2025-26,sapn:ZSS850,sapn-2025-26-pricing-proposal-overview-14may2025/ZSS850,,sapn-2025-26-pricing-proposal-overview-14may2025,,,,Zone Substation kVA non-Locational [Major Business Site Specific Tariffs - Major Business Zone Substation] flags: site_specific
aer_missing_tariff/eaca6aaa0e,aer_missing_tariff,sapn,2026-27,sapn:LBAD305,sapn-tariff-price-list-2026-27-id338674/LBAD305,,sapn-tariff-price-list-2026-27-id338674,,,,Large LV Business Annual Demand [Large LV Business Site Specific] flags: site_specific
aer_missing_tariff/eb2c2fb74b,aer_missing_tariff,citipower,2026-27,citipower:CHV3,citipower-tariff-summary-2026-27-07may2026/CHV3,,citipower-tariff-summary-2026-27-07may2026,,,,High voltage 3
aer_missing_tariff/eca5d3eb21,aer_missing_tariff,powercor,2024-25,powercor:NDMO21,powercor-2024-25-tariff-summary-28mar2024/NDMO21,,powercor-2024-25-tariff-summary-28mar2024,,,,Medium Business Opt-out
aer_missing_tariff/ed165e3f60,aer_missing_tariff,endeavour,2024-25,endeavour:NC01,endeavour-nuos-price-list-2024-25-v10/NC01,,endeavour-nuos-price-list-2024-25-v10,,,,"Residential Flat, Controlled Load 1 flags: closed_to_new, obsolete"
aer_missing_tariff/ef821fb4f3,aer_missing_tariff,ergon,2024-25,ergon:ECPRCET1,ergon-network-price-list-2024-25-sch8-wayback/ECPRCET1,,ergon-network-price-list-2024-25-sch8-wayback,,,,CAC Dynamic Price Storage [High Voltage] flags: trial
aer_missing_tariff/f0a9ada809,aer_missing_tariff,energex,2024-25,energex:TBA4,energex-2024-25-network-price-list-28mar2024/TBA4,,energex-2024-25-network-price-list-28mar2024,,,,CAC Dynamic Flex Storage [Tariff Trials] flags: trial
aer_missing_tariff/f171d02ef2,aer_missing_tariff,powercor,2024-25,powercor:PDBB,powercor-pricing-proposal-2024-25-28mar2024-wayback/PDBB,,powercor-pricing-proposal-2024-25-28mar2024-wayback,,,,Distributor-owned community battery flags: trial
aer_missing_tariff/f17b21c479,aer_missing_tariff,sapn,2025-26,sapn:STR123,sapn-2025-26-pricing-proposal-overview-14may2025/STR123,,sapn-2025-26-pricing-proposal-overview-14may2025,,,,Sub Transmission kVA non-Locational [Major Business Site Specific Tariffs - Major Business Sub Transmission] flags: site_specific
aer_missing_tariff/f283908e5e,aer_missing_tariff,endeavour,2024-25,endeavour:NC04,endeavour-nuos-price-list-2024-25-v10/NC04,,endeavour-nuos-price-list-2024-25-v10,,,,"General Supply Block, Controlled Load 2 flags: closed_to_new, obsolete"
aer_missing_tariff/f2cd776334,aer_missing_tariff,sapn,2025-26,sapn:HVAD265,sapn-2025-26-pricing-proposal-overview-14may2025/HVAD265,,sapn-2025-26-pricing-proposal-overview-14may2025,,,,HV Business Annual Demand [Large HV Business Site Specific] flags: site_specific
aer_missing_tariff/f398c6e573,aer_missing_tariff,sapn,2024-25,sapn:ZSN228,sapn-2024-25-annual-pricing-proposal-19apr2024/ZSN228,,sapn-2024-25-annual-pricing-proposal-19apr2024,,,,Zone Substation kVA Locational [Major Business - Site Specific Tariffs - Major Business Zone Substation Locational TUoS] flags: site_specific
aer_missing_tariff/f39a4c9517,aer_missing_tariff,sapn,2025-26,sapn:HVADFCBD,sapn-2025-26-pricing-proposal-overview-14may2025/HVADFCBD,,sapn-2025-26-pricing-proposal-overview-14may2025,,,,HV Business Agreed Demand Flexible [Large HV Business] flags: site_specific
aer_missing_tariff/f3c3d13368,aer_missing_tariff,ergon,2025-26,ergon:ECPRCET1,ergon-network-price-list-2025-26-sch8-wayback/ECPRCET1,,ergon-network-price-list-2025-26-sch8-wayback,,,,CAC Dynamic Price Storage [Primary] flags: trial
aer_missing_tariff/f43f94515b,aer_missing_tariff,sapn,2025-26,sapn:ZSN438,sapn-2025-26-pricing-proposal-overview-14may2025/ZSN438,,sapn-2025-26-pricing-proposal-overview-14may2025,,,,Zone Substation kVA Locational [Major Business Site Specific Tariffs - Major Business Zone Substation Locational TUoS] flags: site_specific
aer_missing_tariff/f5123f72d2,aer_missing_tariff,endeavour,2024-25,endeavour:NFTF,endeavour-nuos-price-list-2024-25-v10/NFTF,,endeavour-nuos-price-list-2024-25-v10,,,,"General Supply Block, CL2, Gen Net flags: closed_to_new, obsolete"
aer_missing_tariff/f6ac93c79d,aer_missing_tariff,unitedenergy,2026-27,unitedenergy:EVUTOU,ue-tariff-summary-2026-27-07may2026/EVUTOU,,ue-tariff-summary-2026-27-07may2026,,,,Residential kerbside EV charger flags: trial
aer_missing_tariff/f76c975fa5,aer_missing_tariff,ausnet,2025-26,ausnet:NEE93,ausnet-network-tariff-schedule-2025-26/NEE93,,ausnet-network-tariff-schedule-2025-26,,,,Large Labtrobe Valley open cut supplies [Sub transmission] flags: closed_to_new
aer_missing_tariff/f7be50cf61,aer_missing_tariff,sapn,2026-27,sapn:B2RNE,sapn-tariff-price-list-2026-27-id338674/B2RNE,,sapn-tariff-price-list-2026-27-id338674,,,,Business Two Rate [Small & Medium Business - Small Business]
aer_missing_tariff/f7df9f67fb,aer_missing_tariff,sapn,2025-26,sapn:HVAD381,sapn-2025-26-pricing-proposal-overview-14may2025/HVAD381,,sapn-2025-26-pricing-proposal-overview-14may2025,,,,HV Business Annual Demand [Large HV Business Site Specific] flags: site_specific
aer_missing_tariff/f80afcac74,aer_missing_tariff,energex,2024-25,energex:TBA3,energex-2024-25-network-price-list-28mar2024/TBA3,,energex-2024-25-network-price-list-28mar2024,,,,CAC Dynamic Price Storage [Tariff Trials] flags: trial
aer_missing_tariff/f877b96c15,aer_missing_tariff,ausnet,2024-25,ausnet:NSSL01T,ausnet-annual-pricing-proposal-2024-25/NSSL01T,,ausnet-annual-pricing-proposal-2024-25,,,,Neighbourhood storage tariff (large) (tariff trial) [Tariff trial] flags: trial
aer_missing_tariff/f88462af73,aer_missing_tariff,ergon,2025-26,ergon:EBPMPT1,ergon-network-price-list-2025-26-sch8-wayback/EBPMPT1,,ergon-network-price-list-2025-26-sch8-wayback,,,,Transitional Network Dual Rate Demand Tariff 3 [Small Business (<100MWh pa)]
aer_missing_tariff/f949140f66,aer_missing_tariff,endeavour,2024-25,endeavour:NFTK,endeavour-nuos-price-list-2024-25-v10/NFTK,,endeavour-nuos-price-list-2024-25-v10,,,,"General Supply Block, Gen Gross DR meter flags: closed_to_new, obsolete"
aer_missing_tariff/f963ca3216,aer_missing_tariff,sapn,2025-26,sapn:ZSN024,sapn-2025-26-pricing-proposal-overview-14may2025/ZSN024,,sapn-2025-26-pricing-proposal-overview-14may2025,,,,Zone Substation kVA Locational [Major Business Site Specific Tariffs - Major Business Zone Substation Locational TUoS] flags: site_specific
aer_missing_tariff/f96b24bc22,aer_missing_tariff,ausgrid,2026-27,ausgrid:EA956,ausgrid-network-price-list-2026-27/EA956,,ausgrid-network-price-list-2026-27,,,,Local use of system trial - residential [Low Voltage] flags: trial
aer_missing_tariff/f9e426ff54,aer_missing_tariff,endeavour,2024-25,endeavour:NS29,endeavour-nuos-price-list-2024-25-v10/NS29,,endeavour-nuos-price-list-2024-25-v10,,,,"HV STOU Demand, Gen Net flags: closed_to_new, obsolete"
aer_missing_tariff/fad273f78a,aer_missing_tariff,sapn,2025-26,sapn:STR404,sapn-2025-26-pricing-proposal-overview-14may2025/STR404,,sapn-2025-26-pricing-proposal-overview-14may2025,,,,Sub Transmission kVA non-Locational [Major Business Site Specific Tariffs - Major Business Sub Transmission] flags: site_specific
aer_missing_tariff/fb613d191e,aer_missing_tariff,sapn,2026-27,sapn:RESELENE,sapn-tariff-price-list-2026-27-id338674/RESELENE,,sapn-tariff-price-list-2026-27-id338674,,,,Residential Electrify [Residential]
aer_missing_tariff/fb6828f7d4,aer_missing_tariff,powercor,2025-26,powercor:LLV2,powercor-tariff-summary-2025-26-31mar2025-wayback/LLV2,,powercor-tariff-summary-2025-26-31mar2025-wayback,,,,Large low Voltage
aer_missing_tariff/fd23243f93,aer_missing_tariff,ausnet,2024-25,ausnet:NSP91,ausnet-2024-25-schedule-of-tariffs-28mar2024/NSP91,,ausnet-2024-25-schedule-of-tariffs-28mar2024,,,,Sub transmission critical peak demand < 25 MVA & < 20 km from ts [Sub transmission]
aer_missing_tariff/ffb3e59397,aer_missing_tariff,sapn,2024-25,sapn:LBGCBD,sapn-2024-25-annual-pricing-proposal-19apr2024/LBGCBD,,sapn-2024-25-annual-pricing-proposal-19apr2024,,,,Large LV Business Generation supply [Large LV Business >160 MWh pa - Large LV Business - Interval Meter Tariffs] flags: site_specific
aer_only_tariff/0081127501,aer_only_tariff,powercor,2024-25,powercor:NDMO,,,,,,,"distributor_code: listed by the AER, not in the distributor's own 2024-25 documents"
aer_only_tariff/02e8323973,aer_only_tariff,ausnet,2025-26,ausnet:SSP21,,,,,,,"distributor_code: listed by the AER, not in the distributor's own 2025-26 documents"
aer_only_tariff/0a7a63864a,aer_only_tariff,ausnet,2025-26,ausnet:NAST12P,,,,,,,"distributor_code: listed by the AER, not in the distributor's own 2025-26 documents"
aer_only_tariff/0ad03db9dd,aer_only_tariff,ergon,2026-27,ergon:WTBA10T1,,,,,,,"aer_label: listed by the AER, not in the distributor's own 2026-27 documents"
aer_only_tariff/0f6277e8d7,aer_only_tariff,citipower,2026-27,citipower:CHV,,,,,,,"aer_label: listed by the AER, not in the distributor's own 2026-27 documents"
aer_only_tariff/10994f669b,aer_only_tariff,essential,2025-26,essential:BLNDTRS,,,,,,,"distributor_code: listed by the AER, not in the distributor's own 2025-26 documents"
aer_only_tariff/1173d60058,aer_only_tariff,ergon,2025-26,ergon:EDSTT3,,,,,,,"distributor_code: listed by the AER, not in the distributor's own 2025-26 documents"
aer_only_tariff/1378ccb94a,aer_only_tariff,powercor,2024-25,powercor:LLVT,,,,,,,"aer_label: listed by the AER, not in the distributor's own 2024-25 documents"
aer_only_tariff/14f8eb41ec,aer_only_tariff,powercor,2026-27,powercor:PFTUOS,,,,,,,"aer_label: listed by the AER, not in the distributor's own 2026-27 documents"
aer_only_tariff/18049670ec,aer_only_tariff,ergon,2025-26,ergon:EDLTT2,,,,,,,"distributor_code: listed by the AER, not in the distributor's own 2025-26 documents"
aer_only_tariff/1c5909b273,aer_only_tariff,citipower,2024-25,citipower:CHV,,,,,,,"aer_label: listed by the AER, not in the distributor's own 2024-25 documents"
aer_only_tariff/1e23e7af0f,aer_only_tariff,energex,2026-27,energex:CSAC,,,,,,,"aer_label: listed by the AER, not in the distributor's own 2026-27 documents"
aer_only_tariff/1e60289097,aer_only_tariff,citipower,2024-25,citipower:CLLVT,,,,,,,"aer_label: listed by the AER, not in the distributor's own 2024-25 documents"
aer_only_tariff/1ebfb32c88,aer_only_tariff,ergon,2026-27,ergon:ETBA12T1,,,,,,,"aer_label: listed by the AER, not in the distributor's own 2026-27 documents"
aer_only_tariff/1f99a51659,aer_only_tariff,energex,2026-27,energex:TBA8,,,,,,,"aer_label: listed by the AER, not in the distributor's own 2026-27 documents"
aer_only_tariff/1f9aa0d70b,aer_only_tariff,ausnet,2025-26,ausnet:NEE11P,,,,,,,"distributor_code: listed by the AER, not in the distributor's own 2025-26 documents"
aer_only_tariff/20bd774a40,aer_only_tariff,energex,2025-26,energex:CSAC,,,,,,,"aer_label: listed by the AER, not in the distributor's own 2025-26 documents"
aer_only_tariff/21854932af,aer_only_tariff,ergon,2025-26,ergon:ETBA10T1,,,,,,,"aer_label: listed by the AER, not in the distributor's own 2025-26 documents"
aer_only_tariff/221cc3fd1e,aer_only_tariff,ergon,2025-26,ergon:ETBA12T1,,,,,,,"aer_label: listed by the AER, not in the distributor's own 2025-26 documents"
aer_only_tariff/24cd7b95b9,aer_only_tariff,ergon,2025-26,ergon:EDMTT3,,,,,,,"distributor_code: listed by the AER, not in the distributor's own 2025-26 documents"
aer_only_tariff/2a3fa96e11,aer_only_tariff,ergon,2026-27,ergon:ETBA10T1,,,,,,,"aer_label: listed by the AER, not in the distributor's own 2026-27 documents"
aer_only_tariff/2a8bcf3900,aer_only_tariff,powercor,2024-25,powercor:HVT,,,,,,,"aer_label: listed by the AER, not in the distributor's own 2024-25 documents"
aer_only_tariff/2ac3137ea5,aer_only_tariff,powercor,2026-27,powercor:LLV,,,,,,,"aer_label: listed by the AER, not in the distributor's own 2026-27 documents"
aer_only_tariff/2be60281d1,aer_only_tariff,energex,2025-26,energex:HSAC,,,,,,,"aer_label: listed by the AER, not in the distributor's own 2025-26 documents"
aer_only_tariff/31c1512534,aer_only_tariff,energex,2026-27,energex:TBA13,,,,,,,"aer_label: listed by the AER, not in the distributor's own 2026-27 documents"
aer_only_tariff/33630d0c1d,aer_only_tariff,endeavour,2025-26,endeavour:NW,,,,,,,"distributor_code: listed by the AER, not in the distributor's own 2025-26 documents"
aer_only_tariff/338c5d69ea,aer_only_tariff,endeavour,2024-25,endeavour:NW,,,,,,,"distributor_code: listed by the AER, not in the distributor's own 2024-25 documents"
aer_only_tariff/358c40d8d5,aer_only_tariff,ergon,2025-26,ergon:WBWIFT3,,,,,,,"distributor_code: listed by the AER, not in the distributor's own 2025-26 documents"
aer_only_tariff/37f73979d4,aer_only_tariff,powercor,2024-25,powercor:HV,,,,,,,"aer_label: listed by the AER, not in the distributor's own 2024-25 documents"
aer_only_tariff/3a52518d4d,aer_only_tariff,sapn,2024-25,sapn:ZSN767,,,,,,,"aer_label: listed by the AER, not in the distributor's own 2024-25 documents"
aer_only_tariff/3e67ee7420,aer_only_tariff,ergon,2025-26,ergon:WDMTT2,,,,,,,"distributor_code: listed by the AER, not in the distributor's own 2025-26 documents"
aer_only_tariff/44731ef217,aer_only_tariff,unitedenergy,2026-27,unitedenergy:RESKW1R,,,,,,,"distributor_code: listed by the AER, not in the distributor's own 2026-27 documents"
aer_only_tariff/4541deab4b,aer_only_tariff,endeavour,2024-25,endeavour:SL,,,,,,,"distributor_code: listed by the AER, not in the distributor's own 2024-25 documents"
aer_only_tariff/4ab706704b,aer_only_tariff,energex,2025-26,energex:TBA13,,,,,,,"aer_label: listed by the AER, not in the distributor's own 2025-26 documents"
aer_only_tariff/4c18fcd97e,aer_only_tariff,ergon,2026-27,ergon:EICCT1,,,,,,,"aer_label: listed by the AER, not in the distributor's own 2026-27 documents"
aer_only_tariff/4c57bd5785,aer_only_tariff,energex,2024-25,energex:1000,,,,,,,"aer_label: listed by the AER, not in the distributor's own 2024-25 documents"
aer_only_tariff/514ff0bea8,aer_only_tariff,ergon,2025-26,ergon:EDMTT1,,,,,,,"distributor_code: listed by the AER, not in the distributor's own 2025-26 documents"
aer_only_tariff/552aaa1255,aer_only_tariff,ausnet,2024-25,ausnet:NASN2S,,,,,,,"aer_label: listed by the AER, not in the distributor's own 2024-25 documents"
aer_only_tariff/552ee38ecf,aer_only_tariff,ergon,2026-27,ergon:EBIRRT1,,,,,,,"distributor_code: listed by the AER, not in the distributor's own 2026-27 documents"
aer_only_tariff/57bccc0618,aer_only_tariff,ausnet,2025-26,ausnet:SSP23,,,,,,,"distributor_code: listed by the AER, not in the distributor's own 2025-26 documents"
aer_only_tariff/58711c540a,aer_only_tariff,ergon,2026-27,ergon:MTBA11T4,,,,,,,"aer_label: listed by the AER, not in the distributor's own 2026-27 documents"
aer_only_tariff/5889d24e4c,aer_only_tariff,ausnet,2025-26,ausnet:CL,,,,,,,"aer_label: listed by the AER, not in the distributor's own 2025-26 documents"
aer_only_tariff/5db9607d21,aer_only_tariff,sapn,2024-25,sapn:ZSS766,,,,,,,"aer_label: listed by the AER, not in the distributor's own 2024-25 documents"
aer_only_tariff/5e85c1126a,aer_only_tariff,energex,2026-27,energex:1000,,,,,,,"aer_label: listed by the AER, not in the distributor's own 2026-27 documents"
aer_only_tariff/666be6ff0d,aer_only_tariff,ergon,2025-26,ergon:ETBA15T1,,,,,,,"aer_label: listed by the AER, not in the distributor's own 2025-26 documents"
aer_only_tariff/683e20796c,aer_only_tariff,energex,2026-27,energex:HSAC,,,,,,,"aer_label: listed by the AER, not in the distributor's own 2026-27 documents"
aer_only_tariff/68ba4b490e,aer_only_tariff,powercor,2024-25,powercor:STT,,,,,,,"aer_label: listed by the AER, not in the distributor's own 2024-25 documents"
aer_only_tariff/6ae051fce0,aer_only_tariff,ergon,2025-26,ergon:EDSTT2,,,,,,,"distributor_code: listed by the AER, not in the distributor's own 2025-26 documents"
aer_only_tariff/6b77aaefcb,aer_only_tariff,ausnet,2025-26,ausnet:NASN11P,,,,,,,"distributor_code: listed by the AER, not in the distributor's own 2025-26 documents"
aer_only_tariff/6c2ff7912a,aer_only_tariff,sapn,2024-25,sapn:LBAD087,,,,,,,"aer_label: listed by the AER, not in the distributor's own 2024-25 documents"
aer_only_tariff/707dfdd7b2,aer_only_tariff,ergon,2025-26,ergon:MTBA10T4,,,,,,,"aer_label: listed by the AER, not in the distributor's own 2025-26 documents"
aer_only_tariff/72cffed07d,aer_only_tariff,citipower,2024-25,citipower:CLLV,,,,,,,"aer_label: listed by the AER, not in the distributor's own 2024-25 documents"
aer_only_tariff/74fb8c3803,aer_only_tariff,ergon,2025-26,ergon:WBWIFT1,,,,,,,"distributor_code: listed by the AER, not in the distributor's own 2025-26 documents"
aer_only_tariff/763a59add2,aer_only_tariff,endeavour,2025-26,endeavour:SL,,,,,,,"distributor_code: listed by the AER, not in the distributor's own 2025-26 documents"
aer_only_tariff/7782111525,aer_only_tariff,ergon,2025-26,ergon:WTBA12T1,,,,,,,"aer_label: listed by the AER, not in the distributor's own 2025-26 documents"
aer_only_tariff/79767f8db5,aer_only_tariff,energex,2025-26,energex:TBA8,,,,,,,"aer_label: listed by the AER, not in the distributor's own 2025-26 documents"
aer_only_tariff/7a1fa245b8,aer_only_tariff,powercor,2026-27,powercor:HV,,,,,,,"aer_label: listed by the AER, not in the distributor's own 2026-27 documents"
aer_only_tariff/7c09e488ac,aer_only_tariff,energex,2025-26,energex:TBA10,,,,,,,"aer_label: listed by the AER, not in the distributor's own 2025-26 documents"
aer_only_tariff/80cd7447fc,aer_only_tariff,ergon,2025-26,ergon:MTBA8T4,,,,,,,"aer_label: listed by the AER, not in the distributor's own 2025-26 documents"
aer_only_tariff/82ac82324f,aer_only_tariff,ergon,2026-27,ergon:EBPMPT1,,,,,,,"distributor_code: listed by the AER, not in the distributor's own 2026-27 documents"
aer_only_tariff/851085e6df,aer_only_tariff,ergon,2025-26,ergon:EBWIFT2,,,,,,,"distributor_code: listed by the AER, not in the distributor's own 2025-26 documents"
aer_only_tariff/88af76b290,aer_only_tariff,sapn,2024-25,sapn:LBAD627,,,,,,,"aer_label: listed by the AER, not in the distributor's own 2024-25 documents"
aer_only_tariff/8ba3dd8a9f,aer_only_tariff,ausnet,2026-27,ausnet:NASN2S,,,,,,,"aer_label: listed by the AER, not in the distributor's own 2026-27 documents"
aer_only_tariff/8bcb6df6aa,aer_only_tariff,ergon,2025-26,ergon:MTBA11T4,,,,,,,"aer_label: listed by the AER, not in the distributor's own 2025-26 documents"
aer_only_tariff/8d56af0d51,aer_only_tariff,ergon,2026-27,ergon:WICCT1,,,,,,,"aer_label: listed by the AER, not in the distributor's own 2026-27 documents"
aer_only_tariff/910876f15d,aer_only_tariff,ergon,2026-27,ergon:MTBA13T4,,,,,,,"aer_label: listed by the AER, not in the distributor's own 2026-27 documents"
aer_only_tariff/91a9944686,aer_only_tariff,ausnet,2025-26,ausnet:NASN2S,,,,,,,"aer_label: listed by the AER, not in the distributor's own 2025-26 documents"
aer_only_tariff/96cbedd14c,aer_only_tariff,powercor,2025-26,powercor:STT,,,,,,,"aer_label: listed by the AER, not in the distributor's own 2025-26 documents"
aer_only_tariff/97e1165163,aer_only_tariff,ausnet,2025-26,ausnet:NASN2P,,,,,,,"aer_label: listed by the AER, not in the distributor's own 2025-26 documents"
aer_only_tariff/991989c5e4,aer_only_tariff,ergon,2026-27,ergon:WTBA13T1,,,,,,,"aer_label: listed by the AER, not in the distributor's own 2026-27 documents"
aer_only_tariff/9ad3c61336,aer_only_tariff,ergon,2025-26,ergon:MTBA13T4,,,,,,,"aer_label: listed by the AER, not in the distributor's own 2025-26 documents"
aer_only_tariff/9add871177,aer_only_tariff,ergon,2026-27,ergon:ETBA13T1,,,,,,,"aer_label: listed by the AER, not in the distributor's own 2026-27 documents"
aer_only_tariff/9bf213d221,aer_only_tariff,powercor,2026-27,powercor:STT,,,,,,,"aer_label: listed by the AER, not in the distributor's own 2026-27 documents"
aer_only_tariff/9c2aaeda8c,aer_only_tariff,ergon,2025-26,ergon:WBWIFT2,,,,,,,"distributor_code: listed by the AER, not in the distributor's own 2025-26 documents"
aer_only_tariff/9dff6d9d1d,aer_only_tariff,sapn,2024-25,sapn:ZSN307,,,,,,,"aer_label: listed by the AER, not in the distributor's own 2024-25 documents"
aer_only_tariff/9fc185820e,aer_only_tariff,ergon,2025-26,ergon:EDMTT2,,,,,,,"distributor_code: listed by the AER, not in the distributor's own 2025-26 documents"
aer_only_tariff/a249eaca5d,aer_only_tariff,sapn,2024-25,sapn:STN840,,,,,,,"aer_label: listed by the AER, not in the distributor's own 2024-25 documents"
aer_only_tariff/a2c7b68c1b,aer_only_tariff,ergon,2024-25,ergon:ICC,,,,,,,"aer_label: listed by the AER, not in the distributor's own 2024-25 documents"
aer_only_tariff/a30d257cf6,aer_only_tariff,ergon,2026-27,ergon:MTBA10T4,,,,,,,"aer_label: listed by the AER, not in the distributor's own 2026-27 documents"
aer_only_tariff/a6e5dd0324,aer_only_tariff,powercor,2025-26,powercor:LLV,,,,,,,"aer_label: listed by the AER, not in the distributor's own 2025-26 documents"
aer_only_tariff/a6f3f9fa94,aer_only_tariff,ergon,2025-26,ergon:WDMTT1,,,,,,,"distributor_code: listed by the AER, not in the distributor's own 2025-26 documents"
aer_only_tariff/a76d52182e,aer_only_tariff,ergon,2025-26,ergon:EBWIFT3,,,,,,,"distributor_code: listed by the AER, not in the distributor's own 2025-26 documents"
aer_only_tariff/a94f75e4de,aer_only_tariff,ergon,2025-26,ergon:WTBA15T1,,,,,,,"aer_label: listed by the AER, not in the distributor's own 2025-26 documents"
aer_only_tariff/af60614a5a,aer_only_tariff,endeavour,2024-25,endeavour:TL,,,,,,,"distributor_code: listed by the AER, not in the distributor's own 2024-25 documents"
aer_only_tariff/b10e285623,aer_only_tariff,ergon,2025-26,ergon:MDLTT4,,,,,,,"distributor_code: listed by the AER, not in the distributor's own 2025-26 documents"
aer_only_tariff/badd9b23dd,aer_only_tariff,ergon,2026-27,ergon:WTBA15T1,,,,,,,"aer_label: listed by the AER, not in the distributor's own 2026-27 documents"
aer_only_tariff/bb824c1104,aer_only_tariff,endeavour,2025-26,endeavour:TL,,,,,,,"distributor_code: listed by the AER, not in the distributor's own 2025-26 documents"
aer_only_tariff/bc76c58afb,aer_only_tariff,ergon,2026-27,ergon:ETBA15T1,,,,,,,"aer_label: listed by the AER, not in the distributor's own 2026-27 documents"
aer_only_tariff/bcc59fb714,aer_only_tariff,ergon,2025-26,ergon:EBWIFT1,,,,,,,"distributor_code: listed by the AER, not in the distributor's own 2025-26 documents"
aer_only_tariff/bf98acf9b1,aer_only_tariff,energex,2026-27,energex:TBA10,,,,,,,"aer_label: listed by the AER, not in the distributor's own 2026-27 documents"
aer_only_tariff/bff02d3a8f,aer_only_tariff,ergon,2025-26,ergon:WTBA10T1,,,,,,,"aer_label: listed by the AER, not in the distributor's own 2025-26 documents"
aer_only_tariff/c460d3279c,aer_only_tariff,ergon,2025-26,ergon:MDMTT4,,,,,,,"distributor_code: listed by the AER, not in the distributor's own 2025-26 documents"
aer_only_tariff/c461811c2b,aer_only_tariff,unitedenergy,2024-25,unitedenergy:LVKVATOU,,,,,,,"aer_label: listed by the AER, not in the distributor's own 2024-25 documents"
aer_only_tariff/c5a4f18f1b,aer_only_tariff,ergon,2025-26,ergon:WTBA13T1,,,,,,,"aer_label: listed by the AER, not in the distributor's own 2025-26 documents"
aer_only_tariff/c6158c5cf1,aer_only_tariff,ausnet,2025-26,ausnet:NEE12P,,,,,,,"distributor_code: listed by the AER, not in the distributor's own 2025-26 documents"
aer_only_tariff/c728244ba2,aer_only_tariff,essential,2026-27,essential:BLNP1AO,,,,,,,"distributor_code: listed by the AER, not in the distributor's own 2026-27 documents"
aer_only_tariff/c7aec1a8da,aer_only_tariff,essential,2025-26,essential:BLNP1AO,,,,,,,"distributor_code: listed by the AER, not in the distributor's own 2025-26 documents"
aer_only_tariff/ca43400142,aer_only_tariff,ergon,2026-27,ergon:EBFRMT1,,,,,,,"distributor_code: listed by the AER, not in the distributor's own 2026-27 documents"
aer_only_tariff/cabb37f3f9,aer_only_tariff,ausnet,2025-26,ausnet:NAST11P,,,,,,,"distributor_code: listed by the AER, not in the distributor's own 2025-26 documents"
aer_only_tariff/cc87a44418,aer_only_tariff,unitedenergy,2026-27,unitedenergy:LVKVATOU,,,,,,,"aer_label: listed by the AER, not in the distributor's own 2026-27 documents"
aer_only_tariff/d0efaaffbe,aer_only_tariff,sapn,2024-25,sapn:LBAD432,,,,,,,"aer_label: listed by the AER, not in the distributor's own 2024-25 documents"
aer_only_tariff/d2db4f58cf,aer_only_tariff,ergon,2026-27,ergon:WTBA12T1,,,,,,,"aer_label: listed by the AER, not in the distributor's own 2026-27 documents"
aer_only_tariff/d899052352,aer_only_tariff,sapn,2024-25,sapn:ZSS951,,,,,,,"distributor_code: listed by the AER, not in the distributor's own 2024-25 documents"
aer_only_tariff/d91f8cdf88,aer_only_tariff,powercor,2025-26,powercor:HVT,,,,,,,"aer_label: listed by the AER, not in the distributor's own 2025-26 documents"
aer_only_tariff/da8371493f,aer_only_tariff,ergon,2025-26,ergon:WDSTT3,,,,,,,"distributor_code: listed by the AER, not in the distributor's own 2025-26 documents"
aer_only_tariff/dd2419d32a,aer_only_tariff,energex,2025-26,energex:TBA11,,,,,,,"aer_label: listed by the AER, not in the distributor's own 2025-26 documents"
aer_only_tariff/dd4472b36b,aer_only_tariff,powercor,2025-26,powercor:LLVT,,,,,,,"aer_label: listed by the AER, not in the distributor's own 2025-26 documents"
aer_only_tariff/ded154e38f,aer_only_tariff,ergon,2026-27,ergon:MTBA8T4,,,,,,,"aer_label: listed by the AER, not in the distributor's own 2026-27 documents"
aer_only_tariff/e14b2b5e10,aer_only_tariff,citipower,2026-27,citipower:CLLV,,,,,,,"aer_label: listed by the AER, not in the distributor's own 2026-27 documents"
aer_only_tariff/e32dc2bf18,aer_only_tariff,powercor,2025-26,powercor:HV,,,,,,,"aer_label: listed by the AER, not in the distributor's own 2025-26 documents"
aer_only_tariff/e93de0d171,aer_only_tariff,citipower,2024-25,citipower:CHVT,,,,,,,"aer_label: listed by the AER, not in the distributor's own 2024-25 documents"
aer_only_tariff/eace1248b5,aer_only_tariff,sapn,2024-25,sapn:-,,,,,,,"aer_label: listed by the AER, not in the distributor's own 2024-25 documents"
aer_only_tariff/eb832d6551,aer_only_tariff,citipower,2026-27,citipower:CFTUOS,,,,,,,"aer_label: listed by the AER, not in the distributor's own 2026-27 documents"
aer_only_tariff/ebacec0462,aer_only_tariff,powercor,2025-26,powercor:NDMO,,,,,,,"distributor_code: listed by the AER, not in the distributor's own 2025-26 documents"
aer_only_tariff/eccb58160e,aer_only_tariff,unitedenergy,2026-27,unitedenergy:HVKVATOU,,,,,,,"aer_label: listed by the AER, not in the distributor's own 2026-27 documents"
aer_only_tariff/ef71b266a7,aer_only_tariff,ergon,2025-26,ergon:ETBA13T1,,,,,,,"aer_label: listed by the AER, not in the distributor's own 2025-26 documents"
aer_only_tariff/f03ed2a259,aer_only_tariff,energex,2026-27,energex:TBA11,,,,,,,"aer_label: listed by the AER, not in the distributor's own 2026-27 documents"
aer_only_tariff/f087a61c4a,aer_only_tariff,essential,2026-27,essential:BLNDTRS,,,,,,,"distributor_code: listed by the AER, not in the distributor's own 2026-27 documents"
aer_only_tariff/f0e17048b9,aer_only_tariff,unitedenergy,2026-27,unitedenergy:UFTUOS,,,,,,,"aer_label: listed by the AER, not in the distributor's own 2026-27 documents"
aer_only_tariff/f17b041d1a,aer_only_tariff,energex,2025-26,energex:1000,,,,,,,"aer_label: listed by the AER, not in the distributor's own 2025-26 documents"
aer_only_tariff/f7f0cf04b4,aer_only_tariff,unitedenergy,2024-25,unitedenergy:HVKVATOU,,,,,,,"aer_label: listed by the AER, not in the distributor's own 2024-25 documents"
aer_only_tariff/f8e206154b,aer_only_tariff,powercor,2024-25,powercor:LLV,,,,,,,"aer_label: listed by the AER, not in the distributor's own 2024-25 documents"
aer_only_tariff/fa2571af7e,aer_only_tariff,ergon,2025-26,ergon:MBWIFT4,,,,,,,"distributor_code: listed by the AER, not in the distributor's own 2025-26 documents"
aer_only_tariff/faf5f05044,aer_only_tariff,ergon,2025-26,ergon:WDSTT2,,,,,,,"distributor_code: listed by the AER, not in the distributor's own 2025-26 documents"
aer_only_tariff/fc51660fab,aer_only_tariff,ausnet,2024-25,ausnet:NASN2P,,,,,,,"aer_label: listed by the AER, not in the distributor's own 2024-25 documents"
aer_version_differs/047dd6b99b,aer_version_differs,citipower,2025-26,,,,aer-consolidated-2025-26-v1,aer-consolidated-2025-26-v5,,,0 of 31 matched components differ between v1 (proposed) and v5 (approved)
aer_version_differs/1bae3c5a6e,aer_version_differs,jemena,2025-26,,,,aer-consolidated-2025-26-v1,aer-consolidated-2025-26-v5,-12.3639242594181,%,"90 of 95 matched components differ between v1 (proposed) and v5 (approved); median -5.3%, largest -12.4%"
aer_version_differs/1ee5a91a69,aer_version_differs,ausnet,2025-26,,,,aer-consolidated-2025-26-v1,aer-consolidated-2025-26-v5,,,0 of 205 matched components differ between v1 (proposed) and v5 (approved)
aer_version_differs/2f461e4708,aer_version_differs,unitedenergy,2025-26,,,,aer-consolidated-2025-26-v1,aer-consolidated-2025-26-v5,,,0 of 25 matched components differ between v1 (proposed) and v5 (approved)
aer_version_differs/41e0b418ad,aer_version_differs,powerwater,2025-26,,,,aer-consolidated-2025-26-v1,aer-consolidated-2025-26-v5,-34.1176470588235,%,"22 of 22 matched components differ between v1 (proposed) and v5 (approved); median -0.6%, largest -34.1%"
aer_version_differs/5d2330d1ee,aer_version_differs,endeavour,2025-26,,,,aer-consolidated-2025-26-v1,aer-consolidated-2025-26-v5,,,0 of 81 matched components differ between v1 (proposed) and v5 (approved)
aer_version_differs/74f1dd2702,aer_version_differs,essential,2025-26,,,,aer-consolidated-2025-26-v1,aer-consolidated-2025-26-v5,-0.00354798651764296,%,"94 of 115 matched components differ between v1 (proposed) and v5 (approved); median -0.0%, largest -0.0%"
aer_version_differs/a2029a6353,aer_version_differs,evoenergy,2025-26,,,,aer-consolidated-2025-26-v1,aer-consolidated-2025-26-v5,,,0 of 130 matched components differ between v1 (proposed) and v5 (approved)
aer_version_differs/a86a8e4c82,aer_version_differs,energex,2025-26,,,,aer-consolidated-2025-26-v1,aer-consolidated-2025-26-v5,,,no prices in v1 (the changelog adds this jurisdiction's prices in a later version)
aer_version_differs/bb1385eb5b,aer_version_differs,ausgrid,2025-26,,,,aer-consolidated-2025-26-v1,aer-consolidated-2025-26-v5,,,0 of 85 matched components differ between v1 (proposed) and v5 (approved)
aer_version_differs/c617e9d455,aer_version_differs,sapn,2025-26,,,,aer-consolidated-2025-26-v1,aer-consolidated-2025-26-v5,,,no prices in v1 (the changelog adds this jurisdiction's prices in a later version)
aer_version_differs/f1074784ae,aer_version_differs,tasnetworks,2025-26,,,,aer-consolidated-2025-26-v1,aer-consolidated-2025-26-v5,0.793650793650794,%,"40 of 76 matched components differ between v1 (proposed) and v5 (approved); median +0.2%, largest +0.8%"
aer_version_differs/f9897cfc95,aer_version_differs,ergon,2025-26,,,,aer-consolidated-2025-26-v1,aer-consolidated-2025-26-v5,,,no prices in v1 (the changelog adds this jurisdiction's prices in a later version)
aer_version_differs/fa3488d7e7,aer_version_differs,powercor,2025-26,,,,aer-consolidated-2025-26-v1,aer-consolidated-2025-26-v5,,,0 of 28 matched components differ between v1 (proposed) and v5 (approved)
boundary_inclusivity_unstated/034f841090,boundary_inclusivity_unstated,sapn,2023-24,sapn:LBAD,,,sapn-2023-24-annual-pricing-proposal-revised-8may2023,,160,MWh/yr,"sapn:LBAD|2023-24|consumption_min|74ca3b16ba: consumption_min ge_unstated 160 MWh/yr; endpoint inclusion is unstated; potential shared-boundary overlaps: sapn:B2R|2023-24|consumption_max|c8d02d5517, sapn:BSR|2023-24|consumption_max|c8d02d5517, sapn:LVUU24|2023-24|consumption_max|c8d02d5517, sapn:LVUU|2023-24|consumption_max|c8d02d5517, sapn:M/QOPCL|2023-24|consumption_max|c8d02d5517, sapn:SBD|2023-24|consumption_max|c8d02d5517, sapn:SBTOUD|2023-24|consumption_max|c8d02d5517, sapn:SBTOUE|2023-24|consumption_max|c8d02d5517, sapn:SBTOU|2023-24|consumption_max|c8d02d5517"
boundary_inclusivity_unstated/04997de86d,boundary_inclusivity_unstated,ausgrid,2025-26,ausgrid:EA314,,,ausgrid-network-price-list-2025-26,,160,MWh/yr,ausgrid:EA314|2025-26|consumption_min|85d1475c85: consumption_min ge_unstated 160 MWh/yr; endpoint inclusion is unstated; potential shared-boundary overlaps: ausgrid:EA302|2025-26|consumption_max|c6eeec729a
boundary_inclusivity_unstated/0591d6809d,boundary_inclusivity_unstated,sapn,2025-26,sapn:MBTOUDNE,,,sapn-initial-pricing-proposal-overview-2025-26-id333252,,160,MWh/yr,sapn:MBTOUDNE|2025-26|consumption_max|180d2851ad: consumption_max le_unstated 160 MWh/yr; endpoint inclusion is unstated; potential shared-boundary overlaps: none
boundary_inclusivity_unstated/072d2b051c,boundary_inclusivity_unstated,ausnet,2024-25,ausnet:NSP27,,,ausnet-annual-pricing-proposal-2024-25,,160,MWh/yr,"ausnet:NSP27|2024-25|consumption_max|6aa527f88a: consumption_max le_unstated 160 MWh/yr; endpoint inclusion is unstated; potential shared-boundary overlaps: ausnet:NEE55|2024-25|consumption_min|1368f689c7, ausnet:NSP55|2024-25|consumption_min|502e25ff0f, ausnet:NSP56|2024-25|consumption_min|96a05330a8"
boundary_inclusivity_unstated/08c30a2598,boundary_inclusivity_unstated,ausnet,2024-25,ausnet:NEN21,,,ausnet-annual-pricing-proposal-2024-25,,160,MWh/yr,"ausnet:NEN21|2024-25|consumption_max|f22afec1f2: consumption_max le_unstated 160 MWh/yr; endpoint inclusion is unstated; potential shared-boundary overlaps: ausnet:NEE55|2024-25|consumption_min|1368f689c7, ausnet:NSP55|2024-25|consumption_min|502e25ff0f, ausnet:NSP56|2024-25|consumption_min|96a05330a8"
boundary_inclusivity_unstated/0919865bee,boundary_inclusivity_unstated,ausnet,2023-24,ausnet:NSP76,,,ausnet-annual-pricing-proposal-2023-24,,2,GWh/yr,ausnet:NSP76|2023-24|consumption_max|8d6f42f6d5: consumption_max le_unstated 2 GWh/yr; endpoint inclusion is unstated; potential shared-boundary overlaps: ausnet:NSP77|2023-24|consumption_min|eecf757bea
boundary_inclusivity_unstated/0b93648945,boundary_inclusivity_unstated,sapn,2025-26,sapn:MBTOUD,,,sapn-initial-pricing-proposal-overview-2025-26-id333252,,40,MWh/yr,"sapn:MBTOUD|2025-26|consumption_min|8b688ca951: consumption_min ge_unstated 40 MWh/yr; endpoint inclusion is unstated; potential shared-boundary overlaps: sapn:SBTOUNE|2025-26|consumption_max|369ceb3016, sapn:SBTOU|2025-26|consumption_max|62386e705c"
boundary_inclusivity_unstated/0c8f0ca756,boundary_inclusivity_unstated,sapn,2023-24,sapn:SBTOU,,,sapn-2023-24-annual-pricing-proposal-revised-8may2023,,160,MWh/yr,"sapn:SBTOU|2023-24|consumption_max|c8d02d5517: consumption_max le_unstated 160 MWh/yr; endpoint inclusion is unstated; potential shared-boundary overlaps: sapn:B2RT|2023-24|consumption_min|74ca3b16ba, sapn:BD|2023-24|consumption_min|74ca3b16ba, sapn:BSRT|2023-24|consumption_min|74ca3b16ba, sapn:LBADF|2023-24|consumption_min|74ca3b16ba, sapn:LBAD|2023-24|consumption_min|74ca3b16ba, sapn:LBGF|2023-24|consumption_min|74ca3b16ba, sapn:LBG|2023-24|consumption_min|74ca3b16ba, sapn:LBMD|2023-24|consumption_min|74ca3b16ba"
boundary_inclusivity_unstated/0d7677ddb9,boundary_inclusivity_unstated,ausgrid,2026-27,ausgrid:EA314,,,aer-consolidated-2026-27-v5,,750,MWh/yr,ausgrid:EA314|2026-27|consumption_max|1bb23c96d8: consumption_max le_unstated 750 MWh/yr; endpoint inclusion is unstated; potential shared-boundary overlaps: none
boundary_inclusivity_unstated/0e2b16189f,boundary_inclusivity_unstated,sapn,2024-25,sapn:BD,,,sapn-2024-25-annual-pricing-proposal-19apr2024,,160,MWh/yr,"sapn:BD|2024-25|consumption_min|3b22a319b1: consumption_min ge_unstated 160 MWh/yr; endpoint inclusion is unstated; potential shared-boundary overlaps: sapn:B2R|2024-25|consumption_max|90f291c101, sapn:BSR|2024-25|consumption_max|90f291c101, sapn:LVUU24|2024-25|consumption_max|90f291c101, sapn:LVUU|2024-25|consumption_max|90f291c101, sapn:M/QOPCL|2024-25|consumption_max|90f291c101, sapn:SBD|2024-25|consumption_max|90f291c101, sapn:SBTOUD|2024-25|consumption_max|90f291c101, sapn:SBTOUE|2024-25|consumption_max|90f291c101, sapn:SBTOU|2024-25|consumption_max|90f291c101"
boundary_inclusivity_unstated/10fa3921e6,boundary_inclusivity_unstated,ausgrid,2024-25,ausgrid:EA314,,,ausgrid-network-price-list-2024-25-wayback20250806,,160,MWh/yr,ausgrid:EA314|2024-25|consumption_min|84991f4529: consumption_min ge_unstated 160 MWh/yr; endpoint inclusion is unstated; potential shared-boundary overlaps: ausgrid:EA302|2024-25|consumption_max|60feb5ce4c
boundary_inclusivity_unstated/1164b0d0b4,boundary_inclusivity_unstated,ausgrid,2025-26,ausgrid:EA302,,,ausgrid-network-price-list-2025-26,,160,MWh/yr,"ausgrid:EA302|2025-26|consumption_max|c6eeec729a: consumption_max le_unstated 160 MWh/yr; endpoint inclusion is unstated; potential shared-boundary overlaps: ausgrid:EA305|2025-26|consumption_min|d0f688f2d7, ausgrid:EA314|2025-26|consumption_min|85d1475c85"
boundary_inclusivity_unstated/11f1e3711f,boundary_inclusivity_unstated,sapn,2025-26,sapn:MBTOUDNE,,,sapn-2025-26-pricing-proposal-overview-14may2025,,160,MWh/yr,sapn:MBTOUDNE|2025-26|consumption_max|6f373af511: consumption_max le_unstated 160 MWh/yr; endpoint inclusion is unstated; potential shared-boundary overlaps: none
boundary_inclusivity_unstated/12ad58e23c,boundary_inclusivity_unstated,sapn,2025-26,sapn:SBTOU,,,sapn-initial-pricing-proposal-overview-2025-26-id333252,,160,MWh/yr,sapn:SBTOU|2025-26|consumption_max|878799195a: consumption_max le_unstated 160 MWh/yr; endpoint inclusion is unstated; potential shared-boundary overlaps: none
boundary_inclusivity_unstated/1410306047,boundary_inclusivity_unstated,ausnet,2026-27,ausnet:NSP75,,,ausnet-network-tariff-schedule-2026-27-20260515,,750,MWh/yr,ausnet:NSP75|2026-27|consumption_max|b6e9f5f742: consumption_max le_unstated 750 MWh/yr; endpoint inclusion is unstated; potential shared-boundary overlaps: ausnet:NSP76|2026-27|consumption_min|07eba04ea0
boundary_inclusivity_unstated/15dbefa683,boundary_inclusivity_unstated,ausnet,2023-24,ausnet:NSP77,,,ausnet-annual-pricing-proposal-2023-24,,4,GWh/yr,ausnet:NSP77|2023-24|consumption_max|7f9ca2cc38: consumption_max le_unstated 4 GWh/yr; endpoint inclusion is unstated; potential shared-boundary overlaps: ausnet:NSP78|2023-24|consumption_min|53f417c5e5
boundary_inclusivity_unstated/17754716ca,boundary_inclusivity_unstated,powerwater,2024-25,powerwater:TARIFF3C,,,pwc-scs-tariffs-2024-25-wayback,,160,MWh/yr,"powerwater:TARIFF3C|2024-25|consumption_min|8e227248df: consumption_min ge_unstated 160 MWh/yr; endpoint inclusion is unstated; potential shared-boundary overlaps: powerwater:TARIFF3A|2024-25|consumption_max|5e89857f01, powerwater:TARIFF3B|2024-25|consumption_max|45aa90fa53"
boundary_inclusivity_unstated/17fe518ff7,boundary_inclusivity_unstated,ausnet,2024-25,ausnet:NASN21,,,ausnet-annual-pricing-proposal-2024-25,,160,MWh/yr,"ausnet:NASN21|2024-25|consumption_max|b36da30ea5: consumption_max le_unstated 160 MWh/yr; endpoint inclusion is unstated; potential shared-boundary overlaps: ausnet:NEE55|2024-25|consumption_min|1368f689c7, ausnet:NSP55|2024-25|consumption_min|502e25ff0f, ausnet:NSP56|2024-25|consumption_min|96a05330a8"
boundary_inclusivity_unstated/19f855af12,boundary_inclusivity_unstated,ausnet,2025-26,ausnet:NSP77,,,ausnet-network-tariff-schedule-2025-26,,2000,MWh/yr,ausnet:NSP77|2025-26|consumption_min|8aa09f38c3: consumption_min ge_unstated 2000 MWh/yr; endpoint inclusion is unstated; potential shared-boundary overlaps: ausnet:NSP76|2025-26|consumption_max|4576a41228
boundary_inclusivity_unstated/1a4593260d,boundary_inclusivity_unstated,ausgrid,2023-24,ausgrid:EA302,,,ausgrid-2023-24-annual-scs-pricing-proposal-31mar2023,,40,MWh/yr,ausgrid:EA302|2023-24|consumption_min|8fdd546d76: consumption_min ge_unstated 40 MWh/yr; endpoint inclusion is unstated; potential shared-boundary overlaps: none
boundary_inclusivity_unstated/1a710aac0a,boundary_inclusivity_unstated,ausnet,2026-27,ausnet:NAT56,,,ausnet-network-tariff-schedule-2026-27-20260515,,160,MWh/yr,ausnet:NAT56|2026-27|consumption_min|39fdeaf0a2: consumption_min ge_unstated 160 MWh/yr; endpoint inclusion is unstated; potential shared-boundary overlaps: none
boundary_inclusivity_unstated/1aa07ffb80,boundary_inclusivity_unstated,ausnet,2025-26,ausnet:NSP56,,,ausnet-network-tariff-schedule-2025-26,,400,MWh/yr,ausnet:NSP56|2025-26|consumption_max|8b1ba0bd1f: consumption_max le_unstated 400 MWh/yr; endpoint inclusion is unstated; potential shared-boundary overlaps: ausnet:NSP75|2025-26|consumption_min|2cc8ee49a1
boundary_inclusivity_unstated/235629285e,boundary_inclusivity_unstated,sapn,2025-26,sapn:MBTOUD,,,sapn-2025-26-pricing-proposal-overview-14may2025,,40,MWh/yr,"sapn:MBTOUD|2025-26|consumption_min|c95e276270: consumption_min ge_unstated 40 MWh/yr; endpoint inclusion is unstated; potential shared-boundary overlaps: sapn:SBTOUNE|2025-26|consumption_max|57822f348a, sapn:SBTOU|2025-26|consumption_max|33b809d722"
boundary_inclusivity_unstated/23d26c02fa,boundary_inclusivity_unstated,ausgrid,2024-25,ausgrid:EA305,,,aer-stakeholder-report-ausgrid-2024-25,,160,MWh/yr,ausgrid:EA305|2024-25|consumption_min|068e86ee42: consumption_min ge_unstated 160 MWh/yr; endpoint inclusion is unstated; potential shared-boundary overlaps: ausgrid:EA302|2024-25|consumption_max|70d4218ea8
boundary_inclusivity_unstated/24222dcd8f,boundary_inclusivity_unstated,ausgrid,2023-24,ausgrid:EA302,,,ausgrid-2023-24-annual-scs-pricing-proposal-31mar2023,,160,MWh/yr,"ausgrid:EA302|2023-24|consumption_max|772d1e0684: consumption_max le_unstated 160 MWh/yr; endpoint inclusion is unstated; potential shared-boundary overlaps: ausgrid:EA305|2023-24|consumption_min|0e1fbfeeae, ausgrid:EA317|2023-24|consumption_min|7e69cef846"
boundary_inclusivity_unstated/24819fa94d,boundary_inclusivity_unstated,ausnet,2023-24,ausnet:NSP55,,,ausnet-annual-pricing-proposal-2023-24,,400,MWh/yr,ausnet:NSP55|2023-24|consumption_max|28938ce250: consumption_max le_unstated 400 MWh/yr; endpoint inclusion is unstated; potential shared-boundary overlaps: ausnet:NSP75|2023-24|consumption_min|bd3971e4f0
boundary_inclusivity_unstated/24d007833e,boundary_inclusivity_unstated,sapn,2025-26,sapn:MBTOUD,,,sapn-initial-pricing-proposal-overview-2025-26-id333252,,160,MWh/yr,sapn:MBTOUD|2025-26|consumption_max|6645415a58: consumption_max le_unstated 160 MWh/yr; endpoint inclusion is unstated; potential shared-boundary overlaps: none
boundary_inclusivity_unstated/2664b9eee1,boundary_inclusivity_unstated,ausnet,2026-27,ausnet:NAT75,,,ausnet-network-tariff-schedule-2026-27-20260515,,400,MWh/yr,"ausnet:NAT75|2026-27|consumption_min|aab0c7bdec: consumption_min ge_unstated 400 MWh/yr; endpoint inclusion is unstated; potential shared-boundary overlaps: ausnet:NAT56|2026-27|consumption_max|f26f042fd9, ausnet:NEN56|2026-27|consumption_max|b53d964184, ausnet:NSP56|2026-27|consumption_max|7dd7aedf05"
boundary_inclusivity_unstated/2670a3df92,boundary_inclusivity_unstated,ausgrid,2024-25,ausgrid:EA314,,,aer-stakeholder-report-ausgrid-2024-25,,160,MWh/yr,ausgrid:EA314|2024-25|consumption_min|d36a91b83b: consumption_min ge_unstated 160 MWh/yr; endpoint inclusion is unstated; potential shared-boundary overlaps: ausgrid:EA302|2024-25|consumption_max|70d4218ea8
boundary_inclusivity_unstated/2710667ed2,boundary_inclusivity_unstated,ausnet,2024-25,ausnet:NEN21,,,ausnet-annual-pricing-proposal-2024-25,,40,MWh/yr,ausnet:NEN21|2024-25|consumption_min|09e4642139: consumption_min ge_unstated 40 MWh/yr; endpoint inclusion is unstated; potential shared-boundary overlaps: none
boundary_inclusivity_unstated/27a15c1d20,boundary_inclusivity_unstated,sapn,2023-24,sapn:LBGF,,,sapn-2023-24-annual-pricing-proposal-revised-8may2023,,160,MWh/yr,"sapn:LBGF|2023-24|consumption_min|74ca3b16ba: consumption_min ge_unstated 160 MWh/yr; endpoint inclusion is unstated; potential shared-boundary overlaps: sapn:B2R|2023-24|consumption_max|c8d02d5517, sapn:BSR|2023-24|consumption_max|c8d02d5517, sapn:LVUU24|2023-24|consumption_max|c8d02d5517, sapn:LVUU|2023-24|consumption_max|c8d02d5517, sapn:M/QOPCL|2023-24|consumption_max|c8d02d5517, sapn:SBD|2023-24|consumption_max|c8d02d5517, sapn:SBTOUD|2023-24|consumption_max|c8d02d5517, sapn:SBTOUE|2023-24|consumption_max|c8d02d5517, sapn:SBTOU|2023-24|consumption_max|c8d02d5517"
boundary_inclusivity_unstated/27ecfbfc30,boundary_inclusivity_unstated,sapn,2024-25,sapn:LBMD,,,sapn-2024-25-annual-pricing-proposal-19apr2024,,160,MWh/yr,"sapn:LBMD|2024-25|consumption_min|3b22a319b1: consumption_min ge_unstated 160 MWh/yr; endpoint inclusion is unstated; potential shared-boundary overlaps: sapn:B2R|2024-25|consumption_max|90f291c101, sapn:BSR|2024-25|consumption_max|90f291c101, sapn:LVUU24|2024-25|consumption_max|90f291c101, sapn:LVUU|2024-25|consumption_max|90f291c101, sapn:M/QOPCL|2024-25|consumption_max|90f291c101, sapn:SBD|2024-25|consumption_max|90f291c101, sapn:SBTOUD|2024-25|consumption_max|90f291c101, sapn:SBTOUE|2024-25|consumption_max|90f291c101, sapn:SBTOU|2024-25|consumption_max|90f291c101"
boundary_inclusivity_unstated/2837ef6acb,boundary_inclusivity_unstated,ausnet,2024-25,ausnet:NSP27,,,ausnet-annual-pricing-proposal-2024-25,,40,MWh/yr,ausnet:NSP27|2024-25|consumption_min|8b2d689686: consumption_min ge_unstated 40 MWh/yr; endpoint inclusion is unstated; potential shared-boundary overlaps: none
boundary_inclusivity_unstated/290ba407d1,boundary_inclusivity_unstated,ausnet,2024-25,ausnet:NEE55,,,ausnet-annual-pricing-proposal-2024-25,,160,MWh/yr,"ausnet:NEE55|2024-25|consumption_min|1368f689c7: consumption_min ge_unstated 160 MWh/yr; endpoint inclusion is unstated; potential shared-boundary overlaps: ausnet:NASN19|2024-25|consumption_max|9e96e2d062, ausnet:NASN21|2024-25|consumption_max|b36da30ea5, ausnet:NASN2P|2024-25|consumption_max|1484ab079e, ausnet:NEN21|2024-25|consumption_max|f22afec1f2, ausnet:NSP27|2024-25|consumption_max|6aa527f88a, ausnet:SSP27|2024-25|consumption_max|e6422deaa0"
boundary_inclusivity_unstated/2a0b8dd77e,boundary_inclusivity_unstated,ausgrid,2025-26,ausgrid:EA305,,,aer-consolidated-2025-26-v5,,750,MWh/yr,ausgrid:EA305|2025-26|consumption_max|e599e368b6: consumption_max le_unstated 750 MWh/yr; endpoint inclusion is unstated; potential shared-boundary overlaps: none
boundary_inclusivity_unstated/2a6a159afa,boundary_inclusivity_unstated,ausnet,2025-26,ausnet:NSP76,,,ausnet-network-tariff-schedule-2025-26,,2000,MWh/yr,ausnet:NSP76|2025-26|consumption_max|4576a41228: consumption_max le_unstated 2000 MWh/yr; endpoint inclusion is unstated; potential shared-boundary overlaps: ausnet:NSP77|2025-26|consumption_min|8aa09f38c3
boundary_inclusivity_unstated/2c2ebe0aff,boundary_inclusivity_unstated,ausnet,2023-24,ausnet:NSP75,,,ausnet-annual-pricing-proposal-2023-24,,750,MWh/yr,ausnet:NSP75|2023-24|consumption_max|25b6931873: consumption_max le_unstated 750 MWh/yr; endpoint inclusion is unstated; potential shared-boundary overlaps: ausnet:NSP76|2023-24|consumption_min|7d10ac7fe4
boundary_inclusivity_unstated/2e922f270a,boundary_inclusivity_unstated,ausgrid,2026-27,ausgrid:EA302,,,aer-consolidated-2026-27-v5,,100,MWh/yr,ausgrid:EA302|2026-27|consumption_min|5cfc66ebbe: consumption_min ge_unstated 100 MWh/yr; endpoint inclusion is unstated; potential shared-boundary overlaps: none
boundary_inclusivity_unstated/3213640bc3,boundary_inclusivity_unstated,ausnet,2026-27,ausnet:NEN56,,,ausnet-network-tariff-schedule-2026-27-20260515,,160,MWh/yr,ausnet:NEN56|2026-27|consumption_min|4298ac8ae2: consumption_min ge_unstated 160 MWh/yr; endpoint inclusion is unstated; potential shared-boundary overlaps: none
boundary_inclusivity_unstated/3231cf0714,boundary_inclusivity_unstated,ausgrid,2025-26,ausgrid:EA302,,,aer-consolidated-2025-26-v5,,160,MWh/yr,"ausgrid:EA302|2025-26|consumption_max|a9d4607780: consumption_max le_unstated 160 MWh/yr; endpoint inclusion is unstated; potential shared-boundary overlaps: ausgrid:EA305|2025-26|consumption_min|6b37a9ce37, ausgrid:EA314|2025-26|consumption_min|9aa5b94434"
boundary_inclusivity_unstated/33900ccd65,boundary_inclusivity_unstated,ausgrid,2023-24,ausgrid:EA317,,,ausgrid-2023-24-annual-scs-pricing-proposal-31mar2023,,750,MWh/yr,ausgrid:EA317|2023-24|consumption_max|567c925277: consumption_max le_unstated 750 MWh/yr; endpoint inclusion is unstated; potential shared-boundary overlaps: none
boundary_inclusivity_unstated/3607865ee5,boundary_inclusivity_unstated,sapn,2025-26,sapn:MBTOUD,,,sapn-initial-pricing-proposal-overview-2025-26-id333252,,160,MWh/yr,sapn:MBTOUD|2025-26|consumption_max|dcef7c9861: consumption_max le_unstated 160 MWh/yr; endpoint inclusion is unstated; potential shared-boundary overlaps: none
boundary_inclusivity_unstated/3730db4b43,boundary_inclusivity_unstated,ausnet,2024-25,ausnet:NEE55,,,ausnet-annual-pricing-proposal-2024-25,,400,MWh/yr,ausnet:NEE55|2024-25|consumption_max|4449a9d893: consumption_max le_unstated 400 MWh/yr; endpoint inclusion is unstated; potential shared-boundary overlaps: ausnet:NSP75|2024-25|consumption_min|7dcc7cb8bb
boundary_inclusivity_unstated/3780d5b9a6,boundary_inclusivity_unstated,evoenergy,2023-24,evoenergy:020,,,evoenergy-statement-of-tariff-classes-and-tariffs-2023-24,,5000,kWh/yr,evoenergy:020|2023-24|consumption_min|3c4d7b2a62: consumption_min ge_unstated 5000 kWh/yr; endpoint inclusion is unstated; potential shared-boundary overlaps: none
boundary_inclusivity_unstated/37e1f6636a,boundary_inclusivity_unstated,sapn,2023-24,sapn:B2R,,,sapn-2023-24-annual-pricing-proposal-revised-8may2023,,160,MWh/yr,"sapn:B2R|2023-24|consumption_max|c8d02d5517: consumption_max le_unstated 160 MWh/yr; endpoint inclusion is unstated; potential shared-boundary overlaps: sapn:B2RT|2023-24|consumption_min|74ca3b16ba, sapn:BD|2023-24|consumption_min|74ca3b16ba, sapn:BSRT|2023-24|consumption_min|74ca3b16ba, sapn:LBADF|2023-24|consumption_min|74ca3b16ba, sapn:LBAD|2023-24|consumption_min|74ca3b16ba, sapn:LBGF|2023-24|consumption_min|74ca3b16ba, sapn:LBG|2023-24|consumption_min|74ca3b16ba, sapn:LBMD|2023-24|consumption_min|74ca3b16ba"
boundary_inclusivity_unstated/38b3afe397,boundary_inclusivity_unstated,sapn,2023-24,sapn:BD,,,sapn-2023-24-annual-pricing-proposal-revised-8may2023,,160,MWh/yr,"sapn:BD|2023-24|consumption_min|74ca3b16ba: consumption_min ge_unstated 160 MWh/yr; endpoint inclusion is unstated; potential shared-boundary overlaps: sapn:B2R|2023-24|consumption_max|c8d02d5517, sapn:BSR|2023-24|consumption_max|c8d02d5517, sapn:LVUU24|2023-24|consumption_max|c8d02d5517, sapn:LVUU|2023-24|consumption_max|c8d02d5517, sapn:M/QOPCL|2023-24|consumption_max|c8d02d5517, sapn:SBD|2023-24|consumption_max|c8d02d5517, sapn:SBTOUD|2023-24|consumption_max|c8d02d5517, sapn:SBTOUE|2023-24|consumption_max|c8d02d5517, sapn:SBTOU|2023-24|consumption_max|c8d02d5517"
boundary_inclusivity_unstated/3953054266,boundary_inclusivity_unstated,ausnet,2026-27,ausnet:NAT75,,,ausnet-network-tariff-schedule-2026-27-20260515,,750,MWh/yr,ausnet:NAT75|2026-27|consumption_max|226264af47: consumption_max le_unstated 750 MWh/yr; endpoint inclusion is unstated; potential shared-boundary overlaps: ausnet:NSP76|2026-27|consumption_min|07eba04ea0
boundary_inclusivity_unstated/3ab9a80c76,boundary_inclusivity_unstated,ausgrid,2023-24,ausgrid:EA316,,,ausgrid-2023-24-annual-scs-pricing-proposal-31mar2023,,160,MWh/yr,"ausgrid:EA316|2023-24|consumption_max|63924dd83b: consumption_max le_unstated 160 MWh/yr; endpoint inclusion is unstated; potential shared-boundary overlaps: ausgrid:EA305|2023-24|consumption_min|0e1fbfeeae, ausgrid:EA317|2023-24|consumption_min|7e69cef846"
boundary_inclusivity_unstated/3acb5fae19,boundary_inclusivity_unstated,ausnet,2025-26,ausnet:NSP56,,,ausnet-network-tariff-schedule-2025-26,,160,MWh/yr,ausnet:NSP56|2025-26|consumption_min|441058f638: consumption_min ge_unstated 160 MWh/yr; endpoint inclusion is unstated; potential shared-boundary overlaps: none
boundary_inclusivity_unstated/3ae00b8915,boundary_inclusivity_unstated,ausnet,2023-24,ausnet:NSP27,,,ausnet-annual-pricing-proposal-2023-24,,40,MWh/yr,ausnet:NSP27|2023-24|consumption_min|d0c452978d: consumption_min ge_unstated 40 MWh/yr; endpoint inclusion is unstated; potential shared-boundary overlaps: none
boundary_inclusivity_unstated/3dda7e4cce,boundary_inclusivity_unstated,powerwater,2025-26,powerwater:TARIFF3C,,,pwc-scs-tariffs-2025-26-210525-wayback,,750,MWh/yr,powerwater:TARIFF3C|2025-26|consumption_max|e117924664: consumption_max le_unstated 750 MWh/yr; endpoint inclusion is unstated; potential shared-boundary overlaps: none
boundary_inclusivity_unstated/42cd87cdbd,boundary_inclusivity_unstated,ausnet,2026-27,ausnet:NSP75,,,ausnet-network-tariff-schedule-2026-27-20260515,,400,MWh/yr,"ausnet:NSP75|2026-27|consumption_min|c8b1e7371c: consumption_min ge_unstated 400 MWh/yr; endpoint inclusion is unstated; potential shared-boundary overlaps: ausnet:NAT56|2026-27|consumption_max|f26f042fd9, ausnet:NEN56|2026-27|consumption_max|b53d964184, ausnet:NSP56|2026-27|consumption_max|7dd7aedf05"
boundary_inclusivity_unstated/44c5b46793,boundary_inclusivity_unstated,ausnet,2023-24,ausnet:NASN19,,,ausnet-annual-pricing-proposal-2023-24,,160,MWh/yr,"ausnet:NASN19|2023-24|consumption_max|d5d1bb4f98: consumption_max le_unstated 160 MWh/yr; endpoint inclusion is unstated; potential shared-boundary overlaps: ausnet:NEE55|2023-24|consumption_min|42cf1d9b72, ausnet:NSP55|2023-24|consumption_min|6fcc8e4d8b, ausnet:NSP56|2023-24|consumption_min|6618a17968"
boundary_inclusivity_unstated/466af58361,boundary_inclusivity_unstated,ausnet,2023-24,ausnet:SSP27,,,ausnet-annual-pricing-proposal-2023-24,,40,MWh/yr,ausnet:SSP27|2023-24|consumption_min|ac04cfae1c: consumption_min ge_unstated 40 MWh/yr; endpoint inclusion is unstated; potential shared-boundary overlaps: none
boundary_inclusivity_unstated/4680e49ce7,boundary_inclusivity_unstated,ausgrid,2024-25,ausgrid:EA302,,,ausgrid-network-price-list-2024-25-wayback20250806,,160,MWh/yr,"ausgrid:EA302|2024-25|consumption_max|60feb5ce4c: consumption_max le_unstated 160 MWh/yr; endpoint inclusion is unstated; potential shared-boundary overlaps: ausgrid:EA305|2024-25|consumption_min|aa4178e17a, ausgrid:EA314|2024-25|consumption_min|84991f4529"
boundary_inclusivity_unstated/49aaf8c38a,boundary_inclusivity_unstated,ausnet,2025-26,ausnet:NSP76,,,ausnet-network-tariff-schedule-2025-26,,750,MWh/yr,ausnet:NSP76|2025-26|consumption_min|3da56e0a8b: consumption_min ge_unstated 750 MWh/yr; endpoint inclusion is unstated; potential shared-boundary overlaps: ausnet:NSP75|2025-26|consumption_max|72fb1128b9
boundary_inclusivity_unstated/4a4dd66cdd,boundary_inclusivity_unstated,ausnet,2026-27,ausnet:NEN56,,,ausnet-network-tariff-schedule-2026-27-20260515,,400,MWh/yr,"ausnet:NEN56|2026-27|consumption_max|b53d964184: consumption_max le_unstated 400 MWh/yr; endpoint inclusion is unstated; potential shared-boundary overlaps: ausnet:NAT75|2026-27|consumption_min|aab0c7bdec, ausnet:NSP75|2026-27|consumption_min|c8b1e7371c"
boundary_inclusivity_unstated/4badf54995,boundary_inclusivity_unstated,sapn,2024-25,sapn:LBG,,,sapn-2024-25-annual-pricing-proposal-19apr2024,,160,MWh/yr,"sapn:LBG|2024-25|consumption_min|3b22a319b1: consumption_min ge_unstated 160 MWh/yr; endpoint inclusion is unstated; potential shared-boundary overlaps: sapn:B2R|2024-25|consumption_max|90f291c101, sapn:BSR|2024-25|consumption_max|90f291c101, sapn:LVUU24|2024-25|consumption_max|90f291c101, sapn:LVUU|2024-25|consumption_max|90f291c101, sapn:M/QOPCL|2024-25|consumption_max|90f291c101, sapn:SBD|2024-25|consumption_max|90f291c101, sapn:SBTOUD|2024-25|consumption_max|90f291c101, sapn:SBTOUE|2024-25|consumption_max|90f291c101, sapn:SBTOU|2024-25|consumption_max|90f291c101"
boundary_inclusivity_unstated/4d1a7c51e0,boundary_inclusivity_unstated,ausnet,2024-25,ausnet:SSP27,,,ausnet-annual-pricing-proposal-2024-25,,160,MWh/yr,"ausnet:SSP27|2024-25|consumption_max|e6422deaa0: consumption_max le_unstated 160 MWh/yr; endpoint inclusion is unstated; potential shared-boundary overlaps: ausnet:NEE55|2024-25|consumption_min|1368f689c7, ausnet:NSP55|2024-25|consumption_min|502e25ff0f, ausnet:NSP56|2024-25|consumption_min|96a05330a8"
boundary_inclusivity_unstated/4dba17ad5b,boundary_inclusivity_unstated,ausgrid,2024-25,ausgrid:EA314,,,ausgrid-network-price-list-2024-25-wayback20250806,,750,MWh/yr,ausgrid:EA314|2024-25|consumption_max|3f2130bceb: consumption_max le_unstated 750 MWh/yr; endpoint inclusion is unstated; potential shared-boundary overlaps: none
boundary_inclusivity_unstated/4e76d3750e,boundary_inclusivity_unstated,sapn,2023-24,sapn:SBTOUE,,,sapn-2023-24-annual-pricing-proposal-revised-8may2023,,160,MWh/yr,"sapn:SBTOUE|2023-24|consumption_max|c8d02d5517: consumption_max le_unstated 160 MWh/yr; endpoint inclusion is unstated; potential shared-boundary overlaps: sapn:B2RT|2023-24|consumption_min|74ca3b16ba, sapn:BD|2023-24|consumption_min|74ca3b16ba, sapn:BSRT|2023-24|consumption_min|74ca3b16ba, sapn:LBADF|2023-24|consumption_min|74ca3b16ba, sapn:LBAD|2023-24|consumption_min|74ca3b16ba, sapn:LBGF|2023-24|consumption_min|74ca3b16ba, sapn:LBG|2023-24|consumption_min|74ca3b16ba, sapn:LBMD|2023-24|consumption_min|74ca3b16ba"
boundary_inclusivity_unstated/4f4419602a,boundary_inclusivity_unstated,sapn,2023-24,sapn:BSR,,,sapn-2023-24-annual-pricing-proposal-revised-8may2023,,160,MWh/yr,"sapn:BSR|2023-24|consumption_max|c8d02d5517: consumption_max le_unstated 160 MWh/yr; endpoint inclusion is unstated; potential shared-boundary overlaps: sapn:B2RT|2023-24|consumption_min|74ca3b16ba, sapn:BD|2023-24|consumption_min|74ca3b16ba, sapn:BSRT|2023-24|consumption_min|74ca3b16ba, sapn:LBADF|2023-24|consumption_min|74ca3b16ba, sapn:LBAD|2023-24|consumption_min|74ca3b16ba, sapn:LBGF|2023-24|consumption_min|74ca3b16ba, sapn:LBG|2023-24|consumption_min|74ca3b16ba, sapn:LBMD|2023-24|consumption_min|74ca3b16ba"
boundary_inclusivity_unstated/51afdcccb9,boundary_inclusivity_unstated,sapn,2024-25,sapn:LVUU,,,sapn-2024-25-annual-pricing-proposal-19apr2024,,160,MWh/yr,"sapn:LVUU|2024-25|consumption_max|90f291c101: consumption_max le_unstated 160 MWh/yr; endpoint inclusion is unstated; potential shared-boundary overlaps: sapn:B2RT|2024-25|consumption_min|3b22a319b1, sapn:BD|2024-25|consumption_min|3b22a319b1, sapn:BSRT|2024-25|consumption_min|3b22a319b1, sapn:LBADF|2024-25|consumption_min|3b22a319b1, sapn:LBAD|2024-25|consumption_min|3b22a319b1, sapn:LBGF|2024-25|consumption_min|3b22a319b1, sapn:LBG|2024-25|consumption_min|3b22a319b1, sapn:LBMD|2024-25|consumption_min|3b22a319b1"
boundary_inclusivity_unstated/51b5203553,boundary_inclusivity_unstated,ausnet,2026-27,ausnet:NSP77,,,ausnet-network-tariff-schedule-2026-27-20260515,,2000,MWh/yr,ausnet:NSP77|2026-27|consumption_min|a20287b305: consumption_min ge_unstated 2000 MWh/yr; endpoint inclusion is unstated; potential shared-boundary overlaps: ausnet:NSP76|2026-27|consumption_max|a45935bd07
boundary_inclusivity_unstated/54054a2821,boundary_inclusivity_unstated,ausnet,2026-27,ausnet:NAT56,,,ausnet-network-tariff-schedule-2026-27-20260515,,400,MWh/yr,"ausnet:NAT56|2026-27|consumption_max|f26f042fd9: consumption_max le_unstated 400 MWh/yr; endpoint inclusion is unstated; potential shared-boundary overlaps: ausnet:NAT75|2026-27|consumption_min|aab0c7bdec, ausnet:NSP75|2026-27|consumption_min|c8b1e7371c"
boundary_inclusivity_unstated/5454ebb4a5,boundary_inclusivity_unstated,ausnet,2026-27,ausnet:NSP77,,,ausnet-network-tariff-schedule-2026-27-20260515,,4000,MWh/yr,ausnet:NSP77|2026-27|consumption_max|632342ae7e: consumption_max le_unstated 4000 MWh/yr; endpoint inclusion is unstated; potential shared-boundary overlaps: none
boundary_inclusivity_unstated/55368ff266,boundary_inclusivity_unstated,sapn,2025-26,sapn:SBTOU,,,sapn-initial-pricing-proposal-overview-2025-26-id333252,,40,MWh/yr,"sapn:SBTOU|2025-26|consumption_max|62386e705c: consumption_max le_unstated 40 MWh/yr; endpoint inclusion is unstated; potential shared-boundary overlaps: sapn:MBTOUDNE|2025-26|consumption_min|fec593e25d, sapn:MBTOUD|2025-26|consumption_min|8b688ca951"
boundary_inclusivity_unstated/5674bd80a4,boundary_inclusivity_unstated,ausgrid,2025-26,ausgrid:EA302,,,aer-consolidated-2025-26-v5,,80,MWh/yr,ausgrid:EA302|2025-26|consumption_min|05375a5ef9: consumption_min ge_unstated 80 MWh/yr; endpoint inclusion is unstated; potential shared-boundary overlaps: none
boundary_inclusivity_unstated/57cb4aa861,boundary_inclusivity_unstated,ausnet,2026-27,ausnet:NSP56,,,ausnet-network-tariff-schedule-2026-27-20260515,,160,MWh/yr,ausnet:NSP56|2026-27|consumption_min|781463be88: consumption_min ge_unstated 160 MWh/yr; endpoint inclusion is unstated; potential shared-boundary overlaps: none
boundary_inclusivity_unstated/5805ec9e82,boundary_inclusivity_unstated,ausgrid,2026-27,ausgrid:EA302,,,ausgrid-network-price-list-2026-27,,160,MWh/yr,"ausgrid:EA302|2026-27|consumption_max|49d78e187d: consumption_max le_unstated 160 MWh/yr; endpoint inclusion is unstated; potential shared-boundary overlaps: ausgrid:EA305|2026-27|consumption_min|2e10e41c50, ausgrid:EA314|2026-27|consumption_min|a61d5aa531"
boundary_inclusivity_unstated/592d5fab98,boundary_inclusivity_unstated,powerwater,2024-25,powerwater:TARIFF3C,,,pwc-scs-tariffs-2024-25-wayback,,750,MWh/yr,powerwater:TARIFF3C|2024-25|consumption_max|aaace863c6: consumption_max le_unstated 750 MWh/yr; endpoint inclusion is unstated; potential shared-boundary overlaps: none
boundary_inclusivity_unstated/5b88405bea,boundary_inclusivity_unstated,ausnet,2024-25,ausnet:NSP77,,,ausnet-annual-pricing-proposal-2024-25,,2,GWh/yr,ausnet:NSP77|2024-25|consumption_min|39b4ad6047: consumption_min ge_unstated 2 GWh/yr; endpoint inclusion is unstated; potential shared-boundary overlaps: ausnet:NSP76|2024-25|consumption_max|d588b17b42
boundary_inclusivity_unstated/5ef935aa58,boundary_inclusivity_unstated,ausnet,2024-25,ausnet:NSP77,,,ausnet-2024-25-schedule-of-tariffs-28mar2024,,4000,MWh/yr,ausnet:NSP77|2024-25|consumption_max|26283e901c: consumption_max le_unstated 4000 MWh/yr; endpoint inclusion is unstated; potential shared-boundary overlaps: none
boundary_inclusivity_unstated/5f19e672f0,boundary_inclusivity_unstated,ausgrid,2024-25,ausgrid:EA314,,,aer-stakeholder-report-ausgrid-2024-25,,750,MWh/yr,ausgrid:EA314|2024-25|consumption_max|eb6410f02d: consumption_max le_unstated 750 MWh/yr; endpoint inclusion is unstated; potential shared-boundary overlaps: none
boundary_inclusivity_unstated/5f71761161,boundary_inclusivity_unstated,ausnet,2024-25,ausnet:NSSL01T,,,ausnet-annual-pricing-proposal-2024-25,,1,MW,ausnet:NSSL01T|2024-25|demand_max|22c53886b7: demand_max le_unstated 1 MW; endpoint inclusion is unstated; potential shared-boundary overlaps: none
boundary_inclusivity_unstated/61211848dd,boundary_inclusivity_unstated,sapn,2025-26,sapn:SBTOU,,,sapn-2025-26-pricing-proposal-overview-14may2025,,40,MWh/yr,"sapn:SBTOU|2025-26|consumption_max|33b809d722: consumption_max le_unstated 40 MWh/yr; endpoint inclusion is unstated; potential shared-boundary overlaps: sapn:MBTOUDNE|2025-26|consumption_min|dbf96f8492, sapn:MBTOUD|2025-26|consumption_min|c95e276270"
boundary_inclusivity_unstated/614616ece3,boundary_inclusivity_unstated,ausnet,2024-25,ausnet:NSP75,,,ausnet-2024-25-schedule-of-tariffs-28mar2024,,750,MWh/yr,ausnet:NSP75|2024-25|consumption_max|3a427d7ee1: consumption_max le_unstated 750 MWh/yr; endpoint inclusion is unstated; potential shared-boundary overlaps: ausnet:NSP76|2024-25|consumption_min|2b3ca5e7e6
boundary_inclusivity_unstated/61cae68fd8,boundary_inclusivity_unstated,ausnet,2024-25,ausnet:NSP76,,,ausnet-annual-pricing-proposal-2024-25,,2,GWh/yr,ausnet:NSP76|2024-25|consumption_max|d588b17b42: consumption_max le_unstated 2 GWh/yr; endpoint inclusion is unstated; potential shared-boundary overlaps: ausnet:NSP77|2024-25|consumption_min|39b4ad6047
boundary_inclusivity_unstated/6267008b0d,boundary_inclusivity_unstated,ausnet,2024-25,ausnet:NSP56,,,ausnet-annual-pricing-proposal-2024-25,,160,MWh/yr,"ausnet:NSP56|2024-25|consumption_min|96a05330a8: consumption_min ge_unstated 160 MWh/yr; endpoint inclusion is unstated; potential shared-boundary overlaps: ausnet:NASN19|2024-25|consumption_max|9e96e2d062, ausnet:NASN21|2024-25|consumption_max|b36da30ea5, ausnet:NASN2P|2024-25|consumption_max|1484ab079e, ausnet:NEN21|2024-25|consumption_max|f22afec1f2, ausnet:NSP27|2024-25|consumption_max|6aa527f88a, ausnet:SSP27|2024-25|consumption_max|e6422deaa0"
boundary_inclusivity_unstated/627c813a4b,boundary_inclusivity_unstated,ausgrid,2023-24,ausgrid:EA305,,,ausgrid-2023-24-annual-scs-pricing-proposal-31mar2023,,160,MWh/yr,"ausgrid:EA305|2023-24|consumption_min|0e1fbfeeae: consumption_min ge_unstated 160 MWh/yr; endpoint inclusion is unstated; potential shared-boundary overlaps: ausgrid:EA302|2023-24|consumption_max|772d1e0684, ausgrid:EA316|2023-24|consumption_max|63924dd83b"
boundary_inclusivity_unstated/649844b14e,boundary_inclusivity_unstated,sapn,2025-26,sapn:SBTOUNE,,,sapn-2025-26-pricing-proposal-overview-14may2025,,160,MWh/yr,sapn:SBTOUNE|2025-26|consumption_max|ee2df14e53: consumption_max le_unstated 160 MWh/yr; endpoint inclusion is unstated; potential shared-boundary overlaps: none
boundary_inclusivity_unstated/64e6d8dbc3,boundary_inclusivity_unstated,ausnet,2026-27,ausnet:NSP76,,,ausnet-network-tariff-schedule-2026-27-20260515,,750,MWh/yr,"ausnet:NSP76|2026-27|consumption_min|07eba04ea0: consumption_min ge_unstated 750 MWh/yr; endpoint inclusion is unstated; potential shared-boundary overlaps: ausnet:NAT75|2026-27|consumption_max|226264af47, ausnet:NSP75|2026-27|consumption_max|b6e9f5f742"
boundary_inclusivity_unstated/64fa9e0a51,boundary_inclusivity_unstated,ausgrid,2024-25,ausgrid:EA305,,,aer-stakeholder-report-ausgrid-2024-25,,750,MWh/yr,ausgrid:EA305|2024-25|consumption_max|7aa31b6d7d: consumption_max le_unstated 750 MWh/yr; endpoint inclusion is unstated; potential shared-boundary overlaps: none
boundary_inclusivity_unstated/653ac3e82e,boundary_inclusivity_unstated,ausnet,2025-26,ausnet:NEN56,,,ausnet-network-tariff-schedule-2025-26,,400,MWh/yr,ausnet:NEN56|2025-26|consumption_max|c3bd373fd0: consumption_max le_unstated 400 MWh/yr; endpoint inclusion is unstated; potential shared-boundary overlaps: ausnet:NSP75|2025-26|consumption_min|2cc8ee49a1
boundary_inclusivity_unstated/6543fe51fb,boundary_inclusivity_unstated,ausgrid,2024-25,ausgrid:EA305,,,ausgrid-network-price-list-2024-25-wayback20250806,,750,MWh/yr,ausgrid:EA305|2024-25|consumption_max|fbbde0bf10: consumption_max le_unstated 750 MWh/yr; endpoint inclusion is unstated; potential shared-boundary overlaps: none
boundary_inclusivity_unstated/6991c23425,boundary_inclusivity_unstated,ausgrid,2023-24,ausgrid:EA316,,,ausgrid-2023-24-annual-scs-pricing-proposal-31mar2023,,40,MWh/yr,ausgrid:EA316|2023-24|consumption_min|e07fa8217f: consumption_min ge_unstated 40 MWh/yr; endpoint inclusion is unstated; potential shared-boundary overlaps: none
boundary_inclusivity_unstated/69c46ef9a9,boundary_inclusivity_unstated,ausnet,2025-26,ausnet:NSP77,,,ausnet-network-tariff-schedule-2025-26,,4000,MWh/yr,ausnet:NSP77|2025-26|consumption_max|fcfc85fbdd: consumption_max le_unstated 4000 MWh/yr; endpoint inclusion is unstated; potential shared-boundary overlaps: none
boundary_inclusivity_unstated/6ad0d61bf9,boundary_inclusivity_unstated,ausnet,2023-24,ausnet:NEN21,,,ausnet-annual-pricing-proposal-2023-24,,40,MWh/yr,ausnet:NEN21|2023-24|consumption_min|285ee9cb56: consumption_min ge_unstated 40 MWh/yr; endpoint inclusion is unstated; potential shared-boundary overlaps: none
boundary_inclusivity_unstated/6ba0bcfbb3,boundary_inclusivity_unstated,ausnet,2024-25,ausnet:NSP75,,,ausnet-2024-25-schedule-of-tariffs-28mar2024,,400,MWh/yr,"ausnet:NSP75|2024-25|consumption_min|7ef9825be1: consumption_min ge_unstated 400 MWh/yr; endpoint inclusion is unstated; potential shared-boundary overlaps: ausnet:NEN56|2024-25|consumption_max|b75a79cec9, ausnet:NSP56|2024-25|consumption_max|6f392734d1"
boundary_inclusivity_unstated/6c2617e826,boundary_inclusivity_unstated,ausgrid,2024-25,ausgrid:EA305,,,ausgrid-network-price-list-2024-25-wayback20250806,,160,MWh/yr,ausgrid:EA305|2024-25|consumption_min|aa4178e17a: consumption_min ge_unstated 160 MWh/yr; endpoint inclusion is unstated; potential shared-boundary overlaps: ausgrid:EA302|2024-25|consumption_max|60feb5ce4c
boundary_inclusivity_unstated/6e94ad5d89,boundary_inclusivity_unstated,powerwater,2025-26,powerwater:TARIFF3A,,,pwc-scs-tariffs-2025-26-210525-wayback,,160,MWh/yr,powerwater:TARIFF3A|2025-26|consumption_max|e965194c47: consumption_max le_unstated 160 MWh/yr; endpoint inclusion is unstated; potential shared-boundary overlaps: powerwater:TARIFF3C|2025-26|consumption_min|55afc2cee2
boundary_inclusivity_unstated/7275af8e37,boundary_inclusivity_unstated,ausgrid,2025-26,ausgrid:EA314,,,aer-consolidated-2025-26-v5,,160,MWh/yr,ausgrid:EA314|2025-26|consumption_min|9aa5b94434: consumption_min ge_unstated 160 MWh/yr; endpoint inclusion is unstated; potential shared-boundary overlaps: ausgrid:EA302|2025-26|consumption_max|a9d4607780
boundary_inclusivity_unstated/74c2d830fd,boundary_inclusivity_unstated,evoenergy,2023-24,evoenergy:021,,,evoenergy-statement-of-tariff-classes-and-tariffs-2023-24,,5000,kWh/yr,evoenergy:021|2023-24|consumption_min|3c4d7b2a62: consumption_min ge_unstated 5000 kWh/yr; endpoint inclusion is unstated; potential shared-boundary overlaps: none
boundary_inclusivity_unstated/79ec303b7b,boundary_inclusivity_unstated,ausnet,2023-24,ausnet:SSP27,,,ausnet-annual-pricing-proposal-2023-24,,160,MWh/yr,"ausnet:SSP27|2023-24|consumption_max|fafc966901: consumption_max le_unstated 160 MWh/yr; endpoint inclusion is unstated; potential shared-boundary overlaps: ausnet:NEE55|2023-24|consumption_min|42cf1d9b72, ausnet:NSP55|2023-24|consumption_min|6fcc8e4d8b, ausnet:NSP56|2023-24|consumption_min|6618a17968"
boundary_inclusivity_unstated/7ac4430b38,boundary_inclusivity_unstated,ausnet,2024-25,ausnet:NSP75,,,ausnet-annual-pricing-proposal-2024-25,,400,MWh/yr,"ausnet:NSP75|2024-25|consumption_min|7dcc7cb8bb: consumption_min ge_unstated 400 MWh/yr; endpoint inclusion is unstated; potential shared-boundary overlaps: ausnet:NEE55|2024-25|consumption_max|4449a9d893, ausnet:NSP55|2024-25|consumption_max|d6da4f6386, ausnet:NSP56|2024-25|consumption_max|7b302fdf8c"
boundary_inclusivity_unstated/7d53c1db33,boundary_inclusivity_unstated,sapn,2024-25,sapn:LVUU24,,,sapn-2024-25-annual-pricing-proposal-19apr2024,,160,MWh/yr,"sapn:LVUU24|2024-25|consumption_max|90f291c101: consumption_max le_unstated 160 MWh/yr; endpoint inclusion is unstated; potential shared-boundary overlaps: sapn:B2RT|2024-25|consumption_min|3b22a319b1, sapn:BD|2024-25|consumption_min|3b22a319b1, sapn:BSRT|2024-25|consumption_min|3b22a319b1, sapn:LBADF|2024-25|consumption_min|3b22a319b1, sapn:LBAD|2024-25|consumption_min|3b22a319b1, sapn:LBGF|2024-25|consumption_min|3b22a319b1, sapn:LBG|2024-25|consumption_min|3b22a319b1, sapn:LBMD|2024-25|consumption_min|3b22a319b1"
boundary_inclusivity_unstated/7d73f848c1,boundary_inclusivity_unstated,ausnet,2023-24,ausnet:NASN2P,,,ausnet-annual-pricing-proposal-2023-24,,160,MWh/yr,"ausnet:NASN2P|2023-24|consumption_max|c789c23429: consumption_max le_unstated 160 MWh/yr; endpoint inclusion is unstated; potential shared-boundary overlaps: ausnet:NEE55|2023-24|consumption_min|42cf1d9b72, ausnet:NSP55|2023-24|consumption_min|6fcc8e4d8b, ausnet:NSP56|2023-24|consumption_min|6618a17968"
boundary_inclusivity_unstated/7f3acfb609,boundary_inclusivity_unstated,sapn,2023-24,sapn:BSRT,,,sapn-2023-24-annual-pricing-proposal-revised-8may2023,,160,MWh/yr,"sapn:BSRT|2023-24|consumption_min|74ca3b16ba: consumption_min ge_unstated 160 MWh/yr; endpoint inclusion is unstated; potential shared-boundary overlaps: sapn:B2R|2023-24|consumption_max|c8d02d5517, sapn:BSR|2023-24|consumption_max|c8d02d5517, sapn:LVUU24|2023-24|consumption_max|c8d02d5517, sapn:LVUU|2023-24|consumption_max|c8d02d5517, sapn:M/QOPCL|2023-24|consumption_max|c8d02d5517, sapn:SBD|2023-24|consumption_max|c8d02d5517, sapn:SBTOUD|2023-24|consumption_max|c8d02d5517, sapn:SBTOUE|2023-24|consumption_max|c8d02d5517, sapn:SBTOU|2023-24|consumption_max|c8d02d5517"
boundary_inclusivity_unstated/8201078469,boundary_inclusivity_unstated,ausgrid,2026-27,ausgrid:EA314,,,aer-consolidated-2026-27-v5,,160,MWh/yr,ausgrid:EA314|2026-27|consumption_min|6cbac1dd01: consumption_min ge_unstated 160 MWh/yr; endpoint inclusion is unstated; potential shared-boundary overlaps: ausgrid:EA302|2026-27|consumption_max|15527bd2c0
boundary_inclusivity_unstated/86ff67399f,boundary_inclusivity_unstated,sapn,2024-25,sapn:LBAD,,,sapn-2024-25-annual-pricing-proposal-19apr2024,,160,MWh/yr,"sapn:LBAD|2024-25|consumption_min|3b22a319b1: consumption_min ge_unstated 160 MWh/yr; endpoint inclusion is unstated; potential shared-boundary overlaps: sapn:B2R|2024-25|consumption_max|90f291c101, sapn:BSR|2024-25|consumption_max|90f291c101, sapn:LVUU24|2024-25|consumption_max|90f291c101, sapn:LVUU|2024-25|consumption_max|90f291c101, sapn:M/QOPCL|2024-25|consumption_max|90f291c101, sapn:SBD|2024-25|consumption_max|90f291c101, sapn:SBTOUD|2024-25|consumption_max|90f291c101, sapn:SBTOUE|2024-25|consumption_max|90f291c101, sapn:SBTOU|2024-25|consumption_max|90f291c101"
boundary_inclusivity_unstated/872b35f198,boundary_inclusivity_unstated,sapn,2025-26,sapn:MBTOUD,,,sapn-2025-26-pricing-proposal-overview-14may2025,,160,MWh/yr,sapn:MBTOUD|2025-26|consumption_max|e818e4d518: consumption_max le_unstated 160 MWh/yr; endpoint inclusion is unstated; potential shared-boundary overlaps: none
boundary_inclusivity_unstated/885907b6d8,boundary_inclusivity_unstated,ausgrid,2023-24,ausgrid:EA305,,,ausgrid-2023-24-annual-scs-pricing-proposal-31mar2023,,750,MWh/yr,ausgrid:EA305|2023-24|consumption_max|d9e5f57b07: consumption_max le_unstated 750 MWh/yr; endpoint inclusion is unstated; potential shared-boundary overlaps: none
boundary_inclusivity_unstated/89891c423b,boundary_inclusivity_unstated,powerwater,2024-25,powerwater:TARIFF3A,,,pwc-scs-tariffs-2024-25-wayback,,160,MWh/yr,powerwater:TARIFF3A|2024-25|consumption_max|5e89857f01: consumption_max le_unstated 160 MWh/yr; endpoint inclusion is unstated; potential shared-boundary overlaps: powerwater:TARIFF3C|2024-25|consumption_min|8e227248df
boundary_inclusivity_unstated/8b9b9a3dd1,boundary_inclusivity_unstated,sapn,2023-24,sapn:LBMD,,,sapn-2023-24-annual-pricing-proposal-revised-8may2023,,160,MWh/yr,"sapn:LBMD|2023-24|consumption_min|74ca3b16ba: consumption_min ge_unstated 160 MWh/yr; endpoint inclusion is unstated; potential shared-boundary overlaps: sapn:B2R|2023-24|consumption_max|c8d02d5517, sapn:BSR|2023-24|consumption_max|c8d02d5517, sapn:LVUU24|2023-24|consumption_max|c8d02d5517, sapn:LVUU|2023-24|consumption_max|c8d02d5517, sapn:M/QOPCL|2023-24|consumption_max|c8d02d5517, sapn:SBD|2023-24|consumption_max|c8d02d5517, sapn:SBTOUD|2023-24|consumption_max|c8d02d5517, sapn:SBTOUE|2023-24|consumption_max|c8d02d5517, sapn:SBTOU|2023-24|consumption_max|c8d02d5517"
boundary_inclusivity_unstated/8c57e96193,boundary_inclusivity_unstated,ausgrid,2026-27,ausgrid:EA305,,,ausgrid-network-price-list-2026-27,,750,MWh/yr,ausgrid:EA305|2026-27|consumption_max|2eedac5c46: consumption_max le_unstated 750 MWh/yr; endpoint inclusion is unstated; potential shared-boundary overlaps: none
boundary_inclusivity_unstated/8ccb2632a6,boundary_inclusivity_unstated,sapn,2023-24,sapn:LVUU24,,,sapn-2023-24-annual-pricing-proposal-revised-8may2023,,160,MWh/yr,"sapn:LVUU24|2023-24|consumption_max|c8d02d5517: consumption_max le_unstated 160 MWh/yr; endpoint inclusion is unstated; potential shared-boundary overlaps: sapn:B2RT|2023-24|consumption_min|74ca3b16ba, sapn:BD|2023-24|consumption_min|74ca3b16ba, sapn:BSRT|2023-24|consumption_min|74ca3b16ba, sapn:LBADF|2023-24|consumption_min|74ca3b16ba, sapn:LBAD|2023-24|consumption_min|74ca3b16ba, sapn:LBGF|2023-24|consumption_min|74ca3b16ba, sapn:LBG|2023-24|consumption_min|74ca3b16ba, sapn:LBMD|2023-24|consumption_min|74ca3b16ba"
boundary_inclusivity_unstated/8fb815ec42,boundary_inclusivity_unstated,sapn,2024-25,sapn:LBGF,,,sapn-2024-25-annual-pricing-proposal-19apr2024,,160,MWh/yr,"sapn:LBGF|2024-25|consumption_min|3b22a319b1: consumption_min ge_unstated 160 MWh/yr; endpoint inclusion is unstated; potential shared-boundary overlaps: sapn:B2R|2024-25|consumption_max|90f291c101, sapn:BSR|2024-25|consumption_max|90f291c101, sapn:LVUU24|2024-25|consumption_max|90f291c101, sapn:LVUU|2024-25|consumption_max|90f291c101, sapn:M/QOPCL|2024-25|consumption_max|90f291c101, sapn:SBD|2024-25|consumption_max|90f291c101, sapn:SBTOUD|2024-25|consumption_max|90f291c101, sapn:SBTOUE|2024-25|consumption_max|90f291c101, sapn:SBTOU|2024-25|consumption_max|90f291c101"
boundary_inclusivity_unstated/8feeede49d,boundary_inclusivity_unstated,ausgrid,2025-26,ausgrid:EA305,,,ausgrid-network-price-list-2025-26,,160,MWh/yr,ausgrid:EA305|2025-26|consumption_min|d0f688f2d7: consumption_min ge_unstated 160 MWh/yr; endpoint inclusion is unstated; potential shared-boundary overlaps: ausgrid:EA302|2025-26|consumption_max|c6eeec729a
boundary_inclusivity_unstated/904a44c9c2,boundary_inclusivity_unstated,ausgrid,2025-26,ausgrid:EA305,,,ausgrid-network-price-list-2025-26,,750,MWh/yr,ausgrid:EA305|2025-26|consumption_max|2bef7d02ec: consumption_max le_unstated 750 MWh/yr; endpoint inclusion is unstated; potential shared-boundary overlaps: none
boundary_inclusivity_unstated/943e6f9d03,boundary_inclusivity_unstated,ausgrid,2024-25,ausgrid:EA302,,,aer-stakeholder-report-ausgrid-2024-25,,160,MWh/yr,"ausgrid:EA302|2024-25|consumption_max|70d4218ea8: consumption_max le_unstated 160 MWh/yr; endpoint inclusion is unstated; potential shared-boundary overlaps: ausgrid:EA305|2024-25|consumption_min|068e86ee42, ausgrid:EA314|2024-25|consumption_min|d36a91b83b"
boundary_inclusivity_unstated/94d3eed4ec,boundary_inclusivity_unstated,sapn,2024-25,sapn:SBTOU,,,sapn-2024-25-annual-pricing-proposal-19apr2024,,160,MWh/yr,"sapn:SBTOU|2024-25|consumption_max|90f291c101: consumption_max le_unstated 160 MWh/yr; endpoint inclusion is unstated; potential shared-boundary overlaps: sapn:B2RT|2024-25|consumption_min|3b22a319b1, sapn:BD|2024-25|consumption_min|3b22a319b1, sapn:BSRT|2024-25|consumption_min|3b22a319b1, sapn:LBADF|2024-25|consumption_min|3b22a319b1, sapn:LBAD|2024-25|consumption_min|3b22a319b1, sapn:LBGF|2024-25|consumption_min|3b22a319b1, sapn:LBG|2024-25|consumption_min|3b22a319b1, sapn:LBMD|2024-25|consumption_min|3b22a319b1"
boundary_inclusivity_unstated/94ec41b53f,boundary_inclusivity_unstated,ausnet,2023-24,ausnet:NSP78,,,ausnet-annual-pricing-proposal-2023-24,,4,GWh/yr,ausnet:NSP78|2023-24|consumption_min|53f417c5e5: consumption_min ge_unstated 4 GWh/yr; endpoint inclusion is unstated; potential shared-boundary overlaps: ausnet:NSP77|2023-24|consumption_max|7f9ca2cc38
boundary_inclusivity_unstated/9566ec7215,boundary_inclusivity_unstated,sapn,2024-25,sapn:M/QOPCL,,,sapn-2024-25-annual-pricing-proposal-19apr2024,,160,MWh/yr,"sapn:M/QOPCL|2024-25|consumption_max|90f291c101: consumption_max le_unstated 160 MWh/yr; endpoint inclusion is unstated; potential shared-boundary overlaps: sapn:B2RT|2024-25|consumption_min|3b22a319b1, sapn:BD|2024-25|consumption_min|3b22a319b1, sapn:BSRT|2024-25|consumption_min|3b22a319b1, sapn:LBADF|2024-25|consumption_min|3b22a319b1, sapn:LBAD|2024-25|consumption_min|3b22a319b1, sapn:LBGF|2024-25|consumption_min|3b22a319b1, sapn:LBG|2024-25|consumption_min|3b22a319b1, sapn:LBMD|2024-25|consumption_min|3b22a319b1"
boundary_inclusivity_unstated/9586adb972,boundary_inclusivity_unstated,sapn,2023-24,sapn:M/QOPCL,,,sapn-2023-24-annual-pricing-proposal-revised-8may2023,,160,MWh/yr,"sapn:M/QOPCL|2023-24|consumption_max|c8d02d5517: consumption_max le_unstated 160 MWh/yr; endpoint inclusion is unstated; potential shared-boundary overlaps: sapn:B2RT|2023-24|consumption_min|74ca3b16ba, sapn:BD|2023-24|consumption_min|74ca3b16ba, sapn:BSRT|2023-24|consumption_min|74ca3b16ba, sapn:LBADF|2023-24|consumption_min|74ca3b16ba, sapn:LBAD|2023-24|consumption_min|74ca3b16ba, sapn:LBGF|2023-24|consumption_min|74ca3b16ba, sapn:LBG|2023-24|consumption_min|74ca3b16ba, sapn:LBMD|2023-24|consumption_min|74ca3b16ba"
boundary_inclusivity_unstated/95c1347f6c,boundary_inclusivity_unstated,ausnet,2023-24,ausnet:NSP77,,,ausnet-annual-pricing-proposal-2023-24,,2,GWh/yr,ausnet:NSP77|2023-24|consumption_min|eecf757bea: consumption_min ge_unstated 2 GWh/yr; endpoint inclusion is unstated; potential shared-boundary overlaps: ausnet:NSP76|2023-24|consumption_max|8d6f42f6d5
boundary_inclusivity_unstated/962819631a,boundary_inclusivity_unstated,ausnet,2024-25,ausnet:NASN2P,,,ausnet-annual-pricing-proposal-2024-25,,160,MWh/yr,"ausnet:NASN2P|2024-25|consumption_max|1484ab079e: consumption_max le_unstated 160 MWh/yr; endpoint inclusion is unstated; potential shared-boundary overlaps: ausnet:NEE55|2024-25|consumption_min|1368f689c7, ausnet:NSP55|2024-25|consumption_min|502e25ff0f, ausnet:NSP56|2024-25|consumption_min|96a05330a8"
boundary_inclusivity_unstated/97aa7264e4,boundary_inclusivity_unstated,ausnet,2024-25,ausnet:NSP55,,,ausnet-annual-pricing-proposal-2024-25,,160,MWh/yr,"ausnet:NSP55|2024-25|consumption_min|502e25ff0f: consumption_min ge_unstated 160 MWh/yr; endpoint inclusion is unstated; potential shared-boundary overlaps: ausnet:NASN19|2024-25|consumption_max|9e96e2d062, ausnet:NASN21|2024-25|consumption_max|b36da30ea5, ausnet:NASN2P|2024-25|consumption_max|1484ab079e, ausnet:NEN21|2024-25|consumption_max|f22afec1f2, ausnet:NSP27|2024-25|consumption_max|6aa527f88a, ausnet:SSP27|2024-25|consumption_max|e6422deaa0"
boundary_inclusivity_unstated/97fa458db9,boundary_inclusivity_unstated,ausnet,2023-24,ausnet:NSP55,,,ausnet-annual-pricing-proposal-2023-24,,160,MWh/yr,"ausnet:NSP55|2023-24|consumption_min|6fcc8e4d8b: consumption_min ge_unstated 160 MWh/yr; endpoint inclusion is unstated; potential shared-boundary overlaps: ausnet:NASN19|2023-24|consumption_max|d5d1bb4f98, ausnet:NASN21|2023-24|consumption_max|dc52a63320, ausnet:NASN2P|2023-24|consumption_max|c789c23429, ausnet:NEN21|2023-24|consumption_max|3f239ba815, ausnet:NSP27|2023-24|consumption_max|bd84c71457, ausnet:SSP27|2023-24|consumption_max|fafc966901"
boundary_inclusivity_unstated/9833bf252b,boundary_inclusivity_unstated,ausnet,2023-24,ausnet:NEE55,,,ausnet-annual-pricing-proposal-2023-24,,160,MWh/yr,"ausnet:NEE55|2023-24|consumption_min|42cf1d9b72: consumption_min ge_unstated 160 MWh/yr; endpoint inclusion is unstated; potential shared-boundary overlaps: ausnet:NASN19|2023-24|consumption_max|d5d1bb4f98, ausnet:NASN21|2023-24|consumption_max|dc52a63320, ausnet:NASN2P|2023-24|consumption_max|c789c23429, ausnet:NEN21|2023-24|consumption_max|3f239ba815, ausnet:NSP27|2023-24|consumption_max|bd84c71457, ausnet:SSP27|2023-24|consumption_max|fafc966901"
boundary_inclusivity_unstated/98da9881f9,boundary_inclusivity_unstated,sapn,2025-26,sapn:MBTOUDNE,,,sapn-initial-pricing-proposal-overview-2025-26-id333252,,40,MWh/yr,"sapn:MBTOUDNE|2025-26|consumption_min|fec593e25d: consumption_min ge_unstated 40 MWh/yr; endpoint inclusion is unstated; potential shared-boundary overlaps: sapn:SBTOUNE|2025-26|consumption_max|369ceb3016, sapn:SBTOU|2025-26|consumption_max|62386e705c"
boundary_inclusivity_unstated/99dc312d31,boundary_inclusivity_unstated,sapn,2023-24,sapn:SBD,,,sapn-2023-24-annual-pricing-proposal-revised-8may2023,,160,MWh/yr,"sapn:SBD|2023-24|consumption_max|c8d02d5517: consumption_max le_unstated 160 MWh/yr; endpoint inclusion is unstated; potential shared-boundary overlaps: sapn:B2RT|2023-24|consumption_min|74ca3b16ba, sapn:BD|2023-24|consumption_min|74ca3b16ba, sapn:BSRT|2023-24|consumption_min|74ca3b16ba, sapn:LBADF|2023-24|consumption_min|74ca3b16ba, sapn:LBAD|2023-24|consumption_min|74ca3b16ba, sapn:LBGF|2023-24|consumption_min|74ca3b16ba, sapn:LBG|2023-24|consumption_min|74ca3b16ba, sapn:LBMD|2023-24|consumption_min|74ca3b16ba"
boundary_inclusivity_unstated/9b45644041,boundary_inclusivity_unstated,sapn,2023-24,sapn:LBG,,,sapn-2023-24-annual-pricing-proposal-revised-8may2023,,160,MWh/yr,"sapn:LBG|2023-24|consumption_min|74ca3b16ba: consumption_min ge_unstated 160 MWh/yr; endpoint inclusion is unstated; potential shared-boundary overlaps: sapn:B2R|2023-24|consumption_max|c8d02d5517, sapn:BSR|2023-24|consumption_max|c8d02d5517, sapn:LVUU24|2023-24|consumption_max|c8d02d5517, sapn:LVUU|2023-24|consumption_max|c8d02d5517, sapn:M/QOPCL|2023-24|consumption_max|c8d02d5517, sapn:SBD|2023-24|consumption_max|c8d02d5517, sapn:SBTOUD|2023-24|consumption_max|c8d02d5517, sapn:SBTOUE|2023-24|consumption_max|c8d02d5517, sapn:SBTOU|2023-24|consumption_max|c8d02d5517"
boundary_inclusivity_unstated/9bf20bb7cc,boundary_inclusivity_unstated,ausgrid,2026-27,ausgrid:EA314,,,ausgrid-network-price-list-2026-27,,750,MWh/yr,ausgrid:EA314|2026-27|consumption_max|9a895a0056: consumption_max le_unstated 750 MWh/yr; endpoint inclusion is unstated; potential shared-boundary overlaps: none
boundary_inclusivity_unstated/9e726242bf,boundary_inclusivity_unstated,ausgrid,2025-26,ausgrid:EA305,,,aer-consolidated-2025-26-v5,,160,MWh/yr,ausgrid:EA305|2025-26|consumption_min|6b37a9ce37: consumption_min ge_unstated 160 MWh/yr; endpoint inclusion is unstated; potential shared-boundary overlaps: ausgrid:EA302|2025-26|consumption_max|a9d4607780
boundary_inclusivity_unstated/9f7a6c8332,boundary_inclusivity_unstated,sapn,2023-24,sapn:SBTOUD,,,sapn-2023-24-annual-pricing-proposal-revised-8may2023,,160,MWh/yr,"sapn:SBTOUD|2023-24|consumption_max|c8d02d5517: consumption_max le_unstated 160 MWh/yr; endpoint inclusion is unstated; potential shared-boundary overlaps: sapn:B2RT|2023-24|consumption_min|74ca3b16ba, sapn:BD|2023-24|consumption_min|74ca3b16ba, sapn:BSRT|2023-24|consumption_min|74ca3b16ba, sapn:LBADF|2023-24|consumption_min|74ca3b16ba, sapn:LBAD|2023-24|consumption_min|74ca3b16ba, sapn:LBGF|2023-24|consumption_min|74ca3b16ba, sapn:LBG|2023-24|consumption_min|74ca3b16ba, sapn:LBMD|2023-24|consumption_min|74ca3b16ba"
boundary_inclusivity_unstated/a0ee808a10,boundary_inclusivity_unstated,ausnet,2024-25,ausnet:NSSL01T,,,ausnet-annual-pricing-proposal-2024-25,,250,kW,ausnet:NSSL01T|2024-25|demand_min|a1605f0236: demand_min ge_unstated 250 kW; endpoint inclusion is unstated; potential shared-boundary overlaps: ausnet:NSSM01T|2024-25|demand_max|67e135cf5d
boundary_inclusivity_unstated/a161db27f2,boundary_inclusivity_unstated,ausgrid,2026-27,ausgrid:EA305,,,aer-consolidated-2026-27-v5,,160,MWh/yr,ausgrid:EA305|2026-27|consumption_min|5377760c95: consumption_min ge_unstated 160 MWh/yr; endpoint inclusion is unstated; potential shared-boundary overlaps: ausgrid:EA302|2026-27|consumption_max|15527bd2c0
boundary_inclusivity_unstated/a341b60c84,boundary_inclusivity_unstated,sapn,2023-24,sapn:B2RT,,,sapn-2023-24-annual-pricing-proposal-revised-8may2023,,160,MWh/yr,"sapn:B2RT|2023-24|consumption_min|74ca3b16ba: consumption_min ge_unstated 160 MWh/yr; endpoint inclusion is unstated; potential shared-boundary overlaps: sapn:B2R|2023-24|consumption_max|c8d02d5517, sapn:BSR|2023-24|consumption_max|c8d02d5517, sapn:LVUU24|2023-24|consumption_max|c8d02d5517, sapn:LVUU|2023-24|consumption_max|c8d02d5517, sapn:M/QOPCL|2023-24|consumption_max|c8d02d5517, sapn:SBD|2023-24|consumption_max|c8d02d5517, sapn:SBTOUD|2023-24|consumption_max|c8d02d5517, sapn:SBTOUE|2023-24|consumption_max|c8d02d5517, sapn:SBTOU|2023-24|consumption_max|c8d02d5517"
boundary_inclusivity_unstated/a63337eaca,boundary_inclusivity_unstated,ausnet,2024-25,ausnet:NSP78,,,ausnet-annual-pricing-proposal-2024-25,,4,GWh/yr,ausnet:NSP78|2024-25|consumption_min|e06f3323eb: consumption_min ge_unstated 4 GWh/yr; endpoint inclusion is unstated; potential shared-boundary overlaps: ausnet:NSP77|2024-25|consumption_max|f60021ee49
boundary_inclusivity_unstated/a6503087bb,boundary_inclusivity_unstated,powerwater,2025-26,powerwater:TARIFF3B,,,pwc-scs-tariffs-2025-26-210525-wayback,,160,MWh/yr,powerwater:TARIFF3B|2025-26|consumption_max|580a3a96f5: consumption_max le_unstated 160 MWh/yr; endpoint inclusion is unstated; potential shared-boundary overlaps: powerwater:TARIFF3C|2025-26|consumption_min|55afc2cee2
boundary_inclusivity_unstated/a7fe7bf7e3,boundary_inclusivity_unstated,sapn,2024-25,sapn:SBTOUE,,,sapn-2024-25-annual-pricing-proposal-19apr2024,,160,MWh/yr,"sapn:SBTOUE|2024-25|consumption_max|90f291c101: consumption_max le_unstated 160 MWh/yr; endpoint inclusion is unstated; potential shared-boundary overlaps: sapn:B2RT|2024-25|consumption_min|3b22a319b1, sapn:BD|2024-25|consumption_min|3b22a319b1, sapn:BSRT|2024-25|consumption_min|3b22a319b1, sapn:LBADF|2024-25|consumption_min|3b22a319b1, sapn:LBAD|2024-25|consumption_min|3b22a319b1, sapn:LBGF|2024-25|consumption_min|3b22a319b1, sapn:LBG|2024-25|consumption_min|3b22a319b1, sapn:LBMD|2024-25|consumption_min|3b22a319b1"
boundary_inclusivity_unstated/ab859f52f2,boundary_inclusivity_unstated,ausnet,2024-25,ausnet:NSP76,,,ausnet-2024-25-schedule-of-tariffs-28mar2024,,2000,MWh/yr,ausnet:NSP76|2024-25|consumption_max|cf12afc2cc: consumption_max le_unstated 2000 MWh/yr; endpoint inclusion is unstated; potential shared-boundary overlaps: ausnet:NSP77|2024-25|consumption_min|de3fb48e3c
boundary_inclusivity_unstated/ad19bc824f,boundary_inclusivity_unstated,ausgrid,2026-27,ausgrid:EA302,,,aer-consolidated-2026-27-v5,,160,MWh/yr,"ausgrid:EA302|2026-27|consumption_max|15527bd2c0: consumption_max le_unstated 160 MWh/yr; endpoint inclusion is unstated; potential shared-boundary overlaps: ausgrid:EA305|2026-27|consumption_min|5377760c95, ausgrid:EA314|2026-27|consumption_min|6cbac1dd01"
boundary_inclusivity_unstated/b049629fd4,boundary_inclusivity_unstated,ausnet,2024-25,ausnet:SSP27,,,ausnet-annual-pricing-proposal-2024-25,,40,MWh/yr,ausnet:SSP27|2024-25|consumption_min|b2d0b29ba8: consumption_min ge_unstated 40 MWh/yr; endpoint inclusion is unstated; potential shared-boundary overlaps: none
boundary_inclusivity_unstated/b0f676748f,boundary_inclusivity_unstated,ausnet,2023-24,ausnet:NEN21,,,ausnet-annual-pricing-proposal-2023-24,,160,MWh/yr,"ausnet:NEN21|2023-24|consumption_max|3f239ba815: consumption_max le_unstated 160 MWh/yr; endpoint inclusion is unstated; potential shared-boundary overlaps: ausnet:NEE55|2023-24|consumption_min|42cf1d9b72, ausnet:NSP55|2023-24|consumption_min|6fcc8e4d8b, ausnet:NSP56|2023-24|consumption_min|6618a17968"
boundary_inclusivity_unstated/b286dc29f0,boundary_inclusivity_unstated,sapn,2025-26,sapn:SBTOUNE,,,sapn-initial-pricing-proposal-overview-2025-26-id333252,,160,MWh/yr,sapn:SBTOUNE|2025-26|consumption_max|38a014c0d4: consumption_max le_unstated 160 MWh/yr; endpoint inclusion is unstated; potential shared-boundary overlaps: none
boundary_inclusivity_unstated/b2f602026a,boundary_inclusivity_unstated,ausnet,2023-24,ausnet:NSP56,,,ausnet-annual-pricing-proposal-2023-24,,400,MWh/yr,ausnet:NSP56|2023-24|consumption_max|66d82ffa9a: consumption_max le_unstated 400 MWh/yr; endpoint inclusion is unstated; potential shared-boundary overlaps: ausnet:NSP75|2023-24|consumption_min|bd3971e4f0
boundary_inclusivity_unstated/b4dc8d670b,boundary_inclusivity_unstated,ausgrid,2026-27,ausgrid:EA302,,,ausgrid-network-price-list-2026-27,,100,MWh/yr,ausgrid:EA302|2026-27|consumption_min|a6f5149d59: consumption_min ge_unstated 100 MWh/yr; endpoint inclusion is unstated; potential shared-boundary overlaps: none
boundary_inclusivity_unstated/b509df310c,boundary_inclusivity_unstated,sapn,2024-25,sapn:BSRT,,,sapn-2024-25-annual-pricing-proposal-19apr2024,,160,MWh/yr,"sapn:BSRT|2024-25|consumption_min|3b22a319b1: consumption_min ge_unstated 160 MWh/yr; endpoint inclusion is unstated; potential shared-boundary overlaps: sapn:B2R|2024-25|consumption_max|90f291c101, sapn:BSR|2024-25|consumption_max|90f291c101, sapn:LVUU24|2024-25|consumption_max|90f291c101, sapn:LVUU|2024-25|consumption_max|90f291c101, sapn:M/QOPCL|2024-25|consumption_max|90f291c101, sapn:SBD|2024-25|consumption_max|90f291c101, sapn:SBTOUD|2024-25|consumption_max|90f291c101, sapn:SBTOUE|2024-25|consumption_max|90f291c101, sapn:SBTOU|2024-25|consumption_max|90f291c101"
boundary_inclusivity_unstated/b5b5437344,boundary_inclusivity_unstated,ausnet,2024-25,ausnet:NSP56,,,ausnet-2024-25-schedule-of-tariffs-28mar2024,,160,MWh/yr,ausnet:NSP56|2024-25|consumption_min|07f26940c7: consumption_min ge_unstated 160 MWh/yr; endpoint inclusion is unstated; potential shared-boundary overlaps: none
boundary_inclusivity_unstated/ba96421519,boundary_inclusivity_unstated,ausgrid,2025-26,ausgrid:EA302,,,ausgrid-network-price-list-2025-26,,80,MWh/yr,ausgrid:EA302|2025-26|consumption_min|ed4d2d6dc1: consumption_min ge_unstated 80 MWh/yr; endpoint inclusion is unstated; potential shared-boundary overlaps: none
boundary_inclusivity_unstated/bb36c40dbd,boundary_inclusivity_unstated,ausnet,2023-24,ausnet:NSP56,,,ausnet-annual-pricing-proposal-2023-24,,160,MWh/yr,"ausnet:NSP56|2023-24|consumption_min|6618a17968: consumption_min ge_unstated 160 MWh/yr; endpoint inclusion is unstated; potential shared-boundary overlaps: ausnet:NASN19|2023-24|consumption_max|d5d1bb4f98, ausnet:NASN21|2023-24|consumption_max|dc52a63320, ausnet:NASN2P|2023-24|consumption_max|c789c23429, ausnet:NEN21|2023-24|consumption_max|3f239ba815, ausnet:NSP27|2023-24|consumption_max|bd84c71457, ausnet:SSP27|2023-24|consumption_max|fafc966901"
boundary_inclusivity_unstated/bf305affb3,boundary_inclusivity_unstated,ausgrid,2025-26,ausgrid:EA314,,,aer-consolidated-2025-26-v5,,750,MWh/yr,ausgrid:EA314|2025-26|consumption_max|0ffe68738e: consumption_max le_unstated 750 MWh/yr; endpoint inclusion is unstated; potential shared-boundary overlaps: none
boundary_inclusivity_unstated/c0204c4ffd,boundary_inclusivity_unstated,sapn,2024-25,sapn:SBTOUD,,,sapn-2024-25-annual-pricing-proposal-19apr2024,,160,MWh/yr,"sapn:SBTOUD|2024-25|consumption_max|90f291c101: consumption_max le_unstated 160 MWh/yr; endpoint inclusion is unstated; potential shared-boundary overlaps: sapn:B2RT|2024-25|consumption_min|3b22a319b1, sapn:BD|2024-25|consumption_min|3b22a319b1, sapn:BSRT|2024-25|consumption_min|3b22a319b1, sapn:LBADF|2024-25|consumption_min|3b22a319b1, sapn:LBAD|2024-25|consumption_min|3b22a319b1, sapn:LBGF|2024-25|consumption_min|3b22a319b1, sapn:LBG|2024-25|consumption_min|3b22a319b1, sapn:LBMD|2024-25|consumption_min|3b22a319b1"
boundary_inclusivity_unstated/c06acc629e,boundary_inclusivity_unstated,ausnet,2026-27,ausnet:NSP56,,,ausnet-network-tariff-schedule-2026-27-20260515,,400,MWh/yr,"ausnet:NSP56|2026-27|consumption_max|7dd7aedf05: consumption_max le_unstated 400 MWh/yr; endpoint inclusion is unstated; potential shared-boundary overlaps: ausnet:NAT75|2026-27|consumption_min|aab0c7bdec, ausnet:NSP75|2026-27|consumption_min|c8b1e7371c"
boundary_inclusivity_unstated/c17f46c7fe,boundary_inclusivity_unstated,sapn,2024-25,sapn:B2R,,,sapn-2024-25-annual-pricing-proposal-19apr2024,,160,MWh/yr,"sapn:B2R|2024-25|consumption_max|90f291c101: consumption_max le_unstated 160 MWh/yr; endpoint inclusion is unstated; potential shared-boundary overlaps: sapn:B2RT|2024-25|consumption_min|3b22a319b1, sapn:BD|2024-25|consumption_min|3b22a319b1, sapn:BSRT|2024-25|consumption_min|3b22a319b1, sapn:LBADF|2024-25|consumption_min|3b22a319b1, sapn:LBAD|2024-25|consumption_min|3b22a319b1, sapn:LBGF|2024-25|consumption_min|3b22a319b1, sapn:LBG|2024-25|consumption_min|3b22a319b1, sapn:LBMD|2024-25|consumption_min|3b22a319b1"
boundary_inclusivity_unstated/c265124673,boundary_inclusivity_unstated,ausgrid,2026-27,ausgrid:EA305,,,aer-consolidated-2026-27-v5,,750,MWh/yr,ausgrid:EA305|2026-27|consumption_max|96cea598e8: consumption_max le_unstated 750 MWh/yr; endpoint inclusion is unstated; potential shared-boundary overlaps: none
boundary_inclusivity_unstated/c3b5278cef,boundary_inclusivity_unstated,ausnet,2026-27,ausnet:NSP76,,,ausnet-network-tariff-schedule-2026-27-20260515,,2000,MWh/yr,ausnet:NSP76|2026-27|consumption_max|a45935bd07: consumption_max le_unstated 2000 MWh/yr; endpoint inclusion is unstated; potential shared-boundary overlaps: ausnet:NSP77|2026-27|consumption_min|a20287b305
boundary_inclusivity_unstated/c4c47951bc,boundary_inclusivity_unstated,ausnet,2024-25,ausnet:NSP76,,,ausnet-annual-pricing-proposal-2024-25,,750,MWh/yr,ausnet:NSP76|2024-25|consumption_min|5d17597de2: consumption_min ge_unstated 750 MWh/yr; endpoint inclusion is unstated; potential shared-boundary overlaps: ausnet:NSP75|2024-25|consumption_max|b772af1b83
boundary_inclusivity_unstated/c52fc74909,boundary_inclusivity_unstated,sapn,2025-26,sapn:SBTOUNE,,,sapn-2025-26-pricing-proposal-overview-14may2025,,40,MWh/yr,"sapn:SBTOUNE|2025-26|consumption_max|57822f348a: consumption_max le_unstated 40 MWh/yr; endpoint inclusion is unstated; potential shared-boundary overlaps: sapn:MBTOUDNE|2025-26|consumption_min|dbf96f8492, sapn:MBTOUD|2025-26|consumption_min|c95e276270"
boundary_inclusivity_unstated/c5d5ed0b5f,boundary_inclusivity_unstated,ausnet,2023-24,ausnet:NEE55,,,ausnet-annual-pricing-proposal-2023-24,,400,MWh/yr,ausnet:NEE55|2023-24|consumption_max|3f90c6c9f5: consumption_max le_unstated 400 MWh/yr; endpoint inclusion is unstated; potential shared-boundary overlaps: ausnet:NSP75|2023-24|consumption_min|bd3971e4f0
boundary_inclusivity_unstated/c7ef211c9e,boundary_inclusivity_unstated,sapn,2025-26,sapn:MBTOUDNE,,,sapn-2025-26-pricing-proposal-overview-14may2025,,40,MWh/yr,"sapn:MBTOUDNE|2025-26|consumption_min|dbf96f8492: consumption_min ge_unstated 40 MWh/yr; endpoint inclusion is unstated; potential shared-boundary overlaps: sapn:SBTOUNE|2025-26|consumption_max|57822f348a, sapn:SBTOU|2025-26|consumption_max|33b809d722"
boundary_inclusivity_unstated/c895b5464d,boundary_inclusivity_unstated,ausnet,2023-24,ausnet:NSP76,,,ausnet-annual-pricing-proposal-2023-24,,750,MWh/yr,ausnet:NSP76|2023-24|consumption_min|7d10ac7fe4: consumption_min ge_unstated 750 MWh/yr; endpoint inclusion is unstated; potential shared-boundary overlaps: ausnet:NSP75|2023-24|consumption_max|25b6931873
boundary_inclusivity_unstated/c8c89f7596,boundary_inclusivity_unstated,powerwater,2025-26,powerwater:TARIFF3C,,,pwc-scs-tariffs-2025-26-210525-wayback,,160,MWh/yr,"powerwater:TARIFF3C|2025-26|consumption_min|55afc2cee2: consumption_min ge_unstated 160 MWh/yr; endpoint inclusion is unstated; potential shared-boundary overlaps: powerwater:TARIFF3A|2025-26|consumption_max|e965194c47, powerwater:TARIFF3B|2025-26|consumption_max|580a3a96f5"
boundary_inclusivity_unstated/caaf1fbd8d,boundary_inclusivity_unstated,ausnet,2025-26,ausnet:NSP75,,,ausnet-network-tariff-schedule-2025-26,,750,MWh/yr,ausnet:NSP75|2025-26|consumption_max|72fb1128b9: consumption_max le_unstated 750 MWh/yr; endpoint inclusion is unstated; potential shared-boundary overlaps: ausnet:NSP76|2025-26|consumption_min|3da56e0a8b
boundary_inclusivity_unstated/ccafd6dccc,boundary_inclusivity_unstated,sapn,2025-26,sapn:SBTOU,,,sapn-2025-26-pricing-proposal-overview-14may2025,,160,MWh/yr,sapn:SBTOU|2025-26|consumption_max|0b11202878: consumption_max le_unstated 160 MWh/yr; endpoint inclusion is unstated; potential shared-boundary overlaps: none
boundary_inclusivity_unstated/cce85db57a,boundary_inclusivity_unstated,sapn,2024-25,sapn:SBD,,,sapn-2024-25-annual-pricing-proposal-19apr2024,,160,MWh/yr,"sapn:SBD|2024-25|consumption_max|90f291c101: consumption_max le_unstated 160 MWh/yr; endpoint inclusion is unstated; potential shared-boundary overlaps: sapn:B2RT|2024-25|consumption_min|3b22a319b1, sapn:BD|2024-25|consumption_min|3b22a319b1, sapn:BSRT|2024-25|consumption_min|3b22a319b1, sapn:LBADF|2024-25|consumption_min|3b22a319b1, sapn:LBAD|2024-25|consumption_min|3b22a319b1, sapn:LBGF|2024-25|consumption_min|3b22a319b1, sapn:LBG|2024-25|consumption_min|3b22a319b1, sapn:LBMD|2024-25|consumption_min|3b22a319b1"
boundary_inclusivity_unstated/cf9eeb45fe,boundary_inclusivity_unstated,ausnet,2024-25,ausnet:NASN19,,,ausnet-annual-pricing-proposal-2024-25,,160,MWh/yr,"ausnet:NASN19|2024-25|consumption_max|9e96e2d062: consumption_max le_unstated 160 MWh/yr; endpoint inclusion is unstated; potential shared-boundary overlaps: ausnet:NEE55|2024-25|consumption_min|1368f689c7, ausnet:NSP55|2024-25|consumption_min|502e25ff0f, ausnet:NSP56|2024-25|consumption_min|96a05330a8"
boundary_inclusivity_unstated/d063035d44,boundary_inclusivity_unstated,sapn,2024-25,sapn:BSR,,,sapn-2024-25-annual-pricing-proposal-19apr2024,,160,MWh/yr,"sapn:BSR|2024-25|consumption_max|90f291c101: consumption_max le_unstated 160 MWh/yr; endpoint inclusion is unstated; potential shared-boundary overlaps: sapn:B2RT|2024-25|consumption_min|3b22a319b1, sapn:BD|2024-25|consumption_min|3b22a319b1, sapn:BSRT|2024-25|consumption_min|3b22a319b1, sapn:LBADF|2024-25|consumption_min|3b22a319b1, sapn:LBAD|2024-25|consumption_min|3b22a319b1, sapn:LBGF|2024-25|consumption_min|3b22a319b1, sapn:LBG|2024-25|consumption_min|3b22a319b1, sapn:LBMD|2024-25|consumption_min|3b22a319b1"
boundary_inclusivity_unstated/d0bd272f1a,boundary_inclusivity_unstated,sapn,2024-25,sapn:B2RT,,,sapn-2024-25-annual-pricing-proposal-19apr2024,,160,MWh/yr,"sapn:B2RT|2024-25|consumption_min|3b22a319b1: consumption_min ge_unstated 160 MWh/yr; endpoint inclusion is unstated; potential shared-boundary overlaps: sapn:B2R|2024-25|consumption_max|90f291c101, sapn:BSR|2024-25|consumption_max|90f291c101, sapn:LVUU24|2024-25|consumption_max|90f291c101, sapn:LVUU|2024-25|consumption_max|90f291c101, sapn:M/QOPCL|2024-25|consumption_max|90f291c101, sapn:SBD|2024-25|consumption_max|90f291c101, sapn:SBTOUD|2024-25|consumption_max|90f291c101, sapn:SBTOUE|2024-25|consumption_max|90f291c101, sapn:SBTOU|2024-25|consumption_max|90f291c101"
boundary_inclusivity_unstated/d2c1b04514,boundary_inclusivity_unstated,sapn,2025-26,sapn:MBTOUDNE,,,sapn-initial-pricing-proposal-overview-2025-26-id333252,,160,MWh/yr,sapn:MBTOUDNE|2025-26|consumption_max|2fe7126a7b: consumption_max le_unstated 160 MWh/yr; endpoint inclusion is unstated; potential shared-boundary overlaps: none
boundary_inclusivity_unstated/d30d42359d,boundary_inclusivity_unstated,sapn,2025-26,sapn:MBTOUDNE,,,sapn-2025-26-pricing-proposal-overview-14may2025,,160,MWh/yr,sapn:MBTOUDNE|2025-26|consumption_max|5b18fa8d14: consumption_max le_unstated 160 MWh/yr; endpoint inclusion is unstated; potential shared-boundary overlaps: none
boundary_inclusivity_unstated/d31ce7fc7f,boundary_inclusivity_unstated,ausnet,2024-25,ausnet:NEN56,,,ausnet-2024-25-schedule-of-tariffs-28mar2024,,400,MWh/yr,ausnet:NEN56|2024-25|consumption_max|b75a79cec9: consumption_max le_unstated 400 MWh/yr; endpoint inclusion is unstated; potential shared-boundary overlaps: ausnet:NSP75|2024-25|consumption_min|7ef9825be1
boundary_inclusivity_unstated/d4294d2f26,boundary_inclusivity_unstated,sapn,2025-26,sapn:SBTOUNE,,,sapn-initial-pricing-proposal-overview-2025-26-id333252,,40,MWh/yr,"sapn:SBTOUNE|2025-26|consumption_max|369ceb3016: consumption_max le_unstated 40 MWh/yr; endpoint inclusion is unstated; potential shared-boundary overlaps: sapn:MBTOUDNE|2025-26|consumption_min|fec593e25d, sapn:MBTOUD|2025-26|consumption_min|8b688ca951"
boundary_inclusivity_unstated/d54539abb1,boundary_inclusivity_unstated,ausnet,2024-25,ausnet:NSP56,,,ausnet-annual-pricing-proposal-2024-25,,400,MWh/yr,ausnet:NSP56|2024-25|consumption_max|7b302fdf8c: consumption_max le_unstated 400 MWh/yr; endpoint inclusion is unstated; potential shared-boundary overlaps: ausnet:NSP75|2024-25|consumption_min|7dcc7cb8bb
boundary_inclusivity_unstated/d774961f3d,boundary_inclusivity_unstated,ausnet,2025-26,ausnet:NSP75,,,ausnet-network-tariff-schedule-2025-26,,400,MWh/yr,"ausnet:NSP75|2025-26|consumption_min|2cc8ee49a1: consumption_min ge_unstated 400 MWh/yr; endpoint inclusion is unstated; potential shared-boundary overlaps: ausnet:NEN56|2025-26|consumption_max|c3bd373fd0, ausnet:NSP56|2025-26|consumption_max|8b1ba0bd1f"
boundary_inclusivity_unstated/d7971af26b,boundary_inclusivity_unstated,ausgrid,2023-24,ausgrid:EA317,,,ausgrid-2023-24-annual-scs-pricing-proposal-31mar2023,,160,MWh/yr,"ausgrid:EA317|2023-24|consumption_min|7e69cef846: consumption_min ge_unstated 160 MWh/yr; endpoint inclusion is unstated; potential shared-boundary overlaps: ausgrid:EA302|2023-24|consumption_max|772d1e0684, ausgrid:EA316|2023-24|consumption_max|63924dd83b"
boundary_inclusivity_unstated/db487aa11d,boundary_inclusivity_unstated,powerwater,2024-25,powerwater:TARIFF3B,,,pwc-scs-tariffs-2024-25-wayback,,160,MWh/yr,powerwater:TARIFF3B|2024-25|consumption_max|45aa90fa53: consumption_max le_unstated 160 MWh/yr; endpoint inclusion is unstated; potential shared-boundary overlaps: powerwater:TARIFF3C|2024-25|consumption_min|8e227248df
boundary_inclusivity_unstated/dbff910591,boundary_inclusivity_unstated,ausnet,2024-25,ausnet:NSP55,,,ausnet-annual-pricing-proposal-2024-25,,400,MWh/yr,ausnet:NSP55|2024-25|consumption_max|d6da4f6386: consumption_max le_unstated 400 MWh/yr; endpoint inclusion is unstated; potential shared-boundary overlaps: ausnet:NSP75|2024-25|consumption_min|7dcc7cb8bb
boundary_inclusivity_unstated/df815e2713,boundary_inclusivity_unstated,ausnet,2024-25,ausnet:NSP77,,,ausnet-annual-pricing-proposal-2024-25,,4,GWh/yr,ausnet:NSP77|2024-25|consumption_max|f60021ee49: consumption_max le_unstated 4 GWh/yr; endpoint inclusion is unstated; potential shared-boundary overlaps: ausnet:NSP78|2024-25|consumption_min|e06f3323eb
boundary_inclusivity_unstated/dfb239a313,boundary_inclusivity_unstated,ausnet,2025-26,ausnet:NEN56,,,ausnet-network-tariff-schedule-2025-26,,160,MWh/yr,ausnet:NEN56|2025-26|consumption_min|8999ca8649: consumption_min ge_unstated 160 MWh/yr; endpoint inclusion is unstated; potential shared-boundary overlaps: none
boundary_inclusivity_unstated/dfe650d931,boundary_inclusivity_unstated,sapn,2023-24,sapn:LBADF,,,sapn-2023-24-annual-pricing-proposal-revised-8may2023,,160,MWh/yr,"sapn:LBADF|2023-24|consumption_min|74ca3b16ba: consumption_min ge_unstated 160 MWh/yr; endpoint inclusion is unstated; potential shared-boundary overlaps: sapn:B2R|2023-24|consumption_max|c8d02d5517, sapn:BSR|2023-24|consumption_max|c8d02d5517, sapn:LVUU24|2023-24|consumption_max|c8d02d5517, sapn:LVUU|2023-24|consumption_max|c8d02d5517, sapn:M/QOPCL|2023-24|consumption_max|c8d02d5517, sapn:SBD|2023-24|consumption_max|c8d02d5517, sapn:SBTOUD|2023-24|consumption_max|c8d02d5517, sapn:SBTOUE|2023-24|consumption_max|c8d02d5517, sapn:SBTOU|2023-24|consumption_max|c8d02d5517"
boundary_inclusivity_unstated/e092636d48,boundary_inclusivity_unstated,ausnet,2024-25,ausnet:NEN56,,,ausnet-2024-25-schedule-of-tariffs-28mar2024,,160,MWh/yr,ausnet:NEN56|2024-25|consumption_min|e432f8a64f: consumption_min ge_unstated 160 MWh/yr; endpoint inclusion is unstated; potential shared-boundary overlaps: none
boundary_inclusivity_unstated/e1860483a3,boundary_inclusivity_unstated,sapn,2024-25,sapn:LBADF,,,sapn-2024-25-annual-pricing-proposal-19apr2024,,160,MWh/yr,"sapn:LBADF|2024-25|consumption_min|3b22a319b1: consumption_min ge_unstated 160 MWh/yr; endpoint inclusion is unstated; potential shared-boundary overlaps: sapn:B2R|2024-25|consumption_max|90f291c101, sapn:BSR|2024-25|consumption_max|90f291c101, sapn:LVUU24|2024-25|consumption_max|90f291c101, sapn:LVUU|2024-25|consumption_max|90f291c101, sapn:M/QOPCL|2024-25|consumption_max|90f291c101, sapn:SBD|2024-25|consumption_max|90f291c101, sapn:SBTOUD|2024-25|consumption_max|90f291c101, sapn:SBTOUE|2024-25|consumption_max|90f291c101, sapn:SBTOU|2024-25|consumption_max|90f291c101"
boundary_inclusivity_unstated/e3fd953bf2,boundary_inclusivity_unstated,ausnet,2023-24,ausnet:NSP27,,,ausnet-annual-pricing-proposal-2023-24,,160,MWh/yr,"ausnet:NSP27|2023-24|consumption_max|bd84c71457: consumption_max le_unstated 160 MWh/yr; endpoint inclusion is unstated; potential shared-boundary overlaps: ausnet:NEE55|2023-24|consumption_min|42cf1d9b72, ausnet:NSP55|2023-24|consumption_min|6fcc8e4d8b, ausnet:NSP56|2023-24|consumption_min|6618a17968"
boundary_inclusivity_unstated/e88076aea5,boundary_inclusivity_unstated,ausnet,2023-24,ausnet:NASN21,,,ausnet-annual-pricing-proposal-2023-24,,160,MWh/yr,"ausnet:NASN21|2023-24|consumption_max|dc52a63320: consumption_max le_unstated 160 MWh/yr; endpoint inclusion is unstated; potential shared-boundary overlaps: ausnet:NEE55|2023-24|consumption_min|42cf1d9b72, ausnet:NSP55|2023-24|consumption_min|6fcc8e4d8b, ausnet:NSP56|2023-24|consumption_min|6618a17968"
boundary_inclusivity_unstated/ea523615d0,boundary_inclusivity_unstated,ausgrid,2025-26,ausgrid:EA314,,,ausgrid-network-price-list-2025-26,,750,MWh/yr,ausgrid:EA314|2025-26|consumption_max|68c848b42c: consumption_max le_unstated 750 MWh/yr; endpoint inclusion is unstated; potential shared-boundary overlaps: none
boundary_inclusivity_unstated/ea869a4fff,boundary_inclusivity_unstated,ausnet,2024-25,ausnet:NSP75,,,ausnet-annual-pricing-proposal-2024-25,,750,MWh/yr,ausnet:NSP75|2024-25|consumption_max|b772af1b83: consumption_max le_unstated 750 MWh/yr; endpoint inclusion is unstated; potential shared-boundary overlaps: ausnet:NSP76|2024-25|consumption_min|5d17597de2
boundary_inclusivity_unstated/eb68afa8b7,boundary_inclusivity_unstated,ausgrid,2026-27,ausgrid:EA305,,,ausgrid-network-price-list-2026-27,,160,MWh/yr,ausgrid:EA305|2026-27|consumption_min|2e10e41c50: consumption_min ge_unstated 160 MWh/yr; endpoint inclusion is unstated; potential shared-boundary overlaps: ausgrid:EA302|2026-27|consumption_max|49d78e187d
boundary_inclusivity_unstated/eba3e29540,boundary_inclusivity_unstated,sapn,2023-24,sapn:LVUU,,,sapn-2023-24-annual-pricing-proposal-revised-8may2023,,160,MWh/yr,"sapn:LVUU|2023-24|consumption_max|c8d02d5517: consumption_max le_unstated 160 MWh/yr; endpoint inclusion is unstated; potential shared-boundary overlaps: sapn:B2RT|2023-24|consumption_min|74ca3b16ba, sapn:BD|2023-24|consumption_min|74ca3b16ba, sapn:BSRT|2023-24|consumption_min|74ca3b16ba, sapn:LBADF|2023-24|consumption_min|74ca3b16ba, sapn:LBAD|2023-24|consumption_min|74ca3b16ba, sapn:LBGF|2023-24|consumption_min|74ca3b16ba, sapn:LBG|2023-24|consumption_min|74ca3b16ba, sapn:LBMD|2023-24|consumption_min|74ca3b16ba"
boundary_inclusivity_unstated/ee71f4a843,boundary_inclusivity_unstated,ausnet,2023-24,ausnet:NSP75,,,ausnet-annual-pricing-proposal-2023-24,,400,MWh/yr,"ausnet:NSP75|2023-24|consumption_min|bd3971e4f0: consumption_min ge_unstated 400 MWh/yr; endpoint inclusion is unstated; potential shared-boundary overlaps: ausnet:NEE55|2023-24|consumption_max|3f90c6c9f5, ausnet:NSP55|2023-24|consumption_max|28938ce250, ausnet:NSP56|2023-24|consumption_max|66d82ffa9a"
boundary_inclusivity_unstated/ef37d32bbf,boundary_inclusivity_unstated,ausgrid,2024-25,ausgrid:EA302,,,aer-stakeholder-report-ausgrid-2024-25,,60,MWh/yr,ausgrid:EA302|2024-25|consumption_min|aafbade8ac: consumption_min ge_unstated 60 MWh/yr; endpoint inclusion is unstated; potential shared-boundary overlaps: none
boundary_inclusivity_unstated/ef85269e7b,boundary_inclusivity_unstated,ausnet,2024-25,ausnet:NSP76,,,ausnet-2024-25-schedule-of-tariffs-28mar2024,,750,MWh/yr,ausnet:NSP76|2024-25|consumption_min|2b3ca5e7e6: consumption_min ge_unstated 750 MWh/yr; endpoint inclusion is unstated; potential shared-boundary overlaps: ausnet:NSP75|2024-25|consumption_max|3a427d7ee1
boundary_inclusivity_unstated/efd1f7e841,boundary_inclusivity_unstated,ausnet,2024-25,ausnet:NSP56,,,ausnet-2024-25-schedule-of-tariffs-28mar2024,,400,MWh/yr,ausnet:NSP56|2024-25|consumption_max|6f392734d1: consumption_max le_unstated 400 MWh/yr; endpoint inclusion is unstated; potential shared-boundary overlaps: ausnet:NSP75|2024-25|consumption_min|7ef9825be1
boundary_inclusivity_unstated/f412c1eb50,boundary_inclusivity_unstated,ausgrid,2024-25,ausgrid:EA302,,,ausgrid-network-price-list-2024-25-wayback20250806,,60,MWh/yr,ausgrid:EA302|2024-25|consumption_min|7785e5ba4c: consumption_min ge_unstated 60 MWh/yr; endpoint inclusion is unstated; potential shared-boundary overlaps: none
boundary_inclusivity_unstated/f80b9e872f,boundary_inclusivity_unstated,ausnet,2024-25,ausnet:NSP77,,,ausnet-2024-25-schedule-of-tariffs-28mar2024,,2000,MWh/yr,ausnet:NSP77|2024-25|consumption_min|de3fb48e3c: consumption_min ge_unstated 2000 MWh/yr; endpoint inclusion is unstated; potential shared-boundary overlaps: ausnet:NSP76|2024-25|consumption_max|cf12afc2cc
boundary_inclusivity_unstated/f9c94eef32,boundary_inclusivity_unstated,ausgrid,2026-27,ausgrid:EA314,,,ausgrid-network-price-list-2026-27,,160,MWh/yr,ausgrid:EA314|2026-27|consumption_min|a61d5aa531: consumption_min ge_unstated 160 MWh/yr; endpoint inclusion is unstated; potential shared-boundary overlaps: ausgrid:EA302|2026-27|consumption_max|49d78e187d
boundary_inclusivity_unstated/fb7066cd37,boundary_inclusivity_unstated,sapn,2025-26,sapn:MBTOUD,,,sapn-2025-26-pricing-proposal-overview-14may2025,,160,MWh/yr,sapn:MBTOUD|2025-26|consumption_max|6f7aea58e7: consumption_max le_unstated 160 MWh/yr; endpoint inclusion is unstated; potential shared-boundary overlaps: none
code_label_quirk/01f8f05f70,code_label_quirk,ergon,2024-25,ergon:EC22LT2,aer-stakeholder-report-ergon-2024-25/EC22L/t2,,aer-stakeholder-report-ergon-2024-25,,,,regional_suffix: AER label 'EC22L' -> distributor code EC22LT2
code_label_quirk/021d72869c,code_label_quirk,ergon,2024-25,ergon:EBTDEMT2,aer-stakeholder-report-ergon-2024-25/EBTDEM/t2,,aer-stakeholder-report-ergon-2024-25,,,,regional_suffix: AER label 'EBTDEM' -> distributor code EBTDEMT2
code_label_quirk/022572ea18,code_label_quirk,ergon,2024-25,ergon:EDSTT3,aer-stakeholder-report-ergon-2024-25/EDST/t3,,aer-stakeholder-report-ergon-2024-25,,,,regional_suffix: AER label 'EDST' -> distributor code EDSTT3
code_label_quirk/03626bb4db,code_label_quirk,ergon,2024-25,ergon:WRTOUET2,aer-stakeholder-report-ergon-2024-25/WRTOUE/t2,,aer-stakeholder-report-ergon-2024-25,,,,regional_suffix: AER label 'WRTOUE' -> distributor code WRTOUET2
code_label_quirk/037f96b146,code_label_quirk,ergon,2024-25,ergon:MVUT4,aer-stakeholder-report-ergon-2024-25/MVU,,aer-stakeholder-report-ergon-2024-25,,,,regional_suffix: AER label 'MVU' -> distributor code MVUT4
code_label_quirk/05481589f7,code_label_quirk,ergon,2024-25,ergon:EC33T3,aer-stakeholder-report-ergon-2024-25/EC33/t3,,aer-stakeholder-report-ergon-2024-25,,,,regional_suffix: AER label 'EC33' -> distributor code EC33T3
code_label_quirk/0672e29fe0,code_label_quirk,ergon,2024-25,ergon:ELTOUDT3,aer-stakeholder-report-ergon-2024-25/ELTOUD/t3,,aer-stakeholder-report-ergon-2024-25,,,,regional_suffix: AER label 'ELTOUD' -> distributor code ELTOUDT3
code_label_quirk/07cdddd892,code_label_quirk,ergon,2024-25,ergon:MDMTT4,aer-stakeholder-report-ergon-2024-25/MDMT,,aer-stakeholder-report-ergon-2024-25,,,,regional_suffix: AER label 'MDMT' -> distributor code MDMTT4
code_label_quirk/08b105c3c8,code_label_quirk,ergon,2024-25,ergon:WBDEMT2,aer-stakeholder-report-ergon-2024-25/WBDEM/t2,,aer-stakeholder-report-ergon-2024-25,,,,regional_suffix: AER label 'WBDEM' -> distributor code WBDEMT2
code_label_quirk/08e8f088cb,code_label_quirk,ergon,2024-25,ergon:EC22LTOUT1,aer-stakeholder-report-ergon-2024-25/EC22LTOU/t1,,aer-stakeholder-report-ergon-2024-25,,,,regional_suffix: AER label 'EC22LTOU' -> distributor code EC22LTOUT1
code_label_quirk/0973c27f7f,code_label_quirk,sapn,2024-25,sapn:LBADF,aer-stakeholder-report-sapn-2024-25-updated17jul2024/LBADF-SA,,aer-stakeholder-report-sapn-2024-25-updated17jul2024,,,,code_variant: AER label 'LBADF-SA' -> distributor code LBADF
code_label_quirk/0d21279ff4,code_label_quirk,ergon,2024-25,ergon:WDMTT1,aer-stakeholder-report-ergon-2024-25/WDMT/t1,,aer-stakeholder-report-ergon-2024-25,,,,regional_suffix: AER label 'WDMT' -> distributor code WDMTT1
code_label_quirk/0efa0bb91a,code_label_quirk,ergon,2024-25,ergon:EC22LTOUT2,aer-stakeholder-report-ergon-2024-25/EC22LTOU/t2,,aer-stakeholder-report-ergon-2024-25,,,,regional_suffix: AER label 'EC22LTOU' -> distributor code EC22LTOUT2
code_label_quirk/104b495c40,code_label_quirk,sapn,2024-25,sapn:LBG,aer-stakeholder-report-sapn-2024-25-updated17jul2024/LBG-SA,,aer-stakeholder-report-sapn-2024-25-updated17jul2024,,,,code_variant: AER label 'LBG-SA' -> distributor code LBG
code_label_quirk/120990b163,code_label_quirk,ergon,2024-25,ergon:EBDEMT3,aer-stakeholder-report-ergon-2024-25/EBDEM/t3,,aer-stakeholder-report-ergon-2024-25,,,,regional_suffix: AER label 'EBDEM' -> distributor code EBDEMT3
code_label_quirk/12b017266f,code_label_quirk,ergon,2024-25,ergon:WBDEMT1,aer-stakeholder-report-ergon-2024-25/WBDEM/t1,,aer-stakeholder-report-ergon-2024-25,,,,regional_suffix: AER label 'WBDEM' -> distributor code WBDEMT1
code_label_quirk/13c26667c5,code_label_quirk,ergon,2024-25,ergon:WBTOUET2,aer-stakeholder-report-ergon-2024-25/WBTOUE/t2,,aer-stakeholder-report-ergon-2024-25,,,,regional_suffix: AER label 'WBTOUE' -> distributor code WBTOUET2
code_label_quirk/1a579d76ce,code_label_quirk,ergon,2024-25,ergon:EBDEMT1,aer-stakeholder-report-ergon-2024-25/EBDEM/t1,,aer-stakeholder-report-ergon-2024-25,,,,regional_suffix: AER label 'EBDEM' -> distributor code EBDEMT1
code_label_quirk/1a7bdf9920,code_label_quirk,ergon,2024-25,ergon:WLSLCT3,aer-stakeholder-report-ergon-2024-25/WLSLC/t3,,aer-stakeholder-report-ergon-2024-25,,,,regional_suffix: AER label 'WLSLC' -> distributor code WLSLCT3
code_label_quirk/1b388cc74f,code_label_quirk,ergon,2024-25,ergon:ERESTT2,aer-stakeholder-report-ergon-2024-25/EREST/t2,,aer-stakeholder-report-ergon-2024-25,,,,regional_suffix: AER label 'EREST' -> distributor code ERESTT2
code_label_quirk/1b4a09d9ca,code_label_quirk,ergon,2024-25,ergon:MBWIFT4,aer-stakeholder-report-ergon-2024-25/MBWIF,,aer-stakeholder-report-ergon-2024-25,,,,regional_suffix: AER label 'MBWIF' -> distributor code MBWIFT4
code_label_quirk/1bcc2a8b62,code_label_quirk,ergon,2024-25,ergon:EBFRMT1,aer-stakeholder-report-ergon-2024-25/EBFRM/t1,,aer-stakeholder-report-ergon-2024-25,,,,regional_suffix: AER label 'EBFRM' -> distributor code EBFRMT1
code_label_quirk/1c040aa6e0,code_label_quirk,ergon,2024-25,ergon:WBPLCT2,aer-stakeholder-report-ergon-2024-25/WBPLC/t2,,aer-stakeholder-report-ergon-2024-25,,,,regional_suffix: AER label 'WBPLC' -> distributor code WBPLCT2
code_label_quirk/1da66ab1fe,code_label_quirk,ergon,2024-25,ergon:EDSTT1,aer-stakeholder-report-ergon-2024-25/EDST/t1,,aer-stakeholder-report-ergon-2024-25,,,,regional_suffix: AER label 'EDST' -> distributor code EDSTT1
code_label_quirk/1e26ad8a98,code_label_quirk,ergon,2024-25,ergon:MDLTT4,aer-stakeholder-report-ergon-2024-25/MDLT,,aer-stakeholder-report-ergon-2024-25,,,,regional_suffix: AER label 'MDLT' -> distributor code MDLTT4
code_label_quirk/1ef6833b10,code_label_quirk,sapn,2024-25,sapn:HVAD,aer-stakeholder-report-sapn-2024-25-updated17jul2024/HVAD-SA,,aer-stakeholder-report-sapn-2024-25-updated17jul2024,,,,code_variant: AER label 'HVAD-SA' -> distributor code HVAD
code_label_quirk/20a778d13f,code_label_quirk,ergon,2024-25,ergon:EBPLCT3,aer-stakeholder-report-ergon-2024-25/EBPLC/t3,,aer-stakeholder-report-ergon-2024-25,,,,regional_suffix: AER label 'EBPLC' -> distributor code EBPLCT3
code_label_quirk/2154f7b09d,code_label_quirk,ergon,2024-25,ergon:EVCT1,aer-stakeholder-report-ergon-2024-25/EVC/t1,,aer-stakeholder-report-ergon-2024-25,,,,regional_suffix: AER label 'EVC' -> distributor code EVCT1
code_label_quirk/215964ef0f,code_label_quirk,ergon,2024-25,ergon:MBTOUET4,aer-stakeholder-report-ergon-2024-25/MBTOUE,,aer-stakeholder-report-ergon-2024-25,,,,regional_suffix: AER label 'MBTOUE' -> distributor code MBTOUET4
code_label_quirk/22a7f46f9c,code_label_quirk,ergon,2024-25,ergon:WRDEMT3,aer-stakeholder-report-ergon-2024-25/WRDEM/t3,,aer-stakeholder-report-ergon-2024-25,,,,regional_suffix: AER label 'WRDEM' -> distributor code WRDEMT3
code_label_quirk/22adc11260,code_label_quirk,ergon,2024-25,ergon:WDSTT2,aer-stakeholder-report-ergon-2024-25/WDST/t2,,aer-stakeholder-report-ergon-2024-25,,,,regional_suffix: AER label 'WDST' -> distributor code WDSTT2
code_label_quirk/265400e383,code_label_quirk,ergon,2024-25,ergon:EBPLCT2,aer-stakeholder-report-ergon-2024-25/EBPLC/t2,,aer-stakeholder-report-ergon-2024-25,,,,regional_suffix: AER label 'EBPLC' -> distributor code EBPLCT2
code_label_quirk/267f90c66c,code_label_quirk,ergon,2024-25,ergon:WBTDEMT1,aer-stakeholder-report-ergon-2024-25/WBTDEM/t1,,aer-stakeholder-report-ergon-2024-25,,,,regional_suffix: AER label 'WBTDEM' -> distributor code WBTDEMT1
code_label_quirk/2cd5d02f9f,code_label_quirk,ergon,2024-25,ergon:WRESTT3,aer-stakeholder-report-ergon-2024-25/WREST/t3,,aer-stakeholder-report-ergon-2024-25,,,,regional_suffix: AER label 'WREST' -> distributor code WRESTT3
code_label_quirk/2e27800fd2,code_label_quirk,ergon,2024-25,ergon:WBPLCT3,aer-stakeholder-report-ergon-2024-25/WBPLC/t3,,aer-stakeholder-report-ergon-2024-25,,,,regional_suffix: AER label 'WBPLC' -> distributor code WBPLCT3
code_label_quirk/2eca02d493,code_label_quirk,ergon,2024-25,ergon:WBDEMT3,aer-stakeholder-report-ergon-2024-25/WBDEM/t3,,aer-stakeholder-report-ergon-2024-25,,,,regional_suffix: AER label 'WBDEM' -> distributor code WBDEMT3
code_label_quirk/3483cabf1f,code_label_quirk,unitedenergy,2025-26,unitedenergy:LVDED,aer-consolidated-2025-26-v1/TD-UEY26res-CL,,aer-consolidated-2025-26-v1,,,,code_variant: v1 row with AER ID TD-UEY26res-CL: code LVDed from the same ID in the approved version; AER prints the code differently
code_label_quirk/34b630bb1c,code_label_quirk,ergon,2024-25,ergon:MRTOUET4,aer-stakeholder-report-ergon-2024-25/MRTOUE,,aer-stakeholder-report-ergon-2024-25,,,,regional_suffix: AER label 'MRTOUE' -> distributor code MRTOUET4
code_label_quirk/358dc41939,code_label_quirk,ergon,2024-25,ergon:WLPLCT1,aer-stakeholder-report-ergon-2024-25/WLPLC/t1,,aer-stakeholder-report-ergon-2024-25,,,,regional_suffix: AER label 'WLPLC' -> distributor code WLPLCT1
code_label_quirk/35df076486,code_label_quirk,ergon,2024-25,ergon:WSTOUDT3,aer-stakeholder-report-ergon-2024-25/WSTOUD/t3,,aer-stakeholder-report-ergon-2024-25,,,,regional_suffix: AER label 'WSTOUD' -> distributor code WSTOUDT3
code_label_quirk/35fd767f73,code_label_quirk,sapn,2024-25,sapn:STR483,aer-stakeholder-report-sapn-2024-25-updated17jul2024/STN483,,aer-stakeholder-report-sapn-2024-25-updated17jul2024,,,,name_matched: AER label STN483 matched by tariff name (similarity 0.94)
code_label_quirk/36619089de,code_label_quirk,ergon,2024-25,ergon:WBESTT1,aer-stakeholder-report-ergon-2024-25/WBEST/t1,,aer-stakeholder-report-ergon-2024-25,,,,regional_suffix: AER label 'WBEST' -> distributor code WBESTT1
code_label_quirk/3675ce67fe,code_label_quirk,ergon,2024-25,ergon:MVCT4,aer-stakeholder-report-ergon-2024-25/MVC,,aer-stakeholder-report-ergon-2024-25,,,,regional_suffix: AER label 'MVC' -> distributor code MVCT4
code_label_quirk/3689482b9c,code_label_quirk,sapn,2024-25,sapn:ZSS035,aer-stakeholder-report-sapn-2024-25-updated17jul2024/ZSN035,,aer-stakeholder-report-sapn-2024-25-updated17jul2024,,,,name_matched: AER label ZSN035 matched by tariff name (similarity 0.94)
code_label_quirk/39b40c31e9,code_label_quirk,sapn,2024-25,sapn:M/QOPCL,aer-stakeholder-report-sapn-2024-25-updated17jul2024/BCL,,aer-stakeholder-report-sapn-2024-25-updated17jul2024,,,,name_matched: AER label BCL matched by tariff name (similarity 1.0)
code_label_quirk/3a73c9a551,code_label_quirk,ergon,2024-25,ergon:WRTDEMT2,aer-stakeholder-report-ergon-2024-25/WRTDEM/t2,,aer-stakeholder-report-ergon-2024-25,,,,regional_suffix: AER label 'WRTDEM' -> distributor code WRTDEMT2
code_label_quirk/3aecf5b089,code_label_quirk,unitedenergy,2026-27,unitedenergy:LVDED,aer-consolidated-2026-27-v5/LVDed,,aer-consolidated-2026-27-v5,,,,code_variant: AER prints the code differently
code_label_quirk/3b27b3a6b6,code_label_quirk,ergon,2024-25,ergon:WC22BTOUT3,aer-stakeholder-report-ergon-2024-25/WC22BTOU/t3,,aer-stakeholder-report-ergon-2024-25,,,,regional_suffix: AER label 'WC22BTOU' -> distributor code WC22BTOUT3
code_label_quirk/3bdda9aef0,code_label_quirk,ergon,2024-25,ergon:WDSTT1,aer-stakeholder-report-ergon-2024-25/WDST/t1,,aer-stakeholder-report-ergon-2024-25,,,,regional_suffix: AER label 'WDST' -> distributor code WDSTT1
code_label_quirk/3cdcf4d993,code_label_quirk,ergon,2024-25,ergon:EC22BTOUT3,aer-stakeholder-report-ergon-2024-25/EC22BTOU/t3,,aer-stakeholder-report-ergon-2024-25,,,,regional_suffix: AER label 'EC22BTOU' -> distributor code EC22BTOUT3
code_label_quirk/3d2272caac,code_label_quirk,ergon,2024-25,ergon:WC22BT2,aer-stakeholder-report-ergon-2024-25/WC22B/t2,,aer-stakeholder-report-ergon-2024-25,,,,regional_suffix: AER label 'WC22B' -> distributor code WC22BT2
code_label_quirk/3d2c2a4a36,code_label_quirk,ergon,2024-25,ergon:WLTOUDT2,aer-stakeholder-report-ergon-2024-25/WLTOUD/t2,,aer-stakeholder-report-ergon-2024-25,,,,regional_suffix: AER label 'WLTOUD' -> distributor code WLTOUDT2
code_label_quirk/3e5bf11677,code_label_quirk,ergon,2024-25,ergon:ERTDEMT1,aer-stakeholder-report-ergon-2024-25/ERTDEM/t1,,aer-stakeholder-report-ergon-2024-25,,,,regional_suffix: AER label 'ERTDEM' -> distributor code ERTDEMT1
code_label_quirk/3ecc855b4e,code_label_quirk,ergon,2024-25,ergon:WC66T1,aer-stakeholder-report-ergon-2024-25/WC66/t1,,aer-stakeholder-report-ergon-2024-25,,,,regional_suffix: AER label 'WC66' -> distributor code WC66T1
code_label_quirk/402d3facc6,code_label_quirk,ergon,2024-25,ergon:EC66TOUT3,aer-stakeholder-report-ergon-2024-25/EC66TOU/t3,,aer-stakeholder-report-ergon-2024-25,,,,regional_suffix: AER label 'EC66TOU' -> distributor code EC66TOUT3
code_label_quirk/424188c570,code_label_quirk,ergon,2024-25,ergon:EVUT3,aer-stakeholder-report-ergon-2024-25/EVU/t3,,aer-stakeholder-report-ergon-2024-25,,,,regional_suffix: AER label 'EVU' -> distributor code EVUT3
code_label_quirk/425ee83eaf,code_label_quirk,ergon,2024-25,ergon:ELPLCT3,aer-stakeholder-report-ergon-2024-25/ELPLC/t3,,aer-stakeholder-report-ergon-2024-25,,,,regional_suffix: AER label 'ELPLC' -> distributor code ELPLCT3
code_label_quirk/439f351023,code_label_quirk,ergon,2024-25,ergon:EBPMPT2,aer-stakeholder-report-ergon-2024-25/EBPMP/t2,,aer-stakeholder-report-ergon-2024-25,,,,regional_suffix: AER label 'EBPMP' -> distributor code EBPMPT2
code_label_quirk/45788fa149,code_label_quirk,sapn,2024-25,sapn:HVMD,aer-stakeholder-report-sapn-2024-25-updated17jul2024/HVMD-SA,,aer-stakeholder-report-sapn-2024-25-updated17jul2024,,,,code_variant: AER label 'HVMD-SA' -> distributor code HVMD
code_label_quirk/47b2e0465c,code_label_quirk,ergon,2024-25,ergon:EDSTT2,aer-stakeholder-report-ergon-2024-25/EDST/t2,,aer-stakeholder-report-ergon-2024-25,,,,regional_suffix: AER label 'EDST' -> distributor code EDSTT2
code_label_quirk/48246cc00e,code_label_quirk,ergon,2024-25,ergon:EVCT3,aer-stakeholder-report-ergon-2024-25/EVC/t3,,aer-stakeholder-report-ergon-2024-25,,,,regional_suffix: AER label 'EVC' -> distributor code EVCT3
code_label_quirk/48520d74ab,code_label_quirk,ergon,2024-25,ergon:ERTOUET1,aer-stakeholder-report-ergon-2024-25/ERTOUE/t1,,aer-stakeholder-report-ergon-2024-25,,,,regional_suffix: AER label 'ERTOUE' -> distributor code ERTOUET1
code_label_quirk/48cf1478b7,code_label_quirk,ergon,2024-25,ergon:WVUT2,aer-stakeholder-report-ergon-2024-25/WVU/t2,,aer-stakeholder-report-ergon-2024-25,,,,regional_suffix: AER label 'WVU' -> distributor code WVUT2
code_label_quirk/48e283df79,code_label_quirk,ergon,2024-25,ergon:EBPMPT1,aer-stakeholder-report-ergon-2024-25/EBPMP/t1,,aer-stakeholder-report-ergon-2024-25,,,,regional_suffix: AER label 'EBPMP' -> distributor code EBPMPT1
code_label_quirk/48f819c649,code_label_quirk,unitedenergy,2024-25,unitedenergy:LVDED,aer-stakeholder-report-unitedenergy-2024-25/LVDed,,aer-stakeholder-report-unitedenergy-2024-25,,,,code_variant: AER prints the code differently
code_label_quirk/492434139b,code_label_quirk,ergon,2024-25,ergon:MBDEMT4,aer-stakeholder-report-ergon-2024-25/MBDEM,,aer-stakeholder-report-ergon-2024-25,,,,regional_suffix: AER label 'MBDEM' -> distributor code MBDEMT4
code_label_quirk/4ab66a4817,code_label_quirk,ergon,2024-25,ergon:WC22LTOUT3,aer-stakeholder-report-ergon-2024-25/WC22LTOU/t3,,aer-stakeholder-report-ergon-2024-25,,,,regional_suffix: AER label 'WC22LTOU' -> distributor code WC22LTOUT3
code_label_quirk/4b46cd5751,code_label_quirk,ergon,2024-25,ergon:MBPLCT4,aer-stakeholder-report-ergon-2024-25/MBPLC,,aer-stakeholder-report-ergon-2024-25,,,,regional_suffix: AER label 'MBPLC' -> distributor code MBPLCT4
code_label_quirk/4b85a9b672,code_label_quirk,ergon,2024-25,ergon:EBFRMT2,aer-stakeholder-report-ergon-2024-25/EBFRM/t2,,aer-stakeholder-report-ergon-2024-25,,,,regional_suffix: AER label 'EBFRM' -> distributor code EBFRMT2
code_label_quirk/4c758fe81c,code_label_quirk,ergon,2024-25,ergon:WBIBT1,aer-stakeholder-report-ergon-2024-25/WBIB/t1,,aer-stakeholder-report-ergon-2024-25,,,,regional_suffix: AER label 'WBIB' -> distributor code WBIBT1
code_label_quirk/4ca99c0ee6,code_label_quirk,ergon,2024-25,ergon:WBTOUET3,aer-stakeholder-report-ergon-2024-25/WBTOUE/t3,,aer-stakeholder-report-ergon-2024-25,,,,regional_suffix: AER label 'WBTOUE' -> distributor code WBTOUET3
code_label_quirk/4d4e51952f,code_label_quirk,ergon,2024-25,ergon:WC22LTOUT2,aer-stakeholder-report-ergon-2024-25/WC22LTOU/t2,,aer-stakeholder-report-ergon-2024-25,,,,regional_suffix: AER label 'WC22LTOU' -> distributor code WC22LTOUT2
code_label_quirk/4f66dade5a,code_label_quirk,ergon,2024-25,ergon:EC22BT3,aer-stakeholder-report-ergon-2024-25/EC22B/t3,,aer-stakeholder-report-ergon-2024-25,,,,regional_suffix: AER label 'EC22B' -> distributor code EC22BT3
code_label_quirk/500f5b99e2,code_label_quirk,ergon,2024-25,ergon:EBWIFT1,aer-stakeholder-report-ergon-2024-25/EBWIF/t1,,aer-stakeholder-report-ergon-2024-25,,,,regional_suffix: AER label 'EBWIF' -> distributor code EBWIFT1
code_label_quirk/510d389bb4,code_label_quirk,ergon,2024-25,ergon:WVNT2,aer-stakeholder-report-ergon-2024-25/WVN/t2,,aer-stakeholder-report-ergon-2024-25,,,,regional_suffix: AER label 'WVN' -> distributor code WVNT2
code_label_quirk/51bca7ecb9,code_label_quirk,sapn,2024-25,sapn:HVAD500,aer-stakeholder-report-sapn-2024-25-updated17jul2024/HVAD500-SA,,aer-stakeholder-report-sapn-2024-25-updated17jul2024,,,,code_variant: AER label 'HVAD500-SA' -> distributor code HVAD500
code_label_quirk/528aa72cb8,code_label_quirk,ergon,2024-25,ergon:WC22LT2,aer-stakeholder-report-ergon-2024-25/WC22L/t2,,aer-stakeholder-report-ergon-2024-25,,,,regional_suffix: AER label 'WC22L' -> distributor code WC22LT2
code_label_quirk/535c70db15,code_label_quirk,ergon,2024-25,ergon:WBESTT2,aer-stakeholder-report-ergon-2024-25/WBEST/t2,,aer-stakeholder-report-ergon-2024-25,,,,regional_suffix: AER label 'WBEST' -> distributor code WBESTT2
code_label_quirk/5402268f4b,code_label_quirk,ergon,2024-25,ergon:WLTOUDT1,aer-stakeholder-report-ergon-2024-25/WLTOUD/t1,,aer-stakeholder-report-ergon-2024-25,,,,regional_suffix: AER label 'WLTOUD' -> distributor code WLTOUDT1
code_label_quirk/5410aafed9,code_label_quirk,ergon,2024-25,ergon:EBIRRT2,aer-stakeholder-report-ergon-2024-25/EBIRR/t2,,aer-stakeholder-report-ergon-2024-25,,,,regional_suffix: AER label 'EBIRR' -> distributor code EBIRRT2
code_label_quirk/5434b64854,code_label_quirk,ergon,2024-25,ergon:EBIBT3,aer-stakeholder-report-ergon-2024-25/EBIB/t3,,aer-stakeholder-report-ergon-2024-25,,,,regional_suffix: AER label 'EBIB' -> distributor code EBIBT3
code_label_quirk/588741576c,code_label_quirk,ergon,2024-25,ergon:WC22BT3,aer-stakeholder-report-ergon-2024-25/WC22B/t3,,aer-stakeholder-report-ergon-2024-25,,,,regional_suffix: AER label 'WC22B' -> distributor code WC22BT3
code_label_quirk/58b390d30a,code_label_quirk,ergon,2024-25,ergon:ERDEMT1,aer-stakeholder-report-ergon-2024-25/ERDEM/t1,,aer-stakeholder-report-ergon-2024-25,,,,regional_suffix: AER label 'ERDEM' -> distributor code ERDEMT1
code_label_quirk/58e8c6f1c2,code_label_quirk,ergon,2024-25,ergon:WBWIFT1,aer-stakeholder-report-ergon-2024-25/WBWIF/t1,,aer-stakeholder-report-ergon-2024-25,,,,regional_suffix: AER label 'WBWIF' -> distributor code WBWIFT1
code_label_quirk/59470cc4a4,code_label_quirk,ergon,2024-25,ergon:ESTOUDT2,aer-stakeholder-report-ergon-2024-25/ESTOUD/t2,,aer-stakeholder-report-ergon-2024-25,,,,regional_suffix: AER label 'ESTOUD' -> distributor code ESTOUDT2
code_label_quirk/59e07d55cb,code_label_quirk,ergon,2024-25,ergon:WC22BT1,aer-stakeholder-report-ergon-2024-25/WC22B/t1,,aer-stakeholder-report-ergon-2024-25,,,,regional_suffix: AER label 'WC22B' -> distributor code WC22BT1
code_label_quirk/5d1d1935aa,code_label_quirk,ergon,2024-25,ergon:WVCT1,aer-stakeholder-report-ergon-2024-25/WVC/t1,,aer-stakeholder-report-ergon-2024-25,,,,regional_suffix: AER label 'WVC' -> distributor code WVCT1
code_label_quirk/5d5734259b,code_label_quirk,ergon,2024-25,ergon:WDLTT1,aer-stakeholder-report-ergon-2024-25/WDLT/t1,,aer-stakeholder-report-ergon-2024-25,,,,regional_suffix: AER label 'WDLT' -> distributor code WDLTT1
code_label_quirk/5d8b559c16,code_label_quirk,ergon,2024-25,ergon:MVNT4,aer-stakeholder-report-ergon-2024-25/MVN,,aer-stakeholder-report-ergon-2024-25,,,,regional_suffix: AER label 'MVN' -> distributor code MVNT4
code_label_quirk/5eba7d012d,code_label_quirk,ergon,2024-25,ergon:EVUT2,aer-stakeholder-report-ergon-2024-25/EVU/t2,,aer-stakeholder-report-ergon-2024-25,,,,regional_suffix: AER label 'EVU' -> distributor code EVUT2
code_label_quirk/5fc9cbe881,code_label_quirk,ergon,2024-25,ergon:EVNT3,aer-stakeholder-report-ergon-2024-25/EVN/t3,,aer-stakeholder-report-ergon-2024-25,,,,regional_suffix: AER label 'EVN' -> distributor code EVNT3
code_label_quirk/605486e433,code_label_quirk,unitedenergy,2026-27,unitedenergy:SUBTKVATOU,aer-consolidated-2026-27-v5/SUBTkVATOU,,aer-consolidated-2026-27-v5,,,,code_variant: AER prints the code differently
code_label_quirk/608854c5fc,code_label_quirk,ergon,2024-25,ergon:MLSLCT4,aer-stakeholder-report-ergon-2024-25/MLSLC,,aer-stakeholder-report-ergon-2024-25,,,,regional_suffix: AER label 'MLSLC' -> distributor code MLSLCT4
code_label_quirk/61a3d341c7,code_label_quirk,ergon,2024-25,ergon:WBIBT3,aer-stakeholder-report-ergon-2024-25/WBIB/t3,,aer-stakeholder-report-ergon-2024-25,,,,regional_suffix: AER label 'WBIB' -> distributor code WBIBT3
code_label_quirk/61af881b10,code_label_quirk,ergon,2024-25,ergon:MRDEMT4,aer-stakeholder-report-ergon-2024-25/MRDEM,,aer-stakeholder-report-ergon-2024-25,,,,regional_suffix: AER label 'MRDEM' -> distributor code MRDEMT4
code_label_quirk/61fb383513,code_label_quirk,sapn,2024-25,sapn:HVADF,aer-stakeholder-report-sapn-2024-25-updated17jul2024/HVADF-SA,,aer-stakeholder-report-sapn-2024-25-updated17jul2024,,,,code_variant: AER label 'HVADF-SA' -> distributor code HVADF
code_label_quirk/6284ed2542,code_label_quirk,ergon,2024-25,ergon:EBIRRT1,aer-stakeholder-report-ergon-2024-25/EBIRR/t1,,aer-stakeholder-report-ergon-2024-25,,,,regional_suffix: AER label 'EBIRR' -> distributor code EBIRRT1
code_label_quirk/63d50a584d,code_label_quirk,ergon,2024-25,ergon:ESTOUDT3,aer-stakeholder-report-ergon-2024-25/ESTOUD/t3,,aer-stakeholder-report-ergon-2024-25,,,,regional_suffix: AER label 'ESTOUD' -> distributor code ESTOUDT3
code_label_quirk/64a1ea83fd,code_label_quirk,ergon,2024-25,ergon:WLSLCT2,aer-stakeholder-report-ergon-2024-25/WLSLC/t2,,aer-stakeholder-report-ergon-2024-25,,,,regional_suffix: AER label 'WLSLC' -> distributor code WLSLCT2
code_label_quirk/64fe3edb6b,code_label_quirk,ergon,2024-25,ergon:ERIBT1,aer-stakeholder-report-ergon-2024-25/ERIB/t1,,aer-stakeholder-report-ergon-2024-25,,,,regional_suffix: AER label 'ERIB' -> distributor code ERIBT1
code_label_quirk/658d89e967,code_label_quirk,ergon,2024-25,ergon:WVUT3,aer-stakeholder-report-ergon-2024-25/WVU/t3,,aer-stakeholder-report-ergon-2024-25,,,,regional_suffix: AER label 'WVU' -> distributor code WVUT3
code_label_quirk/689fa94af4,code_label_quirk,ergon,2024-25,ergon:EC22LT1,aer-stakeholder-report-ergon-2024-25/EC22L/t1,,aer-stakeholder-report-ergon-2024-25,,,,regional_suffix: AER label 'EC22L' -> distributor code EC22LT1
code_label_quirk/68bc396d8e,code_label_quirk,ergon,2024-25,ergon:EVCT2,aer-stakeholder-report-ergon-2024-25/EVC/t2,,aer-stakeholder-report-ergon-2024-25,,,,regional_suffix: AER label 'EVC' -> distributor code EVCT2
code_label_quirk/68f0916109,code_label_quirk,ergon,2024-25,ergon:WSTOUDT2,aer-stakeholder-report-ergon-2024-25/WSTOUD/t2,,aer-stakeholder-report-ergon-2024-25,,,,regional_suffix: AER label 'WSTOUD' -> distributor code WSTOUDT2
code_label_quirk/691ab0684c,code_label_quirk,ergon,2024-25,ergon:MRESTT4,aer-stakeholder-report-ergon-2024-25/MREST,,aer-stakeholder-report-ergon-2024-25,,,,regional_suffix: AER label 'MREST' -> distributor code MRESTT4
code_label_quirk/69636ef3c5,code_label_quirk,ergon,2024-25,ergon:MRTDEMT4,aer-stakeholder-report-ergon-2024-25/MRTDEM,,aer-stakeholder-report-ergon-2024-25,,,,regional_suffix: AER label 'MRTDEM' -> distributor code MRTDEMT4
code_label_quirk/6a2d6f9c46,code_label_quirk,ergon,2024-25,ergon:ELPLCT1,aer-stakeholder-report-ergon-2024-25/ELPLC/t1,,aer-stakeholder-report-ergon-2024-25,,,,regional_suffix: AER label 'ELPLC' -> distributor code ELPLCT1
code_label_quirk/6a87fd845f,code_label_quirk,ergon,2024-25,ergon:EBIBT1,aer-stakeholder-report-ergon-2024-25/EBIB/t1,,aer-stakeholder-report-ergon-2024-25,,,,regional_suffix: AER label 'EBIB' -> distributor code EBIBT1
code_label_quirk/6c6cefb0ab,code_label_quirk,ergon,2024-25,ergon:MBESTT4,aer-stakeholder-report-ergon-2024-25/MBEST,,aer-stakeholder-report-ergon-2024-25,,,,regional_suffix: AER label 'MBEST' -> distributor code MBESTT4
code_label_quirk/6eca9c6829,code_label_quirk,ergon,2024-25,ergon:WBTDEMT2,aer-stakeholder-report-ergon-2024-25/WBTDEM/t2,,aer-stakeholder-report-ergon-2024-25,,,,regional_suffix: AER label 'WBTDEM' -> distributor code WBTDEMT2
code_label_quirk/6f174d4e1e,code_label_quirk,ergon,2024-25,ergon:WC66TOUT1,aer-stakeholder-report-ergon-2024-25/WC66TOU/t1,,aer-stakeholder-report-ergon-2024-25,,,,regional_suffix: AER label 'WC66TOU' -> distributor code WC66TOUT1
code_label_quirk/71483bb841,code_label_quirk,ergon,2024-25,ergon:ERTOUET3,aer-stakeholder-report-ergon-2024-25/ERTOUE/t3,,aer-stakeholder-report-ergon-2024-25,,,,regional_suffix: AER label 'ERTOUE' -> distributor code ERTOUET3
code_label_quirk/717cfbc001,code_label_quirk,ergon,2024-25,ergon:WBPLCT1,aer-stakeholder-report-ergon-2024-25/WBPLC/t1,,aer-stakeholder-report-ergon-2024-25,,,,regional_suffix: AER label 'WBPLC' -> distributor code WBPLCT1
code_label_quirk/72c737d975,code_label_quirk,ergon,2024-25,ergon:WBTDEMT3,aer-stakeholder-report-ergon-2024-25/WBTDEM/t3,,aer-stakeholder-report-ergon-2024-25,,,,regional_suffix: AER label 'WBTDEM' -> distributor code WBTDEMT3
code_label_quirk/790e01de90,code_label_quirk,ergon,2024-25,ergon:EC66T2,aer-stakeholder-report-ergon-2024-25/EC66/t2,,aer-stakeholder-report-ergon-2024-25,,,,regional_suffix: AER label 'EC66' -> distributor code EC66T2
code_label_quirk/7914520d09,code_label_quirk,ergon,2024-25,ergon:ESTOUDT1,aer-stakeholder-report-ergon-2024-25/ESTOUD/t1,,aer-stakeholder-report-ergon-2024-25,,,,regional_suffix: AER label 'ESTOUD' -> distributor code ESTOUDT1
code_label_quirk/797acea5c0,code_label_quirk,ergon,2024-25,ergon:EDLTT3,aer-stakeholder-report-ergon-2024-25/EDLT/t3,,aer-stakeholder-report-ergon-2024-25,,,,regional_suffix: AER label 'EDLT' -> distributor code EDLTT3
code_label_quirk/7b75f1e094,code_label_quirk,ergon,2024-25,ergon:EBESTT1,aer-stakeholder-report-ergon-2024-25/EBEST/t1,,aer-stakeholder-report-ergon-2024-25,,,,regional_suffix: AER label 'EBEST' -> distributor code EBESTT1
code_label_quirk/7b9a27c46a,code_label_quirk,ergon,2024-25,ergon:WRTOUET3,aer-stakeholder-report-ergon-2024-25/WRTOUE/t3,,aer-stakeholder-report-ergon-2024-25,,,,regional_suffix: AER label 'WRTOUE' -> distributor code WRTOUET3
code_label_quirk/7be084c698,code_label_quirk,ergon,2024-25,ergon:EDMTT1,aer-stakeholder-report-ergon-2024-25/EDMT/t1,,aer-stakeholder-report-ergon-2024-25,,,,regional_suffix: AER label 'EDMT' -> distributor code EDMTT1
code_label_quirk/7cbb8b9c3b,code_label_quirk,ergon,2024-25,ergon:EDMTT2,aer-stakeholder-report-ergon-2024-25/EDMT/t2,,aer-stakeholder-report-ergon-2024-25,,,,regional_suffix: AER label 'EDMT' -> distributor code EDMTT2
code_label_quirk/7e3c86a72f,code_label_quirk,ergon,2024-25,ergon:EBIRRT3,aer-stakeholder-report-ergon-2024-25/EBIRR/t3,,aer-stakeholder-report-ergon-2024-25,,,,regional_suffix: AER label 'EBIRR' -> distributor code EBIRRT3
code_label_quirk/7e5f8ed6e6,code_label_quirk,ergon,2024-25,ergon:EC22BTOUT1,aer-stakeholder-report-ergon-2024-25/EC22BTOU/t1,,aer-stakeholder-report-ergon-2024-25,,,,regional_suffix: AER label 'EC22BTOU' -> distributor code EC22BTOUT1
code_label_quirk/8106065e1c,code_label_quirk,ergon,2024-25,ergon:EBDEMT2,aer-stakeholder-report-ergon-2024-25/EBDEM/t2,,aer-stakeholder-report-ergon-2024-25,,,,regional_suffix: AER label 'EBDEM' -> distributor code EBDEMT2
code_label_quirk/81916a031c,code_label_quirk,ergon,2024-25,ergon:EC66T1,aer-stakeholder-report-ergon-2024-25/EC66/t1,,aer-stakeholder-report-ergon-2024-25,,,,regional_suffix: AER label 'EC66' -> distributor code EC66T1
code_label_quirk/825f2cfa34,code_label_quirk,ergon,2024-25,ergon:ELPLCT2,aer-stakeholder-report-ergon-2024-25/ELPLC/t2,,aer-stakeholder-report-ergon-2024-25,,,,regional_suffix: AER label 'ELPLC' -> distributor code ELPLCT2
code_label_quirk/8845dc6050,code_label_quirk,ergon,2024-25,ergon:WLPLCT3,aer-stakeholder-report-ergon-2024-25/WLPLC/t3,,aer-stakeholder-report-ergon-2024-25,,,,regional_suffix: AER label 'WLPLC' -> distributor code WLPLCT3
code_label_quirk/89a68bca99,code_label_quirk,ergon,2024-25,ergon:EC33T2,aer-stakeholder-report-ergon-2024-25/EC33/t2,,aer-stakeholder-report-ergon-2024-25,,,,regional_suffix: AER label 'EC33' -> distributor code EC33T2
code_label_quirk/8a8917380f,code_label_quirk,sapn,2024-25,sapn:ZSS272,aer-stakeholder-report-sapn-2024-25-updated17jul2024/ZSN272,,aer-stakeholder-report-sapn-2024-25-updated17jul2024,,,,name_matched: AER label ZSN272 matched by tariff name (similarity 0.94)
code_label_quirk/8aab40fb78,code_label_quirk,ergon,2024-25,ergon:EBESTT2,aer-stakeholder-report-ergon-2024-25/EBEST/t2,,aer-stakeholder-report-ergon-2024-25,,,,regional_suffix: AER label 'EBEST' -> distributor code EBESTT2
code_label_quirk/8ce2e0a796,code_label_quirk,ergon,2024-25,ergon:WLTOUDT3,aer-stakeholder-report-ergon-2024-25/WLTOUD/t3,,aer-stakeholder-report-ergon-2024-25,,,,regional_suffix: AER label 'WLTOUD' -> distributor code WLTOUDT3
code_label_quirk/8d51aacc4e,code_label_quirk,ergon,2024-25,ergon:WC66TOUT3,aer-stakeholder-report-ergon-2024-25/WC66TOU/t3,,aer-stakeholder-report-ergon-2024-25,,,,regional_suffix: AER label 'WC66TOU' -> distributor code WC66TOUT3
code_label_quirk/8d89693019,code_label_quirk,ergon,2024-25,ergon:EBIBT2,aer-stakeholder-report-ergon-2024-25/EBIB/t2,,aer-stakeholder-report-ergon-2024-25,,,,regional_suffix: AER label 'EBIB' -> distributor code EBIBT2
code_label_quirk/8f7ede8115,code_label_quirk,ergon,2024-25,ergon:WBWIFT3,aer-stakeholder-report-ergon-2024-25/WBWIF/t3,,aer-stakeholder-report-ergon-2024-25,,,,regional_suffix: AER label 'WBWIF' -> distributor code WBWIFT3
code_label_quirk/8fabdd888f,code_label_quirk,ergon,2024-25,ergon:EC22LTOUT3,aer-stakeholder-report-ergon-2024-25/EC22LTOU/t3,,aer-stakeholder-report-ergon-2024-25,,,,regional_suffix: AER label 'EC22LTOU' -> distributor code EC22LTOUT3
code_label_quirk/923d3a3bfa,code_label_quirk,ergon,2024-25,ergon:EVNT2,aer-stakeholder-report-ergon-2024-25/EVN/t2,,aer-stakeholder-report-ergon-2024-25,,,,regional_suffix: AER label 'EVN' -> distributor code EVNT2
code_label_quirk/927fcef3fc,code_label_quirk,ergon,2024-25,ergon:WC66TOUT2,aer-stakeholder-report-ergon-2024-25/WC66TOU/t2,,aer-stakeholder-report-ergon-2024-25,,,,regional_suffix: AER label 'WC66TOU' -> distributor code WC66TOUT2
code_label_quirk/92f299e66c,code_label_quirk,ergon,2024-25,ergon:WDMTT2,aer-stakeholder-report-ergon-2024-25/WDMT/t2,,aer-stakeholder-report-ergon-2024-25,,,,regional_suffix: AER label 'WDMT' -> distributor code WDMTT2
code_label_quirk/94051703ef,code_label_quirk,ergon,2024-25,ergon:WBESTT3,aer-stakeholder-report-ergon-2024-25/WBEST/t3,,aer-stakeholder-report-ergon-2024-25,,,,regional_suffix: AER label 'WBEST' -> distributor code WBESTT3
code_label_quirk/94adbf01f0,code_label_quirk,ergon,2024-25,ergon:EBTDEMT1,aer-stakeholder-report-ergon-2024-25/EBTDEM/t1,,aer-stakeholder-report-ergon-2024-25,,,,regional_suffix: AER label 'EBTDEM' -> distributor code EBTDEMT1
code_label_quirk/9ac6dcc87a,code_label_quirk,ergon,2024-25,ergon:EC22BT1,aer-stakeholder-report-ergon-2024-25/EC22B/t1,,aer-stakeholder-report-ergon-2024-25,,,,regional_suffix: AER label 'EC22B' -> distributor code EC22BT1
code_label_quirk/9b24b24d22,code_label_quirk,sapn,2024-25,sapn:LBMD,aer-stakeholder-report-sapn-2024-25-updated17jul2024/LBMD-SA,,aer-stakeholder-report-sapn-2024-25-updated17jul2024,,,,code_variant: AER label 'LBMD-SA' -> distributor code LBMD
code_label_quirk/9c143eb5ef,code_label_quirk,ergon,2024-25,ergon:WRIBT3,aer-stakeholder-report-ergon-2024-25/WRIB/t3,,aer-stakeholder-report-ergon-2024-25,,,,regional_suffix: AER label 'WRIB' -> distributor code WRIBT3
code_label_quirk/9d558ddd32,code_label_quirk,ergon,2024-25,ergon:MLPLCT4,aer-stakeholder-report-ergon-2024-25/MLPLC,,aer-stakeholder-report-ergon-2024-25,,,,regional_suffix: AER label 'MLPLC' -> distributor code MLPLCT4
code_label_quirk/9e992a5b96,code_label_quirk,ergon,2024-25,ergon:WC33T2,aer-stakeholder-report-ergon-2024-25/WC33/t2,,aer-stakeholder-report-ergon-2024-25,,,,regional_suffix: AER label 'WC33' -> distributor code WC33T2
code_label_quirk/9f9ebf73d1,code_label_quirk,ergon,2024-25,ergon:ERTOUET2,aer-stakeholder-report-ergon-2024-25/ERTOUE/t2,,aer-stakeholder-report-ergon-2024-25,,,,regional_suffix: AER label 'ERTOUE' -> distributor code ERTOUET2
code_label_quirk/a02baf666b,code_label_quirk,ergon,2024-25,ergon:WDMTT3,aer-stakeholder-report-ergon-2024-25/WDMT/t3,,aer-stakeholder-report-ergon-2024-25,,,,regional_suffix: AER label 'WDMT' -> distributor code WDMTT3
code_label_quirk/a0b42066db,code_label_quirk,ergon,2024-25,ergon:MBIBT4,aer-stakeholder-report-ergon-2024-25/MBIB,,aer-stakeholder-report-ergon-2024-25,,,,regional_suffix: AER label 'MBIB' -> distributor code MBIBT4
code_label_quirk/a0f3d80205,code_label_quirk,ergon,2024-25,ergon:ERTDEMT3,aer-stakeholder-report-ergon-2024-25/ERTDEM/t3,,aer-stakeholder-report-ergon-2024-25,,,,regional_suffix: AER label 'ERTDEM' -> distributor code ERTDEMT3
code_label_quirk/a257653c2f,code_label_quirk,ergon,2024-25,ergon:WDLTT3,aer-stakeholder-report-ergon-2024-25/WDLT/t3,,aer-stakeholder-report-ergon-2024-25,,,,regional_suffix: AER label 'WDLT' -> distributor code WDLTT3
code_label_quirk/a3648d5bf8,code_label_quirk,ergon,2024-25,ergon:WC33T1,aer-stakeholder-report-ergon-2024-25/WC33/t1,,aer-stakeholder-report-ergon-2024-25,,,,regional_suffix: AER label 'WC33' -> distributor code WC33T1
code_label_quirk/a481cca780,code_label_quirk,ergon,2024-25,ergon:WBTOUET1,aer-stakeholder-report-ergon-2024-25/WBTOUE/t1,,aer-stakeholder-report-ergon-2024-25,,,,regional_suffix: AER label 'WBTOUE' -> distributor code WBTOUET1
code_label_quirk/a4ee64d4ea,code_label_quirk,ergon,2024-25,ergon:EDLTT1,aer-stakeholder-report-ergon-2024-25/EDLT/t1,,aer-stakeholder-report-ergon-2024-25,,,,regional_suffix: AER label 'EDLT' -> distributor code EDLTT1
code_label_quirk/a755ea13dc,code_label_quirk,ergon,2024-25,ergon:WBIBT2,aer-stakeholder-report-ergon-2024-25/WBIB/t2,,aer-stakeholder-report-ergon-2024-25,,,,regional_suffix: AER label 'WBIB' -> distributor code WBIBT2
code_label_quirk/a799cd3676,code_label_quirk,ergon,2024-25,ergon:WRTDEMT1,aer-stakeholder-report-ergon-2024-25/WRTDEM/t1,,aer-stakeholder-report-ergon-2024-25,,,,regional_suffix: AER label 'WRTDEM' -> distributor code WRTDEMT1
code_label_quirk/a8838f886b,code_label_quirk,ergon,2024-25,ergon:ERESTT1,aer-stakeholder-report-ergon-2024-25/EREST/t1,,aer-stakeholder-report-ergon-2024-25,,,,regional_suffix: AER label 'EREST' -> distributor code ERESTT1
code_label_quirk/a9cc3c9c02,code_label_quirk,ergon,2024-25,ergon:WVCT2,aer-stakeholder-report-ergon-2024-25/WVC/t2,,aer-stakeholder-report-ergon-2024-25,,,,regional_suffix: AER label 'WVC' -> distributor code WVCT2
code_label_quirk/acb202a8b6,code_label_quirk,ergon,2024-25,ergon:ERTDEMT2,aer-stakeholder-report-ergon-2024-25/ERTDEM/t2,,aer-stakeholder-report-ergon-2024-25,,,,regional_suffix: AER label 'ERTDEM' -> distributor code ERTDEMT2
code_label_quirk/acce925e6a,code_label_quirk,ergon,2024-25,ergon:WBWIFT2,aer-stakeholder-report-ergon-2024-25/WBWIF/t2,,aer-stakeholder-report-ergon-2024-25,,,,regional_suffix: AER label 'WBWIF' -> distributor code WBWIFT2
code_label_quirk/af859f5b00,code_label_quirk,ergon,2024-25,ergon:WDLTT2,aer-stakeholder-report-ergon-2024-25/WDLT/t2,,aer-stakeholder-report-ergon-2024-25,,,,regional_suffix: AER label 'WDLT' -> distributor code WDLTT2
code_label_quirk/b0bee0e0a6,code_label_quirk,ergon,2024-25,ergon:WC66T2,aer-stakeholder-report-ergon-2024-25/WC66/t2,,aer-stakeholder-report-ergon-2024-25,,,,regional_suffix: AER label 'WC66' -> distributor code WC66T2
code_label_quirk/b142a239d3,code_label_quirk,ergon,2024-25,ergon:WC22BTOUT1,aer-stakeholder-report-ergon-2024-25/WC22BTOU/t1,,aer-stakeholder-report-ergon-2024-25,,,,regional_suffix: AER label 'WC22BTOU' -> distributor code WC22BTOUT1
code_label_quirk/b16bb5f4f0,code_label_quirk,ergon,2024-25,ergon:WC33T3,aer-stakeholder-report-ergon-2024-25/WC33/t3,,aer-stakeholder-report-ergon-2024-25,,,,regional_suffix: AER label 'WC33' -> distributor code WC33T3
code_label_quirk/b25ee0b7bd,code_label_quirk,ergon,2024-25,ergon:WC22LTOUT1,aer-stakeholder-report-ergon-2024-25/WC22LTOU/t1,,aer-stakeholder-report-ergon-2024-25,,,,regional_suffix: AER label 'WC22LTOU' -> distributor code WC22LTOUT1
code_label_quirk/b419b18240,code_label_quirk,sapn,2025-26,sapn:LBGFSA,,,aer-consolidated-2025-26-v5,,,,AER 'Code CBD' column prints 'LBGFSA' (row 1049); SA Power Networks publishes no such code
code_label_quirk/b478fc1125,code_label_quirk,ergon,2024-25,ergon:WRIBT1,aer-stakeholder-report-ergon-2024-25/WRIB/t1,,aer-stakeholder-report-ergon-2024-25,,,,regional_suffix: AER label 'WRIB' -> distributor code WRIBT1
code_label_quirk/b4e569074d,code_label_quirk,ergon,2024-25,ergon:WVNT1,aer-stakeholder-report-ergon-2024-25/WVN/t1,,aer-stakeholder-report-ergon-2024-25,,,,regional_suffix: AER label 'WVN' -> distributor code WVNT1
code_label_quirk/b5232e82ad,code_label_quirk,ergon,2024-25,ergon:EBFRMT3,aer-stakeholder-report-ergon-2024-25/EBFRM/t3,,aer-stakeholder-report-ergon-2024-25,,,,regional_suffix: AER label 'EBFRM' -> distributor code EBFRMT3
code_label_quirk/b6bd0f8763,code_label_quirk,ergon,2024-25,ergon:ERESTT3,aer-stakeholder-report-ergon-2024-25/EREST/t3,,aer-stakeholder-report-ergon-2024-25,,,,regional_suffix: AER label 'EREST' -> distributor code ERESTT3
code_label_quirk/b7336b4ee8,code_label_quirk,ergon,2024-25,ergon:ERIBT3,aer-stakeholder-report-ergon-2024-25/ERIB/t3,,aer-stakeholder-report-ergon-2024-25,,,,regional_suffix: AER label 'ERIB' -> distributor code ERIBT3
code_label_quirk/b73e8473d6,code_label_quirk,ergon,2024-25,ergon:WC22LT1,aer-stakeholder-report-ergon-2024-25/WC22L/t1,,aer-stakeholder-report-ergon-2024-25,,,,regional_suffix: AER label 'WC22L' -> distributor code WC22LT1
code_label_quirk/bb8ac30f6c,code_label_quirk,ergon,2024-25,ergon:WRDEMT2,aer-stakeholder-report-ergon-2024-25/WRDEM/t2,,aer-stakeholder-report-ergon-2024-25,,,,regional_suffix: AER label 'WRDEM' -> distributor code WRDEMT2
code_label_quirk/bbf50e8554,code_label_quirk,sapn,2024-25,sapn:HVBGF,aer-stakeholder-report-sapn-2024-25-updated17jul2024/HVBGF-SA,,aer-stakeholder-report-sapn-2024-25-updated17jul2024,,,,code_variant: AER label 'HVBGF-SA' -> distributor code HVBGF
code_label_quirk/bdafe2ed76,code_label_quirk,ergon,2024-25,ergon:EBWIFT3,aer-stakeholder-report-ergon-2024-25/EBWIF/t3,,aer-stakeholder-report-ergon-2024-25,,,,regional_suffix: AER label 'EBWIF' -> distributor code EBWIFT3
code_label_quirk/be0c665c82,code_label_quirk,ergon,2024-25,ergon:MBTDEMT4,aer-stakeholder-report-ergon-2024-25/MBTDEM,,aer-stakeholder-report-ergon-2024-25,,,,regional_suffix: AER label 'MBTDEM' -> distributor code MBTDEMT4
code_label_quirk/bec57b0a49,code_label_quirk,ergon,2024-25,ergon:EBTDEMT3,aer-stakeholder-report-ergon-2024-25/EBTDEM/t3,,aer-stakeholder-report-ergon-2024-25,,,,regional_suffix: AER label 'EBTDEM' -> distributor code EBTDEMT3
code_label_quirk/bfb94afafb,code_label_quirk,ergon,2024-25,ergon:MDSTT4,aer-stakeholder-report-ergon-2024-25/MDST,,aer-stakeholder-report-ergon-2024-25,,,,regional_suffix: AER label 'MDST' -> distributor code MDSTT4
code_label_quirk/bfff946dc7,code_label_quirk,ergon,2024-25,ergon:ELSLCT3,aer-stakeholder-report-ergon-2024-25/ELSLC/t3,,aer-stakeholder-report-ergon-2024-25,,,,regional_suffix: AER label 'ELSLC' -> distributor code ELSLCT3
code_label_quirk/c06b0e9eb1,code_label_quirk,unitedenergy,2025-26,unitedenergy:SUBTKVATOU,aer-consolidated-2025-26-v5/SUBTkVATOU,,aer-consolidated-2025-26-v5,,,,code_variant: AER prints the code differently
code_label_quirk/c10abb6955,code_label_quirk,ergon,2024-25,ergon:WC22LT3,aer-stakeholder-report-ergon-2024-25/WC22L/t3,,aer-stakeholder-report-ergon-2024-25,,,,regional_suffix: AER label 'WC22L' -> distributor code WC22LT3
code_label_quirk/c25beac0ee,code_label_quirk,sapn,2024-25,sapn:ZSS273,aer-stakeholder-report-sapn-2024-25-updated17jul2024/ZSN273,,aer-stakeholder-report-sapn-2024-25-updated17jul2024,,,,name_matched: AER label ZSN273 matched by tariff name (similarity 0.94)
code_label_quirk/c2cc02b2d6,code_label_quirk,ergon,2024-25,ergon:EBESTT3,aer-stakeholder-report-ergon-2024-25/EBEST/t3,,aer-stakeholder-report-ergon-2024-25,,,,regional_suffix: AER label 'EBEST' -> distributor code EBESTT3
code_label_quirk/c3091b9e29,code_label_quirk,sapn,2025-26,sapn:HVBGFSA,,,aer-consolidated-2025-26-v5,,,,AER 'Code CBD' column prints 'HVBGFSA' (row 1051); SA Power Networks publishes no such code
code_label_quirk/c444bc37cb,code_label_quirk,ergon,2024-25,ergon:EC66TOUT1,aer-stakeholder-report-ergon-2024-25/EC66TOU/t1,,aer-stakeholder-report-ergon-2024-25,,,,regional_suffix: AER label 'EC66TOU' -> distributor code EC66TOUT1
code_label_quirk/c6d36ad828,code_label_quirk,ergon,2024-25,ergon:WVUT1,aer-stakeholder-report-ergon-2024-25/WVU/t1,,aer-stakeholder-report-ergon-2024-25,,,,regional_suffix: AER label 'WVU' -> distributor code WVUT1
code_label_quirk/c7fb68b517,code_label_quirk,ergon,2024-25,ergon:WLPLCT2,aer-stakeholder-report-ergon-2024-25/WLPLC/t2,,aer-stakeholder-report-ergon-2024-25,,,,regional_suffix: AER label 'WLPLC' -> distributor code WLPLCT2
code_label_quirk/caac246d89,code_label_quirk,ergon,2024-25,ergon:EBWIFT2,aer-stakeholder-report-ergon-2024-25/EBWIF/t2,,aer-stakeholder-report-ergon-2024-25,,,,regional_suffix: AER label 'EBWIF' -> distributor code EBWIFT2
code_label_quirk/cab72bafc2,code_label_quirk,unitedenergy,2024-25,unitedenergy:SUBTKVATOU,aer-stakeholder-report-unitedenergy-2024-25/SUBTkVATOU,,aer-stakeholder-report-unitedenergy-2024-25,,,,code_variant: AER prints the code differently
code_label_quirk/caf3bd2116,code_label_quirk,ergon,2024-25,ergon:EDLTT2,aer-stakeholder-report-ergon-2024-25/EDLT/t2,,aer-stakeholder-report-ergon-2024-25,,,,regional_suffix: AER label 'EDLT' -> distributor code EDLTT2
code_label_quirk/cb1abe3c49,code_label_quirk,ergon,2024-25,ergon:EC22BTOUT2,aer-stakeholder-report-ergon-2024-25/EC22BTOU/t2,,aer-stakeholder-report-ergon-2024-25,,,,regional_suffix: AER label 'EC22BTOU' -> distributor code EC22BTOUT2
code_label_quirk/cb1dcd0e5c,code_label_quirk,ergon,2024-25,ergon:EC66T3,aer-stakeholder-report-ergon-2024-25/EC66/t3,,aer-stakeholder-report-ergon-2024-25,,,,regional_suffix: AER label 'EC66' -> distributor code EC66T3
code_label_quirk/cd9e0fd2b5,code_label_quirk,ergon,2024-25,ergon:EBPLCT1,aer-stakeholder-report-ergon-2024-25/EBPLC/t1,,aer-stakeholder-report-ergon-2024-25,,,,regional_suffix: AER label 'EBPLC' -> distributor code EBPLCT1
code_label_quirk/cde6d607cd,code_label_quirk,ergon,2024-25,ergon:EBTOUET2,aer-stakeholder-report-ergon-2024-25/EBTOUE/t2,,aer-stakeholder-report-ergon-2024-25,,,,regional_suffix: AER label 'EBTOUE' -> distributor code EBTOUET2
code_label_quirk/cdf2e8af71,code_label_quirk,ergon,2024-25,ergon:MSTOUDT4,aer-stakeholder-report-ergon-2024-25/MSTOUD,,aer-stakeholder-report-ergon-2024-25,,,,regional_suffix: AER label 'MSTOUD' -> distributor code MSTOUDT4
code_label_quirk/d0178c6718,code_label_quirk,ergon,2024-25,ergon:WRESTT1,aer-stakeholder-report-ergon-2024-25/WREST/t1,,aer-stakeholder-report-ergon-2024-25,,,,regional_suffix: AER label 'WREST' -> distributor code WRESTT1
code_label_quirk/d02107ec26,code_label_quirk,ergon,2024-25,ergon:ERIBT2,aer-stakeholder-report-ergon-2024-25/ERIB/t2,,aer-stakeholder-report-ergon-2024-25,,,,regional_suffix: AER label 'ERIB' -> distributor code ERIBT2
code_label_quirk/d023f381fa,code_label_quirk,ergon,2024-25,ergon:EC22BT2,aer-stakeholder-report-ergon-2024-25/EC22B/t2,,aer-stakeholder-report-ergon-2024-25,,,,regional_suffix: AER label 'EC22B' -> distributor code EC22BT2
code_label_quirk/d041420108,code_label_quirk,ergon,2024-25,ergon:WRTDEMT3,aer-stakeholder-report-ergon-2024-25/WRTDEM/t3,,aer-stakeholder-report-ergon-2024-25,,,,regional_suffix: AER label 'WRTDEM' -> distributor code WRTDEMT3
code_label_quirk/d1700ee411,code_label_quirk,ergon,2024-25,ergon:ELTOUDT2,aer-stakeholder-report-ergon-2024-25/ELTOUD/t2,,aer-stakeholder-report-ergon-2024-25,,,,regional_suffix: AER label 'ELTOUD' -> distributor code ELTOUDT2
code_label_quirk/d3bea0098f,code_label_quirk,ergon,2024-25,ergon:WC66T3,aer-stakeholder-report-ergon-2024-25/WC66/t3,,aer-stakeholder-report-ergon-2024-25,,,,regional_suffix: AER label 'WC66' -> distributor code WC66T3
code_label_quirk/d7b6b0e9d7,code_label_quirk,ergon,2024-25,ergon:EBTOUET3,aer-stakeholder-report-ergon-2024-25/EBTOUE/t3,,aer-stakeholder-report-ergon-2024-25,,,,regional_suffix: AER label 'EBTOUE' -> distributor code EBTOUET3
code_label_quirk/daeef4822c,code_label_quirk,ergon,2024-25,ergon:WRESTT2,aer-stakeholder-report-ergon-2024-25/WREST/t2,,aer-stakeholder-report-ergon-2024-25,,,,regional_suffix: AER label 'WREST' -> distributor code WRESTT2
code_label_quirk/dd913231d6,code_label_quirk,ergon,2024-25,ergon:WVCT3,aer-stakeholder-report-ergon-2024-25/WVC/t3,,aer-stakeholder-report-ergon-2024-25,,,,regional_suffix: AER label 'WVC' -> distributor code WVCT3
code_label_quirk/df60b77e18,code_label_quirk,ergon,2024-25,ergon:WC22BTOUT2,aer-stakeholder-report-ergon-2024-25/WC22BTOU/t2,,aer-stakeholder-report-ergon-2024-25,,,,regional_suffix: AER label 'WC22BTOU' -> distributor code WC22BTOUT2
code_label_quirk/df8532ff3f,code_label_quirk,ergon,2024-25,ergon:EVUT1,aer-stakeholder-report-ergon-2024-25/EVU/t1,,aer-stakeholder-report-ergon-2024-25,,,,regional_suffix: AER label 'EVU' -> distributor code EVUT1
code_label_quirk/e14c2c477b,code_label_quirk,ergon,2024-25,ergon:WRIBT2,aer-stakeholder-report-ergon-2024-25/WRIB/t2,,aer-stakeholder-report-ergon-2024-25,,,,regional_suffix: AER label 'WRIB' -> distributor code WRIBT2
code_label_quirk/e36aa37e2e,code_label_quirk,ergon,2024-25,ergon:EBPMPT3,aer-stakeholder-report-ergon-2024-25/EBPMP/t3,,aer-stakeholder-report-ergon-2024-25,,,,regional_suffix: AER label 'EBPMP' -> distributor code EBPMPT3
code_label_quirk/e3725174ea,code_label_quirk,ergon,2024-25,ergon:EC22LT3,aer-stakeholder-report-ergon-2024-25/EC22L/t3,,aer-stakeholder-report-ergon-2024-25,,,,regional_suffix: AER label 'EC22L' -> distributor code EC22LT3
code_label_quirk/e554a8f3cc,code_label_quirk,ergon,2024-25,ergon:EC66TOUT2,aer-stakeholder-report-ergon-2024-25/EC66TOU/t2,,aer-stakeholder-report-ergon-2024-25,,,,regional_suffix: AER label 'EC66TOU' -> distributor code EC66TOUT2
code_label_quirk/e5a2a2443b,code_label_quirk,ergon,2024-25,ergon:EVNT1,aer-stakeholder-report-ergon-2024-25/EVN/t1,,aer-stakeholder-report-ergon-2024-25,,,,regional_suffix: AER label 'EVN' -> distributor code EVNT1
code_label_quirk/e6d55d7dcf,code_label_quirk,ergon,2024-25,ergon:ELTOUDT1,aer-stakeholder-report-ergon-2024-25/ELTOUD/t1,,aer-stakeholder-report-ergon-2024-25,,,,regional_suffix: AER label 'ELTOUD' -> distributor code ELTOUDT1
code_label_quirk/e826fcc555,code_label_quirk,ergon,2024-25,ergon:EBTOUET1,aer-stakeholder-report-ergon-2024-25/EBTOUE/t1,,aer-stakeholder-report-ergon-2024-25,,,,regional_suffix: AER label 'EBTOUE' -> distributor code EBTOUET1
code_label_quirk/e9a0907b53,code_label_quirk,ergon,2024-25,ergon:WRTOUET1,aer-stakeholder-report-ergon-2024-25/WRTOUE/t1,,aer-stakeholder-report-ergon-2024-25,,,,regional_suffix: AER label 'WRTOUE' -> distributor code WRTOUET1
code_label_quirk/eab59b8d5a,code_label_quirk,ergon,2024-25,ergon:ELSLCT1,aer-stakeholder-report-ergon-2024-25/ELSLC/t1,,aer-stakeholder-report-ergon-2024-25,,,,regional_suffix: AER label 'ELSLC' -> distributor code ELSLCT1
code_label_quirk/ed8fe8f4cd,code_label_quirk,ergon,2024-25,ergon:WVNT3,aer-stakeholder-report-ergon-2024-25/WVN/t3,,aer-stakeholder-report-ergon-2024-25,,,,regional_suffix: AER label 'WVN' -> distributor code WVNT3
code_label_quirk/f02391fdd9,code_label_quirk,sapn,2024-25,sapn:LBGF,aer-stakeholder-report-sapn-2024-25-updated17jul2024/LBGF-SA,,aer-stakeholder-report-sapn-2024-25-updated17jul2024,,,,code_variant: AER label 'LBGF-SA' -> distributor code LBGF
code_label_quirk/f02b88c7bd,code_label_quirk,ergon,2024-25,ergon:WSTOUDT1,aer-stakeholder-report-ergon-2024-25/WSTOUD/t1,,aer-stakeholder-report-ergon-2024-25,,,,regional_suffix: AER label 'WSTOUD' -> distributor code WSTOUDT1
code_label_quirk/f0b98061cc,code_label_quirk,ergon,2024-25,ergon:MLTOUDT4,aer-stakeholder-report-ergon-2024-25/MLTOUD,,aer-stakeholder-report-ergon-2024-25,,,,regional_suffix: AER label 'MLTOUD' -> distributor code MLTOUDT4
code_label_quirk/f188e0443e,code_label_quirk,ergon,2024-25,ergon:ELSLCT2,aer-stakeholder-report-ergon-2024-25/ELSLC/t2,,aer-stakeholder-report-ergon-2024-25,,,,regional_suffix: AER label 'ELSLC' -> distributor code ELSLCT2
code_label_quirk/f18ad7d065,code_label_quirk,ergon,2024-25,ergon:EC33T1,aer-stakeholder-report-ergon-2024-25/EC33/t1,,aer-stakeholder-report-ergon-2024-25,,,,regional_suffix: AER label 'EC33' -> distributor code EC33T1
code_label_quirk/f569a22831,code_label_quirk,ergon,2024-25,ergon:WLSLCT1,aer-stakeholder-report-ergon-2024-25/WLSLC/t1,,aer-stakeholder-report-ergon-2024-25,,,,regional_suffix: AER label 'WLSLC' -> distributor code WLSLCT1
code_label_quirk/f7aa24906d,code_label_quirk,sapn,2024-25,sapn:LBAD,aer-stakeholder-report-sapn-2024-25-updated17jul2024/LBAD-SA,,aer-stakeholder-report-sapn-2024-25-updated17jul2024,,,,code_variant: AER label 'LBAD-SA' -> distributor code LBAD
code_label_quirk/f8334b2fb9,code_label_quirk,ergon,2024-25,ergon:ERDEMT2,aer-stakeholder-report-ergon-2024-25/ERDEM/t2,,aer-stakeholder-report-ergon-2024-25,,,,regional_suffix: AER label 'ERDEM' -> distributor code ERDEMT2
code_label_quirk/f864166659,code_label_quirk,ergon,2024-25,ergon:MRIBT4,aer-stakeholder-report-ergon-2024-25/MRIB,,aer-stakeholder-report-ergon-2024-25,,,,regional_suffix: AER label 'MRIB' -> distributor code MRIBT4
code_label_quirk/f92ebe0e92,code_label_quirk,ergon,2024-25,ergon:EDMTT3,aer-stakeholder-report-ergon-2024-25/EDMT/t3,,aer-stakeholder-report-ergon-2024-25,,,,regional_suffix: AER label 'EDMT' -> distributor code EDMTT3
code_label_quirk/fa5eabf8b3,code_label_quirk,unitedenergy,2025-26,unitedenergy:LVDED,aer-consolidated-2025-26-v5/LVDed,,aer-consolidated-2025-26-v5,,,,code_variant: AER prints the code differently
code_label_quirk/fa87368c07,code_label_quirk,ergon,2024-25,ergon:ERDEMT3,aer-stakeholder-report-ergon-2024-25/ERDEM/t3,,aer-stakeholder-report-ergon-2024-25,,,,regional_suffix: AER label 'ERDEM' -> distributor code ERDEMT3
code_label_quirk/fc2fb8fb36,code_label_quirk,ergon,2024-25,ergon:WDSTT3,aer-stakeholder-report-ergon-2024-25/WDST/t3,,aer-stakeholder-report-ergon-2024-25,,,,regional_suffix: AER label 'WDST' -> distributor code WDSTT3
code_label_quirk/fd69cfb141,code_label_quirk,sapn,2024-25,sapn:HVBG,aer-stakeholder-report-sapn-2024-25-updated17jul2024/HVBG-SA,,aer-stakeholder-report-sapn-2024-25-updated17jul2024,,,,code_variant: AER label 'HVBG-SA' -> distributor code HVBG
code_label_quirk/fdcd51ddae,code_label_quirk,unitedenergy,2025-26,unitedenergy:SUBTKVATOU,aer-consolidated-2025-26-v1/TD-UEY26oth-ST,,aer-consolidated-2025-26-v1,,,,code_variant: v1 row with AER ID TD-UEY26oth-ST: code SUBTkVATOU from the same ID in the approved version; AER prints the code differently
code_label_quirk/fefc89bd90,code_label_quirk,ergon,2024-25,ergon:WRDEMT1,aer-stakeholder-report-ergon-2024-25/WRDEM/t1,,aer-stakeholder-report-ergon-2024-25,,,,regional_suffix: AER label 'WRDEM' -> distributor code WRDEMT1
component_repeated_in_document/018f41d1db,component_repeated_in_document,essential,2023-24,,essential-2023-24-network-price-list-31mar2023/BLND1SU,essential-2023-24-network-price-list-31mar2023/BLND1SU/JSA/excl/xlsx:Price List_QSS_Excl GST!I42,essential-2023-24-network-price-list-31mar2023,,3,charges,"'Demand - Charge' (JSA) printed 3 times: 0.0000 at xlsx:Price List_CCF_Excl GST!I42, 0.0000 at xlsx:Price List_QSS_Excl GST!I42, 0.2899 at xlsx:Price List_Roadmap_Excl GST!I42"
component_repeated_in_document/01ec212245,component_repeated_in_document,essential,2023-24,,essential-2023-24-network-price-list-31mar2023/BHNS1AO,essential-2023-24-network-price-list-31mar2023/BHNS1AO/JSA/excl/xlsx:Price List_QSS_Excl GST!G38,essential-2023-24-network-price-list-31mar2023,,3,charges,"'Energy - Shoulder' (JSA) printed 3 times: 0.6996 at xlsx:Price List_CCF_Excl GST!G38, 0.0000 at xlsx:Price List_QSS_Excl GST!G38, 0.0597 at xlsx:Price List_Roadmap_Excl GST!G38"
component_repeated_in_document/0250c9b3a0,component_repeated_in_document,essential,2023-24,,essential-2023-24-network-price-list-31mar2023/BHND1SO,essential-2023-24-network-price-list-31mar2023/BHND1SO/JSA/excl/xlsx:Price List_QSS_Excl GST!I44,essential-2023-24-network-price-list-31mar2023,,3,charges,"'Demand - Charge' (JSA) printed 3 times: 0.0000 at xlsx:Price List_CCF_Excl GST!I44, 0.0000 at xlsx:Price List_QSS_Excl GST!I44, 0.2342 at xlsx:Price List_Roadmap_Excl GST!I44"
component_repeated_in_document/05d9548cbe,component_repeated_in_document,essential,2023-24,,essential-2023-24-network-price-list-31mar2023/BLNP3AO,essential-2023-24-network-price-list-31mar2023/BLNP3AO/JSA/excl/xlsx:Price List_QSS_Excl GST!F29,essential-2023-24-network-price-list-31mar2023,,3,charges,"'Network - Access' (JSA) printed 3 times: 0.0000 at xlsx:Price List_CCF_Excl GST!F29, 0.0000 at xlsx:Price List_QSS_Excl GST!F29, 0.0000 at xlsx:Price List_Roadmap_Excl GST!F29"
component_repeated_in_document/07ee37d266,component_repeated_in_document,evoenergy,2023-24,,evoenergy-statement-of-tariff-classes-and-tariffs-2023-24/101,evoenergy-statement-of-tariff-classes-and-tariffs-2023-24/101/NUoS/excl/pdf:p28/maximum-demand-charge,evoenergy-statement-of-tariff-classes-and-tariffs-2023-24,,2,charges,"'Maximum demand charge' (NUoS) printed 2 times: 27.966 at pdf:p24, 27.966 at pdf:p28"
component_repeated_in_document/089c1d4dd6,component_repeated_in_document,essential,2023-24,,essential-2023-24-network-price-list-31mar2023/BHND1SO,essential-2023-24-network-price-list-31mar2023/BHND1SO/JSA/excl/xlsx:Price List_QSS_Excl GST!H44,essential-2023-24-network-price-list-31mar2023,,3,charges,"'Energy - Off-Peak' (JSA) printed 3 times: 0.6996 at xlsx:Price List_CCF_Excl GST!H44, 0.0000 at xlsx:Price List_QSS_Excl GST!H44, 0.0983 at xlsx:Price List_Roadmap_Excl GST!H44"
component_repeated_in_document/0a47bce4d5,component_repeated_in_document,essential,2023-24,,essential-2023-24-network-price-list-31mar2023/BLNN1AU,essential-2023-24-network-price-list-31mar2023/BLNN1AU/JSA/excl/xlsx:Price List_QSS_Excl GST!G17,essential-2023-24-network-price-list-31mar2023,,3,charges,"'Energy - Anytime' (JSA) printed 3 times: 0.6996 at xlsx:Price List_CCF_Excl GST!G17, 0.0114 at xlsx:Price List_QSS_Excl GST!G17, 0.3311 at xlsx:Price List_Roadmap_Excl GST!G17"
component_repeated_in_document/0b366e2717,component_repeated_in_document,essential,2023-24,,essential-2023-24-network-price-list-31mar2023/BLNT3AL,essential-2023-24-network-price-list-31mar2023/BLNT3AL/JSA/excl/xlsx:Price List_QSS_Excl GST!F11,essential-2023-24-network-price-list-31mar2023,,3,charges,"'Network - Access' (JSA) printed 3 times: 0.0000 at xlsx:Price List_CCF_Excl GST!F11, 0.0000 at xlsx:Price List_QSS_Excl GST!F11, 0.0205 at xlsx:Price List_Roadmap_Excl GST!F11"
component_repeated_in_document/0beb502db8,component_repeated_in_document,evoenergy,2023-24,,evoenergy-statement-of-tariff-classes-and-tariffs-2023-24/060,evoenergy-statement-of-tariff-classes-and-tariffs-2023-24/060/NUoS/excl/pdf:p27,evoenergy-statement-of-tariff-classes-and-tariffs-2023-24,,2,charges,"'Energy at controlled times' (NUoS) printed 2 times: 0.931 at pdf:p23, 0.931 at pdf:p27"
component_repeated_in_document/0e7c3cd3a5,component_repeated_in_document,essential,2023-24,,essential-2023-24-network-price-list-31mar2023/BLND3TO,essential-2023-24-network-price-list-31mar2023/BLND3TO/JSA/excl/xlsx:Price List_QSS_Excl GST!F24,essential-2023-24-network-price-list-31mar2023,,3,charges,"'Network - Access' (JSA) printed 3 times: 0.0000 at xlsx:Price List_CCF_Excl GST!F24, 0.0000 at xlsx:Price List_QSS_Excl GST!F24, 0.3495 at xlsx:Price List_Roadmap_Excl GST!F24"
component_repeated_in_document/0f575e55f0,component_repeated_in_document,essential,2023-24,,essential-2023-24-network-price-list-31mar2023/BLND1AR,essential-2023-24-network-price-list-31mar2023/BLND1AR/JSA/excl/xlsx:Price List_QSS_Excl GST!K12,essential-2023-24-network-price-list-31mar2023,,3,charges,"'Peak - Demand' (JSA) printed 3 times: 0.0000 at xlsx:Price List_CCF_Excl GST!K12, 0.0000 at xlsx:Price List_QSS_Excl GST!K12, 0.0930 at xlsx:Price List_Roadmap_Excl GST!K12"
component_repeated_in_document/0f8af39c77,component_repeated_in_document,evoenergy,2023-24,,evoenergy-statement-of-tariff-classes-and-tariffs-2023-24/025,evoenergy-statement-of-tariff-classes-and-tariffs-2023-24/025/NUoS/excl/pdf:p27/energy-consumption,evoenergy-statement-of-tariff-classes-and-tariffs-2023-24,,2,charges,"'Energy consumption' (NUoS) printed 2 times: 0.500 at pdf:p22, 0.500 at pdf:p27"
component_repeated_in_document/10b0fea90a,component_repeated_in_document,essential,2023-24,,essential-2023-24-network-price-list-31mar2023/BSSD3AO,essential-2023-24-network-price-list-31mar2023/BSSD3AO/JSA/excl/xlsx:Price List_QSS_Excl GST!L26,essential-2023-24-network-price-list-31mar2023,,3,charges,"'Shoulder - Demand' (JSA) printed 3 times: 0.0000 at xlsx:Price List_CCF_Excl GST!L26, 0.0000 at xlsx:Price List_QSS_Excl GST!L26, 0.0567 at xlsx:Price List_Roadmap_Excl GST!L26"
component_repeated_in_document/11e1cb05ef,component_repeated_in_document,essential,2023-24,,essential-2023-24-network-price-list-31mar2023/BHTD1SO,essential-2023-24-network-price-list-31mar2023/BHTD1SO/JSA/excl/xlsx:Price List_QSS_Excl GST!G44,essential-2023-24-network-price-list-31mar2023,,3,charges,"'Energy - Shoulder' (JSA) printed 3 times: 0.6996 at xlsx:Price List_CCF_Excl GST!G44, 0.0000 at xlsx:Price List_QSS_Excl GST!G44, 0.1341 at xlsx:Price List_Roadmap_Excl GST!G44"
component_repeated_in_document/12498c2496,component_repeated_in_document,essential,2023-24,,essential-2023-24-network-price-list-31mar2023/BLND3TO,essential-2023-24-network-price-list-31mar2023/BLND3TO/JSA/excl/xlsx:Price List_QSS_Excl GST!I24,essential-2023-24-network-price-list-31mar2023,,3,charges,"'Energy - Shoulder' (JSA) printed 3 times: 0.6996 at xlsx:Price List_CCF_Excl GST!I24, 0.0114 at xlsx:Price List_QSS_Excl GST!I24, 0.2396 at xlsx:Price List_Roadmap_Excl GST!I24"
component_repeated_in_document/13abfffe79,component_repeated_in_document,essential,2023-24,,essential-2023-24-network-price-list-31mar2023/BHNS1AO,essential-2023-24-network-price-list-31mar2023/BHNS1AO/JSA/excl/xlsx:Price List_QSS_Excl GST!K38,essential-2023-24-network-price-list-31mar2023,,3,charges,"'Shoulder - Demand' (JSA) printed 3 times: 0.0000 at xlsx:Price List_CCF_Excl GST!K38, 0.0000 at xlsx:Price List_QSS_Excl GST!K38, 0.1974 at xlsx:Price List_Roadmap_Excl GST!K38"
component_repeated_in_document/13f0f34048,component_repeated_in_document,evoenergy,2023-24,,evoenergy-statement-of-tariff-classes-and-tariffs-2023-24/109,evoenergy-statement-of-tariff-classes-and-tariffs-2023-24/109/NUoS/excl/pdf:p28/net-energy-consumption-charge,evoenergy-statement-of-tariff-classes-and-tariffs-2023-24,,2,charges,"'Net energy consumption charge' (NUoS) printed 2 times: 0.776 at pdf:p25, 0.776 at pdf:p28"
component_repeated_in_document/1571262567,component_repeated_in_document,essential,2023-24,,essential-2023-24-network-price-list-31mar2023/BLND1SR,essential-2023-24-network-price-list-31mar2023/BLND1SR/JSA/excl/xlsx:Price List_QSS_Excl GST!H41,essential-2023-24-network-price-list-31mar2023,,3,charges,"'Energy - Off-Peak' (JSA) printed 3 times: 0.6996 at xlsx:Price List_CCF_Excl GST!H41, 0.0114 at xlsx:Price List_QSS_Excl GST!H41, 0.1023 at xlsx:Price List_Roadmap_Excl GST!H41"
component_repeated_in_document/17e12de92e,component_repeated_in_document,essential,2023-24,,essential-2023-24-network-price-list-31mar2023/BHND1CO,essential-2023-24-network-price-list-31mar2023/BHND1CO/JSA/excl/xlsx:Price List_QSS_Excl GST!G43,essential-2023-24-network-price-list-31mar2023,,3,charges,"'Energy - Shoulder' (JSA) printed 3 times: 0.6996 at xlsx:Price List_CCF_Excl GST!G43, 0.0000 at xlsx:Price List_QSS_Excl GST!G43, 0.1482 at xlsx:Price List_Roadmap_Excl GST!G43"
component_repeated_in_document/1882ff8f50,component_repeated_in_document,evoenergy,2023-24,,evoenergy-statement-of-tariff-classes-and-tariffs-2023-24/027,evoenergy-statement-of-tariff-classes-and-tariffs-2023-24/027/NUoS/excl/pdf:p27/export-threshold-charge-low-season,evoenergy-statement-of-tariff-classes-and-tariffs-2023-24,,2,charges,"'Export Threshold Charge : low season' (NUoS) printed 2 times: 1.552 at pdf:p23, 1.552 at pdf:p27"
component_repeated_in_document/19b3ff6f86,component_repeated_in_document,essential,2023-24,,essential-2023-24-network-price-list-31mar2023/BLND1SU,essential-2023-24-network-price-list-31mar2023/BLND1SU/JSA/excl/xlsx:Price List_QSS_Excl GST!F42,essential-2023-24-network-price-list-31mar2023,,3,charges,"'Energy - Peak' (JSA) printed 3 times: 0.6996 at xlsx:Price List_CCF_Excl GST!F42, 0.0114 at xlsx:Price List_QSS_Excl GST!F42, 0.3732 at xlsx:Price List_Roadmap_Excl GST!F42"
component_repeated_in_document/1b43bc2187,component_repeated_in_document,evoenergy,2023-24,,evoenergy-statement-of-tariff-classes-and-tariffs-2023-24/121,evoenergy-statement-of-tariff-classes-and-tariffs-2023-24/121/NUoS/excl/pdf:p29/energy-consumption-at-off-peak-times,evoenergy-statement-of-tariff-classes-and-tariffs-2023-24,,2,charges,"'Energy consumption at off-peak times' (NUoS) printed 2 times: 0.500 at pdf:p26, 0.500 at pdf:p29"
component_repeated_in_document/1d171488c9,component_repeated_in_document,essential,2023-24,,essential-2023-24-network-price-list-31mar2023/BLNT1AO,essential-2023-24-network-price-list-31mar2023/BLNT1AO/JSA/excl/xlsx:Price List_QSS_Excl GST!F21,essential-2023-24-network-price-list-31mar2023,,3,charges,"'Network - Access' (JSA) printed 3 times: 0.0000 at xlsx:Price List_CCF_Excl GST!F21, 0.0000 at xlsx:Price List_QSS_Excl GST!F21, 0.0744 at xlsx:Price List_Roadmap_Excl GST!F21"
component_repeated_in_document/1f1c14c4b9,component_repeated_in_document,evoenergy,2023-24,,evoenergy-statement-of-tariff-classes-and-tariffs-2023-24/108,evoenergy-statement-of-tariff-classes-and-tariffs-2023-24/108/NUoS/excl/pdf:p28/critical-peak-export-charge,evoenergy-statement-of-tariff-classes-and-tariffs-2023-24,,2,charges,"'Critical Peak Export Charge' (NUoS) printed 2 times: 343.630 at pdf:p25, 343.630 at pdf:p28"
component_repeated_in_document/2005eedea4,component_repeated_in_document,evoenergy,2023-24,,evoenergy-statement-of-tariff-classes-and-tariffs-2023-24/027,evoenergy-statement-of-tariff-classes-and-tariffs-2023-24/027/NUoS/excl/pdf:p27/export-threshold-charge-high-season,evoenergy-statement-of-tariff-classes-and-tariffs-2023-24,,2,charges,"'Export Threshold Charge : high season' (NUoS) printed 2 times: 2.367 at pdf:p23, 2.367 at pdf:p27"
component_repeated_in_document/20617b3617,component_repeated_in_document,essential,2023-24,,essential-2023-24-network-price-list-31mar2023/BLNS1AO,essential-2023-24-network-price-list-31mar2023/BLNS1AO/JSA/excl/xlsx:Price List_QSS_Excl GST!L37,essential-2023-24-network-price-list-31mar2023,,3,charges,"'Off-Peak - Demand' (JSA) printed 3 times: 0.0000 at xlsx:Price List_CCF_Excl GST!L37, 0.0000 at xlsx:Price List_QSS_Excl GST!L37, 0.0692 at xlsx:Price List_Roadmap_Excl GST!L37"
component_repeated_in_document/208f29f9d5,component_repeated_in_document,evoenergy,2023-24,,evoenergy-statement-of-tariff-classes-and-tariffs-2023-24/124,evoenergy-statement-of-tariff-classes-and-tariffs-2023-24/124/NUoS/excl/pdf:p29/critical-peak-export-charge,evoenergy-statement-of-tariff-classes-and-tariffs-2023-24,,2,charges,"'Critical Peak Export Charge' (NUoS) printed 2 times: 0.000 at pdf:p26, 0.000 at pdf:p29"
component_repeated_in_document/231535346e,component_repeated_in_document,evoenergy,2023-24,,evoenergy-statement-of-tariff-classes-and-tariffs-2023-24/124,evoenergy-statement-of-tariff-classes-and-tariffs-2023-24/124/NUoS/excl/pdf:p29/peak-period-maximum-demand-low-season,evoenergy-statement-of-tariff-classes-and-tariffs-2023-24,,2,charges,"'Peak period maximum demand: low season' (NUoS) printed 2 times: 10.239 at pdf:p26, 10.239 at pdf:p29"
component_repeated_in_document/240fd617b4,component_repeated_in_document,evoenergy,2023-24,,evoenergy-statement-of-tariff-classes-and-tariffs-2023-24/090,evoenergy-statement-of-tariff-classes-and-tariffs-2023-24/090/NUoS/excl/pdf:p28/energy-consumption-at-off-peak-times,evoenergy-statement-of-tariff-classes-and-tariffs-2023-24,,2,charges,"'Energy consumption at off-peak times' (NUoS) printed 2 times: 1.205 at pdf:p24, 1.205 at pdf:p28"
component_repeated_in_document/241f1def38,component_repeated_in_document,essential,2023-24,,essential-2023-24-network-price-list-31mar2023/BLNC1AU,essential-2023-24-network-price-list-31mar2023/BLNC1AU/JSA/excl/xlsx:Price List_QSS_Excl GST!F14,essential-2023-24-network-price-list-31mar2023,,3,charges,"'Network - Access' (JSA) printed 3 times: 0.0000 at xlsx:Price List_CCF_Excl GST!F14, 0.0000 at xlsx:Price List_QSS_Excl GST!F14, 0.0021 at xlsx:Price List_Roadmap_Excl GST!F14"
component_repeated_in_document/26298ba7ab,component_repeated_in_document,essential,2023-24,,essential-2023-24-network-price-list-31mar2023/BHND3AO,essential-2023-24-network-price-list-31mar2023/BHND3AO/JSA/excl/xlsx:Price List_QSS_Excl GST!K25,essential-2023-24-network-price-list-31mar2023,,3,charges,"'Peak - Demand' (JSA) printed 3 times: 0.0000 at xlsx:Price List_CCF_Excl GST!K25, 0.0000 at xlsx:Price List_QSS_Excl GST!K25, 0.2061 at xlsx:Price List_Roadmap_Excl GST!K25"
component_repeated_in_document/278330965a,component_repeated_in_document,evoenergy,2023-24,,evoenergy-statement-of-tariff-classes-and-tariffs-2023-24/122,evoenergy-statement-of-tariff-classes-and-tariffs-2023-24/122/NUoS/excl/pdf:p29/energy-consumption-at-business-times,evoenergy-statement-of-tariff-classes-and-tariffs-2023-24,,2,charges,"'Energy consumption at business times' (NUoS) printed 2 times: 1.010 at pdf:p26, 1.010 at pdf:p29"
component_repeated_in_document/2937df687c,component_repeated_in_document,evoenergy,2023-24,,evoenergy-statement-of-tariff-classes-and-tariffs-2023-24/121,evoenergy-statement-of-tariff-classes-and-tariffs-2023-24/121/NUoS/excl/pdf:p29/energy-consumption-at-evening-times,evoenergy-statement-of-tariff-classes-and-tariffs-2023-24,,2,charges,"'Energy consumption at evening times' (NUoS) printed 2 times: 0.500 at pdf:p26, 0.500 at pdf:p29"
component_repeated_in_document/29c3fbb8d0,component_repeated_in_document,essential,2023-24,,essential-2023-24-network-price-list-31mar2023/BLNDTRS,essential-2023-24-network-price-list-31mar2023/BLNDTRS/JSA/excl/xlsx:Price List_QSS_Excl GST!F22,essential-2023-24-network-price-list-31mar2023,,3,charges,"'Network - Access' (JSA) printed 3 times: 0.0000 at xlsx:Price List_CCF_Excl GST!F22, 0.0000 at xlsx:Price List_QSS_Excl GST!F22, 0.3495 at xlsx:Price List_Roadmap_Excl GST!F22"
component_repeated_in_document/2aa2405180,component_repeated_in_document,evoenergy,2023-24,,evoenergy-statement-of-tariff-classes-and-tariffs-2023-24/101,evoenergy-statement-of-tariff-classes-and-tariffs-2023-24/101/NUoS/excl/pdf:p28/energy-consumption-at-off-peak-times,evoenergy-statement-of-tariff-classes-and-tariffs-2023-24,,2,charges,"'Energy consumption at off-peak times' (NUoS) printed 2 times: 0.500 at pdf:p24, 0.500 at pdf:p28"
component_repeated_in_document/2b6b57f0cc,component_repeated_in_document,essential,2023-24,,essential-2023-24-network-price-list-31mar2023/BHND3AO,essential-2023-24-network-price-list-31mar2023/BHND3AO/JSA/excl/xlsx:Price List_QSS_Excl GST!M25,essential-2023-24-network-price-list-31mar2023,,3,charges,"'Off-Peak - Demand' (JSA) printed 3 times: 0.0000 at xlsx:Price List_CCF_Excl GST!M25, 0.0000 at xlsx:Price List_QSS_Excl GST!M25, 0.0558 at xlsx:Price List_Roadmap_Excl GST!M25"
component_repeated_in_document/2ec184081d,component_repeated_in_document,essential,2023-24,,essential-2023-24-network-price-list-31mar2023/BLNT2AU,essential-2023-24-network-price-list-31mar2023/BLNT2AU/JSA/excl/xlsx:Price List_QSS_Excl GST!I18,essential-2023-24-network-price-list-31mar2023,,3,charges,"'Energy - Shoulder' (JSA) printed 3 times: 0.6996 at xlsx:Price List_CCF_Excl GST!I18, 0.0114 at xlsx:Price List_QSS_Excl GST!I18, 0.2767 at xlsx:Price List_Roadmap_Excl GST!I18"
component_repeated_in_document/33806885c3,component_repeated_in_document,evoenergy,2023-24,,evoenergy-statement-of-tariff-classes-and-tariffs-2023-24/015,evoenergy-statement-of-tariff-classes-and-tariffs-2023-24/015/NUoS/excl/pdf:p27/energy-consumption-at-mid-times,evoenergy-statement-of-tariff-classes-and-tariffs-2023-24,,2,charges,"'Energy consumption at mid times' (NUoS) printed 2 times: 2.447 at pdf:p22, 2.447 at pdf:p27"
component_repeated_in_document/3408f1e1bb,component_repeated_in_document,evoenergy,2023-24,,evoenergy-statement-of-tariff-classes-and-tariffs-2023-24/123,evoenergy-statement-of-tariff-classes-and-tariffs-2023-24/123/NUoS/excl/pdf:p29/peak-period-maximum-demand-low-season,evoenergy-statement-of-tariff-classes-and-tariffs-2023-24,,2,charges,"'Peak period maximum demand: low season' (NUoS) printed 2 times: 15.873 at pdf:p26, 15.873 at pdf:p29"
component_repeated_in_document/353267290f,component_repeated_in_document,essential,2023-24,,essential-2023-24-network-price-list-31mar2023/BLNT1SU/obsolete-tariffs-not-applicable-to-new-connections,essential-2023-24-network-price-list-31mar2023/BLNT1SU/obsolete-tariffs-not-applicable-to-new-connections/JSA/excl/xlsx:Price List_QSS_Excl GST!G39,essential-2023-24-network-price-list-31mar2023,,3,charges,"'Energy - Shoulder' (JSA) printed 3 times: 0.6996 at xlsx:Price List_CCF_Excl GST!G39, 0.0114 at xlsx:Price List_QSS_Excl GST!G39, 0.3105 at xlsx:Price List_Roadmap_Excl GST!G39"
component_repeated_in_document/354bc4b7dd,component_repeated_in_document,essential,2023-24,,essential-2023-24-network-price-list-31mar2023/BLNS1AO,essential-2023-24-network-price-list-31mar2023/BLNS1AO/JSA/excl/xlsx:Price List_QSS_Excl GST!F37,essential-2023-24-network-price-list-31mar2023,,3,charges,"'Energy - Peak' (JSA) printed 3 times: 0.6996 at xlsx:Price List_CCF_Excl GST!F37, 0.0114 at xlsx:Price List_QSS_Excl GST!F37, 0.0886 at xlsx:Price List_Roadmap_Excl GST!F37"
component_repeated_in_document/35fb8411bc,component_repeated_in_document,essential,2023-24,,essential-2023-24-network-price-list-31mar2023/BHNS1AO,essential-2023-24-network-price-list-31mar2023/BHNS1AO/JSA/excl/xlsx:Price List_QSS_Excl GST!H38,essential-2023-24-network-price-list-31mar2023,,3,charges,"'Energy - Off-Peak' (JSA) printed 3 times: 0.6996 at xlsx:Price List_CCF_Excl GST!H38, 0.0000 at xlsx:Price List_QSS_Excl GST!H38, 0.0481 at xlsx:Price List_Roadmap_Excl GST!H38"
component_repeated_in_document/376508f8fe,component_repeated_in_document,essential,2023-24,,essential-2023-24-network-price-list-31mar2023/BLNP3AO,essential-2023-24-network-price-list-31mar2023/BLNP3AO/JSA/excl/xlsx:Price List_QSS_Excl GST!I29,essential-2023-24-network-price-list-31mar2023,,3,charges,"'Energy - Shoulder' (JSA) printed 3 times: 0.6996 at xlsx:Price List_CCF_Excl GST!I29, 0.0000 at xlsx:Price List_QSS_Excl GST!I29, 0.3067 at xlsx:Price List_Roadmap_Excl GST!I29"
component_repeated_in_document/3772f3c2c3,component_repeated_in_document,essential,2023-24,,essential-2023-24-network-price-list-31mar2023/BLNT3AU,essential-2023-24-network-price-list-31mar2023/BLNT3AU/JSA/excl/xlsx:Price List_QSS_Excl GST!J10,essential-2023-24-network-price-list-31mar2023,,3,charges,"'Energy - Off-Peak' (JSA) printed 3 times: 0.2938 at xlsx:Price List_CCF_Excl GST!J10, 0.0114 at xlsx:Price List_QSS_Excl GST!J10, 0.0994 at xlsx:Price List_Roadmap_Excl GST!J10"
component_repeated_in_document/3af08fa14a,component_repeated_in_document,essential,2023-24,,essential-2023-24-network-price-list-31mar2023/BLNDTRS,essential-2023-24-network-price-list-31mar2023/BLNDTRS/JSA/excl/xlsx:Price List_QSS_Excl GST!I22,essential-2023-24-network-price-list-31mar2023,,3,charges,"'Energy - Shoulder' (JSA) printed 3 times: 0.6996 at xlsx:Price List_CCF_Excl GST!I22, 0.0114 at xlsx:Price List_QSS_Excl GST!I22, 0.0769 at xlsx:Price List_Roadmap_Excl GST!I22"
component_repeated_in_document/3c66e35e36,component_repeated_in_document,evoenergy,2023-24,,evoenergy-statement-of-tariff-classes-and-tariffs-2023-24/111,evoenergy-statement-of-tariff-classes-and-tariffs-2023-24/111/NUoS/excl/pdf:p29/energy-consumption-at-off-peak-times,evoenergy-statement-of-tariff-classes-and-tariffs-2023-24,,2,charges,"'Energy consumption at off-peak times' (NUoS) printed 2 times: 0.500 at pdf:p25, 0.500 at pdf:p29"
component_repeated_in_document/3dc4fb8032,component_repeated_in_document,essential,2023-24,,essential-2023-24-network-price-list-31mar2023/BLND1CO,essential-2023-24-network-price-list-31mar2023/BLND1CO/JSA/excl/xlsx:Price List_QSS_Excl GST!I40,essential-2023-24-network-price-list-31mar2023,,3,charges,"'Demand - Charge' (JSA) printed 3 times: 0.0000 at xlsx:Price List_CCF_Excl GST!I40, 0.0000 at xlsx:Price List_QSS_Excl GST!I40, 0.4449 at xlsx:Price List_Roadmap_Excl GST!I40"
component_repeated_in_document/3e40b76444,component_repeated_in_document,essential,2023-24,,essential-2023-24-network-price-list-31mar2023/BLND1SU,essential-2023-24-network-price-list-31mar2023/BLND1SU/JSA/excl/xlsx:Price List_QSS_Excl GST!E42,essential-2023-24-network-price-list-31mar2023,,3,charges,"'Network - Access' (JSA) printed 3 times: 0.0000 at xlsx:Price List_CCF_Excl GST!E42, 0.0000 at xlsx:Price List_QSS_Excl GST!E42, 0.1116 at xlsx:Price List_Roadmap_Excl GST!E42"
component_repeated_in_document/3e6cece89a,component_repeated_in_document,essential,2023-24,,essential-2023-24-network-price-list-31mar2023/BLND1NO,essential-2023-24-network-price-list-31mar2023/BLND1NO/JSA/excl/xlsx:Price List_QSS_Excl GST!G40,essential-2023-24-network-price-list-31mar2023,,3,charges,"'Energy - Shoulder' (JSA) printed 3 times: 0.6996 at xlsx:Price List_CCF_Excl GST!G40, 0.0114 at xlsx:Price List_QSS_Excl GST!G40, 0.1149 at xlsx:Price List_Roadmap_Excl GST!G40"
component_repeated_in_document/3f08f98985,component_repeated_in_document,evoenergy,2023-24,,evoenergy-statement-of-tariff-classes-and-tariffs-2023-24/124,evoenergy-statement-of-tariff-classes-and-tariffs-2023-24/124/NUoS/excl/pdf:p29/capacity-charge,evoenergy-statement-of-tariff-classes-and-tariffs-2023-24,,2,charges,"'Capacity charge' (NUoS) printed 2 times: 9.353 at pdf:p26, 9.353 at pdf:p29"
component_repeated_in_document/40e027baa4,component_repeated_in_document,essential,2023-24,,essential-2023-24-network-price-list-31mar2023/BHTD1SO,essential-2023-24-network-price-list-31mar2023/BHTD1SO/JSA/excl/xlsx:Price List_QSS_Excl GST!E44,essential-2023-24-network-price-list-31mar2023,,3,charges,"'Network - Access' (JSA) printed 3 times: 0.0000 at xlsx:Price List_CCF_Excl GST!E44, 0.0000 at xlsx:Price List_QSS_Excl GST!E44, 0.5113 at xlsx:Price List_Roadmap_Excl GST!E44"
component_repeated_in_document/4117231855,component_repeated_in_document,essential,2023-24,,essential-2023-24-network-price-list-31mar2023/BLNS1AO,essential-2023-24-network-price-list-31mar2023/BLNS1AO/JSA/excl/xlsx:Price List_QSS_Excl GST!G37,essential-2023-24-network-price-list-31mar2023,,3,charges,"'Energy - Shoulder' (JSA) printed 3 times: 0.6996 at xlsx:Price List_CCF_Excl GST!G37, 0.0114 at xlsx:Price List_QSS_Excl GST!G37, 0.0718 at xlsx:Price List_Roadmap_Excl GST!G37"
component_repeated_in_document/415ee3f7bf,component_repeated_in_document,evoenergy,2023-24,,evoenergy-statement-of-tariff-classes-and-tariffs-2023-24/111,evoenergy-statement-of-tariff-classes-and-tariffs-2023-24/111/NUoS/excl/pdf:p29/maximum-demand-charge,evoenergy-statement-of-tariff-classes-and-tariffs-2023-24,,2,charges,"'Maximum demand charge' (NUoS) printed 2 times: 3.912 at pdf:p25, 3.912 at pdf:p29"
component_repeated_in_document/419cb024bf,component_repeated_in_document,essential,2023-24,,essential-2023-24-network-price-list-31mar2023/BLNN2AU,essential-2023-24-network-price-list-31mar2023/BLNN2AU/JSA/excl/xlsx:Price List_QSS_Excl GST!F9,essential-2023-24-network-price-list-31mar2023,,3,charges,"'Network - Access' (JSA) printed 3 times: 0.0000 at xlsx:Price List_CCF_Excl GST!F9, 0.0000 at xlsx:Price List_QSS_Excl GST!F9, 0.0205 at xlsx:Price List_Roadmap_Excl GST!F9"
component_repeated_in_document/42b5bf2d46,component_repeated_in_document,essential,2023-24,,essential-2023-24-network-price-list-31mar2023/BLND1NO,essential-2023-24-network-price-list-31mar2023/BLND1NO/JSA/excl/xlsx:Price List_QSS_Excl GST!F40,essential-2023-24-network-price-list-31mar2023,,3,charges,"'Energy - Peak' (JSA) printed 3 times: 0.6996 at xlsx:Price List_CCF_Excl GST!F40, 0.0114 at xlsx:Price List_QSS_Excl GST!F40, 0.1460 at xlsx:Price List_Roadmap_Excl GST!F40"
component_repeated_in_document/44ecc36f56,component_repeated_in_document,evoenergy,2023-24,,evoenergy-statement-of-tariff-classes-and-tariffs-2023-24/015,evoenergy-statement-of-tariff-classes-and-tariffs-2023-24/015/NUoS/excl/pdf:p27/energy-consumption-at-max-times,evoenergy-statement-of-tariff-classes-and-tariffs-2023-24,,2,charges,"'Energy consumption at max times' (NUoS) printed 2 times: 9.795 at pdf:p22, 9.795 at pdf:p27"
component_repeated_in_document/47ca6ed409,component_repeated_in_document,essential,2023-24,,essential-2023-24-network-price-list-31mar2023/BHNS1AO,essential-2023-24-network-price-list-31mar2023/BHNS1AO/JSA/excl/xlsx:Price List_QSS_Excl GST!E38,essential-2023-24-network-price-list-31mar2023,,3,charges,"'Network - Access' (JSA) printed 3 times: 0.0000 at xlsx:Price List_CCF_Excl GST!E38, 0.0000 at xlsx:Price List_QSS_Excl GST!E38, 0.4206 at xlsx:Price List_Roadmap_Excl GST!E38"
component_repeated_in_document/4840e3c8f1,component_repeated_in_document,evoenergy,2023-24,,evoenergy-statement-of-tariff-classes-and-tariffs-2023-24/027,evoenergy-statement-of-tariff-classes-and-tariffs-2023-24/027/NUoS/excl/pdf:p27/critical-peak-export-rebate,evoenergy-statement-of-tariff-classes-and-tariffs-2023-24,,2,charges,"'Critical Peak Export Rebate' (NUoS) printed 2 times: -195.647 at pdf:p23, -195.647 at pdf:p27"
component_repeated_in_document/48a3328c46,component_repeated_in_document,evoenergy,2023-24,,evoenergy-statement-of-tariff-classes-and-tariffs-2023-24/040,evoenergy-statement-of-tariff-classes-and-tariffs-2023-24/040/NUoS/excl/pdf:p28,evoenergy-statement-of-tariff-classes-and-tariffs-2023-24,,2,charges,"'Energy consumption above 330 kWh per day' (NUoS) printed 2 times: 11.173 at pdf:p23, 11.173 at pdf:p28"
component_repeated_in_document/49621c8324,component_repeated_in_document,essential,2023-24,,essential-2023-24-network-price-list-31mar2023/BHNS1AO,essential-2023-24-network-price-list-31mar2023/BHNS1AO/JSA/excl/xlsx:Price List_QSS_Excl GST!L38,essential-2023-24-network-price-list-31mar2023,,3,charges,"'Off-Peak - Demand' (JSA) printed 3 times: 0.0000 at xlsx:Price List_CCF_Excl GST!L38, 0.0000 at xlsx:Price List_QSS_Excl GST!L38, 0.0591 at xlsx:Price List_Roadmap_Excl GST!L38"
component_repeated_in_document/49e4b8a714,component_repeated_in_document,evoenergy,2023-24,,evoenergy-statement-of-tariff-classes-and-tariffs-2023-24/122,evoenergy-statement-of-tariff-classes-and-tariffs-2023-24/122/NUoS/excl/pdf:p29/capacity-charge,evoenergy-statement-of-tariff-classes-and-tariffs-2023-24,,2,charges,"'Capacity charge' (NUoS) printed 2 times: 10.231 at pdf:p26, 10.231 at pdf:p29"
component_repeated_in_document/4bd96b171e,component_repeated_in_document,evoenergy,2023-24,,evoenergy-statement-of-tariff-classes-and-tariffs-2023-24/124,evoenergy-statement-of-tariff-classes-and-tariffs-2023-24/124/NUoS/excl/pdf:p29/peak-period-maximum-demand-high-season,evoenergy-statement-of-tariff-classes-and-tariffs-2023-24,,2,charges,"'Peak period maximum demand: high season' (NUoS) printed 2 times: 12.031 at pdf:p26, 12.031 at pdf:p29"
component_repeated_in_document/4c871ecbc6,component_repeated_in_document,essential,2023-24,,essential-2023-24-network-price-list-31mar2023/BLND1CO,essential-2023-24-network-price-list-31mar2023/BLND1CO/JSA/excl/xlsx:Price List_QSS_Excl GST!F40,essential-2023-24-network-price-list-31mar2023,,3,charges,"'Energy - Peak' (JSA) printed 3 times: 0.6996 at xlsx:Price List_CCF_Excl GST!F40, 0.0114 at xlsx:Price List_QSS_Excl GST!F40, 0.1460 at xlsx:Price List_Roadmap_Excl GST!F40"
component_repeated_in_document/4d762ff9f8,component_repeated_in_document,essential,2023-24,,essential-2023-24-network-price-list-31mar2023/BLNT3AL,essential-2023-24-network-price-list-31mar2023/BLNT3AL/JSA/excl/xlsx:Price List_QSS_Excl GST!J11,essential-2023-24-network-price-list-31mar2023,,3,charges,"'Energy - Off-Peak' (JSA) printed 3 times: 0.2938 at xlsx:Price List_CCF_Excl GST!J11, 0.0114 at xlsx:Price List_QSS_Excl GST!J11, 0.0994 at xlsx:Price List_Roadmap_Excl GST!J11"
component_repeated_in_document/4dbd31e5fd,component_repeated_in_document,evoenergy,2023-24,,evoenergy-statement-of-tariff-classes-and-tariffs-2023-24/025,evoenergy-statement-of-tariff-classes-and-tariffs-2023-24/025/NUoS/excl/pdf:p27/peak-period-maximum-demand,evoenergy-statement-of-tariff-classes-and-tariffs-2023-24,,2,charges,"'Peak period maximum demand' (NUoS) printed 2 times: 11.847 at pdf:p22, 11.847 at pdf:p27"
component_repeated_in_document/4dcf969b46,component_repeated_in_document,evoenergy,2023-24,,evoenergy-statement-of-tariff-classes-and-tariffs-2023-24/030,evoenergy-statement-of-tariff-classes-and-tariffs-2023-24/030/NUoS/excl/pdf:p27/energy-consumption-for-the-first-165-kwh-per-day,evoenergy-statement-of-tariff-classes-and-tariffs-2023-24,,2,charges,"'Energy consumption for the first 165 kWh per day' (NUoS) printed 2 times: 1.122 at pdf:p23, 1.122 at pdf:p27"
component_repeated_in_document/506aa410d6,component_repeated_in_document,evoenergy,2023-24,,evoenergy-statement-of-tariff-classes-and-tariffs-2023-24/124,evoenergy-statement-of-tariff-classes-and-tariffs-2023-24/124/NUoS/excl/pdf:p29/critical-peak-export-rebate,evoenergy-statement-of-tariff-classes-and-tariffs-2023-24,,2,charges,"'Critical Peak Export Rebate' (NUoS) printed 2 times: -162.546 at pdf:p26, -162.546 at pdf:p29"
component_repeated_in_document/5147b2b7cb,component_repeated_in_document,evoenergy,2023-24,,evoenergy-statement-of-tariff-classes-and-tariffs-2023-24/030,evoenergy-statement-of-tariff-classes-and-tariffs-2023-24/030/NUoS/excl/pdf:p27/energy-consumption-above-165-kwh-per-day,evoenergy-statement-of-tariff-classes-and-tariffs-2023-24,,2,charges,"'Energy consumption above 165 kWh per day' (NUoS) printed 2 times: 4.176 at pdf:p23, 4.176 at pdf:p27"
component_repeated_in_document/51daa1b131,component_repeated_in_document,evoenergy,2023-24,,evoenergy-statement-of-tariff-classes-and-tariffs-2023-24/109,evoenergy-statement-of-tariff-classes-and-tariffs-2023-24/109/NUoS/excl/pdf:p28/peak-period-maximum-demand-low-season,evoenergy-statement-of-tariff-classes-and-tariffs-2023-24,,2,charges,"'Peak period maximum demand: low season' (NUoS) printed 2 times: 13.871 at pdf:p25, 13.871 at pdf:p28"
component_repeated_in_document/539d20a19e,component_repeated_in_document,evoenergy,2023-24,,evoenergy-statement-of-tariff-classes-and-tariffs-2023-24/027,evoenergy-statement-of-tariff-classes-and-tariffs-2023-24/027/NUoS/excl/pdf:p27/energy-consumption-at-max-times,evoenergy-statement-of-tariff-classes-and-tariffs-2023-24,,2,charges,"'Energy consumption at max times' (NUoS) printed 2 times: 10.529 at pdf:p22, 10.529 at pdf:p27"
component_repeated_in_document/543e28d4ff,component_repeated_in_document,essential,2023-24,,essential-2023-24-network-price-list-31mar2023/BLNT1SU/obsolete-tariffs-not-applicable-to-new-connections,essential-2023-24-network-price-list-31mar2023/BLNT1SU/obsolete-tariffs-not-applicable-to-new-connections/JSA/excl/xlsx:Price List_QSS_Excl GST!H39,essential-2023-24-network-price-list-31mar2023,,3,charges,"'Energy - Off-Peak' (JSA) printed 3 times: 0.6996 at xlsx:Price List_CCF_Excl GST!H39, 0.0114 at xlsx:Price List_QSS_Excl GST!H39, 0.1645 at xlsx:Price List_Roadmap_Excl GST!H39"
component_repeated_in_document/55df7bfa0e,component_repeated_in_document,essential,2023-24,,essential-2023-24-network-price-list-31mar2023/BLND1SU,essential-2023-24-network-price-list-31mar2023/BLND1SU/JSA/excl/xlsx:Price List_QSS_Excl GST!H42,essential-2023-24-network-price-list-31mar2023,,3,charges,"'Energy - Off-Peak' (JSA) printed 3 times: 0.6996 at xlsx:Price List_CCF_Excl GST!H42, 0.0114 at xlsx:Price List_QSS_Excl GST!H42, 0.1399 at xlsx:Price List_Roadmap_Excl GST!H42"
component_repeated_in_document/566562282b,component_repeated_in_document,essential,2023-24,,essential-2023-24-network-price-list-31mar2023/BLNDTRS,essential-2023-24-network-price-list-31mar2023/BLNDTRS/JSA/excl/xlsx:Price List_QSS_Excl GST!H22,essential-2023-24-network-price-list-31mar2023,,3,charges,"'Energy - Peak' (JSA) printed 3 times: 0.6996 at xlsx:Price List_CCF_Excl GST!H22, 0.0114 at xlsx:Price List_QSS_Excl GST!H22, 0.0955 at xlsx:Price List_Roadmap_Excl GST!H22"
component_repeated_in_document/599fa5f3c8,component_repeated_in_document,evoenergy,2023-24,,evoenergy-statement-of-tariff-classes-and-tariffs-2023-24/124,evoenergy-statement-of-tariff-classes-and-tariffs-2023-24/124/NUoS/excl/pdf:p29/net-energy-consumption-charge,evoenergy-statement-of-tariff-classes-and-tariffs-2023-24,,2,charges,"'Net energy consumption charge' (NUoS) printed 2 times: 0.500 at pdf:p26, 0.500 at pdf:p29"
component_repeated_in_document/5a7f75bf7c,component_repeated_in_document,essential,2023-24,,essential-2023-24-network-price-list-31mar2023/BLND3AO,essential-2023-24-network-price-list-31mar2023/BLND3AO/JSA/excl/xlsx:Price List_QSS_Excl GST!M23,essential-2023-24-network-price-list-31mar2023,,3,charges,"'Off-Peak - Demand' (JSA) printed 3 times: 0.0000 at xlsx:Price List_CCF_Excl GST!M23, 0.0000 at xlsx:Price List_QSS_Excl GST!M23, 0.0511 at xlsx:Price List_Roadmap_Excl GST!M23"
component_repeated_in_document/5af4a9714e,component_repeated_in_document,evoenergy,2023-24,,evoenergy-statement-of-tariff-classes-and-tariffs-2023-24/109,evoenergy-statement-of-tariff-classes-and-tariffs-2023-24/109/NUoS/excl/pdf:p28/capacity-charge,evoenergy-statement-of-tariff-classes-and-tariffs-2023-24,,2,charges,"'Capacity charge' (NUoS) printed 2 times: 18.290 at pdf:p25, 18.290 at pdf:p28"
component_repeated_in_document/5d1c8771bb,component_repeated_in_document,essential,2023-24,,essential-2023-24-network-price-list-31mar2023/BLNT1SU/business-tariffs,essential-2023-24-network-price-list-31mar2023/BLNT1SU/business-tariffs/JSA/excl/xlsx:Price List_QSS_Excl GST!J21,essential-2023-24-network-price-list-31mar2023,,3,charges,"'Energy - Off-Peak' (JSA) printed 3 times: 0.6996 at xlsx:Price List_CCF_Excl GST!J21, 0.0114 at xlsx:Price List_QSS_Excl GST!J21, 0.1460 at xlsx:Price List_Roadmap_Excl GST!J21"
component_repeated_in_document/5fa07390a4,component_repeated_in_document,essential,2023-24,,essential-2023-24-network-price-list-31mar2023/BLNT2AL,essential-2023-24-network-price-list-31mar2023/BLNT2AL/JSA/excl/xlsx:Price List_QSS_Excl GST!F19,essential-2023-24-network-price-list-31mar2023,,3,charges,"'Network - Access' (JSA) printed 3 times: 0.0000 at xlsx:Price List_CCF_Excl GST!F19, 0.0000 at xlsx:Price List_QSS_Excl GST!F19, 0.0348 at xlsx:Price List_Roadmap_Excl GST!F19"
component_repeated_in_document/621b68b16f,component_repeated_in_document,essential,2023-24,,essential-2023-24-network-price-list-31mar2023/BLNP1AO,essential-2023-24-network-price-list-31mar2023/BLNP1AO/JSA/excl/xlsx:Price List_QSS_Excl GST!G28,essential-2023-24-network-price-list-31mar2023,,3,charges,"'Energy - Anytime' (JSA) printed 3 times: 0.6996 at xlsx:Price List_CCF_Excl GST!G28, 0.0000 at xlsx:Price List_QSS_Excl GST!G28, 0.3591 at xlsx:Price List_Roadmap_Excl GST!G28"
component_repeated_in_document/6220305bd3,component_repeated_in_document,essential,2023-24,,essential-2023-24-network-price-list-31mar2023/BHNS1AO,essential-2023-24-network-price-list-31mar2023/BHNS1AO/JSA/excl/xlsx:Price List_QSS_Excl GST!F38,essential-2023-24-network-price-list-31mar2023,,3,charges,"'Energy - Peak' (JSA) printed 3 times: 0.6996 at xlsx:Price List_CCF_Excl GST!F38, 0.0000 at xlsx:Price List_QSS_Excl GST!F38, 0.0705 at xlsx:Price List_Roadmap_Excl GST!F38"
component_repeated_in_document/62290437a5,component_repeated_in_document,evoenergy,2023-24,,evoenergy-statement-of-tariff-classes-and-tariffs-2023-24/027,evoenergy-statement-of-tariff-classes-and-tariffs-2023-24/027/NUoS/excl/pdf:p27/energy-consumption-at-economy-times,evoenergy-statement-of-tariff-classes-and-tariffs-2023-24,,2,charges,"'Energy consumption at economy times' (NUoS) printed 2 times: 3.354 at pdf:p22, 3.354 at pdf:p27"
component_repeated_in_document/637dbb516c,component_repeated_in_document,essential,2023-24,,essential-2023-24-network-price-list-31mar2023/BHND3AO,essential-2023-24-network-price-list-31mar2023/BHND3AO/JSA/excl/xlsx:Price List_QSS_Excl GST!L25,essential-2023-24-network-price-list-31mar2023,,3,charges,"'Shoulder - Demand' (JSA) printed 3 times: 0.0000 at xlsx:Price List_CCF_Excl GST!L25, 0.0000 at xlsx:Price List_QSS_Excl GST!L25, 0.1865 at xlsx:Price List_Roadmap_Excl GST!L25"
component_repeated_in_document/65116491de,component_repeated_in_document,essential,2023-24,,essential-2023-24-network-price-list-31mar2023/BLND3AO,essential-2023-24-network-price-list-31mar2023/BLND3AO/JSA/excl/xlsx:Price List_QSS_Excl GST!K23,essential-2023-24-network-price-list-31mar2023,,3,charges,"'Peak - Demand' (JSA) printed 3 times: 0.0000 at xlsx:Price List_CCF_Excl GST!K23, 0.0000 at xlsx:Price List_QSS_Excl GST!K23, 0.2157 at xlsx:Price List_Roadmap_Excl GST!K23"
component_repeated_in_document/68ecc8e58b,component_repeated_in_document,evoenergy,2023-24,,evoenergy-statement-of-tariff-classes-and-tariffs-2023-24/122,evoenergy-statement-of-tariff-classes-and-tariffs-2023-24/122/NUoS/excl/pdf:p29/energy-consumption-at-off-peak-times,evoenergy-statement-of-tariff-classes-and-tariffs-2023-24,,2,charges,"'Energy consumption at off-peak times' (NUoS) printed 2 times: 0.500 at pdf:p26, 0.500 at pdf:p29"
component_repeated_in_document/6ae1b84067,component_repeated_in_document,essential,2023-24,,essential-2023-24-network-price-list-31mar2023/BLNT2AU,essential-2023-24-network-price-list-31mar2023/BLNT2AU/JSA/excl/xlsx:Price List_QSS_Excl GST!J18,essential-2023-24-network-price-list-31mar2023,,3,charges,"'Energy - Off-Peak' (JSA) printed 3 times: 0.6996 at xlsx:Price List_CCF_Excl GST!J18, 0.0114 at xlsx:Price List_QSS_Excl GST!J18, 0.1460 at xlsx:Price List_Roadmap_Excl GST!J18"
component_repeated_in_document/6bb5080852,component_repeated_in_document,evoenergy,2023-24,,evoenergy-statement-of-tariff-classes-and-tariffs-2023-24/070,evoenergy-statement-of-tariff-classes-and-tariffs-2023-24/070/NUoS/excl/pdf:p27,evoenergy-statement-of-tariff-classes-and-tariffs-2023-24,,2,charges,"'Energy at controlled times' (NUoS) printed 2 times: 1.430 at pdf:p23, 1.430 at pdf:p27"
component_repeated_in_document/6cb78fa90d,component_repeated_in_document,evoenergy,2023-24,,evoenergy-statement-of-tariff-classes-and-tariffs-2023-24/103,evoenergy-statement-of-tariff-classes-and-tariffs-2023-24/103/NUoS/excl/pdf:p28/energy-consumption-at-off-peak-times,evoenergy-statement-of-tariff-classes-and-tariffs-2023-24,,2,charges,"'Energy consumption at off-peak times' (NUoS) printed 2 times: 0.500 at pdf:p24, 0.500 at pdf:p28"
component_repeated_in_document/6dddf73902,component_repeated_in_document,essential,2023-24,,essential-2023-24-network-price-list-31mar2023/BLNDTRS,essential-2023-24-network-price-list-31mar2023/BLNDTRS/JSA/excl/xlsx:Price List_QSS_Excl GST!L22,essential-2023-24-network-price-list-31mar2023,,3,charges,"'Shoulder - Demand' (JSA) printed 3 times: 0.0000 at xlsx:Price List_CCF_Excl GST!L22, 0.0000 at xlsx:Price List_QSS_Excl GST!L22, 0.1952 at xlsx:Price List_Roadmap_Excl GST!L22"
component_repeated_in_document/6e2a5a45e2,component_repeated_in_document,essential,2023-24,,essential-2023-24-network-price-list-31mar2023/BSSD3AO,essential-2023-24-network-price-list-31mar2023/BSSD3AO/JSA/excl/xlsx:Price List_QSS_Excl GST!J26,essential-2023-24-network-price-list-31mar2023,,3,charges,"'Energy - Off-Peak' (JSA) printed 3 times: 0.1865 at xlsx:Price List_CCF_Excl GST!J26, 0.0000 at xlsx:Price List_QSS_Excl GST!J26, 0.0417 at xlsx:Price List_Roadmap_Excl GST!J26"
component_repeated_in_document/6e5dc5765d,component_repeated_in_document,evoenergy,2023-24,,evoenergy-statement-of-tariff-classes-and-tariffs-2023-24/121,evoenergy-statement-of-tariff-classes-and-tariffs-2023-24/121/NUoS/excl/pdf:p29/maximum-demand-charge,evoenergy-statement-of-tariff-classes-and-tariffs-2023-24,,2,charges,"'Maximum demand charge' (NUoS) printed 2 times: 1.810 at pdf:p25, 1.810 at pdf:p29"
component_repeated_in_document/6ecda1c1ab,component_repeated_in_document,essential,2023-24,,essential-2023-24-network-price-list-31mar2023/BHND3AO,essential-2023-24-network-price-list-31mar2023/BHND3AO/JSA/excl/xlsx:Price List_QSS_Excl GST!H25,essential-2023-24-network-price-list-31mar2023,,3,charges,"'Energy - Peak' (JSA) printed 3 times: 0.6996 at xlsx:Price List_CCF_Excl GST!H25, 0.0000 at xlsx:Price List_QSS_Excl GST!H25, 0.0723 at xlsx:Price List_Roadmap_Excl GST!H25"
component_repeated_in_document/7078be790e,component_repeated_in_document,evoenergy,2023-24,,evoenergy-statement-of-tariff-classes-and-tariffs-2023-24/020,evoenergy-statement-of-tariff-classes-and-tariffs-2023-24/020/NUoS/excl/pdf:p27/energy-consumption-above-60-kwh-per-day,evoenergy-statement-of-tariff-classes-and-tariffs-2023-24,,2,charges,"'Energy consumption above 60 kWh per day' (NUoS) printed 2 times: 4.175 at pdf:p22, 4.175 at pdf:p27"
component_repeated_in_document/7282df3d01,component_repeated_in_document,essential,2023-24,,essential-2023-24-network-price-list-31mar2023/BLND3TO,essential-2023-24-network-price-list-31mar2023/BLND3TO/JSA/excl/xlsx:Price List_QSS_Excl GST!H24,essential-2023-24-network-price-list-31mar2023,,3,charges,"'Energy - Peak' (JSA) printed 3 times: 0.6996 at xlsx:Price List_CCF_Excl GST!H24, 0.0114 at xlsx:Price List_QSS_Excl GST!H24, 0.3151 at xlsx:Price List_Roadmap_Excl GST!H24"
component_repeated_in_document/72a897db88,component_repeated_in_document,essential,2023-24,,essential-2023-24-network-price-list-31mar2023/BLND1AB,essential-2023-24-network-price-list-31mar2023/BLND1AB/JSA/excl/xlsx:Price List_QSS_Excl GST!I20,essential-2023-24-network-price-list-31mar2023,,3,charges,"'Energy - Shoulder' (JSA) printed 3 times: 0.6996 at xlsx:Price List_CCF_Excl GST!I20, 0.0114 at xlsx:Price List_QSS_Excl GST!I20, 0.1188 at xlsx:Price List_Roadmap_Excl GST!I20"
component_repeated_in_document/7416904227,component_repeated_in_document,evoenergy,2023-24,,evoenergy-statement-of-tariff-classes-and-tariffs-2023-24/101,evoenergy-statement-of-tariff-classes-and-tariffs-2023-24/101/NUoS/excl/pdf:p28/energy-consumption-at-evening-times,evoenergy-statement-of-tariff-classes-and-tariffs-2023-24,,2,charges,"'Energy consumption at evening times' (NUoS) printed 2 times: 1.093 at pdf:p24, 1.093 at pdf:p28"
component_repeated_in_document/748476c627,component_repeated_in_document,essential,2023-24,,essential-2023-24-network-price-list-31mar2023/BHND1SO,essential-2023-24-network-price-list-31mar2023/BHND1SO/JSA/excl/xlsx:Price List_QSS_Excl GST!F44,essential-2023-24-network-price-list-31mar2023,,3,charges,"'Energy - Peak' (JSA) printed 3 times: 0.6996 at xlsx:Price List_CCF_Excl GST!F44, 0.0000 at xlsx:Price List_QSS_Excl GST!F44, 0.1436 at xlsx:Price List_Roadmap_Excl GST!F44"
component_repeated_in_document/748f1b92f2,component_repeated_in_document,essential,2023-24,,essential-2023-24-network-price-list-31mar2023/BLND1AR,essential-2023-24-network-price-list-31mar2023/BLND1AR/JSA/excl/xlsx:Price List_QSS_Excl GST!H12,essential-2023-24-network-price-list-31mar2023,,3,charges,"'Energy - Peak' (JSA) printed 3 times: 0.2938 at xlsx:Price List_CCF_Excl GST!H12, 0.0114 at xlsx:Price List_QSS_Excl GST!H12, 0.0972 at xlsx:Price List_Roadmap_Excl GST!H12"
component_repeated_in_document/7591a24d57,component_repeated_in_document,evoenergy,2023-24,,evoenergy-statement-of-tariff-classes-and-tariffs-2023-24/101,evoenergy-statement-of-tariff-classes-and-tariffs-2023-24/101/NUoS/excl/pdf:p28/energy-consumption-at-business-times,evoenergy-statement-of-tariff-classes-and-tariffs-2023-24,,2,charges,"'Energy consumption at business times' (NUoS) printed 2 times: 3.825 at pdf:p24, 3.825 at pdf:p28"
component_repeated_in_document/761a9139b5,component_repeated_in_document,essential,2023-24,,essential-2023-24-network-price-list-31mar2023/BLNT1SU/obsolete-tariffs-not-applicable-to-new-connections,essential-2023-24-network-price-list-31mar2023/BLNT1SU/obsolete-tariffs-not-applicable-to-new-connections/JSA/excl/xlsx:Price List_QSS_Excl GST!E39,essential-2023-24-network-price-list-31mar2023,,3,charges,"'Network - Access' (JSA) printed 3 times: 0.0000 at xlsx:Price List_CCF_Excl GST!E39, 0.0000 at xlsx:Price List_QSS_Excl GST!E39, 0.1816 at xlsx:Price List_Roadmap_Excl GST!E39"
component_repeated_in_document/76984553e9,component_repeated_in_document,essential,2023-24,,essential-2023-24-network-price-list-31mar2023/BHND1CO,essential-2023-24-network-price-list-31mar2023/BHND1CO/JSA/excl/xlsx:Price List_QSS_Excl GST!E43,essential-2023-24-network-price-list-31mar2023,,3,charges,"'Network - Access' (JSA) printed 3 times: 0.0000 at xlsx:Price List_CCF_Excl GST!E43, 0.0000 at xlsx:Price List_QSS_Excl GST!E43, 0.6860 at xlsx:Price List_Roadmap_Excl GST!E43"
component_repeated_in_document/76e2980f72,component_repeated_in_document,essential,2023-24,,essential-2023-24-network-price-list-31mar2023/BHNS1AO,essential-2023-24-network-price-list-31mar2023/BHNS1AO/JSA/excl/xlsx:Price List_QSS_Excl GST!J38,essential-2023-24-network-price-list-31mar2023,,3,charges,"'Peak - Demand' (JSA) printed 3 times: 0.0000 at xlsx:Price List_CCF_Excl GST!J38, 0.0000 at xlsx:Price List_QSS_Excl GST!J38, 0.2182 at xlsx:Price List_Roadmap_Excl GST!J38"
component_repeated_in_document/77a12337e7,component_repeated_in_document,essential,2023-24,,essential-2023-24-network-price-list-31mar2023/BLND1AR,essential-2023-24-network-price-list-31mar2023/BLND1AR/JSA/excl/xlsx:Price List_QSS_Excl GST!J12,essential-2023-24-network-price-list-31mar2023,,3,charges,"'Energy - Off-Peak' (JSA) printed 3 times: 0.2938 at xlsx:Price List_CCF_Excl GST!J12, 0.0114 at xlsx:Price List_QSS_Excl GST!J12, 0.0445 at xlsx:Price List_Roadmap_Excl GST!J12"
component_repeated_in_document/77f2562261,component_repeated_in_document,essential,2023-24,,essential-2023-24-network-price-list-31mar2023/BLNT1SU/business-tariffs,essential-2023-24-network-price-list-31mar2023/BLNT1SU/business-tariffs/JSA/excl/xlsx:Price List_QSS_Excl GST!F21,essential-2023-24-network-price-list-31mar2023,,3,charges,"'Network - Access' (JSA) printed 3 times: 0.0000 at xlsx:Price List_CCF_Excl GST!F21, 0.0000 at xlsx:Price List_QSS_Excl GST!F21, 0.0744 at xlsx:Price List_Roadmap_Excl GST!F21"
component_repeated_in_document/7a2f48b6b9,component_repeated_in_document,essential,2023-24,,essential-2023-24-network-price-list-31mar2023/BHTD1SO,essential-2023-24-network-price-list-31mar2023/BHTD1SO/JSA/excl/xlsx:Price List_QSS_Excl GST!M44,essential-2023-24-network-price-list-31mar2023,,3,charges,"'Capacity - Charge' (JSA) printed 3 times: 0.0000 at xlsx:Price List_CCF_Excl GST!M44, 0.0000 at xlsx:Price List_QSS_Excl GST!M44, 0.0863 at xlsx:Price List_Roadmap_Excl GST!M44"
component_repeated_in_document/7be0d2c3d1,component_repeated_in_document,essential,2023-24,,essential-2023-24-network-price-list-31mar2023/BLNDTRS,essential-2023-24-network-price-list-31mar2023/BLNDTRS/JSA/excl/xlsx:Price List_QSS_Excl GST!J22,essential-2023-24-network-price-list-31mar2023,,3,charges,"'Energy - Off-Peak' (JSA) printed 3 times: 0.6996 at xlsx:Price List_CCF_Excl GST!J22, 0.0114 at xlsx:Price List_QSS_Excl GST!J22, 0.0498 at xlsx:Price List_Roadmap_Excl GST!J22"
component_repeated_in_document/7bec6624a3,component_repeated_in_document,essential,2023-24,,essential-2023-24-network-price-list-31mar2023/BLNN1AU,essential-2023-24-network-price-list-31mar2023/BLNN1AU/JSA/excl/xlsx:Price List_QSS_Excl GST!F17,essential-2023-24-network-price-list-31mar2023,,3,charges,"'Network - Access' (JSA) printed 3 times: 0.0000 at xlsx:Price List_CCF_Excl GST!F17, 0.0000 at xlsx:Price List_QSS_Excl GST!F17, 0.0205 at xlsx:Price List_Roadmap_Excl GST!F17"
component_repeated_in_document/7c61c795ec,component_repeated_in_document,essential,2023-24,,essential-2023-24-network-price-list-31mar2023/BHND1SO,essential-2023-24-network-price-list-31mar2023/BHND1SO/JSA/excl/xlsx:Price List_QSS_Excl GST!G44,essential-2023-24-network-price-list-31mar2023,,3,charges,"'Energy - Shoulder' (JSA) printed 3 times: 0.6996 at xlsx:Price List_CCF_Excl GST!G44, 0.0000 at xlsx:Price List_QSS_Excl GST!G44, 0.1341 at xlsx:Price List_Roadmap_Excl GST!G44"
component_repeated_in_document/7cef9a194a,component_repeated_in_document,essential,2023-24,,essential-2023-24-network-price-list-31mar2023/BLND1CO,essential-2023-24-network-price-list-31mar2023/BLND1CO/JSA/excl/xlsx:Price List_QSS_Excl GST!E40,essential-2023-24-network-price-list-31mar2023,,3,charges,"'Network - Access' (JSA) printed 3 times: 0.0000 at xlsx:Price List_CCF_Excl GST!E40, 0.0000 at xlsx:Price List_QSS_Excl GST!E40, 0.5346 at xlsx:Price List_Roadmap_Excl GST!E40"
component_repeated_in_document/7e5ef5b927,component_repeated_in_document,evoenergy,2023-24,,evoenergy-statement-of-tariff-classes-and-tariffs-2023-24/108,evoenergy-statement-of-tariff-classes-and-tariffs-2023-24/108/NUoS/excl/pdf:p28/net-energy-consumption-charge,evoenergy-statement-of-tariff-classes-and-tariffs-2023-24,,2,charges,"'Net energy consumption charge' (NUoS) printed 2 times: 0.500 at pdf:p25, 0.500 at pdf:p28"
component_repeated_in_document/7e8386b6d0,component_repeated_in_document,essential,2023-24,,essential-2023-24-network-price-list-31mar2023/BLNDTRS,essential-2023-24-network-price-list-31mar2023/BLNDTRS/JSA/excl/xlsx:Price List_QSS_Excl GST!K22,essential-2023-24-network-price-list-31mar2023,,3,charges,"'Peak - Demand' (JSA) printed 3 times: 0.0000 at xlsx:Price List_CCF_Excl GST!K22, 0.0000 at xlsx:Price List_QSS_Excl GST!K22, 0.2157 at xlsx:Price List_Roadmap_Excl GST!K22"
component_repeated_in_document/7f3dfc34a3,component_repeated_in_document,essential,2023-24,,essential-2023-24-network-price-list-31mar2023/BLND1SR,essential-2023-24-network-price-list-31mar2023/BLND1SR/JSA/excl/xlsx:Price List_QSS_Excl GST!M41,essential-2023-24-network-price-list-31mar2023,,3,charges,"'Capacity - Charge' (JSA) printed 3 times: 0.0000 at xlsx:Price List_CCF_Excl GST!M41, 0.0000 at xlsx:Price List_QSS_Excl GST!M41, 0.1074 at xlsx:Price List_Roadmap_Excl GST!M41"
component_repeated_in_document/7f91a8a03e,component_repeated_in_document,essential,2023-24,,essential-2023-24-network-price-list-31mar2023/BLND1NO,essential-2023-24-network-price-list-31mar2023/BLND1NO/JSA/excl/xlsx:Price List_QSS_Excl GST!I40,essential-2023-24-network-price-list-31mar2023,,3,charges,"'Demand - Charge' (JSA) printed 3 times: 0.0000 at xlsx:Price List_CCF_Excl GST!I40, 0.0000 at xlsx:Price List_QSS_Excl GST!I40, 0.4449 at xlsx:Price List_Roadmap_Excl GST!I40"
component_repeated_in_document/7fb56e48a4,component_repeated_in_document,essential,2023-24,,essential-2023-24-network-price-list-31mar2023/BLND1SU,essential-2023-24-network-price-list-31mar2023/BLND1SU/JSA/excl/xlsx:Price List_QSS_Excl GST!M42,essential-2023-24-network-price-list-31mar2023,,3,charges,"'Capacity - Charge' (JSA) printed 3 times: 0.0000 at xlsx:Price List_CCF_Excl GST!M42, 0.0000 at xlsx:Price List_QSS_Excl GST!M42, 0.1076 at xlsx:Price List_Roadmap_Excl GST!M42"
component_repeated_in_document/80ad985a39,component_repeated_in_document,evoenergy,2023-24,,evoenergy-statement-of-tariff-classes-and-tariffs-2023-24/109,evoenergy-statement-of-tariff-classes-and-tariffs-2023-24/109/NUoS/excl/pdf:p29/critical-peak-export-charge,evoenergy-statement-of-tariff-classes-and-tariffs-2023-24,,2,charges,"'Critical Peak Export Charge' (NUoS) printed 2 times: 0.000 at pdf:p25, 0.000 at pdf:p29"
component_repeated_in_document/812d90eed7,component_repeated_in_document,essential,2023-24,,essential-2023-24-network-price-list-31mar2023/BLNT3AU,essential-2023-24-network-price-list-31mar2023/BLNT3AU/JSA/excl/xlsx:Price List_QSS_Excl GST!F10,essential-2023-24-network-price-list-31mar2023,,3,charges,"'Network - Access' (JSA) printed 3 times: 0.0000 at xlsx:Price List_CCF_Excl GST!F10, 0.0000 at xlsx:Price List_QSS_Excl GST!F10, 0.0205 at xlsx:Price List_Roadmap_Excl GST!F10"
component_repeated_in_document/8263642fc0,component_repeated_in_document,essential,2023-24,,essential-2023-24-network-price-list-31mar2023/BLNT2AU,essential-2023-24-network-price-list-31mar2023/BLNT2AU/JSA/excl/xlsx:Price List_QSS_Excl GST!H18,essential-2023-24-network-price-list-31mar2023,,3,charges,"'Energy - Peak' (JSA) printed 3 times: 0.6996 at xlsx:Price List_CCF_Excl GST!H18, 0.0114 at xlsx:Price List_QSS_Excl GST!H18, 0.3538 at xlsx:Price List_Roadmap_Excl GST!H18"
component_repeated_in_document/82f0e5f7bb,component_repeated_in_document,evoenergy,2023-24,,evoenergy-statement-of-tariff-classes-and-tariffs-2023-24/111,evoenergy-statement-of-tariff-classes-and-tariffs-2023-24/111/NUoS/excl/pdf:p29/energy-consumption-at-business-times,evoenergy-statement-of-tariff-classes-and-tariffs-2023-24,,2,charges,"'Energy consumption at business times' (NUoS) printed 2 times: 1.714 at pdf:p25, 1.714 at pdf:p29"
component_repeated_in_document/8545f1cf1c,component_repeated_in_document,essential,2023-24,,essential-2023-24-network-price-list-31mar2023/BHTD1SO,essential-2023-24-network-price-list-31mar2023/BHTD1SO/JSA/excl/xlsx:Price List_QSS_Excl GST!H44,essential-2023-24-network-price-list-31mar2023,,3,charges,"'Energy - Off-Peak' (JSA) printed 3 times: 0.6996 at xlsx:Price List_CCF_Excl GST!H44, 0.0000 at xlsx:Price List_QSS_Excl GST!H44, 0.0983 at xlsx:Price List_Roadmap_Excl GST!H44"
component_repeated_in_document/85f63acec8,component_repeated_in_document,essential,2023-24,,essential-2023-24-network-price-list-31mar2023/BHND3AO,essential-2023-24-network-price-list-31mar2023/BHND3AO/JSA/excl/xlsx:Price List_QSS_Excl GST!F25,essential-2023-24-network-price-list-31mar2023,,3,charges,"'Network - Access' (JSA) printed 3 times: 0.0000 at xlsx:Price List_CCF_Excl GST!F25, 0.0000 at xlsx:Price List_QSS_Excl GST!F25, 0.4327 at xlsx:Price List_Roadmap_Excl GST!F25"
component_repeated_in_document/8721fc78ee,component_repeated_in_document,evoenergy,2023-24,,evoenergy-statement-of-tariff-classes-and-tariffs-2023-24/080,evoenergy-statement-of-tariff-classes-and-tariffs-2023-24/080/NUoS/excl/pdf:p28/energy-consumption,evoenergy-statement-of-tariff-classes-and-tariffs-2023-24,,2,charges,"'Energy consumption' (NUoS) printed 2 times: 4.807 at pdf:p24, 4.807 at pdf:p28"
component_repeated_in_document/8743259e3a,component_repeated_in_document,essential,2023-24,,essential-2023-24-network-price-list-31mar2023/BLND1SR,essential-2023-24-network-price-list-31mar2023/BLND1SR/JSA/excl/xlsx:Price List_QSS_Excl GST!E41,essential-2023-24-network-price-list-31mar2023,,3,charges,"'Network - Access' (JSA) printed 3 times: 0.0000 at xlsx:Price List_CCF_Excl GST!E41, 0.0000 at xlsx:Price List_QSS_Excl GST!E41, 0.4146 at xlsx:Price List_Roadmap_Excl GST!E41"
component_repeated_in_document/8752fa2ee3,component_repeated_in_document,essential,2023-24,,essential-2023-24-network-price-list-31mar2023/BHND3AO,essential-2023-24-network-price-list-31mar2023/BHND3AO/JSA/excl/xlsx:Price List_QSS_Excl GST!I25,essential-2023-24-network-price-list-31mar2023,,3,charges,"'Energy - Shoulder' (JSA) printed 3 times: 0.6996 at xlsx:Price List_CCF_Excl GST!I25, 0.0000 at xlsx:Price List_QSS_Excl GST!I25, 0.0589 at xlsx:Price List_Roadmap_Excl GST!I25"
component_repeated_in_document/8b7d4b0fe5,component_repeated_in_document,essential,2023-24,,essential-2023-24-network-price-list-31mar2023/BLND1SU,essential-2023-24-network-price-list-31mar2023/BLND1SU/JSA/excl/xlsx:Price List_QSS_Excl GST!G42,essential-2023-24-network-price-list-31mar2023,,3,charges,"'Energy - Shoulder' (JSA) printed 3 times: 0.6996 at xlsx:Price List_CCF_Excl GST!G42, 0.0114 at xlsx:Price List_QSS_Excl GST!G42, 0.2839 at xlsx:Price List_Roadmap_Excl GST!G42"
component_repeated_in_document/8c5182f888,component_repeated_in_document,essential,2023-24,,essential-2023-24-network-price-list-31mar2023/BLNT2AU,essential-2023-24-network-price-list-31mar2023/BLNT2AU/JSA/excl/xlsx:Price List_QSS_Excl GST!F18,essential-2023-24-network-price-list-31mar2023,,3,charges,"'Network - Access' (JSA) printed 3 times: 0.0000 at xlsx:Price List_CCF_Excl GST!F18, 0.0000 at xlsx:Price List_QSS_Excl GST!F18, 0.0744 at xlsx:Price List_Roadmap_Excl GST!F18"
component_repeated_in_document/8c7e20cad4,component_repeated_in_document,essential,2023-24,,essential-2023-24-network-price-list-31mar2023/BLND1NO,essential-2023-24-network-price-list-31mar2023/BLND1NO/JSA/excl/xlsx:Price List_QSS_Excl GST!H40,essential-2023-24-network-price-list-31mar2023,,3,charges,"'Energy - Off-Peak' (JSA) printed 3 times: 0.6996 at xlsx:Price List_CCF_Excl GST!H40, 0.0114 at xlsx:Price List_QSS_Excl GST!H40, 0.0598 at xlsx:Price List_Roadmap_Excl GST!H40"
component_repeated_in_document/8cab3af31e,component_repeated_in_document,evoenergy,2023-24,,evoenergy-statement-of-tariff-classes-and-tariffs-2023-24/090,evoenergy-statement-of-tariff-classes-and-tariffs-2023-24/090/NUoS/excl/pdf:p28/energy-consumption-at-evening-times,evoenergy-statement-of-tariff-classes-and-tariffs-2023-24,,2,charges,"'Energy consumption at evening times' (NUoS) printed 2 times: 5.415 at pdf:p24, 5.415 at pdf:p28"
component_repeated_in_document/8d55a62f9c,component_repeated_in_document,essential,2023-24,,essential-2023-24-network-price-list-31mar2023/BLNT3AL,essential-2023-24-network-price-list-31mar2023/BLNT3AL/JSA/excl/xlsx:Price List_QSS_Excl GST!I11,essential-2023-24-network-price-list-31mar2023,,3,charges,"'Energy - Shoulder' (JSA) printed 3 times: 0.2938 at xlsx:Price List_CCF_Excl GST!I11, 0.0114 at xlsx:Price List_QSS_Excl GST!I11, 0.2498 at xlsx:Price List_Roadmap_Excl GST!I11"
component_repeated_in_document/8d84e16fc8,component_repeated_in_document,essential,2023-24,,essential-2023-24-network-price-list-31mar2023/BLND3TO,essential-2023-24-network-price-list-31mar2023/BLND3TO/JSA/excl/xlsx:Price List_QSS_Excl GST!K24,essential-2023-24-network-price-list-31mar2023,,3,charges,"'Peak - Demand' (JSA) printed 3 times: 0.0000 at xlsx:Price List_CCF_Excl GST!K24, 0.0000 at xlsx:Price List_QSS_Excl GST!K24, 0.2774 at xlsx:Price List_Roadmap_Excl GST!K24"
component_repeated_in_document/8d973e7308,component_repeated_in_document,essential,2023-24,,essential-2023-24-network-price-list-31mar2023/BLNT3AU,essential-2023-24-network-price-list-31mar2023/BLNT3AU/JSA/excl/xlsx:Price List_QSS_Excl GST!H10,essential-2023-24-network-price-list-31mar2023,,3,charges,"'Energy - Peak' (JSA) printed 3 times: 0.2938 at xlsx:Price List_CCF_Excl GST!H10, 0.0114 at xlsx:Price List_QSS_Excl GST!H10, 0.3342 at xlsx:Price List_Roadmap_Excl GST!H10"
component_repeated_in_document/8d9eb28bec,component_repeated_in_document,evoenergy,2023-24,,evoenergy-statement-of-tariff-classes-and-tariffs-2023-24/122,evoenergy-statement-of-tariff-classes-and-tariffs-2023-24/122/NUoS/excl/pdf:p29/maximum-demand-charge,evoenergy-statement-of-tariff-classes-and-tariffs-2023-24,,2,charges,"'Maximum demand charge' (NUoS) printed 2 times: 1.810 at pdf:p26, 1.810 at pdf:p29"
component_repeated_in_document/8ea5b5afa7,component_repeated_in_document,essential,2023-24,,essential-2023-24-network-price-list-31mar2023/BLNT1SU/obsolete-tariffs-not-applicable-to-new-connections,essential-2023-24-network-price-list-31mar2023/BLNT1SU/obsolete-tariffs-not-applicable-to-new-connections/JSA/excl/xlsx:Price List_QSS_Excl GST!I39,essential-2023-24-network-price-list-31mar2023,,3,charges,"'Demand - Charge' (JSA) printed 3 times: 0.0000 at xlsx:Price List_CCF_Excl GST!I39, 0.0000 at xlsx:Price List_QSS_Excl GST!I39, 0.0000 at xlsx:Price List_Roadmap_Excl GST!I39"
component_repeated_in_document/8f5b7b4454,component_repeated_in_document,essential,2023-24,,essential-2023-24-network-price-list-31mar2023/BLNT1SU/business-tariffs,essential-2023-24-network-price-list-31mar2023/BLNT1SU/business-tariffs/JSA/excl/xlsx:Price List_QSS_Excl GST!H21,essential-2023-24-network-price-list-31mar2023,,3,charges,"'Energy - Peak' (JSA) printed 3 times: 0.6996 at xlsx:Price List_CCF_Excl GST!H21, 0.0114 at xlsx:Price List_QSS_Excl GST!H21, 0.3538 at xlsx:Price List_Roadmap_Excl GST!H21"
component_repeated_in_document/8f661f1ec4,component_repeated_in_document,energex,2024-25,,energex-2024-25-network-price-list-28mar2024/9100,energex-2024-25-network-price-list-28mar2024/9100/NUoS/excl/xlsx:SACS Residential!E13,energex-2024-25-network-price-list-28mar2024,,2,charges,"'Volume Charge' (NUoS) printed 2 times: 0.05564 at xlsx:SACS Residential!E13, 0.056 at xlsx:SACS Business!J16"
component_repeated_in_document/917ec75762,component_repeated_in_document,essential,2023-24,,essential-2023-24-network-price-list-31mar2023/BLNT2AL,essential-2023-24-network-price-list-31mar2023/BLNT2AL/JSA/excl/xlsx:Price List_QSS_Excl GST!J19,essential-2023-24-network-price-list-31mar2023,,3,charges,"'Energy - Off-Peak' (JSA) printed 3 times: 0.6996 at xlsx:Price List_CCF_Excl GST!J19, 0.0114 at xlsx:Price List_QSS_Excl GST!J19, 0.1410 at xlsx:Price List_Roadmap_Excl GST!J19"
component_repeated_in_document/96b5741eef,component_repeated_in_document,evoenergy,2023-24,,evoenergy-statement-of-tariff-classes-and-tariffs-2023-24/111,evoenergy-statement-of-tariff-classes-and-tariffs-2023-24/111/NUoS/excl/pdf:p29/energy-consumption-at-evening-times,evoenergy-statement-of-tariff-classes-and-tariffs-2023-24,,2,charges,"'Energy consumption at evening times' (NUoS) printed 2 times: 0.500 at pdf:p25, 0.500 at pdf:p29"
component_repeated_in_document/96d8eea41e,component_repeated_in_document,essential,2023-24,,essential-2023-24-network-price-list-31mar2023/BLND1NO,essential-2023-24-network-price-list-31mar2023/BLND1NO/JSA/excl/xlsx:Price List_QSS_Excl GST!E40,essential-2023-24-network-price-list-31mar2023,,3,charges,"'Network - Access' (JSA) printed 3 times: 0.0000 at xlsx:Price List_CCF_Excl GST!E40, 0.0000 at xlsx:Price List_QSS_Excl GST!E40, 0.5346 at xlsx:Price List_Roadmap_Excl GST!E40"
component_repeated_in_document/9760f3f7b7,component_repeated_in_document,essential,2023-24,,essential-2023-24-network-price-list-31mar2023/BLNT1AO,essential-2023-24-network-price-list-31mar2023/BLNT1AO/JSA/excl/xlsx:Price List_QSS_Excl GST!H21,essential-2023-24-network-price-list-31mar2023,,3,charges,"'Energy - Peak' (JSA) printed 3 times: 0.6996 at xlsx:Price List_CCF_Excl GST!H21, 0.0114 at xlsx:Price List_QSS_Excl GST!H21, 0.3538 at xlsx:Price List_Roadmap_Excl GST!H21"
component_repeated_in_document/98cd10a6b8,component_repeated_in_document,essential,2023-24,,essential-2023-24-network-price-list-31mar2023/BLND1AR,essential-2023-24-network-price-list-31mar2023/BLND1AR/JSA/excl/xlsx:Price List_QSS_Excl GST!F12,essential-2023-24-network-price-list-31mar2023,,3,charges,"'Network - Access' (JSA) printed 3 times: 0.0000 at xlsx:Price List_CCF_Excl GST!F12, 0.0000 at xlsx:Price List_QSS_Excl GST!F12, 0.0205 at xlsx:Price List_Roadmap_Excl GST!F12"
component_repeated_in_document/99919c8957,component_repeated_in_document,energex,2024-25,,energex-2024-25-network-price-list-28mar2024/9000,energex-2024-25-network-price-list-28mar2024/9000/NUoS/excl/xlsx:SACS Residential!E14,energex-2024-25-network-price-list-28mar2024,,2,charges,"'Volume Charge' (NUoS) printed 2 times: 0.04463 at xlsx:SACS Residential!E14, 0.045 at xlsx:SACS Business!J17"
component_repeated_in_document/9ac991bff1,component_repeated_in_document,evoenergy,2023-24,,evoenergy-statement-of-tariff-classes-and-tariffs-2023-24/109,evoenergy-statement-of-tariff-classes-and-tariffs-2023-24/109/NUoS/excl/pdf:p28/peak-period-maximum-demand-high-season,evoenergy-statement-of-tariff-classes-and-tariffs-2023-24,,2,charges,"'Peak period maximum demand: high season' (NUoS) printed 2 times: 16.645 at pdf:p25, 16.645 at pdf:p28"
component_repeated_in_document/9aed4f10b4,component_repeated_in_document,essential,2023-24,,essential-2023-24-network-price-list-31mar2023/BLNP3AO,essential-2023-24-network-price-list-31mar2023/BLNP3AO/JSA/excl/xlsx:Price List_QSS_Excl GST!H29,essential-2023-24-network-price-list-31mar2023,,3,charges,"'Energy - Peak' (JSA) printed 3 times: 0.6996 at xlsx:Price List_CCF_Excl GST!H29, 0.0000 at xlsx:Price List_QSS_Excl GST!H29, 0.4055 at xlsx:Price List_Roadmap_Excl GST!H29"
component_repeated_in_document/9b4f6bd56f,component_repeated_in_document,essential,2023-24,,essential-2023-24-network-price-list-31mar2023/BLND3AO,essential-2023-24-network-price-list-31mar2023/BLND3AO/JSA/excl/xlsx:Price List_QSS_Excl GST!H23,essential-2023-24-network-price-list-31mar2023,,3,charges,"'Energy - Peak' (JSA) printed 3 times: 0.6996 at xlsx:Price List_CCF_Excl GST!H23, 0.0114 at xlsx:Price List_QSS_Excl GST!H23, 0.0955 at xlsx:Price List_Roadmap_Excl GST!H23"
component_repeated_in_document/9c16665dcd,component_repeated_in_document,essential,2023-24,,essential-2023-24-network-price-list-31mar2023/BLNT1SU/obsolete-tariffs-not-applicable-to-new-connections,essential-2023-24-network-price-list-31mar2023/BLNT1SU/obsolete-tariffs-not-applicable-to-new-connections/JSA/excl/xlsx:Price List_QSS_Excl GST!F39,essential-2023-24-network-price-list-31mar2023,,3,charges,"'Energy - Peak' (JSA) printed 3 times: 0.6996 at xlsx:Price List_CCF_Excl GST!F39, 0.0114 at xlsx:Price List_QSS_Excl GST!F39, 0.4172 at xlsx:Price List_Roadmap_Excl GST!F39"
component_repeated_in_document/9cb06d5838,component_repeated_in_document,essential,2023-24,,essential-2023-24-network-price-list-31mar2023/BHND1CO,essential-2023-24-network-price-list-31mar2023/BHND1CO/JSA/excl/xlsx:Price List_QSS_Excl GST!H43,essential-2023-24-network-price-list-31mar2023,,3,charges,"'Energy - Off-Peak' (JSA) printed 3 times: 0.6996 at xlsx:Price List_CCF_Excl GST!H43, 0.0000 at xlsx:Price List_QSS_Excl GST!H43, 0.0632 at xlsx:Price List_Roadmap_Excl GST!H43"
component_repeated_in_document/9db62840c8,component_repeated_in_document,evoenergy,2023-24,,evoenergy-statement-of-tariff-classes-and-tariffs-2023-24/123,evoenergy-statement-of-tariff-classes-and-tariffs-2023-24/123/NUoS/excl/pdf:p29/peak-period-maximum-demand-high-season,evoenergy-statement-of-tariff-classes-and-tariffs-2023-24,,2,charges,"'Peak period maximum demand: high season' (NUoS) printed 2 times: 18.792 at pdf:p26, 18.792 at pdf:p29"
component_repeated_in_document/9dc544c48a,component_repeated_in_document,essential,2023-24,,essential-2023-24-network-price-list-31mar2023/BLNT1AO,essential-2023-24-network-price-list-31mar2023/BLNT1AO/JSA/excl/xlsx:Price List_QSS_Excl GST!I21,essential-2023-24-network-price-list-31mar2023,,3,charges,"'Energy - Shoulder' (JSA) printed 3 times: 0.6996 at xlsx:Price List_CCF_Excl GST!I21, 0.0114 at xlsx:Price List_QSS_Excl GST!I21, 0.2767 at xlsx:Price List_Roadmap_Excl GST!I21"
component_repeated_in_document/9de78af5c6,component_repeated_in_document,essential,2023-24,,essential-2023-24-network-price-list-31mar2023/BLNT3AL,essential-2023-24-network-price-list-31mar2023/BLNT3AL/JSA/excl/xlsx:Price List_QSS_Excl GST!H11,essential-2023-24-network-price-list-31mar2023,,3,charges,"'Energy - Peak' (JSA) printed 3 times: 0.2938 at xlsx:Price List_CCF_Excl GST!H11, 0.0114 at xlsx:Price List_QSS_Excl GST!H11, 0.3471 at xlsx:Price List_Roadmap_Excl GST!H11"
component_repeated_in_document/9ff9395d0b,component_repeated_in_document,essential,2023-24,,essential-2023-24-network-price-list-31mar2023/BLNT1AO,essential-2023-24-network-price-list-31mar2023/BLNT1AO/JSA/excl/xlsx:Price List_QSS_Excl GST!J21,essential-2023-24-network-price-list-31mar2023,,3,charges,"'Energy - Off-Peak' (JSA) printed 3 times: 0.6996 at xlsx:Price List_CCF_Excl GST!J21, 0.0114 at xlsx:Price List_QSS_Excl GST!J21, 0.1460 at xlsx:Price List_Roadmap_Excl GST!J21"
component_repeated_in_document/a24153b068,component_repeated_in_document,evoenergy,2023-24,,evoenergy-statement-of-tariff-classes-and-tariffs-2023-24/108,evoenergy-statement-of-tariff-classes-and-tariffs-2023-24/108/NUoS/excl/pdf:p28/capacity-charge,evoenergy-statement-of-tariff-classes-and-tariffs-2023-24,,2,charges,"'Capacity charge' (NUoS) printed 2 times: 2.799 at pdf:p25, 2.799 at pdf:p28"
component_repeated_in_document/a2b9e640ff,component_repeated_in_document,evoenergy,2023-24,,evoenergy-statement-of-tariff-classes-and-tariffs-2023-24/111,evoenergy-statement-of-tariff-classes-and-tariffs-2023-24/111/NUoS/excl/pdf:p29/capacity-charge,evoenergy-statement-of-tariff-classes-and-tariffs-2023-24,,2,charges,"'Capacity charge' (NUoS) printed 2 times: 14.454 at pdf:p25, 14.454 at pdf:p29"
component_repeated_in_document/a2d214039a,component_repeated_in_document,essential,2023-24,,essential-2023-24-network-price-list-31mar2023/BLNT2AL,essential-2023-24-network-price-list-31mar2023/BLNT2AL/JSA/excl/xlsx:Price List_QSS_Excl GST!I19,essential-2023-24-network-price-list-31mar2023,,3,charges,"'Energy - Shoulder' (JSA) printed 3 times: 0.6996 at xlsx:Price List_CCF_Excl GST!I19, 0.0114 at xlsx:Price List_QSS_Excl GST!I19, 0.2663 at xlsx:Price List_Roadmap_Excl GST!I19"
component_repeated_in_document/a2f9ee5180,component_repeated_in_document,evoenergy,2023-24,,evoenergy-statement-of-tariff-classes-and-tariffs-2023-24/123,evoenergy-statement-of-tariff-classes-and-tariffs-2023-24/123/NUoS/excl/pdf:p29/net-energy-consumption-charge,evoenergy-statement-of-tariff-classes-and-tariffs-2023-24,,2,charges,"'Net energy consumption charge' (NUoS) printed 2 times: 0.500 at pdf:p26, 0.500 at pdf:p29"
component_repeated_in_document/a5bc304201,component_repeated_in_document,essential,2023-24,,essential-2023-24-network-price-list-31mar2023/BHND1CO,essential-2023-24-network-price-list-31mar2023/BHND1CO/JSA/excl/xlsx:Price List_QSS_Excl GST!F43,essential-2023-24-network-price-list-31mar2023,,3,charges,"'Energy - Peak' (JSA) printed 3 times: 0.6996 at xlsx:Price List_CCF_Excl GST!F43, 0.0000 at xlsx:Price List_QSS_Excl GST!F43, 0.1609 at xlsx:Price List_Roadmap_Excl GST!F43"
component_repeated_in_document/a81f27af1d,component_repeated_in_document,essential,2023-24,,essential-2023-24-network-price-list-31mar2023/BLNC2AU,essential-2023-24-network-price-list-31mar2023/BLNC2AU/JSA/excl/xlsx:Price List_QSS_Excl GST!G15,essential-2023-24-network-price-list-31mar2023,,3,charges,"'Energy - Anytime' (JSA) printed 3 times: 0.2938 at xlsx:Price List_CCF_Excl GST!G15, 0.0114 at xlsx:Price List_QSS_Excl GST!G15, 0.1052 at xlsx:Price List_Roadmap_Excl GST!G15"
component_repeated_in_document/aac10e6921,component_repeated_in_document,evoenergy,2023-24,,evoenergy-statement-of-tariff-classes-and-tariffs-2023-24/027,evoenergy-statement-of-tariff-classes-and-tariffs-2023-24/027/NUoS/excl/pdf:p27/energy-consumption-during-solar-sponge-times,evoenergy-statement-of-tariff-classes-and-tariffs-2023-24,,2,charges,"'Energy consumption during solar sponge times' (NUoS) printed 2 times: 1.676 at pdf:p23, 1.676 at pdf:p27"
component_repeated_in_document/ac387073d7,component_repeated_in_document,essential,2023-24,,essential-2023-24-network-price-list-31mar2023/BSSD3AO,essential-2023-24-network-price-list-31mar2023/BSSD3AO/JSA/excl/xlsx:Price List_QSS_Excl GST!F26,essential-2023-24-network-price-list-31mar2023,,3,charges,"'Network - Access' (JSA) printed 3 times: 0.0000 at xlsx:Price List_CCF_Excl GST!F26, 0.0000 at xlsx:Price List_QSS_Excl GST!F26, 0.4295 at xlsx:Price List_Roadmap_Excl GST!F26"
component_repeated_in_document/ad713d5dda,component_repeated_in_document,essential,2023-24,,essential-2023-24-network-price-list-31mar2023/BLND1AB,essential-2023-24-network-price-list-31mar2023/BLND1AB/JSA/excl/xlsx:Price List_QSS_Excl GST!J20,essential-2023-24-network-price-list-31mar2023,,3,charges,"'Energy - Off-Peak' (JSA) printed 3 times: 0.6996 at xlsx:Price List_CCF_Excl GST!J20, 0.0114 at xlsx:Price List_QSS_Excl GST!J20, 0.0653 at xlsx:Price List_Roadmap_Excl GST!J20"
component_repeated_in_document/add0948fb4,component_repeated_in_document,essential,2023-24,,essential-2023-24-network-price-list-31mar2023/BLNN3AO,essential-2023-24-network-price-list-31mar2023/BLNN3AO/JSA/excl/xlsx:Price List_QSS_Excl GST!F28,essential-2023-24-network-price-list-31mar2023,,3,charges,"'Network - Access' (JSA) printed 3 times: 0.0000 at xlsx:Price List_CCF_Excl GST!F28, 0.0000 at xlsx:Price List_QSS_Excl GST!F28, 0.0205 at xlsx:Price List_Roadmap_Excl GST!F28"
component_repeated_in_document/b07e0ad0f5,component_repeated_in_document,essential,2023-24,,essential-2023-24-network-price-list-31mar2023/BHTD1SO,essential-2023-24-network-price-list-31mar2023/BHTD1SO/JSA/excl/xlsx:Price List_QSS_Excl GST!F44,essential-2023-24-network-price-list-31mar2023,,3,charges,"'Energy - Peak' (JSA) printed 3 times: 0.6996 at xlsx:Price List_CCF_Excl GST!F44, 0.0000 at xlsx:Price List_QSS_Excl GST!F44, 0.1436 at xlsx:Price List_Roadmap_Excl GST!F44"
component_repeated_in_document/b1585323a0,component_repeated_in_document,essential,2023-24,,essential-2023-24-network-price-list-31mar2023/BLND3TO,essential-2023-24-network-price-list-31mar2023/BLND3TO/JSA/excl/xlsx:Price List_QSS_Excl GST!J24,essential-2023-24-network-price-list-31mar2023,,3,charges,"'Energy - Off-Peak' (JSA) printed 3 times: 0.6996 at xlsx:Price List_CCF_Excl GST!J24, 0.0114 at xlsx:Price List_QSS_Excl GST!J24, 0.1047 at xlsx:Price List_Roadmap_Excl GST!J24"
component_repeated_in_document/b16b2cb560,component_repeated_in_document,evoenergy,2023-24,,evoenergy-statement-of-tariff-classes-and-tariffs-2023-24/027,evoenergy-statement-of-tariff-classes-and-tariffs-2023-24/027/NUoS/excl/pdf:p27/peak-period-maximum-demand-high-season,evoenergy-statement-of-tariff-classes-and-tariffs-2023-24,,2,charges,"'Peak period maximum demand: high season' (NUoS) printed 2 times: 15.353 at pdf:p23, 15.353 at pdf:p27"
component_repeated_in_document/b30819df6c,component_repeated_in_document,evoenergy,2023-24,,evoenergy-statement-of-tariff-classes-and-tariffs-2023-24/121,evoenergy-statement-of-tariff-classes-and-tariffs-2023-24/121/NUoS/excl/pdf:p29/capacity-charge,evoenergy-statement-of-tariff-classes-and-tariffs-2023-24,,2,charges,"'Capacity charge' (NUoS) printed 2 times: 13.450 at pdf:p26, 13.450 at pdf:p29"
component_repeated_in_document/b54b474e35,component_repeated_in_document,evoenergy,2023-24,,evoenergy-statement-of-tariff-classes-and-tariffs-2023-24/108,evoenergy-statement-of-tariff-classes-and-tariffs-2023-24/108/NUoS/excl/pdf:p28/peak-period-maximum-demand-low-season,evoenergy-statement-of-tariff-classes-and-tariffs-2023-24,,2,charges,"'Peak period maximum demand: low season' (NUoS) printed 2 times: 24.455 at pdf:p25, 24.455 at pdf:p28"
component_repeated_in_document/b6e09ca0c9,component_repeated_in_document,evoenergy,2023-24,,evoenergy-statement-of-tariff-classes-and-tariffs-2023-24/015,evoenergy-statement-of-tariff-classes-and-tariffs-2023-24/015/NUoS/excl/pdf:p27/energy-consumption-at-economy-times,evoenergy-statement-of-tariff-classes-and-tariffs-2023-24,,2,charges,"'Energy consumption at economy times' (NUoS) printed 2 times: 0.500 at pdf:p22, 0.500 at pdf:p27"
component_repeated_in_document/b8a72e4c4f,component_repeated_in_document,essential,2023-24,,essential-2023-24-network-price-list-31mar2023/BLNS1AO,essential-2023-24-network-price-list-31mar2023/BLNS1AO/JSA/excl/xlsx:Price List_QSS_Excl GST!J37,essential-2023-24-network-price-list-31mar2023,,3,charges,"'Peak - Demand' (JSA) printed 3 times: 0.0000 at xlsx:Price List_CCF_Excl GST!J37, 0.0000 at xlsx:Price List_QSS_Excl GST!J37, 0.2993 at xlsx:Price List_Roadmap_Excl GST!J37"
component_repeated_in_document/b8f2d798bb,component_repeated_in_document,essential,2023-24,,essential-2023-24-network-price-list-31mar2023/BLND1AB,essential-2023-24-network-price-list-31mar2023/BLND1AB/JSA/excl/xlsx:Price List_QSS_Excl GST!F20,essential-2023-24-network-price-list-31mar2023,,3,charges,"'Network - Access' (JSA) printed 3 times: 0.0000 at xlsx:Price List_CCF_Excl GST!F20, 0.0000 at xlsx:Price List_QSS_Excl GST!F20, 0.0348 at xlsx:Price List_Roadmap_Excl GST!F20"
component_repeated_in_document/b92d421195,component_repeated_in_document,essential,2023-24,,essential-2023-24-network-price-list-31mar2023/BHTD1SO,essential-2023-24-network-price-list-31mar2023/BHTD1SO/JSA/excl/xlsx:Price List_QSS_Excl GST!I44,essential-2023-24-network-price-list-31mar2023,,3,charges,"'Demand - Charge' (JSA) printed 3 times: 0.0000 at xlsx:Price List_CCF_Excl GST!I44, 0.0000 at xlsx:Price List_QSS_Excl GST!I44, 0.2342 at xlsx:Price List_Roadmap_Excl GST!I44"
component_repeated_in_document/bb622fe5be,component_repeated_in_document,essential,2023-24,,essential-2023-24-network-price-list-31mar2023/BLND3AO,essential-2023-24-network-price-list-31mar2023/BLND3AO/JSA/excl/xlsx:Price List_QSS_Excl GST!F23,essential-2023-24-network-price-list-31mar2023,,3,charges,"'Network - Access' (JSA) printed 3 times: 0.0000 at xlsx:Price List_CCF_Excl GST!F23, 0.0000 at xlsx:Price List_QSS_Excl GST!F23, 0.3495 at xlsx:Price List_Roadmap_Excl GST!F23"
component_repeated_in_document/bb9be19a56,component_repeated_in_document,evoenergy,2023-24,,evoenergy-statement-of-tariff-classes-and-tariffs-2023-24/103,evoenergy-statement-of-tariff-classes-and-tariffs-2023-24/103/NUoS/excl/pdf:p28/energy-consumption-at-evening-times,evoenergy-statement-of-tariff-classes-and-tariffs-2023-24,,2,charges,"'Energy consumption at evening times' (NUoS) printed 2 times: 1.068 at pdf:p24, 1.068 at pdf:p28"
component_repeated_in_document/bca0dd6ebd,component_repeated_in_document,evoenergy,2023-24,,evoenergy-statement-of-tariff-classes-and-tariffs-2023-24/108,evoenergy-statement-of-tariff-classes-and-tariffs-2023-24/108/NUoS/excl/pdf:p28/critical-peak-export-rebate,evoenergy-statement-of-tariff-classes-and-tariffs-2023-24,,2,charges,"'Critical Peak Export Rebate' (NUoS) printed 2 times: -162.545 at pdf:p25, -162.545 at pdf:p28"
component_repeated_in_document/bca60a08af,component_repeated_in_document,essential,2023-24,,essential-2023-24-network-price-list-31mar2023/BLND1SR,essential-2023-24-network-price-list-31mar2023/BLND1SR/JSA/excl/xlsx:Price List_QSS_Excl GST!I41,essential-2023-24-network-price-list-31mar2023,,3,charges,"'Demand - Charge' (JSA) printed 3 times: 0.0000 at xlsx:Price List_CCF_Excl GST!I41, 0.0000 at xlsx:Price List_QSS_Excl GST!I41, 0.2955 at xlsx:Price List_Roadmap_Excl GST!I41"
component_repeated_in_document/c0209cac8c,component_repeated_in_document,essential,2023-24,,essential-2023-24-network-price-list-31mar2023/BSSD3AO,essential-2023-24-network-price-list-31mar2023/BSSD3AO/JSA/excl/xlsx:Price List_QSS_Excl GST!H26,essential-2023-24-network-price-list-31mar2023,,3,charges,"'Energy - Peak' (JSA) printed 3 times: 0.1865 at xlsx:Price List_CCF_Excl GST!H26, 0.0000 at xlsx:Price List_QSS_Excl GST!H26, 0.0844 at xlsx:Price List_Roadmap_Excl GST!H26"
component_repeated_in_document/c132f599f3,component_repeated_in_document,essential,2023-24,,essential-2023-24-network-price-list-31mar2023/BLND3AO,essential-2023-24-network-price-list-31mar2023/BLND3AO/JSA/excl/xlsx:Price List_QSS_Excl GST!I23,essential-2023-24-network-price-list-31mar2023,,3,charges,"'Energy - Shoulder' (JSA) printed 3 times: 0.6996 at xlsx:Price List_CCF_Excl GST!I23, 0.0114 at xlsx:Price List_QSS_Excl GST!I23, 0.0769 at xlsx:Price List_Roadmap_Excl GST!I23"
component_repeated_in_document/c183b9fc2e,component_repeated_in_document,essential,2023-24,,essential-2023-24-network-price-list-31mar2023/BLNN2AU,essential-2023-24-network-price-list-31mar2023/BLNN2AU/JSA/excl/xlsx:Price List_QSS_Excl GST!G9,essential-2023-24-network-price-list-31mar2023,,3,charges,"'Energy - Anytime' (JSA) printed 3 times: 0.2938 at xlsx:Price List_CCF_Excl GST!G9, 0.0114 at xlsx:Price List_QSS_Excl GST!G9, 0.2394 at xlsx:Price List_Roadmap_Excl GST!G9"
component_repeated_in_document/c1a045b5c1,component_repeated_in_document,essential,2023-24,,essential-2023-24-network-price-list-31mar2023/BLNP1AO,essential-2023-24-network-price-list-31mar2023/BLNP1AO/JSA/excl/xlsx:Price List_QSS_Excl GST!F28,essential-2023-24-network-price-list-31mar2023,,3,charges,"'Network - Access' (JSA) printed 3 times: 0.0000 at xlsx:Price List_CCF_Excl GST!F28, 0.0000 at xlsx:Price List_QSS_Excl GST!F28, 0.0205 at xlsx:Price List_Roadmap_Excl GST!F28"
component_repeated_in_document/c23a367021,component_repeated_in_document,essential,2023-24,,essential-2023-24-network-price-list-31mar2023/BLNT2AL,essential-2023-24-network-price-list-31mar2023/BLNT2AL/JSA/excl/xlsx:Price List_QSS_Excl GST!H19,essential-2023-24-network-price-list-31mar2023,,3,charges,"'Energy - Peak' (JSA) printed 3 times: 0.6996 at xlsx:Price List_CCF_Excl GST!H19, 0.0114 at xlsx:Price List_QSS_Excl GST!H19, 0.3673 at xlsx:Price List_Roadmap_Excl GST!H19"
component_repeated_in_document/c3b95e0634,component_repeated_in_document,evoenergy,2023-24,,evoenergy-statement-of-tariff-classes-and-tariffs-2023-24/040,evoenergy-statement-of-tariff-classes-and-tariffs-2023-24/040/NUoS/excl/pdf:p27/energy-consumption-for-the-first-330-kwh-per-day,evoenergy-statement-of-tariff-classes-and-tariffs-2023-24,,2,charges,"'Energy consumption for the first 330 kWh per day' (NUoS) printed 2 times: 8.079 at pdf:p23, 8.079 at pdf:p27"
component_repeated_in_document/c57fa596cd,component_repeated_in_document,evoenergy,2023-24,,evoenergy-statement-of-tariff-classes-and-tariffs-2023-24/123,evoenergy-statement-of-tariff-classes-and-tariffs-2023-24/123/NUoS/excl/pdf:p29/critical-peak-export-charge,evoenergy-statement-of-tariff-classes-and-tariffs-2023-24,,2,charges,"'Critical Peak Export Charge' (NUoS) printed 2 times: 86.596 at pdf:p26, 86.596 at pdf:p29"
component_repeated_in_document/c6ef116552,component_repeated_in_document,evoenergy,2023-24,,evoenergy-statement-of-tariff-classes-and-tariffs-2023-24/123,evoenergy-statement-of-tariff-classes-and-tariffs-2023-24/123/NUoS/excl/pdf:p29/critical-peak-export-rebate,evoenergy-statement-of-tariff-classes-and-tariffs-2023-24,,2,charges,"'Critical Peak Export Rebate' (NUoS) printed 2 times: -162.545 at pdf:p26, -162.545 at pdf:p29"
component_repeated_in_document/c8f60c70a5,component_repeated_in_document,essential,2023-24,,essential-2023-24-network-price-list-31mar2023/BLND3AO,essential-2023-24-network-price-list-31mar2023/BLND3AO/JSA/excl/xlsx:Price List_QSS_Excl GST!L23,essential-2023-24-network-price-list-31mar2023,,3,charges,"'Shoulder - Demand' (JSA) printed 3 times: 0.0000 at xlsx:Price List_CCF_Excl GST!L23, 0.0000 at xlsx:Price List_QSS_Excl GST!L23, 0.1952 at xlsx:Price List_Roadmap_Excl GST!L23"
component_repeated_in_document/ca78ef12f0,component_repeated_in_document,essential,2023-24,,essential-2023-24-network-price-list-31mar2023/BLNDTRS,essential-2023-24-network-price-list-31mar2023/BLNDTRS/JSA/excl/xlsx:Price List_QSS_Excl GST!M22,essential-2023-24-network-price-list-31mar2023,,3,charges,"'Off-Peak - Demand' (JSA) printed 3 times: 0.0000 at xlsx:Price List_CCF_Excl GST!M22, 0.0000 at xlsx:Price List_QSS_Excl GST!M22, 0.0511 at xlsx:Price List_Roadmap_Excl GST!M22"
component_repeated_in_document/cd18ab2ce2,component_repeated_in_document,essential,2023-24,,essential-2023-24-network-price-list-31mar2023/BLNP3AO,essential-2023-24-network-price-list-31mar2023/BLNP3AO/JSA/excl/xlsx:Price List_QSS_Excl GST!J29,essential-2023-24-network-price-list-31mar2023,,3,charges,"'Energy - Off-Peak' (JSA) printed 3 times: 0.6996 at xlsx:Price List_CCF_Excl GST!J29, 0.0000 at xlsx:Price List_QSS_Excl GST!J29, 0.1526 at xlsx:Price List_Roadmap_Excl GST!J29"
component_repeated_in_document/cecda93a41,component_repeated_in_document,evoenergy,2023-24,,evoenergy-statement-of-tariff-classes-and-tariffs-2023-24/108,evoenergy-statement-of-tariff-classes-and-tariffs-2023-24/108/NUoS/excl/pdf:p28/peak-period-maximum-demand-high-season,evoenergy-statement-of-tariff-classes-and-tariffs-2023-24,,2,charges,"'Peak period maximum demand: high season' (NUoS) printed 2 times: 27.566 at pdf:p25, 27.566 at pdf:p28"
component_repeated_in_document/cf53d9bcec,component_repeated_in_document,energex,2025-26,,energex-network-price-list-2025-26-sch8-wayback/9000,energex-network-price-list-2025-26-sch8-wayback/9000/JSA/excl/xlsx:SACS Residential!E46,energex-network-price-list-2025-26-sch8-wayback,,2,charges,"'Volume Charge' (JSA) printed 2 times: 0.000 at xlsx:SACS Residential!E46, 0.00000 at xlsx:SACS Business!E56"
component_repeated_in_document/d15663e22e,component_repeated_in_document,essential,2023-24,,essential-2023-24-network-price-list-31mar2023/BLND1AB,essential-2023-24-network-price-list-31mar2023/BLND1AB/JSA/excl/xlsx:Price List_QSS_Excl GST!K20,essential-2023-24-network-price-list-31mar2023,,3,charges,"'Peak - Demand' (JSA) printed 3 times: 0.0000 at xlsx:Price List_CCF_Excl GST!K20, 0.0000 at xlsx:Price List_QSS_Excl GST!K20, 0.1512 at xlsx:Price List_Roadmap_Excl GST!K20"
component_repeated_in_document/d46dd4db49,component_repeated_in_document,essential,2023-24,,essential-2023-24-network-price-list-31mar2023/BLND3AO,essential-2023-24-network-price-list-31mar2023/BLND3AO/JSA/excl/xlsx:Price List_QSS_Excl GST!J23,essential-2023-24-network-price-list-31mar2023,,3,charges,"'Energy - Off-Peak' (JSA) printed 3 times: 0.6996 at xlsx:Price List_CCF_Excl GST!J23, 0.0114 at xlsx:Price List_QSS_Excl GST!J23, 0.0498 at xlsx:Price List_Roadmap_Excl GST!J23"
component_repeated_in_document/d52685950e,component_repeated_in_document,evoenergy,2023-24,,evoenergy-statement-of-tariff-classes-and-tariffs-2023-24/135,evoenergy-statement-of-tariff-classes-and-tariffs-2023-24/135/NUoS/excl/pdf:p28/energy-consumption,evoenergy-statement-of-tariff-classes-and-tariffs-2023-24,,2,charges,"'Energy consumption' (NUoS) printed 2 times: 8.687 at pdf:p24, 8.687 at pdf:p28"
component_repeated_in_document/d56eefe8f6,component_repeated_in_document,energex,2025-26,,energex-network-price-list-2025-26-sch8-wayback/9100,energex-network-price-list-2025-26-sch8-wayback/9100/JSA/excl/xlsx:SACS Residential!E45,energex-network-price-list-2025-26-sch8-wayback,,2,charges,"'Volume Charge' (JSA) printed 2 times: 0.000 at xlsx:SACS Residential!E45, 0.00000 at xlsx:SACS Business!E55"
component_repeated_in_document/d5b3c2513d,component_repeated_in_document,essential,2023-24,,essential-2023-24-network-price-list-31mar2023/BLNS1AO,essential-2023-24-network-price-list-31mar2023/BLNS1AO/JSA/excl/xlsx:Price List_QSS_Excl GST!E37,essential-2023-24-network-price-list-31mar2023,,3,charges,"'Network - Access' (JSA) printed 3 times: 0.0000 at xlsx:Price List_CCF_Excl GST!E37, 0.0000 at xlsx:Price List_QSS_Excl GST!E37, 0.4146 at xlsx:Price List_Roadmap_Excl GST!E37"
component_repeated_in_document/d721fecda7,component_repeated_in_document,evoenergy,2023-24,,evoenergy-statement-of-tariff-classes-and-tariffs-2023-24/027,evoenergy-statement-of-tariff-classes-and-tariffs-2023-24/027/NUoS/excl/pdf:p27/peak-period-maximum-demand-low-season,evoenergy-statement-of-tariff-classes-and-tariffs-2023-24,,2,charges,"'Peak period maximum demand: low season' (NUoS) printed 2 times: 10.246 at pdf:p23, 10.246 at pdf:p27"
component_repeated_in_document/dac63c3c15,component_repeated_in_document,essential,2023-24,,essential-2023-24-network-price-list-31mar2023/BLNN3AO,essential-2023-24-network-price-list-31mar2023/BLNN3AO/JSA/excl/xlsx:Price List_QSS_Excl GST!G28,essential-2023-24-network-price-list-31mar2023,,3,charges,"'Energy - Anytime' (JSA) printed 3 times: 0.6996 at xlsx:Price List_CCF_Excl GST!G28, 0.0000 at xlsx:Price List_QSS_Excl GST!G28, 0.3591 at xlsx:Price List_Roadmap_Excl GST!G28"
component_repeated_in_document/dc9d63ea44,component_repeated_in_document,essential,2023-24,,essential-2023-24-network-price-list-31mar2023/BSSD3AO,essential-2023-24-network-price-list-31mar2023/BSSD3AO/JSA/excl/xlsx:Price List_QSS_Excl GST!M26,essential-2023-24-network-price-list-31mar2023,,3,charges,"'Off-Peak - Demand' (JSA) printed 3 times: 0.0000 at xlsx:Price List_CCF_Excl GST!M26, 0.0000 at xlsx:Price List_QSS_Excl GST!M26, 0.0226 at xlsx:Price List_Roadmap_Excl GST!M26"
component_repeated_in_document/dcad66b73c,component_repeated_in_document,evoenergy,2023-24,,evoenergy-statement-of-tariff-classes-and-tariffs-2023-24/020,evoenergy-statement-of-tariff-classes-and-tariffs-2023-24/020/NUoS/excl/pdf:p27/energy-consumption-for-the-first-60-kwh-per-day,evoenergy-statement-of-tariff-classes-and-tariffs-2023-24,,2,charges,"'Energy consumption for the first 60 kWh per day' (NUoS) printed 2 times: 2.741 at pdf:p22, 2.741 at pdf:p27"
component_repeated_in_document/dcc9c82777,component_repeated_in_document,essential,2023-24,,essential-2023-24-network-price-list-31mar2023/BLND1SR,essential-2023-24-network-price-list-31mar2023/BLND1SR/JSA/excl/xlsx:Price List_QSS_Excl GST!G41,essential-2023-24-network-price-list-31mar2023,,3,charges,"'Energy - Shoulder' (JSA) printed 3 times: 0.6996 at xlsx:Price List_CCF_Excl GST!G41, 0.0114 at xlsx:Price List_QSS_Excl GST!G41, 0.2500 at xlsx:Price List_Roadmap_Excl GST!G41"
component_repeated_in_document/dcee98cd14,component_repeated_in_document,evoenergy,2023-24,,evoenergy-statement-of-tariff-classes-and-tariffs-2023-24/103,evoenergy-statement-of-tariff-classes-and-tariffs-2023-24/103/NUoS/excl/pdf:p28/maximum-demand-charge,evoenergy-statement-of-tariff-classes-and-tariffs-2023-24,,2,charges,"'Maximum demand charge' (NUoS) printed 2 times: 7.582 at pdf:p24, 7.582 at pdf:p28"
component_repeated_in_document/dde4034423,component_repeated_in_document,essential,2023-24,,essential-2023-24-network-price-list-31mar2023/BLND1AR,essential-2023-24-network-price-list-31mar2023/BLND1AR/JSA/excl/xlsx:Price List_QSS_Excl GST!I12,essential-2023-24-network-price-list-31mar2023,,3,charges,"'Energy - Shoulder' (JSA) printed 3 times: 0.2938 at xlsx:Price List_CCF_Excl GST!I12, 0.0114 at xlsx:Price List_QSS_Excl GST!I12, 0.0719 at xlsx:Price List_Roadmap_Excl GST!I12"
component_repeated_in_document/dfc0e22d9a,component_repeated_in_document,essential,2023-24,,essential-2023-24-network-price-list-31mar2023/BHND1CO,essential-2023-24-network-price-list-31mar2023/BHND1CO/JSA/excl/xlsx:Price List_QSS_Excl GST!I43,essential-2023-24-network-price-list-31mar2023,,3,charges,"'Demand - Charge' (JSA) printed 3 times: 0.0000 at xlsx:Price List_CCF_Excl GST!I43, 0.0000 at xlsx:Price List_QSS_Excl GST!I43, 0.3244 at xlsx:Price List_Roadmap_Excl GST!I43"
component_repeated_in_document/e42d4f059a,component_repeated_in_document,essential,2023-24,,essential-2023-24-network-price-list-31mar2023/BHND3AO,essential-2023-24-network-price-list-31mar2023/BHND3AO/JSA/excl/xlsx:Price List_QSS_Excl GST!J25,essential-2023-24-network-price-list-31mar2023,,3,charges,"'Energy - Off-Peak' (JSA) printed 3 times: 0.6996 at xlsx:Price List_CCF_Excl GST!J25, 0.0000 at xlsx:Price List_QSS_Excl GST!J25, 0.0483 at xlsx:Price List_Roadmap_Excl GST!J25"
component_repeated_in_document/e5320d8589,component_repeated_in_document,essential,2023-24,,essential-2023-24-network-price-list-31mar2023/BHND1SO,essential-2023-24-network-price-list-31mar2023/BHND1SO/JSA/excl/xlsx:Price List_QSS_Excl GST!M44,essential-2023-24-network-price-list-31mar2023,,3,charges,"'Capacity - Charge' (JSA) printed 3 times: 0.0000 at xlsx:Price List_CCF_Excl GST!M44, 0.0000 at xlsx:Price List_QSS_Excl GST!M44, 0.0863 at xlsx:Price List_Roadmap_Excl GST!M44"
component_repeated_in_document/e5abeccae4,component_repeated_in_document,evoenergy,2023-24,,evoenergy-statement-of-tariff-classes-and-tariffs-2023-24/122,evoenergy-statement-of-tariff-classes-and-tariffs-2023-24/122/NUoS/excl/pdf:p29/energy-consumption-at-evening-times,evoenergy-statement-of-tariff-classes-and-tariffs-2023-24,,2,charges,"'Energy consumption at evening times' (NUoS) printed 2 times: 0.500 at pdf:p26, 0.500 at pdf:p29"
component_repeated_in_document/e77eff4c76,component_repeated_in_document,evoenergy,2023-24,,evoenergy-statement-of-tariff-classes-and-tariffs-2023-24/106,evoenergy-statement-of-tariff-classes-and-tariffs-2023-24/106/NUoS/excl/pdf:p28/peak-period-maximum-demand,evoenergy-statement-of-tariff-classes-and-tariffs-2023-24,,2,charges,"'Peak period maximum demand' (NUoS) printed 2 times: 33.361 at pdf:p25, 33.361 at pdf:p28"
component_repeated_in_document/e7a26906fc,component_repeated_in_document,essential,2023-24,,essential-2023-24-network-price-list-31mar2023/BLND1AB,essential-2023-24-network-price-list-31mar2023/BLND1AB/JSA/excl/xlsx:Price List_QSS_Excl GST!H20,essential-2023-24-network-price-list-31mar2023,,3,charges,"'Energy - Peak' (JSA) printed 3 times: 0.6996 at xlsx:Price List_CCF_Excl GST!H20, 0.0114 at xlsx:Price List_QSS_Excl GST!H20, 0.1642 at xlsx:Price List_Roadmap_Excl GST!H20"
component_repeated_in_document/e86e7f2268,component_repeated_in_document,essential,2023-24,,essential-2023-24-network-price-list-31mar2023/BSSD3AO,essential-2023-24-network-price-list-31mar2023/BSSD3AO/JSA/excl/xlsx:Price List_QSS_Excl GST!K26,essential-2023-24-network-price-list-31mar2023,,3,charges,"'Peak - Demand' (JSA) printed 3 times: 0.0000 at xlsx:Price List_CCF_Excl GST!K26, 0.0000 at xlsx:Price List_QSS_Excl GST!K26, 0.0795 at xlsx:Price List_Roadmap_Excl GST!K26"
component_repeated_in_document/e8b06cf904,component_repeated_in_document,essential,2023-24,,essential-2023-24-network-price-list-31mar2023/BHND1SO,essential-2023-24-network-price-list-31mar2023/BHND1SO/JSA/excl/xlsx:Price List_QSS_Excl GST!E44,essential-2023-24-network-price-list-31mar2023,,3,charges,"'Network - Access' (JSA) printed 3 times: 0.0000 at xlsx:Price List_CCF_Excl GST!E44, 0.0000 at xlsx:Price List_QSS_Excl GST!E44, 0.5113 at xlsx:Price List_Roadmap_Excl GST!E44"
component_repeated_in_document/ec25452386,component_repeated_in_document,evoenergy,2023-24,,evoenergy-statement-of-tariff-classes-and-tariffs-2023-24/109,evoenergy-statement-of-tariff-classes-and-tariffs-2023-24/109/NUoS/excl/pdf:p29/critical-peak-export-rebate,evoenergy-statement-of-tariff-classes-and-tariffs-2023-24,,2,charges,"'Critical Peak Export Rebate' (NUoS) printed 2 times: -162.546 at pdf:p25, -162.546 at pdf:p29"
component_repeated_in_document/ee9086546c,component_repeated_in_document,evoenergy,2023-24,,evoenergy-statement-of-tariff-classes-and-tariffs-2023-24/121,evoenergy-statement-of-tariff-classes-and-tariffs-2023-24/121/NUoS/excl/pdf:p29/energy-consumption-at-business-times,evoenergy-statement-of-tariff-classes-and-tariffs-2023-24,,2,charges,"'Energy consumption at business times' (NUoS) printed 2 times: 1.010 at pdf:p26, 1.010 at pdf:p29"
component_repeated_in_document/eeda21d9b3,component_repeated_in_document,essential,2023-24,,essential-2023-24-network-price-list-31mar2023/BLNT3AU,essential-2023-24-network-price-list-31mar2023/BLNT3AU/JSA/excl/xlsx:Price List_QSS_Excl GST!I10,essential-2023-24-network-price-list-31mar2023,,3,charges,"'Energy - Shoulder' (JSA) printed 3 times: 0.2938 at xlsx:Price List_CCF_Excl GST!I10, 0.0114 at xlsx:Price List_QSS_Excl GST!I10, 0.2597 at xlsx:Price List_Roadmap_Excl GST!I10"
component_repeated_in_document/efd19f6e45,component_repeated_in_document,essential,2023-24,,essential-2023-24-network-price-list-31mar2023/BLND1CO,essential-2023-24-network-price-list-31mar2023/BLND1CO/JSA/excl/xlsx:Price List_QSS_Excl GST!G40,essential-2023-24-network-price-list-31mar2023,,3,charges,"'Energy - Shoulder' (JSA) printed 3 times: 0.6996 at xlsx:Price List_CCF_Excl GST!G40, 0.0114 at xlsx:Price List_QSS_Excl GST!G40, 0.1149 at xlsx:Price List_Roadmap_Excl GST!G40"
component_repeated_in_document/f0ed3d5359,component_repeated_in_document,evoenergy,2023-24,,evoenergy-statement-of-tariff-classes-and-tariffs-2023-24/123,evoenergy-statement-of-tariff-classes-and-tariffs-2023-24/123/NUoS/excl/pdf:p29/capacity-charge,evoenergy-statement-of-tariff-classes-and-tariffs-2023-24,,2,charges,"'Capacity charge' (NUoS) printed 2 times: 2.792 at pdf:p26, 2.792 at pdf:p29"
component_repeated_in_document/f105eb20fc,component_repeated_in_document,evoenergy,2023-24,,evoenergy-statement-of-tariff-classes-and-tariffs-2023-24/103,evoenergy-statement-of-tariff-classes-and-tariffs-2023-24/103/NUoS/excl/pdf:p28/capacity-charge,evoenergy-statement-of-tariff-classes-and-tariffs-2023-24,,2,charges,"'Capacity charge' (NUoS) printed 2 times: 15.430 at pdf:p24, 15.430 at pdf:p28"
component_repeated_in_document/f2447f5cec,component_repeated_in_document,essential,2023-24,,essential-2023-24-network-price-list-31mar2023/BLNS1AO,essential-2023-24-network-price-list-31mar2023/BLNS1AO/JSA/excl/xlsx:Price List_QSS_Excl GST!K37,essential-2023-24-network-price-list-31mar2023,,3,charges,"'Shoulder - Demand' (JSA) printed 3 times: 0.0000 at xlsx:Price List_CCF_Excl GST!K37, 0.0000 at xlsx:Price List_QSS_Excl GST!K37, 0.2708 at xlsx:Price List_Roadmap_Excl GST!K37"
component_repeated_in_document/f294a81116,component_repeated_in_document,essential,2023-24,,essential-2023-24-network-price-list-31mar2023/BLNT1SU/business-tariffs,essential-2023-24-network-price-list-31mar2023/BLNT1SU/business-tariffs/JSA/excl/xlsx:Price List_QSS_Excl GST!I21,essential-2023-24-network-price-list-31mar2023,,3,charges,"'Energy - Shoulder' (JSA) printed 3 times: 0.6996 at xlsx:Price List_CCF_Excl GST!I21, 0.0114 at xlsx:Price List_QSS_Excl GST!I21, 0.2767 at xlsx:Price List_Roadmap_Excl GST!I21"
component_repeated_in_document/f3739f1bd8,component_repeated_in_document,evoenergy,2023-24,,evoenergy-statement-of-tariff-classes-and-tariffs-2023-24/027,evoenergy-statement-of-tariff-classes-and-tariffs-2023-24/027/NUoS/excl/pdf:p27/energy-consumption-at-mid-times,evoenergy-statement-of-tariff-classes-and-tariffs-2023-24,,2,charges,"'Energy consumption at mid times' (NUoS) printed 2 times: 6.816 at pdf:p22, 6.816 at pdf:p27"
component_repeated_in_document/f5417a5941,component_repeated_in_document,essential,2023-24,,essential-2023-24-network-price-list-31mar2023/BLND1SR,essential-2023-24-network-price-list-31mar2023/BLND1SR/JSA/excl/xlsx:Price List_QSS_Excl GST!F41,essential-2023-24-network-price-list-31mar2023,,3,charges,"'Energy - Peak' (JSA) printed 3 times: 0.6996 at xlsx:Price List_CCF_Excl GST!F41, 0.0114 at xlsx:Price List_QSS_Excl GST!F41, 0.3275 at xlsx:Price List_Roadmap_Excl GST!F41"
component_repeated_in_document/f6b834d2c1,component_repeated_in_document,evoenergy,2023-24,,evoenergy-statement-of-tariff-classes-and-tariffs-2023-24/010,evoenergy-statement-of-tariff-classes-and-tariffs-2023-24/010/NUoS/excl/pdf:p27/energy-at-any-time,evoenergy-statement-of-tariff-classes-and-tariffs-2023-24,,2,charges,"'Energy at any time' (NUoS) printed 2 times: 3.979 at pdf:p22, 3.979 at pdf:p27"
component_repeated_in_document/f74690c339,component_repeated_in_document,evoenergy,2023-24,,evoenergy-statement-of-tariff-classes-and-tariffs-2023-24/090,evoenergy-statement-of-tariff-classes-and-tariffs-2023-24/090/NUoS/excl/pdf:p28/energy-consumption-at-business-times,evoenergy-statement-of-tariff-classes-and-tariffs-2023-24,,2,charges,"'Energy consumption at business times' (NUoS) printed 2 times: 13.720 at pdf:p24, 13.720 at pdf:p28"
component_repeated_in_document/f8dfcef689,component_repeated_in_document,evoenergy,2023-24,,evoenergy-statement-of-tariff-classes-and-tariffs-2023-24/106,evoenergy-statement-of-tariff-classes-and-tariffs-2023-24/106/NUoS/excl/pdf:p28/energy-consumption,evoenergy-statement-of-tariff-classes-and-tariffs-2023-24,,2,charges,"'Energy consumption' (NUoS) printed 2 times: 2.089 at pdf:p25, 2.089 at pdf:p28"
component_repeated_in_document/f926e480dc,component_repeated_in_document,essential,2023-24,,essential-2023-24-network-price-list-31mar2023/BSSD3AO,essential-2023-24-network-price-list-31mar2023/BSSD3AO/JSA/excl/xlsx:Price List_QSS_Excl GST!I26,essential-2023-24-network-price-list-31mar2023,,3,charges,"'Energy - Shoulder' (JSA) printed 3 times: 0.1865 at xlsx:Price List_CCF_Excl GST!I26, 0.0000 at xlsx:Price List_QSS_Excl GST!I26, 0.0501 at xlsx:Price List_Roadmap_Excl GST!I26"
component_repeated_in_document/f9ae21b11e,component_repeated_in_document,essential,2023-24,,essential-2023-24-network-price-list-31mar2023/BLNS1AO,essential-2023-24-network-price-list-31mar2023/BLNS1AO/JSA/excl/xlsx:Price List_QSS_Excl GST!H37,essential-2023-24-network-price-list-31mar2023,,3,charges,"'Energy - Off-Peak' (JSA) printed 3 times: 0.6996 at xlsx:Price List_CCF_Excl GST!H37, 0.0114 at xlsx:Price List_QSS_Excl GST!H37, 0.0472 at xlsx:Price List_Roadmap_Excl GST!H37"
component_repeated_in_document/fc4e2c8d94,component_repeated_in_document,essential,2023-24,,essential-2023-24-network-price-list-31mar2023/BLND1CO,essential-2023-24-network-price-list-31mar2023/BLND1CO/JSA/excl/xlsx:Price List_QSS_Excl GST!H40,essential-2023-24-network-price-list-31mar2023,,3,charges,"'Energy - Off-Peak' (JSA) printed 3 times: 0.6996 at xlsx:Price List_CCF_Excl GST!H40, 0.0114 at xlsx:Price List_QSS_Excl GST!H40, 0.0598 at xlsx:Price List_Roadmap_Excl GST!H40"
component_repeated_in_document/fd4cdbfdd7,component_repeated_in_document,essential,2023-24,,essential-2023-24-network-price-list-31mar2023/BLNC2AU,essential-2023-24-network-price-list-31mar2023/BLNC2AU/JSA/excl/xlsx:Price List_QSS_Excl GST!F15,essential-2023-24-network-price-list-31mar2023,,3,charges,"'Network - Access' (JSA) printed 3 times: 0.0000 at xlsx:Price List_CCF_Excl GST!F15, 0.0000 at xlsx:Price List_QSS_Excl GST!F15, 0.0021 at xlsx:Price List_Roadmap_Excl GST!F15"
component_repeated_in_document/ff5f9d2ade,component_repeated_in_document,essential,2023-24,,essential-2023-24-network-price-list-31mar2023/BLNC1AU,essential-2023-24-network-price-list-31mar2023/BLNC1AU/JSA/excl/xlsx:Price List_QSS_Excl GST!G14,essential-2023-24-network-price-list-31mar2023,,3,charges,"'Energy - Anytime' (JSA) printed 3 times: 0.2938 at xlsx:Price List_CCF_Excl GST!G14, 0.0114 at xlsx:Price List_QSS_Excl GST!G14, 0.0470 at xlsx:Price List_Roadmap_Excl GST!G14"
component_repeated_in_document/fff6f3053c,component_repeated_in_document,evoenergy,2023-24,,evoenergy-statement-of-tariff-classes-and-tariffs-2023-24/103,evoenergy-statement-of-tariff-classes-and-tariffs-2023-24/103/NUoS/excl/pdf:p28/energy-consumption-at-business-times,evoenergy-statement-of-tariff-classes-and-tariffs-2023-24,,2,charges,"'Energy consumption at business times' (NUoS) printed 2 times: 3.778 at pdf:p24, 3.778 at pdf:p28"
demand_period_unstated/2a139eba62,demand_period_unstated,ergon,2024-25,,,,ergon-network-price-list-2024-25-sch8-wayback,,44,charges,"demand/capacity unit does not state the billing period: period = unstated, or taken from the component label (period_inferred = 1)"
demand_period_unstated/2d4d9ffa1e,demand_period_unstated,essential,2024-25,,,,essential-2024-25-nuos-price-list-20may2024,,72,charges,"demand/capacity unit does not state the billing period: period = unstated, or taken from the component label (period_inferred = 1)"
demand_period_unstated/30f9183c2c,demand_period_unstated,,2025-26,,,,aer-consolidated-2025-26-v1,,67,charges,"demand/capacity unit does not state the billing period: period = unstated, or taken from the component label (period_inferred = 1)"
demand_period_unstated/413cea0bb2,demand_period_unstated,energex,2024-25,,,,energex-2024-25-network-price-list-28mar2024,,20,charges,"demand/capacity unit does not state the billing period: period = unstated, or taken from the component label (period_inferred = 1)"
demand_period_unstated/75e2939eb4,demand_period_unstated,,2025-26,,,,aer-consolidated-2025-26-v5,,212,charges,"demand/capacity unit does not state the billing period: period = unstated, or taken from the component label (period_inferred = 1)"
demand_period_unstated/780af3649b,demand_period_unstated,ausnet,2023-24,,,,ausnet-annual-pricing-proposal-2023-24,,1,charges,"demand/capacity unit does not state the billing period: period = unstated, or taken from the component label (period_inferred = 1)"
demand_period_unstated/7ba8cde228,demand_period_unstated,evoenergy,2023-24,,,,evoenergy-statement-of-tariff-classes-and-tariffs-2023-24,,5,charges,"demand/capacity unit does not state the billing period: period = unstated, or taken from the component label (period_inferred = 1)"
demand_period_unstated/7f77b6c726,demand_period_unstated,citipower,2024-25,,,,aer-stakeholder-report-citipower-2024-25,,18,charges,"demand/capacity unit does not state the billing period: period = unstated, or taken from the component label (period_inferred = 1)"
demand_period_unstated/8490423908,demand_period_unstated,powerwater,2024-25,,,,aer-stakeholder-report-pwc-2024-25,,8,charges,"demand/capacity unit does not state the billing period: period = unstated, or taken from the component label (period_inferred = 1)"
demand_period_unstated/98c74f2aab,demand_period_unstated,essential,2026-27,,,,essential-price-list-and-explanatory-notes-2026-27,,30,charges,"demand/capacity unit does not state the billing period: period = unstated, or taken from the component label (period_inferred = 1)"
demand_period_unstated/9a7d9724c4,demand_period_unstated,essential,2023-24,,,,essential-2023-24-network-price-list-31mar2023,,200,charges,"demand/capacity unit does not state the billing period: period = unstated, or taken from the component label (period_inferred = 1)"
demand_period_unstated/9b31041fea,demand_period_unstated,powerwater,2024-25,,,,pwc-2024-25-pricing-proposal-8may2024,,4,charges,"demand/capacity unit does not state the billing period: period = unstated, or taken from the component label (period_inferred = 1)"
demand_period_unstated/9e0375c9c0,demand_period_unstated,energex,2024-25,,,,energex-network-price-list-2024-25-sch8-wayback,,20,charges,"demand/capacity unit does not state the billing period: period = unstated, or taken from the component label (period_inferred = 1)"
demand_period_unstated/a20ae0fbdd,demand_period_unstated,essential,2025-26,,,,essential-price-list-and-explanatory-notes-2025-26,,30,charges,"demand/capacity unit does not state the billing period: period = unstated, or taken from the component label (period_inferred = 1)"
demand_period_unstated/a3bc017995,demand_period_unstated,powercor,2024-25,,,,aer-stakeholder-report-powercor-2024-25,,18,charges,"demand/capacity unit does not state the billing period: period = unstated, or taken from the component label (period_inferred = 1)"
demand_period_unstated/a3c37d6481,demand_period_unstated,ausnet,2024-25,,,,ausnet-annual-pricing-proposal-2024-25,,1,charges,"demand/capacity unit does not state the billing period: period = unstated, or taken from the component label (period_inferred = 1)"
demand_period_unstated/a83cced6f7,demand_period_unstated,,2026-27,,,,aer-consolidated-2026-27-v5,,166,charges,"demand/capacity unit does not state the billing period: period = unstated, or taken from the component label (period_inferred = 1)"
demand_period_unstated/b2f757b7dc,demand_period_unstated,essential,2024-25,,,,aer-stakeholder-report-essential-2024-25,,123,charges,"demand/capacity unit does not state the billing period: period = unstated, or taken from the component label (period_inferred = 1)"
demand_period_unstated/bd2ac61570,demand_period_unstated,tasnetworks,2024-25,,,,aer-stakeholder-report-tasnetworks-2024-25,,10,charges,"demand/capacity unit does not state the billing period: period = unstated, or taken from the component label (period_inferred = 1)"
demand_period_unstated/be7845f920,demand_period_unstated,ergon,2024-25,,,,aer-stakeholder-report-ergon-2024-25,,369,charges,"demand/capacity unit does not state the billing period: period = unstated, or taken from the component label (period_inferred = 1)"
demand_period_unstated/c02662c7cb,demand_period_unstated,essential,2024-25,,,,essential-price-list-and-explanatory-notes-2024-25,,33,charges,"demand/capacity unit does not state the billing period: period = unstated, or taken from the component label (period_inferred = 1)"
demand_period_unstated/c0d69e6c34,demand_period_unstated,powerwater,2024-25,,,,pwc-scs-tariffs-2024-25-wayback,,4,charges,"demand/capacity unit does not state the billing period: period = unstated, or taken from the component label (period_inferred = 1)"
demand_period_unstated/c265ca9b29,demand_period_unstated,ausnet,2024-25,,,,aer-stakeholder-report-ausnet-2024-25,,40,charges,"demand/capacity unit does not state the billing period: period = unstated, or taken from the component label (period_inferred = 1)"
demand_period_unstated/cc78693d40,demand_period_unstated,powerwater,2023-24,,,,pwc-2023-24-network-pricing-proposal-30mar2023,,4,charges,"demand/capacity unit does not state the billing period: period = unstated, or taken from the component label (period_inferred = 1)"
demand_period_unstated/d34f6b41ea,demand_period_unstated,evoenergy,2023-24,,,,evoenergy-2023-24-electricity-network-pricing-proposal-5may2023,,4,charges,"demand/capacity unit does not state the billing period: period = unstated, or taken from the component label (period_inferred = 1)"
demand_period_unstated/e8ffa6f1a4,demand_period_unstated,ergon,2023-24,,,,ergon-network-price-list-2023-24-sch8-wayback,,24,charges,"demand/capacity unit does not state the billing period: period = unstated, or taken from the component label (period_inferred = 1)"
demand_period_unstated/eb891ea014,demand_period_unstated,ergon,2023-24,,,,ergon-2023-24-network-price-list-31mar2023,,24,charges,"demand/capacity unit does not state the billing period: period = unstated, or taken from the component label (period_inferred = 1)"
demand_period_unstated/f1017f7d8b,demand_period_unstated,sapn,2024-25,,,,aer-stakeholder-report-sapn-2024-25-updated17jul2024,,308,charges,"demand/capacity unit does not state the billing period: period = unstated, or taken from the component label (period_inferred = 1)"
demand_period_unstated/f584a78127,demand_period_unstated,ergon,2024-25,,,,ergon-2024-25-network-price-list-28mar2024,,84,charges,"demand/capacity unit does not state the billing period: period = unstated, or taken from the component label (period_inferred = 1)"
demand_period_unstated/f7b8ec5753,demand_period_unstated,ergon,2025-26,,,,ergon-network-price-list-2025-26-sch8-wayback,,8,charges,"demand/capacity unit does not state the billing period: period = unstated, or taken from the component label (period_inferred = 1)"
demand_period_unstated/fbb6ccbf52,demand_period_unstated,powerwater,2023-24,,,,pwc-scs-tariffs-2023-24-wayback,,8,charges,"demand/capacity unit does not state the billing period: period = unstated, or taken from the component label (period_inferred = 1)"
document_not_retrievable/246bd88071,document_not_retrievable,,2026-27,,,,aer-consolidated-2026-27-v3,,,,"AER consolidated stakeholder report 2026-27 v3 - superseded; the AER takes superseded files private (login-gated) and no archived copy exists (superseded version, login-gated on aer.gov.au)"
document_not_retrievable/28db12e200,document_not_retrievable,unitedenergy,2024-25,,,,unitedenergy-2024-25-tariff-summary-not-retrievable,,,,NOT AVAILABLE on own site (403) and not in Wayback; use AER_HOSTED 2024-25 Tariff Summary xlsx (MISSING)
document_not_retrievable/2cf45acb9d,document_not_retrievable,,2026-27,,,,aer-consolidated-2026-27-v4,,,,"AER consolidated stakeholder report 2026-27 v4 - superseded; the AER takes superseded files private (login-gated) and no archived copy exists (superseded version, login-gated on aer.gov.au)"
document_not_retrievable/2f8ad7a9e4,document_not_retrievable,powercor,2023-24,,,,powercor-2023-24-tariff-summary-not-retrievable,,,,NOT AVAILABLE on own site (403) and not in Wayback; use AER_HOSTED 2023-24 Tariff Summary xlsx (MISSING)
document_not_retrievable/305f359492,document_not_retrievable,,2026-27,,,,aer-consolidated-2026-27-v2,,,,"AER consolidated stakeholder report 2026-27 v2 - superseded; the AER takes superseded files private (login-gated) and no archived copy exists (superseded version, login-gated on aer.gov.au)"
document_not_retrievable/31c6e26d35,document_not_retrievable,ausgrid,2023-24,,,,ausgrid-2023-24-pricing-proposal-not-retrievable,,,,NOT AVAILABLE on ausgrid.com.au or Wayback; use AER_HOSTED 2023-24 pricing proposal (MISSING - third-party copies exist (e.g. evergy.com.au) but were not used)
document_not_retrievable/48a3a4b496,document_not_retrievable,essential,2023-24,,,,essential-2023-24-price-list-not-retrievable,,,,NOT AVAILABLE on essentialenergy.com.au or Wayback; use AER_HOSTED 2023-24 Network Price List xlsx (MISSING)
document_not_retrievable/69dbd42a2a,document_not_retrievable,,2025-26,,,,aer-consolidated-2025-26-v3,,,,"AER consolidated stakeholder report 2025-26 v3 - superseded; the AER takes superseded files private (login-gated) and no archived copy exists (superseded version, login-gated on aer.gov.au)"
document_not_retrievable/95879761d8,document_not_retrievable,unitedenergy,2025-26,,,,unitedenergy-2025-26-pricing-proposal-not-retrievable,,,,NOT AVAILABLE on own site (403) and not in Wayback; use AER_HOSTED 2025-26 Final Pricing PDF (MISSING)
document_not_retrievable/b9075f9ca5,document_not_retrievable,powerwater,2026-27,,,,powerwater-2026-27-pricing-proposal-not-retrievable,,,,NOT AVAILABLE: own-site 2026-27 SCS tariff PDF blocked (Cloudflare) and not yet in Wayback; use AER_HOSTED 2026-27 Network Pricing Proposal (MISSING)
document_not_retrievable/bde20dda03,document_not_retrievable,,2026-27,,,,aer-consolidated-2026-27-v1,,,,"AER consolidated stakeholder report 2026-27 v1 - superseded; the AER takes superseded files private (login-gated) and no archived copy exists (superseded version, login-gated on aer.gov.au)"
document_not_retrievable/cb76ae8e73,document_not_retrievable,sapn,2024-25,,,,aer-stakeholder-sapn-2024-25-original,,,,"AER stakeholder report SA Power Networks 2024-25, original release replaced on 17 Jul 2024 (login-gated) (superseded version, login-gated on aer.gov.au)"
document_not_retrievable/cdecc66b30,document_not_retrievable,endeavour,2023-24,,,,endeavour-2023-24-pricing-proposal-not-retrievable,,,,NOT AVAILABLE on endeavourenergy.com.au or Wayback; use AER_HOSTED 2023-24 pricing proposal (MISSING)
document_not_retrievable/d3a280a633,document_not_retrievable,,2025-26,,,,aer-consolidated-2025-26-v2,,,,"AER consolidated stakeholder report 2025-26 v2 - superseded; the AER takes superseded files private (login-gated) and no archived copy exists (superseded version, login-gated on aer.gov.au)"
document_not_retrievable/ec61de4112,document_not_retrievable,,2025-26,,,,aer-consolidated-2025-26-v4,,,,"AER consolidated stakeholder report 2025-26 v4 - superseded; the AER takes superseded files private (login-gated) and no archived copy exists (superseded version, login-gated on aer.gov.au)"
gst_inclusive_prices/97f23e9984,gst_inclusive_prices,powerwater,2023-24,,,,pwc-scs-tariffs-2023-24-wayback,,17,charges,"document prints GST-inclusive prices; gst = incl on those charges, the reconciliation compares excl only"
joint_code_label/00f573a3cc,joint_code_label,evoenergy,2024-25,evoenergy:040,"aer-stakeholder-report-evoenergy-2024-25/040, 041*/040",,aer-stakeholder-report-evoenergy-2024-25,,,,"AER label '040, 041*' -> evoenergy:040; one listing per member, charges repeated from the same cells"
joint_code_label/0438f9224e,joint_code_label,evoenergy,2026-27,evoenergy:026,"aer-consolidated-2026-27-v5/025, 026*/026",,aer-consolidated-2026-27-v5,,,,"AER label '025, 026*' -> evoenergy:026; one listing per member, charges repeated from the same cells"
joint_code_label/07568b85a5,joint_code_label,evoenergy,2024-25,evoenergy:030,"aer-stakeholder-report-evoenergy-2024-25/030, 031*/030",,aer-stakeholder-report-evoenergy-2024-25,,,,"AER label '030, 031*' -> evoenergy:030; one listing per member, charges repeated from the same cells"
joint_code_label/07ef85da13,joint_code_label,evoenergy,2024-25,evoenergy:107,"aer-stakeholder-report-evoenergy-2024-25/106, 107*/107",,aer-stakeholder-report-evoenergy-2024-25,,,,"AER label '106, 107*' -> evoenergy:107; one listing per member, charges repeated from the same cells"
joint_code_label/0adf63a006,joint_code_label,evoenergy,2024-25,evoenergy:021,"aer-stakeholder-report-evoenergy-2024-25/020, 021*/021",,aer-stakeholder-report-evoenergy-2024-25,,,,"AER label '020, 021*' -> evoenergy:021; one listing per member, charges repeated from the same cells"
joint_code_label/0d83717f4e,joint_code_label,jemena,2024-25,jemena:A100,aer-stakeholder-report-jemena-2024-25/A100/F100/A100,,aer-stakeholder-report-jemena-2024-25,,,,"AER label 'A100/F100' -> jemena:A100; one listing per member, charges repeated from the same cells"
joint_code_label/1128159bad,joint_code_label,jemena,2024-25,jemena:F100,aer-stakeholder-report-jemena-2024-25/A100/F100/F100,,aer-stakeholder-report-jemena-2024-25,,,,"AER label 'A100/F100' -> jemena:F100; one listing per member, charges repeated from the same cells"
joint_code_label/11dfa0eac5,joint_code_label,evoenergy,2024-25,evoenergy:011,"aer-stakeholder-report-evoenergy-2024-25/010, 011*/011",,aer-stakeholder-report-evoenergy-2024-25,,,,"AER label '010, 011*' -> evoenergy:011; one listing per member, charges repeated from the same cells"
joint_code_label/12910359b2,joint_code_label,evoenergy,2026-27,evoenergy:041,"aer-consolidated-2026-27-v5/040, 041*/041",,aer-consolidated-2026-27-v5,,,,"AER label '040, 041*' -> evoenergy:041; one listing per member, charges repeated from the same cells"
joint_code_label/13b64bf387,joint_code_label,evoenergy,2025-26,evoenergy:025,"aer-consolidated-2025-26-v5/025, 026*/025",,aer-consolidated-2025-26-v5,,,,"AER label '025, 026*' -> evoenergy:025; one listing per member, charges repeated from the same cells"
joint_code_label/15f98577db,joint_code_label,evoenergy,2025-26,evoenergy:091,"aer-consolidated-2025-26-v5/090, 091*/091",,aer-consolidated-2025-26-v5,,,,"AER label '090, 091*' -> evoenergy:091; one listing per member, charges repeated from the same cells"
joint_code_label/192a92b8d1,joint_code_label,evoenergy,2025-26,evoenergy:041,aer-consolidated-2025-26-v1/TD-EVO26smb-Blk/041,,aer-consolidated-2025-26-v1,,,,"AER label '' -> evoenergy:041; one listing per member, charges repeated from the same cells"
joint_code_label/1a24f62659,joint_code_label,jemena,2024-25,jemena:F20D,aer-stakeholder-report-jemena-2024-25/A20D/F20D/F20D,,aer-stakeholder-report-jemena-2024-25,,,,"AER label 'A20D/F20D' -> jemena:F20D; one listing per member, charges repeated from the same cells"
joint_code_label/1ed30f80fa,joint_code_label,evoenergy,2025-26,evoenergy:031,aer-consolidated-2025-26-v1/TD-EVO26res-BlkHP/031,,aer-consolidated-2025-26-v1,,,,"AER label '' -> evoenergy:031; one listing per member, charges repeated from the same cells"
joint_code_label/1ef5d0a011,joint_code_label,evoenergy,2025-26,evoenergy:031,"aer-consolidated-2025-26-v5/030, 031*/031",,aer-consolidated-2025-26-v5,,,,"AER label '030, 031*' -> evoenergy:031; one listing per member, charges repeated from the same cells"
joint_code_label/202793848e,joint_code_label,evoenergy,2025-26,evoenergy:016,"aer-consolidated-2025-26-v5/015, 016*/016",,aer-consolidated-2025-26-v5,,,,"AER label '015, 016*' -> evoenergy:016; one listing per member, charges repeated from the same cells"
joint_code_label/21bda81abc,joint_code_label,jemena,2024-25,jemena:F23N,aer-stakeholder-report-jemena-2024-25/A23N/F23N/F23N,,aer-stakeholder-report-jemena-2024-25,,,,"AER label 'A23N/F23N' -> jemena:F23N; one listing per member, charges repeated from the same cells"
joint_code_label/23054dec52,joint_code_label,jemena,2024-25,jemena:F230,aer-stakeholder-report-jemena-2024-25/A230/F230/F230,,aer-stakeholder-report-jemena-2024-25,,,,"AER label 'A230/F230' -> jemena:F230; one listing per member, charges repeated from the same cells"
joint_code_label/2a18cb577d,joint_code_label,jemena,2024-25,jemena:F200,aer-stakeholder-report-jemena-2024-25/A200/F200/F200,,aer-stakeholder-report-jemena-2024-25,,,,"AER label 'A200/F200' -> jemena:F200; one listing per member, charges repeated from the same cells"
joint_code_label/2b4fc6eb49,joint_code_label,evoenergy,2025-26,evoenergy:103,aer-consolidated-2025-26-v1/TD-EVO26oth-Cap/103,,aer-consolidated-2025-26-v1,,,,"AER label '' -> evoenergy:103; one listing per member, charges repeated from the same cells"
joint_code_label/2b978a92b9,joint_code_label,evoenergy,2026-27,evoenergy:031,"aer-consolidated-2026-27-v5/030, 031*/031",,aer-consolidated-2026-27-v5,,,,"AER label '030, 031*' -> evoenergy:031; one listing per member, charges repeated from the same cells"
joint_code_label/2caa0c163c,joint_code_label,jemena,2024-25,jemena:A120,aer-stakeholder-report-jemena-2024-25/A120/F120/A120,,aer-stakeholder-report-jemena-2024-25,,,,"AER label 'A120/F120' -> jemena:A120; one listing per member, charges repeated from the same cells"
joint_code_label/300fd2629c,joint_code_label,evoenergy,2024-25,evoenergy:090,"aer-stakeholder-report-evoenergy-2024-25/090, 091*/090",,aer-stakeholder-report-evoenergy-2024-25,,,,"AER label '090, 091*' -> evoenergy:090; one listing per member, charges repeated from the same cells"
joint_code_label/31f9a59f4b,joint_code_label,evoenergy,2024-25,evoenergy:018,"aer-stakeholder-report-evoenergy-2024-25/017, 018*/018",,aer-stakeholder-report-evoenergy-2024-25,,,,"AER label '017, 018*' -> evoenergy:018; one listing per member, charges repeated from the same cells"
joint_code_label/3442ab2b8d,joint_code_label,evoenergy,2025-26,evoenergy:015,"aer-consolidated-2025-26-v5/015, 016*/015",,aer-consolidated-2025-26-v5,,,,"AER label '015, 016*' -> evoenergy:015; one listing per member, charges repeated from the same cells"
joint_code_label/360d33f1bb,joint_code_label,evoenergy,2025-26,evoenergy:015,aer-consolidated-2025-26-v1/TD-EVO26res-TOU/015,,aer-consolidated-2025-26-v1,,,,"AER label '' -> evoenergy:015; one listing per member, charges repeated from the same cells"
joint_code_label/3883e494d1,joint_code_label,evoenergy,2025-26,evoenergy:107,"aer-consolidated-2025-26-v5/106, 107*/107",,aer-consolidated-2025-26-v5,,,,"AER label '106, 107*' -> evoenergy:107; one listing per member, charges repeated from the same cells"
joint_code_label/39ca5a860c,joint_code_label,jemena,2024-25,jemena:A270,aer-stakeholder-report-jemena-2024-25/A270/F270/A270,,aer-stakeholder-report-jemena-2024-25,,,,"AER label 'A270/F270' -> jemena:A270; one listing per member, charges repeated from the same cells"
joint_code_label/3af19801f6,joint_code_label,evoenergy,2026-27,evoenergy:107,"aer-consolidated-2026-27-v5/106, 107*/107",,aer-consolidated-2026-27-v5,,,,"AER label '106, 107*' -> evoenergy:107; one listing per member, charges repeated from the same cells"
joint_code_label/3c11eb38f4,joint_code_label,evoenergy,2026-27,evoenergy:105,"aer-consolidated-2026-27-v5/103, 105*/105",,aer-consolidated-2026-27-v5,,,,"AER label '103, 105*' -> evoenergy:105; one listing per member, charges repeated from the same cells"
joint_code_label/40d63b579e,joint_code_label,evoenergy,2026-27,evoenergy:101,"aer-consolidated-2026-27-v5/101, 104*/101",,aer-consolidated-2026-27-v5,,,,"AER label '101, 104*' -> evoenergy:101; one listing per member, charges repeated from the same cells"
joint_code_label/424d37b4fa,joint_code_label,evoenergy,2025-26,evoenergy:106,"aer-consolidated-2025-26-v5/106, 107*/106",,aer-consolidated-2025-26-v5,,,,"AER label '106, 107*' -> evoenergy:106; one listing per member, charges repeated from the same cells"
joint_code_label/4c6663356a,joint_code_label,evoenergy,2024-25,evoenergy:104,"aer-stakeholder-report-evoenergy-2024-25/101, 104*/104",,aer-stakeholder-report-evoenergy-2024-25,,,,"AER label '101, 104*' -> evoenergy:104; one listing per member, charges repeated from the same cells"
joint_code_label/4f150fbe99,joint_code_label,evoenergy,2026-27,evoenergy:104,"aer-consolidated-2026-27-v5/101, 104*/104",,aer-consolidated-2026-27-v5,,,,"AER label '101, 104*' -> evoenergy:104; one listing per member, charges repeated from the same cells"
joint_code_label/51e8319673,joint_code_label,evoenergy,2025-26,evoenergy:023,"aer-consolidated-2025-26-v5/023, 024*/023",,aer-consolidated-2025-26-v5,,,,"AER label '023, 024*' -> evoenergy:023; one listing per member, charges repeated from the same cells"
joint_code_label/54c918e4e0,joint_code_label,evoenergy,2026-27,evoenergy:040,"aer-consolidated-2026-27-v5/040, 041*/040",,aer-consolidated-2026-27-v5,,,,"AER label '040, 041*' -> evoenergy:040; one listing per member, charges repeated from the same cells"
joint_code_label/5c271220a5,joint_code_label,evoenergy,2025-26,evoenergy:101,"aer-consolidated-2025-26-v5/101, 104*/101",,aer-consolidated-2025-26-v5,,,,"AER label '101, 104*' -> evoenergy:101; one listing per member, charges repeated from the same cells"
joint_code_label/5d31bf52c1,joint_code_label,evoenergy,2024-25,evoenergy:020,"aer-stakeholder-report-evoenergy-2024-25/020, 021*/020",,aer-stakeholder-report-evoenergy-2024-25,,,,"AER label '020, 021*' -> evoenergy:020; one listing per member, charges repeated from the same cells"
joint_code_label/5d95b9981e,joint_code_label,evoenergy,2026-27,evoenergy:021,"aer-consolidated-2026-27-v5/020, 021*/021",,aer-consolidated-2026-27-v5,,,,"AER label '020, 021*' -> evoenergy:021; one listing per member, charges repeated from the same cells"
joint_code_label/5df46e9c02,joint_code_label,evoenergy,2026-27,evoenergy:030,"aer-consolidated-2026-27-v5/030, 031*/030",,aer-consolidated-2026-27-v5,,,,"AER label '030, 031*' -> evoenergy:030; one listing per member, charges repeated from the same cells"
joint_code_label/5fddaf68cb,joint_code_label,jemena,2024-25,jemena:F10D,aer-stakeholder-report-jemena-2024-25/A10D/F10D/F10D,,aer-stakeholder-report-jemena-2024-25,,,,"AER label 'A10D/F10D' -> jemena:F10D; one listing per member, charges repeated from the same cells"
joint_code_label/618270519b,joint_code_label,evoenergy,2025-26,evoenergy:026,aer-consolidated-2025-26-v1/TD-EVO26res-Dmd/026,,aer-consolidated-2025-26-v1,,,,"AER label '' -> evoenergy:026; one listing per member, charges repeated from the same cells"
joint_code_label/694a3b49f5,joint_code_label,evoenergy,2024-25,evoenergy:101,"aer-stakeholder-report-evoenergy-2024-25/101, 104*/101",,aer-stakeholder-report-evoenergy-2024-25,,,,"AER label '101, 104*' -> evoenergy:101; one listing per member, charges repeated from the same cells"
joint_code_label/6951bb1e1f,joint_code_label,jemena,2024-25,jemena:A200,aer-stakeholder-report-jemena-2024-25/A200/F200/A200,,aer-stakeholder-report-jemena-2024-25,,,,"AER label 'A200/F200' -> jemena:A200; one listing per member, charges repeated from the same cells"
joint_code_label/6a5f87b027,joint_code_label,evoenergy,2025-26,evoenergy:017,"aer-consolidated-2025-26-v5/017, 018*/017",,aer-consolidated-2025-26-v5,,,,"AER label '017, 018*' -> evoenergy:017; one listing per member, charges repeated from the same cells"
joint_code_label/6afd3c8980,joint_code_label,jemena,2024-25,jemena:F120,aer-stakeholder-report-jemena-2024-25/A120/F120/F120,,aer-stakeholder-report-jemena-2024-25,,,,"AER label 'A120/F120' -> jemena:F120; one listing per member, charges repeated from the same cells"
joint_code_label/6b66628fe1,joint_code_label,evoenergy,2024-25,evoenergy:026,"aer-stakeholder-report-evoenergy-2024-25/025, 026*/026",,aer-stakeholder-report-evoenergy-2024-25,,,,"AER label '025, 026*' -> evoenergy:026; one listing per member, charges repeated from the same cells"
joint_code_label/6e474e6582,joint_code_label,jemena,2024-25,jemena:F270,aer-stakeholder-report-jemena-2024-25/A270/F270/F270,,aer-stakeholder-report-jemena-2024-25,,,,"AER label 'A270/F270' -> jemena:F270; one listing per member, charges repeated from the same cells"
joint_code_label/6e47c0653f,joint_code_label,evoenergy,2024-25,evoenergy:105,"aer-stakeholder-report-evoenergy-2024-25/103, 105*/105",,aer-stakeholder-report-evoenergy-2024-25,,,,"AER label '103, 105*' -> evoenergy:105; one listing per member, charges repeated from the same cells"
joint_code_label/6ea0606a7c,joint_code_label,evoenergy,2025-26,evoenergy:025,aer-consolidated-2025-26-v1/TD-EVO26res-Dmd/025,,aer-consolidated-2025-26-v1,,,,"AER label '' -> evoenergy:025; one listing per member, charges repeated from the same cells"
joint_code_label/6f822b9c0a,joint_code_label,jemena,2024-25,jemena:A210,aer-stakeholder-report-jemena-2024-25/A210/F210/A210,,aer-stakeholder-report-jemena-2024-25,,,,"AER label 'A210/F210' -> jemena:A210; one listing per member, charges repeated from the same cells"
joint_code_label/75ca9b41f6,joint_code_label,jemena,2024-25,jemena:A23N,aer-stakeholder-report-jemena-2024-25/A23N/F23N/A23N,,aer-stakeholder-report-jemena-2024-25,,,,"AER label 'A23N/F23N' -> jemena:A23N; one listing per member, charges repeated from the same cells"
joint_code_label/7f316c2386,joint_code_label,evoenergy,2025-26,evoenergy:020,"aer-consolidated-2025-26-v5/020, 021*/020",,aer-consolidated-2025-26-v5,,,,"AER label '020, 021*' -> evoenergy:020; one listing per member, charges repeated from the same cells"
joint_code_label/7f32118f5e,joint_code_label,evoenergy,2024-25,evoenergy:024,"aer-stakeholder-report-evoenergy-2024-25/023, 024*/024",,aer-stakeholder-report-evoenergy-2024-25,,,,"AER label '023, 024*' -> evoenergy:024; one listing per member, charges repeated from the same cells"
joint_code_label/8058b0ac9f,joint_code_label,evoenergy,2025-26,evoenergy:107,aer-consolidated-2025-26-v1/TD-EVO26smb-Dmd/107,,aer-consolidated-2025-26-v1,,,,"AER label '' -> evoenergy:107; one listing per member, charges repeated from the same cells"
joint_code_label/81585706c2,joint_code_label,jemena,2024-25,jemena:A230,aer-stakeholder-report-jemena-2024-25/A230/F230/A230,,aer-stakeholder-report-jemena-2024-25,,,,"AER label 'A230/F230' -> jemena:A230; one listing per member, charges repeated from the same cells"
joint_code_label/81c0614c03,joint_code_label,evoenergy,2026-27,evoenergy:016,"aer-consolidated-2026-27-v5/015, 016*/016",,aer-consolidated-2026-27-v5,,,,"AER label '015, 016*' -> evoenergy:016; one listing per member, charges repeated from the same cells"
joint_code_label/865241248b,joint_code_label,evoenergy,2026-27,evoenergy:024,"aer-consolidated-2026-27-v5/023, 024*/024",,aer-consolidated-2026-27-v5,,,,"AER label '023, 024*' -> evoenergy:024; one listing per member, charges repeated from the same cells"
joint_code_label/88d025592d,joint_code_label,evoenergy,2025-26,evoenergy:010,"aer-consolidated-2025-26-v5/010, 011*/010",,aer-consolidated-2025-26-v5,,,,"AER label '010, 011*' -> evoenergy:010; one listing per member, charges repeated from the same cells"
joint_code_label/890c78e99f,joint_code_label,evoenergy,2025-26,evoenergy:090,"aer-consolidated-2025-26-v5/090, 091*/090",,aer-consolidated-2025-26-v5,,,,"AER label '090, 091*' -> evoenergy:090; one listing per member, charges repeated from the same cells"
joint_code_label/8982a688f3,joint_code_label,evoenergy,2026-27,evoenergy:015,"aer-consolidated-2026-27-v5/015, 016*/015",,aer-consolidated-2026-27-v5,,,,"AER label '015, 016*' -> evoenergy:015; one listing per member, charges repeated from the same cells"
joint_code_label/8b8a9940f3,joint_code_label,jemena,2024-25,jemena:A10D,aer-stakeholder-report-jemena-2024-25/A10D/F10D/A10D,,aer-stakeholder-report-jemena-2024-25,,,,"AER label 'A10D/F10D' -> jemena:A10D; one listing per member, charges repeated from the same cells"
joint_code_label/8f9b749e84,joint_code_label,evoenergy,2025-26,evoenergy:030,"aer-consolidated-2025-26-v5/030, 031*/030",,aer-consolidated-2025-26-v5,,,,"AER label '030, 031*' -> evoenergy:030; one listing per member, charges repeated from the same cells"
joint_code_label/9178771bb5,joint_code_label,evoenergy,2025-26,evoenergy:106,aer-consolidated-2025-26-v1/TD-EVO26smb-Dmd/106,,aer-consolidated-2025-26-v1,,,,"AER label '' -> evoenergy:106; one listing per member, charges repeated from the same cells"
joint_code_label/98f37d6322,joint_code_label,evoenergy,2025-26,evoenergy:026,"aer-consolidated-2025-26-v5/025, 026*/026",,aer-consolidated-2025-26-v5,,,,"AER label '025, 026*' -> evoenergy:026; one listing per member, charges repeated from the same cells"
joint_code_label/9959aa0c62,joint_code_label,evoenergy,2025-26,evoenergy:018,"aer-consolidated-2025-26-v5/017, 018*/018",,aer-consolidated-2025-26-v5,,,,"AER label '017, 018*' -> evoenergy:018; one listing per member, charges repeated from the same cells"
joint_code_label/9b12f8fcc5,joint_code_label,evoenergy,2026-27,evoenergy:025,"aer-consolidated-2026-27-v5/025, 026*/025",,aer-consolidated-2026-27-v5,,,,"AER label '025, 026*' -> evoenergy:025; one listing per member, charges repeated from the same cells"
joint_code_label/9b7124f2dd,joint_code_label,evoenergy,2025-26,evoenergy:017,aer-consolidated-2025-26-v1/TD-EVO26res-TOU2/017,,aer-consolidated-2025-26-v1,,,,"AER label '' -> evoenergy:017; one listing per member, charges repeated from the same cells"
joint_code_label/9ce42f6e01,joint_code_label,evoenergy,2026-27,evoenergy:020,"aer-consolidated-2026-27-v5/020, 021*/020",,aer-consolidated-2026-27-v5,,,,"AER label '020, 021*' -> evoenergy:020; one listing per member, charges repeated from the same cells"
joint_code_label/9ced8ab7d0,joint_code_label,evoenergy,2025-26,evoenergy:041,"aer-consolidated-2025-26-v5/040, 041*/041",,aer-consolidated-2025-26-v5,,,,"AER label '040, 041*' -> evoenergy:041; one listing per member, charges repeated from the same cells"
joint_code_label/a20d8c6ceb,joint_code_label,evoenergy,2025-26,evoenergy:024,aer-consolidated-2025-26-v1/TD-EVO26res-Dmd2/024,,aer-consolidated-2025-26-v1,,,,"AER label '' -> evoenergy:024; one listing per member, charges repeated from the same cells"
joint_code_label/a3bb456b52,joint_code_label,evoenergy,2025-26,evoenergy:011,aer-consolidated-2025-26-v1/TD-EVO26res-Flat/011,,aer-consolidated-2025-26-v1,,,,"AER label '' -> evoenergy:011; one listing per member, charges repeated from the same cells"
joint_code_label/a75f3882ee,joint_code_label,evoenergy,2025-26,evoenergy:024,"aer-consolidated-2025-26-v5/023, 024*/024",,aer-consolidated-2025-26-v5,,,,"AER label '023, 024*' -> evoenergy:024; one listing per member, charges repeated from the same cells"
joint_code_label/a8929f7733,joint_code_label,evoenergy,2025-26,evoenergy:010,aer-consolidated-2025-26-v1/TD-EVO26res-Flat/010,,aer-consolidated-2025-26-v1,,,,"AER label '' -> evoenergy:010; one listing per member, charges repeated from the same cells"
joint_code_label/ac411018fd,joint_code_label,evoenergy,2026-27,evoenergy:090,"aer-consolidated-2026-27-v5/090, 091*/090",,aer-consolidated-2026-27-v5,,,,"AER label '090, 091*' -> evoenergy:090; one listing per member, charges repeated from the same cells"
joint_code_label/ada4f73768,joint_code_label,evoenergy,2025-26,evoenergy:101,aer-consolidated-2025-26-v1/TD-EVO26oth-Dmd/101,,aer-consolidated-2025-26-v1,,,,"AER label '' -> evoenergy:101; one listing per member, charges repeated from the same cells"
joint_code_label/ae4328d836,joint_code_label,evoenergy,2024-25,evoenergy:091,"aer-stakeholder-report-evoenergy-2024-25/090, 091*/091",,aer-stakeholder-report-evoenergy-2024-25,,,,"AER label '090, 091*' -> evoenergy:091; one listing per member, charges repeated from the same cells"
joint_code_label/aefe0cf692,joint_code_label,evoenergy,2026-27,evoenergy:018,"aer-consolidated-2026-27-v5/017, 018*/018",,aer-consolidated-2026-27-v5,,,,"AER label '017, 018*' -> evoenergy:018; one listing per member, charges repeated from the same cells"
joint_code_label/aefed5b523,joint_code_label,evoenergy,2026-27,evoenergy:091,"aer-consolidated-2026-27-v5/090, 091*/091",,aer-consolidated-2026-27-v5,,,,"AER label '090, 091*' -> evoenergy:091; one listing per member, charges repeated from the same cells"
joint_code_label/b1c7c6c824,joint_code_label,evoenergy,2025-26,evoenergy:105,aer-consolidated-2025-26-v1/TD-EVO26oth-Cap/105,,aer-consolidated-2025-26-v1,,,,"AER label '' -> evoenergy:105; one listing per member, charges repeated from the same cells"
joint_code_label/b1fb3cf5a9,joint_code_label,evoenergy,2026-27,evoenergy:010,"aer-consolidated-2026-27-v5/010, 011*/010",,aer-consolidated-2026-27-v5,,,,"AER label '010, 011*' -> evoenergy:010; one listing per member, charges repeated from the same cells"
joint_code_label/b3d535c92a,joint_code_label,evoenergy,2025-26,evoenergy:091,aer-consolidated-2025-26-v1/TD-EVO26smb-TOU/091,,aer-consolidated-2025-26-v1,,,,"AER label '' -> evoenergy:091; one listing per member, charges repeated from the same cells"
joint_code_label/b4f49f245e,joint_code_label,evoenergy,2024-25,evoenergy:025,"aer-stakeholder-report-evoenergy-2024-25/025, 026*/025",,aer-stakeholder-report-evoenergy-2024-25,,,,"AER label '025, 026*' -> evoenergy:025; one listing per member, charges repeated from the same cells"
joint_code_label/bd2337cb91,joint_code_label,evoenergy,2025-26,evoenergy:103,"aer-consolidated-2025-26-v5/103, 105*/103",,aer-consolidated-2025-26-v5,,,,"AER label '103, 105*' -> evoenergy:103; one listing per member, charges repeated from the same cells"
joint_code_label/bd2d3787a3,joint_code_label,evoenergy,2025-26,evoenergy:104,"aer-consolidated-2025-26-v5/101, 104*/104",,aer-consolidated-2025-26-v5,,,,"AER label '101, 104*' -> evoenergy:104; one listing per member, charges repeated from the same cells"
joint_code_label/be7171fbf8,joint_code_label,evoenergy,2024-25,evoenergy:041,"aer-stakeholder-report-evoenergy-2024-25/040, 041*/041",,aer-stakeholder-report-evoenergy-2024-25,,,,"AER label '040, 041*' -> evoenergy:041; one listing per member, charges repeated from the same cells"
joint_code_label/be8390b54d,joint_code_label,evoenergy,2025-26,evoenergy:018,aer-consolidated-2025-26-v1/TD-EVO26res-TOU2/018,,aer-consolidated-2025-26-v1,,,,"AER label '' -> evoenergy:018; one listing per member, charges repeated from the same cells"
joint_code_label/bf55d3d769,joint_code_label,evoenergy,2024-25,evoenergy:031,"aer-stakeholder-report-evoenergy-2024-25/030, 031*/031",,aer-stakeholder-report-evoenergy-2024-25,,,,"AER label '030, 031*' -> evoenergy:031; one listing per member, charges repeated from the same cells"
joint_code_label/c3b744014c,joint_code_label,evoenergy,2026-27,evoenergy:023,"aer-consolidated-2026-27-v5/023, 024*/023",,aer-consolidated-2026-27-v5,,,,"AER label '023, 024*' -> evoenergy:023; one listing per member, charges repeated from the same cells"
joint_code_label/c3e255c91e,joint_code_label,evoenergy,2025-26,evoenergy:030,aer-consolidated-2025-26-v1/TD-EVO26res-BlkHP/030,,aer-consolidated-2025-26-v1,,,,"AER label '' -> evoenergy:030; one listing per member, charges repeated from the same cells"
joint_code_label/ca8d692e9d,joint_code_label,evoenergy,2024-25,evoenergy:016,"aer-stakeholder-report-evoenergy-2024-25/015, 016*/016",,aer-stakeholder-report-evoenergy-2024-25,,,,"AER label '015, 016*' -> evoenergy:016; one listing per member, charges repeated from the same cells"
joint_code_label/ccf09c5f7d,joint_code_label,evoenergy,2024-25,evoenergy:023,"aer-stakeholder-report-evoenergy-2024-25/023, 024*/023",,aer-stakeholder-report-evoenergy-2024-25,,,,"AER label '023, 024*' -> evoenergy:023; one listing per member, charges repeated from the same cells"
joint_code_label/ceb72cc97a,joint_code_label,evoenergy,2025-26,evoenergy:105,"aer-consolidated-2025-26-v5/103, 105*/105",,aer-consolidated-2025-26-v5,,,,"AER label '103, 105*' -> evoenergy:105; one listing per member, charges repeated from the same cells"
joint_code_label/ceced31579,joint_code_label,evoenergy,2024-25,evoenergy:106,"aer-stakeholder-report-evoenergy-2024-25/106, 107*/106",,aer-stakeholder-report-evoenergy-2024-25,,,,"AER label '106, 107*' -> evoenergy:106; one listing per member, charges repeated from the same cells"
joint_code_label/d46de5642b,joint_code_label,evoenergy,2026-27,evoenergy:106,"aer-consolidated-2026-27-v5/106, 107*/106",,aer-consolidated-2026-27-v5,,,,"AER label '106, 107*' -> evoenergy:106; one listing per member, charges repeated from the same cells"
joint_code_label/d4a542fac1,joint_code_label,evoenergy,2025-26,evoenergy:016,aer-consolidated-2025-26-v1/TD-EVO26res-TOU/016,,aer-consolidated-2025-26-v1,,,,"AER label '' -> evoenergy:016; one listing per member, charges repeated from the same cells"
joint_code_label/d5853b06e3,joint_code_label,evoenergy,2025-26,evoenergy:023,aer-consolidated-2025-26-v1/TD-EVO26res-Dmd2/023,,aer-consolidated-2025-26-v1,,,,"AER label '' -> evoenergy:023; one listing per member, charges repeated from the same cells"
joint_code_label/d6c3f69730,joint_code_label,evoenergy,2024-25,evoenergy:103,"aer-stakeholder-report-evoenergy-2024-25/103, 105*/103",,aer-stakeholder-report-evoenergy-2024-25,,,,"AER label '103, 105*' -> evoenergy:103; one listing per member, charges repeated from the same cells"
joint_code_label/d943c745b1,joint_code_label,evoenergy,2026-27,evoenergy:103,"aer-consolidated-2026-27-v5/103, 105*/103",,aer-consolidated-2026-27-v5,,,,"AER label '103, 105*' -> evoenergy:103; one listing per member, charges repeated from the same cells"
joint_code_label/dc5b8d1db0,joint_code_label,jemena,2024-25,jemena:F210,aer-stakeholder-report-jemena-2024-25/A210/F210/F210,,aer-stakeholder-report-jemena-2024-25,,,,"AER label 'A210/F210' -> jemena:F210; one listing per member, charges repeated from the same cells"
joint_code_label/e572666a62,joint_code_label,evoenergy,2025-26,evoenergy:040,"aer-consolidated-2025-26-v5/040, 041*/040",,aer-consolidated-2025-26-v5,,,,"AER label '040, 041*' -> evoenergy:040; one listing per member, charges repeated from the same cells"
joint_code_label/e6c6e0f671,joint_code_label,evoenergy,2025-26,evoenergy:040,aer-consolidated-2025-26-v1/TD-EVO26smb-Blk/040,,aer-consolidated-2025-26-v1,,,,"AER label '' -> evoenergy:040; one listing per member, charges repeated from the same cells"
joint_code_label/e6c8a1b934,joint_code_label,evoenergy,2025-26,evoenergy:021,"aer-consolidated-2025-26-v5/020, 021*/021",,aer-consolidated-2025-26-v5,,,,"AER label '020, 021*' -> evoenergy:021; one listing per member, charges repeated from the same cells"
joint_code_label/e85d890343,joint_code_label,jemena,2024-25,jemena:A20D,aer-stakeholder-report-jemena-2024-25/A20D/F20D/A20D,,aer-stakeholder-report-jemena-2024-25,,,,"AER label 'A20D/F20D' -> jemena:A20D; one listing per member, charges repeated from the same cells"
joint_code_label/e91e0a6505,joint_code_label,evoenergy,2025-26,evoenergy:104,aer-consolidated-2025-26-v1/TD-EVO26oth-Dmd/104,,aer-consolidated-2025-26-v1,,,,"AER label '' -> evoenergy:104; one listing per member, charges repeated from the same cells"
joint_code_label/eafa17338c,joint_code_label,evoenergy,2024-25,evoenergy:017,"aer-stakeholder-report-evoenergy-2024-25/017, 018*/017",,aer-stakeholder-report-evoenergy-2024-25,,,,"AER label '017, 018*' -> evoenergy:017; one listing per member, charges repeated from the same cells"
joint_code_label/eb3501014f,joint_code_label,evoenergy,2026-27,evoenergy:017,"aer-consolidated-2026-27-v5/017, 018*/017",,aer-consolidated-2026-27-v5,,,,"AER label '017, 018*' -> evoenergy:017; one listing per member, charges repeated from the same cells"
joint_code_label/f110fbf734,joint_code_label,evoenergy,2025-26,evoenergy:021,aer-consolidated-2025-26-v1/TD-EVO26res-Blk/021,,aer-consolidated-2025-26-v1,,,,"AER label '' -> evoenergy:021; one listing per member, charges repeated from the same cells"
joint_code_label/f17a925f2e,joint_code_label,evoenergy,2025-26,evoenergy:090,aer-consolidated-2025-26-v1/TD-EVO26smb-TOU/090,,aer-consolidated-2025-26-v1,,,,"AER label '' -> evoenergy:090; one listing per member, charges repeated from the same cells"
joint_code_label/f75fce64b8,joint_code_label,evoenergy,2024-25,evoenergy:010,"aer-stakeholder-report-evoenergy-2024-25/010, 011*/010",,aer-stakeholder-report-evoenergy-2024-25,,,,"AER label '010, 011*' -> evoenergy:010; one listing per member, charges repeated from the same cells"
joint_code_label/f7de4e94d1,joint_code_label,evoenergy,2026-27,evoenergy:011,"aer-consolidated-2026-27-v5/010, 011*/011",,aer-consolidated-2026-27-v5,,,,"AER label '010, 011*' -> evoenergy:011; one listing per member, charges repeated from the same cells"
joint_code_label/f97062e572,joint_code_label,evoenergy,2025-26,evoenergy:020,aer-consolidated-2025-26-v1/TD-EVO26res-Blk/020,,aer-consolidated-2025-26-v1,,,,"AER label '' -> evoenergy:020; one listing per member, charges repeated from the same cells"
joint_code_label/fa5a06d501,joint_code_label,evoenergy,2025-26,evoenergy:011,"aer-consolidated-2025-26-v5/010, 011*/011",,aer-consolidated-2025-26-v5,,,,"AER label '010, 011*' -> evoenergy:011; one listing per member, charges repeated from the same cells"
joint_code_label/fab892e7bf,joint_code_label,evoenergy,2024-25,evoenergy:015,"aer-stakeholder-report-evoenergy-2024-25/015, 016*/015",,aer-stakeholder-report-evoenergy-2024-25,,,,"AER label '015, 016*' -> evoenergy:015; one listing per member, charges repeated from the same cells"
medium_business_demand_assignment/01d846d8b4,medium_business_demand_assignment,citipower,2023-24,citipower:CMGO21,,,citipower-pricing-proposal-2023-24-wayback,,,,customer_type    business
medium_business_demand_assignment/06ef75884b,medium_business_demand_assignment,citipower,2023-24,citipower:CMGO21,,,citipower-pricing-proposal-2023-24-wayback,,,,assignment    opt_out
medium_business_demand_assignment/07e72f96cb,medium_business_demand_assignment,citipower,2026-27,citipower:CMG,,,citipower-tariff-summary-2026-27-07may2026,,,,customer_type    medium_business
medium_business_demand_assignment/089fd0b572,medium_business_demand_assignment,citipower,2026-27,citipower:CMG,,,citipower-pricing-proposal-2026-27-07may2026,,160,MWh/yr,consumption_max le 160 MWh/yr
medium_business_demand_assignment/0af14b95fd,medium_business_demand_assignment,citipower,2024-25,citipower:CMGO21,,,citipower-pricing-proposal-2024-25-28mar2024-wayback,,,,customer_type    business
medium_business_demand_assignment/0f3217321f,medium_business_demand_assignment,citipower,2023-24,citipower:CMGO21,,,citipower-2023-24-tariff-summary-31mar2023,,,,assignment    opt_out
medium_business_demand_assignment/0f5737f780,medium_business_demand_assignment,citipower,2023-24,citipower:CMGO21,,,citipower-2023-24-tariff-summary-31mar2023,,,,customer_type    medium_business
medium_business_demand_assignment/0fe7c41694,medium_business_demand_assignment,citipower,2023-24,citipower:CMG,,,citipower-pricing-proposal-2023-24-wayback,,120,kVA,demand_max lt 120 kVA
medium_business_demand_assignment/185fb90bdf,medium_business_demand_assignment,citipower,2025-26,citipower:CMG,,,citipower-pricing-proposal-2025-26-31mar2025-wayback,,120,kVA,demand_max lt 120 kVA
medium_business_demand_assignment/1a8a94aec7,medium_business_demand_assignment,citipower,2025-26,citipower:CMGO21,,,citipower-pricing-proposal-2025-26-31mar2025-wayback,,,,customer_type    business
medium_business_demand_assignment/2907764ff8,medium_business_demand_assignment,citipower,2024-25,citipower:CMGO21,,,citipower-2024-25-tariff-summary-28mar2024,,,,customer_type    medium_business
medium_business_demand_assignment/308cf4bf39,medium_business_demand_assignment,citipower,2025-26,citipower:CMG,,,citipower-pricing-proposal-2025-26-31mar2025-wayback,,,,meter_type    interval
medium_business_demand_assignment/328edb6303,medium_business_demand_assignment,citipower,2023-24,citipower:CMG,,,citipower-pricing-proposal-2023-24-wayback,,40,MWh/yr,consumption_min gt 40 MWh/yr
medium_business_demand_assignment/3a26305aab,medium_business_demand_assignment,citipower,2026-27,citipower:CMG,,,citipower-pricing-proposal-2026-27-07may2026,,,,customer_type    business
medium_business_demand_assignment/3d3e546cbb,medium_business_demand_assignment,citipower,2025-26,citipower:CMGO21,,,citipower-pricing-proposal-2025-26-31mar2025-wayback,,,,meter_type    interval
medium_business_demand_assignment/442d9b1007,medium_business_demand_assignment,citipower,2024-25,citipower:CMGO21,,,citipower-pricing-proposal-2024-25-28mar2024-wayback,,,,meter_type    interval
medium_business_demand_assignment/44a974bf7c,medium_business_demand_assignment,citipower,2023-24,citipower:CMG,,,citipower-2023-24-tariff-summary-31mar2023,,,,customer_type    medium_business
medium_business_demand_assignment/46001dabfe,medium_business_demand_assignment,citipower,2024-25,citipower:CMGO21,,,citipower-pricing-proposal-2024-25-28mar2024-wayback,,,,voltage_level    LV
medium_business_demand_assignment/4e9772872c,medium_business_demand_assignment,citipower,2025-26,citipower:CMG,,,citipower-pricing-proposal-2025-26-31mar2025-wayback,,40,MWh/yr,consumption_min gt 40 MWh/yr
medium_business_demand_assignment/5222b5d1f3,medium_business_demand_assignment,citipower,2024-25,citipower:CMGO21,,,citipower-pricing-proposal-2024-25-28mar2024-wayback,,,,customer_type    medium_business
medium_business_demand_assignment/5a959f067f,medium_business_demand_assignment,citipower,2023-24,citipower:CMGO21,,,citipower-pricing-proposal-2023-24-wayback,,160,MWh/yr,consumption_max lt 160 MWh/yr
medium_business_demand_assignment/6047b9e2cb,medium_business_demand_assignment,citipower,2023-24,citipower:CMGO21,,,citipower-pricing-proposal-2023-24-wayback,,,,customer_type    medium_business
medium_business_demand_assignment/6271d0913f,medium_business_demand_assignment,citipower,2025-26,citipower:CMGO21,,,citipower-pricing-proposal-2025-26-31mar2025-wayback,,160,MWh/yr,consumption_max lt 160 MWh/yr
medium_business_demand_assignment/648efdbcf4,medium_business_demand_assignment,citipower,2023-24,citipower:CMG,,,citipower-pricing-proposal-2023-24-wayback,,,,meter_type    interval
medium_business_demand_assignment/69a6cb23bf,medium_business_demand_assignment,citipower,2023-24,citipower:CMGO21,,,citipower-pricing-proposal-2023-24-wayback,,,,meter_type    interval
medium_business_demand_assignment/69dfb360f7,medium_business_demand_assignment,citipower,2024-25,citipower:CMG,,,citipower-pricing-proposal-2024-25-28mar2024-wayback,,,,voltage_level    LV
medium_business_demand_assignment/6aca84f48c,medium_business_demand_assignment,citipower,2026-27,citipower:CMG,,,citipower-pricing-proposal-2026-27-07may2026,,,,meter_type    interval
medium_business_demand_assignment/73e0ca7f7b,medium_business_demand_assignment,citipower,2023-24,citipower:CMGO21,,,citipower-pricing-proposal-2023-24-wayback,,,,voltage_level    LV
medium_business_demand_assignment/7419c6c5b0,medium_business_demand_assignment,citipower,2024-25,citipower:CMG,,,citipower-pricing-proposal-2024-25-28mar2024-wayback,,,,customer_type    medium_business
medium_business_demand_assignment/7648b69918,medium_business_demand_assignment,citipower,2023-24,citipower:CMG,,,citipower-pricing-proposal-2023-24-wayback,,,,assignment    default
medium_business_demand_assignment/78406ae900,medium_business_demand_assignment,citipower,2026-27,citipower:CMG,,,citipower-pricing-proposal-2026-27-07may2026,,40,MWh/yr,consumption_min ge 40 MWh/yr
medium_business_demand_assignment/79dbd0f32a,medium_business_demand_assignment,citipower,2024-25,citipower:CMGO21,,,citipower-pricing-proposal-2024-25-28mar2024-wayback,,,,assignment    opt_out
medium_business_demand_assignment/82e6d463d7,medium_business_demand_assignment,citipower,2024-25,citipower:CMGO21,,,citipower-pricing-proposal-2024-25-28mar2024-wayback,,160,MWh/yr,consumption_max lt 160 MWh/yr
medium_business_demand_assignment/87d8d757f6,medium_business_demand_assignment,citipower,2024-25,citipower:CMG,,,citipower-pricing-proposal-2024-25-28mar2024-wayback,,,,assignment    default
medium_business_demand_assignment/8b960073c6,medium_business_demand_assignment,citipower,2025-26,citipower:CMGO21,,,citipower-pricing-proposal-2025-26-31mar2025-wayback,,120,kVA,demand_max lt 120 kVA
medium_business_demand_assignment/8cab74f99f,medium_business_demand_assignment,citipower,2024-25,citipower:CMG,,,citipower-2024-25-tariff-summary-28mar2024,,,,customer_type    medium_business
medium_business_demand_assignment/93b462c806,medium_business_demand_assignment,citipower,2023-24,citipower:CMG,,,citipower-pricing-proposal-2023-24-wayback,,,,customer_type    medium_business
medium_business_demand_assignment/96058761a7,medium_business_demand_assignment,citipower,2025-26,citipower:CMG,,,citipower-pricing-proposal-2025-26-31mar2025-wayback,,,,voltage_level    LV
medium_business_demand_assignment/974f9b7c52,medium_business_demand_assignment,citipower,2026-27,citipower:CMGO21,,,citipower-pricing-proposal-2026-27-07may2026,,,,customer_type    business
medium_business_demand_assignment/9807f93f16,medium_business_demand_assignment,citipower,2024-25,citipower:CMG,,,citipower-pricing-proposal-2024-25-28mar2024-wayback,,,,customer_type    business
medium_business_demand_assignment/983ef62f29,medium_business_demand_assignment,citipower,2024-25,citipower:CMG,,,citipower-pricing-proposal-2024-25-28mar2024-wayback,,120,kVA,demand_max lt 120 kVA
medium_business_demand_assignment/9ae4d8f6ae,medium_business_demand_assignment,citipower,2026-27,citipower:CMG,,,citipower-tariff-summary-2026-27-07may2026,,,,assignment    default
medium_business_demand_assignment/a04ee2948c,medium_business_demand_assignment,citipower,2026-27,citipower:CMGO21,,,citipower-pricing-proposal-2026-27-07may2026,,,,meter_type    interval
medium_business_demand_assignment/a4e603b1b6,medium_business_demand_assignment,citipower,2024-25,citipower:CMG,,,aer-stakeholder-report-citipower-2024-25,,,,customer_type    business
medium_business_demand_assignment/a53303cd37,medium_business_demand_assignment,citipower,2025-26,citipower:CMGO21,,,citipower-pricing-proposal-2025-26-31mar2025-wayback,,,,voltage_level    LV
medium_business_demand_assignment/a53c5a2192,medium_business_demand_assignment,citipower,2026-27,citipower:CMG,,,citipower-pricing-proposal-2026-27-07may2026,,,,"other    with a dedicated circuit, demand is measured on the general power & light circuits only"
medium_business_demand_assignment/a8c811b60e,medium_business_demand_assignment,citipower,2024-25,citipower:CMG,,,citipower-pricing-proposal-2024-25-28mar2024-wayback,,160,MWh/yr,opt_out_to lt 160 MWh/yr
medium_business_demand_assignment/a9c511ffbd,medium_business_demand_assignment,citipower,2026-27,citipower:CMGO21,,,citipower-pricing-proposal-2026-27-07may2026,,40,MWh/yr,consumption_min ge 40 MWh/yr
medium_business_demand_assignment/ac3deda585,medium_business_demand_assignment,citipower,2024-25,citipower:CMG,,,citipower-pricing-proposal-2024-25-28mar2024-wayback,,40,MWh/yr,consumption_min gt 40 MWh/yr
medium_business_demand_assignment/aeae8e9242,medium_business_demand_assignment,citipower,2026-27,citipower:CMG,,,citipower-pricing-proposal-2026-27-07may2026,,160,MWh/yr,opt_out_to lt 160 MWh/yr
medium_business_demand_assignment/b2b8acf203,medium_business_demand_assignment,citipower,2023-24,citipower:CMG,,,citipower-pricing-proposal-2023-24-wayback,,,,voltage_level    LV
medium_business_demand_assignment/cc573d4947,medium_business_demand_assignment,citipower,2025-26,citipower:CMG,,,citipower-pricing-proposal-2025-26-31mar2025-wayback,,,,customer_type    business
medium_business_demand_assignment/cda82632ba,medium_business_demand_assignment,citipower,2024-25,citipower:CMG,,,citipower-pricing-proposal-2024-25-28mar2024-wayback,,,,meter_type    interval
medium_business_demand_assignment/d64683b8b3,medium_business_demand_assignment,citipower,2026-27,citipower:CMGO21,,,citipower-tariff-summary-2026-27-07may2026,,,,customer_type    medium_business
medium_business_demand_assignment/dd6bd543ca,medium_business_demand_assignment,citipower,2026-27,citipower:CMGO21,,,citipower-tariff-summary-2026-27-07may2026,,,,assignment    opt_out
medium_business_demand_assignment/dfd67c6056,medium_business_demand_assignment,citipower,2023-24,citipower:CMG,,,citipower-pricing-proposal-2023-24-wayback,,160,MWh/yr,opt_out_to lt 160 MWh/yr
medium_business_demand_assignment/e2639f8f1e,medium_business_demand_assignment,citipower,2023-24,citipower:CMG,,,citipower-pricing-proposal-2023-24-wayback,,,,customer_type    business
medium_business_demand_assignment/e760eede0f,medium_business_demand_assignment,citipower,2024-25,citipower:CMGO21,,,aer-stakeholder-report-citipower-2024-25,,,,customer_type    business
medium_business_demand_assignment/ed44ab8a5c,medium_business_demand_assignment,citipower,2026-27,citipower:CMGO21,,,citipower-pricing-proposal-2026-27-07may2026,,160,MWh/yr,consumption_max le 160 MWh/yr
medium_business_demand_assignment/f5a9d88f8e,medium_business_demand_assignment,citipower,2025-26,citipower:CMG,,,citipower-pricing-proposal-2025-26-31mar2025-wayback,,160,MWh/yr,opt_out_to lt 160 MWh/yr
medium_business_demand_assignment/f97f8ddac4,medium_business_demand_assignment,citipower,2024-25,citipower:CMGO21,,,citipower-2024-25-tariff-summary-28mar2024,,,,assignment    opt_out
metering_excluded_by_aer/037d965943,metering_excluded_by_aer,energex,2026-27,,,,aer-consolidated-2026-27-v5,energex-network-price-list-2026-27-sch8-wayback,12.3,c/day,13 tariffs: distributor daily charge = AER + 12.3 c/day
metering_excluded_by_aer/1cb0ae82ad,metering_excluded_by_aer,endeavour,2026-27,,,,aer-consolidated-2026-27-v5,endeavour-nuos-price-list-2026-27,3.6421,c/day,11 tariffs: distributor daily charge = AER + 3.6421 c/day
metering_excluded_by_aer/53f885b4c1,metering_excluded_by_aer,endeavour,2025-26,,,,aer-consolidated-2025-26-v5,endeavour-nuos-price-list-2025-26-v11,3.467,c/day,11 tariffs: distributor daily charge = AER + 3.467 c/day
metering_excluded_by_aer/72d0fc902a,metering_excluded_by_aer,ergon,2025-26,,,,aer-consolidated-2025-26-v5,ergon-network-price-list-2025-26-sch8-wayback,11.4915796772047,c/day,36 tariffs: distributor daily charge = AER + 11.4915796772047 c/day
metering_excluded_by_aer/79a5ade689,metering_excluded_by_aer,energex,2025-26,,,,aer-consolidated-2025-26-v5,energex-network-price-list-2025-26-sch8-wayback,12.0940565395438,c/day,13 tariffs: distributor daily charge = AER + 12.0940565395438 c/day
metering_excluded_by_aer/9183d5f710,metering_excluded_by_aer,essential,2024-25,,,,aer-stakeholder-report-essential-2024-25,essential-price-list-and-explanatory-notes-2024-25,16.60515136119,c/day,17 tariffs: distributor daily charge = AER + 16.60515136119 c/day
metering_excluded_by_aer/a4700c20d3,metering_excluded_by_aer,essential,2026-27,,,,aer-consolidated-2026-27-v5,essential-price-list-and-explanatory-notes-2026-27,17.3530073236359,c/day,16 tariffs: distributor daily charge = AER + 17.3530073236359 c/day
metering_excluded_by_aer/b769162238,metering_excluded_by_aer,ergon,2026-27,,,,aer-consolidated-2026-27-v5,ergon-network-price-list-2026-27-sch8-wayback,11.6,c/day,39 tariffs: distributor daily charge = AER + 11.6 c/day
metering_excluded_by_aer/c59b63bb1e,metering_excluded_by_aer,endeavour,2024-25,,,,aer-stakeholder-report-endeavour-2024-25,endeavour-nuos-price-list-2024-25-v10,3.4025,c/day,11 tariffs: distributor daily charge = AER + 3.4025 c/day
metering_excluded_by_aer/e5f1da94ff,metering_excluded_by_aer,essential,2025-26,,,,aer-consolidated-2025-26-v5,essential-price-list-and-explanatory-notes-2025-26,17.0210419772881,c/day,16 tariffs: distributor daily charge = AER + 17.0210419772881 c/day
metering_sheet_quirk/0a2dd5a504,metering_sheet_quirk,powercor,2026-27,,,,aer-consolidated-2026-27-v5,,,,"Metering!H353 holds 'Exit fee' in the 'Tariff code' column (charge kind, not a code); 'Basic or MRIM'"
metering_sheet_quirk/0d5f2dfeaa,metering_sheet_quirk,citipower,2025-26,,,,aer-consolidated-2025-26-v5,,,,"Metering!H88 holds 'Exit fee' in the 'Tariff code' column (charge kind, not a code); 'Three phase CT connected meter'"
metering_sheet_quirk/0e4ddcb33d,metering_sheet_quirk,tasnetworks,2026-27,,,,aer-consolidated-2026-27-v5,,,,Metering!J413 'Charge' column is 0: the price period is not stated; 'Business LV - CT meters'
metering_sheet_quirk/0f2f821a2e,metering_sheet_quirk,unitedenergy,2025-26,,,,aer-consolidated-2025-26-v1,,,,"Metering!H451 holds 'Exit fee' in the 'Tariff code' column (charge kind, not a code); 'AMI three phase current transformer'"
metering_sheet_quirk/1402edde92,metering_sheet_quirk,citipower,2025-26,,,,aer-consolidated-2025-26-v1,,,,"Metering!H87 holds 'Exit fee' in the 'Tariff code' column (charge kind, not a code); 'Three phase direct connected meter'"
metering_sheet_quirk/15a4a0523d,metering_sheet_quirk,tasnetworks,2026-27,,,,aer-consolidated-2026-27-v5,,,,Metering!J416 'Charge' column is 0: the price period is not stated; 'Domestic LV - CT meters'
metering_sheet_quirk/1d68131e08,metering_sheet_quirk,unitedenergy,2025-26,,,,aer-consolidated-2025-26-v5,,,,"Metering!H452 holds 'Exit fee' in the 'Tariff code' column (charge kind, not a code); 'Basic or MRIM'"
metering_sheet_quirk/1f2764c197,metering_sheet_quirk,unitedenergy,2025-26,,,,aer-consolidated-2025-26-v5,,,,"Metering!H449 holds 'Exit fee' in the 'Tariff code' column (charge kind, not a code); 'AMI single phase'"
metering_sheet_quirk/20d0d118c3,metering_sheet_quirk,powerwater,2026-27,,,,aer-consolidated-2026-27-v5,,,,Metering!J313 'Charge' column is 0: the price period is not stated; '3 Phase Meters'
metering_sheet_quirk/27899b66cf,metering_sheet_quirk,ausnet,2025-26,,,,aer-consolidated-2025-26-v5,,,,"Metering!H56 holds 'Exit fee' in the 'Tariff code' column (charge kind, not a code); 'Single phase two element with contactor'"
metering_sheet_quirk/2926634419,metering_sheet_quirk,citipower,2026-27,,,,aer-consolidated-2026-27-v5,,,,"Metering!H86 holds 'Exit fee' in the 'Tariff code' column (charge kind, not a code); 'Single Phase'"
metering_sheet_quirk/31c291e57b,metering_sheet_quirk,unitedenergy,2025-26,,,,aer-consolidated-2025-26-v1,,,,"Metering!H449 holds 'Exit fee' in the 'Tariff code' column (charge kind, not a code); 'AMI single phase'"
metering_sheet_quirk/33f17fbf16,metering_sheet_quirk,powercor,2025-26,,,,aer-consolidated-2025-26-v5,,,,"Metering!H353 holds 'Exit fee' in the 'Tariff code' column (charge kind, not a code); 'Basic or MRIM'"
metering_sheet_quirk/383b6732be,metering_sheet_quirk,unitedenergy,2026-27,,,,aer-consolidated-2026-27-v5,,,,"Metering!H449 holds 'Exit fee' in the 'Tariff code' column (charge kind, not a code); 'AMI single phase'"
metering_sheet_quirk/3c4423def1,metering_sheet_quirk,jemena,2025-26,,,,aer-consolidated-2025-26-v1,,,,"Metering!H288 holds 'Exit fee' in the 'Tariff code' column (charge kind, not a code); 'Multiphase CT connected'"
metering_sheet_quirk/3f076c071e,metering_sheet_quirk,unitedenergy,2026-27,,,,aer-consolidated-2026-27-v5,,,,"Metering!H451 holds 'Exit fee' in the 'Tariff code' column (charge kind, not a code); 'AMI three phase current transformer'"
metering_sheet_quirk/459cd2ce5c,metering_sheet_quirk,jemena,2026-27,,,,aer-consolidated-2026-27-v5,,,,"Metering!H288 holds 'Exit fee' in the 'Tariff code' column (charge kind, not a code); 'Three Phase CT'"
metering_sheet_quirk/465bbaf88f,metering_sheet_quirk,powercor,2026-27,,,,aer-consolidated-2026-27-v5,,,,"Metering!H351 holds 'Exit fee' in the 'Tariff code' column (charge kind, not a code); 'AMI three phase'"
metering_sheet_quirk/4cfd04958b,metering_sheet_quirk,citipower,2025-26,,,,aer-consolidated-2025-26-v1,,,,"Metering!H89 holds 'Exit fee' in the 'Tariff code' column (charge kind, not a code); 'Basic \nor \nMRIM'"
metering_sheet_quirk/4fbabff310,metering_sheet_quirk,ausnet,2025-26,,,,aer-consolidated-2025-26-v1,,,,"Metering!H55 holds 'Exit fee' in the 'Tariff code' column (charge kind, not a code); 'Single phase single element'"
metering_sheet_quirk/4ff0360d57,metering_sheet_quirk,ausnet,2025-26,,,,aer-consolidated-2025-26-v5,,,,"Metering!H59 holds 'Exit fee' in the 'Tariff code' column (charge kind, not a code); 'Multiphase CT connected'"
metering_sheet_quirk/5178179465,metering_sheet_quirk,jemena,2025-26,,,,aer-consolidated-2025-26-v1,,,,"Metering!H285 holds 'Exit fee' in the 'Tariff code' column (charge kind, not a code); 'Single phase single element'"
metering_sheet_quirk/569ce147c6,metering_sheet_quirk,powercor,2026-27,,,,aer-consolidated-2026-27-v5,,,,"Metering!H350 holds 'Exit fee' in the 'Tariff code' column (charge kind, not a code); 'AMI single phase'"
metering_sheet_quirk/57c058ad9e,metering_sheet_quirk,ausnet,2026-27,,,,aer-consolidated-2026-27-v5,,,,"Metering!H58 holds 'Exit fee' in the 'Tariff code' column (charge kind, not a code); 'Multiphase'"
metering_sheet_quirk/5864753736,metering_sheet_quirk,tasnetworks,2026-27,,,,aer-consolidated-2026-27-v5,,,,Metering!J412 'Charge' column is 0: the price period is not stated; 'Business LV - Multi phase'
metering_sheet_quirk/5a2c856e15,metering_sheet_quirk,jemena,2025-26,,,,aer-consolidated-2025-26-v1,,,,"Metering!H286 holds 'Exit fee' in the 'Tariff code' column (charge kind, not a code); 'Single phase two element with contactor'"
metering_sheet_quirk/5acd6a66b0,metering_sheet_quirk,unitedenergy,2025-26,,,,aer-consolidated-2025-26-v1,,,,"Metering!H450 holds 'Exit fee' in the 'Tariff code' column (charge kind, not a code); 'AMI three phase'"
metering_sheet_quirk/5d1a6ec41f,metering_sheet_quirk,unitedenergy,2025-26,,,,aer-consolidated-2025-26-v1,,,,"Metering!H452 holds 'Exit fee' in the 'Tariff code' column (charge kind, not a code); 'Basic or MRIM'"
metering_sheet_quirk/5fc1c45c3f,metering_sheet_quirk,ausnet,2025-26,,,,aer-consolidated-2025-26-v1,,,,"Metering!H57 holds 'Exit fee' in the 'Tariff code' column (charge kind, not a code); 'Multiphase'"
metering_sheet_quirk/65b5b4ec69,metering_sheet_quirk,citipower,2025-26,,,,aer-consolidated-2025-26-v5,,,,"Metering!H89 holds 'Exit fee' in the 'Tariff code' column (charge kind, not a code); 'Basic \nor \nMRIM'"
metering_sheet_quirk/6a324bf520,metering_sheet_quirk,powercor,2025-26,,,,aer-consolidated-2025-26-v1,,,,"Metering!H351 holds 'Exit fee' in the 'Tariff code' column (charge kind, not a code); 'AMI three phase'"
metering_sheet_quirk/71ca87a6e0,metering_sheet_quirk,citipower,2026-27,,,,aer-consolidated-2026-27-v5,,,,"Metering!H89 holds 'Exit fee' in the 'Tariff code' column (charge kind, not a code); 'Basic \nor \nMRIM'"
metering_sheet_quirk/7abb6ae112,metering_sheet_quirk,jemena,2026-27,,,,aer-consolidated-2026-27-v5,,,,"Metering!H287 holds 'Exit fee' in the 'Tariff code' column (charge kind, not a code); 'Three Phase (inc. DC)'"
metering_sheet_quirk/7c1971ffdc,metering_sheet_quirk,jemena,2026-27,,,,aer-consolidated-2026-27-v5,,,,"Metering!H286 holds 'Exit fee' in the 'Tariff code' column (charge kind, not a code); 'Single Phase, Two Element'"
metering_sheet_quirk/839561ef10,metering_sheet_quirk,ausnet,2026-27,,,,aer-consolidated-2026-27-v5,,,,"Metering!H59 holds 'Exit fee' in the 'Tariff code' column (charge kind, not a code); 'Multiphase CT connected'"
metering_sheet_quirk/8911eea371,metering_sheet_quirk,ausnet,2025-26,,,,aer-consolidated-2025-26-v5,,,,"Metering!H58 holds 'Exit fee' in the 'Tariff code' column (charge kind, not a code); 'Multiphase with contactor'"
metering_sheet_quirk/8c81541441,metering_sheet_quirk,tasnetworks,2026-27,,,,aer-consolidated-2026-27-v5,,,,Metering!J415 'Charge' column is 0: the price period is not stated; 'Domestic LV - Multi phase'
metering_sheet_quirk/92b707f72b,metering_sheet_quirk,unitedenergy,2026-27,,,,aer-consolidated-2026-27-v5,,,,"Metering!H450 holds 'Exit fee' in the 'Tariff code' column (charge kind, not a code); 'AMI three phase'"
metering_sheet_quirk/933487edf5,metering_sheet_quirk,ausnet,2025-26,,,,aer-consolidated-2025-26-v1,,,,"Metering!H58 holds 'Exit fee' in the 'Tariff code' column (charge kind, not a code); 'Multiphase with contactor'"
metering_sheet_quirk/9699c04318,metering_sheet_quirk,powercor,2025-26,,,,aer-consolidated-2025-26-v5,,,,"Metering!H350 holds 'Exit fee' in the 'Tariff code' column (charge kind, not a code); 'AMI single phase'"
metering_sheet_quirk/98175e746f,metering_sheet_quirk,jemena,2025-26,,,,aer-consolidated-2025-26-v5,,,,"Metering!H286 holds 'Exit fee' in the 'Tariff code' column (charge kind, not a code); 'Single phase two element with contactor'"
metering_sheet_quirk/9e5b8815f1,metering_sheet_quirk,citipower,2026-27,,,,aer-consolidated-2026-27-v5,,,,"Metering!H88 holds 'Exit fee' in the 'Tariff code' column (charge kind, not a code); 'Three phase CT connected meter'"
metering_sheet_quirk/9fb6e35610,metering_sheet_quirk,powerwater,2026-27,,,,aer-consolidated-2026-27-v5,,,,Metering!J312 'Charge' column is 0: the price period is not stated; '1 Phase Meters (including prepayment)'
metering_sheet_quirk/a07249a621,metering_sheet_quirk,jemena,2025-26,,,,aer-consolidated-2025-26-v5,,,,"Metering!H288 holds 'Exit fee' in the 'Tariff code' column (charge kind, not a code); 'Multiphase CT connected'"
metering_sheet_quirk/a283dbbb91,metering_sheet_quirk,tasnetworks,2026-27,,,,aer-consolidated-2026-27-v5,,,,Metering!J417 'Charge' column is 0: the price period is not stated; 'Other meters'
metering_sheet_quirk/a29c86e556,metering_sheet_quirk,ausnet,2025-26,,,,aer-consolidated-2025-26-v1,,,,"Metering!H59 holds 'Exit fee' in the 'Tariff code' column (charge kind, not a code); 'Multiphase CT connected'"
metering_sheet_quirk/a406979ba4,metering_sheet_quirk,ausnet,2026-27,,,,aer-consolidated-2026-27-v5,,,,"Metering!H57 holds 'Exit fee' in the 'Tariff code' column (charge kind, not a code); 'Single phase two element with contactor'"
metering_sheet_quirk/a69128c730,metering_sheet_quirk,ausnet,2026-27,,,,aer-consolidated-2026-27-v5,,,,"Metering!H56 holds 'Exit fee' in the 'Tariff code' column (charge kind, not a code); 'Single phase single element'"
metering_sheet_quirk/acab807eb5,metering_sheet_quirk,jemena,2025-26,,,,aer-consolidated-2025-26-v1,,,,"Metering!H287 holds 'Exit fee' in the 'Tariff code' column (charge kind, not a code); 'Multiphase'"
metering_sheet_quirk/b4d08d65d0,metering_sheet_quirk,powercor,2025-26,,,,aer-consolidated-2025-26-v1,,,,"Metering!H353 holds 'Exit fee' in the 'Tariff code' column (charge kind, not a code); 'Basic or MRIM'"
metering_sheet_quirk/b7e0912930,metering_sheet_quirk,powercor,2025-26,,,,aer-consolidated-2025-26-v1,,,,"Metering!H350 holds 'Exit fee' in the 'Tariff code' column (charge kind, not a code); 'AMI single phase'"
metering_sheet_quirk/ba0ddab016,metering_sheet_quirk,citipower,2026-27,,,,aer-consolidated-2026-27-v5,,,,"Metering!H87 holds 'Exit fee' in the 'Tariff code' column (charge kind, not a code); 'Three phase direct connected meter'"
metering_sheet_quirk/ba39ca7cba,metering_sheet_quirk,powerwater,2026-27,,,,aer-consolidated-2026-27-v5,,,,Metering!J314 'Charge' column is 0: the price period is not stated; 'Dedicated CT and VT Meters'
metering_sheet_quirk/bde84c5bd7,metering_sheet_quirk,powercor,2026-27,,,,aer-consolidated-2026-27-v5,,,,"Metering!H352 holds 'Exit fee' in the 'Tariff code' column (charge kind, not a code); 'AMI three phase current transformer'"
metering_sheet_quirk/bfb5b2367d,metering_sheet_quirk,essential,2025-26,,,,aer-consolidated-2025-26-v1,,,,Metering!J213 'Charge' column is 0: the price period is not stated; 'Metering'
metering_sheet_quirk/c10d5b91b0,metering_sheet_quirk,citipower,2025-26,,,,aer-consolidated-2025-26-v1,,,,"Metering!H86 holds 'Exit fee' in the 'Tariff code' column (charge kind, not a code); 'Single Phase'"
metering_sheet_quirk/c2d2c7c381,metering_sheet_quirk,powercor,2025-26,,,,aer-consolidated-2025-26-v5,,,,"Metering!H352 holds 'Exit fee' in the 'Tariff code' column (charge kind, not a code); 'AMI three phase current transformer'"
metering_sheet_quirk/c621cb6734,metering_sheet_quirk,jemena,2026-27,,,,aer-consolidated-2026-27-v5,,,,"Metering!H285 holds 'Exit fee' in the 'Tariff code' column (charge kind, not a code); 'Single Phase (inc. DC)'"
metering_sheet_quirk/c7815f5965,metering_sheet_quirk,powerwater,2026-27,,,,aer-consolidated-2026-27-v5,,,,Metering!J315 'Charge' column is 0: the price period is not stated; 'Dedicated CT and VT Meters'
metering_sheet_quirk/c7abfca24f,metering_sheet_quirk,ausnet,2025-26,,,,aer-consolidated-2025-26-v1,,,,"Metering!H56 holds 'Exit fee' in the 'Tariff code' column (charge kind, not a code); 'Single phase two element with contactor'"
metering_sheet_quirk/c8381b8da1,metering_sheet_quirk,jemena,2025-26,,,,aer-consolidated-2025-26-v5,,,,"Metering!H285 holds 'Exit fee' in the 'Tariff code' column (charge kind, not a code); 'Single phase single element'"
metering_sheet_quirk/c9b5f93df7,metering_sheet_quirk,citipower,2025-26,,,,aer-consolidated-2025-26-v5,,,,"Metering!H87 holds 'Exit fee' in the 'Tariff code' column (charge kind, not a code); 'Three phase direct connected meter'"
metering_sheet_quirk/cad1160a88,metering_sheet_quirk,citipower,2025-26,,,,aer-consolidated-2025-26-v5,,,,"Metering!H86 holds 'Exit fee' in the 'Tariff code' column (charge kind, not a code); 'Single Phase'"
metering_sheet_quirk/cc778da18e,metering_sheet_quirk,unitedenergy,2025-26,,,,aer-consolidated-2025-26-v5,,,,"Metering!H451 holds 'Exit fee' in the 'Tariff code' column (charge kind, not a code); 'AMI three phase current transformer'"
metering_sheet_quirk/cd29a0eaec,metering_sheet_quirk,unitedenergy,2026-27,,,,aer-consolidated-2026-27-v5,,,,"Metering!H452 holds 'Exit fee' in the 'Tariff code' column (charge kind, not a code); 'Basic or MRIM'"
metering_sheet_quirk/d9b9cc0dcc,metering_sheet_quirk,endeavour,2025-26,,,,aer-consolidated-2025-26-v5,,,,Metering!L117 is blank for 'Metering - Prosumer': no price row
metering_sheet_quirk/e29bcb6d5c,metering_sheet_quirk,citipower,2025-26,,,,aer-consolidated-2025-26-v1,,,,"Metering!H88 holds 'Exit fee' in the 'Tariff code' column (charge kind, not a code); 'Three phase CT connected meter'"
metering_sheet_quirk/e43e373dd0,metering_sheet_quirk,ausnet,2025-26,,,,aer-consolidated-2025-26-v5,,,,"Metering!H55 holds 'Exit fee' in the 'Tariff code' column (charge kind, not a code); 'Single phase single element'"
metering_sheet_quirk/e86c1762c2,metering_sheet_quirk,tasnetworks,2026-27,,,,aer-consolidated-2026-27-v5,,,,Metering!J411 'Charge' column is 0: the price period is not stated; 'Business LV - Single phase'
metering_sheet_quirk/e884d9cd8e,metering_sheet_quirk,tasnetworks,2026-27,,,,aer-consolidated-2026-27-v5,,,,Metering!J414 'Charge' column is 0: the price period is not stated; 'Domestic LV - Single phase'
metering_sheet_quirk/ece3fee167,metering_sheet_quirk,jemena,2025-26,,,,aer-consolidated-2025-26-v5,,,,"Metering!H287 holds 'Exit fee' in the 'Tariff code' column (charge kind, not a code); 'Multiphase'"
metering_sheet_quirk/f80c49dc9d,metering_sheet_quirk,powercor,2025-26,,,,aer-consolidated-2025-26-v1,,,,"Metering!H352 holds 'Exit fee' in the 'Tariff code' column (charge kind, not a code); 'AMI three phase current transformer'"
metering_sheet_quirk/fa331c6c27,metering_sheet_quirk,powercor,2025-26,,,,aer-consolidated-2025-26-v5,,,,"Metering!H351 holds 'Exit fee' in the 'Tariff code' column (charge kind, not a code); 'AMI three phase'"
metering_sheet_quirk/fb4a56e0eb,metering_sheet_quirk,ausnet,2025-26,,,,aer-consolidated-2025-26-v5,,,,"Metering!H57 holds 'Exit fee' in the 'Tariff code' column (charge kind, not a code); 'Multiphase'"
metering_sheet_quirk/ff5a2dd869,metering_sheet_quirk,unitedenergy,2025-26,,,,aer-consolidated-2025-26-v5,,,,"Metering!H450 holds 'Exit fee' in the 'Tariff code' column (charge kind, not a code); 'AMI three phase'"
no_aer_file_2023_24/02e475dcc4,no_aer_file_2023_24,ausgrid,2023-24,,,,ausgrid-2023-24-annual-scs-pricing-proposal-31mar2023,,,,no AER-authored price file for 2023-24; the AER side is the distributor's own proposal hosted on aer.gov.au
no_aer_file_2023_24/26f7e05714,no_aer_file_2023_24,endeavour,2023-24,,,,endeavour-2023-24-pricing-proposal-31mar2023,,,,no AER-authored price file for 2023-24; the AER side is the distributor's own proposal hosted on aer.gov.au
no_aer_file_2023_24/2b6fad1836,no_aer_file_2023_24,essential,2023-24,,,,essential-2023-24-network-price-list-31mar2023,,,,no AER-authored price file for 2023-24; the AER side is the distributor's own proposal hosted on aer.gov.au
no_aer_file_2023_24/3b63f28280,no_aer_file_2023_24,ausnet,2023-24,,,,ausnet-2023-24-schedule-of-tariffs-31mar2023,,,,no AER-authored price file for 2023-24; the AER side is the distributor's own proposal hosted on aer.gov.au
no_aer_file_2023_24/3e61416b4f,no_aer_file_2023_24,tasnetworks,2023-24,,,,tasnetworks-2023-24-network-tariff-application-and-price-guide-4apr2023,,,,no AER-authored price file for 2023-24; the AER side is the distributor's own proposal hosted on aer.gov.au
no_aer_file_2023_24/41701015c6,no_aer_file_2023_24,unitedenergy,2023-24,,,,unitedenergy-2023-24-tariff-summary-31mar2023,,,,no AER-authored price file for 2023-24; the AER side is the distributor's own proposal hosted on aer.gov.au
no_aer_file_2023_24/540e87868f,no_aer_file_2023_24,ergon,2023-24,,,,ergon-2023-24-network-price-list-31mar2023,,,,no AER-authored price file for 2023-24; the AER side is the distributor's own proposal hosted on aer.gov.au
no_aer_file_2023_24/6003260cf6,no_aer_file_2023_24,jemena,2023-24,,,,jemena-2023-24-network-tariff-schedule-31mar2023,,,,no AER-authored price file for 2023-24; the AER side is the distributor's own proposal hosted on aer.gov.au
no_aer_file_2023_24/756abddb46,no_aer_file_2023_24,citipower,2023-24,,,,citipower-2023-24-tariff-summary-31mar2023,,,,no AER-authored price file for 2023-24; the AER side is the distributor's own proposal hosted on aer.gov.au
no_aer_file_2023_24/75bd7709d9,no_aer_file_2023_24,energex,2023-24,,,,energex-2023-24-network-price-list-27apr2023,,,,no AER-authored price file for 2023-24; the AER side is the distributor's own proposal hosted on aer.gov.au
no_aer_file_2023_24/7974a6a811,no_aer_file_2023_24,powercor,2023-24,,,,powercor-2023-24-tariff-summary-31mar2023,,,,no AER-authored price file for 2023-24; the AER side is the distributor's own proposal hosted on aer.gov.au
no_aer_file_2023_24/7d78f6ff49,no_aer_file_2023_24,sapn,2023-24,,,,sapn-2023-24-annual-pricing-proposal-revised-8may2023,,,,no AER-authored price file for 2023-24; the AER side is the distributor's own proposal hosted on aer.gov.au
no_aer_file_2023_24/bead541b6c,no_aer_file_2023_24,powerwater,2023-24,,,,pwc-2023-24-network-pricing-proposal-30mar2023,,,,no AER-authored price file for 2023-24; the AER side is the distributor's own proposal hosted on aer.gov.au
no_aer_file_2023_24/f4eca48dc6,no_aer_file_2023_24,evoenergy,2023-24,,,,evoenergy-2023-24-electricity-network-pricing-proposal-5may2023,,,,no AER-authored price file for 2023-24; the AER side is the distributor's own proposal hosted on aer.gov.au
parser_note_page_offset/094f61e0bd,parser_note_page_offset,evoenergy,2024-25,,evoenergy-schedule-of-charges-2024-25-lfit-adjusted/124,evoenergy-schedule-of-charges-2024-25-lfit-adjusted/124/NUoS/excl/pdf:p17/seasonal-kva-demand-high,evoenergy-schedule-of-charges-2024-25-lfit-adjusted,,,,"note says page 18, value is on page 17 (locator is correct)"
parser_note_page_offset/0962871fce,parser_note_page_offset,evoenergy,2024-25,,evoenergy-schedule-of-charges-2024-25-lfit-adjusted/105,evoenergy-schedule-of-charges-2024-25-lfit-adjusted/105/NUoS/excl/pdf:p11/shoulder-energy,evoenergy-schedule-of-charges-2024-25-lfit-adjusted,,,,"note says page 12, value is on page 11 (locator is correct)"
parser_note_page_offset/0ce5b878e8,parser_note_page_offset,evoenergy,2024-25,,evoenergy-schedule-of-charges-2024-25-lfit-adjusted/081,evoenergy-schedule-of-charges-2024-25-lfit-adjusted/081/NUoS/excl/pdf:p13,evoenergy-schedule-of-charges-2024-25-lfit-adjusted,,,,"note says page 14, value is on page 13 (locator is correct)"
parser_note_page_offset/0ef742ea0b,parser_note_page_offset,evoenergy,2024-25,,evoenergy-schedule-of-charges-2024-25-lfit-adjusted/090,evoenergy-schedule-of-charges-2024-25-lfit-adjusted/090/NUoS/excl/pdf:p9/fixed,evoenergy-schedule-of-charges-2024-25-lfit-adjusted,,,,"note says page 10, value is on page 9 (locator is correct)"
parser_note_page_offset/22ad61df5c,parser_note_page_offset,evoenergy,2024-25,,evoenergy-schedule-of-charges-2024-25-lfit-adjusted/104,evoenergy-schedule-of-charges-2024-25-lfit-adjusted/104/NUoS/excl/pdf:p10/peak-kva-demand,evoenergy-schedule-of-charges-2024-25-lfit-adjusted,,,,"note says page 11, value is on page 10 (locator is correct)"
parser_note_page_offset/2654bc4f2c,parser_note_page_offset,evoenergy,2024-25,,evoenergy-schedule-of-charges-2024-25-lfit-adjusted/105,evoenergy-schedule-of-charges-2024-25-lfit-adjusted/105/NUoS/excl/pdf:p11/peak-kva-demand,evoenergy-schedule-of-charges-2024-25-lfit-adjusted,,,,"note says page 12, value is on page 11 (locator is correct)"
parser_note_page_offset/272957f794,parser_note_page_offset,evoenergy,2024-25,,evoenergy-schedule-of-charges-2024-25-lfit-adjusted/026,evoenergy-schedule-of-charges-2024-25-lfit-adjusted/026/NUoS/excl/pdf:p7/peak-kw-demand,evoenergy-schedule-of-charges-2024-25-lfit-adjusted,,,,"note says page 8, value is on page 7 (locator is correct)"
parser_note_page_offset/2ab4c49525,parser_note_page_offset,evoenergy,2024-25,,evoenergy-schedule-of-charges-2024-25-lfit-adjusted/135,evoenergy-schedule-of-charges-2024-25-lfit-adjusted/135/NUoS/excl/pdf:p14,evoenergy-schedule-of-charges-2024-25-lfit-adjusted,,,,"note says page 15, value is on page 14 (locator is correct)"
parser_note_page_offset/2fa0db3c1a,parser_note_page_offset,evoenergy,2024-25,,evoenergy-schedule-of-charges-2024-25-lfit-adjusted/104,evoenergy-schedule-of-charges-2024-25-lfit-adjusted/104/NUoS/excl/pdf:p10/off-peak-energy,evoenergy-schedule-of-charges-2024-25-lfit-adjusted,,,,"note says page 11, value is on page 10 (locator is correct)"
parser_note_page_offset/3646fc0618,parser_note_page_offset,evoenergy,2024-25,,evoenergy-schedule-of-charges-2024-25-lfit-adjusted/104,evoenergy-schedule-of-charges-2024-25-lfit-adjusted/104/NUoS/excl/pdf:p10/peak-energy,evoenergy-schedule-of-charges-2024-25-lfit-adjusted,,,,"note says page 11, value is on page 10 (locator is correct)"
parser_note_page_offset/44ecf56b3b,parser_note_page_offset,evoenergy,2024-25,,evoenergy-schedule-of-charges-2024-25-lfit-adjusted/123,evoenergy-schedule-of-charges-2024-25-lfit-adjusted/123/NUoS/excl/pdf:p16/capacity,evoenergy-schedule-of-charges-2024-25-lfit-adjusted,,,,"note says page 17, value is on page 16 (locator is correct)"
parser_note_page_offset/47a7f05beb,parser_note_page_offset,evoenergy,2024-25,,evoenergy-schedule-of-charges-2024-25-lfit-adjusted/104,evoenergy-schedule-of-charges-2024-25-lfit-adjusted/104/NUoS/excl/pdf:p10/fixed,evoenergy-schedule-of-charges-2024-25-lfit-adjusted,,,,"note says page 11, value is on page 10 (locator is correct)"
parser_note_page_offset/4962af5685,parser_note_page_offset,evoenergy,2024-25,,evoenergy-schedule-of-charges-2024-25-lfit-adjusted/108,evoenergy-schedule-of-charges-2024-25-lfit-adjusted/108/NUoS/excl/pdf:p12/capacity,evoenergy-schedule-of-charges-2024-25-lfit-adjusted,,,,"note says page 13, value is on page 12 (locator is correct)"
parser_note_page_offset/497905ab7c,parser_note_page_offset,evoenergy,2024-25,,evoenergy-schedule-of-charges-2024-25-lfit-adjusted/123,evoenergy-schedule-of-charges-2024-25-lfit-adjusted/123/NUoS/excl/pdf:p16/net-energy,evoenergy-schedule-of-charges-2024-25-lfit-adjusted,,,,"note says page 17, value is on page 16 (locator is correct)"
parser_note_page_offset/4f90c47cbe,parser_note_page_offset,evoenergy,2024-25,,evoenergy-schedule-of-charges-2024-25-lfit-adjusted/090,evoenergy-schedule-of-charges-2024-25-lfit-adjusted/090/NUoS/excl/pdf:p9/off-peak-energy,evoenergy-schedule-of-charges-2024-25-lfit-adjusted,,,,"note says page 10, value is on page 9 (locator is correct)"
parser_note_page_offset/5a3dd7a013,parser_note_page_offset,evoenergy,2024-25,,evoenergy-schedule-of-charges-2024-25-lfit-adjusted/070,evoenergy-schedule-of-charges-2024-25-lfit-adjusted/070/NUoS/excl/pdf:p8,evoenergy-schedule-of-charges-2024-25-lfit-adjusted,,,,"note says page 9, value is on page 8 (locator is correct)"
parser_note_page_offset/5c3caa8036,parser_note_page_offset,evoenergy,2024-25,,evoenergy-schedule-of-charges-2024-25-lfit-adjusted/020,evoenergy-schedule-of-charges-2024-25-lfit-adjusted/020/NUoS/excl/pdf:p5/fixed,evoenergy-schedule-of-charges-2024-25-lfit-adjusted,,,,"note says page 6, value is on page 5 (locator is correct)"
parser_note_page_offset/5cdaf2b11d,parser_note_page_offset,evoenergy,2024-25,,evoenergy-schedule-of-charges-2024-25-lfit-adjusted/015,evoenergy-schedule-of-charges-2024-25-lfit-adjusted/015/NUoS/excl/pdf:p4/fixed,evoenergy-schedule-of-charges-2024-25-lfit-adjusted,,,,"note says page 5, value is on page 4 (locator is correct)"
parser_note_page_offset/65ca5a697a,parser_note_page_offset,evoenergy,2024-25,,evoenergy-schedule-of-charges-2024-25-lfit-adjusted/123,evoenergy-schedule-of-charges-2024-25-lfit-adjusted/123/NUoS/excl/pdf:p16/seasonal-kva-demand-low,evoenergy-schedule-of-charges-2024-25-lfit-adjusted,,,,"note says page 17, value is on page 16 (locator is correct)"
parser_note_page_offset/6d3b9dcc4f,parser_note_page_offset,evoenergy,2024-25,,evoenergy-schedule-of-charges-2024-25-lfit-adjusted/124,evoenergy-schedule-of-charges-2024-25-lfit-adjusted/124/NUoS/excl/pdf:p17/seasonal-kva-demand-low,evoenergy-schedule-of-charges-2024-25-lfit-adjusted,,,,"note says page 18, value is on page 17 (locator is correct)"
parser_note_page_offset/6da4fa051d,parser_note_page_offset,evoenergy,2024-25,,evoenergy-schedule-of-charges-2024-25-lfit-adjusted/124,evoenergy-schedule-of-charges-2024-25-lfit-adjusted/124/NUoS/excl/pdf:p17/net-energy,evoenergy-schedule-of-charges-2024-25-lfit-adjusted,,,,"note says page 18, value is on page 17 (locator is correct)"
parser_note_page_offset/6ffd642eb9,parser_note_page_offset,evoenergy,2024-25,,evoenergy-schedule-of-charges-2024-25-lfit-adjusted/123,evoenergy-schedule-of-charges-2024-25-lfit-adjusted/123/NUoS/excl/pdf:p16/seasonal-kva-demand-high,evoenergy-schedule-of-charges-2024-25-lfit-adjusted,,,,"note says page 17, value is on page 16 (locator is correct)"
parser_note_page_offset/72fa76fcbb,parser_note_page_offset,evoenergy,2024-25,,evoenergy-schedule-of-charges-2024-25-lfit-adjusted/026,evoenergy-schedule-of-charges-2024-25-lfit-adjusted/026/NUoS/excl/pdf:p7/fixed,evoenergy-schedule-of-charges-2024-25-lfit-adjusted,,,,"note says page 8, value is on page 7 (locator is correct)"
parser_note_page_offset/7421ed8228,parser_note_page_offset,evoenergy,2024-25,,evoenergy-schedule-of-charges-2024-25-lfit-adjusted/015,evoenergy-schedule-of-charges-2024-25-lfit-adjusted/015/NUoS/excl/pdf:p4/shoulder-energy,evoenergy-schedule-of-charges-2024-25-lfit-adjusted,,,,"note says page 5, value is on page 4 (locator is correct)"
parser_note_page_offset/79c99854b5,parser_note_page_offset,evoenergy,2024-25,,evoenergy-schedule-of-charges-2024-25-lfit-adjusted/104,evoenergy-schedule-of-charges-2024-25-lfit-adjusted/104/NUoS/excl/pdf:p10/shoulder-energy,evoenergy-schedule-of-charges-2024-25-lfit-adjusted,,,,"note says page 11, value is on page 10 (locator is correct)"
parser_note_page_offset/818ede3ecd,parser_note_page_offset,evoenergy,2024-25,,evoenergy-schedule-of-charges-2024-25-lfit-adjusted/121,evoenergy-schedule-of-charges-2024-25-lfit-adjusted/121/NUoS/excl/pdf:p15/peak-kva-demand,evoenergy-schedule-of-charges-2024-25-lfit-adjusted,,,,"note says page 16, value is on page 15 (locator is correct)"
parser_note_page_offset/854b1a2858,parser_note_page_offset,evoenergy,2024-25,,evoenergy-schedule-of-charges-2024-25-lfit-adjusted/090,evoenergy-schedule-of-charges-2024-25-lfit-adjusted/090/NUoS/excl/pdf:p9/peak-energy,evoenergy-schedule-of-charges-2024-25-lfit-adjusted,,,,"note says page 10, value is on page 9 (locator is correct)"
parser_note_page_offset/87c0fd512a,parser_note_page_offset,evoenergy,2024-25,,evoenergy-schedule-of-charges-2024-25-lfit-adjusted/015,evoenergy-schedule-of-charges-2024-25-lfit-adjusted/015/NUoS/excl/pdf:p4/off-peak-energy,evoenergy-schedule-of-charges-2024-25-lfit-adjusted,,,,"note says page 5, value is on page 4 (locator is correct)"
parser_note_page_offset/8a5aada8bf,parser_note_page_offset,evoenergy,2024-25,,evoenergy-schedule-of-charges-2024-25-lfit-adjusted/121,evoenergy-schedule-of-charges-2024-25-lfit-adjusted/121/NUoS/excl/pdf:p15/fixed,evoenergy-schedule-of-charges-2024-25-lfit-adjusted,,,,"note says page 16, value is on page 15 (locator is correct)"
parser_note_page_offset/903d26a582,parser_note_page_offset,evoenergy,2024-25,,evoenergy-schedule-of-charges-2024-25-lfit-adjusted/105,evoenergy-schedule-of-charges-2024-25-lfit-adjusted/105/NUoS/excl/pdf:p11/fixed,evoenergy-schedule-of-charges-2024-25-lfit-adjusted,,,,"note says page 12, value is on page 11 (locator is correct)"
parser_note_page_offset/9454c94752,parser_note_page_offset,evoenergy,2024-25,,evoenergy-schedule-of-charges-2024-25-lfit-adjusted/024,evoenergy-schedule-of-charges-2024-25-lfit-adjusted/024/NUoS/excl/pdf:p6/fixed,evoenergy-schedule-of-charges-2024-25-lfit-adjusted,,,,"note says page 7, value is on page 6 (locator is correct)"
parser_note_page_offset/965fcb0b69,parser_note_page_offset,evoenergy,2024-25,,evoenergy-schedule-of-charges-2024-25-lfit-adjusted/020,evoenergy-schedule-of-charges-2024-25-lfit-adjusted/020/NUoS/excl/pdf:p5/anytime-energy-block-1,evoenergy-schedule-of-charges-2024-25-lfit-adjusted,,,,"note says page 6, value is on page 5 (locator is correct)"
parser_note_page_offset/9810025803,parser_note_page_offset,evoenergy,2024-25,,evoenergy-schedule-of-charges-2024-25-lfit-adjusted/015,evoenergy-schedule-of-charges-2024-25-lfit-adjusted/015/NUoS/excl/pdf:p4/peak-energy,evoenergy-schedule-of-charges-2024-25-lfit-adjusted,,,,"note says page 5, value is on page 4 (locator is correct)"
parser_note_page_offset/9913ee99a1,parser_note_page_offset,evoenergy,2024-25,,evoenergy-schedule-of-charges-2024-25-lfit-adjusted/024,evoenergy-schedule-of-charges-2024-25-lfit-adjusted/024/NUoS/excl/pdf:p6/off-peak-energy,evoenergy-schedule-of-charges-2024-25-lfit-adjusted,,,,"note says page 7, value is on page 6 (locator is correct)"
parser_note_page_offset/9adb9a96d9,parser_note_page_offset,evoenergy,2024-25,,evoenergy-schedule-of-charges-2024-25-lfit-adjusted/108,evoenergy-schedule-of-charges-2024-25-lfit-adjusted/108/NUoS/excl/pdf:p12/net-energy,evoenergy-schedule-of-charges-2024-25-lfit-adjusted,,,,"note says page 13, value is on page 12 (locator is correct)"
parser_note_page_offset/a14386d1e7,parser_note_page_offset,evoenergy,2024-25,,evoenergy-schedule-of-charges-2024-25-lfit-adjusted/108,evoenergy-schedule-of-charges-2024-25-lfit-adjusted/108/NUoS/excl/pdf:p12/seasonal-kva-demand-high,evoenergy-schedule-of-charges-2024-25-lfit-adjusted,,,,"note says page 13, value is on page 12 (locator is correct)"
parser_note_page_offset/a1bbdedae6,parser_note_page_offset,evoenergy,2024-25,,evoenergy-schedule-of-charges-2024-25-lfit-adjusted/105,evoenergy-schedule-of-charges-2024-25-lfit-adjusted/105/NUoS/excl/pdf:p11/off-peak-energy,evoenergy-schedule-of-charges-2024-25-lfit-adjusted,,,,"note says page 12, value is on page 11 (locator is correct)"
parser_note_page_offset/a4e9f596ed,parser_note_page_offset,evoenergy,2024-25,,evoenergy-schedule-of-charges-2024-25-lfit-adjusted/024,evoenergy-schedule-of-charges-2024-25-lfit-adjusted/024/NUoS/excl/pdf:p6/solar-soak-energy,evoenergy-schedule-of-charges-2024-25-lfit-adjusted,,,,"note says page 7, value is on page 6 (locator is correct)"
parser_note_page_offset/aa5b3fb03f,parser_note_page_offset,evoenergy,2024-25,,evoenergy-schedule-of-charges-2024-25-lfit-adjusted/090,evoenergy-schedule-of-charges-2024-25-lfit-adjusted/090/NUoS/excl/pdf:p9/shoulder-energy,evoenergy-schedule-of-charges-2024-25-lfit-adjusted,,,,"note says page 10, value is on page 9 (locator is correct)"
parser_note_page_offset/b6d4f9b9e8,parser_note_page_offset,evoenergy,2024-25,,evoenergy-schedule-of-charges-2024-25-lfit-adjusted/124,evoenergy-schedule-of-charges-2024-25-lfit-adjusted/124/NUoS/excl/pdf:p17/critical-peak-export-rebate,evoenergy-schedule-of-charges-2024-25-lfit-adjusted,,,,"note says page 18, value is on page 17 (locator is correct)"
parser_note_page_offset/be3f0c631c,parser_note_page_offset,evoenergy,2024-25,,evoenergy-schedule-of-charges-2024-25-lfit-adjusted/108,evoenergy-schedule-of-charges-2024-25-lfit-adjusted/108/NUoS/excl/pdf:p12/seasonal-kva-demand-low,evoenergy-schedule-of-charges-2024-25-lfit-adjusted,,,,"note says page 13, value is on page 12 (locator is correct)"
parser_note_page_offset/c083f05aa0,parser_note_page_offset,evoenergy,2024-25,,evoenergy-schedule-of-charges-2024-25-lfit-adjusted/121,evoenergy-schedule-of-charges-2024-25-lfit-adjusted/121/NUoS/excl/pdf:p15/capacity,evoenergy-schedule-of-charges-2024-25-lfit-adjusted,,,,"note says page 16, value is on page 15 (locator is correct)"
parser_note_page_offset/c619f64064,parser_note_page_offset,evoenergy,2024-25,,evoenergy-schedule-of-charges-2024-25-lfit-adjusted/105,evoenergy-schedule-of-charges-2024-25-lfit-adjusted/105/NUoS/excl/pdf:p11/capacity,evoenergy-schedule-of-charges-2024-25-lfit-adjusted,,,,"note says page 12, value is on page 11 (locator is correct)"
parser_note_page_offset/cbbcf70319,parser_note_page_offset,evoenergy,2024-25,,evoenergy-schedule-of-charges-2024-25-lfit-adjusted/124,evoenergy-schedule-of-charges-2024-25-lfit-adjusted/124/NUoS/excl/pdf:p17/capacity,evoenergy-schedule-of-charges-2024-25-lfit-adjusted,,,,"note says page 18, value is on page 17 (locator is correct)"
parser_note_page_offset/d7c0b6988f,parser_note_page_offset,evoenergy,2024-25,,evoenergy-schedule-of-charges-2024-25-lfit-adjusted/105,evoenergy-schedule-of-charges-2024-25-lfit-adjusted/105/NUoS/excl/pdf:p11/peak-energy,evoenergy-schedule-of-charges-2024-25-lfit-adjusted,,,,"note says page 12, value is on page 11 (locator is correct)"
parser_note_page_offset/f4ead23a8b,parser_note_page_offset,evoenergy,2024-25,,evoenergy-schedule-of-charges-2024-25-lfit-adjusted/121,evoenergy-schedule-of-charges-2024-25-lfit-adjusted/121/NUoS/excl/pdf:p15/peak-energy,evoenergy-schedule-of-charges-2024-25-lfit-adjusted,,,,"note says page 16, value is on page 15 (locator is correct)"
parser_note_page_offset/fcebdcf0c5,parser_note_page_offset,evoenergy,2024-25,,evoenergy-schedule-of-charges-2024-25-lfit-adjusted/026,evoenergy-schedule-of-charges-2024-25-lfit-adjusted/026/NUoS/excl/pdf:p7/anytime-energy,evoenergy-schedule-of-charges-2024-25-lfit-adjusted,,,,"note says page 8, value is on page 7 (locator is correct)"
price_attachment_not_held/640bc4d705,price_attachment_not_held,unitedenergy,2025-26,,,,unitedenergy-2025-26-final-pricing-31mar2025,,,,"pdf:p5: 'Attachment United Energy - 2025-26 Tariff Summary - 31 March 2025 sets out the 2025/26 network tariff pricing schedule'; that Tariff Summary attachment is neither archived nor hosted by the AER, so this document carries rules only"
price_attachment_not_held/ed84e72d2a,price_attachment_not_held,citipower,2025-26,,,,citipower-pricing-proposal-2025-26-31mar2025-wayback,,,,"pdf:p5: 'Attachment ‘CitiPower - 2025-26 Tariff Summary’ sets out the 2025/26 network tariff pricing schedule'; that Tariff Summary attachment is neither archived nor hosted by the AER, so this document carries rules only"
price_status_unverified/075b44a4e2,price_status_unverified,tasnetworks,2023-24,,,,tasnetworks-2023-24-network-tariff-application-and-price-guide-4apr2023,,,,"DNSP-submitted Network tariff application and price guide 2023-24 hosted on aer.gov.au: no held source states whether these prices were proposed, approved or final"
price_status_unverified/0fbef07b30,price_status_unverified,ausnet,2024-25,,,,ausnet-2024-25-schedule-of-tariffs-28mar2024,,,,"DNSP-submitted Schedule of tariffs 2024-25 xlsx hosted on aer.gov.au: no held source states whether these prices were proposed, approved or final"
price_status_unverified/1bb58544a4,price_status_unverified,ausgrid,2023-24,,,,ausgrid-2023-24-annual-scs-pricing-proposal-31mar2023,,,,"DNSP-submitted annual SCS pricing proposal (contains price list) hosted on aer.gov.au - no AER-authored price file exists for 2023-24: no held source states whether these prices were proposed, approved or final"
price_status_unverified/231f7c8fc4,price_status_unverified,citipower,2023-24,,,,citipower-2023-24-tariff-summary-31mar2023,,,,"DNSP-submitted Tariff Summary xlsx hosted on aer.gov.au: no held source states whether these prices were proposed, approved or final"
price_status_unverified/27bb6e6938,price_status_unverified,energex,2024-25,,,,energex-2024-25-network-price-list-28mar2024,,,,"DNSP-submitted Network Price List xlsx hosted on aer.gov.au: no held source states whether these prices were proposed, approved or final"
price_status_unverified/30c79ad291,price_status_unverified,jemena,2024-25,,,,jemena-2024-25-network-tariff-schedule-28mar2024,,,,"DNSP-submitted Network Tariff Schedule PDF hosted on aer.gov.au: no held source states whether these prices were proposed, approved or final"
price_status_unverified/354887f84f,price_status_unverified,powerwater,2026-27,,,,pwc-2026-27-network-pricing-proposal-31mar2026,,,,"DNSP-submitted Network Pricing Proposal (31 Mar 2026) hosted on aer.gov.au (own-site 2026-27 tariff PDF blocked by Cloudflare and not in Wayback): no held source states whether these prices were proposed, approved or final"
price_status_unverified/38bd8846fe,price_status_unverified,unitedenergy,2025-26,,,,unitedenergy-2025-26-final-pricing-31mar2025,,,,"DNSP-submitted Final Pricing (31 Mar 2025) PDF hosted on aer.gov.au (own-site copy no longer served): no held source states whether these prices were proposed, approved or final"
price_status_unverified/3f897a35ee,price_status_unverified,unitedenergy,2024-25,,,,unitedenergy-2024-25-tariff-summary-28mar2024,,,,"DNSP-submitted Tariff Summary xlsx hosted on aer.gov.au: no held source states whether these prices were proposed, approved or final"
price_status_unverified/41982cb307,price_status_unverified,unitedenergy,2023-24,,,,unitedenergy-2023-24-tariff-summary-31mar2023,,,,"DNSP-submitted Tariff Summary xlsx hosted on aer.gov.au: no held source states whether these prices were proposed, approved or final"
price_status_unverified/443453d731,price_status_unverified,sapn,2025-26,,,,sapn-2025-26-pricing-proposal-overview-14may2025,,,,"DNSP-submitted Pricing Proposal Overview (14 May 2025) hosted on aer.gov.au - contains Table 9 NUoS Tariff Schedule 2025-26: no held source states whether these prices were proposed, approved or final"
price_status_unverified/4732ba40b1,price_status_unverified,endeavour,2023-24,,,,endeavour-2023-24-pricing-proposal-31mar2023,,,,"DNSP-submitted Pricing Proposal (contains NUOS price list) hosted on aer.gov.au: no held source states whether these prices were proposed, approved or final"
price_status_unverified/5a238cc948,price_status_unverified,sapn,2024-25,,,,sapn-2024-25-annual-pricing-proposal-19apr2024,,,,"DNSP-submitted Annual Pricing Proposal (19 Apr 2024) hosted on aer.gov.au: no held source states whether these prices were proposed, approved or final"
price_status_unverified/60a7f8636a,price_status_unverified,powercor,2024-25,,,,powercor-2024-25-tariff-summary-28mar2024,,,,"DNSP-submitted Tariff Summary xlsx hosted on aer.gov.au: no held source states whether these prices were proposed, approved or final"
price_status_unverified/7db62ba702,price_status_unverified,powerwater,2024-25,,,,pwc-2024-25-pricing-proposal-8may2024,,,,"DNSP-submitted Pricing Proposal (8 May 2024) hosted on aer.gov.au: no held source states whether these prices were proposed, approved or final"
price_status_unverified/8fa915f2b6,price_status_unverified,essential,2023-24,,,,essential-2023-24-network-price-list-31mar2023,,,,"DNSP-submitted Network Price List xlsx hosted on aer.gov.au: no held source states whether these prices were proposed, approved or final"
price_status_unverified/9d673e400f,price_status_unverified,powerwater,2023-24,,,,pwc-2023-24-network-pricing-proposal-30mar2023,,,,"DNSP-submitted Network Pricing Proposal document hosted on aer.gov.au: no held source states whether these prices were proposed, approved or final"
price_status_unverified/a270b981af,price_status_unverified,essential,2024-25,,,,essential-2024-25-nuos-price-list-20may2024,,,,"DNSP-submitted NUoS Price List xlsx (20 May 2024) hosted on aer.gov.au: no held source states whether these prices were proposed, approved or final"
price_status_unverified/b0a6eacebe,price_status_unverified,ausnet,2023-24,,,,ausnet-2023-24-schedule-of-tariffs-31mar2023,,,,"DNSP-submitted Schedule of tariffs 2023-24 hosted on aer.gov.au: no held source states whether these prices were proposed, approved or final"
price_status_unverified/b824f3da86,price_status_unverified,powerwater,2025-26,,,,pwc-2025-26-network-pricing-proposal-23may2025,,,,"DNSP-submitted Network Pricing Proposal (23 May 2025) hosted on aer.gov.au: no held source states whether these prices were proposed, approved or final"
price_status_unverified/bbb9f84fbd,price_status_unverified,energex,2023-24,,,,energex-2023-24-network-price-list-27apr2023,,,,"DNSP-submitted Network Price List xlsx (27 Apr 2023 revised) hosted on aer.gov.au: no held source states whether these prices were proposed, approved or final"
price_status_unverified/c4b1b76b3e,price_status_unverified,citipower,2024-25,,,,citipower-2024-25-tariff-summary-28mar2024,,,,"DNSP-submitted Tariff Summary xlsx hosted on aer.gov.au: no held source states whether these prices were proposed, approved or final"
price_status_unverified/cd4d5ffe73,price_status_unverified,powercor,2023-24,,,,powercor-2023-24-tariff-summary-31mar2023,,,,"DNSP-submitted Tariff Summary xlsx hosted on aer.gov.au: no held source states whether these prices were proposed, approved or final"
price_status_unverified/cf6dbd7189,price_status_unverified,jemena,2023-24,,,,jemena-2023-24-network-tariff-schedule-31mar2023,,,,"DNSP-submitted Network Tariff Schedule hosted on aer.gov.au: no held source states whether these prices were proposed, approved or final"
price_status_unverified/d064f1d041,price_status_unverified,sapn,2023-24,,,,sapn-2023-24-annual-pricing-proposal-revised-8may2023,,,,"DNSP-submitted Annual Pricing Proposal Revised (8 May 2023) hosted on aer.gov.au: no held source states whether these prices were proposed, approved or final"
price_status_unverified/d6bd1cf64a,price_status_unverified,ergon,2023-24,,,,ergon-2023-24-network-price-list-31mar2023,,,,"DNSP-submitted Network Price List xlsx hosted on aer.gov.au: no held source states whether these prices were proposed, approved or final"
price_status_unverified/daf197fe63,price_status_unverified,ergon,2024-25,,,,ergon-2024-25-network-price-list-28mar2024,,,,"DNSP-submitted Network Price List xlsx hosted on aer.gov.au: no held source states whether these prices were proposed, approved or final"
price_status_unverified/fd1d08a50d,price_status_unverified,evoenergy,2023-24,,,,evoenergy-2023-24-electricity-network-pricing-proposal-5may2023,,,,"DNSP-submitted electricity network pricing proposal (5 May 2023) hosted on aer.gov.au: no held source states whether these prices were proposed, approved or final"
proposed_distributor_document/37efe009b9,proposed_distributor_document,sapn,2025-26,,,,sapn-initial-pricing-proposal-overview-2025-26-id333252,,,,SAPN Initial Pricing Proposal Overview 2025-26 (May 2025) (own site) - Table 9 NUoS Tariff Schedule 2025-26; the standalone 2025-26 Tariff Price List is no longer served (superseded in place) and is not in Wayback: the distributor's own published document is a proposal; price_status = proposed
quantity_blocks/0297be1bf4,quantity_blocks,evoenergy,2023-24,evoenergy:040,,,evoenergy-statement-of-tariff-classes-and-tariffs-2023-24,,330,kWh,"pdf:p23: Energy consumption above 330 kWh per day, reset day"
quantity_blocks/038e596518,quantity_blocks,evoenergy,2026-27,evoenergy:021,,,evoenergy-schedule-of-charges-2026-27-aer-approved-april2026,,60,kWh,"xlsx:Network tariffs!D90: Anytime Energy - Block 2, reset day"
quantity_blocks/0390dca452,quantity_blocks,ergon,2024-25,ergon:EBFRMT2,,,ergon-network-price-list-2024-25-sch8-wayback,,10000,kWh,"xlsx:SACS Business!P5: Volume Peak Charge - Block 2, reset unstated"
quantity_blocks/06869bc39b,quantity_blocks,ergon,2024-25,ergon:EBFRMT1,,,ergon-network-price-list-2024-25-sch8-wayback,,10000,kWh,"xlsx:SACS Business!O5: Volume Peak Charge - Block 1, reset unstated"
quantity_blocks/0899131207,quantity_blocks,evoenergy,2023-24,evoenergy:031,,,evoenergy-statement-of-tariff-classes-and-tariffs-2023-24,,165,kWh,"pdf:p23: Energy consumption above 165 kWh per day, reset day"
quantity_blocks/08e790187e,quantity_blocks,evoenergy,2025-26,evoenergy:041,,,evoenergy-schedule-of-charges-2025-26-incl-lfit-may2025,,330,kWh,"xlsx:Network tariffs!D184: Anytime Energy - Block 1, reset day"
quantity_blocks/0efdcc3c4e,quantity_blocks,evoenergy,2026-27,evoenergy:031,,,evoenergy-schedule-of-charges-2026-27-incl-lfit-june2026,,165,kWh,"xlsx:Network tariffs!D149: Anytime Energy - Block 1, reset day"
quantity_blocks/11dd66d0a9,quantity_blocks,ergon,2024-25,ergon:EBFRMT1,,,ergon-2024-25-network-price-list-28mar2024,,10000,kWh,"xlsx:SACS Business!P5: Volume Peak Charge - Block 2, reset unstated"
quantity_blocks/16d8f5d3bd,quantity_blocks,evoenergy,2024-25,evoenergy:031,,,evoenergy-schedule-of-charges-2024-25-lfit-adjusted,,165,kWh,"pdf:p8: Anytime Energy - Block 2, reset day"
quantity_blocks/1cdeeecb86,quantity_blocks,evoenergy,2024-25,evoenergy:030,,,evoenergy-schedule-of-charges-2024-25-lfit-adjusted,,165,kWh,"pdf:p8: Anytime Energy - Block 1, reset day"
quantity_blocks/1e0c30b176,quantity_blocks,ergon,2023-24,ergon:EBFRMT2,,,ergon-2023-24-network-price-list-31mar2023,,10000,kWh,"xlsx:SACS Business!P5: Volume Peak Charge - Block 2, reset unstated"
quantity_blocks/20cf54affa,quantity_blocks,evoenergy,2025-26,evoenergy:030,,,evoenergy-schedule-of-charges-2025-26-incl-lfit-may2025,,165,kWh,"xlsx:Network tariffs!D140: Anytime Energy - Block 1, reset day"
quantity_blocks/21292e5913,quantity_blocks,ergon,2023-24,ergon:EBFRMT3,,,ergon-network-price-list-2023-24-sch8-wayback,,10000,kWh,"xlsx:SACS Business!O5: Volume Peak Charge - Block 1, reset unstated"
quantity_blocks/230297b155,quantity_blocks,evoenergy,2026-27,evoenergy:041,,,evoenergy-schedule-of-charges-2026-27-incl-lfit-june2026,,330,kWh,"xlsx:Network tariffs!D191: Anytime Energy - Block 1, reset day"
quantity_blocks/24966327dc,quantity_blocks,evoenergy,2025-26,evoenergy:031,,,evoenergy-schedule-of-charges-2025-26-incl-lfit-may2025,,165,kWh,"xlsx:Network tariffs!D149: Anytime Energy - Block 1, reset day"
quantity_blocks/2546f2fcea,quantity_blocks,evoenergy,2024-25,evoenergy:021,,,evoenergy-schedule-of-charges-2024-25-lfit-adjusted,,60,kWh,"pdf:p6: Anytime Energy - Block 2, reset day"
quantity_blocks/2bfdbb02b1,quantity_blocks,evoenergy,2026-27,evoenergy:040,,,evoenergy-schedule-of-charges-2026-27-incl-lfit-june2026,,330,kWh,"xlsx:Network tariffs!D182: Anytime Energy - Block 1, reset day"
quantity_blocks/2c7aab0096,quantity_blocks,evoenergy,2024-25,evoenergy:041,,,evoenergy-schedule-of-charges-2024-25-lfit-adjusted,,330,kWh,"pdf:p9: Anytime Energy - Block 2, reset day"
quantity_blocks/2f166f4094,quantity_blocks,ergon,2023-24,ergon:EBFRMT2,,,ergon-network-price-list-2023-24-sch8-wayback,,10000,kWh,"xlsx:SACS Business!O5: Volume Peak Charge - Block 1, reset unstated"
quantity_blocks/37d95b3704,quantity_blocks,unitedenergy,2026-27,unitedenergy:UFS,,,ue-pricing-proposal-2026-27-07may2026,,1,kWh,"pdf:p8: Saver energy export - BEL (exempt), 1 kWh per day x days in billing period, unused allowance rolls over within the billing period, reset billing_period_per_day"
quantity_blocks/3f3b2c9bca,quantity_blocks,evoenergy,2026-27,evoenergy:030,,,evoenergy-schedule-of-charges-2026-27-incl-lfit-june2026,,165,kWh,"xlsx:Network tariffs!D141: Anytime Energy - Block 2, reset day"
quantity_blocks/4ce29f5063,quantity_blocks,ergon,2024-25,ergon:EBFRMT3,,,ergon-network-price-list-2024-25-sch8-wayback,,10000,kWh,"xlsx:SACS Business!O5: Volume Peak Charge - Block 1, reset unstated"
quantity_blocks/4d167af4b6,quantity_blocks,unitedenergy,2026-27,unitedenergy:URCER,,,ue-pricing-proposal-2026-27-07may2026,,1,kWh,"pdf:p6: Saver energy export - above BEL (charged), reset billing_period_per_day"
quantity_blocks/4eaf898b77,quantity_blocks,evoenergy,2023-24,evoenergy:021,,,evoenergy-statement-of-tariff-classes-and-tariffs-2023-24,,60,kWh,"pdf:p22: Energy consumption above 60 kWh per day, reset day"
quantity_blocks/4f2e3c2d2b,quantity_blocks,evoenergy,2026-27,evoenergy:031,,,evoenergy-schedule-of-charges-2026-27-incl-lfit-june2026,,165,kWh,"xlsx:Network tariffs!D150: Anytime Energy - Block 2, reset day"
quantity_blocks/504e906110,quantity_blocks,evoenergy,2026-27,evoenergy:030,,,evoenergy-schedule-of-charges-2026-27-incl-lfit-june2026,,165,kWh,"xlsx:Network tariffs!D140: Anytime Energy - Block 1, reset day"
quantity_blocks/53295414b6,quantity_blocks,ergon,2023-24,ergon:EBFRMT1,,,ergon-2023-24-network-price-list-31mar2023,,10000,kWh,"xlsx:SACS Business!P5: Volume Peak Charge - Block 2, reset unstated"
quantity_blocks/54873b2107,quantity_blocks,evoenergy,2025-26,evoenergy:030,,,evoenergy-schedule-of-charges-2025-26-incl-lfit-may2025,,165,kWh,"xlsx:Network tariffs!D141: Anytime Energy - Block 2, reset day"
quantity_blocks/585a17b896,quantity_blocks,ergon,2024-25,ergon:EBFRMT2,,,ergon-network-price-list-2024-25-sch8-wayback,,10000,kWh,"xlsx:SACS Business!O5: Volume Peak Charge - Block 1, reset unstated"
quantity_blocks/5e9a62387f,quantity_blocks,ergon,2023-24,ergon:EBFRMT1,,,ergon-2023-24-network-price-list-31mar2023,,10000,kWh,"xlsx:SACS Business!O5: Volume Peak Charge - Block 1, reset unstated"
quantity_blocks/604ce53b87,quantity_blocks,evoenergy,2024-25,evoenergy:041,,,evoenergy-schedule-of-charges-2024-25-lfit-adjusted,,330,kWh,"pdf:p9: Anytime Energy - Block 1, reset day"
quantity_blocks/61691f8685,quantity_blocks,ergon,2023-24,ergon:EBFRMT3,,,ergon-2023-24-network-price-list-31mar2023,,10000,kWh,"xlsx:SACS Business!P5: Volume Peak Charge - Block 2, reset unstated"
quantity_blocks/68613a910f,quantity_blocks,evoenergy,2024-25,evoenergy:021,,,evoenergy-schedule-of-charges-2024-25-lfit-adjusted,,60,kWh,"pdf:p6: Anytime Energy - Block 1, reset day"
quantity_blocks/68ae81bc85,quantity_blocks,evoenergy,2023-24,evoenergy:021,,,evoenergy-statement-of-tariff-classes-and-tariffs-2023-24,,60,kWh,"pdf:p22: Energy consumption for the first 60 kWh per day, reset day"
quantity_blocks/6fa8511894,quantity_blocks,ergon,2024-25,ergon:EBFRMT3,,,ergon-2024-25-network-price-list-28mar2024,,10000,kWh,"xlsx:SACS Business!O5: Volume Peak Charge - Block 1, reset unstated"
quantity_blocks/703660f735,quantity_blocks,ergon,2023-24,ergon:EBFRMT1,,,ergon-network-price-list-2023-24-sch8-wayback,,10000,kWh,"xlsx:SACS Business!P5: Volume Peak Charge - Block 2, reset unstated"
quantity_blocks/7315e0007c,quantity_blocks,evoenergy,2024-25,evoenergy:020,,,evoenergy-schedule-of-charges-2024-25-lfit-adjusted,,60,kWh,"pdf:p5: Anytime Energy - Block 1, reset day"
quantity_blocks/7c9e30d686,quantity_blocks,ergon,2023-24,ergon:EBFRMT3,,,ergon-network-price-list-2023-24-sch8-wayback,,10000,kWh,"xlsx:SACS Business!P5: Volume Peak Charge - Block 2, reset unstated"
quantity_blocks/7ca2cda1e8,quantity_blocks,evoenergy,2023-24,evoenergy:030,,,evoenergy-statement-of-tariff-classes-and-tariffs-2023-24,,165,kWh,"pdf:p23: Energy consumption above 165 kWh per day, reset day"
quantity_blocks/7dbc22b5af,quantity_blocks,ergon,2023-24,ergon:EBFRMT2,,,ergon-network-price-list-2023-24-sch8-wayback,,10000,kWh,"xlsx:SACS Business!P5: Volume Peak Charge - Block 2, reset unstated"
quantity_blocks/7dd4e57351,quantity_blocks,ergon,2024-25,ergon:EBFRMT2,,,ergon-2024-25-network-price-list-28mar2024,,10000,kWh,"xlsx:SACS Business!O5: Volume Peak Charge - Block 1, reset unstated"
quantity_blocks/829f0f2505,quantity_blocks,evoenergy,2025-26,evoenergy:040,,,evoenergy-schedule-of-charges-2025-26-incl-lfit-may2025,,330,kWh,"xlsx:Network tariffs!D175: Anytime Energy - Block 1, reset day"
quantity_blocks/836271a4f1,quantity_blocks,evoenergy,2024-25,evoenergy:040,,,evoenergy-schedule-of-charges-2024-25-lfit-adjusted,,330,kWh,"pdf:p9: Anytime Energy - Block 2, reset day"
quantity_blocks/854af739bc,quantity_blocks,ergon,2024-25,ergon:EBFRMT2,,,ergon-2024-25-network-price-list-28mar2024,,10000,kWh,"xlsx:SACS Business!P5: Volume Peak Charge - Block 2, reset unstated"
quantity_blocks/865d7b76fc,quantity_blocks,evoenergy,2026-27,evoenergy:040,,,evoenergy-schedule-of-charges-2026-27-incl-lfit-june2026,,330,kWh,"xlsx:Network tariffs!D183: Anytime Energy - Block 2, reset day"
quantity_blocks/875bc3fae5,quantity_blocks,evoenergy,2026-27,evoenergy:040,,,evoenergy-schedule-of-charges-2026-27-aer-approved-april2026,,330,kWh,"xlsx:Network tariffs!D183: Anytime Energy - Block 2, reset day"
quantity_blocks/89b76ef860,quantity_blocks,evoenergy,2026-27,evoenergy:030,,,evoenergy-schedule-of-charges-2026-27-aer-approved-april2026,,165,kWh,"xlsx:Network tariffs!D141: Anytime Energy - Block 2, reset day"
quantity_blocks/89e118e4b7,quantity_blocks,evoenergy,2024-25,evoenergy:031,,,evoenergy-schedule-of-charges-2024-25-lfit-adjusted,,165,kWh,"pdf:p8: Anytime Energy - Block 1, reset day"
quantity_blocks/8d0ab44727,quantity_blocks,evoenergy,2026-27,evoenergy:041,,,evoenergy-schedule-of-charges-2026-27-aer-approved-april2026,,330,kWh,"xlsx:Network tariffs!D192: Anytime Energy - Block 2, reset day"
quantity_blocks/8dfdafe0d5,quantity_blocks,evoenergy,2026-27,evoenergy:020,,,evoenergy-schedule-of-charges-2026-27-incl-lfit-june2026,,60,kWh,"xlsx:Network tariffs!D81: Anytime Energy - Block 2, reset day"
quantity_blocks/907388c4e5,quantity_blocks,evoenergy,2025-26,evoenergy:020,,,evoenergy-schedule-of-charges-2025-26-incl-lfit-may2025,,60,kWh,"xlsx:Network tariffs!D80: Anytime Energy - Block 1, reset day"
quantity_blocks/9293e6bb78,quantity_blocks,evoenergy,2023-24,evoenergy:041,,,evoenergy-statement-of-tariff-classes-and-tariffs-2023-24,,330,kWh,"pdf:p23: Energy consumption for the first 330 kWh per day, reset day"
quantity_blocks/99018c779f,quantity_blocks,ergon,2024-25,ergon:EBFRMT1,,,ergon-2024-25-network-price-list-28mar2024,,10000,kWh,"xlsx:SACS Business!O5: Volume Peak Charge - Block 1, reset unstated"
quantity_blocks/998ca9d6b6,quantity_blocks,ergon,2025-26,ergon:EBFRMT1,,,ergon-network-price-list-2025-26-sch8-wayback,,10000,kWh,"xlsx:SACS Business!H6: Volume Peak Charge - Block 1, reset unstated"
quantity_blocks/9cc4cc6194,quantity_blocks,unitedenergy,2026-27,unitedenergy:URCER,,,ue-pricing-proposal-2026-27-07may2026,,1,kWh,"pdf:p6: Saver energy export - BEL (exempt), 1 kWh per day x days in billing period, unused allowance rolls over within the billing period, reset billing_period_per_day"
quantity_blocks/9cecc93cb3,quantity_blocks,evoenergy,2025-26,evoenergy:041,,,evoenergy-schedule-of-charges-2025-26-incl-lfit-may2025,,330,kWh,"xlsx:Network tariffs!D185: Anytime Energy - Block 2, reset day"
quantity_blocks/9da968b1cb,quantity_blocks,evoenergy,2025-26,evoenergy:020,,,evoenergy-schedule-of-charges-2025-26-incl-lfit-may2025,,60,kWh,"xlsx:Network tariffs!D81: Anytime Energy - Block 2, reset day"
quantity_blocks/a5da27ec26,quantity_blocks,evoenergy,2026-27,evoenergy:041,,,evoenergy-schedule-of-charges-2026-27-incl-lfit-june2026,,330,kWh,"xlsx:Network tariffs!D192: Anytime Energy - Block 2, reset day"
quantity_blocks/a803431d9e,quantity_blocks,evoenergy,2025-26,evoenergy:021,,,evoenergy-schedule-of-charges-2025-26-incl-lfit-may2025,,60,kWh,"xlsx:Network tariffs!D90: Anytime Energy - Block 2, reset day"
quantity_blocks/ad94653308,quantity_blocks,evoenergy,2024-25,evoenergy:030,,,evoenergy-schedule-of-charges-2024-25-lfit-adjusted,,165,kWh,"pdf:p8: Anytime Energy - Block 2, reset day"
quantity_blocks/af3f2a7f7d,quantity_blocks,evoenergy,2026-27,evoenergy:020,,,evoenergy-schedule-of-charges-2026-27-incl-lfit-june2026,,60,kWh,"xlsx:Network tariffs!D80: Anytime Energy - Block 1, reset day"
quantity_blocks/b196e3c498,quantity_blocks,evoenergy,2025-26,evoenergy:031,,,evoenergy-schedule-of-charges-2025-26-incl-lfit-may2025,,165,kWh,"xlsx:Network tariffs!D150: Anytime Energy - Block 2, reset day"
quantity_blocks/b3d91fede1,quantity_blocks,evoenergy,2023-24,evoenergy:040,,,evoenergy-statement-of-tariff-classes-and-tariffs-2023-24,,330,kWh,"pdf:p23: Energy consumption for the first 330 kWh per day, reset day"
quantity_blocks/b44e997b2d,quantity_blocks,evoenergy,2025-26,evoenergy:021,,,evoenergy-schedule-of-charges-2025-26-incl-lfit-may2025,,60,kWh,"xlsx:Network tariffs!D89: Anytime Energy - Block 1, reset day"
quantity_blocks/bc4705b665,quantity_blocks,evoenergy,2026-27,evoenergy:041,,,evoenergy-schedule-of-charges-2026-27-aer-approved-april2026,,330,kWh,"xlsx:Network tariffs!D191: Anytime Energy - Block 1, reset day"
quantity_blocks/c3edfd7ea8,quantity_blocks,evoenergy,2026-27,evoenergy:040,,,evoenergy-schedule-of-charges-2026-27-aer-approved-april2026,,330,kWh,"xlsx:Network tariffs!D182: Anytime Energy - Block 1, reset day"
quantity_blocks/c497590de5,quantity_blocks,evoenergy,2026-27,evoenergy:031,,,evoenergy-schedule-of-charges-2026-27-aer-approved-april2026,,165,kWh,"xlsx:Network tariffs!D149: Anytime Energy - Block 1, reset day"
quantity_blocks/c4ad39005b,quantity_blocks,evoenergy,2023-24,evoenergy:030,,,evoenergy-statement-of-tariff-classes-and-tariffs-2023-24,,165,kWh,"pdf:p23: Energy consumption for the first 165 kWh per day, reset day"
quantity_blocks/c5ecc20dde,quantity_blocks,unitedenergy,2026-27,unitedenergy:UFS,,,ue-pricing-proposal-2026-27-07may2026,,1,kWh,"pdf:p8: Saver energy export - above BEL (charged), reset billing_period_per_day"
quantity_blocks/c7e907d90d,quantity_blocks,evoenergy,2026-27,evoenergy:020,,,evoenergy-schedule-of-charges-2026-27-aer-approved-april2026,,60,kWh,"xlsx:Network tariffs!D80: Anytime Energy - Block 1, reset day"
quantity_blocks/cdc07c1392,quantity_blocks,evoenergy,2026-27,evoenergy:021,,,evoenergy-schedule-of-charges-2026-27-incl-lfit-june2026,,60,kWh,"xlsx:Network tariffs!D90: Anytime Energy - Block 2, reset day"
quantity_blocks/cfdd9f9d4e,quantity_blocks,ergon,2025-26,ergon:EBFRMT1,,,ergon-network-price-list-2025-26-sch8-wayback,,10000,kWh,"xlsx:SACS Business!J6: Volume Peak Charge - Block 2, reset unstated"
quantity_blocks/d01e063c93,quantity_blocks,evoenergy,2023-24,evoenergy:020,,,evoenergy-statement-of-tariff-classes-and-tariffs-2023-24,,60,kWh,"pdf:p22: Energy consumption for the first 60 kWh per day, reset day"
quantity_blocks/d39add7f69,quantity_blocks,evoenergy,2024-25,evoenergy:020,,,evoenergy-schedule-of-charges-2024-25-lfit-adjusted,,60,kWh,"pdf:p6: Anytime Energy - Block 2, reset day"
quantity_blocks/d6c6fc1344,quantity_blocks,evoenergy,2026-27,evoenergy:021,,,evoenergy-schedule-of-charges-2026-27-incl-lfit-june2026,,60,kWh,"xlsx:Network tariffs!D89: Anytime Energy - Block 1, reset day"
quantity_blocks/d802d511c9,quantity_blocks,evoenergy,2026-27,evoenergy:030,,,evoenergy-schedule-of-charges-2026-27-aer-approved-april2026,,165,kWh,"xlsx:Network tariffs!D140: Anytime Energy - Block 1, reset day"
quantity_blocks/dc32b582ad,quantity_blocks,evoenergy,2024-25,evoenergy:040,,,evoenergy-schedule-of-charges-2024-25-lfit-adjusted,,330,kWh,"pdf:p9: Anytime Energy - Block 1, reset day"
quantity_blocks/dd27ddf206,quantity_blocks,ergon,2024-25,ergon:EBFRMT3,,,ergon-network-price-list-2024-25-sch8-wayback,,10000,kWh,"xlsx:SACS Business!P5: Volume Peak Charge - Block 2, reset unstated"
quantity_blocks/dea270e637,quantity_blocks,ergon,2023-24,ergon:EBFRMT1,,,ergon-network-price-list-2023-24-sch8-wayback,,10000,kWh,"xlsx:SACS Business!O5: Volume Peak Charge - Block 1, reset unstated"
quantity_blocks/deb7b0bfd9,quantity_blocks,ergon,2023-24,ergon:EBFRMT2,,,ergon-2023-24-network-price-list-31mar2023,,10000,kWh,"xlsx:SACS Business!O5: Volume Peak Charge - Block 1, reset unstated"
quantity_blocks/e2670916c9,quantity_blocks,ergon,2024-25,ergon:EBFRMT3,,,ergon-2024-25-network-price-list-28mar2024,,10000,kWh,"xlsx:SACS Business!P5: Volume Peak Charge - Block 2, reset unstated"
quantity_blocks/e7d0ee32e1,quantity_blocks,ergon,2024-25,ergon:EBFRMT1,,,ergon-network-price-list-2024-25-sch8-wayback,,10000,kWh,"xlsx:SACS Business!P5: Volume Peak Charge - Block 2, reset unstated"
quantity_blocks/e8051cbe7a,quantity_blocks,evoenergy,2026-27,evoenergy:031,,,evoenergy-schedule-of-charges-2026-27-aer-approved-april2026,,165,kWh,"xlsx:Network tariffs!D150: Anytime Energy - Block 2, reset day"
quantity_blocks/e9a60aef61,quantity_blocks,evoenergy,2023-24,evoenergy:020,,,evoenergy-statement-of-tariff-classes-and-tariffs-2023-24,,60,kWh,"pdf:p22: Energy consumption above 60 kWh per day, reset day"
quantity_blocks/ef2b2c8568,quantity_blocks,evoenergy,2026-27,evoenergy:020,,,evoenergy-schedule-of-charges-2026-27-aer-approved-april2026,,60,kWh,"xlsx:Network tariffs!D81: Anytime Energy - Block 2, reset day"
quantity_blocks/f49596ff35,quantity_blocks,evoenergy,2023-24,evoenergy:031,,,evoenergy-statement-of-tariff-classes-and-tariffs-2023-24,,165,kWh,"pdf:p23: Energy consumption for the first 165 kWh per day, reset day"
quantity_blocks/f4d59029ba,quantity_blocks,ergon,2023-24,ergon:EBFRMT3,,,ergon-2023-24-network-price-list-31mar2023,,10000,kWh,"xlsx:SACS Business!O5: Volume Peak Charge - Block 1, reset unstated"
quantity_blocks/f9ee5c7ef6,quantity_blocks,evoenergy,2023-24,evoenergy:041,,,evoenergy-statement-of-tariff-classes-and-tariffs-2023-24,,330,kWh,"pdf:p24: Energy consumption above 330 kWh per day, reset day"
quantity_blocks/fb79b898c0,quantity_blocks,evoenergy,2025-26,evoenergy:040,,,evoenergy-schedule-of-charges-2025-26-incl-lfit-may2025,,330,kWh,"xlsx:Network tariffs!D176: Anytime Energy - Block 2, reset day"
quantity_blocks/fc701cacf5,quantity_blocks,evoenergy,2026-27,evoenergy:021,,,evoenergy-schedule-of-charges-2026-27-aer-approved-april2026,,60,kWh,"xlsx:Network tariffs!D89: Anytime Energy - Block 1, reset day"
season_months_not_stated/0eb5be5c39,season_months_not_stated,evoenergy,2024-25,,,,evoenergy-schedule-of-charges-2024-25-lfit-adjusted,,,,evo-2024-25-024-dem-97-window/demand_window/all_days/17:00-21:00/months-not-stated (pdf:p7): window 17:00-21:00 in season 'winter months'; the document does not list that season's months
season_months_not_stated/115050fcb2,season_months_not_stated,evoenergy,2025-26,,,,evoenergy-schedule-of-charges-2025-26-incl-lfit-may2025,,,,evo-2025-26-soc-incl-lfit-108-dem-279-window/demand_window/all_days/17:00-20:00/months-not-stated (xlsx:Network tariffs!D279): window 17:00-20:00 in season 'winter and autumn months'; the document does not list that season's months
season_months_not_stated/147797a175,season_months_not_stated,evoenergy,2025-26,,,,evoenergy-schedule-of-charges-2025-26-incl-lfit-may2025,,,,evo-2025-26-soc-incl-lfit-023-dem-101-window/demand_window/all_days/17:00-21:00/months-not-stated (xlsx:Network tariffs!D101): window 17:00-21:00 in season 'non-winter months'; the document does not list that season's months
season_months_not_stated/174e55a667,season_months_not_stated,evoenergy,2025-26,,,,evoenergy-schedule-of-charges-2025-26-incl-lfit-may2025,,,,evo-2025-26-soc-incl-lfit-024-dem-112-window/demand_window/all_days/17:00-21:00/months-not-stated (xlsx:Network tariffs!D112): window 17:00-21:00 in season 'winter months'; the document does not list that season's months
season_months_not_stated/17bea0690c,season_months_not_stated,evoenergy,2026-27,,,,evoenergy-schedule-of-charges-2026-27-incl-lfit-june2026,,,,evo-2026-27-soc-incl-lfit-024-dem-112-window/demand_window/all_days/17:00-21:00/months-not-stated (xlsx:Network tariffs!D112): window 17:00-21:00 in season 'winter months'; the document does not list that season's months
season_months_not_stated/22f5e08ed3,season_months_not_stated,evoenergy,2025-26,,,,evoenergy-schedule-of-charges-2025-26-incl-lfit-may2025,,,,evo-2025-26-soc-incl-lfit-109-dem-291-window/demand_window/weekday/07:00-17:00/months-not-stated (xlsx:Network tariffs!D291): window 07:00-17:00 in season 'winter and autumn months'; the document does not list that season's months
season_months_not_stated/27d0858978,season_months_not_stated,evoenergy,2024-25,,,,evoenergy-schedule-of-charges-2024-25-lfit-adjusted,,,,evo-2024-25-024-dem-102-window/demand_window/all_days/17:00-21:00/months-not-stated (pdf:p7): window 17:00-21:00 in season 'non-winter months'; the document does not list that season's months
season_months_not_stated/29364d33ea,season_months_not_stated,evoenergy,2026-27,,,,evoenergy-schedule-of-charges-2026-27-incl-lfit-june2026,,,,evo-2026-27-soc-incl-lfit-109-dem-297-window/demand_window/weekday/07:00-17:00/months-not-stated (xlsx:Network tariffs!D297): window 07:00-17:00 in season 'summer and spring months'; the document does not list that season's months
season_months_not_stated/2975bb7284,season_months_not_stated,evoenergy,2025-26,,,,evoenergy-schedule-of-charges-2025-26-incl-lfit-may2025,,,,evo-2025-26-soc-incl-lfit-109-dem-290-window/demand_window/weekday/07:00-17:00/months-not-stated (xlsx:Network tariffs!D290): window 07:00-17:00 in season 'summer and spring months'; the document does not list that season's months
season_months_not_stated/32926f4f95,season_months_not_stated,evoenergy,2026-27,,,,evoenergy-schedule-of-charges-2026-27-aer-approved-april2026,,,,evo-2026-27-soc-aer-approved-023-dem-101-window/demand_window/all_days/17:00-21:00/months-not-stated (xlsx:Network tariffs!D101): window 17:00-21:00 in season 'non-winter months'; the document does not list that season's months
season_months_not_stated/33f274100a,season_months_not_stated,evoenergy,2024-25,,,,evoenergy-schedule-of-charges-2024-25-lfit-adjusted,,,,evo-2024-25-108-dem-283-window/demand_window/all_days/17:00-20:00/months-not-stated (pdf:p12): window 17:00-20:00 in season 'winter and autumn months'; the document does not list that season's months
season_months_not_stated/365def5985,season_months_not_stated,evoenergy,2024-25,,,,evoenergy-schedule-of-charges-2024-25-lfit-adjusted,,,,evo-2024-25-023-dem-81-window/demand_window/all_days/17:00-21:00/months-not-stated (pdf:p6): window 17:00-21:00 in season 'non-winter months'; the document does not list that season's months
season_months_not_stated/3d247983f8,season_months_not_stated,evoenergy,2026-27,,,,evoenergy-schedule-of-charges-2026-27-incl-lfit-june2026,,,,evo-2026-27-soc-incl-lfit-023-dem-101-window/demand_window/all_days/17:00-21:00/months-not-stated (xlsx:Network tariffs!D101): window 17:00-21:00 in season 'non-winter months'; the document does not list that season's months
season_months_not_stated/3df0d92c5c,season_months_not_stated,evoenergy,2024-25,,,,evoenergy-schedule-of-charges-2024-25-lfit-adjusted,,,,evo-2024-25-109-dem-305-window/demand_window/weekday/07:00-17:00/months-not-stated (pdf:p13): window 07:00-17:00 in season 'summer and spring months'; the document does not list that season's months
season_months_not_stated/4d1fbb0564,season_months_not_stated,evoenergy,2025-26,,,,evoenergy-schedule-of-charges-2025-26-incl-lfit-may2025,,,,evo-2025-26-soc-incl-lfit-123-dem-363-window/demand_window/all_days/17:00-20:00/months-not-stated (xlsx:Network tariffs!D363): window 17:00-20:00 in season 'winter and autumn months'; the document does not list that season's months
season_months_not_stated/506bd8c5a8,season_months_not_stated,evoenergy,2026-27,,,,evoenergy-schedule-of-charges-2026-27-aer-approved-april2026,,,,evo-2026-27-soc-aer-approved-108-r302-dem-308-window/demand_window/all_days/17:00-20:00/months-not-stated (xlsx:Network tariffs!D308): window 17:00-20:00 in season 'summer and spring months'; the document does not list that season's months
season_months_not_stated/5671824e36,season_months_not_stated,evoenergy,2026-27,,,,evoenergy-schedule-of-charges-2026-27-aer-approved-april2026,,,,evo-2026-27-soc-aer-approved-109-dem-297-window/demand_window/weekday/07:00-17:00/months-not-stated (xlsx:Network tariffs!D297): window 07:00-17:00 in season 'summer and spring months'; the document does not list that season's months
season_months_not_stated/57edcf5020,season_months_not_stated,evoenergy,2026-27,,,,evoenergy-schedule-of-charges-2026-27-incl-lfit-june2026,,,,evo-2026-27-soc-incl-lfit-109-r314-dem-321-window/demand_window/weekday/07:00-17:00/months-not-stated (xlsx:Network tariffs!D321): window 07:00-17:00 in season 'winter and autumn months'; the document does not list that season's months
season_months_not_stated/5925b6fb5a,season_months_not_stated,evoenergy,2026-27,,,,evoenergy-schedule-of-charges-2026-27-aer-approved-april2026,,,,evo-2026-27-soc-aer-approved-024-dem-112-window/demand_window/all_days/17:00-21:00/months-not-stated (xlsx:Network tariffs!D112): window 17:00-21:00 in season 'winter months'; the document does not list that season's months
season_months_not_stated/608c3b98ec,season_months_not_stated,evoenergy,2026-27,,,,evoenergy-schedule-of-charges-2026-27-incl-lfit-june2026,,,,evo-2026-27-soc-incl-lfit-123-dem-393-window/demand_window/all_days/17:00-20:00/months-not-stated (xlsx:Network tariffs!D393): window 17:00-20:00 in season 'winter and autumn months'; the document does not list that season's months
season_months_not_stated/64944592c4,season_months_not_stated,evoenergy,2024-25,,,,evoenergy-schedule-of-charges-2024-25-lfit-adjusted,,,,evo-2024-25-124-dem-421-window/demand_window/weekday/07:00-17:00/months-not-stated (pdf:p17): window 07:00-17:00 in season 'spring and summer months'; the document does not list that season's months
season_months_not_stated/65cba1c833,season_months_not_stated,evoenergy,2026-27,,,,evoenergy-schedule-of-charges-2026-27-aer-approved-april2026,,,,evo-2026-27-soc-aer-approved-109-r314-dem-321-window/demand_window/weekday/07:00-17:00/months-not-stated (xlsx:Network tariffs!D321): window 07:00-17:00 in season 'winter and autumn months'; the document does not list that season's months
season_months_not_stated/65dfc4d106,season_months_not_stated,evoenergy,2026-27,,,,evoenergy-schedule-of-charges-2026-27-aer-approved-april2026,,,,evo-2026-27-soc-aer-approved-109-r314-dem-320-window/demand_window/weekday/07:00-17:00/months-not-stated (xlsx:Network tariffs!D320): window 07:00-17:00 in season 'summer and spring months'; the document does not list that season's months
season_months_not_stated/717a3e3b2b,season_months_not_stated,unitedenergy,2023-24,,,,ue-pricing-proposal-2023-24-wayback,,,,ue-2324-pdf-reskw1r-demand/demand_window/weekday/15:00-21:00/months-not-stated (pdf:p23): window 15:00-21:00 in season 'non-summer'; the document does not list that season's months
season_months_not_stated/73726dd1bd,season_months_not_stated,evoenergy,2024-25,,,,evoenergy-schedule-of-charges-2024-25-lfit-adjusted,,,,evo-2024-25-123-dem-394-window/demand_window/all_days/17:00-20:00/months-not-stated (pdf:p16): window 17:00-20:00 in season 'summer and spring months'; the document does not list that season's months
season_months_not_stated/763cb73dcc,season_months_not_stated,evoenergy,2026-27,,,,evoenergy-schedule-of-charges-2026-27-aer-approved-april2026,,,,evo-2026-27-soc-aer-approved-023-dem-100-window/demand_window/all_days/17:00-21:00/months-not-stated (xlsx:Network tariffs!D100): window 17:00-21:00 in season 'winter months'; the document does not list that season's months
season_months_not_stated/7684b3bfff,season_months_not_stated,evoenergy,2026-27,,,,evoenergy-schedule-of-charges-2026-27-incl-lfit-june2026,,,,evo-2026-27-soc-incl-lfit-108-r302-dem-308-window/demand_window/all_days/17:00-20:00/months-not-stated (xlsx:Network tariffs!D308): window 17:00-20:00 in season 'summer and spring months'; the document does not list that season's months
season_months_not_stated/79b2f5ec5d,season_months_not_stated,evoenergy,2026-27,,,,evoenergy-schedule-of-charges-2026-27-incl-lfit-june2026,,,,evo-2026-27-soc-incl-lfit-123-dem-392-window/demand_window/all_days/17:00-20:00/months-not-stated (xlsx:Network tariffs!D392): window 17:00-20:00 in season 'summer and spring months'; the document does not list that season's months
season_months_not_stated/7e758ce0d6,season_months_not_stated,evoenergy,2025-26,,,,evoenergy-schedule-of-charges-2025-26-incl-lfit-may2025,,,,evo-2025-26-soc-incl-lfit-124-dem-375-window/demand_window/weekday/07:00-17:00/months-not-stated (xlsx:Network tariffs!D375): window 07:00-17:00 in season 'autumn and winter months'; the document does not list that season's months
season_months_not_stated/899a8332d2,season_months_not_stated,evoenergy,2026-27,,,,evoenergy-schedule-of-charges-2026-27-aer-approved-april2026,,,,evo-2026-27-soc-aer-approved-108-r302-dem-309-window/demand_window/all_days/17:00-20:00/months-not-stated (xlsx:Network tariffs!D309): window 17:00-20:00 in season 'winter and autumn months'; the document does not list that season's months
season_months_not_stated/8b0bad5600,season_months_not_stated,evoenergy,2025-26,,,,evoenergy-schedule-of-charges-2025-26-incl-lfit-may2025,,,,evo-2025-26-soc-incl-lfit-108-dem-278-window/demand_window/all_days/17:00-20:00/months-not-stated (xlsx:Network tariffs!D278): window 17:00-20:00 in season 'summer and spring months'; the document does not list that season's months
season_months_not_stated/930f8a49d5,season_months_not_stated,evoenergy,2026-27,,,,evoenergy-schedule-of-charges-2026-27-incl-lfit-june2026,,,,evo-2026-27-soc-incl-lfit-108-dem-286-window/demand_window/all_days/17:00-20:00/months-not-stated (xlsx:Network tariffs!D286): window 17:00-20:00 in season 'winter and autumn months'; the document does not list that season's months
season_months_not_stated/9632f973f1,season_months_not_stated,evoenergy,2026-27,,,,evoenergy-schedule-of-charges-2026-27-incl-lfit-june2026,,,,evo-2026-27-soc-incl-lfit-109-dem-298-window/demand_window/weekday/07:00-17:00/months-not-stated (xlsx:Network tariffs!D298): window 07:00-17:00 in season 'winter and autumn months'; the document does not list that season's months
season_months_not_stated/9d62f21697,season_months_not_stated,evoenergy,2026-27,,,,evoenergy-schedule-of-charges-2026-27-incl-lfit-june2026,,,,evo-2026-27-soc-incl-lfit-024-dem-113-window/demand_window/all_days/17:00-21:00/months-not-stated (xlsx:Network tariffs!D113): window 17:00-21:00 in season 'non-winter months'; the document does not list that season's months
season_months_not_stated/9f55b25c98,season_months_not_stated,evoenergy,2024-25,,,,evoenergy-schedule-of-charges-2024-25-lfit-adjusted,,,,evo-2024-25-124-dem-426-window/demand_window/weekday/07:00-17:00/months-not-stated (pdf:p17): window 07:00-17:00 in season 'autumn and winter months'; the document does not list that season's months
season_months_not_stated/a0153321f8,season_months_not_stated,evoenergy,2026-27,,,,evoenergy-schedule-of-charges-2026-27-incl-lfit-june2026,,,,evo-2026-27-soc-incl-lfit-108-r302-dem-309-window/demand_window/all_days/17:00-20:00/months-not-stated (xlsx:Network tariffs!D309): window 17:00-20:00 in season 'winter and autumn months'; the document does not list that season's months
season_months_not_stated/aa0bd021da,season_months_not_stated,evoenergy,2025-26,,,,evoenergy-schedule-of-charges-2025-26-incl-lfit-may2025,,,,evo-2025-26-soc-incl-lfit-024-dem-113-window/demand_window/all_days/17:00-21:00/months-not-stated (xlsx:Network tariffs!D113): window 17:00-21:00 in season 'non-winter months'; the document does not list that season's months
season_months_not_stated/b30895c037,season_months_not_stated,evoenergy,2026-27,,,,evoenergy-schedule-of-charges-2026-27-aer-approved-april2026,,,,evo-2026-27-soc-aer-approved-123-dem-393-window/demand_window/all_days/17:00-20:00/months-not-stated (xlsx:Network tariffs!D393): window 17:00-20:00 in season 'winter and autumn months'; the document does not list that season's months
season_months_not_stated/b5835e756c,season_months_not_stated,ausgrid,2023-24,,,,ausgrid-2023-24-annual-scs-pricing-proposal-31mar2023,,,,ausgrid-2023-24-low-season-demand-window/demand_window/business_day/14:00-20:00/months-not-stated (pdf:p27): window 14:00-20:00 in season 'low season'; the document does not list that season's months
season_months_not_stated/b972403304,season_months_not_stated,evoenergy,2024-25,,,,evoenergy-schedule-of-charges-2024-25-lfit-adjusted,,,,evo-2024-25-108-dem-278-window/demand_window/all_days/17:00-20:00/months-not-stated (pdf:p12): window 17:00-20:00 in season 'summer and spring months'; the document does not list that season's months
season_months_not_stated/baa23a1f27,season_months_not_stated,evoenergy,2026-27,,,,evoenergy-schedule-of-charges-2026-27-aer-approved-april2026,,,,evo-2026-27-soc-aer-approved-124-dem-405-window/demand_window/weekday/07:00-17:00/months-not-stated (xlsx:Network tariffs!D405): window 07:00-17:00 in season 'autumn and winter months'; the document does not list that season's months
season_months_not_stated/c5f24f18c0,season_months_not_stated,evoenergy,2026-27,,,,evoenergy-schedule-of-charges-2026-27-aer-approved-april2026,,,,evo-2026-27-soc-aer-approved-108-dem-286-window/demand_window/all_days/17:00-20:00/months-not-stated (xlsx:Network tariffs!D286): window 17:00-20:00 in season 'winter and autumn months'; the document does not list that season's months
season_months_not_stated/c6090fd017,season_months_not_stated,evoenergy,2026-27,,,,evoenergy-schedule-of-charges-2026-27-aer-approved-april2026,,,,evo-2026-27-soc-aer-approved-024-dem-113-window/demand_window/all_days/17:00-21:00/months-not-stated (xlsx:Network tariffs!D113): window 17:00-21:00 in season 'non-winter months'; the document does not list that season's months
season_months_not_stated/d1cc59c639,season_months_not_stated,evoenergy,2026-27,,,,evoenergy-schedule-of-charges-2026-27-aer-approved-april2026,,,,evo-2026-27-soc-aer-approved-109-dem-298-window/demand_window/weekday/07:00-17:00/months-not-stated (xlsx:Network tariffs!D298): window 07:00-17:00 in season 'winter and autumn months'; the document does not list that season's months
season_months_not_stated/d3003ed8a6,season_months_not_stated,evoenergy,2025-26,,,,evoenergy-schedule-of-charges-2025-26-incl-lfit-may2025,,,,evo-2025-26-soc-incl-lfit-124-dem-374-window/demand_window/weekday/07:00-17:00/months-not-stated (xlsx:Network tariffs!D374): window 07:00-17:00 in season 'spring and summer months'; the document does not list that season's months
season_months_not_stated/d6386ee8ef,season_months_not_stated,evoenergy,2026-27,,,,evoenergy-schedule-of-charges-2026-27-aer-approved-april2026,,,,evo-2026-27-soc-aer-approved-124-dem-404-window/demand_window/weekday/07:00-17:00/months-not-stated (xlsx:Network tariffs!D404): window 07:00-17:00 in season 'spring and summer months'; the document does not list that season's months
season_months_not_stated/d9cec16b64,season_months_not_stated,evoenergy,2025-26,,,,evoenergy-schedule-of-charges-2025-26-incl-lfit-may2025,,,,evo-2025-26-soc-incl-lfit-123-dem-362-window/demand_window/all_days/17:00-20:00/months-not-stated (xlsx:Network tariffs!D362): window 17:00-20:00 in season 'summer and spring months'; the document does not list that season's months
season_months_not_stated/dacdd59e18,season_months_not_stated,evoenergy,2026-27,,,,evoenergy-schedule-of-charges-2026-27-aer-approved-april2026,,,,evo-2026-27-soc-aer-approved-108-dem-285-window/demand_window/all_days/17:00-20:00/months-not-stated (xlsx:Network tariffs!D285): window 17:00-20:00 in season 'summer and spring months'; the document does not list that season's months
season_months_not_stated/db338a31c8,season_months_not_stated,evoenergy,2026-27,,,,evoenergy-schedule-of-charges-2026-27-aer-approved-april2026,,,,evo-2026-27-soc-aer-approved-123-dem-392-window/demand_window/all_days/17:00-20:00/months-not-stated (xlsx:Network tariffs!D392): window 17:00-20:00 in season 'summer and spring months'; the document does not list that season's months
season_months_not_stated/dda5b64570,season_months_not_stated,evoenergy,2026-27,,,,evoenergy-schedule-of-charges-2026-27-incl-lfit-june2026,,,,evo-2026-27-soc-incl-lfit-124-dem-405-window/demand_window/weekday/07:00-17:00/months-not-stated (xlsx:Network tariffs!D405): window 07:00-17:00 in season 'autumn and winter months'; the document does not list that season's months
season_months_not_stated/ddb58e6455,season_months_not_stated,evoenergy,2026-27,,,,evoenergy-schedule-of-charges-2026-27-incl-lfit-june2026,,,,evo-2026-27-soc-incl-lfit-109-r314-dem-320-window/demand_window/weekday/07:00-17:00/months-not-stated (xlsx:Network tariffs!D320): window 07:00-17:00 in season 'summer and spring months'; the document does not list that season's months
season_months_not_stated/e248f0e259,season_months_not_stated,evoenergy,2024-25,,,,evoenergy-schedule-of-charges-2024-25-lfit-adjusted,,,,evo-2024-25-023-dem-76-window/demand_window/all_days/17:00-21:00/months-not-stated (pdf:p6): window 17:00-21:00 in season 'winter months'; the document does not list that season's months
season_months_not_stated/e3e5c29104,season_months_not_stated,evoenergy,2026-27,,,,evoenergy-schedule-of-charges-2026-27-incl-lfit-june2026,,,,evo-2026-27-soc-incl-lfit-023-dem-100-window/demand_window/all_days/17:00-21:00/months-not-stated (xlsx:Network tariffs!D100): window 17:00-21:00 in season 'winter months'; the document does not list that season's months
season_months_not_stated/e4adc1acd8,season_months_not_stated,evoenergy,2026-27,,,,evoenergy-schedule-of-charges-2026-27-incl-lfit-june2026,,,,evo-2026-27-soc-incl-lfit-124-dem-404-window/demand_window/weekday/07:00-17:00/months-not-stated (xlsx:Network tariffs!D404): window 07:00-17:00 in season 'spring and summer months'; the document does not list that season's months
season_months_not_stated/e60502df00,season_months_not_stated,unitedenergy,2023-24,,,,ue-pricing-proposal-2023-24-wayback,,,,ue-2324-pdf-lvmkw1r-demand/demand_window/weekday/10:00-18:00/months-not-stated (pdf:p24): window 10:00-18:00 in season 'non-summer'; the document does not list that season's months
season_months_not_stated/eb7256ee91,season_months_not_stated,evoenergy,2024-25,,,,evoenergy-schedule-of-charges-2024-25-lfit-adjusted,,,,evo-2024-25-109-dem-310-window/demand_window/weekday/07:00-17:00/months-not-stated (pdf:p13): window 07:00-17:00 in season 'winter and autumn months'; the document does not list that season's months
season_months_not_stated/f124929c3c,season_months_not_stated,evoenergy,2025-26,,,,evoenergy-schedule-of-charges-2025-26-incl-lfit-may2025,,,,evo-2025-26-soc-incl-lfit-023-dem-100-window/demand_window/all_days/17:00-21:00/months-not-stated (xlsx:Network tariffs!D100): window 17:00-21:00 in season 'winter months'; the document does not list that season's months
season_months_not_stated/f410f6efd8,season_months_not_stated,evoenergy,2026-27,,,,evoenergy-schedule-of-charges-2026-27-incl-lfit-june2026,,,,evo-2026-27-soc-incl-lfit-108-dem-285-window/demand_window/all_days/17:00-20:00/months-not-stated (xlsx:Network tariffs!D285): window 17:00-20:00 in season 'summer and spring months'; the document does not list that season's months
season_months_not_stated/f652049c65,season_months_not_stated,evoenergy,2024-25,,,,evoenergy-schedule-of-charges-2024-25-lfit-adjusted,,,,evo-2024-25-123-dem-399-window/demand_window/all_days/17:00-20:00/months-not-stated (pdf:p16): window 17:00-20:00 in season 'winter and autumn months'; the document does not list that season's months
time_stated_in_daylight_time/0a2f2e7782,time_stated_in_daylight_time,ausnet,2025-26,,,,ausnet-network-tariff-schedule-2025-26,,,,"ausnet-2025-26-xlsx-d-monthly (xlsx:Tariff structures!E13): '3:00PM to 9:00PM ADST Monday to Friday. Peak season - December to March'; the times are kept as stated, and the document does not say which times apply while daylight saving is off"
time_stated_in_daylight_time/15c8b6afa5,time_stated_in_daylight_time,ausnet,2024-25,,,,ausnet-2024-25-schedule-of-tariffs-28mar2024,,,,"ausnet-2024-25-xlsx-d-monthly (xlsx:Tariff structures!E13): '3:00PM to 9:00PM ADST Monday to Friday. Peak season - December to March'; the times are kept as stated, and the document does not say which times apply while daylight saving is off"
time_stated_in_daylight_time/25802fb5bc,time_stated_in_daylight_time,ausnet,2023-24,,,,ausnet-annual-pricing-proposal-2023-24,,,,"ausnet-2023-24-app-d-monthly (pdf:p54): '3:00pm to 9:00pm ADST Monday to Friday. Peak season – December to March'; the times are kept as stated, and the document does not say which times apply while daylight saving is off"
time_stated_in_daylight_time/286e4a85df,time_stated_in_daylight_time,ausnet,2026-27,,,,ausnet-network-tariff-schedule-2026-27-20260515,,,,"ausnet-2026-27-xlsx-d-cpd (xlsx:Tariff structures!E64): 'recorded between 3:00 PM and 7:00 PM ADST'; the times are kept as stated, and the document does not say which times apply while daylight saving is off"
time_stated_in_daylight_time/5cc6568541,time_stated_in_daylight_time,ausnet,2026-27,,,,ausnet-network-tariff-schedule-2026-27-20260515,,,,"ausnet-2026-27-xlsx-d-monthly (xlsx:Tariff structures!E13): '3:00PM to 9:00PM ADST Monday to Friday. Peak season - December to March'; the times are kept as stated, and the document does not say which times apply while daylight saving is off"
time_stated_in_daylight_time/675cdd1d5d,time_stated_in_daylight_time,ausnet,2023-24,,,,ausnet-annual-pricing-proposal-2023-24,,,,"ausnet-2023-24-app-d-cpd (pdf:p55): 'recorded between 3:00pm to 7:00pm ADST'; the times are kept as stated, and the document does not say which times apply while daylight saving is off"
time_stated_in_daylight_time/7686186d28,time_stated_in_daylight_time,ausnet,2025-26,,,,ausnet-network-tariff-schedule-2025-26,,,,"ausnet-2025-26-xlsx-d-cpd (xlsx:Tariff structures!E63): 'recorded between 3:00 PM and 7:00 PM ADST'; the times are kept as stated, and the document does not say which times apply while daylight saving is off"
time_stated_in_daylight_time/bc5ac9fe26,time_stated_in_daylight_time,ausnet,2024-25,,,,ausnet-2024-25-schedule-of-tariffs-28mar2024,,,,"ausnet-2024-25-xlsx-d-cpd (xlsx:Tariff structures!E63): 'recorded between 3:00 PM and 7:00 PM ADST'; the times are kept as stated, and the document does not say which times apply while daylight saving is off"
tool_rounding_artefact/00fda1e9c3,tool_rounding_artefact,sapn,2025-26,sapn:ZSS,aer-consolidated-2025-26-v5/ZSS,aer-consolidated-2025-26-v5/ZSS/NUoS/excl/xlsx:Tariff schedule!I1043,aer-consolidated-2025-26-v5,,,,cell 0.02505 shows 0.0251 in Excel; the parser's binary-float formatting gave 0.0250
tool_rounding_artefact/0188f81407,tool_rounding_artefact,ergon,2024-25,ergon:WRTOUET3,aer-stakeholder-report-ergon-2024-25/WRTOUE/t3,aer-stakeholder-report-ergon-2024-25/WRTOUE/t3/NUoS/excl/xlsx:Tariff schedule!R98,aer-stakeholder-report-ergon-2024-25,,,,cell 0.06755 shows 0.0676 in Excel; the parser's binary-float formatting gave 0.0675
tool_rounding_artefact/08ccc46133,tool_rounding_artefact,ergon,2024-25,ergon:WSTOUDT1,aer-stakeholder-report-ergon-2024-25/WSTOUD/t1,aer-stakeholder-report-ergon-2024-25/WSTOUD/t1/DPPC/excl/xlsx:Tariff schedule!V705,aer-stakeholder-report-ergon-2024-25,,,,cell 0.01445 shows 0.0145 in Excel; the parser's binary-float formatting gave 0.0144
tool_rounding_artefact/09d8efb0d5,tool_rounding_artefact,ergon,2024-25,ergon:MRTOUET4,aer-stakeholder-report-ergon-2024-25/MRTOUE,aer-stakeholder-report-ergon-2024-25/MRTOUE/DUoS/excl/xlsx:Tariff schedule!R337,aer-stakeholder-report-ergon-2024-25,,,,cell 0.02165 shows 0.0217 in Excel; the parser's binary-float formatting gave 0.0216
tool_rounding_artefact/0f923ee2ef,tool_rounding_artefact,ergon,2024-25,ergon:ERIBT3,aer-stakeholder-report-ergon-2024-25/ERIB/t3,aer-stakeholder-report-ergon-2024-25/ERIB/t3/NUoS/excl/xlsx:Tariff schedule!N88,aer-stakeholder-report-ergon-2024-25,,,,cell 0.11505 shows 0.1151 in Excel; the parser's binary-float formatting gave 0.1150
tool_rounding_artefact/12c9621e74,tool_rounding_artefact,tasnetworks,2024-25,tasnetworks:TAS97,aer-stakeholder-report-tasnetworks-2024-25/TAS97,aer-stakeholder-report-tasnetworks-2024-25/TAS97/DUoS/excl/xlsx:Tariff schedule!S166,aer-stakeholder-report-tasnetworks-2024-25,,,,cell 20.73745 shows 20.7375 in Excel; the parser's binary-float formatting gave 20.7374
tool_rounding_artefact/13132f0af8,tool_rounding_artefact,ergon,2024-25,ergon:ESTOUDT1,aer-stakeholder-report-ergon-2024-25/ESTOUD/t1,aer-stakeholder-report-ergon-2024-25/ESTOUD/t1/DPPC/excl/xlsx:Tariff schedule!V702,aer-stakeholder-report-ergon-2024-25,,,,cell 0.01445 shows 0.0145 in Excel; the parser's binary-float formatting gave 0.0144
tool_rounding_artefact/16f5b8ae18,tool_rounding_artefact,energex,2025-26,energex:6800,aer-consolidated-2025-26-v5/6800,aer-consolidated-2025-26-v5/6800/NUoS/excl/xlsx:Tariff schedule!K339,aer-consolidated-2025-26-v5,,,,cell 0.25065 shows 0.2507 in Excel; the parser's binary-float formatting gave 0.2506
tool_rounding_artefact/1863babf62,tool_rounding_artefact,ergon,2024-25,ergon:ESTOUDT1,aer-stakeholder-report-ergon-2024-25/ESTOUD/t1,aer-stakeholder-report-ergon-2024-25/ESTOUD/t1/DPPC/excl/xlsx:Tariff schedule!W702,aer-stakeholder-report-ergon-2024-25,,,,cell 0.01445 shows 0.0145 in Excel; the parser's binary-float formatting gave 0.0144
tool_rounding_artefact/1cbb4bf4c3,tool_rounding_artefact,ergon,2025-26,ergon:ERTOUET1,aer-consolidated-2025-26-v5/ERTOUET1,aer-consolidated-2025-26-v5/ERTOUET1/NUoS/excl/xlsx:Tariff schedule!N414,aer-consolidated-2025-26-v5,,,,cell 0.04065 shows 0.0407 in Excel; the parser's binary-float formatting gave 0.0406
tool_rounding_artefact/2036de90d2,tool_rounding_artefact,ergon,2024-25,ergon:MBDEMT4,aer-stakeholder-report-ergon-2024-25/MBDEM,aer-stakeholder-report-ergon-2024-25/MBDEM/DPPC/excl/xlsx:Tariff schedule!L640,aer-stakeholder-report-ergon-2024-25,,,,cell 0.00085 shows 0.0009 in Excel; the parser's binary-float formatting gave 0.0008
tool_rounding_artefact/2563451638,tool_rounding_artefact,ergon,2026-27,ergon:EVUT1,aer-consolidated-2026-27-v5/EVUT1,aer-consolidated-2026-27-v5/EVUT1/NUoS/excl/xlsx:Tariff schedule!J452,aer-consolidated-2026-27-v5,,,,cell 0.18675 shows 0.1868 in Excel; the parser's binary-float formatting gave 0.1867
tool_rounding_artefact/26de0e6192,tool_rounding_artefact,ergon,2024-25,ergon:EBDEMT1,aer-stakeholder-report-ergon-2024-25/EBDEM/t1,aer-stakeholder-report-ergon-2024-25/EBDEM/t1/DUoS/excl/xlsx:Tariff schedule!L396,aer-stakeholder-report-ergon-2024-25,,,,cell 0.06255 shows 0.0626 in Excel; the parser's binary-float formatting gave 0.0625
tool_rounding_artefact/28f2ef59e7,tool_rounding_artefact,ergon,2024-25,ergon:WRTOUET3,aer-stakeholder-report-ergon-2024-25/WRTOUE/t3,aer-stakeholder-report-ergon-2024-25/WRTOUE/t3/DPPC/excl/xlsx:Tariff schedule!Q574,aer-stakeholder-report-ergon-2024-25,,,,cell 0.01355 shows 0.0136 in Excel; the parser's binary-float formatting gave 0.0135
tool_rounding_artefact/29b03f9e07,tool_rounding_artefact,ergon,2024-25,ergon:EBTOUET1,aer-stakeholder-report-ergon-2024-25/EBTOUE/t1,aer-stakeholder-report-ergon-2024-25/EBTOUE/t1/DUoS/excl/xlsx:Tariff schedule!R382,aer-stakeholder-report-ergon-2024-25,,,,cell 0.02005 shows 0.0201 in Excel; the parser's binary-float formatting gave 0.0200
tool_rounding_artefact/2a0a3835e5,tool_rounding_artefact,ergon,2024-25,ergon:EBTOUET2,aer-stakeholder-report-ergon-2024-25/EBTOUE/t2,aer-stakeholder-report-ergon-2024-25/EBTOUE/t2/DUoS/excl/xlsx:Tariff schedule!P383,aer-stakeholder-report-ergon-2024-25,,,,cell 0.27025 shows 0.2703 in Excel; the parser's binary-float formatting gave 0.2702
tool_rounding_artefact/2bb074e8ca,tool_rounding_artefact,ergon,2024-25,ergon:EC33T2,aer-stakeholder-report-ergon-2024-25/EC33/t2,aer-stakeholder-report-ergon-2024-25/EC33/t2/DUoS/excl/xlsx:Tariff schedule!L497,aer-stakeholder-report-ergon-2024-25,,,,cell 0.00895 shows 0.0090 in Excel; the parser's binary-float formatting gave 0.0089
tool_rounding_artefact/2d3192868c,tool_rounding_artefact,ergon,2025-26,ergon:WRTOUET1,aer-consolidated-2025-26-v5/WRTOUET1,aer-consolidated-2025-26-v5/WRTOUET1/NUoS/excl/xlsx:Tariff schedule!N415,aer-consolidated-2025-26-v5,,,,cell 0.04065 shows 0.0407 in Excel; the parser's binary-float formatting gave 0.0406
tool_rounding_artefact/2e659af5af,tool_rounding_artefact,sapn,2026-27,sapn:ZSS,aer-consolidated-2026-27-v5/ZSS,aer-consolidated-2026-27-v5/ZSS/NUoS/excl/xlsx:Tariff schedule!I1043,aer-consolidated-2026-27-v5,,,,cell 0.02725 shows 0.0273 in Excel; the parser's binary-float formatting gave 0.0272
tool_rounding_artefact/2e7518c65e,tool_rounding_artefact,ergon,2024-25,ergon:MBTOUET4,aer-stakeholder-report-ergon-2024-25/MBTOUE,aer-stakeholder-report-ergon-2024-25/MBTOUE/NUoS/excl/xlsx:Tariff schedule!P150,aer-stakeholder-report-ergon-2024-25,,,,cell 0.24484999999999998 shows 0.2449 in Excel; the parser's binary-float formatting gave 0.2448
tool_rounding_artefact/2ee7b25f36,tool_rounding_artefact,sapn,2025-26,sapn:STR,aer-consolidated-2025-26-v5/STR,aer-consolidated-2025-26-v5/STR/NUoS/excl/xlsx:Tariff schedule!I1045,aer-consolidated-2025-26-v5,,,,cell 0.02215 shows 0.0222 in Excel; the parser's binary-float formatting gave 0.0221
tool_rounding_artefact/2f0dd379c8,tool_rounding_artefact,ergon,2024-25,ergon:EC22BT2,aer-stakeholder-report-ergon-2024-25/EC22B/t2,aer-stakeholder-report-ergon-2024-25/EC22B/t2/DUoS/excl/xlsx:Tariff schedule!L500,aer-stakeholder-report-ergon-2024-25,,,,cell 0.00895 shows 0.0090 in Excel; the parser's binary-float formatting gave 0.0089
tool_rounding_artefact/308fb75e25,tool_rounding_artefact,ergon,2024-25,ergon:WRDEMT3,aer-stakeholder-report-ergon-2024-25/WRDEM/t3,aer-stakeholder-report-ergon-2024-25/WRDEM/t3/DPPC/excl/xlsx:Tariff schedule!L588,aer-stakeholder-report-ergon-2024-25,,,,cell 0.00815 shows 0.0082 in Excel; the parser's binary-float formatting gave 0.0081
tool_rounding_artefact/31b7b76042,tool_rounding_artefact,ergon,2024-25,ergon:EBTOUET2,aer-stakeholder-report-ergon-2024-25/EBTOUE/t2,aer-stakeholder-report-ergon-2024-25/EBTOUE/t2/DUoS/excl/xlsx:Tariff schedule!R383,aer-stakeholder-report-ergon-2024-25,,,,cell 0.02005 shows 0.0201 in Excel; the parser's binary-float formatting gave 0.0200
tool_rounding_artefact/34ec16cd26,tool_rounding_artefact,ergon,2026-27,ergon:ERIBT1,aer-consolidated-2026-27-v5/ERIBT1,aer-consolidated-2026-27-v5/ERIBT1/NUoS/excl/xlsx:Tariff schedule!J411,aer-consolidated-2026-27-v5,,,,cell 0.08414999999999999 shows 0.0842 in Excel; the parser's binary-float formatting gave 0.0841
tool_rounding_artefact/36440057fb,tool_rounding_artefact,sapn,2026-27,sapn:ZSSF,aer-consolidated-2026-27-v5/ZSSF,aer-consolidated-2026-27-v5/ZSSF/NUoS/excl/xlsx:Tariff schedule!I1044,aer-consolidated-2026-27-v5,,,,cell 0.02725 shows 0.0273 in Excel; the parser's binary-float formatting gave 0.0272
tool_rounding_artefact/371ba84bd0,tool_rounding_artefact,ergon,2025-26,ergon:ERTDEMT1,aer-consolidated-2025-26-v5/ERTDEMT1,aer-consolidated-2025-26-v5/ERTDEMT1/NUoS/excl/xlsx:Tariff schedule!N417,aer-consolidated-2025-26-v5,,,,cell 0.04065 shows 0.0407 in Excel; the parser's binary-float formatting gave 0.0406
tool_rounding_artefact/3caae6d28a,tool_rounding_artefact,ergon,2026-27,ergon:WRIBT1,aer-consolidated-2026-27-v5/WRIBT1,aer-consolidated-2026-27-v5/WRIBT1/NUoS/excl/xlsx:Tariff schedule!J412,aer-consolidated-2026-27-v5,,,,cell 0.08414999999999999 shows 0.0842 in Excel; the parser's binary-float formatting gave 0.0841
tool_rounding_artefact/4047ebfd42,tool_rounding_artefact,ergon,2024-25,ergon:EBDEMT3,aer-stakeholder-report-ergon-2024-25/EBDEM/t3,aer-stakeholder-report-ergon-2024-25/EBDEM/t3/DUoS/excl/xlsx:Tariff schedule!L398,aer-stakeholder-report-ergon-2024-25,,,,cell 0.06255 shows 0.0626 in Excel; the parser's binary-float formatting gave 0.0625
tool_rounding_artefact/42660d41df,tool_rounding_artefact,energex,2026-27,energex:9100,aer-consolidated-2026-27-v5/9100,aer-consolidated-2026-27-v5/9100/NUoS/excl/xlsx:Tariff schedule!J346,aer-consolidated-2026-27-v5,,,,cell 0.02675 shows 0.0268 in Excel; the parser's binary-float formatting gave 0.0267
tool_rounding_artefact/4286592bd1,tool_rounding_artefact,ergon,2024-25,ergon:ERDEMT3,aer-stakeholder-report-ergon-2024-25/ERDEM/t3,aer-stakeholder-report-ergon-2024-25/ERDEM/t3/DPPC/excl/xlsx:Tariff schedule!L585,aer-stakeholder-report-ergon-2024-25,,,,cell 0.00815 shows 0.0082 in Excel; the parser's binary-float formatting gave 0.0081
tool_rounding_artefact/4b2bf80efe,tool_rounding_artefact,tasnetworks,2024-25,tasnetworks:TAS97,aer-stakeholder-report-tasnetworks-2024-25/TAS97,aer-stakeholder-report-tasnetworks-2024-25/TAS97/DPPC/excl/xlsx:Tariff schedule!K244,aer-stakeholder-report-tasnetworks-2024-25,,,,cell 4.33965 shows 4.3397 in Excel; the parser's binary-float formatting gave 4.3396
tool_rounding_artefact/4ea4fdfd93,tool_rounding_artefact,ergon,2024-25,ergon:EC33T1,aer-stakeholder-report-ergon-2024-25/EC33/t1,aer-stakeholder-report-ergon-2024-25/EC33/t1/DUoS/excl/xlsx:Tariff schedule!L496,aer-stakeholder-report-ergon-2024-25,,,,cell 0.00895 shows 0.0090 in Excel; the parser's binary-float formatting gave 0.0089
tool_rounding_artefact/50a10a2635,tool_rounding_artefact,energex,2024-25,energex:8900,aer-stakeholder-report-energex-2024-25/8900,aer-stakeholder-report-energex-2024-25/8900/DPPC/excl/xlsx:Tariff schedule!M563,aer-stakeholder-report-energex-2024-25,,,,cell 0.05005 shows 0.0501 in Excel; the parser's binary-float formatting gave 0.0500
tool_rounding_artefact/53b58b1582,tool_rounding_artefact,ergon,2024-25,ergon:ERTOUET1,aer-stakeholder-report-ergon-2024-25/ERTOUE/t1,aer-stakeholder-report-ergon-2024-25/ERTOUE/t1/DUoS/excl/xlsx:Tariff schedule!R331,aer-stakeholder-report-ergon-2024-25,,,,cell 0.02005 shows 0.0201 in Excel; the parser's binary-float formatting gave 0.0200
tool_rounding_artefact/58c9150839,tool_rounding_artefact,ergon,2024-25,ergon:EC66T1,aer-stakeholder-report-ergon-2024-25/EC66/t1,aer-stakeholder-report-ergon-2024-25/EC66/t1/DUoS/excl/xlsx:Tariff schedule!L493,aer-stakeholder-report-ergon-2024-25,,,,cell 0.00895 shows 0.0090 in Excel; the parser's binary-float formatting gave 0.0089
tool_rounding_artefact/5e3595defb,tool_rounding_artefact,ergon,2024-25,ergon:EC22LT3,aer-stakeholder-report-ergon-2024-25/EC22L/t3,aer-stakeholder-report-ergon-2024-25/EC22L/t3/DUoS/excl/xlsx:Tariff schedule!L504,aer-stakeholder-report-ergon-2024-25,,,,cell 0.00895 shows 0.0090 in Excel; the parser's binary-float formatting gave 0.0089
tool_rounding_artefact/61782cff0f,tool_rounding_artefact,ergon,2024-25,ergon:EBDEMT2,aer-stakeholder-report-ergon-2024-25/EBDEM/t2,aer-stakeholder-report-ergon-2024-25/EBDEM/t2/DUoS/excl/xlsx:Tariff schedule!L397,aer-stakeholder-report-ergon-2024-25,,,,cell 0.06255 shows 0.0626 in Excel; the parser's binary-float formatting gave 0.0625
tool_rounding_artefact/6217366922,tool_rounding_artefact,ergon,2025-26,ergon:WRTDEMT1,aer-consolidated-2025-26-v5/WRTDEMT1,aer-consolidated-2025-26-v5/WRTDEMT1/NUoS/excl/xlsx:Tariff schedule!N418,aer-consolidated-2025-26-v5,,,,cell 0.04065 shows 0.0407 in Excel; the parser's binary-float formatting gave 0.0406
tool_rounding_artefact/68b75a7371,tool_rounding_artefact,ergon,2024-25,ergon:ERIBT1,aer-stakeholder-report-ergon-2024-25/ERIB/t1,aer-stakeholder-report-ergon-2024-25/ERIB/t1/NUoS/excl/xlsx:Tariff schedule!O86,aer-stakeholder-report-ergon-2024-25,,,,cell 0.11505 shows 0.1151 in Excel; the parser's binary-float formatting gave 0.1150
tool_rounding_artefact/6b5fc12654,tool_rounding_artefact,ergon,2024-25,ergon:ERTDEMT3,aer-stakeholder-report-ergon-2024-25/ERTDEM/t3,aer-stakeholder-report-ergon-2024-25/ERTDEM/t3/DPPC/excl/xlsx:Tariff schedule!L578,aer-stakeholder-report-ergon-2024-25,,,,cell 0.00815 shows 0.0082 in Excel; the parser's binary-float formatting gave 0.0081
tool_rounding_artefact/6e336ab93d,tool_rounding_artefact,ergon,2024-25,ergon:EBIBT3,aer-stakeholder-report-ergon-2024-25/EBIB/t3,aer-stakeholder-report-ergon-2024-25/EBIB/t3/DUoS/excl/xlsx:Tariff schedule!N370,aer-stakeholder-report-ergon-2024-25,,,,cell 0.12475 shows 0.1248 in Excel; the parser's binary-float formatting gave 0.1247
tool_rounding_artefact/72e9fc0ed4,tool_rounding_artefact,ergon,2024-25,ergon:ERIBT2,aer-stakeholder-report-ergon-2024-25/ERIB/t2,aer-stakeholder-report-ergon-2024-25/ERIB/t2/NUoS/excl/xlsx:Tariff schedule!N87,aer-stakeholder-report-ergon-2024-25,,,,cell 0.11505 shows 0.1151 in Excel; the parser's binary-float formatting gave 0.1150
tool_rounding_artefact/750f3c7db5,tool_rounding_artefact,ergon,2026-27,ergon:WLTOUET1,aer-consolidated-2026-27-v5/WLTOUET1,aer-consolidated-2026-27-v5/WLTOUET1/NUoS/excl/xlsx:Tariff schedule!L466,aer-consolidated-2026-27-v5,,,,cell 0.26485 shows 0.2649 in Excel; the parser's binary-float formatting gave 0.2648
tool_rounding_artefact/83e071f805,tool_rounding_artefact,ergon,2024-25,ergon:EC66T3,aer-stakeholder-report-ergon-2024-25/EC66/t3,aer-stakeholder-report-ergon-2024-25/EC66/t3/DUoS/excl/xlsx:Tariff schedule!L495,aer-stakeholder-report-ergon-2024-25,,,,cell 0.00895 shows 0.0090 in Excel; the parser's binary-float formatting gave 0.0089
tool_rounding_artefact/85df9e7a83,tool_rounding_artefact,ergon,2024-25,ergon:WRTOUET2,aer-stakeholder-report-ergon-2024-25/WRTOUE/t2,aer-stakeholder-report-ergon-2024-25/WRTOUE/t2/NUoS/excl/xlsx:Tariff schedule!R97,aer-stakeholder-report-ergon-2024-25,,,,cell 0.07145 shows 0.0715 in Excel; the parser's binary-float formatting gave 0.0714
tool_rounding_artefact/87e27cd78d,tool_rounding_artefact,ergon,2024-25,ergon:EBIBT2,aer-stakeholder-report-ergon-2024-25/EBIB/t2,aer-stakeholder-report-ergon-2024-25/EBIB/t2/DUoS/excl/xlsx:Tariff schedule!O369,aer-stakeholder-report-ergon-2024-25,,,,cell 0.12475 shows 0.1248 in Excel; the parser's binary-float formatting gave 0.1247
tool_rounding_artefact/8baf87638c,tool_rounding_artefact,ergon,2024-25,ergon:EBTOUET1,aer-stakeholder-report-ergon-2024-25/EBTOUE/t1,aer-stakeholder-report-ergon-2024-25/EBTOUE/t1/DUoS/excl/xlsx:Tariff schedule!P382,aer-stakeholder-report-ergon-2024-25,,,,cell 0.27025 shows 0.2703 in Excel; the parser's binary-float formatting gave 0.2702
tool_rounding_artefact/90c1201ede,tool_rounding_artefact,ergon,2024-25,ergon:EBIBT1,aer-stakeholder-report-ergon-2024-25/EBIB/t1,aer-stakeholder-report-ergon-2024-25/EBIB/t1/DUoS/excl/xlsx:Tariff schedule!O368,aer-stakeholder-report-ergon-2024-25,,,,cell 0.12475 shows 0.1248 in Excel; the parser's binary-float formatting gave 0.1247
tool_rounding_artefact/9562611b3a,tool_rounding_artefact,ergon,2024-25,ergon:MBTDEMT4,aer-stakeholder-report-ergon-2024-25/MBTDEM,aer-stakeholder-report-ergon-2024-25/MBTDEM/DPPC/excl/xlsx:Tariff schedule!L633,aer-stakeholder-report-ergon-2024-25,,,,cell 0.00085 shows 0.0009 in Excel; the parser's binary-float formatting gave 0.0008
tool_rounding_artefact/9880b94d0d,tool_rounding_artefact,ergon,2024-25,ergon:WBTDEMT3,aer-stakeholder-report-ergon-2024-25/WBTDEM/t3,aer-stakeholder-report-ergon-2024-25/WBTDEM/t3/NUoS/excl/xlsx:Tariff schedule!L156,aer-stakeholder-report-ergon-2024-25,,,,cell 0.26254999999999995 shows 0.2626 in Excel; the parser's binary-float formatting gave 0.2625
tool_rounding_artefact/99b58e32d1,tool_rounding_artefact,ergon,2024-25,ergon:MRIBT4,aer-stakeholder-report-ergon-2024-25/MRIB,aer-stakeholder-report-ergon-2024-25/MRIB/DUoS/excl/xlsx:Tariff schedule!M330,aer-stakeholder-report-ergon-2024-25,,,,cell 0.04215 shows 0.0422 in Excel; the parser's binary-float formatting gave 0.0421
tool_rounding_artefact/9ce3641224,tool_rounding_artefact,ergon,2024-25,ergon:WRTDEMT3,aer-stakeholder-report-ergon-2024-25/WRTDEM/t3,aer-stakeholder-report-ergon-2024-25/WRTDEM/t3/DPPC/excl/xlsx:Tariff schedule!L581,aer-stakeholder-report-ergon-2024-25,,,,cell 0.00815 shows 0.0082 in Excel; the parser's binary-float formatting gave 0.0081
tool_rounding_artefact/a1c643605b,tool_rounding_artefact,ergon,2024-25,ergon:ERIBT1,aer-stakeholder-report-ergon-2024-25/ERIB/t1,aer-stakeholder-report-ergon-2024-25/ERIB/t1/NUoS/excl/xlsx:Tariff schedule!N86,aer-stakeholder-report-ergon-2024-25,,,,cell 0.11505 shows 0.1151 in Excel; the parser's binary-float formatting gave 0.1150
tool_rounding_artefact/a37fc83764,tool_rounding_artefact,ergon,2024-25,ergon:EC22BT3,aer-stakeholder-report-ergon-2024-25/EC22B/t3,aer-stakeholder-report-ergon-2024-25/EC22B/t3/DUoS/excl/xlsx:Tariff schedule!L501,aer-stakeholder-report-ergon-2024-25,,,,cell 0.00895 shows 0.0090 in Excel; the parser's binary-float formatting gave 0.0089
tool_rounding_artefact/a450c3db10,tool_rounding_artefact,ergon,2024-25,ergon:ERIBT3,aer-stakeholder-report-ergon-2024-25/ERIB/t3,aer-stakeholder-report-ergon-2024-25/ERIB/t3/NUoS/excl/xlsx:Tariff schedule!O88,aer-stakeholder-report-ergon-2024-25,,,,cell 0.11505 shows 0.1151 in Excel; the parser's binary-float formatting gave 0.1150
tool_rounding_artefact/a4a3f180ed,tool_rounding_artefact,ergon,2024-25,ergon:ERTOUET3,aer-stakeholder-report-ergon-2024-25/ERTOUE/t3,aer-stakeholder-report-ergon-2024-25/ERTOUE/t3/DUoS/excl/xlsx:Tariff schedule!R333,aer-stakeholder-report-ergon-2024-25,,,,cell 0.02005 shows 0.0201 in Excel; the parser's binary-float formatting gave 0.0200
tool_rounding_artefact/aedcd65c5c,tool_rounding_artefact,ergon,2024-25,ergon:MBTOUET4,aer-stakeholder-report-ergon-2024-25/MBTOUE,aer-stakeholder-report-ergon-2024-25/MBTOUE/DUoS/excl/xlsx:Tariff schedule!R388,aer-stakeholder-report-ergon-2024-25,,,,cell 0.02165 shows 0.0217 in Excel; the parser's binary-float formatting gave 0.0216
tool_rounding_artefact/b08e9ec7b3,tool_rounding_artefact,tasnetworks,2026-27,tasnetworks:TAS97,aer-consolidated-2026-27-v5/TAS97,aer-consolidated-2026-27-v5/TAS97/NUoS/excl/xlsx:Tariff schedule!L1103,aer-consolidated-2026-27-v5,,,,cell 3.12795 shows 3.1280 in Excel; the parser's binary-float formatting gave 3.1279
tool_rounding_artefact/b4e63e3807,tool_rounding_artefact,ergon,2026-27,ergon:ELTOUET1,aer-consolidated-2026-27-v5/ELTOUET1,aer-consolidated-2026-27-v5/ELTOUET1/NUoS/excl/xlsx:Tariff schedule!L465,aer-consolidated-2026-27-v5,,,,cell 0.26485 shows 0.2649 in Excel; the parser's binary-float formatting gave 0.2648
tool_rounding_artefact/b4fb586182,tool_rounding_artefact,ergon,2024-25,ergon:EBIBT2,aer-stakeholder-report-ergon-2024-25/EBIB/t2,aer-stakeholder-report-ergon-2024-25/EBIB/t2/DUoS/excl/xlsx:Tariff schedule!N369,aer-stakeholder-report-ergon-2024-25,,,,cell 0.12475 shows 0.1248 in Excel; the parser's binary-float formatting gave 0.1247
tool_rounding_artefact/b84caf18a0,tool_rounding_artefact,ergon,2024-25,ergon:EC22LT1,aer-stakeholder-report-ergon-2024-25/EC22L/t1,aer-stakeholder-report-ergon-2024-25/EC22L/t1/DUoS/excl/xlsx:Tariff schedule!L502,aer-stakeholder-report-ergon-2024-25,,,,cell 0.00895 shows 0.0090 in Excel; the parser's binary-float formatting gave 0.0089
tool_rounding_artefact/b9dd2d47a1,tool_rounding_artefact,ergon,2026-27,ergon:ELTOUDT1,aer-consolidated-2026-27-v5/ELTOUDT1,aer-consolidated-2026-27-v5/ELTOUDT1/NUoS/excl/xlsx:Tariff schedule!L456,aer-consolidated-2026-27-v5,,,,cell 0.26485 shows 0.2649 in Excel; the parser's binary-float formatting gave 0.2648
tool_rounding_artefact/bb7f288b73,tool_rounding_artefact,ergon,2024-25,ergon:EC22BT1,aer-stakeholder-report-ergon-2024-25/EC22B/t1,aer-stakeholder-report-ergon-2024-25/EC22B/t1/DUoS/excl/xlsx:Tariff schedule!L499,aer-stakeholder-report-ergon-2024-25,,,,cell 0.00895 shows 0.0090 in Excel; the parser's binary-float formatting gave 0.0089
tool_rounding_artefact/bd8941ace5,tool_rounding_artefact,ergon,2024-25,ergon:ERIBT2,aer-stakeholder-report-ergon-2024-25/ERIB/t2,aer-stakeholder-report-ergon-2024-25/ERIB/t2/NUoS/excl/xlsx:Tariff schedule!O87,aer-stakeholder-report-ergon-2024-25,,,,cell 0.11505 shows 0.1151 in Excel; the parser's binary-float formatting gave 0.1150
tool_rounding_artefact/c8c095cce6,tool_rounding_artefact,ergon,2024-25,ergon:EC66T2,aer-stakeholder-report-ergon-2024-25/EC66/t2,aer-stakeholder-report-ergon-2024-25/EC66/t2/DUoS/excl/xlsx:Tariff schedule!L494,aer-stakeholder-report-ergon-2024-25,,,,cell 0.00895 shows 0.0090 in Excel; the parser's binary-float formatting gave 0.0089
tool_rounding_artefact/cd83a1979a,tool_rounding_artefact,sapn,2026-27,sapn:STRF,aer-consolidated-2026-27-v5/STRF,aer-consolidated-2026-27-v5/STRF/NUoS/excl/xlsx:Tariff schedule!I1046,aer-consolidated-2026-27-v5,,,,cell 0.02495 shows 0.0250 in Excel; the parser's binary-float formatting gave 0.0249
tool_rounding_artefact/cdd62b1c8f,tool_rounding_artefact,ergon,2024-25,ergon:EBTOUET3,aer-stakeholder-report-ergon-2024-25/EBTOUE/t3,aer-stakeholder-report-ergon-2024-25/EBTOUE/t3/DUoS/excl/xlsx:Tariff schedule!R384,aer-stakeholder-report-ergon-2024-25,,,,cell 0.02005 shows 0.0201 in Excel; the parser's binary-float formatting gave 0.0200
tool_rounding_artefact/d20a167294,tool_rounding_artefact,ergon,2024-25,ergon:EC22LT2,aer-stakeholder-report-ergon-2024-25/EC22L/t2,aer-stakeholder-report-ergon-2024-25/EC22L/t2/DUoS/excl/xlsx:Tariff schedule!L503,aer-stakeholder-report-ergon-2024-25,,,,cell 0.00895 shows 0.0090 in Excel; the parser's binary-float formatting gave 0.0089
tool_rounding_artefact/d30c8d8072,tool_rounding_artefact,sapn,2026-27,sapn:STR,aer-consolidated-2026-27-v5/STR,aer-consolidated-2026-27-v5/STR/NUoS/excl/xlsx:Tariff schedule!I1045,aer-consolidated-2026-27-v5,,,,cell 0.02495 shows 0.0250 in Excel; the parser's binary-float formatting gave 0.0249
tool_rounding_artefact/d6eadf4d88,tool_rounding_artefact,energex,2026-27,energex:9000,aer-consolidated-2026-27-v5/9000,aer-consolidated-2026-27-v5/9000/NUoS/excl/xlsx:Tariff schedule!J345,aer-consolidated-2026-27-v5,,,,cell 0.02675 shows 0.0268 in Excel; the parser's binary-float formatting gave 0.0267
tool_rounding_artefact/dbb373cb56,tool_rounding_artefact,ergon,2026-27,ergon:WLTOUDT1,aer-consolidated-2026-27-v5/WLTOUDT1,aer-consolidated-2026-27-v5/WLTOUDT1/NUoS/excl/xlsx:Tariff schedule!L457,aer-consolidated-2026-27-v5,,,,cell 0.26485 shows 0.2649 in Excel; the parser's binary-float formatting gave 0.2648
tool_rounding_artefact/e1bb7fc47f,tool_rounding_artefact,ergon,2024-25,ergon:EBIBT3,aer-stakeholder-report-ergon-2024-25/EBIB/t3,aer-stakeholder-report-ergon-2024-25/EBIB/t3/DUoS/excl/xlsx:Tariff schedule!O370,aer-stakeholder-report-ergon-2024-25,,,,cell 0.12475 shows 0.1248 in Excel; the parser's binary-float formatting gave 0.1247
tool_rounding_artefact/e572ce01d8,tool_rounding_artefact,ergon,2024-25,ergon:EC33T3,aer-stakeholder-report-ergon-2024-25/EC33/t3,aer-stakeholder-report-ergon-2024-25/EC33/t3/DUoS/excl/xlsx:Tariff schedule!L498,aer-stakeholder-report-ergon-2024-25,,,,cell 0.00895 shows 0.0090 in Excel; the parser's binary-float formatting gave 0.0089
tool_rounding_artefact/e924d5659c,tool_rounding_artefact,sapn,2025-26,sapn:ZSSF,aer-consolidated-2025-26-v5/ZSSF,aer-consolidated-2025-26-v5/ZSSF/NUoS/excl/xlsx:Tariff schedule!I1044,aer-consolidated-2025-26-v5,,,,cell 0.02505 shows 0.0251 in Excel; the parser's binary-float formatting gave 0.0250
tool_rounding_artefact/ec755fcd55,tool_rounding_artefact,tasnetworks,2024-25,tasnetworks:TAS97,aer-stakeholder-report-tasnetworks-2024-25/TAS97,aer-stakeholder-report-tasnetworks-2024-25/TAS97/NUoS/excl/xlsx:Tariff schedule!S88,aer-stakeholder-report-tasnetworks-2024-25,,,,cell 25.613049999999998 shows 25.6131 in Excel; the parser's binary-float formatting gave 25.6130
tool_rounding_artefact/ede23a3ae5,tool_rounding_artefact,ergon,2024-25,ergon:ERTOUET2,aer-stakeholder-report-ergon-2024-25/ERTOUE/t2,aer-stakeholder-report-ergon-2024-25/ERTOUE/t2/DUoS/excl/xlsx:Tariff schedule!R332,aer-stakeholder-report-ergon-2024-25,,,,cell 0.02005 shows 0.0201 in Excel; the parser's binary-float formatting gave 0.0200
tool_rounding_artefact/ef013e51db,tool_rounding_artefact,sapn,2025-26,sapn:STRF,aer-consolidated-2025-26-v5/STRF,aer-consolidated-2025-26-v5/STRF/NUoS/excl/xlsx:Tariff schedule!I1046,aer-consolidated-2025-26-v5,,,,cell 0.02215 shows 0.0222 in Excel; the parser's binary-float formatting gave 0.0221
tool_rounding_artefact/f37c7cb742,tool_rounding_artefact,energex,2026-27,energex:8300,aer-consolidated-2026-27-v5/8300,aer-consolidated-2026-27-v5/8300/NUoS/excl/xlsx:Tariff schedule!J349,aer-consolidated-2026-27-v5,,,,cell 0.03365 shows 0.0337 in Excel; the parser's binary-float formatting gave 0.0336
tool_rounding_artefact/f9bfa168a7,tool_rounding_artefact,ergon,2024-25,ergon:WSTOUDT1,aer-stakeholder-report-ergon-2024-25/WSTOUD/t1,aer-stakeholder-report-ergon-2024-25/WSTOUD/t1/DPPC/excl/xlsx:Tariff schedule!W705,aer-stakeholder-report-ergon-2024-25,,,,cell 0.01445 shows 0.0145 in Excel; the parser's binary-float formatting gave 0.0144
tool_rounding_artefact/fa77e3ce35,tool_rounding_artefact,energex,2026-27,energex:6800,aer-consolidated-2026-27-v5/6800,aer-consolidated-2026-27-v5/6800/NUoS/excl/xlsx:Tariff schedule!M339,aer-consolidated-2026-27-v5,,,,cell 0.07694999999999999 shows 0.0770 in Excel; the parser's binary-float formatting gave 0.0769
tool_rounding_artefact/fba3d57b53,tool_rounding_artefact,ergon,2024-25,ergon:ERTOUET3,aer-stakeholder-report-ergon-2024-25/ERTOUE/t3,aer-stakeholder-report-ergon-2024-25/ERTOUE/t3/DPPC/excl/xlsx:Tariff schedule!Q571,aer-stakeholder-report-ergon-2024-25,,,,cell 0.01355 shows 0.0136 in Excel; the parser's binary-float formatting gave 0.0135
tool_rounding_artefact/fdb24d9e7e,tool_rounding_artefact,ergon,2024-25,ergon:EBTOUET3,aer-stakeholder-report-ergon-2024-25/EBTOUE/t3,aer-stakeholder-report-ergon-2024-25/EBTOUE/t3/DUoS/excl/xlsx:Tariff schedule!P384,aer-stakeholder-report-ergon-2024-25,,,,cell 0.27025 shows 0.2703 in Excel; the parser's binary-float formatting gave 0.2702
tool_rounding_artefact/fdbb13231e,tool_rounding_artefact,ergon,2024-25,ergon:EBIBT1,aer-stakeholder-report-ergon-2024-25/EBIB/t1,aer-stakeholder-report-ergon-2024-25/EBIB/t1/DUoS/excl/xlsx:Tariff schedule!N368,aer-stakeholder-report-ergon-2024-25,,,,cell 0.12475 shows 0.1248 in Excel; the parser's binary-float formatting gave 0.1247
tou_definition_missing/0074fe39e0,tou_definition_missing,ergon,2025-26,ergon:WLTOUET1,ergon-network-price-list-2025-26-sch8-wayback/WLTOUET1,,ergon-network-price-list-2025-26-sch8-wayback,,,,"time-of-use components (energy:offpeak, energy:peak, energy:shoulder) with no structured window covering that charge kind and band in this tariff-year; check source before use"
tou_definition_missing/00d57057c9,tou_definition_missing,powercor,2023-24,powercor:NDTOU,powercor-2023-24-tariff-summary-31mar2023/NDTOU,,powercor-2023-24-tariff-summary-31mar2023,,,,"time-of-use components (energy:offpeak, energy:peak) with no structured window covering that charge kind and band in this tariff-year; check source before use"
tou_definition_missing/0101437861,tou_definition_missing,ergon,2023-24,ergon:WC66TOUT1,ergon-2023-24-network-price-list-31mar2023/WC66TOUT1,,ergon-2023-24-network-price-list-31mar2023,,,,"time-of-use components (demand:offpeak, demand:peak, energy:offpeak, energy:peak) with no structured window covering that charge kind and band in this tariff-year; check source before use"
tou_definition_missing/011fe8640e,tou_definition_missing,sapn,2026-27,sapn:LBAD977,sapn-tariff-price-list-2026-27-id338674/LBAD977,,sapn-tariff-price-list-2026-27-id338674,,,,"time-of-use components (demand:peak, energy:offpeak, energy:peak) with no structured window covering that charge kind and band in this tariff-year; check source before use"
tou_definition_missing/01ea525d50,tou_definition_missing,ergon,2024-25,ergon:ERDEMT2,ergon-2024-25-network-price-list-28mar2024/ERDEMT2,,ergon-2024-25-network-price-list-28mar2024,,,,time-of-use components (demand:peak) with no structured window covering that charge kind and band in this tariff-year; check source before use
tou_definition_missing/021e60c3ad,tou_definition_missing,essential,2023-24,essential:BLND1SU,essential-2023-24-network-price-list-31mar2023/BLND1SU,,essential-2023-24-network-price-list-31mar2023,,,,"time-of-use components (energy:offpeak, energy:peak, energy:shoulder) with no structured window covering that charge kind and band in this tariff-year; check source before use"
tou_definition_missing/0234764832,tou_definition_missing,energex,2026-27,energex:94000,energex-network-price-list-2026-27-sch8-wayback/94000,,energex-network-price-list-2026-27-sch8-wayback,,,,time-of-use components (energy:peak) with no structured window covering that charge kind and band in this tariff-year; check source before use
tou_definition_missing/02466a804d,tou_definition_missing,energex,2026-27,energex:94500,energex-network-price-list-2026-27-sch8-wayback/94500,,energex-network-price-list-2026-27-sch8-wayback,,,,"time-of-use components (demand:shoulder, energy:critical_peak, energy:peak, export:critical_peak) with no structured window covering that charge kind and band in this tariff-year; check source before use"
tou_definition_missing/024fe816f8,tou_definition_missing,evoenergy,2026-27,evoenergy:065,evoenergy-schedule-of-charges-2026-27-aer-approved-april2026/065,,evoenergy-schedule-of-charges-2026-27-aer-approved-april2026,,,,time-of-use components (energy:offpeak) with no structured window covering that charge kind and band in this tariff-year; check source before use
tou_definition_missing/03311dbfd0,tou_definition_missing,energex,2025-26,energex:94000,energex-network-price-list-2025-26-sch8-wayback/94000,,energex-network-price-list-2025-26-sch8-wayback,,,,time-of-use components (energy:peak) with no structured window covering that charge kind and band in this tariff-year; check source before use
tou_definition_missing/0409363b4e,tou_definition_missing,sapn,2023-24,sapn:LBAD517,sapn-2023-24-annual-pricing-proposal-revised-8may2023/LBAD517,,sapn-2023-24-annual-pricing-proposal-revised-8may2023,,,,"time-of-use components (demand:peak, energy:offpeak, energy:peak) with no structured window covering that charge kind and band in this tariff-year; check source before use"
tou_definition_missing/0438cd9a51,tou_definition_missing,sapn,2026-27,sapn:STN557,sapn-tariff-price-list-2026-27-id338674/STN557,,sapn-tariff-price-list-2026-27-id338674,,,,time-of-use components (demand:peak) with no structured window covering that charge kind and band in this tariff-year; check source before use
tou_definition_missing/044e9a36c3,tou_definition_missing,sapn,2026-27,sapn:HVAD500CBD,sapn-tariff-price-list-2026-27-id338674/HVAD500CBD,,sapn-tariff-price-list-2026-27-id338674,,,,"time-of-use components (demand:peak, energy:offpeak, energy:peak) with no structured window covering that charge kind and band in this tariff-year; check source before use"
tou_definition_missing/046253e597,tou_definition_missing,sapn,2026-27,sapn:RESELENE,sapn-tariff-price-list-2026-27-id338674/RESELENE,,sapn-tariff-price-list-2026-27-id338674,,,,"time-of-use components (energy:offpeak, energy:peak, energy:shoulder, energy:solar_soak) with no structured window covering that charge kind and band in this tariff-year; check source before use"
tou_definition_missing/04be82ce5d,tou_definition_missing,ausgrid,2026-27,ausgrid:EA964,ausgrid-network-price-list-2026-27/EA964,,ausgrid-network-price-list-2026-27,,,,"time-of-use components (energy:critical_peak, energy:offpeak) with no structured window covering that charge kind and band in this tariff-year; check source before use"
tou_definition_missing/055981c5be,tou_definition_missing,ergon,2026-27,ergon:WC33TOUDT1,ergon-network-price-list-2026-27-sch8-wayback/WC33TOUDT1,,ergon-network-price-list-2026-27-sch8-wayback,,,,"time-of-use components (demand:peak, demand:shoulder) with no structured window covering that charge kind and band in this tariff-year; check source before use"
tou_definition_missing/05d42be255,tou_definition_missing,evoenergy,2026-27,evoenergy:124,evoenergy-schedule-of-charges-2026-27-aer-approved-april2026/124,,evoenergy-schedule-of-charges-2026-27-aer-approved-april2026,,,,time-of-use components (export:critical_peak) with no structured window covering that charge kind and band in this tariff-year; check source before use
tou_definition_missing/05f6a40ede,tou_definition_missing,energex,2025-26,energex:94300,energex-network-price-list-2025-26-sch8-wayback/94300,,energex-network-price-list-2025-26-sch8-wayback,,,,"time-of-use components (energy:offpeak, energy:peak, energy:shoulder) with no structured window covering that charge kind and band in this tariff-year; check source before use"
tou_definition_missing/0613338e31,tou_definition_missing,citipower,2026-27,citipower:CDS,citipower-tariff-summary-2026-27-07may2026/CDS,,citipower-tariff-summary-2026-27-07may2026,,,,time-of-use components (energy:offpeak) with no structured window covering that charge kind and band in this tariff-year; check source before use
tou_definition_missing/06402650df,tou_definition_missing,ergon,2026-27,ergon:ELTOUET1,ergon-network-price-list-2026-27-sch8-wayback/ELTOUET1,,ergon-network-price-list-2026-27-sch8-wayback,,,,"time-of-use components (energy:offpeak, energy:peak, energy:shoulder) with no structured window covering that charge kind and band in this tariff-year; check source before use"
tou_definition_missing/068b271845,tou_definition_missing,sapn,2025-26,sapn:ZSSGF,sapn-2025-26-pricing-proposal-overview-14may2025/ZSSGF,,sapn-2025-26-pricing-proposal-overview-14may2025,,,,time-of-use components (demand:peak) with no structured window covering that charge kind and band in this tariff-year; check source before use
tou_definition_missing/06d8bd30bd,tou_definition_missing,powercor,2023-24,powercor:LLV1,powercor-2023-24-tariff-summary-31mar2023/LLV1,,powercor-2023-24-tariff-summary-31mar2023,,,,"time-of-use components (energy:offpeak, energy:peak) with no structured window covering that charge kind and band in this tariff-year; check source before use"
tou_definition_missing/06d8c79e08,tou_definition_missing,ergon,2026-27,ergon:ELTOUDT1,ergon-network-price-list-2026-27-sch8-wayback/ELTOUDT1,,ergon-network-price-list-2026-27-sch8-wayback,,,,"time-of-use components (demand:peak, demand:shoulder, energy:offpeak, energy:peak, energy:shoulder) with no structured window covering that charge kind and band in this tariff-year; check source before use"
tou_definition_missing/06e81ac549,tou_definition_missing,sapn,2023-24,sapn:STN018,sapn-2023-24-annual-pricing-proposal-revised-8may2023/STN018,,sapn-2023-24-annual-pricing-proposal-revised-8may2023,,,,time-of-use components (demand:peak) with no structured window covering that charge kind and band in this tariff-year; check source before use
tou_definition_missing/06f1eea86e,tou_definition_missing,sapn,2024-25,sapn:STR148,sapn-2024-25-annual-pricing-proposal-19apr2024/STR148,,sapn-2024-25-annual-pricing-proposal-19apr2024,,,,time-of-use components (demand:peak) with no structured window covering that charge kind and band in this tariff-year; check source before use
tou_definition_missing/0792247bd1,tou_definition_missing,tasnetworks,2026-27,tasnetworks:TAS97,tasnetworks-network-pricing-schedule-2026-27/TAS97,,tasnetworks-network-pricing-schedule-2026-27,,,,"time-of-use components (energy:offpeak, energy:peak, energy:super_offpeak) with no structured window covering that charge kind and band in this tariff-year; check source before use"
tou_definition_missing/07ca86a01b,tou_definition_missing,sapn,2024-25,sapn:STN,sapn-2024-25-annual-pricing-proposal-19apr2024/STN,,sapn-2024-25-annual-pricing-proposal-19apr2024,,,,time-of-use components (demand:peak) with no structured window covering that charge kind and band in this tariff-year; check source before use
tou_definition_missing/084d2fde45,tou_definition_missing,ergon,2023-24,ergon:TBAT2,ergon-2023-24-network-price-list-31mar2023/TBA T2/ae9273998f,,ergon-2023-24-network-price-list-31mar2023,,,,"time-of-use components (demand:offpeak, demand:peak, export:peak) with no structured window covering that charge kind and band in this tariff-year; check source before use"
tou_definition_missing/087705756b,tou_definition_missing,sapn,2026-27,sapn:RTOUNE,sapn-tariff-price-list-2026-27-id338674/RTOUNE,,sapn-tariff-price-list-2026-27-id338674,,,,"time-of-use components (energy:offpeak, energy:peak, energy:solar_soak) with no structured window covering that charge kind and band in this tariff-year; check source before use"
tou_definition_missing/08fb28c3d4,tou_definition_missing,sapn,2023-24,sapn:HVAD439,sapn-2023-24-annual-pricing-proposal-revised-8may2023/HVAD439,,sapn-2023-24-annual-pricing-proposal-revised-8may2023,,,,"time-of-use components (demand:peak, energy:offpeak, energy:peak) with no structured window covering that charge kind and band in this tariff-year; check source before use"
tou_definition_missing/0925d42111,tou_definition_missing,evoenergy,2023-24,evoenergy:108,evoenergy-2023-24-electricity-network-pricing-proposal-5may2023/108,,evoenergy-2023-24-electricity-network-pricing-proposal-5may2023,,,,"time-of-use components (demand:peak, export:critical_peak) with no structured window covering that charge kind and band in this tariff-year; check source before use"
tou_definition_missing/094b0b807f,tou_definition_missing,ausgrid,2024-25,ausgrid:EA964,ausgrid-network-price-list-2024-25-wayback20250806/EA964,,ausgrid-network-price-list-2024-25-wayback20250806,,,,"time-of-use components (energy:critical_peak, energy:offpeak) with no structured window covering that charge kind and band in this tariff-year; check source before use"
tou_definition_missing/09b41ad465,tou_definition_missing,ausgrid,2026-27,ausgrid:EA251,ausgrid-network-price-list-2026-27/EA251,,ausgrid-network-price-list-2026-27,,,,"time-of-use components (energy:offpeak, energy:peak) with no structured window covering that charge kind and band in this tariff-year; check source before use"
tou_definition_missing/0a479ed7a8,tou_definition_missing,ausgrid,2026-27,ausgrid:EA225,ausgrid-network-price-list-2026-27/EA225,,ausgrid-network-price-list-2026-27,,,,"time-of-use components (energy:offpeak, energy:peak) with no structured window covering that charge kind and band in this tariff-year; check source before use"
tou_definition_missing/0b02fb0970,tou_definition_missing,sapn,2025-26,sapn:ZSS035,sapn-2025-26-pricing-proposal-overview-14may2025/ZSS035,,sapn-2025-26-pricing-proposal-overview-14may2025,,,,time-of-use components (demand:peak) with no structured window covering that charge kind and band in this tariff-year; check source before use
tou_definition_missing/0b03fdc9d5,tou_definition_missing,sapn,2024-25,sapn:ZSN608,sapn-2024-25-annual-pricing-proposal-19apr2024/ZSN608,,sapn-2024-25-annual-pricing-proposal-19apr2024,,,,time-of-use components (demand:peak) with no structured window covering that charge kind and band in this tariff-year; check source before use
tou_definition_missing/0b358e99ca,tou_definition_missing,citipower,2026-27,citipower:CMGO21,citipower-tariff-summary-2026-27-07may2026/CMGO21,,citipower-tariff-summary-2026-27-07may2026,,,,"time-of-use components (energy:offpeak, energy:peak) with no structured window covering that charge kind and band in this tariff-year; check source before use"
tou_definition_missing/0c07a35bdf,tou_definition_missing,energex,2026-27,energex:3900,energex-network-price-list-2026-27-sch8-wayback/3900,,energex-network-price-list-2026-27-sch8-wayback,,,,"time-of-use components (demand:peak, energy:offpeak, energy:peak, energy:shoulder) with no structured window covering that charge kind and band in this tariff-year; check source before use"
tou_definition_missing/0c93dcba81,tou_definition_missing,energex,2026-27,energex:4000,energex-network-price-list-2026-27-sch8-wayback/4000,,energex-network-price-list-2026-27-sch8-wayback,,,,"time-of-use components (energy:offpeak, energy:peak) with no structured window covering that charge kind and band in this tariff-year; check source before use"
tou_definition_missing/0ce2b0390c,tou_definition_missing,ausgrid,2024-25,ausgrid:EA375,ausgrid-network-price-list-2024-25-wayback20250806/EA375,,ausgrid-network-price-list-2024-25-wayback20250806,,,,time-of-use components (energy:critical_peak) with no structured window covering that charge kind and band in this tariff-year; check source before use
tou_definition_missing/0d3827c377,tou_definition_missing,tasnetworks,2025-26,tasnetworks:TAS98,tasnetworks-network-tariff-pricing-schedule-scs-2025-26/TAS98,,tasnetworks-network-tariff-pricing-schedule-scs-2025-26,,,,"time-of-use components (demand:offpeak, demand:peak) with no structured window covering that charge kind and band in this tariff-year; check source before use"
tou_definition_missing/0d77adb4fd,tou_definition_missing,tasnetworks,2025-26,tasnetworks:TAS84T4,tasnetworks-network-tariff-pricing-schedule-scs-2025-26/TAS84T4,,tasnetworks-network-tariff-pricing-schedule-scs-2025-26,,,,time-of-use components (demand:peak) with no structured window covering that charge kind and band in this tariff-year; check source before use
tou_definition_missing/0d83c23679,tou_definition_missing,tasnetworks,2024-25,tasnetworks:TAS84T1,tasnetworks-network-tariff-pricing-schedule-scs-2024-25/TAS84T1,,tasnetworks-network-tariff-pricing-schedule-scs-2024-25,,,,time-of-use components (demand:peak) with no structured window covering that charge kind and band in this tariff-year; check source before use
tou_definition_missing/0dac74ccea,tou_definition_missing,tasnetworks,2024-25,tasnetworks:TASSDM,tasnetworks-network-tariff-pricing-schedule-scs-2024-25/TASSDM,,tasnetworks-network-tariff-pricing-schedule-scs-2024-25,,,,"time-of-use components (energy:offpeak, energy:peak, energy:shoulder) with no structured window covering that charge kind and band in this tariff-year; check source before use"
tou_definition_missing/0e0dff97e3,tou_definition_missing,essential,2023-24,essential:BHNS1AO,essential-2023-24-network-price-list-31mar2023/BHNS1AO,,essential-2023-24-network-price-list-31mar2023,,,,"time-of-use components (demand:offpeak, demand:peak, demand:shoulder, energy:offpeak, energy:peak, energy:shoulder) with no structured window covering that charge kind and band in this tariff-year; check source before use"
tou_definition_missing/0e5b8c8555,tou_definition_missing,ergon,2025-26,ergon:WRTOUET1,ergon-network-price-list-2025-26-sch8-wayback/WRTOUET1,,ergon-network-price-list-2025-26-sch8-wayback,,,,"time-of-use components (energy:offpeak, energy:peak, energy:shoulder) with no structured window covering that charge kind and band in this tariff-year; check source before use"
tou_definition_missing/0f41c6e601,tou_definition_missing,tasnetworks,2024-25,tasnetworks:TAS75,tasnetworks-network-tariff-pricing-schedule-scs-2024-25/TAS75,,tasnetworks-network-tariff-pricing-schedule-scs-2024-25,,,,"time-of-use components (energy:offpeak, energy:peak, energy:shoulder) with no structured window covering that charge kind and band in this tariff-year; check source before use"
tou_definition_missing/1055647836,tou_definition_missing,ergon,2024-25,ergon:WRTDEMT1,ergon-2024-25-network-price-list-28mar2024/WRTDEMT1,,ergon-2024-25-network-price-list-28mar2024,,,,time-of-use components (demand:peak) with no structured window covering that charge kind and band in this tariff-year; check source before use
tou_definition_missing/1066ce0ef3,tou_definition_missing,energex,2025-26,energex:4000,energex-network-price-list-2025-26-sch8-wayback/4000,,energex-network-price-list-2025-26-sch8-wayback,,,,"time-of-use components (energy:offpeak, energy:peak) with no structured window covering that charge kind and band in this tariff-year; check source before use"
tou_definition_missing/10e43fff90,tou_definition_missing,ausgrid,2026-27,ausgrid:EA501,ausgrid-network-price-list-2026-27/EA501,,ausgrid-network-price-list-2026-27,,,,time-of-use components (demand:peak) with no structured window covering that charge kind and band in this tariff-year; check source before use
tou_definition_missing/11245f5d8e,tou_definition_missing,evoenergy,2024-25,evoenergy:070,evoenergy-schedule-of-charges-2024-25-lfit-adjusted/070,,evoenergy-schedule-of-charges-2024-25-lfit-adjusted,,,,time-of-use components (energy:offpeak) with no structured window covering that charge kind and band in this tariff-year; check source before use
tou_definition_missing/11a4bd52b1,tou_definition_missing,ausgrid,2023-24,ausgrid:EA501,ausgrid-2023-24-annual-scs-pricing-proposal-31mar2023/EA501,,ausgrid-2023-24-annual-scs-pricing-proposal-31mar2023,,,,time-of-use components (demand:peak) with no structured window covering that charge kind and band in this tariff-year; check source before use
tou_definition_missing/11eeb9e11b,tou_definition_missing,ausgrid,2024-25,ausgrid:EA310,ausgrid-network-price-list-2024-25-wayback20250806/EA310,,ausgrid-network-price-list-2024-25-wayback20250806,,,,"time-of-use components (demand:peak, energy:offpeak, energy:peak) with no structured window covering that charge kind and band in this tariff-year; check source before use"
tou_definition_missing/121947db9c,tou_definition_missing,ausgrid,2024-25,ausgrid:EA305,ausgrid-network-price-list-2024-25-wayback20250806/EA305,,ausgrid-network-price-list-2024-25-wayback20250806,,,,"time-of-use components (demand:peak, energy:offpeak, energy:peak) with no structured window covering that charge kind and band in this tariff-year; check source before use"
tou_definition_missing/12ec04284a,tou_definition_missing,ergon,2026-27,ergon:EBTOUET1,ergon-network-price-list-2026-27-sch8-wayback/EBTOUET1,,ergon-network-price-list-2026-27-sch8-wayback,,,,"time-of-use components (energy:offpeak, energy:peak, energy:shoulder) with no structured window covering that charge kind and band in this tariff-year; check source before use"
tou_definition_missing/132a57ed24,tou_definition_missing,ergon,2023-24,ergon:EC66TOUT1,ergon-2023-24-network-price-list-31mar2023/EC66TOUT1,,ergon-2023-24-network-price-list-31mar2023,,,,"time-of-use components (demand:offpeak, demand:peak, energy:offpeak, energy:peak) with no structured window covering that charge kind and band in this tariff-year; check source before use"
tou_definition_missing/141df1e130,tou_definition_missing,ergon,2024-25,ergon:EC22BTOUT3,ergon-2024-25-network-price-list-28mar2024/EC22BTOUT3,,ergon-2024-25-network-price-list-28mar2024,,,,"time-of-use components (demand:offpeak, demand:peak, energy:offpeak, energy:peak) with no structured window covering that charge kind and band in this tariff-year; check source before use"
tou_definition_missing/1434f84d34,tou_definition_missing,ausgrid,2025-26,ausgrid:EA251,ausgrid-network-price-list-2025-26/EA251,,ausgrid-network-price-list-2025-26,,,,"time-of-use components (energy:offpeak, energy:peak) with no structured window covering that charge kind and band in this tariff-year; check source before use"
tou_definition_missing/14b0519ef2,tou_definition_missing,sapn,2023-24,sapn:LBAD583,sapn-2023-24-annual-pricing-proposal-revised-8may2023/LBAD583,,sapn-2023-24-annual-pricing-proposal-revised-8may2023,,,,"time-of-use components (demand:peak, energy:offpeak, energy:peak) with no structured window covering that charge kind and band in this tariff-year; check source before use"
tou_definition_missing/166b041169,tou_definition_missing,energex,2024-25,energex:4500,energex-2024-25-network-price-list-28mar2024/4500,,energex-2024-25-network-price-list-28mar2024,,,,"time-of-use components (energy:offpeak, energy:peak) with no structured window covering that charge kind and band in this tariff-year; check source before use"
tou_definition_missing/16f0bf310c,tou_definition_missing,ergon,2023-24,ergon:EBFRMT2,ergon-2023-24-network-price-list-31mar2023/EBFRMT2,,ergon-2023-24-network-price-list-31mar2023,,,,time-of-use components (energy:offpeak) with no structured window covering that charge kind and band in this tariff-year; check source before use
tou_definition_missing/1760a3334a,tou_definition_missing,ausgrid,2025-26,ausgrid:EA370,ausgrid-network-price-list-2025-26/EA370,,ausgrid-network-price-list-2025-26,,,,"time-of-use components (demand:peak, energy:offpeak, energy:peak) with no structured window covering that charge kind and band in this tariff-year; check source before use"
tou_definition_missing/176dd8f855,tou_definition_missing,sapn,2023-24,sapn:LBAD201,sapn-2023-24-annual-pricing-proposal-revised-8may2023/LBAD201,,sapn-2023-24-annual-pricing-proposal-revised-8may2023,,,,"time-of-use components (demand:peak, energy:offpeak, energy:peak) with no structured window covering that charge kind and band in this tariff-year; check source before use"
tou_definition_missing/1802d47ad1,tou_definition_missing,ergon,2023-24,ergon:EBTDEMT1,ergon-2023-24-network-price-list-31mar2023/EBTDEMT1,,ergon-2023-24-network-price-list-31mar2023,,,,time-of-use components (demand:peak) with no structured window covering that charge kind and band in this tariff-year; check source before use
tou_definition_missing/184996fc41,tou_definition_missing,citipower,2024-25,citipower:CNDB,citipower-pricing-proposal-2024-25-28mar2024-wayback/CNDB,,citipower-pricing-proposal-2024-25-28mar2024-wayback,,,,"time-of-use components (energy:peak, energy:solar_soak, export:peak) with no structured window covering that charge kind and band in this tariff-year; check source before use"
tou_definition_missing/184e163223,tou_definition_missing,sapn,2026-27,sapn:HVADFCBD,sapn-tariff-price-list-2026-27-id338674/HVADFCBD,,sapn-tariff-price-list-2026-27-id338674,,,,"time-of-use components (demand:peak, energy:offpeak, energy:peak) with no structured window covering that charge kind and band in this tariff-year; check source before use"
tou_definition_missing/1862e5016b,tou_definition_missing,evoenergy,2025-26,evoenergy:108,evoenergy-schedule-of-charges-2025-26-incl-lfit-may2025/108,,evoenergy-schedule-of-charges-2025-26-incl-lfit-may2025,,,,time-of-use components (export:critical_peak) with no structured window covering that charge kind and band in this tariff-year; check source before use
tou_definition_missing/18f76be6fe,tou_definition_missing,tasnetworks,2024-25,tasnetworks:TAS93,tasnetworks-network-tariff-pricing-schedule-scs-2024-25/TAS93,,tasnetworks-network-tariff-pricing-schedule-scs-2024-25,,,,"time-of-use components (energy:offpeak, energy:peak) with no structured window covering that charge kind and band in this tariff-year; check source before use"
tou_definition_missing/1918343a2a,tou_definition_missing,sapn,2025-26,sapn:ZSSG,sapn-2025-26-pricing-proposal-overview-14may2025/ZSSG,,sapn-2025-26-pricing-proposal-overview-14may2025,,,,time-of-use components (demand:peak) with no structured window covering that charge kind and band in this tariff-year; check source before use
tou_definition_missing/1922bf8764,tou_definition_missing,ausgrid,2024-25,ausgrid:EA302,ausgrid-network-price-list-2024-25-wayback20250806/EA302,,ausgrid-network-price-list-2024-25-wayback20250806,,,,"time-of-use components (demand:peak, energy:offpeak, energy:peak) with no structured window covering that charge kind and band in this tariff-year; check source before use"
tou_definition_missing/19684bc32d,tou_definition_missing,powercor,2023-24,powercor:LLVT2,powercor-2023-24-tariff-summary-31mar2023/LLVT2,,powercor-2023-24-tariff-summary-31mar2023,,,,"time-of-use components (energy:offpeak, energy:peak) with no structured window covering that charge kind and band in this tariff-year; check source before use"
tou_definition_missing/197d028736,tou_definition_missing,ergon,2023-24,ergon:EC22LTOUT1,ergon-2023-24-network-price-list-31mar2023/EC22LTOUT1,,ergon-2023-24-network-price-list-31mar2023,,,,"time-of-use components (demand:offpeak, demand:peak, energy:offpeak, energy:peak) with no structured window covering that charge kind and band in this tariff-year; check source before use"
tou_definition_missing/1a1d0cdead,tou_definition_missing,ergon,2025-26,ergon:ESPRCET1,ergon-network-price-list-2025-26-sch8-wayback/ESPRCET1,,ergon-network-price-list-2025-26-sch8-wayback,,,,"time-of-use components (demand:critical_peak, energy:peak, export:critical_peak) with no structured window covering that charge kind and band in this tariff-year; check source before use"
tou_definition_missing/1aee39313b,tou_definition_missing,evoenergy,2025-26,evoenergy:123,evoenergy-schedule-of-charges-2025-26-incl-lfit-may2025/123,,evoenergy-schedule-of-charges-2025-26-incl-lfit-may2025,,,,time-of-use components (export:critical_peak) with no structured window covering that charge kind and band in this tariff-year; check source before use
tou_definition_missing/1afa171ede,tou_definition_missing,tasnetworks,2026-27,tasnetworks:TAS94,tasnetworks-network-pricing-schedule-2026-27/TAS94,,tasnetworks-network-pricing-schedule-2026-27,,,,"time-of-use components (energy:offpeak, energy:peak, energy:shoulder) with no structured window covering that charge kind and band in this tariff-year; check source before use"
tou_definition_missing/1b468cdea6,tou_definition_missing,sapn,2025-26,sapn:STRGF,sapn-initial-pricing-proposal-overview-2025-26-id333252/STRGF,,sapn-initial-pricing-proposal-overview-2025-26-id333252,,,,time-of-use components (demand:peak) with no structured window covering that charge kind and band in this tariff-year; check source before use
tou_definition_missing/1bb4cc7b76,tou_definition_missing,energex,2024-25,energex:8900,energex-2024-25-network-price-list-28mar2024/8900,,energex-2024-25-network-price-list-28mar2024,,,,"time-of-use components (energy:offpeak, energy:peak, energy:shoulder) with no structured window covering that charge kind and band in this tariff-year; check source before use"
tou_definition_missing/1bb7f785b0,tou_definition_missing,ausnet,2023-24,ausnet:NSP79T,ausnet-annual-pricing-proposal-2023-24/NSP79T,,ausnet-annual-pricing-proposal-2023-24,,,,"time-of-use components (demand:critical_peak, energy:offpeak, energy:peak, energy:shoulder, energy:solar_soak) with no structured window covering that charge kind and band in this tariff-year; check source before use"
tou_definition_missing/1c5bb095d2,tou_definition_missing,sapn,2026-27,sapn:HVAD276,sapn-tariff-price-list-2026-27-id338674/HVAD276,,sapn-tariff-price-list-2026-27-id338674,,,,"time-of-use components (demand:peak, energy:offpeak, energy:peak) with no structured window covering that charge kind and band in this tariff-year; check source before use"
tou_definition_missing/1df63dfc6a,tou_definition_missing,ergon,2024-25,ergon:ERTDEMT3,ergon-2024-25-network-price-list-28mar2024/ERTDEMT3,,ergon-2024-25-network-price-list-28mar2024,,,,time-of-use components (demand:peak) with no structured window covering that charge kind and band in this tariff-year; check source before use
tou_definition_missing/1e22761b62,tou_definition_missing,powercor,2026-27,powercor:DD1,powercor-tariff-summary-2026-27-07may2026/DD1,,powercor-tariff-summary-2026-27-07may2026,,,,time-of-use components (energy:offpeak) with no structured window covering that charge kind and band in this tariff-year; check source before use
tou_definition_missing/1e5509ed0d,tou_definition_missing,evoenergy,2023-24,evoenergy:123,evoenergy-2023-24-electricity-network-pricing-proposal-5may2023/123,,evoenergy-2023-24-electricity-network-pricing-proposal-5may2023,,,,"time-of-use components (demand:peak, export:critical_peak) with no structured window covering that charge kind and band in this tariff-year; check source before use"
tou_definition_missing/1e9740200e,tou_definition_missing,ergon,2026-27,ergon:WC66TOUDT1,ergon-network-price-list-2026-27-sch8-wayback/WC66TOUDT1,,ergon-network-price-list-2026-27-sch8-wayback,,,,"time-of-use components (demand:peak, demand:shoulder) with no structured window covering that charge kind and band in this tariff-year; check source before use"
tou_definition_missing/1f235c9642,tou_definition_missing,citipower,2026-27,citipower:EVCTOU,citipower-tariff-summary-2026-27-07may2026/EVCTOU,,citipower-tariff-summary-2026-27-07may2026,,,,"time-of-use components (energy:offpeak, energy:peak, energy:solar_soak, export:peak) with no structured window covering that charge kind and band in this tariff-year; check source before use"
tou_definition_missing/1f7cf14994,tou_definition_missing,energex,2026-27,energex:92300,energex-network-price-list-2026-27-sch8-wayback/92300,,energex-network-price-list-2026-27-sch8-wayback,,,,"time-of-use components (demand:peak, demand:shoulder) with no structured window covering that charge kind and band in this tariff-year; check source before use"
tou_definition_missing/209276e013,tou_definition_missing,powercor,2023-24,powercor:NDMO21,powercor-2023-24-tariff-summary-31mar2023/NDMO21,,powercor-2023-24-tariff-summary-31mar2023,,,,"time-of-use components (energy:offpeak, energy:peak) with no structured window covering that charge kind and band in this tariff-year; check source before use"
tou_definition_missing/2113d022d7,tou_definition_missing,ergon,2023-24,ergon:WLTOUDT2,ergon-2023-24-network-price-list-31mar2023/WLTOUDT2,,ergon-2023-24-network-price-list-31mar2023,,,,time-of-use components (demand:peak) with no structured window covering that charge kind and band in this tariff-year; check source before use
tou_definition_missing/2226fa8245,tou_definition_missing,sapn,2023-24,sapn:ZSS035,sapn-2023-24-annual-pricing-proposal-revised-8may2023/ZSS035,,sapn-2023-24-annual-pricing-proposal-revised-8may2023,,,,time-of-use components (demand:peak) with no structured window covering that charge kind and band in this tariff-year; check source before use
tou_definition_missing/2245806ee9,tou_definition_missing,sapn,2026-27,sapn:HVBG,sapn-tariff-price-list-2026-27-id338674/HVBG,,sapn-tariff-price-list-2026-27-id338674,,,,time-of-use components (demand:peak) with no structured window covering that charge kind and band in this tariff-year; check source before use
tou_definition_missing/22bc0ec665,tou_definition_missing,ergon,2023-24,ergon:WRDEMT2,ergon-2023-24-network-price-list-31mar2023/WRDEMT2,,ergon-2023-24-network-price-list-31mar2023,,,,time-of-use components (demand:peak) with no structured window covering that charge kind and band in this tariff-year; check source before use
tou_definition_missing/22bd75a206,tou_definition_missing,essential,2023-24,essential:BHTD1SO,essential-2023-24-network-price-list-31mar2023/BHTD1SO,,essential-2023-24-network-price-list-31mar2023,,,,"time-of-use components (energy:offpeak, energy:peak, energy:shoulder) with no structured window covering that charge kind and band in this tariff-year; check source before use"
tou_definition_missing/23b02476b4,tou_definition_missing,unitedenergy,2026-27,unitedenergy:UFS,ue-tariff-summary-2026-27-07may2026/UFS,,ue-tariff-summary-2026-27-07may2026,,,,"time-of-use components (export:peak, export:solar_soak) with no structured window covering that charge kind and band in this tariff-year; check source before use"
tou_definition_missing/2423f4c879,tou_definition_missing,energex,2024-25,energex:3800,energex-2024-25-network-price-list-28mar2024/3800,,energex-2024-25-network-price-list-28mar2024,,,,time-of-use components (demand:peak) with no structured window covering that charge kind and band in this tariff-year; check source before use
tou_definition_missing/245e4486a8,tou_definition_missing,sapn,2024-25,sapn:ZSS550,sapn-2024-25-annual-pricing-proposal-19apr2024/ZSS550,,sapn-2024-25-annual-pricing-proposal-19apr2024,,,,time-of-use components (demand:peak) with no structured window covering that charge kind and band in this tariff-year; check source before use
tou_definition_missing/247c842fc5,tou_definition_missing,sapn,2024-25,sapn:ZSS850,sapn-2024-25-annual-pricing-proposal-19apr2024/ZSS850,,sapn-2024-25-annual-pricing-proposal-19apr2024,,,,time-of-use components (demand:peak) with no structured window covering that charge kind and band in this tariff-year; check source before use
tou_definition_missing/25267bf849,tou_definition_missing,ergon,2026-27,ergon:WRTDEMT1,ergon-network-price-list-2026-27-sch8-wayback/WRTDEMT1,,ergon-network-price-list-2026-27-sch8-wayback,,,,"time-of-use components (demand:peak, energy:offpeak, energy:peak, energy:shoulder) with no structured window covering that charge kind and band in this tariff-year; check source before use"
tou_definition_missing/259fe0a603,tou_definition_missing,energex,2024-25,energex:TBA3,energex-2024-25-network-price-list-28mar2024/TBA3,,energex-2024-25-network-price-list-28mar2024,,,,"time-of-use components (demand:critical_peak, energy:offpeak, energy:peak, energy:shoulder, export:critical_peak) with no structured window covering that charge kind and band in this tariff-year; check source before use"
tou_definition_missing/25d59db6a4,tou_definition_missing,ergon,2023-24,ergon:ELTOUDT2,ergon-2023-24-network-price-list-31mar2023/ELTOUDT2,,ergon-2023-24-network-price-list-31mar2023,,,,time-of-use components (demand:peak) with no structured window covering that charge kind and band in this tariff-year; check source before use
tou_definition_missing/261f57794d,tou_definition_missing,ausgrid,2023-24,ausgrid:EA391,ausgrid-2023-24-annual-scs-pricing-proposal-31mar2023/EA391,,ausgrid-2023-24-annual-scs-pricing-proposal-31mar2023,,,,"time-of-use components (energy:offpeak, energy:peak, energy:shoulder) with no structured window covering that charge kind and band in this tariff-year; check source before use"
tou_definition_missing/26886478c2,tou_definition_missing,sapn,2025-26,sapn:STN557,sapn-2025-26-pricing-proposal-overview-14may2025/STN557,,sapn-2025-26-pricing-proposal-overview-14may2025,,,,time-of-use components (demand:peak) with no structured window covering that charge kind and band in this tariff-year; check source before use
tou_definition_missing/26a65fbcd5,tou_definition_missing,ausnet,2024-25,ausnet:NAST16T,ausnet-annual-pricing-proposal-2024-25/NAST16T,,ausnet-annual-pricing-proposal-2024-25,,,,"time-of-use components (energy:offpeak, energy:peak, energy:solar_soak) with no structured window covering that charge kind and band in this tariff-year; check source before use"
tou_definition_missing/26c9d064a5,tou_definition_missing,unitedenergy,2024-25,unitedenergy:LVKVATOU2,unitedenergy-2024-25-tariff-summary-28mar2024/LVKVATOU 2,,unitedenergy-2024-25-tariff-summary-28mar2024,,,,"time-of-use components (demand:peak, energy:offpeak, energy:peak) with no structured window covering that charge kind and band in this tariff-year; check source before use"
tou_definition_missing/27abc45f7d,tou_definition_missing,sapn,2025-26,sapn:STRG,sapn-2025-26-pricing-proposal-overview-14may2025/STRG,,sapn-2025-26-pricing-proposal-overview-14may2025,,,,time-of-use components (demand:peak) with no structured window covering that charge kind and band in this tariff-year; check source before use
tou_definition_missing/27bc36ec3a,tou_definition_missing,energex,2026-27,energex:92400,energex-network-price-list-2026-27-sch8-wayback/92400,,energex-network-price-list-2026-27-sch8-wayback,,,,"time-of-use components (demand:peak, demand:shoulder) with no structured window covering that charge kind and band in this tariff-year; check source before use"
tou_definition_missing/27d5c029c6,tou_definition_missing,ausgrid,2025-26,ausgrid:EA390,ausgrid-network-price-list-2025-26/EA390,,ausgrid-network-price-list-2025-26,,,,"time-of-use components (demand:peak, energy:offpeak, energy:peak) with no structured window covering that charge kind and band in this tariff-year; check source before use"
tou_definition_missing/289f83371a,tou_definition_missing,sapn,2025-26,sapn:ZSS196,sapn-2025-26-pricing-proposal-overview-14may2025/ZSS196,,sapn-2025-26-pricing-proposal-overview-14may2025,,,,time-of-use components (demand:peak) with no structured window covering that charge kind and band in this tariff-year; check source before use
tou_definition_missing/28beb60f9c,tou_definition_missing,energex,2023-24,energex:3800,energex-2023-24-network-price-list-27apr2023/3800,,energex-2023-24-network-price-list-27apr2023,,,,time-of-use components (demand:peak) with no structured window covering that charge kind and band in this tariff-year; check source before use
tou_definition_missing/293841ae8b,tou_definition_missing,powercor,2024-25,powercor:DD1,powercor-2024-25-tariff-summary-28mar2024/DD1,,powercor-2024-25-tariff-summary-28mar2024,,,,time-of-use components (energy:offpeak) with no structured window covering that charge kind and band in this tariff-year; check source before use
tou_definition_missing/2a060d05f4,tou_definition_missing,sapn,2024-25,sapn:ZSN700,sapn-2024-25-annual-pricing-proposal-19apr2024/ZSN700,,sapn-2024-25-annual-pricing-proposal-19apr2024,,,,time-of-use components (demand:peak) with no structured window covering that charge kind and band in this tariff-year; check source before use
tou_definition_missing/2a2adaaf09,tou_definition_missing,ausgrid,2023-24,ausgrid:EA011,ausgrid-2023-24-annual-scs-pricing-proposal-31mar2023/EA011,,ausgrid-2023-24-annual-scs-pricing-proposal-31mar2023,,,,"time-of-use components (energy:offpeak, energy:peak, energy:shoulder) with no structured window covering that charge kind and band in this tariff-year; check source before use"
tou_definition_missing/2a61afc0ce,tou_definition_missing,sapn,2023-24,sapn:LBAD711,sapn-2023-24-annual-pricing-proposal-revised-8may2023/LBAD711,,sapn-2023-24-annual-pricing-proposal-revised-8may2023,,,,"time-of-use components (demand:peak, energy:offpeak, energy:peak) with no structured window covering that charge kind and band in this tariff-year; check source before use"
tou_definition_missing/2a8ddcf082,tou_definition_missing,tasnetworks,2026-27,tasnetworks:TAS93,tasnetworks-network-pricing-schedule-2026-27/TAS93,,tasnetworks-network-pricing-schedule-2026-27,,,,"time-of-use components (energy:offpeak, energy:peak) with no structured window covering that charge kind and band in this tariff-year; check source before use"
tou_definition_missing/2be8e05dab,tou_definition_missing,sapn,2026-27,sapn:HVMD,sapn-tariff-price-list-2026-27-id338674/HVMD,,sapn-tariff-price-list-2026-27-id338674,,,,"time-of-use components (demand:peak, energy:offpeak, energy:peak) with no structured window covering that charge kind and band in this tariff-year; check source before use"
tou_definition_missing/2c07d97a5f,tou_definition_missing,sapn,2024-25,sapn:STN084,sapn-2024-25-annual-pricing-proposal-19apr2024/STN084,,sapn-2024-25-annual-pricing-proposal-19apr2024,,,,time-of-use components (demand:peak) with no structured window covering that charge kind and band in this tariff-year; check source before use
tou_definition_missing/2ce7428937,tou_definition_missing,tasnetworks,2026-27,tasnetworks:TAS15,tasnetworks-network-pricing-schedule-2026-27/TAS15,,tasnetworks-network-pricing-schedule-2026-27,,,,"time-of-use components (energy:offpeak, energy:peak, energy:shoulder) with no structured window covering that charge kind and band in this tariff-year; check source before use"
tou_definition_missing/2d332e5c68,tou_definition_missing,ergon,2025-26,ergon:WCFLEXT1,ergon-network-price-list-2025-26-sch8-wayback/WCFLEXT1,,ergon-network-price-list-2025-26-sch8-wayback,,,,time-of-use components (energy:peak) with no structured window covering that charge kind and band in this tariff-year; check source before use
tou_definition_missing/2d6ba21915,tou_definition_missing,citipower,2026-27,citipower:CFL,citipower-tariff-summary-2026-27-07may2026/CFL,,citipower-tariff-summary-2026-27-07may2026,,,,time-of-use components (energy:peak) with no structured window covering that charge kind and band in this tariff-year; check source before use
tou_definition_missing/2dc9996ab7,tou_definition_missing,ausgrid,2023-24,ausgrid:EA316,ausgrid-2023-24-annual-scs-pricing-proposal-31mar2023/EA316,,ausgrid-2023-24-annual-scs-pricing-proposal-31mar2023,,,,"time-of-use components (energy:offpeak, energy:peak, energy:shoulder) with no structured window covering that charge kind and band in this tariff-year; check source before use"
tou_definition_missing/2e12862ba1,tou_definition_missing,tasnetworks,2025-26,tasnetworks:TAS88,tasnetworks-network-tariff-pricing-schedule-scs-2025-26/TAS88,,tasnetworks-network-tariff-pricing-schedule-scs-2025-26,,,,"time-of-use components (demand:offpeak, demand:peak) with no structured window covering that charge kind and band in this tariff-year; check source before use"
tou_definition_missing/2ec00b0e8d,tou_definition_missing,ergon,2025-26,ergon:MLFLEXT4,ergon-network-price-list-2025-26-sch8-wayback/MLFLEXT4,,ergon-network-price-list-2025-26-sch8-wayback,,,,time-of-use components (energy:peak) with no structured window covering that charge kind and band in this tariff-year; check source before use
tou_definition_missing/2f4c10e920,tou_definition_missing,sapn,2025-26,sapn:STRF,sapn-2025-26-pricing-proposal-overview-14may2025/STRF,,sapn-2025-26-pricing-proposal-overview-14may2025,,,,time-of-use components (demand:peak) with no structured window covering that charge kind and band in this tariff-year; check source before use
tou_definition_missing/2f5daa021d,tou_definition_missing,jemena,2025-26,jemena:A180,jemena-network-tariff-schedule-2025-26/A180,,jemena-network-tariff-schedule-2025-26,,,,time-of-use components (energy:offpeak) with no structured window covering that charge kind and band in this tariff-year; check source before use
tou_definition_missing/2f95566351,tou_definition_missing,sapn,2023-24,sapn:STN557,sapn-2023-24-annual-pricing-proposal-revised-8may2023/STN557,,sapn-2023-24-annual-pricing-proposal-revised-8may2023,,,,time-of-use components (demand:peak) with no structured window covering that charge kind and band in this tariff-year; check source before use
tou_definition_missing/2ffefe2815,tou_definition_missing,energex,2026-27,energex:6900,energex-network-price-list-2026-27-sch8-wayback/6900,,energex-network-price-list-2026-27-sch8-wayback,,,,"time-of-use components (energy:offpeak, energy:peak, energy:shoulder) with no structured window covering that charge kind and band in this tariff-year; check source before use"
tou_definition_missing/300015feed,tou_definition_missing,sapn,2026-27,sapn:HVADCBD,sapn-tariff-price-list-2026-27-id338674/HVADCBD,,sapn-tariff-price-list-2026-27-id338674,,,,"time-of-use components (demand:peak, energy:offpeak, energy:peak) with no structured window covering that charge kind and band in this tariff-year; check source before use"
tou_definition_missing/300d9c068e,tou_definition_missing,ausgrid,2024-25,ausgrid:EA314,ausgrid-network-price-list-2024-25-wayback20250806/EA314,,ausgrid-network-price-list-2024-25-wayback20250806,,,,"time-of-use components (demand:peak, energy:offpeak, energy:peak) with no structured window covering that charge kind and band in this tariff-year; check source before use"
tou_definition_missing/3049487682,tou_definition_missing,sapn,2025-26,sapn:ZSS330,sapn-2025-26-pricing-proposal-overview-14may2025/ZSS330,,sapn-2025-26-pricing-proposal-overview-14may2025,,,,time-of-use components (demand:peak) with no structured window covering that charge kind and band in this tariff-year; check source before use
tou_definition_missing/32188b19bf,tou_definition_missing,ergon,2024-25,ergon:ERDEMT1,ergon-2024-25-network-price-list-28mar2024/ERDEMT1,,ergon-2024-25-network-price-list-28mar2024,,,,time-of-use components (demand:peak) with no structured window covering that charge kind and band in this tariff-year; check source before use
tou_definition_missing/3227a2b8d7,tou_definition_missing,sapn,2026-27,sapn:SBTOU,sapn-tariff-price-list-2026-27-id338674/SBTOU,,sapn-tariff-price-list-2026-27-id338674,,,,"time-of-use components (energy:offpeak, energy:peak, energy:shoulder, export:solar_soak) with no structured window covering that charge kind and band in this tariff-year; check source before use"
tou_definition_missing/3297c89cf9,tou_definition_missing,sapn,2023-24,sapn:ZSS408,sapn-2023-24-annual-pricing-proposal-revised-8may2023/ZSS408,,sapn-2023-24-annual-pricing-proposal-revised-8may2023,,,,time-of-use components (demand:peak) with no structured window covering that charge kind and band in this tariff-year; check source before use
tou_definition_missing/329e212953,tou_definition_missing,tasnetworks,2024-25,tasnetworks:TAS15,tasnetworks-network-tariff-pricing-schedule-scs-2024-25/TAS15,,tasnetworks-network-tariff-pricing-schedule-scs-2024-25,,,,"time-of-use components (energy:offpeak, energy:peak, energy:shoulder) with no structured window covering that charge kind and band in this tariff-year; check source before use"
tou_definition_missing/32b9b9678c,tou_definition_missing,sapn,2026-27,sapn:ZSN408,sapn-tariff-price-list-2026-27-id338674/ZSN408,,sapn-tariff-price-list-2026-27-id338674,,,,time-of-use components (demand:peak) with no structured window covering that charge kind and band in this tariff-year; check source before use
tou_definition_missing/32bcccc010,tou_definition_missing,sapn,2026-27,sapn:B2RNE,sapn-tariff-price-list-2026-27-id338674/B2RNE,,sapn-tariff-price-list-2026-27-id338674,,,,"time-of-use components (energy:offpeak, energy:peak) with no structured window covering that charge kind and band in this tariff-year; check source before use"
tou_definition_missing/32d5991196,tou_definition_missing,ergon,2024-25,ergon:EC66TOUT2,ergon-2024-25-network-price-list-28mar2024/EC66TOUT2,,ergon-2024-25-network-price-list-28mar2024,,,,"time-of-use components (demand:offpeak, demand:peak, energy:offpeak, energy:peak) with no structured window covering that charge kind and band in this tariff-year; check source before use"
tou_definition_missing/32d770502a,tou_definition_missing,sapn,2023-24,sapn:STN788,sapn-2023-24-annual-pricing-proposal-revised-8may2023/STN788,,sapn-2023-24-annual-pricing-proposal-revised-8may2023,,,,time-of-use components (demand:peak) with no structured window covering that charge kind and band in this tariff-year; check source before use
tou_definition_missing/33337dc8cc,tou_definition_missing,evoenergy,2024-25,evoenergy:060,evoenergy-schedule-of-charges-2024-25-lfit-adjusted/060,,evoenergy-schedule-of-charges-2024-25-lfit-adjusted,,,,time-of-use components (energy:offpeak) with no structured window covering that charge kind and band in this tariff-year; check source before use
tou_definition_missing/338565bc67,tou_definition_missing,sapn,2025-26,sapn:STR610,sapn-2025-26-pricing-proposal-overview-14may2025/STR610,,sapn-2025-26-pricing-proposal-overview-14may2025,,,,time-of-use components (demand:peak) with no structured window covering that charge kind and band in this tariff-year; check source before use
tou_definition_missing/339ed2387e,tou_definition_missing,tasnetworks,2024-25,tasnetworks:TAS98,tasnetworks-network-tariff-pricing-schedule-scs-2024-25/TAS98,,tasnetworks-network-tariff-pricing-schedule-scs-2024-25,,,,"time-of-use components (demand:offpeak, demand:peak) with no structured window covering that charge kind and band in this tariff-year; check source before use"
tou_definition_missing/33ddcf74b7,tou_definition_missing,sapn,2026-27,sapn:ZSS104,sapn-tariff-price-list-2026-27-id338674/ZSS104,,sapn-tariff-price-list-2026-27-id338674,,,,time-of-use components (demand:peak) with no structured window covering that charge kind and band in this tariff-year; check source before use
tou_definition_missing/33f9bc0851,tou_definition_missing,tasnetworks,2025-26,tasnetworks:TAS93,tasnetworks-network-tariff-pricing-schedule-scs-2025-26/TAS93,,tasnetworks-network-tariff-pricing-schedule-scs-2025-26,,,,"time-of-use components (energy:offpeak, energy:peak) with no structured window covering that charge kind and band in this tariff-year; check source before use"
tou_definition_missing/352821e990,tou_definition_missing,sapn,2025-26,sapn:HVAD265,sapn-2025-26-pricing-proposal-overview-14may2025/HVAD265,,sapn-2025-26-pricing-proposal-overview-14may2025,,,,"time-of-use components (demand:peak, energy:offpeak, energy:peak) with no structured window covering that charge kind and band in this tariff-year; check source before use"
tou_definition_missing/35c400dfdd,tou_definition_missing,sapn,2024-25,sapn:ZSN,sapn-2024-25-annual-pricing-proposal-19apr2024/ZSN,,sapn-2024-25-annual-pricing-proposal-19apr2024,,,,time-of-use components (demand:peak) with no structured window covering that charge kind and band in this tariff-year; check source before use
tou_definition_missing/360ba4825b,tou_definition_missing,ergon,2024-25,ergon:WC66TOUT3,ergon-2024-25-network-price-list-28mar2024/WC66TOUT3,,ergon-2024-25-network-price-list-28mar2024,,,,"time-of-use components (demand:offpeak, demand:peak, energy:offpeak, energy:peak) with no structured window covering that charge kind and band in this tariff-year; check source before use"
tou_definition_missing/365a0b3525,tou_definition_missing,evoenergy,2023-24,evoenergy:124,evoenergy-2023-24-electricity-network-pricing-proposal-5may2023/124,,evoenergy-2023-24-electricity-network-pricing-proposal-5may2023,,,,"time-of-use components (demand:peak, export:critical_peak) with no structured window covering that charge kind and band in this tariff-year; check source before use"
tou_definition_missing/36854ecbdb,tou_definition_missing,ergon,2025-26,ergon:EBFRMT1,ergon-network-price-list-2025-26-sch8-wayback/EBFRMT1,,ergon-network-price-list-2025-26-sch8-wayback,,,,time-of-use components (energy:offpeak) with no structured window covering that charge kind and band in this tariff-year; check source before use
tou_definition_missing/3717a86bce,tou_definition_missing,ergon,2024-25,ergon:ELTOUDT3,ergon-2024-25-network-price-list-28mar2024/ELTOUDT3,,ergon-2024-25-network-price-list-28mar2024,,,,time-of-use components (demand:peak) with no structured window covering that charge kind and band in this tariff-year; check source before use
tou_definition_missing/376b60d89b,tou_definition_missing,ergon,2024-25,ergon:EBTDEMT2,ergon-2024-25-network-price-list-28mar2024/EBTDEMT2,,ergon-2024-25-network-price-list-28mar2024,,,,time-of-use components (demand:peak) with no structured window covering that charge kind and band in this tariff-year; check source before use
tou_definition_missing/377ca5b279,tou_definition_missing,ausgrid,2025-26,ausgrid:EA965,ausgrid-network-price-list-2025-26/EA965,,ausgrid-network-price-list-2025-26,,,,"time-of-use components (energy:critical_peak, energy:offpeak) with no structured window covering that charge kind and band in this tariff-year; check source before use"
tou_definition_missing/378dd6f3b8,tou_definition_missing,sapn,2026-27,sapn:LBADF,sapn-tariff-price-list-2026-27-id338674/LBADF,,sapn-tariff-price-list-2026-27-id338674,,,,"time-of-use components (demand:peak, energy:offpeak, energy:peak) with no structured window covering that charge kind and band in this tariff-year; check source before use"
tou_definition_missing/379e71609f,tou_definition_missing,ergon,2024-25,ergon:WC22LTOUT2,ergon-2024-25-network-price-list-28mar2024/WC22LTOUT2,,ergon-2024-25-network-price-list-28mar2024,,,,"time-of-use components (demand:offpeak, demand:peak, energy:offpeak, energy:peak) with no structured window covering that charge kind and band in this tariff-year; check source before use"
tou_definition_missing/383f2832fd,tou_definition_missing,ergon,2023-24,ergon:EBDEMT3,ergon-2023-24-network-price-list-31mar2023/EBDEMT3,,ergon-2023-24-network-price-list-31mar2023,,,,time-of-use components (demand:peak) with no structured window covering that charge kind and band in this tariff-year; check source before use
tou_definition_missing/386f73d2ee,tou_definition_missing,ergon,2023-24,ergon:MBDEMT4,ergon-2023-24-network-price-list-31mar2023/MBDEMT4,,ergon-2023-24-network-price-list-31mar2023,,,,time-of-use components (demand:peak) with no structured window covering that charge kind and band in this tariff-year; check source before use
tou_definition_missing/391eb0e7dc,tou_definition_missing,energex,2023-24,energex:4500,energex-2023-24-network-price-list-27apr2023/4500,,energex-2023-24-network-price-list-27apr2023,,,,"time-of-use components (energy:offpeak, energy:peak) with no structured window covering that charge kind and band in this tariff-year; check source before use"
tou_definition_missing/3926a94b67,tou_definition_missing,unitedenergy,2026-27,unitedenergy:LVDED,ue-tariff-summary-2026-27-07may2026/LVDED,,ue-tariff-summary-2026-27-07may2026,,,,time-of-use components (energy:offpeak) with no structured window covering that charge kind and band in this tariff-year; check source before use
tou_definition_missing/3927bbf992,tou_definition_missing,citipower,2026-27,citipower:CRSTOU,citipower-tariff-summary-2026-27-07may2026/CRSTOU,,citipower-tariff-summary-2026-27-07may2026,,,,"time-of-use components (energy:offpeak, energy:peak, energy:solar_soak) with no structured window covering that charge kind and band in this tariff-year; check source before use"
tou_definition_missing/39581fd389,tou_definition_missing,ausgrid,2025-26,ausgrid:EA225,ausgrid-network-price-list-2025-26/EA225,,ausgrid-network-price-list-2025-26,,,,"time-of-use components (energy:offpeak, energy:peak) with no structured window covering that charge kind and band in this tariff-year; check source before use"
tou_definition_missing/39f94696ec,tou_definition_missing,tasnetworks,2025-26,tasnetworks:TAS94,tasnetworks-network-tariff-pricing-schedule-scs-2025-26/TAS94,,tasnetworks-network-tariff-pricing-schedule-scs-2025-26,,,,"time-of-use components (energy:offpeak, energy:peak, energy:shoulder) with no structured window covering that charge kind and band in this tariff-year; check source before use"
tou_definition_missing/3a5ba7cfa5,tou_definition_missing,energex,2023-24,energex:4000,energex-2023-24-network-price-list-27apr2023/4000,,energex-2023-24-network-price-list-27apr2023,,,,"time-of-use components (energy:offpeak, energy:peak) with no structured window covering that charge kind and band in this tariff-year; check source before use"
tou_definition_missing/3af54fa30a,tou_definition_missing,ausgrid,2026-27,ausgrid:EA375,ausgrid-network-price-list-2026-27/EA375,,ausgrid-network-price-list-2026-27,,,,time-of-use components (energy:critical_peak) with no structured window covering that charge kind and band in this tariff-year; check source before use
tou_definition_missing/3b64c6bb09,tou_definition_missing,sapn,2026-27,sapn:STN378,sapn-tariff-price-list-2026-27-id338674/STN378,,sapn-tariff-price-list-2026-27-id338674,,,,time-of-use components (demand:peak) with no structured window covering that charge kind and band in this tariff-year; check source before use
tou_definition_missing/3c04727e42,tou_definition_missing,evoenergy,2024-25,evoenergy:109,evoenergy-schedule-of-charges-2024-25-lfit-adjusted/109,,evoenergy-schedule-of-charges-2024-25-lfit-adjusted,,,,time-of-use components (export:critical_peak) with no structured window covering that charge kind and band in this tariff-year; check source before use
tou_definition_missing/3c7a2bd56e,tou_definition_missing,ausgrid,2024-25,ausgrid:EA965,ausgrid-network-price-list-2024-25-wayback20250806/EA965,,ausgrid-network-price-list-2024-25-wayback20250806,,,,"time-of-use components (energy:critical_peak, energy:offpeak) with no structured window covering that charge kind and band in this tariff-year; check source before use"
tou_definition_missing/3ce40866dc,tou_definition_missing,sapn,2025-26,sapn:LBAD342,sapn-2025-26-pricing-proposal-overview-14may2025/LBAD342,,sapn-2025-26-pricing-proposal-overview-14may2025,,,,"time-of-use components (demand:peak, energy:offpeak, energy:peak) with no structured window covering that charge kind and band in this tariff-year; check source before use"
tou_definition_missing/3d08c260a7,tou_definition_missing,ergon,2026-27,ergon:MBTDEMT4,ergon-network-price-list-2026-27-sch8-wayback/MBTDEMT4,,ergon-network-price-list-2026-27-sch8-wayback,,,,"time-of-use components (demand:peak, energy:offpeak, energy:peak, energy:shoulder) with no structured window covering that charge kind and band in this tariff-year; check source before use"
tou_definition_missing/3d12f0d994,tou_definition_missing,sapn,2025-26,sapn:ZSN438,sapn-2025-26-pricing-proposal-overview-14may2025/ZSN438,,sapn-2025-26-pricing-proposal-overview-14may2025,,,,time-of-use components (demand:peak) with no structured window covering that charge kind and band in this tariff-year; check source before use
tou_definition_missing/3d24986ad5,tou_definition_missing,sapn,2023-24,sapn:ZSS500,sapn-2023-24-annual-pricing-proposal-revised-8may2023/ZSS500,,sapn-2023-24-annual-pricing-proposal-revised-8may2023,,,,time-of-use components (demand:peak) with no structured window covering that charge kind and band in this tariff-year; check source before use
tou_definition_missing/3d63e04347,tou_definition_missing,ergon,2025-26,ergon:EBTOUET1,ergon-network-price-list-2025-26-sch8-wayback/EBTOUET1,,ergon-network-price-list-2025-26-sch8-wayback,,,,"time-of-use components (energy:offpeak, energy:peak, energy:shoulder) with no structured window covering that charge kind and band in this tariff-year; check source before use"
tou_definition_missing/3d8348177f,tou_definition_missing,ergon,2023-24,ergon:WLTOUDT3,ergon-2023-24-network-price-list-31mar2023/WLTOUDT3,,ergon-2023-24-network-price-list-31mar2023,,,,time-of-use components (demand:peak) with no structured window covering that charge kind and band in this tariff-year; check source before use
tou_definition_missing/3de50ba46f,tou_definition_missing,ergon,2024-25,ergon:EBDEMT1,ergon-2024-25-network-price-list-28mar2024/EBDEMT1,,ergon-2024-25-network-price-list-28mar2024,,,,time-of-use components (demand:peak) with no structured window covering that charge kind and band in this tariff-year; check source before use
tou_definition_missing/3e01e70681,tou_definition_missing,ergon,2023-24,ergon:ELTOUDT3,ergon-2023-24-network-price-list-31mar2023/ELTOUDT3,,ergon-2023-24-network-price-list-31mar2023,,,,time-of-use components (demand:peak) with no structured window covering that charge kind and band in this tariff-year; check source before use
tou_definition_missing/3e319b346d,tou_definition_missing,sapn,2024-25,sapn:LBAD977,sapn-2024-25-annual-pricing-proposal-19apr2024/LBAD977,,sapn-2024-25-annual-pricing-proposal-19apr2024,,,,"time-of-use components (demand:peak, energy:offpeak, energy:peak) with no structured window covering that charge kind and band in this tariff-year; check source before use"
tou_definition_missing/3e3fcbd880,tou_definition_missing,powercor,2025-26,powercor:HV2A,powercor-tariff-summary-2025-26-31mar2025-wayback/HV2A,,powercor-tariff-summary-2025-26-31mar2025-wayback,,,,"time-of-use components (energy:offpeak, energy:peak) with no structured window covering that charge kind and band in this tariff-year; check source before use"
tou_definition_missing/3ec5a7e418,tou_definition_missing,sapn,2023-24,sapn:ZSS196,sapn-2023-24-annual-pricing-proposal-revised-8may2023/ZSS196,,sapn-2023-24-annual-pricing-proposal-revised-8may2023,,,,time-of-use components (demand:peak) with no structured window covering that charge kind and band in this tariff-year; check source before use
tou_definition_missing/3f0efdcb79,tou_definition_missing,energex,2024-25,energex:8800,energex-2024-25-network-price-list-28mar2024/8800,,energex-2024-25-network-price-list-28mar2024,,,,"time-of-use components (energy:offpeak, energy:peak) with no structured window covering that charge kind and band in this tariff-year; check source before use"
tou_definition_missing/3fd59f14b1,tou_definition_missing,ausgrid,2025-26,ausgrid:EA302,ausgrid-network-price-list-2025-26/EA302,,ausgrid-network-price-list-2025-26,,,,"time-of-use components (demand:peak, energy:offpeak, energy:peak) with no structured window covering that charge kind and band in this tariff-year; check source before use"
tou_definition_missing/3ff3c786cb,tou_definition_missing,tasnetworks,2025-26,tasnetworks:TAS84T1,tasnetworks-network-tariff-pricing-schedule-scs-2025-26/TAS84T1,,tasnetworks-network-tariff-pricing-schedule-scs-2025-26,,,,time-of-use components (demand:peak) with no structured window covering that charge kind and band in this tariff-year; check source before use
tou_definition_missing/406e090bbe,tou_definition_missing,ergon,2024-25,ergon:MLTOUDT4,ergon-2024-25-network-price-list-28mar2024/MLTOUDT4,,ergon-2024-25-network-price-list-28mar2024,,,,time-of-use components (demand:peak) with no structured window covering that charge kind and band in this tariff-year; check source before use
tou_definition_missing/40c647fd32,tou_definition_missing,unitedenergy,2024-25,unitedenergy:LVDED,unitedenergy-2024-25-tariff-summary-28mar2024/LVDED,,unitedenergy-2024-25-tariff-summary-28mar2024,,,,time-of-use components (energy:offpeak) with no structured window covering that charge kind and band in this tariff-year; check source before use
tou_definition_missing/42d591e41c,tou_definition_missing,sapn,2023-24,sapn:ZSN,sapn-2023-24-annual-pricing-proposal-revised-8may2023/ZSN,,sapn-2023-24-annual-pricing-proposal-revised-8may2023,,,,time-of-use components (demand:peak) with no structured window covering that charge kind and band in this tariff-year; check source before use
tou_definition_missing/433a16d811,tou_definition_missing,sapn,2026-27,sapn:HVBGCBD,sapn-tariff-price-list-2026-27-id338674/HVBGCBD,,sapn-tariff-price-list-2026-27-id338674,,,,time-of-use components (demand:peak) with no structured window covering that charge kind and band in this tariff-year; check source before use
tou_definition_missing/43482a5111,tou_definition_missing,ergon,2024-25,ergon:WBTDEMT2,ergon-2024-25-network-price-list-28mar2024/WBTDEMT2,,ergon-2024-25-network-price-list-28mar2024,,,,time-of-use components (demand:peak) with no structured window covering that charge kind and band in this tariff-year; check source before use
tou_definition_missing/43792b50a1,tou_definition_missing,sapn,2023-24,sapn:ZSS376,sapn-2023-24-annual-pricing-proposal-revised-8may2023/ZSS376,,sapn-2023-24-annual-pricing-proposal-revised-8may2023,,,,time-of-use components (demand:peak) with no structured window covering that charge kind and band in this tariff-year; check source before use
tou_definition_missing/43f4ef4102,tou_definition_missing,sapn,2025-26,sapn:ZSS850,sapn-2025-26-pricing-proposal-overview-14may2025/ZSS850,,sapn-2025-26-pricing-proposal-overview-14may2025,,,,time-of-use components (demand:peak) with no structured window covering that charge kind and band in this tariff-year; check source before use
tou_definition_missing/446f91ea85,tou_definition_missing,ergon,2024-25,ergon:EBTDEMT3,ergon-2024-25-network-price-list-28mar2024/EBTDEMT3,,ergon-2024-25-network-price-list-28mar2024,,,,time-of-use components (demand:peak) with no structured window covering that charge kind and band in this tariff-year; check source before use
tou_definition_missing/44fbe28a1a,tou_definition_missing,sapn,2024-25,sapn:ZSN951,sapn-2024-25-annual-pricing-proposal-19apr2024/ZSN951,,sapn-2024-25-annual-pricing-proposal-19apr2024,,,,time-of-use components (demand:peak) with no structured window covering that charge kind and band in this tariff-year; check source before use
tou_definition_missing/4541a92be4,tou_definition_missing,sapn,2025-26,sapn:HVAD276,sapn-2025-26-pricing-proposal-overview-14may2025/HVAD276,,sapn-2025-26-pricing-proposal-overview-14may2025,,,,"time-of-use components (demand:peak, energy:offpeak, energy:peak) with no structured window covering that charge kind and band in this tariff-year; check source before use"
tou_definition_missing/4587907a6a,tou_definition_missing,sapn,2026-27,sapn:ZSS951,sapn-tariff-price-list-2026-27-id338674/ZSS951,,sapn-tariff-price-list-2026-27-id338674,,,,time-of-use components (demand:peak) with no structured window covering that charge kind and band in this tariff-year; check source before use
tou_definition_missing/45dfa5bb41,tou_definition_missing,ergon,2024-25,ergon:WC66TOUT1,ergon-2024-25-network-price-list-28mar2024/WC66TOUT1,,ergon-2024-25-network-price-list-28mar2024,,,,"time-of-use components (demand:offpeak, demand:peak, energy:offpeak, energy:peak) with no structured window covering that charge kind and band in this tariff-year; check source before use"
tou_definition_missing/466cb7883e,tou_definition_missing,sapn,2023-24,sapn:LBAD977,sapn-2023-24-annual-pricing-proposal-revised-8may2023/LBAD977,,sapn-2023-24-annual-pricing-proposal-revised-8may2023,,,,"time-of-use components (demand:peak, energy:offpeak, energy:peak) with no structured window covering that charge kind and band in this tariff-year; check source before use"
tou_definition_missing/4686922b23,tou_definition_missing,ergon,2025-26,ergon:WLTOUDT1,ergon-network-price-list-2025-26-sch8-wayback/WLTOUDT1,,ergon-network-price-list-2025-26-sch8-wayback,,,,"time-of-use components (demand:peak, demand:shoulder, energy:offpeak, energy:peak, energy:shoulder) with no structured window covering that charge kind and band in this tariff-year; check source before use"
tou_definition_missing/46a62aacd6,tou_definition_missing,citipower,2023-24,citipower:GT,citipower-pricing-proposal-2023-24-wayback/GT,,citipower-pricing-proposal-2023-24-wayback,,,,"time-of-use components (energy:offpeak, energy:peak) with no structured window covering that charge kind and band in this tariff-year; check source before use"
tou_definition_missing/46f6256863,tou_definition_missing,evoenergy,2024-25,evoenergy:108,evoenergy-schedule-of-charges-2024-25-lfit-adjusted/108,,evoenergy-schedule-of-charges-2024-25-lfit-adjusted,,,,time-of-use components (export:critical_peak) with no structured window covering that charge kind and band in this tariff-year; check source before use
tou_definition_missing/474cbb94f6,tou_definition_missing,ausgrid,2024-25,ausgrid:EA365,ausgrid-network-price-list-2024-25-wayback20250806/EA365,,ausgrid-network-price-list-2024-25-wayback20250806,,,,"time-of-use components (demand:peak, energy:offpeak, energy:peak) with no structured window covering that charge kind and band in this tariff-year; check source before use"
tou_definition_missing/4756d03add,tou_definition_missing,energex,2024-25,energex:TBA6,energex-2024-25-network-price-list-28mar2024/TBA6,,energex-2024-25-network-price-list-28mar2024,,,,"time-of-use components (energy:offpeak, energy:peak, energy:shoulder, export:critical_peak) with no structured window covering that charge kind and band in this tariff-year; check source before use"
tou_definition_missing/47cc722df9,tou_definition_missing,sapn,2026-27,sapn:STRGF,sapn-tariff-price-list-2026-27-id338674/STRGF,,sapn-tariff-price-list-2026-27-id338674,,,,time-of-use components (demand:peak) with no structured window covering that charge kind and band in this tariff-year; check source before use
tou_definition_missing/47f01bb425,tou_definition_missing,ausgrid,2024-25,ausgrid:EA395,ausgrid-network-price-list-2024-25-wayback20250806/EA395,,ausgrid-network-price-list-2024-25-wayback20250806,,,,"time-of-use components (energy:critical_peak, energy:offpeak) with no structured window covering that charge kind and band in this tariff-year; check source before use"
tou_definition_missing/47f5688df8,tou_definition_missing,sapn,2026-27,sapn:ZSSG,sapn-tariff-price-list-2026-27-id338674/ZSSG,,sapn-tariff-price-list-2026-27-id338674,,,,time-of-use components (demand:peak) with no structured window covering that charge kind and band in this tariff-year; check source before use
tou_definition_missing/4809e0fd9e,tou_definition_missing,essential,2023-24,essential:BSSD3AO,essential-2023-24-network-price-list-31mar2023/BSSD3AO,,essential-2023-24-network-price-list-31mar2023,,,,"time-of-use components (demand:offpeak, demand:peak, demand:shoulder, energy:offpeak, energy:peak, energy:shoulder) with no structured window covering that charge kind and band in this tariff-year; check source before use"
tou_definition_missing/483f14a57a,tou_definition_missing,ausgrid,2026-27,ausgrid:EA025,ausgrid-network-price-list-2026-27/EA025,,ausgrid-network-price-list-2026-27,,,,"time-of-use components (energy:offpeak, energy:peak) with no structured window covering that charge kind and band in this tariff-year; check source before use"
tou_definition_missing/4860b0ce1c,tou_definition_missing,unitedenergy,2024-25,unitedenergy:HVKVATOU1,unitedenergy-2024-25-tariff-summary-28mar2024/HVKVATOU 1,,unitedenergy-2024-25-tariff-summary-28mar2024,,,,"time-of-use components (demand:peak, energy:offpeak, energy:peak) with no structured window covering that charge kind and band in this tariff-year; check source before use"
tou_definition_missing/48d9c7c5f8,tou_definition_missing,sapn,2026-27,sapn:LBAD,sapn-tariff-price-list-2026-27-id338674/LBAD,,sapn-tariff-price-list-2026-27-id338674,,,,"time-of-use components (demand:peak, energy:offpeak, energy:peak) with no structured window covering that charge kind and band in this tariff-year; check source before use"
tou_definition_missing/49176ea5e1,tou_definition_missing,sapn,2025-26,sapn:STR123,sapn-2025-26-pricing-proposal-overview-14may2025/STR123,,sapn-2025-26-pricing-proposal-overview-14may2025,,,,time-of-use components (demand:peak) with no structured window covering that charge kind and band in this tariff-year; check source before use
tou_definition_missing/496a9af258,tou_definition_missing,ergon,2026-27,ergon:ERTDEMT1,ergon-network-price-list-2026-27-sch8-wayback/ERTDEMT1,,ergon-network-price-list-2026-27-sch8-wayback,,,,"time-of-use components (demand:peak, energy:offpeak, energy:peak, energy:shoulder) with no structured window covering that charge kind and band in this tariff-year; check source before use"
tou_definition_missing/497e2810bc,tou_definition_missing,ergon,2024-25,ergon:ELTOUDT2,ergon-2024-25-network-price-list-28mar2024/ELTOUDT2,,ergon-2024-25-network-price-list-28mar2024,,,,time-of-use components (demand:peak) with no structured window covering that charge kind and band in this tariff-year; check source before use
tou_definition_missing/499675c08a,tou_definition_missing,ausgrid,2024-25,ausgrid:EA256,ausgrid-network-price-list-2024-25-wayback20250806/EA256,,ausgrid-network-price-list-2024-25-wayback20250806,,,,"time-of-use components (energy:offpeak, energy:peak) with no structured window covering that charge kind and band in this tariff-year; check source before use"
tou_definition_missing/49c92b5f4d,tou_definition_missing,tasnetworks,2026-27,tasnetworks:TAS84T2,tasnetworks-network-pricing-schedule-2026-27/TAS84T2,,tasnetworks-network-pricing-schedule-2026-27,,,,time-of-use components (demand:peak) with no structured window covering that charge kind and band in this tariff-year; check source before use
tou_definition_missing/49f2cd3dbe,tou_definition_missing,sapn,2024-25,sapn:ZSN438,sapn-2024-25-annual-pricing-proposal-19apr2024/ZSN438,,sapn-2024-25-annual-pricing-proposal-19apr2024,,,,time-of-use components (demand:peak) with no structured window covering that charge kind and band in this tariff-year; check source before use
tou_definition_missing/4a4d636cf8,tou_definition_missing,tasnetworks,2025-26,tasnetworks:TAS14T1,tasnetworks-network-tariff-pricing-schedule-scs-2025-26/TAS14T1,,tasnetworks-network-tariff-pricing-schedule-scs-2025-26,,,,time-of-use components (demand:peak) with no structured window covering that charge kind and band in this tariff-year; check source before use
tou_definition_missing/4ac8e999d1,tou_definition_missing,energex,2025-26,energex:94100,energex-network-price-list-2025-26-sch8-wayback/94100,,energex-network-price-list-2025-26-sch8-wayback,,,,"time-of-use components (demand:critical_peak, energy:peak, export:critical_peak) with no structured window covering that charge kind and band in this tariff-year; check source before use"
tou_definition_missing/4b4b5840e2,tou_definition_missing,jemena,2026-27,jemena:A10E,jemena-network-tariff-schedule-2026-27/A10E,,jemena-network-tariff-schedule-2026-27,,,,"time-of-use components (export:peak, export:solar_soak) with no structured window covering that charge kind and band in this tariff-year; check source before use"
tou_definition_missing/4b98258584,tou_definition_missing,ergon,2026-27,ergon:EC66TOUDT1,ergon-network-price-list-2026-27-sch8-wayback/EC66TOUDT1,,ergon-network-price-list-2026-27-sch8-wayback,,,,"time-of-use components (demand:peak, demand:shoulder) with no structured window covering that charge kind and band in this tariff-year; check source before use"
tou_definition_missing/4ba9ca79f8,tou_definition_missing,energex,2024-25,energex:3700,energex-2024-25-network-price-list-28mar2024/3700,,energex-2024-25-network-price-list-28mar2024,,,,time-of-use components (demand:peak) with no structured window covering that charge kind and band in this tariff-year; check source before use
tou_definition_missing/4bd6380a5a,tou_definition_missing,unitedenergy,2024-25,unitedenergy:LVTOU,unitedenergy-2024-25-tariff-summary-28mar2024/LVTOU,,unitedenergy-2024-25-tariff-summary-28mar2024,,,,"time-of-use components (energy:offpeak, energy:peak) with no structured window covering that charge kind and band in this tariff-year; check source before use"
tou_definition_missing/4bfb5f6f8d,tou_definition_missing,ausnet,2024-25,ausnet:NSP75T,ausnet-annual-pricing-proposal-2024-25/NSP75T,,ausnet-annual-pricing-proposal-2024-25,,,,"time-of-use components (demand:critical_peak, energy:offpeak, energy:peak, energy:shoulder) with no structured window covering that charge kind and band in this tariff-year; check source before use"
tou_definition_missing/4c816cb23f,tou_definition_missing,essential,2023-24,essential:BLNT2AU,essential-2023-24-network-price-list-31mar2023/BLNT2AU,,essential-2023-24-network-price-list-31mar2023,,,,"time-of-use components (energy:offpeak, energy:peak, energy:shoulder) with no structured window covering that charge kind and band in this tariff-year; check source before use"
tou_definition_missing/4ce6a739a7,tou_definition_missing,ergon,2026-27,ergon:WCHLTOUDT1,ergon-network-price-list-2026-27-sch8-wayback/WCHLTOUDT1,,ergon-network-price-list-2026-27-sch8-wayback,,,,"time-of-use components (demand:peak, demand:shoulder) with no structured window covering that charge kind and band in this tariff-year; check source before use"
tou_definition_missing/4ed29732f8,tou_definition_missing,ergon,2026-27,ergon:MRTOUET4,ergon-network-price-list-2026-27-sch8-wayback/MRTOUET4,,ergon-network-price-list-2026-27-sch8-wayback,,,,"time-of-use components (energy:offpeak, energy:peak, energy:shoulder) with no structured window covering that charge kind and band in this tariff-year; check source before use"
tou_definition_missing/4ff186119b,tou_definition_missing,ausgrid,2024-25,ausgrid:EA390,ausgrid-network-price-list-2024-25-wayback20250806/EA390,,ausgrid-network-price-list-2024-25-wayback20250806,,,,"time-of-use components (demand:peak, energy:offpeak, energy:peak) with no structured window covering that charge kind and band in this tariff-year; check source before use"
tou_definition_missing/5076ccc041,tou_definition_missing,ergon,2026-27,ergon:WLFLEXT1,ergon-network-price-list-2026-27-sch8-wayback/WLFLEXT1,,ergon-network-price-list-2026-27-sch8-wayback,,,,time-of-use components (energy:peak) with no structured window covering that charge kind and band in this tariff-year; check source before use
tou_definition_missing/519dc2d2ec,tou_definition_missing,ausnet,2023-24,ausnet:NSP77T,ausnet-annual-pricing-proposal-2023-24/NSP77T,,ausnet-annual-pricing-proposal-2023-24,,,,"time-of-use components (demand:critical_peak, energy:offpeak, energy:peak, energy:shoulder) with no structured window covering that charge kind and band in this tariff-year; check source before use"
tou_definition_missing/51bbc5b31c,tou_definition_missing,energex,2026-27,energex:96200,energex-network-price-list-2026-27-sch8-wayback/96200,,energex-network-price-list-2026-27-sch8-wayback,,,,"time-of-use components (energy:offpeak, energy:peak, energy:shoulder) with no structured window covering that charge kind and band in this tariff-year; check source before use"
tou_definition_missing/5230b5b9c3,tou_definition_missing,sapn,2025-26,sapn:LBAD305,sapn-2025-26-pricing-proposal-overview-14may2025/LBAD305,,sapn-2025-26-pricing-proposal-overview-14may2025,,,,"time-of-use components (demand:peak, energy:offpeak, energy:peak) with no structured window covering that charge kind and band in this tariff-year; check source before use"
tou_definition_missing/525801474e,tou_definition_missing,energex,2025-26,energex:92100,energex-network-price-list-2025-26-sch8-wayback/92100,,energex-network-price-list-2025-26-sch8-wayback,,,,"time-of-use components (demand:critical_peak, energy:peak, export:critical_peak) with no structured window covering that charge kind and band in this tariff-year; check source before use"
tou_definition_missing/528326614a,tou_definition_missing,ergon,2023-24,ergon:MRTDEMT4,ergon-2023-24-network-price-list-31mar2023/MRTDEMT4,,ergon-2023-24-network-price-list-31mar2023,,,,time-of-use components (demand:peak) with no structured window covering that charge kind and band in this tariff-year; check source before use
tou_definition_missing/52ded9f8e4,tou_definition_missing,tasnetworks,2026-27,tasnetworks:TAS98,tasnetworks-network-pricing-schedule-2026-27/TAS98,,tasnetworks-network-pricing-schedule-2026-27,,,,"time-of-use components (demand:offpeak, demand:peak) with no structured window covering that charge kind and band in this tariff-year; check source before use"
tou_definition_missing/53da3fd3ce,tou_definition_missing,tasnetworks,2025-26,tasnetworks:TASSDM,tasnetworks-network-tariff-pricing-schedule-scs-2025-26/TASSDM,,tasnetworks-network-tariff-pricing-schedule-scs-2025-26,,,,"time-of-use components (energy:offpeak, energy:peak, energy:shoulder) with no structured window covering that charge kind and band in this tariff-year; check source before use"
tou_definition_missing/54150f0cb4,tou_definition_missing,tasnetworks,2024-25,tasnetworks:TAS14T2,tasnetworks-network-tariff-pricing-schedule-scs-2024-25/TAS14T2,,tasnetworks-network-tariff-pricing-schedule-scs-2024-25,,,,time-of-use components (demand:peak) with no structured window covering that charge kind and band in this tariff-year; check source before use
tou_definition_missing/5421818686,tou_definition_missing,ausgrid,2025-26,ausgrid:EA956,ausgrid-network-price-list-2025-26/EA956,,ausgrid-network-price-list-2025-26,,,,"time-of-use components (energy:offpeak, energy:peak) with no structured window covering that charge kind and band in this tariff-year; check source before use"
tou_definition_missing/5433a21492,tou_definition_missing,citipower,2024-25,citipower:CDS,citipower-2024-25-tariff-summary-28mar2024/CDS,,citipower-2024-25-tariff-summary-28mar2024,,,,time-of-use components (energy:offpeak) with no structured window covering that charge kind and band in this tariff-year; check source before use
tou_definition_missing/54537d3c86,tou_definition_missing,sapn,2026-27,sapn:STR483,sapn-tariff-price-list-2026-27-id338674/STR483,,sapn-tariff-price-list-2026-27-id338674,,,,time-of-use components (demand:peak) with no structured window covering that charge kind and band in this tariff-year; check source before use
tou_definition_missing/5462a39728,tou_definition_missing,sapn,2024-25,sapn:STN609,sapn-2024-25-annual-pricing-proposal-19apr2024/STN609,,sapn-2024-25-annual-pricing-proposal-19apr2024,,,,time-of-use components (demand:peak) with no structured window covering that charge kind and band in this tariff-year; check source before use
tou_definition_missing/54d90579e7,tou_definition_missing,ergon,2023-24,ergon:WBTDEMT2,ergon-2023-24-network-price-list-31mar2023/WBTDEMT2,,ergon-2023-24-network-price-list-31mar2023,,,,time-of-use components (demand:peak) with no structured window covering that charge kind and band in this tariff-year; check source before use
tou_definition_missing/54d9565339,tou_definition_missing,energex,2023-24,energex:3700,energex-2023-24-network-price-list-27apr2023/3700,,energex-2023-24-network-price-list-27apr2023,,,,time-of-use components (demand:peak) with no structured window covering that charge kind and band in this tariff-year; check source before use
tou_definition_missing/55305459f0,tou_definition_missing,sapn,2025-26,sapn:STN084,sapn-2025-26-pricing-proposal-overview-14may2025/STN084,,sapn-2025-26-pricing-proposal-overview-14may2025,,,,time-of-use components (demand:peak) with no structured window covering that charge kind and band in this tariff-year; check source before use
tou_definition_missing/553b09e802,tou_definition_missing,sapn,2024-25,sapn:LBAD342,sapn-2024-25-annual-pricing-proposal-19apr2024/LBAD342,,sapn-2024-25-annual-pricing-proposal-19apr2024,,,,"time-of-use components (demand:peak, energy:offpeak, energy:peak) with no structured window covering that charge kind and band in this tariff-year; check source before use"
tou_definition_missing/556752abc1,tou_definition_missing,sapn,2023-24,sapn:ZSN951,sapn-2023-24-annual-pricing-proposal-revised-8may2023/ZSN951,,sapn-2023-24-annual-pricing-proposal-revised-8may2023,,,,time-of-use components (demand:peak) with no structured window covering that charge kind and band in this tariff-year; check source before use
tou_definition_missing/556cf7cc7d,tou_definition_missing,ergon,2023-24,ergon:WC22LTOUT1,ergon-2023-24-network-price-list-31mar2023/WC22LTOUT1,,ergon-2023-24-network-price-list-31mar2023,,,,"time-of-use components (demand:offpeak, demand:peak, energy:offpeak, energy:peak) with no structured window covering that charge kind and band in this tariff-year; check source before use"
tou_definition_missing/5582523342,tou_definition_missing,essential,2023-24,essential:BLNT1AO,essential-2023-24-network-price-list-31mar2023/BLNT1AO,,essential-2023-24-network-price-list-31mar2023,,,,"time-of-use components (energy:offpeak, energy:peak, energy:shoulder) with no structured window covering that charge kind and band in this tariff-year; check source before use"
tou_definition_missing/55afa80e7d,tou_definition_missing,sapn,2025-26,sapn:STR069,sapn-2025-26-pricing-proposal-overview-14may2025/STR069,,sapn-2025-26-pricing-proposal-overview-14may2025,,,,time-of-use components (demand:peak) with no structured window covering that charge kind and band in this tariff-year; check source before use
tou_definition_missing/56d3ffe25e,tou_definition_missing,sapn,2024-25,sapn:ZSS104,sapn-2024-25-annual-pricing-proposal-19apr2024/ZSS104,,sapn-2024-25-annual-pricing-proposal-19apr2024,,,,time-of-use components (demand:peak) with no structured window covering that charge kind and band in this tariff-year; check source before use
tou_definition_missing/56fefc8564,tou_definition_missing,sapn,2025-26,sapn:STR148,sapn-2025-26-pricing-proposal-overview-14may2025/STR148,,sapn-2025-26-pricing-proposal-overview-14may2025,,,,time-of-use components (demand:peak) with no structured window covering that charge kind and band in this tariff-year; check source before use
tou_definition_missing/5716b82332,tou_definition_missing,ausgrid,2025-26,ausgrid:EA394,ausgrid-network-price-list-2025-26/EA394,,ausgrid-network-price-list-2025-26,,,,"time-of-use components (energy:critical_peak, energy:offpeak, energy:peak) with no structured window covering that charge kind and band in this tariff-year; check source before use"
tou_definition_missing/572fa61792,tou_definition_missing,ausgrid,2024-25,ausgrid:EA225,ausgrid-network-price-list-2024-25-wayback20250806/EA225,,ausgrid-network-price-list-2024-25-wayback20250806,,,,"time-of-use components (energy:offpeak, energy:peak) with no structured window covering that charge kind and band in this tariff-year; check source before use"
tou_definition_missing/576428d66f,tou_definition_missing,ausgrid,2026-27,ausgrid:EA965,ausgrid-network-price-list-2026-27/EA965,,ausgrid-network-price-list-2026-27,,,,"time-of-use components (energy:critical_peak, energy:offpeak) with no structured window covering that charge kind and band in this tariff-year; check source before use"
tou_definition_missing/5863cc81aa,tou_definition_missing,ausgrid,2025-26,ausgrid:EA310,ausgrid-network-price-list-2025-26/EA310,,ausgrid-network-price-list-2025-26,,,,"time-of-use components (demand:peak, energy:offpeak, energy:peak) with no structured window covering that charge kind and band in this tariff-year; check source before use"
tou_definition_missing/58c90699e5,tou_definition_missing,energex,2024-25,energex:7200,energex-2024-25-network-price-list-28mar2024/7200,,energex-2024-25-network-price-list-28mar2024,,,,time-of-use components (demand:peak) with no structured window covering that charge kind and band in this tariff-year; check source before use
tou_definition_missing/58ef63e987,tou_definition_missing,ergon,2023-24,ergon:MBTDEMT4,ergon-2023-24-network-price-list-31mar2023/MBTDEMT4,,ergon-2023-24-network-price-list-31mar2023,,,,time-of-use components (demand:peak) with no structured window covering that charge kind and band in this tariff-year; check source before use
tou_definition_missing/59406b9fe8,tou_definition_missing,ergon,2025-26,ergon:WC33TOUDT1,ergon-network-price-list-2025-26-sch8-wayback/WC33TOUDT1,,ergon-network-price-list-2025-26-sch8-wayback,,,,"time-of-use components (demand:peak, demand:shoulder) with no structured window covering that charge kind and band in this tariff-year; check source before use"
tou_definition_missing/5943149a0e,tou_definition_missing,powercor,2023-24,powercor:ST2,powercor-2023-24-tariff-summary-31mar2023/ST2,,powercor-2023-24-tariff-summary-31mar2023,,,,"time-of-use components (energy:offpeak, energy:peak) with no structured window covering that charge kind and band in this tariff-year; check source before use"
tou_definition_missing/59496df00d,tou_definition_missing,sapn,2024-25,sapn:STR069,sapn-2024-25-annual-pricing-proposal-19apr2024/STR069,,sapn-2024-25-annual-pricing-proposal-19apr2024,,,,time-of-use components (demand:peak) with no structured window covering that charge kind and band in this tariff-year; check source before use
tou_definition_missing/59a38ec21e,tou_definition_missing,ausnet,2024-25,ausnet:UESH01T,ausnet-annual-pricing-proposal-2024-25/UESH01T,,ausnet-annual-pricing-proposal-2024-25,,,,"time-of-use components (demand:offpeak, demand:peak, demand:solar_soak, export:offpeak, export:peak, export:solar_soak) with no structured window covering that charge kind and band in this tariff-year; check source before use"
tou_definition_missing/5a455ac67e,tou_definition_missing,ergon,2023-24,ergon:WC22BTOUT3,ergon-2023-24-network-price-list-31mar2023/WC22BTOUT3,,ergon-2023-24-network-price-list-31mar2023,,,,"time-of-use components (demand:offpeak, demand:peak, energy:offpeak, energy:peak) with no structured window covering that charge kind and band in this tariff-year; check source before use"
tou_definition_missing/5a9a9a4fa2,tou_definition_missing,ergon,2023-24,ergon:WBDEMT3,ergon-2023-24-network-price-list-31mar2023/WBDEMT3,,ergon-2023-24-network-price-list-31mar2023,,,,time-of-use components (demand:peak) with no structured window covering that charge kind and band in this tariff-year; check source before use
tou_definition_missing/5aad558c0e,tou_definition_missing,sapn,2025-26,sapn:STN161,sapn-2025-26-pricing-proposal-overview-14may2025/STN161,,sapn-2025-26-pricing-proposal-overview-14may2025,,,,time-of-use components (demand:peak) with no structured window covering that charge kind and band in this tariff-year; check source before use
tou_definition_missing/5acd232695,tou_definition_missing,ausnet,2023-24,ausnet:NSP75T,ausnet-annual-pricing-proposal-2023-24/NSP75T,,ausnet-annual-pricing-proposal-2023-24,,,,"time-of-use components (demand:critical_peak, energy:offpeak, energy:peak, energy:shoulder) with no structured window covering that charge kind and band in this tariff-year; check source before use"
tou_definition_missing/5ad8e2229a,tou_definition_missing,tasnetworks,2024-25,tasnetworks:TAS88,tasnetworks-network-tariff-pricing-schedule-scs-2024-25/TAS88,,tasnetworks-network-tariff-pricing-schedule-scs-2024-25,,,,"time-of-use components (demand:offpeak, demand:peak) with no structured window covering that charge kind and band in this tariff-year; check source before use"
tou_definition_missing/5b73728951,tou_definition_missing,sapn,2025-26,sapn:STR483,sapn-2025-26-pricing-proposal-overview-14may2025/STR483,,sapn-2025-26-pricing-proposal-overview-14may2025,,,,time-of-use components (demand:peak) with no structured window covering that charge kind and band in this tariff-year; check source before use
tou_definition_missing/5b81aed1d3,tou_definition_missing,energex,2024-25,energex:7400,energex-2024-25-network-price-list-28mar2024/7400,,energex-2024-25-network-price-list-28mar2024,,,,time-of-use components (demand:peak) with no structured window covering that charge kind and band in this tariff-year; check source before use
tou_definition_missing/5b90a66f04,tou_definition_missing,sapn,2024-25,sapn:ZSS296,sapn-2024-25-annual-pricing-proposal-19apr2024/ZSS296,,sapn-2024-25-annual-pricing-proposal-19apr2024,,,,time-of-use components (demand:peak) with no structured window covering that charge kind and band in this tariff-year; check source before use
tou_definition_missing/5ba23c3593,tou_definition_missing,ergon,2024-25,ergon:WBDEMT2,ergon-2024-25-network-price-list-28mar2024/WBDEMT2,,ergon-2024-25-network-price-list-28mar2024,,,,time-of-use components (demand:peak) with no structured window covering that charge kind and band in this tariff-year; check source before use
tou_definition_missing/5be0aa10a1,tou_definition_missing,ergon,2024-25,ergon:WLTOUDT3,ergon-2024-25-network-price-list-28mar2024/WLTOUDT3,,ergon-2024-25-network-price-list-28mar2024,,,,time-of-use components (demand:peak) with no structured window covering that charge kind and band in this tariff-year; check source before use
tou_definition_missing/5bf1ee6616,tou_definition_missing,evoenergy,2025-26,evoenergy:124,evoenergy-schedule-of-charges-2025-26-incl-lfit-may2025/124,,evoenergy-schedule-of-charges-2025-26-incl-lfit-may2025,,,,time-of-use components (export:critical_peak) with no structured window covering that charge kind and band in this tariff-year; check source before use
tou_definition_missing/5bfa29cf8c,tou_definition_missing,sapn,2025-26,sapn:ZSS104,sapn-2025-26-pricing-proposal-overview-14may2025/ZSS104,,sapn-2025-26-pricing-proposal-overview-14may2025,,,,time-of-use components (demand:peak) with no structured window covering that charge kind and band in this tariff-year; check source before use
tou_definition_missing/5c19ec5c13,tou_definition_missing,powercor,2023-24,powercor:PRTOU,powercor-2023-24-tariff-summary-31mar2023/PRTOU,,powercor-2023-24-tariff-summary-31mar2023,,,,"time-of-use components (energy:offpeak, energy:peak) with no structured window covering that charge kind and band in this tariff-year; check source before use"
tou_definition_missing/5c2dba5548,tou_definition_missing,ergon,2024-25,ergon:EBIRRT1,ergon-2024-25-network-price-list-28mar2024/EBIRRT1,,ergon-2024-25-network-price-list-28mar2024,,,,time-of-use components (energy:offpeak) with no structured window covering that charge kind and band in this tariff-year; check source before use
tou_definition_missing/5c341808b7,tou_definition_missing,sapn,2026-27,sapn:ZSN024,sapn-tariff-price-list-2026-27-id338674/ZSN024,,sapn-tariff-price-list-2026-27-id338674,,,,time-of-use components (demand:peak) with no structured window covering that charge kind and band in this tariff-year; check source before use
tou_definition_missing/5c3fffb89b,tou_definition_missing,tasnetworks,2026-27,tasnetworks:TAS87,tasnetworks-network-pricing-schedule-2026-27/TAS87,,tasnetworks-network-pricing-schedule-2026-27,,,,"time-of-use components (demand:offpeak, demand:peak) with no structured window covering that charge kind and band in this tariff-year; check source before use"
tou_definition_missing/5c93c23849,tou_definition_missing,ausgrid,2024-25,ausgrid:EA334,ausgrid-network-price-list-2024-25-wayback20250806/EA334,,ausgrid-network-price-list-2024-25-wayback20250806,,,,"time-of-use components (energy:critical_peak, energy:offpeak) with no structured window covering that charge kind and band in this tariff-year; check source before use"
tou_definition_missing/5cf6ddb394,tou_definition_missing,sapn,2025-26,sapn:SBELE,sapn-2025-26-pricing-proposal-overview-14may2025/SBELE,,sapn-2025-26-pricing-proposal-overview-14may2025,,,,"time-of-use components (energy:solar_soak, export:peak, export:solar_soak) with no structured window covering that charge kind and band in this tariff-year; check source before use"
tou_definition_missing/5d8998e8b1,tou_definition_missing,sapn,2023-24,sapn:ZSS550,sapn-2023-24-annual-pricing-proposal-revised-8may2023/ZSS550,,sapn-2023-24-annual-pricing-proposal-revised-8may2023,,,,time-of-use components (demand:peak) with no structured window covering that charge kind and band in this tariff-year; check source before use
tou_definition_missing/5e3a5df1a1,tou_definition_missing,sapn,2026-27,sapn:ZSN021,sapn-tariff-price-list-2026-27-id338674/ZSN021,,sapn-tariff-price-list-2026-27-id338674,,,,time-of-use components (demand:peak) with no structured window covering that charge kind and band in this tariff-year; check source before use
tou_definition_missing/5e731cf09a,tou_definition_missing,ergon,2024-25,ergon:EC22LTOUT2,ergon-2024-25-network-price-list-28mar2024/EC22LTOUT2,,ergon-2024-25-network-price-list-28mar2024,,,,"time-of-use components (demand:offpeak, demand:peak, energy:offpeak, energy:peak) with no structured window covering that charge kind and band in this tariff-year; check source before use"
tou_definition_missing/5ea111dd09,tou_definition_missing,sapn,2025-26,sapn:STN378,sapn-2025-26-pricing-proposal-overview-14may2025/STN378,,sapn-2025-26-pricing-proposal-overview-14may2025,,,,time-of-use components (demand:peak) with no structured window covering that charge kind and band in this tariff-year; check source before use
tou_definition_missing/5ec497fd2c,tou_definition_missing,sapn,2023-24,sapn:ZSS273,sapn-2023-24-annual-pricing-proposal-revised-8may2023/ZSS273,,sapn-2023-24-annual-pricing-proposal-revised-8may2023,,,,time-of-use components (demand:peak) with no structured window covering that charge kind and band in this tariff-year; check source before use
tou_definition_missing/5f031e5851,tou_definition_missing,ausgrid,2023-24,ausgrid:EA317,ausgrid-2023-24-annual-scs-pricing-proposal-31mar2023/EA317,,ausgrid-2023-24-annual-scs-pricing-proposal-31mar2023,,,,"time-of-use components (energy:offpeak, energy:peak, energy:shoulder) with no structured window covering that charge kind and band in this tariff-year; check source before use"
tou_definition_missing/5f0af65f79,tou_definition_missing,ergon,2024-25,ergon:EBDEMT2,ergon-2024-25-network-price-list-28mar2024/EBDEMT2,,ergon-2024-25-network-price-list-28mar2024,,,,time-of-use components (demand:peak) with no structured window covering that charge kind and band in this tariff-year; check source before use
tou_definition_missing/5f40557648,tou_definition_missing,ergon,2024-25,ergon:WC22LTOUT3,ergon-2024-25-network-price-list-28mar2024/WC22LTOUT3,,ergon-2024-25-network-price-list-28mar2024,,,,"time-of-use components (demand:offpeak, demand:peak, energy:offpeak, energy:peak) with no structured window covering that charge kind and band in this tariff-year; check source before use"
tou_definition_missing/5f49cd3d10,tou_definition_missing,ausgrid,2026-27,ausgrid:EA976,ausgrid-network-price-list-2026-27/EA976,,ausgrid-network-price-list-2026-27,,,,"time-of-use components (energy:offpeak, energy:peak) with no structured window covering that charge kind and band in this tariff-year; check source before use"
tou_definition_missing/5f8c322bf5,tou_definition_missing,evoenergy,2024-25,evoenergy:124,evoenergy-schedule-of-charges-2024-25-lfit-adjusted/124,,evoenergy-schedule-of-charges-2024-25-lfit-adjusted,,,,time-of-use components (export:critical_peak) with no structured window covering that charge kind and band in this tariff-year; check source before use
tou_definition_missing/5f93d9d809,tou_definition_missing,essential,2023-24,essential:BLNS1AO,essential-2023-24-network-price-list-31mar2023/BLNS1AO,,essential-2023-24-network-price-list-31mar2023,,,,"time-of-use components (demand:offpeak, demand:peak, demand:shoulder, energy:offpeak, energy:peak, energy:shoulder) with no structured window covering that charge kind and band in this tariff-year; check source before use"
tou_definition_missing/6046d9a07c,tou_definition_missing,sapn,2026-27,sapn:HVAD500,sapn-tariff-price-list-2026-27-id338674/HVAD500,,sapn-tariff-price-list-2026-27-id338674,,,,"time-of-use components (demand:peak, energy:offpeak, energy:peak) with no structured window covering that charge kind and band in this tariff-year; check source before use"
tou_definition_missing/60555914fc,tou_definition_missing,ergon,2026-27,ergon:ESLVDBT1,ergon-network-price-list-2026-27-sch8-wayback/ESLVDBT1,,ergon-network-price-list-2026-27-sch8-wayback,,,,"time-of-use components (demand:shoulder, energy:critical_peak, energy:peak, export:critical_peak) with no structured window covering that charge kind and band in this tariff-year; check source before use"
tou_definition_missing/60f3ca39c6,tou_definition_missing,sapn,2024-25,sapn:LBMD979,sapn-2024-25-annual-pricing-proposal-19apr2024/LBMD979,,sapn-2024-25-annual-pricing-proposal-19apr2024,,,,"time-of-use components (demand:peak, energy:offpeak, energy:peak) with no structured window covering that charge kind and band in this tariff-year; check source before use"
tou_definition_missing/6108d3214b,tou_definition_missing,ergon,2023-24,ergon:EBIRRT1,ergon-2023-24-network-price-list-31mar2023/EBIRRT1,,ergon-2023-24-network-price-list-31mar2023,,,,time-of-use components (energy:offpeak) with no structured window covering that charge kind and band in this tariff-year; check source before use
tou_definition_missing/6132c18705,tou_definition_missing,sapn,2024-25,sapn:LBAD583,sapn-2024-25-annual-pricing-proposal-19apr2024/LBAD583,,sapn-2024-25-annual-pricing-proposal-19apr2024,,,,"time-of-use components (demand:peak, energy:offpeak, energy:peak) with no structured window covering that charge kind and band in this tariff-year; check source before use"
tou_definition_missing/617349ff95,tou_definition_missing,tasnetworks,2025-26,tasnetworks:TAS97,tasnetworks-network-tariff-pricing-schedule-scs-2025-26/TAS97,,tasnetworks-network-tariff-pricing-schedule-scs-2025-26,,,,"time-of-use components (energy:offpeak, energy:peak, energy:super_offpeak) with no structured window covering that charge kind and band in this tariff-year; check source before use"
tou_definition_missing/62397f6b85,tou_definition_missing,unitedenergy,2024-25,unitedenergy:SUBTKVATOU,unitedenergy-2024-25-tariff-summary-28mar2024/SUBTKVATOU,,unitedenergy-2024-25-tariff-summary-28mar2024,,,,"time-of-use components (demand:peak, energy:offpeak, energy:peak) with no structured window covering that charge kind and band in this tariff-year; check source before use"
tou_definition_missing/62cca8c817,tou_definition_missing,sapn,2025-26,sapn:ZSS,sapn-2025-26-pricing-proposal-overview-14may2025/ZSS,,sapn-2025-26-pricing-proposal-overview-14may2025,,,,time-of-use components (demand:peak) with no structured window covering that charge kind and band in this tariff-year; check source before use
tou_definition_missing/62e5c16997,tou_definition_missing,sapn,2026-27,sapn:STR,sapn-tariff-price-list-2026-27-id338674/STR,,sapn-tariff-price-list-2026-27-id338674,,,,time-of-use components (demand:peak) with no structured window covering that charge kind and band in this tariff-year; check source before use
tou_definition_missing/632443b6fb,tou_definition_missing,ergon,2025-26,ergon:WBTOUET1,ergon-network-price-list-2025-26-sch8-wayback/WBTOUET1,,ergon-network-price-list-2025-26-sch8-wayback,,,,"time-of-use components (energy:offpeak, energy:peak, energy:shoulder) with no structured window covering that charge kind and band in this tariff-year; check source before use"
tou_definition_missing/64695683d7,tou_definition_missing,ausgrid,2025-26,ausgrid:EA334,ausgrid-network-price-list-2025-26/EA334,,ausgrid-network-price-list-2025-26,,,,"time-of-use components (energy:critical_peak, energy:offpeak) with no structured window covering that charge kind and band in this tariff-year; check source before use"
tou_definition_missing/64986361ad,tou_definition_missing,ergon,2026-27,ergon:WCFLEXT1,ergon-network-price-list-2026-27-sch8-wayback/WCFLEXT1,,ergon-network-price-list-2026-27-sch8-wayback,,,,time-of-use components (energy:peak) with no structured window covering that charge kind and band in this tariff-year; check source before use
tou_definition_missing/65bf4aebdd,tou_definition_missing,energex,2024-25,energex:TBA4,energex-2024-25-network-price-list-28mar2024/TBA4,,energex-2024-25-network-price-list-28mar2024,,,,"time-of-use components (energy:offpeak, energy:peak, energy:shoulder, export:critical_peak) with no structured window covering that charge kind and band in this tariff-year; check source before use"
tou_definition_missing/663ca7a817,tou_definition_missing,sapn,2026-27,sapn:STN018,sapn-tariff-price-list-2026-27-id338674/STN018,,sapn-tariff-price-list-2026-27-id338674,,,,time-of-use components (demand:peak) with no structured window covering that charge kind and band in this tariff-year; check source before use
tou_definition_missing/665dac3471,tou_definition_missing,sapn,2026-27,sapn:STN788,sapn-tariff-price-list-2026-27-id338674/STN788,,sapn-tariff-price-list-2026-27-id338674,,,,time-of-use components (demand:peak) with no structured window covering that charge kind and band in this tariff-year; check source before use
tou_definition_missing/67088441e4,tou_definition_missing,sapn,2024-25,sapn:LBAD305,sapn-2024-25-annual-pricing-proposal-19apr2024/LBAD305,,sapn-2024-25-annual-pricing-proposal-19apr2024,,,,"time-of-use components (demand:peak, energy:offpeak, energy:peak) with no structured window covering that charge kind and band in this tariff-year; check source before use"
tou_definition_missing/6713f4bd19,tou_definition_missing,ergon,2024-25,ergon:ELTOUDT1,ergon-2024-25-network-price-list-28mar2024/ELTOUDT1,,ergon-2024-25-network-price-list-28mar2024,,,,time-of-use components (demand:peak) with no structured window covering that charge kind and band in this tariff-year; check source before use
tou_definition_missing/677fd0fa65,tou_definition_missing,powercor,2025-26,powercor:PNDB,powercor-tariff-summary-2025-26-31mar2025-wayback/PNDB,,powercor-tariff-summary-2025-26-31mar2025-wayback,,,,"time-of-use components (energy:peak, energy:solar_soak, export:peak) with no structured window covering that charge kind and band in this tariff-year; check source before use"
tou_definition_missing/67b83400c5,tou_definition_missing,ergon,2023-24,ergon:WC22BTOUT1,ergon-2023-24-network-price-list-31mar2023/WC22BTOUT1,,ergon-2023-24-network-price-list-31mar2023,,,,"time-of-use components (demand:offpeak, demand:peak, energy:offpeak, energy:peak) with no structured window covering that charge kind and band in this tariff-year; check source before use"
tou_definition_missing/67d13f1042,tou_definition_missing,ergon,2025-26,ergon:EBIRRT1,ergon-network-price-list-2025-26-sch8-wayback/EBIRRT1,,ergon-network-price-list-2025-26-sch8-wayback,,,,time-of-use components (energy:offpeak) with no structured window covering that charge kind and band in this tariff-year; check source before use
tou_definition_missing/680ab591cb,tou_definition_missing,ergon,2025-26,ergon:ESCPRCET1,ergon-network-price-list-2025-26-sch8-wayback/ESCPRCET1,,ergon-network-price-list-2025-26-sch8-wayback,,,,"time-of-use components (energy:critical_peak, export:critical_peak) with no structured window covering that charge kind and band in this tariff-year; check source before use"
tou_definition_missing/687f8da198,tou_definition_missing,sapn,2023-24,sapn:LBAD342,sapn-2023-24-annual-pricing-proposal-revised-8may2023/LBAD342,,sapn-2023-24-annual-pricing-proposal-revised-8may2023,,,,"time-of-use components (demand:peak, energy:offpeak, energy:peak) with no structured window covering that charge kind and band in this tariff-year; check source before use"
tou_definition_missing/6905b3a6a7,tou_definition_missing,sapn,2024-25,sapn:HVAD276,sapn-2024-25-annual-pricing-proposal-19apr2024/HVAD276,,sapn-2024-25-annual-pricing-proposal-19apr2024,,,,"time-of-use components (demand:peak, energy:offpeak, energy:peak) with no structured window covering that charge kind and band in this tariff-year; check source before use"
tou_definition_missing/699cf6aa60,tou_definition_missing,sapn,2024-25,sapn:LBAD201,sapn-2024-25-annual-pricing-proposal-19apr2024/LBAD201,,sapn-2024-25-annual-pricing-proposal-19apr2024,,,,"time-of-use components (demand:peak, energy:offpeak, energy:peak) with no structured window covering that charge kind and band in this tariff-year; check source before use"
tou_definition_missing/69ee281bd6,tou_definition_missing,tasnetworks,2025-26,tasnetworks:TAS87,tasnetworks-network-tariff-pricing-schedule-scs-2025-26/TAS87,,tasnetworks-network-tariff-pricing-schedule-scs-2025-26,,,,"time-of-use components (demand:offpeak, demand:peak) with no structured window covering that charge kind and band in this tariff-year; check source before use"
tou_definition_missing/6a24398573,tou_definition_missing,ergon,2023-24,ergon:EC22LTOUT3,ergon-2023-24-network-price-list-31mar2023/EC22LTOUT3,,ergon-2023-24-network-price-list-31mar2023,,,,"time-of-use components (demand:offpeak, demand:peak, energy:offpeak, energy:peak) with no structured window covering that charge kind and band in this tariff-year; check source before use"
tou_definition_missing/6c6af1491c,tou_definition_missing,sapn,2025-26,sapn:STR404,sapn-2025-26-pricing-proposal-overview-14may2025/STR404,,sapn-2025-26-pricing-proposal-overview-14may2025,,,,time-of-use components (demand:peak) with no structured window covering that charge kind and band in this tariff-year; check source before use
tou_definition_missing/6c7ac6893b,tou_definition_missing,sapn,2024-25,sapn:LBAD322,sapn-2024-25-annual-pricing-proposal-19apr2024/LBAD322,,sapn-2024-25-annual-pricing-proposal-19apr2024,,,,"time-of-use components (demand:peak, energy:offpeak, energy:peak) with no structured window covering that charge kind and band in this tariff-year; check source before use"
tou_definition_missing/6d07960439,tou_definition_missing,ausgrid,2025-26,ausgrid:EA395,ausgrid-network-price-list-2025-26/EA395,,ausgrid-network-price-list-2025-26,,,,"time-of-use components (energy:critical_peak, energy:offpeak) with no structured window covering that charge kind and band in this tariff-year; check source before use"
tou_definition_missing/6d74760014,tou_definition_missing,sapn,2025-26,sapn:LBAD422,sapn-2025-26-pricing-proposal-overview-14may2025/LBAD422,,sapn-2025-26-pricing-proposal-overview-14may2025,,,,"time-of-use components (demand:peak, energy:offpeak, energy:peak) with no structured window covering that charge kind and band in this tariff-year; check source before use"
tou_definition_missing/6e81b26dd4,tou_definition_missing,ergon,2023-24,ergon:EC22BTOUT1,ergon-2023-24-network-price-list-31mar2023/EC22BTOUT1,,ergon-2023-24-network-price-list-31mar2023,,,,"time-of-use components (demand:offpeak, demand:peak, energy:offpeak, energy:peak) with no structured window covering that charge kind and band in this tariff-year; check source before use"
tou_definition_missing/6e923d6043,tou_definition_missing,sapn,2026-27,sapn:STRF,sapn-tariff-price-list-2026-27-id338674/STRF,,sapn-tariff-price-list-2026-27-id338674,,,,time-of-use components (demand:peak) with no structured window covering that charge kind and band in this tariff-year; check source before use
tou_definition_missing/6e9933969e,tou_definition_missing,ausgrid,2024-25,ausgrid:EA335,ausgrid-network-price-list-2024-25-wayback20250806/EA335,,ausgrid-network-price-list-2024-25-wayback20250806,,,,time-of-use components (energy:critical_peak) with no structured window covering that charge kind and band in this tariff-year; check source before use
tou_definition_missing/6f6045a86d,tou_definition_missing,sapn,2026-27,sapn:ZSSGF,sapn-tariff-price-list-2026-27-id338674/ZSSGF,,sapn-tariff-price-list-2026-27-id338674,,,,time-of-use components (demand:peak) with no structured window covering that charge kind and band in this tariff-year; check source before use
tou_definition_missing/701371213f,tou_definition_missing,energex,2025-26,energex:7200,energex-network-price-list-2025-26-sch8-wayback/7200,,energex-network-price-list-2025-26-sch8-wayback,,,,"time-of-use components (demand:peak, demand:shoulder, energy:offpeak, energy:peak, energy:shoulder) with no structured window covering that charge kind and band in this tariff-year; check source before use"
tou_definition_missing/70441717dd,tou_definition_missing,sapn,2025-26,sapn:ZSS272,sapn-2025-26-pricing-proposal-overview-14may2025/ZSS272,,sapn-2025-26-pricing-proposal-overview-14may2025,,,,time-of-use components (demand:peak) with no structured window covering that charge kind and band in this tariff-year; check source before use
tou_definition_missing/7047c7825b,tou_definition_missing,sapn,2025-26,sapn:RESELE,sapn-2025-26-pricing-proposal-overview-14may2025/RESELE,,sapn-2025-26-pricing-proposal-overview-14may2025,,,,"time-of-use components (export:peak, export:solar_soak) with no structured window covering that charge kind and band in this tariff-year; check source before use"
tou_definition_missing/7093fd677f,tou_definition_missing,unitedenergy,2024-25,unitedenergy:GT,unitedenergy-2024-25-tariff-summary-28mar2024/GT,,unitedenergy-2024-25-tariff-summary-28mar2024,,,,"time-of-use components (energy:offpeak, energy:peak) with no structured window covering that charge kind and band in this tariff-year; check source before use"
tou_definition_missing/7107bd358b,tou_definition_missing,sapn,2025-26,sapn:MBTOUD,sapn-2025-26-pricing-proposal-overview-14may2025/MBTOUD,,sapn-2025-26-pricing-proposal-overview-14may2025,,,,time-of-use components (export:solar_soak) with no structured window covering that charge kind and band in this tariff-year; check source before use
tou_definition_missing/7117389ef2,tou_definition_missing,powercor,2023-24,powercor:HV2,powercor-2023-24-tariff-summary-31mar2023/HV2,,powercor-2023-24-tariff-summary-31mar2023,,,,"time-of-use components (energy:offpeak, energy:peak) with no structured window covering that charge kind and band in this tariff-year; check source before use"
tou_definition_missing/713cae82f5,tou_definition_missing,sapn,2025-26,sapn:STR,sapn-2025-26-pricing-proposal-overview-14may2025/STR,,sapn-2025-26-pricing-proposal-overview-14may2025,,,,time-of-use components (demand:peak) with no structured window covering that charge kind and band in this tariff-year; check source before use
tou_definition_missing/71433a320d,tou_definition_missing,ergon,2024-25,ergon:EC22LTOUT3,ergon-2024-25-network-price-list-28mar2024/EC22LTOUT3,,ergon-2024-25-network-price-list-28mar2024,,,,"time-of-use components (demand:offpeak, demand:peak, energy:offpeak, energy:peak) with no structured window covering that charge kind and band in this tariff-year; check source before use"
tou_definition_missing/71831b5cf0,tou_definition_missing,ausgrid,2026-27,ausgrid:EA394,ausgrid-network-price-list-2026-27/EA394,,ausgrid-network-price-list-2026-27,,,,"time-of-use components (energy:critical_peak, energy:offpeak, energy:peak) with no structured window covering that charge kind and band in this tariff-year; check source before use"
tou_definition_missing/7188813c96,tou_definition_missing,ergon,2024-25,ergon:EBFRMT2,ergon-2024-25-network-price-list-28mar2024/EBFRMT2,,ergon-2024-25-network-price-list-28mar2024,,,,time-of-use components (energy:offpeak) with no structured window covering that charge kind and band in this tariff-year; check source before use
tou_definition_missing/71f1e5e31d,tou_definition_missing,essential,2023-24,essential:BLND3AO,essential-2023-24-network-price-list-31mar2023/BLND3AO,,essential-2023-24-network-price-list-31mar2023,,,,"time-of-use components (demand:offpeak, demand:peak, demand:shoulder, energy:offpeak, energy:peak, energy:shoulder) with no structured window covering that charge kind and band in this tariff-year; check source before use"
tou_definition_missing/72dd0a9488,tou_definition_missing,unitedenergy,2026-27,unitedenergy:EVUTOU,ue-tariff-summary-2026-27-07may2026/EVUTOU,,ue-tariff-summary-2026-27-07may2026,,,,"time-of-use components (energy:offpeak, energy:peak, energy:solar_soak, export:peak) with no structured window covering that charge kind and band in this tariff-year; check source before use"
tou_definition_missing/73125b542f,tou_definition_missing,ausgrid,2026-27,ausgrid:EA302,ausgrid-network-price-list-2026-27/EA302,,ausgrid-network-price-list-2026-27,,,,"time-of-use components (demand:peak, energy:offpeak, energy:peak) with no structured window covering that charge kind and band in this tariff-year; check source before use"
tou_definition_missing/7335a7cccc,tou_definition_missing,sapn,2024-25,sapn:ZSS330,sapn-2024-25-annual-pricing-proposal-19apr2024/ZSS330,,sapn-2024-25-annual-pricing-proposal-19apr2024,,,,time-of-use components (demand:peak) with no structured window covering that charge kind and band in this tariff-year; check source before use
tou_definition_missing/735ab3ebb4,tou_definition_missing,sapn,2023-24,sapn:ZSN608,sapn-2023-24-annual-pricing-proposal-revised-8may2023/ZSN608,,sapn-2023-24-annual-pricing-proposal-revised-8may2023,,,,time-of-use components (demand:peak) with no structured window covering that charge kind and band in this tariff-year; check source before use
tou_definition_missing/738ad71302,tou_definition_missing,tasnetworks,2025-26,tasnetworks:TAS84T2,tasnetworks-network-tariff-pricing-schedule-scs-2025-26/TAS84T2,,tasnetworks-network-tariff-pricing-schedule-scs-2025-26,,,,time-of-use components (demand:peak) with no structured window covering that charge kind and band in this tariff-year; check source before use
tou_definition_missing/73afb9359c,tou_definition_missing,sapn,2023-24,sapn:HVAD078,sapn-2023-24-annual-pricing-proposal-revised-8may2023/HVAD078,,sapn-2023-24-annual-pricing-proposal-revised-8may2023,,,,"time-of-use components (demand:peak, energy:offpeak, energy:peak) with no structured window covering that charge kind and band in this tariff-year; check source before use"
tou_definition_missing/744ce616a8,tou_definition_missing,sapn,2025-26,sapn:ZSS273,sapn-2025-26-pricing-proposal-overview-14may2025/ZSS273,,sapn-2025-26-pricing-proposal-overview-14may2025,,,,time-of-use components (demand:peak) with no structured window covering that charge kind and band in this tariff-year; check source before use
tou_definition_missing/75233a2468,tou_definition_missing,sapn,2026-27,sapn:HVADF,sapn-tariff-price-list-2026-27-id338674/HVADF,,sapn-tariff-price-list-2026-27-id338674,,,,"time-of-use components (demand:peak, energy:offpeak, energy:peak) with no structured window covering that charge kind and band in this tariff-year; check source before use"
tou_definition_missing/776805ba77,tou_definition_missing,ausgrid,2024-25,ausgrid:EA394,ausgrid-network-price-list-2024-25-wayback20250806/EA394,,ausgrid-network-price-list-2024-25-wayback20250806,,,,"time-of-use components (energy:critical_peak, energy:offpeak, energy:peak) with no structured window covering that charge kind and band in this tariff-year; check source before use"
tou_definition_missing/776e55e91f,tou_definition_missing,ergon,2026-27,ergon:MRTDEMT4,ergon-network-price-list-2026-27-sch8-wayback/MRTDEMT4,,ergon-network-price-list-2026-27-sch8-wayback,,,,"time-of-use components (demand:peak, energy:offpeak, energy:peak, energy:shoulder) with no structured window covering that charge kind and band in this tariff-year; check source before use"
tou_definition_missing/778472c9d5,tou_definition_missing,sapn,2023-24,sapn:ZSN228,sapn-2023-24-annual-pricing-proposal-revised-8may2023/ZSN228,,sapn-2023-24-annual-pricing-proposal-revised-8may2023,,,,time-of-use components (demand:peak) with no structured window covering that charge kind and band in this tariff-year; check source before use
tou_definition_missing/77a3af7aea,tou_definition_missing,tasnetworks,2024-25,tasnetworks:TAS84T4,tasnetworks-network-tariff-pricing-schedule-scs-2024-25/TAS84T4,,tasnetworks-network-tariff-pricing-schedule-scs-2024-25,,,,time-of-use components (demand:peak) with no structured window covering that charge kind and band in this tariff-year; check source before use
tou_definition_missing/783f5f59eb,tou_definition_missing,ergon,2024-25,ergon:MBTDEMT4,ergon-2024-25-network-price-list-28mar2024/MBTDEMT4,,ergon-2024-25-network-price-list-28mar2024,,,,time-of-use components (demand:peak) with no structured window covering that charge kind and band in this tariff-year; check source before use
tou_definition_missing/784d1b0597,tou_definition_missing,ergon,2023-24,ergon:EC22BTOUT3,ergon-2023-24-network-price-list-31mar2023/EC22BTOUT3,,ergon-2023-24-network-price-list-31mar2023,,,,"time-of-use components (demand:offpeak, demand:peak, energy:offpeak, energy:peak) with no structured window covering that charge kind and band in this tariff-year; check source before use"
tou_definition_missing/78d80dea04,tou_definition_missing,citipower,2026-27,citipower:C2U,citipower-tariff-summary-2026-27-07may2026/C2U,,citipower-tariff-summary-2026-27-07may2026,,,,"time-of-use components (energy:offpeak, energy:peak) with no structured window covering that charge kind and band in this tariff-year; check source before use"
tou_definition_missing/79247e03bb,tou_definition_missing,powercor,2026-27,powercor:PFS,powercor-tariff-summary-2026-27-07may2026/PFS,,powercor-tariff-summary-2026-27-07may2026,,,,"time-of-use components (export:peak, export:solar_soak) with no structured window covering that charge kind and band in this tariff-year; check source before use"
tou_definition_missing/793a0cb292,tou_definition_missing,ergon,2023-24,ergon:ERTDEMT2,ergon-2023-24-network-price-list-31mar2023/ERTDEMT2,,ergon-2023-24-network-price-list-31mar2023,,,,time-of-use components (demand:peak) with no structured window covering that charge kind and band in this tariff-year; check source before use
tou_definition_missing/7971746e1b,tou_definition_missing,ergon,2023-24,ergon:WC66TOUT2,ergon-2023-24-network-price-list-31mar2023/WC66TOUT2,,ergon-2023-24-network-price-list-31mar2023,,,,"time-of-use components (demand:offpeak, demand:peak, energy:offpeak, energy:peak) with no structured window covering that charge kind and band in this tariff-year; check source before use"
tou_definition_missing/7979d0b6c8,tou_definition_missing,ausgrid,2026-27,ausgrid:EA256,ausgrid-network-price-list-2026-27/EA256,,ausgrid-network-price-list-2026-27,,,,"time-of-use components (energy:offpeak, energy:peak) with no structured window covering that charge kind and band in this tariff-year; check source before use"
tou_definition_missing/79a387c0fe,tou_definition_missing,ergon,2023-24,ergon:WBDEMT1,ergon-2023-24-network-price-list-31mar2023/WBDEMT1,,ergon-2023-24-network-price-list-31mar2023,,,,time-of-use components (demand:peak) with no structured window covering that charge kind and band in this tariff-year; check source before use
tou_definition_missing/79b084a219,tou_definition_missing,ergon,2023-24,ergon:EBIRRT2,ergon-2023-24-network-price-list-31mar2023/EBIRRT2,,ergon-2023-24-network-price-list-31mar2023,,,,time-of-use components (energy:offpeak) with no structured window covering that charge kind and band in this tariff-year; check source before use
tou_definition_missing/7a210e6429,tou_definition_missing,ausnet,2024-25,ausnet:NSSM01T,ausnet-annual-pricing-proposal-2024-25/NSSM01T,,ausnet-annual-pricing-proposal-2024-25,,,,"time-of-use components (energy:offpeak, energy:peak, energy:solar_soak, export:offpeak, export:peak, export:solar_soak) with no structured window covering that charge kind and band in this tariff-year; check source before use"
tou_definition_missing/7a91db6da5,tou_definition_missing,ergon,2026-27,ergon:MLTOUDT4,ergon-network-price-list-2026-27-sch8-wayback/MLTOUDT4,,ergon-network-price-list-2026-27-sch8-wayback,,,,"time-of-use components (demand:peak, demand:shoulder, energy:offpeak, energy:peak, energy:shoulder) with no structured window covering that charge kind and band in this tariff-year; check source before use"
tou_definition_missing/7b9f56b1d1,tou_definition_missing,ausgrid,2024-25,ausgrid:EA315,ausgrid-network-price-list-2024-25-wayback20250806/EA315,,ausgrid-network-price-list-2024-25-wayback20250806,,,,"time-of-use components (demand:peak, energy:offpeak, energy:peak) with no structured window covering that charge kind and band in this tariff-year; check source before use"
tou_definition_missing/7bae93383a,tou_definition_missing,ergon,2024-25,ergon:TBAT2,ergon-2024-25-network-price-list-28mar2024/TBA T2/cac-dynamic-flex-storage,,ergon-2024-25-network-price-list-28mar2024,,,,"time-of-use components (demand:critical_peak, energy:offpeak, energy:peak, energy:shoulder, export:critical_peak) with no structured window covering that charge kind and band in this tariff-year; check source before use"
tou_definition_missing/7c08faa113,tou_definition_missing,energex,2025-26,energex:3800,energex-network-price-list-2025-26-sch8-wayback/3800,,energex-network-price-list-2025-26-sch8-wayback,,,,"time-of-use components (demand:peak, energy:offpeak, energy:peak, energy:shoulder) with no structured window covering that charge kind and band in this tariff-year; check source before use"
tou_definition_missing/7ce8002f3d,tou_definition_missing,sapn,2025-26,sapn:HVAD439,sapn-2025-26-pricing-proposal-overview-14may2025/HVAD439,,sapn-2025-26-pricing-proposal-overview-14may2025,,,,"time-of-use components (demand:peak, energy:offpeak, energy:peak) with no structured window covering that charge kind and band in this tariff-year; check source before use"
tou_definition_missing/7cf82320f9,tou_definition_missing,ergon,2024-25,ergon:WRDEMT2,ergon-2024-25-network-price-list-28mar2024/WRDEMT2,,ergon-2024-25-network-price-list-28mar2024,,,,time-of-use components (demand:peak) with no structured window covering that charge kind and band in this tariff-year; check source before use
tou_definition_missing/7d1bf908f6,tou_definition_missing,ergon,2026-27,ergon:ERTOUET1,ergon-network-price-list-2026-27-sch8-wayback/ERTOUET1,,ergon-network-price-list-2026-27-sch8-wayback,,,,"time-of-use components (energy:offpeak, energy:peak, energy:shoulder) with no structured window covering that charge kind and band in this tariff-year; check source before use"
tou_definition_missing/7d2f719f22,tou_definition_missing,sapn,2025-26,sapn:B2R,sapn-2025-26-pricing-proposal-overview-14may2025/B2R,,sapn-2025-26-pricing-proposal-overview-14may2025,,,,time-of-use components (export:solar_soak) with no structured window covering that charge kind and band in this tariff-year; check source before use
tou_definition_missing/7d7998b786,tou_definition_missing,energex,2023-24,energex:TBA,energex-2023-24-network-price-list-27apr2023/TBA/22-11kv-time-of-use-export,,energex-2023-24-network-price-list-27apr2023,,,,"time-of-use components (demand:offpeak, demand:peak, export:peak) with no structured window covering that charge kind and band in this tariff-year; check source before use"
tou_definition_missing/7dd6a9ac13,tou_definition_missing,evoenergy,2023-24,evoenergy:027,evoenergy-2023-24-electricity-network-pricing-proposal-5may2023/027,,evoenergy-2023-24-electricity-network-pricing-proposal-5may2023,,,,"time-of-use components (demand:peak, export:critical_peak) with no structured window covering that charge kind and band in this tariff-year; check source before use"
tou_definition_missing/7e3bc31452,tou_definition_missing,unitedenergy,2024-25,unitedenergy:LVPTBB,unitedenergy-2024-25-tariff-summary-28mar2024/LVPTBB,,unitedenergy-2024-25-tariff-summary-28mar2024,,,,"time-of-use components (energy:critical_peak, energy:offpeak, energy:peak) with no structured window covering that charge kind and band in this tariff-year; check source before use"
tou_definition_missing/7e886f839d,tou_definition_missing,ergon,2026-27,ergon:WCHVDBT1,ergon-network-price-list-2026-27-sch8-wayback/WCHVDBT1,,ergon-network-price-list-2026-27-sch8-wayback,,,,"time-of-use components (demand:shoulder, energy:critical_peak, energy:peak, export:critical_peak) with no structured window covering that charge kind and band in this tariff-year; check source before use"
tou_definition_missing/7f2cc58c11,tou_definition_missing,tasnetworks,2024-25,tasnetworks:TAS84T3,tasnetworks-network-tariff-pricing-schedule-scs-2024-25/TAS84T3,,tasnetworks-network-tariff-pricing-schedule-scs-2024-25,,,,time-of-use components (demand:peak) with no structured window covering that charge kind and band in this tariff-year; check source before use
tou_definition_missing/80227c39d4,tou_definition_missing,energex,2023-24,energex:8800,energex-2023-24-network-price-list-27apr2023/8800,,energex-2023-24-network-price-list-27apr2023,,,,"time-of-use components (energy:offpeak, energy:peak) with no structured window covering that charge kind and band in this tariff-year; check source before use"
tou_definition_missing/8042629542,tou_definition_missing,ergon,2023-24,ergon:EC66TOUT3,ergon-2023-24-network-price-list-31mar2023/EC66TOUT3,,ergon-2023-24-network-price-list-31mar2023,,,,"time-of-use components (demand:offpeak, demand:peak, energy:offpeak, energy:peak) with no structured window covering that charge kind and band in this tariff-year; check source before use"
tou_definition_missing/80a1b7dfec,tou_definition_missing,powercor,2023-24,powercor:LLVT1,powercor-2023-24-tariff-summary-31mar2023/LLVT1,,powercor-2023-24-tariff-summary-31mar2023,,,,"time-of-use components (energy:offpeak, energy:peak) with no structured window covering that charge kind and band in this tariff-year; check source before use"
tou_definition_missing/80b292211a,tou_definition_missing,ergon,2026-27,ergon:EC33TOUDT1,ergon-network-price-list-2026-27-sch8-wayback/EC33TOUDT1,,ergon-network-price-list-2026-27-sch8-wayback,,,,"time-of-use components (demand:peak, demand:shoulder) with no structured window covering that charge kind and band in this tariff-year; check source before use"
tou_definition_missing/80f0c82425,tou_definition_missing,sapn,2026-27,sapn:MBTOUDNE,sapn-tariff-price-list-2026-27-id338674/MBTOUDNE,,sapn-tariff-price-list-2026-27-id338674,,,,"time-of-use components (energy:offpeak, energy:peak, energy:shoulder) with no structured window covering that charge kind and band in this tariff-year; check source before use"
tou_definition_missing/81d960516d,tou_definition_missing,ausgrid,2025-26,ausgrid:EA305,ausgrid-network-price-list-2025-26/EA305,,ausgrid-network-price-list-2025-26,,,,"time-of-use components (demand:peak, energy:offpeak, energy:peak) with no structured window covering that charge kind and band in this tariff-year; check source before use"
tou_definition_missing/8270154109,tou_definition_missing,sapn,2025-26,sapn:ZSN408,sapn-2025-26-pricing-proposal-overview-14may2025/ZSN408,,sapn-2025-26-pricing-proposal-overview-14may2025,,,,time-of-use components (demand:peak) with no structured window covering that charge kind and band in this tariff-year; check source before use
tou_definition_missing/83b4d34d81,tou_definition_missing,ausnet,2024-25,ausnet:NSP79T,ausnet-annual-pricing-proposal-2024-25/NSP79T,,ausnet-annual-pricing-proposal-2024-25,,,,"time-of-use components (demand:critical_peak, energy:offpeak, energy:peak, energy:shoulder, energy:solar_soak) with no structured window covering that charge kind and band in this tariff-year; check source before use"
tou_definition_missing/83cf6070fb,tou_definition_missing,ergon,2025-26,ergon:MRTOUET4,ergon-network-price-list-2025-26-sch8-wayback/MRTOUET4,,ergon-network-price-list-2025-26-sch8-wayback,,,,"time-of-use components (energy:offpeak, energy:peak, energy:shoulder) with no structured window covering that charge kind and band in this tariff-year; check source before use"
tou_definition_missing/845b35dc36,tou_definition_missing,energex,2025-26,energex:92000,energex-network-price-list-2025-26-sch8-wayback/92000,,energex-network-price-list-2025-26-sch8-wayback,,,,time-of-use components (energy:peak) with no structured window covering that charge kind and band in this tariff-year; check source before use
tou_definition_missing/847460a347,tou_definition_missing,energex,2025-26,energex:92300,energex-network-price-list-2025-26-sch8-wayback/92300,,energex-network-price-list-2025-26-sch8-wayback,,,,"time-of-use components (demand:peak, demand:shoulder) with no structured window covering that charge kind and band in this tariff-year; check source before use"
tou_definition_missing/84a1e323e7,tou_definition_missing,sapn,2024-25,sapn:RELE2W,sapn-2024-25-annual-pricing-proposal-19apr2024/RELE2W,,sapn-2024-25-annual-pricing-proposal-19apr2024,,,,"time-of-use components (export:peak, export:solar_soak) with no structured window covering that charge kind and band in this tariff-year; check source before use"
tou_definition_missing/85c668d5f1,tou_definition_missing,ergon,2024-25,ergon:EBIRRT3,ergon-2024-25-network-price-list-28mar2024/EBIRRT3,,ergon-2024-25-network-price-list-28mar2024,,,,time-of-use components (energy:offpeak) with no structured window covering that charge kind and band in this tariff-year; check source before use
tou_definition_missing/8607e618c8,tou_definition_missing,ergon,2024-25,ergon:EBIRRT2,ergon-2024-25-network-price-list-28mar2024/EBIRRT2,,ergon-2024-25-network-price-list-28mar2024,,,,time-of-use components (energy:offpeak) with no structured window covering that charge kind and band in this tariff-year; check source before use
tou_definition_missing/8644a9c6ad,tou_definition_missing,powercor,2023-24,powercor:PL2,powercor-2023-24-tariff-summary-31mar2023/PL2,,powercor-2023-24-tariff-summary-31mar2023,,,,"time-of-use components (energy:offpeak, energy:peak) with no structured window covering that charge kind and band in this tariff-year; check source before use"
tou_definition_missing/864d440c6a,tou_definition_missing,tasnetworks,2024-25,tasnetworks:TAS97,tasnetworks-network-tariff-pricing-schedule-scs-2024-25/TAS97,,tasnetworks-network-tariff-pricing-schedule-scs-2024-25,,,,"time-of-use components (energy:offpeak, energy:peak, energy:super_offpeak) with no structured window covering that charge kind and band in this tariff-year; check source before use"
tou_definition_missing/865865f522,tou_definition_missing,ergon,2026-27,ergon:ECHLTOUDT1,ergon-network-price-list-2026-27-sch8-wayback/ECHLTOUDT1,,ergon-network-price-list-2026-27-sch8-wayback,,,,"time-of-use components (demand:peak, demand:shoulder) with no structured window covering that charge kind and band in this tariff-year; check source before use"
tou_definition_missing/8702df590e,tou_definition_missing,energex,2024-25,energex:3900,energex-2024-25-network-price-list-28mar2024/3900,,energex-2024-25-network-price-list-28mar2024,,,,time-of-use components (demand:peak) with no structured window covering that charge kind and band in this tariff-year; check source before use
tou_definition_missing/871010ed11,tou_definition_missing,sapn,2025-26,sapn:RTOU,sapn-2025-26-pricing-proposal-overview-14may2025/RTOU,,sapn-2025-26-pricing-proposal-overview-14may2025,,,,time-of-use components (export:solar_soak) with no structured window covering that charge kind and band in this tariff-year; check source before use
tou_definition_missing/8721495932,tou_definition_missing,sapn,2024-25,sapn:ZSS273,sapn-2024-25-annual-pricing-proposal-19apr2024/ZSS273,,sapn-2024-25-annual-pricing-proposal-19apr2024,,,,time-of-use components (demand:peak) with no structured window covering that charge kind and band in this tariff-year; check source before use
tou_definition_missing/8786300671,tou_definition_missing,ausgrid,2023-24,ausgrid:EA390,ausgrid-2023-24-annual-scs-pricing-proposal-31mar2023/EA390,,ausgrid-2023-24-annual-scs-pricing-proposal-31mar2023,,,,"time-of-use components (energy:offpeak, energy:peak, energy:shoulder) with no structured window covering that charge kind and band in this tariff-year; check source before use"
tou_definition_missing/8793dc2e41,tou_definition_missing,energex,2026-27,energex:6800,energex-network-price-list-2026-27-sch8-wayback/6800,,energex-network-price-list-2026-27-sch8-wayback,,,,"time-of-use components (energy:offpeak, energy:peak, energy:shoulder) with no structured window covering that charge kind and band in this tariff-year; check source before use"
tou_definition_missing/87a9dd2079,tou_definition_missing,ergon,2025-26,ergon:WCHLTOUDT1,ergon-network-price-list-2025-26-sch8-wayback/WCHLTOUDT1,,ergon-network-price-list-2025-26-sch8-wayback,,,,"time-of-use components (demand:peak, demand:shoulder) with no structured window covering that charge kind and band in this tariff-year; check source before use"
tou_definition_missing/87ba7dee8d,tou_definition_missing,powercor,2024-25,powercor:PNDB,powercor-pricing-proposal-2024-25-28mar2024-wayback/PNDB,,powercor-pricing-proposal-2024-25-28mar2024-wayback,,,,"time-of-use components (energy:peak, energy:solar_soak, export:peak) with no structured window covering that charge kind and band in this tariff-year; check source before use"
tou_definition_missing/8839cd95c3,tou_definition_missing,sapn,2026-27,sapn:ZSSF,sapn-tariff-price-list-2026-27-id338674/ZSSF,,sapn-tariff-price-list-2026-27-id338674,,,,time-of-use components (demand:peak) with no structured window covering that charge kind and band in this tariff-year; check source before use
tou_definition_missing/88439c83a6,tou_definition_missing,sapn,2023-24,sapn:ZSN021,sapn-2023-24-annual-pricing-proposal-revised-8may2023/ZSN021,,sapn-2023-24-annual-pricing-proposal-revised-8may2023,,,,time-of-use components (demand:peak) with no structured window covering that charge kind and band in this tariff-year; check source before use
tou_definition_missing/8883cd5cc5,tou_definition_missing,tasnetworks,2024-25,tasnetworks:TAS89,tasnetworks-network-tariff-pricing-schedule-scs-2024-25/TAS89,,tasnetworks-network-tariff-pricing-schedule-scs-2024-25,,,,"time-of-use components (demand:offpeak, demand:peak) with no structured window covering that charge kind and band in this tariff-year; check source before use"
tou_definition_missing/88cc98a6ba,tou_definition_missing,ergon,2023-24,ergon:WRTDEMT1,ergon-2023-24-network-price-list-31mar2023/WRTDEMT1,,ergon-2023-24-network-price-list-31mar2023,,,,time-of-use components (demand:peak) with no structured window covering that charge kind and band in this tariff-year; check source before use
tou_definition_missing/8911d335c1,tou_definition_missing,ergon,2026-27,ergon:ECFLEXT1,ergon-network-price-list-2026-27-sch8-wayback/ECFLEXT1,,ergon-network-price-list-2026-27-sch8-wayback,,,,time-of-use components (energy:peak) with no structured window covering that charge kind and band in this tariff-year; check source before use
tou_definition_missing/896fcd5f01,tou_definition_missing,ergon,2024-25,ergon:EBFRMT3,ergon-2024-25-network-price-list-28mar2024/EBFRMT3,,ergon-2024-25-network-price-list-28mar2024,,,,time-of-use components (energy:offpeak) with no structured window covering that charge kind and band in this tariff-year; check source before use
tou_definition_missing/89dd829099,tou_definition_missing,ergon,2023-24,ergon:ERDEMT2,ergon-2023-24-network-price-list-31mar2023/ERDEMT2,,ergon-2023-24-network-price-list-31mar2023,,,,time-of-use components (demand:peak) with no structured window covering that charge kind and band in this tariff-year; check source before use
tou_definition_missing/89fefa568c,tou_definition_missing,ergon,2024-25,ergon:WRTDEMT3,ergon-2024-25-network-price-list-28mar2024/WRTDEMT3,,ergon-2024-25-network-price-list-28mar2024,,,,time-of-use components (demand:peak) with no structured window covering that charge kind and band in this tariff-year; check source before use
tou_definition_missing/8ad5fe3a61,tou_definition_missing,ausgrid,2026-27,ausgrid:EA374,ausgrid-network-price-list-2026-27/EA374,,ausgrid-network-price-list-2026-27,,,,"time-of-use components (energy:critical_peak, energy:offpeak) with no structured window covering that charge kind and band in this tariff-year; check source before use"
tou_definition_missing/8be9caad30,tou_definition_missing,ergon,2024-25,ergon:WLTOUDT2,ergon-2024-25-network-price-list-28mar2024/WLTOUDT2,,ergon-2024-25-network-price-list-28mar2024,,,,time-of-use components (demand:peak) with no structured window covering that charge kind and band in this tariff-year; check source before use
tou_definition_missing/8c383bd822,tou_definition_missing,evoenergy,2023-24,evoenergy:028,evoenergy-statement-of-tariff-classes-and-tariffs-2023-24/028,,evoenergy-statement-of-tariff-classes-and-tariffs-2023-24,,,,"time-of-use components (demand:peak, export:critical_peak) with no structured window covering that charge kind and band in this tariff-year; check source before use"
tou_definition_missing/8c4db0b8ce,tou_definition_missing,tasnetworks,2025-26,tasnetworks:TAS15,tasnetworks-network-tariff-pricing-schedule-scs-2025-26/TAS15,,tasnetworks-network-tariff-pricing-schedule-scs-2025-26,,,,"time-of-use components (energy:offpeak, energy:peak, energy:shoulder) with no structured window covering that charge kind and band in this tariff-year; check source before use"
tou_definition_missing/8d1cd9effa,tou_definition_missing,energex,2023-24,energex:3000,energex-2023-24-network-price-list-27apr2023/3000,,energex-2023-24-network-price-list-27apr2023,,,,"time-of-use components (energy:offpeak, energy:peak) with no structured window covering that charge kind and band in this tariff-year; check source before use"
tou_definition_missing/8d935d40ce,tou_definition_missing,ausgrid,2023-24,ausgrid:EA025,ausgrid-2023-24-annual-scs-pricing-proposal-31mar2023/EA025,,ausgrid-2023-24-annual-scs-pricing-proposal-31mar2023,,,,"time-of-use components (energy:offpeak, energy:peak, energy:shoulder) with no structured window covering that charge kind and band in this tariff-year; check source before use"
tou_definition_missing/8dc836dd8b,tou_definition_missing,energex,2025-26,energex:94200,energex-network-price-list-2025-26-sch8-wayback/94200,,energex-network-price-list-2025-26-sch8-wayback,,,,"time-of-use components (energy:critical_peak, export:critical_peak) with no structured window covering that charge kind and band in this tariff-year; check source before use"
tou_definition_missing/8dddf8c05a,tou_definition_missing,sapn,2026-27,sapn:LBMD,sapn-tariff-price-list-2026-27-id338674/LBMD,,sapn-tariff-price-list-2026-27-id338674,,,,"time-of-use components (demand:peak, energy:offpeak, energy:peak) with no structured window covering that charge kind and band in this tariff-year; check source before use"
tou_definition_missing/8dfdb85d69,tou_definition_missing,energex,2026-27,energex:94300,energex-network-price-list-2026-27-sch8-wayback/94300,,energex-network-price-list-2026-27-sch8-wayback,,,,"time-of-use components (energy:offpeak, energy:peak, energy:shoulder) with no structured window covering that charge kind and band in this tariff-year; check source before use"
tou_definition_missing/8e005cf64e,tou_definition_missing,sapn,2024-25,sapn:STR483,sapn-2024-25-annual-pricing-proposal-19apr2024/STR483,,sapn-2024-25-annual-pricing-proposal-19apr2024,,,,time-of-use components (demand:peak) with no structured window covering that charge kind and band in this tariff-year; check source before use
tou_definition_missing/8e3aad01f7,tou_definition_missing,tasnetworks,2026-27,tasnetworks:TAS89,tasnetworks-network-pricing-schedule-2026-27/TAS89,,tasnetworks-network-pricing-schedule-2026-27,,,,"time-of-use components (demand:offpeak, demand:peak) with no structured window covering that charge kind and band in this tariff-year; check source before use"
tou_definition_missing/8e9e50af38,tou_definition_missing,ergon,2023-24,ergon:EC22LTOUT2,ergon-2023-24-network-price-list-31mar2023/EC22LTOUT2,,ergon-2023-24-network-price-list-31mar2023,,,,"time-of-use components (demand:offpeak, demand:peak, energy:offpeak, energy:peak) with no structured window covering that charge kind and band in this tariff-year; check source before use"
tou_definition_missing/8ee69f6967,tou_definition_missing,ausnet,2023-24,ausnet:NSP56T,ausnet-annual-pricing-proposal-2023-24/NSP56T,,ausnet-annual-pricing-proposal-2023-24,,,,"time-of-use components (demand:critical_peak, energy:offpeak, energy:peak, energy:shoulder) with no structured window covering that charge kind and band in this tariff-year; check source before use"
tou_definition_missing/8f346215c5,tou_definition_missing,ergon,2025-26,ergon:MLTOUDT4,ergon-network-price-list-2025-26-sch8-wayback/MLTOUDT4,,ergon-network-price-list-2025-26-sch8-wayback,,,,"time-of-use components (demand:peak, demand:shoulder, energy:offpeak, energy:peak, energy:shoulder) with no structured window covering that charge kind and band in this tariff-year; check source before use"
tou_definition_missing/8f8c0430e1,tou_definition_missing,jemena,2024-25,jemena:A180,jemena-2024-25-network-tariff-schedule-28mar2024/A180,,jemena-2024-25-network-tariff-schedule-28mar2024,,,,time-of-use components (energy:offpeak) with no structured window covering that charge kind and band in this tariff-year; check source before use
tou_definition_missing/923ee0b9e1,tou_definition_missing,sapn,2025-26,sapn:ZSN021,sapn-2025-26-pricing-proposal-overview-14may2025/ZSN021,,sapn-2025-26-pricing-proposal-overview-14may2025,,,,time-of-use components (demand:peak) with no structured window covering that charge kind and band in this tariff-year; check source before use
tou_definition_missing/924cd1a892,tou_definition_missing,sapn,2025-26,sapn:ZSS550,sapn-2025-26-pricing-proposal-overview-14may2025/ZSS550,,sapn-2025-26-pricing-proposal-overview-14may2025,,,,time-of-use components (demand:peak) with no structured window covering that charge kind and band in this tariff-year; check source before use
tou_definition_missing/92594c5fcf,tou_definition_missing,evoenergy,2024-25,evoenergy:123,evoenergy-schedule-of-charges-2024-25-lfit-adjusted/123,,evoenergy-schedule-of-charges-2024-25-lfit-adjusted,,,,time-of-use components (export:critical_peak) with no structured window covering that charge kind and band in this tariff-year; check source before use
tou_definition_missing/925ee1e540,tou_definition_missing,jemena,2026-27,jemena:A180,jemena-network-tariff-schedule-2026-27/A180,,jemena-network-tariff-schedule-2026-27,,,,time-of-use components (energy:offpeak) with no structured window covering that charge kind and band in this tariff-year; check source before use
tou_definition_missing/926a207420,tou_definition_missing,ergon,2024-25,ergon:EC66TOUT1,ergon-2024-25-network-price-list-28mar2024/EC66TOUT1,,ergon-2024-25-network-price-list-28mar2024,,,,"time-of-use components (demand:offpeak, demand:peak, energy:offpeak, energy:peak) with no structured window covering that charge kind and band in this tariff-year; check source before use"
tou_definition_missing/92c23e8484,tou_definition_missing,tasnetworks,2024-25,tasnetworks:TAS14T1,tasnetworks-network-tariff-pricing-schedule-scs-2024-25/TAS14T1,,tasnetworks-network-tariff-pricing-schedule-scs-2024-25,,,,time-of-use components (demand:peak) with no structured window covering that charge kind and band in this tariff-year; check source before use
tou_definition_missing/939a30f788,tou_definition_missing,sapn,2024-25,sapn:STNGF,sapn-2024-25-annual-pricing-proposal-19apr2024/STNGF,,sapn-2024-25-annual-pricing-proposal-19apr2024,,,,time-of-use components (demand:peak) with no structured window covering that charge kind and band in this tariff-year; check source before use
tou_definition_missing/9413e82ceb,tou_definition_missing,ergon,2024-25,ergon:ECFLEXT1,ergon-network-price-list-2024-25-sch8-wayback/ECFLEXT1,,ergon-network-price-list-2024-25-sch8-wayback,,,,"time-of-use components (energy:offpeak, energy:peak, energy:shoulder, export:critical_peak) with no structured window covering that charge kind and band in this tariff-year; check source before use"
tou_definition_missing/946cfadee4,tou_definition_missing,powercor,2023-24,powercor:LLV2,powercor-2023-24-tariff-summary-31mar2023/LLV2,,powercor-2023-24-tariff-summary-31mar2023,,,,"time-of-use components (energy:offpeak, energy:peak) with no structured window covering that charge kind and band in this tariff-year; check source before use"
tou_definition_missing/9496065c60,tou_definition_missing,ergon,2024-25,ergon:ERDEMT3,ergon-2024-25-network-price-list-28mar2024/ERDEMT3,,ergon-2024-25-network-price-list-28mar2024,,,,time-of-use components (demand:peak) with no structured window covering that charge kind and band in this tariff-year; check source before use
tou_definition_missing/94ab5168a7,tou_definition_missing,energex,2023-24,energex:7400,energex-2023-24-network-price-list-27apr2023/7400,,energex-2023-24-network-price-list-27apr2023,,,,time-of-use components (demand:peak) with no structured window covering that charge kind and band in this tariff-year; check source before use
tou_definition_missing/94d0026615,tou_definition_missing,essential,2023-24,essential:BHND1SO,essential-2023-24-network-price-list-31mar2023/BHND1SO,,essential-2023-24-network-price-list-31mar2023,,,,"time-of-use components (energy:offpeak, energy:peak, energy:shoulder) with no structured window covering that charge kind and band in this tariff-year; check source before use"
tou_definition_missing/94d972f88e,tou_definition_missing,sapn,2023-24,sapn:STN084,sapn-2023-24-annual-pricing-proposal-revised-8may2023/STN084,,sapn-2023-24-annual-pricing-proposal-revised-8may2023,,,,time-of-use components (demand:peak) with no structured window covering that charge kind and band in this tariff-year; check source before use
tou_definition_missing/952d8183e9,tou_definition_missing,ergon,2024-25,ergon:EC66TOUT3,ergon-2024-25-network-price-list-28mar2024/EC66TOUT3,,ergon-2024-25-network-price-list-28mar2024,,,,"time-of-use components (demand:offpeak, demand:peak, energy:offpeak, energy:peak) with no structured window covering that charge kind and band in this tariff-year; check source before use"
tou_definition_missing/954ddc477e,tou_definition_missing,citipower,2026-27,citipower:CRCER,citipower-tariff-summary-2026-27-07may2026/CRCER,,citipower-tariff-summary-2026-27-07may2026,,,,"time-of-use components (energy:offpeak, energy:peak, energy:solar_soak, export:peak, export:solar_soak) with no structured window covering that charge kind and band in this tariff-year; check source before use"
tou_definition_missing/95712c1a08,tou_definition_missing,sapn,2026-27,sapn:STN161,sapn-tariff-price-list-2026-27-id338674/STN161,,sapn-tariff-price-list-2026-27-id338674,,,,time-of-use components (demand:peak) with no structured window covering that charge kind and band in this tariff-year; check source before use
tou_definition_missing/95977db06e,tou_definition_missing,energex,2026-27,energex:7200,energex-network-price-list-2026-27-sch8-wayback/7200,,energex-network-price-list-2026-27-sch8-wayback,,,,"time-of-use components (demand:peak, demand:shoulder, energy:offpeak, energy:peak, energy:shoulder) with no structured window covering that charge kind and band in this tariff-year; check source before use"
tou_definition_missing/95a8bbb42d,tou_definition_missing,unitedenergy,2024-25,unitedenergy:HVKVATOU2,unitedenergy-2024-25-tariff-summary-28mar2024/HVKVATOU 2,,unitedenergy-2024-25-tariff-summary-28mar2024,,,,"time-of-use components (demand:peak, energy:offpeak, energy:peak) with no structured window covering that charge kind and band in this tariff-year; check source before use"
tou_definition_missing/963dfc468a,tou_definition_missing,sapn,2023-24,sapn:ZSN438,sapn-2023-24-annual-pricing-proposal-revised-8may2023/ZSN438,,sapn-2023-24-annual-pricing-proposal-revised-8may2023,,,,time-of-use components (demand:peak) with no structured window covering that charge kind and band in this tariff-year; check source before use
tou_definition_missing/964be20f78,tou_definition_missing,sapn,2025-26,sapn:STR162,sapn-2025-26-pricing-proposal-overview-14may2025/STR162,,sapn-2025-26-pricing-proposal-overview-14may2025,,,,time-of-use components (demand:peak) with no structured window covering that charge kind and band in this tariff-year; check source before use
tou_definition_missing/96b639367d,tou_definition_missing,sapn,2024-25,sapn:STN161,sapn-2024-25-annual-pricing-proposal-19apr2024/STN161,,sapn-2024-25-annual-pricing-proposal-19apr2024,,,,time-of-use components (demand:peak) with no structured window covering that charge kind and band in this tariff-year; check source before use
tou_definition_missing/96bf84f8b0,tou_definition_missing,energex,2024-25,energex:3600,energex-2024-25-network-price-list-28mar2024/3600,,energex-2024-25-network-price-list-28mar2024,,,,time-of-use components (demand:peak) with no structured window covering that charge kind and band in this tariff-year; check source before use
tou_definition_missing/970badded8,tou_definition_missing,ergon,2026-27,ergon:MLFLEXT4,ergon-network-price-list-2026-27-sch8-wayback/MLFLEXT4,,ergon-network-price-list-2026-27-sch8-wayback,,,,time-of-use components (energy:peak) with no structured window covering that charge kind and band in this tariff-year; check source before use
tou_definition_missing/970f676fb8,tou_definition_missing,sapn,2023-24,sapn:STN161,sapn-2023-24-annual-pricing-proposal-revised-8may2023/STN161,,sapn-2023-24-annual-pricing-proposal-revised-8may2023,,,,time-of-use components (demand:peak) with no structured window covering that charge kind and band in this tariff-year; check source before use
tou_definition_missing/975c2e80b4,tou_definition_missing,ausgrid,2025-26,ausgrid:EA111,ausgrid-network-price-list-2025-26/EA111,,ausgrid-network-price-list-2025-26,,,,"time-of-use components (energy:offpeak, energy:peak) with no structured window covering that charge kind and band in this tariff-year; check source before use"
tou_definition_missing/97a5eaabd1,tou_definition_missing,ausnet,2023-24,ausnet:NSP78T,ausnet-annual-pricing-proposal-2023-24/NSP78T,,ausnet-annual-pricing-proposal-2023-24,,,,"time-of-use components (demand:critical_peak, energy:offpeak, energy:peak, energy:shoulder) with no structured window covering that charge kind and band in this tariff-year; check source before use"
tou_definition_missing/97b3d7c147,tou_definition_missing,ergon,2023-24,ergon:EBDEMT1,ergon-2023-24-network-price-list-31mar2023/EBDEMT1,,ergon-2023-24-network-price-list-31mar2023,,,,time-of-use components (demand:peak) with no structured window covering that charge kind and band in this tariff-year; check source before use
tou_definition_missing/983fd29178,tou_definition_missing,sapn,2025-26,sapn:ZSN228,sapn-2025-26-pricing-proposal-overview-14may2025/ZSN228,,sapn-2025-26-pricing-proposal-overview-14may2025,,,,time-of-use components (demand:peak) with no structured window covering that charge kind and band in this tariff-year; check source before use
tou_definition_missing/984c352acd,tou_definition_missing,ergon,2024-25,ergon:WC66TOUT2,ergon-2024-25-network-price-list-28mar2024/WC66TOUT2,,ergon-2024-25-network-price-list-28mar2024,,,,"time-of-use components (demand:offpeak, demand:peak, energy:offpeak, energy:peak) with no structured window covering that charge kind and band in this tariff-year; check source before use"
tou_definition_missing/98c2953447,tou_definition_missing,ausgrid,2026-27,ausgrid:EA315,ausgrid-network-price-list-2026-27/EA315,,ausgrid-network-price-list-2026-27,,,,"time-of-use components (demand:peak, energy:offpeak, energy:peak) with no structured window covering that charge kind and band in this tariff-year; check source before use"
tou_definition_missing/98dc40b14a,tou_definition_missing,powercor,2023-24,powercor:HVT1,powercor-2023-24-tariff-summary-31mar2023/HVT1,,powercor-2023-24-tariff-summary-31mar2023,,,,"time-of-use components (energy:offpeak, energy:peak) with no structured window covering that charge kind and band in this tariff-year; check source before use"
tou_definition_missing/990f597a85,tou_definition_missing,energex,2023-24,energex:8900,energex-2023-24-network-price-list-27apr2023/8900,,energex-2023-24-network-price-list-27apr2023,,,,"time-of-use components (energy:offpeak, energy:peak, energy:shoulder) with no structured window covering that charge kind and band in this tariff-year; check source before use"
tou_definition_missing/9947d8f02b,tou_definition_missing,ergon,2024-25,ergon:MRTDEMT4,ergon-2024-25-network-price-list-28mar2024/MRTDEMT4,,ergon-2024-25-network-price-list-28mar2024,,,,time-of-use components (demand:peak) with no structured window covering that charge kind and band in this tariff-year; check source before use
tou_definition_missing/9950121790,tou_definition_missing,sapn,2026-27,sapn:SBELENE,sapn-tariff-price-list-2026-27-id338674/SBELENE,,sapn-tariff-price-list-2026-27-id338674,,,,"time-of-use components (energy:offpeak, energy:peak, energy:shoulder) with no structured window covering that charge kind and band in this tariff-year; check source before use"
tou_definition_missing/9999674159,tou_definition_missing,ergon,2024-25,ergon:WC22BTOUT2,ergon-2024-25-network-price-list-28mar2024/WC22BTOUT2,,ergon-2024-25-network-price-list-28mar2024,,,,"time-of-use components (demand:offpeak, demand:peak, energy:offpeak, energy:peak) with no structured window covering that charge kind and band in this tariff-year; check source before use"
tou_definition_missing/99d93b587f,tou_definition_missing,citipower,2026-27,citipower:CFS,citipower-tariff-summary-2026-27-07may2026/CFS,,citipower-tariff-summary-2026-27-07may2026,,,,"time-of-use components (energy:peak, export:peak, export:solar_soak) with no structured window covering that charge kind and band in this tariff-year; check source before use"
tou_definition_missing/9a2ed9499c,tou_definition_missing,ergon,2026-27,ergon:MBTOUET4,ergon-network-price-list-2026-27-sch8-wayback/MBTOUET4,,ergon-network-price-list-2026-27-sch8-wayback,,,,"time-of-use components (energy:offpeak, energy:peak, energy:shoulder) with no structured window covering that charge kind and band in this tariff-year; check source before use"
tou_definition_missing/9a52608e60,tou_definition_missing,sapn,2025-26,sapn:STN609,sapn-2025-26-pricing-proposal-overview-14may2025/STN609,,sapn-2025-26-pricing-proposal-overview-14may2025,,,,time-of-use components (demand:peak) with no structured window covering that charge kind and band in this tariff-year; check source before use
tou_definition_missing/9ab5eea4ba,tou_definition_missing,evoenergy,2026-27,evoenergy:070,evoenergy-schedule-of-charges-2026-27-aer-approved-april2026/070,,evoenergy-schedule-of-charges-2026-27-aer-approved-april2026,,,,time-of-use components (energy:offpeak) with no structured window covering that charge kind and band in this tariff-year; check source before use
tou_definition_missing/9b203f257e,tou_definition_missing,essential,2023-24,essential:BLND3TO,essential-2023-24-network-price-list-31mar2023/BLND3TO,,essential-2023-24-network-price-list-31mar2023,,,,"time-of-use components (demand:peak, energy:offpeak, energy:peak, energy:shoulder) with no structured window covering that charge kind and band in this tariff-year; check source before use"
tou_definition_missing/9b2556115f,tou_definition_missing,ausgrid,2026-27,ausgrid:EA955,ausgrid-network-price-list-2026-27/EA955,,ausgrid-network-price-list-2026-27,,,,"time-of-use components (energy:offpeak, energy:peak) with no structured window covering that charge kind and band in this tariff-year; check source before use"
tou_definition_missing/9bcc319981,tou_definition_missing,sapn,2025-26,sapn:RSR,sapn-2025-26-pricing-proposal-overview-14may2025/RSR,,sapn-2025-26-pricing-proposal-overview-14may2025,,,,time-of-use components (export:solar_soak) with no structured window covering that charge kind and band in this tariff-year; check source before use
tou_definition_missing/9c066eb5b2,tou_definition_missing,ausgrid,2026-27,ausgrid:EA335,ausgrid-network-price-list-2026-27/EA335,,ausgrid-network-price-list-2026-27,,,,time-of-use components (energy:critical_peak) with no structured window covering that charge kind and band in this tariff-year; check source before use
tou_definition_missing/9c183204f4,tou_definition_missing,ergon,2025-26,ergon:WBTDEMT1,ergon-network-price-list-2025-26-sch8-wayback/WBTDEMT1,,ergon-network-price-list-2025-26-sch8-wayback,,,,"time-of-use components (demand:peak, energy:offpeak, energy:peak, energy:shoulder) with no structured window covering that charge kind and band in this tariff-year; check source before use"
tou_definition_missing/9d6c0aefc9,tou_definition_missing,ausgrid,2023-24,ausgrid:EA310,ausgrid-2023-24-annual-scs-pricing-proposal-31mar2023/EA310,,ausgrid-2023-24-annual-scs-pricing-proposal-31mar2023,,,,"time-of-use components (energy:offpeak, energy:peak, energy:shoulder) with no structured window covering that charge kind and band in this tariff-year; check source before use"
tou_definition_missing/9da04a44bf,tou_definition_missing,essential,2023-24,essential:BLNT2AL,essential-2023-24-network-price-list-31mar2023/BLNT2AL,,essential-2023-24-network-price-list-31mar2023,,,,"time-of-use components (energy:offpeak, energy:peak, energy:shoulder) with no structured window covering that charge kind and band in this tariff-year; check source before use"
tou_definition_missing/9ddb6217b4,tou_definition_missing,ergon,2024-25,ergon:EBFRMT1,ergon-2024-25-network-price-list-28mar2024/EBFRMT1,,ergon-2024-25-network-price-list-28mar2024,,,,time-of-use components (energy:offpeak) with no structured window covering that charge kind and band in this tariff-year; check source before use
tou_definition_missing/9e5eb19cc9,tou_definition_missing,sapn,2023-24,sapn:LBAD322,sapn-2023-24-annual-pricing-proposal-revised-8may2023/LBAD322,,sapn-2023-24-annual-pricing-proposal-revised-8may2023,,,,"time-of-use components (demand:peak, energy:offpeak, energy:peak) with no structured window covering that charge kind and band in this tariff-year; check source before use"
tou_definition_missing/9e83dc4b1d,tou_definition_missing,sapn,2026-27,sapn:LBAD305,sapn-tariff-price-list-2026-27-id338674/LBAD305,,sapn-tariff-price-list-2026-27-id338674,,,,"time-of-use components (demand:peak, energy:offpeak, energy:peak) with no structured window covering that charge kind and band in this tariff-year; check source before use"
tou_definition_missing/9f4b2fba26,tou_definition_missing,ergon,2023-24,ergon:WRTDEMT2,ergon-2023-24-network-price-list-31mar2023/WRTDEMT2,,ergon-2023-24-network-price-list-31mar2023,,,,time-of-use components (demand:peak) with no structured window covering that charge kind and band in this tariff-year; check source before use
tou_definition_missing/9f50a52ebf,tou_definition_missing,sapn,2026-27,sapn:LBGCBD,sapn-tariff-price-list-2026-27-id338674/LBGCBD,,sapn-tariff-price-list-2026-27-id338674,,,,time-of-use components (demand:peak) with no structured window covering that charge kind and band in this tariff-year; check source before use
tou_definition_missing/9f6c9be7c4,tou_definition_missing,energex,2026-27,energex:92500,energex-network-price-list-2026-27-sch8-wayback/92500,,energex-network-price-list-2026-27-sch8-wayback,,,,"time-of-use components (demand:shoulder, energy:critical_peak, energy:peak, export:critical_peak) with no structured window covering that charge kind and band in this tariff-year; check source before use"
tou_definition_missing/9f82afc341,tou_definition_missing,ergon,2023-24,ergon:WC22LTOUT3,ergon-2023-24-network-price-list-31mar2023/WC22LTOUT3,,ergon-2023-24-network-price-list-31mar2023,,,,"time-of-use components (demand:offpeak, demand:peak, energy:offpeak, energy:peak) with no structured window covering that charge kind and band in this tariff-year; check source before use"
tou_definition_missing/a03d240236,tou_definition_missing,ergon,2023-24,ergon:ERTDEMT1,ergon-2023-24-network-price-list-31mar2023/ERTDEMT1,,ergon-2023-24-network-price-list-31mar2023,,,,time-of-use components (demand:peak) with no structured window covering that charge kind and band in this tariff-year; check source before use
tou_definition_missing/a0a00039df,tou_definition_missing,essential,2023-24,essential:BLND1AB,essential-2023-24-network-price-list-31mar2023/BLND1AB,,essential-2023-24-network-price-list-31mar2023,,,,"time-of-use components (demand:peak, energy:offpeak, energy:peak, energy:shoulder) with no structured window covering that charge kind and band in this tariff-year; check source before use"
tou_definition_missing/a0d4cdc7fe,tou_definition_missing,sapn,2024-25,sapn:ZSNGF,sapn-2024-25-annual-pricing-proposal-19apr2024/ZSNGF,,sapn-2024-25-annual-pricing-proposal-19apr2024,,,,time-of-use components (demand:peak) with no structured window covering that charge kind and band in this tariff-year; check source before use
tou_definition_missing/a0e4d2759a,tou_definition_missing,energex,2024-25,energex:4000,energex-2024-25-network-price-list-28mar2024/4000,,energex-2024-25-network-price-list-28mar2024,,,,"time-of-use components (energy:offpeak, energy:peak) with no structured window covering that charge kind and band in this tariff-year; check source before use"
tou_definition_missing/a1c1cd5e9b,tou_definition_missing,ergon,2024-25,ergon:TBAT1,ergon-2024-25-network-price-list-28mar2024/TBA T1/cac-dynamic-flex-storage,,ergon-2024-25-network-price-list-28mar2024,,,,"time-of-use components (demand:critical_peak, energy:offpeak, energy:peak, energy:shoulder, export:critical_peak) with no structured window covering that charge kind and band in this tariff-year; check source before use"
tou_definition_missing/a23566ba68,tou_definition_missing,ausnet,2024-25,ausnet:NSP56T,ausnet-annual-pricing-proposal-2024-25/NSP56T,,ausnet-annual-pricing-proposal-2024-25,,,,"time-of-use components (demand:critical_peak, energy:offpeak, energy:peak, energy:shoulder) with no structured window covering that charge kind and band in this tariff-year; check source before use"
tou_definition_missing/a25388bdeb,tou_definition_missing,energex,2026-27,energex:3800,energex-network-price-list-2026-27-sch8-wayback/3800,,energex-network-price-list-2026-27-sch8-wayback,,,,"time-of-use components (demand:peak, energy:offpeak, energy:peak, energy:shoulder) with no structured window covering that charge kind and band in this tariff-year; check source before use"
tou_definition_missing/a26d24611e,tou_definition_missing,sapn,2023-24,sapn:ZSNF,sapn-2023-24-annual-pricing-proposal-revised-8may2023/ZSNF,,sapn-2023-24-annual-pricing-proposal-revised-8may2023,,,,time-of-use components (demand:peak) with no structured window covering that charge kind and band in this tariff-year; check source before use
tou_definition_missing/a330a07001,tou_definition_missing,essential,2023-24,essential:BLND1AR,essential-2023-24-network-price-list-31mar2023/BLND1AR,,essential-2023-24-network-price-list-31mar2023,,,,"time-of-use components (demand:peak, energy:offpeak, energy:peak, energy:shoulder) with no structured window covering that charge kind and band in this tariff-year; check source before use"
tou_definition_missing/a3584083c9,tou_definition_missing,ergon,2023-24,ergon:WRTDEMT3,ergon-2023-24-network-price-list-31mar2023/WRTDEMT3,,ergon-2023-24-network-price-list-31mar2023,,,,time-of-use components (demand:peak) with no structured window covering that charge kind and band in this tariff-year; check source before use
tou_definition_missing/a3683812f6,tou_definition_missing,ergon,2023-24,ergon:WC66TOUT3,ergon-2023-24-network-price-list-31mar2023/WC66TOUT3,,ergon-2023-24-network-price-list-31mar2023,,,,"time-of-use components (demand:offpeak, demand:peak, energy:offpeak, energy:peak) with no structured window covering that charge kind and band in this tariff-year; check source before use"
tou_definition_missing/a36f4c97c3,tou_definition_missing,sapn,2024-25,sapn:STN557,sapn-2024-25-annual-pricing-proposal-19apr2024/STN557,,sapn-2024-25-annual-pricing-proposal-19apr2024,,,,time-of-use components (demand:peak) with no structured window covering that charge kind and band in this tariff-year; check source before use
tou_definition_missing/a3e9046006,tou_definition_missing,sapn,2025-26,sapn:STN788,sapn-2025-26-pricing-proposal-overview-14may2025/STN788,,sapn-2025-26-pricing-proposal-overview-14may2025,,,,time-of-use components (demand:peak) with no structured window covering that charge kind and band in this tariff-year; check source before use
tou_definition_missing/a3f19997cb,tou_definition_missing,ausgrid,2023-24,ausgrid:EA115,ausgrid-2023-24-annual-scs-pricing-proposal-31mar2023/EA115,,ausgrid-2023-24-annual-scs-pricing-proposal-31mar2023,,,,"time-of-use components (energy:offpeak, energy:peak, energy:shoulder) with no structured window covering that charge kind and band in this tariff-year; check source before use"
tou_definition_missing/a43c3f9678,tou_definition_missing,powercor,2026-27,powercor:EVPTOU,powercor-tariff-summary-2026-27-07may2026/EVPTOU,,powercor-tariff-summary-2026-27-07may2026,,,,"time-of-use components (energy:offpeak, energy:peak, energy:solar_soak, export:peak) with no structured window covering that charge kind and band in this tariff-year; check source before use"
tou_definition_missing/a4acfb126a,tou_definition_missing,ergon,2026-27,ergon:WBTOUET1,ergon-network-price-list-2026-27-sch8-wayback/WBTOUET1,,ergon-network-price-list-2026-27-sch8-wayback,,,,"time-of-use components (energy:offpeak, energy:peak, energy:shoulder) with no structured window covering that charge kind and band in this tariff-year; check source before use"
tou_definition_missing/a4dfd912c7,tou_definition_missing,sapn,2026-27,sapn:HVMDCBD,sapn-tariff-price-list-2026-27-id338674/HVMDCBD,,sapn-tariff-price-list-2026-27-id338674,,,,"time-of-use components (demand:peak, energy:offpeak, energy:peak) with no structured window covering that charge kind and band in this tariff-year; check source before use"
tou_definition_missing/a4e02ca9f1,tou_definition_missing,ergon,2023-24,ergon:TBAT1,ergon-2023-24-network-price-list-31mar2023/TBA T1/ae9273998f,,ergon-2023-24-network-price-list-31mar2023,,,,"time-of-use components (demand:offpeak, demand:peak, export:peak) with no structured window covering that charge kind and band in this tariff-year; check source before use"
tou_definition_missing/a58d7d360d,tou_definition_missing,ausgrid,2026-27,ausgrid:EA305,ausgrid-network-price-list-2026-27/EA305,,ausgrid-network-price-list-2026-27,,,,"time-of-use components (demand:peak, energy:offpeak, energy:peak) with no structured window covering that charge kind and band in this tariff-year; check source before use"
tou_definition_missing/a58ddec732,tou_definition_missing,ausgrid,2025-26,ausgrid:EA315,ausgrid-network-price-list-2025-26/EA315,,ausgrid-network-price-list-2025-26,,,,"time-of-use components (demand:peak, energy:offpeak, energy:peak) with no structured window covering that charge kind and band in this tariff-year; check source before use"
tou_definition_missing/a5d22989ed,tou_definition_missing,sapn,2026-27,sapn:STN084,sapn-tariff-price-list-2026-27-id338674/STN084,,sapn-tariff-price-list-2026-27-id338674,,,,time-of-use components (demand:peak) with no structured window covering that charge kind and band in this tariff-year; check source before use
tou_definition_missing/a608ebac24,tou_definition_missing,sapn,2024-25,sapn:ZSN228,sapn-2024-25-annual-pricing-proposal-19apr2024/ZSN228,,sapn-2024-25-annual-pricing-proposal-19apr2024,,,,time-of-use components (demand:peak) with no structured window covering that charge kind and band in this tariff-year; check source before use
tou_definition_missing/a6407a714f,tou_definition_missing,sapn,2026-27,sapn:LBAD342,sapn-tariff-price-list-2026-27-id338674/LBAD342,,sapn-tariff-price-list-2026-27-id338674,,,,"time-of-use components (demand:peak, energy:offpeak, energy:peak) with no structured window covering that charge kind and band in this tariff-year; check source before use"
tou_definition_missing/a6b321f3f1,tou_definition_missing,ausgrid,2026-27,ausgrid:EA390,ausgrid-network-price-list-2026-27/EA390,,ausgrid-network-price-list-2026-27,,,,"time-of-use components (demand:peak, energy:offpeak, energy:peak) with no structured window covering that charge kind and band in this tariff-year; check source before use"
tou_definition_missing/a6c138e547,tou_definition_missing,ausgrid,2024-25,ausgrid:EA374,ausgrid-network-price-list-2024-25-wayback20250806/EA374,,ausgrid-network-price-list-2024-25-wayback20250806,,,,"time-of-use components (energy:critical_peak, energy:offpeak) with no structured window covering that charge kind and band in this tariff-year; check source before use"
tou_definition_missing/a6f5d88679,tou_definition_missing,sapn,2026-27,sapn:MBTOUD,sapn-tariff-price-list-2026-27-id338674/MBTOUD,,sapn-tariff-price-list-2026-27-id338674,,,,"time-of-use components (energy:offpeak, energy:peak, energy:shoulder, export:solar_soak) with no structured window covering that charge kind and band in this tariff-year; check source before use"
tou_definition_missing/a702ae9f77,tou_definition_missing,ausgrid,2023-24,ausgrid:EA325,ausgrid-2023-24-annual-scs-pricing-proposal-31mar2023/EA325,,ausgrid-2023-24-annual-scs-pricing-proposal-31mar2023,,,,"time-of-use components (energy:offpeak, energy:peak, energy:shoulder) with no structured window covering that charge kind and band in this tariff-year; check source before use"
tou_definition_missing/a73b649cc8,tou_definition_missing,unitedenergy,2024-25,unitedenergy:URTOU,unitedenergy-2024-25-tariff-summary-28mar2024/URTOU,,unitedenergy-2024-25-tariff-summary-28mar2024,,,,"time-of-use components (energy:offpeak, energy:peak) with no structured window covering that charge kind and band in this tariff-year; check source before use"
tou_definition_missing/a78ee0a446,tou_definition_missing,sapn,2025-26,sapn:ZSS700,sapn-2025-26-pricing-proposal-overview-14may2025/ZSS700,,sapn-2025-26-pricing-proposal-overview-14may2025,,,,time-of-use components (demand:peak) with no structured window covering that charge kind and band in this tariff-year; check source before use
tou_definition_missing/a7a8d8791f,tou_definition_missing,unitedenergy,2024-25,unitedenergy:LVKVATOU1,unitedenergy-2024-25-tariff-summary-28mar2024/LVKVATOU 1,,unitedenergy-2024-25-tariff-summary-28mar2024,,,,"time-of-use components (demand:peak, energy:offpeak, energy:peak) with no structured window covering that charge kind and band in this tariff-year; check source before use"
tou_definition_missing/a7ffa79f04,tou_definition_missing,essential,2023-24,essential:BLNT3AL,essential-2023-24-network-price-list-31mar2023/BLNT3AL,,essential-2023-24-network-price-list-31mar2023,,,,"time-of-use components (energy:offpeak, energy:peak, energy:shoulder) with no structured window covering that charge kind and band in this tariff-year; check source before use"
tou_definition_missing/a82a857ae4,tou_definition_missing,sapn,2024-25,sapn:HVAD381,sapn-2024-25-annual-pricing-proposal-19apr2024/HVAD381,,sapn-2024-25-annual-pricing-proposal-19apr2024,,,,"time-of-use components (demand:peak, energy:offpeak, energy:peak) with no structured window covering that charge kind and band in this tariff-year; check source before use"
tou_definition_missing/a82fd32a15,tou_definition_missing,ausgrid,2025-26,ausgrid:EA375,ausgrid-network-price-list-2025-26/EA375,,ausgrid-network-price-list-2025-26,,,,time-of-use components (energy:critical_peak) with no structured window covering that charge kind and band in this tariff-year; check source before use
tou_definition_missing/a86db3485b,tou_definition_missing,sapn,2023-24,sapn:STN,sapn-2023-24-annual-pricing-proposal-revised-8may2023/STN,,sapn-2023-24-annual-pricing-proposal-revised-8may2023,,,,time-of-use components (demand:peak) with no structured window covering that charge kind and band in this tariff-year; check source before use
tou_definition_missing/a942840170,tou_definition_missing,ergon,2025-26,ergon:ESSPRCET1,ergon-network-price-list-2025-26-sch8-wayback/ESSPRCET1,,ergon-network-price-list-2025-26-sch8-wayback,,,,"time-of-use components (energy:critical_peak, export:critical_peak) with no structured window covering that charge kind and band in this tariff-year; check source before use"
tou_definition_missing/a9731a6b86,tou_definition_missing,ergon,2026-27,ergon:WBTDEMT1,ergon-network-price-list-2026-27-sch8-wayback/WBTDEMT1,,ergon-network-price-list-2026-27-sch8-wayback,,,,"time-of-use components (demand:peak, energy:offpeak, energy:peak, energy:shoulder) with no structured window covering that charge kind and band in this tariff-year; check source before use"
tou_definition_missing/a9833143bd,tou_definition_missing,sapn,2024-25,sapn:LBAD292,sapn-2024-25-annual-pricing-proposal-19apr2024/LBAD292,,sapn-2024-25-annual-pricing-proposal-19apr2024,,,,"time-of-use components (demand:peak, energy:offpeak, energy:peak) with no structured window covering that charge kind and band in this tariff-year; check source before use"
tou_definition_missing/a9933dcfe1,tou_definition_missing,sapn,2026-27,sapn:HVAD,sapn-tariff-price-list-2026-27-id338674/HVAD,,sapn-tariff-price-list-2026-27-id338674,,,,"time-of-use components (demand:peak, energy:offpeak, energy:peak) with no structured window covering that charge kind and band in this tariff-year; check source before use"
tou_definition_missing/a9ab706aec,tou_definition_missing,ausgrid,2023-24,ausgrid:EA111,ausgrid-2023-24-annual-scs-pricing-proposal-31mar2023/EA111,,ausgrid-2023-24-annual-scs-pricing-proposal-31mar2023,,,,"time-of-use components (energy:offpeak, energy:peak, energy:shoulder) with no structured window covering that charge kind and band in this tariff-year; check source before use"
tou_definition_missing/aa08d9e097,tou_definition_missing,ausgrid,2025-26,ausgrid:EA501,ausgrid-network-price-list-2025-26/EA501,,ausgrid-network-price-list-2025-26,,,,time-of-use components (demand:peak) with no structured window covering that charge kind and band in this tariff-year; check source before use
tou_definition_missing/aa89950e78,tou_definition_missing,sapn,2026-27,sapn:BSR,sapn-tariff-price-list-2026-27-id338674/BSR,,sapn-tariff-price-list-2026-27-id338674,,,,time-of-use components (export:solar_soak) with no structured window covering that charge kind and band in this tariff-year; check source before use
tou_definition_missing/aa8bb473de,tou_definition_missing,sapn,2026-27,sapn:LBADFCBD,sapn-tariff-price-list-2026-27-id338674/LBADFCBD,,sapn-tariff-price-list-2026-27-id338674,,,,"time-of-use components (demand:peak, energy:offpeak, energy:peak) with no structured window covering that charge kind and band in this tariff-year; check source before use"
tou_definition_missing/aa8bc4d80b,tou_definition_missing,sapn,2025-26,sapn:ZSSF,sapn-2025-26-pricing-proposal-overview-14may2025/ZSSF,,sapn-2025-26-pricing-proposal-overview-14may2025,,,,time-of-use components (demand:peak) with no structured window covering that charge kind and band in this tariff-year; check source before use
tou_definition_missing/aa989cabf6,tou_definition_missing,sapn,2023-24,sapn:HVAD381,sapn-2023-24-annual-pricing-proposal-revised-8may2023/HVAD381,,sapn-2023-24-annual-pricing-proposal-revised-8may2023,,,,"time-of-use components (demand:peak, energy:offpeak, energy:peak) with no structured window covering that charge kind and band in this tariff-year; check source before use"
tou_definition_missing/aaad11a8a8,tou_definition_missing,sapn,2026-27,sapn:LBG,sapn-tariff-price-list-2026-27-id338674/LBG,,sapn-tariff-price-list-2026-27-id338674,,,,time-of-use components (demand:peak) with no structured window covering that charge kind and band in this tariff-year; check source before use
tou_definition_missing/aabfcf989d,tou_definition_missing,ergon,2023-24,ergon:EBTDEMT3,ergon-2023-24-network-price-list-31mar2023/EBTDEMT3,,ergon-2023-24-network-price-list-31mar2023,,,,time-of-use components (demand:peak) with no structured window covering that charge kind and band in this tariff-year; check source before use
tou_definition_missing/ab5d2d9a77,tou_definition_missing,energex,2025-26,energex:3900,energex-network-price-list-2025-26-sch8-wayback/3900,,energex-network-price-list-2025-26-sch8-wayback,,,,"time-of-use components (demand:peak, energy:offpeak, energy:peak, energy:shoulder) with no structured window covering that charge kind and band in this tariff-year; check source before use"
tou_definition_missing/ab87845973,tou_definition_missing,sapn,2023-24,sapn:ZSS850,sapn-2023-24-annual-pricing-proposal-revised-8may2023/ZSS850,,sapn-2023-24-annual-pricing-proposal-revised-8may2023,,,,time-of-use components (demand:peak) with no structured window covering that charge kind and band in this tariff-year; check source before use
tou_definition_missing/ac73f2f3ab,tou_definition_missing,tasnetworks,2026-27,tasnetworks:TASSDM,tasnetworks-network-pricing-schedule-2026-27/TASSDM,,tasnetworks-network-pricing-schedule-2026-27,,,,"time-of-use components (energy:offpeak, energy:peak, energy:shoulder) with no structured window covering that charge kind and band in this tariff-year; check source before use"
tou_definition_missing/ad123efa1f,tou_definition_missing,energex,2024-25,energex:92100,energex-network-price-list-2024-25-sch8-wayback/92100,,energex-network-price-list-2024-25-sch8-wayback,,,,"time-of-use components (demand:critical_peak, energy:offpeak, energy:peak, energy:shoulder, export:critical_peak) with no structured window covering that charge kind and band in this tariff-year; check source before use"
tou_definition_missing/ad863efa6a,tou_definition_missing,powercor,2023-24,powercor:HVT2,powercor-2023-24-tariff-summary-31mar2023/HVT2,,powercor-2023-24-tariff-summary-31mar2023,,,,"time-of-use components (energy:offpeak, energy:peak) with no structured window covering that charge kind and band in this tariff-year; check source before use"
tou_definition_missing/ada5bd9151,tou_definition_missing,energex,2023-24,energex:3900,energex-2023-24-network-price-list-27apr2023/3900,,energex-2023-24-network-price-list-27apr2023,,,,time-of-use components (demand:peak) with no structured window covering that charge kind and band in this tariff-year; check source before use
tou_definition_missing/adaa92cb5d,tou_definition_missing,essential,2023-24,essential:BHND1CO,essential-2023-24-network-price-list-31mar2023/BHND1CO,,essential-2023-24-network-price-list-31mar2023,,,,"time-of-use components (energy:offpeak, energy:peak, energy:shoulder) with no structured window covering that charge kind and band in this tariff-year; check source before use"
tou_definition_missing/ae13b65680,tou_definition_missing,sapn,2026-27,sapn:RSR,sapn-tariff-price-list-2026-27-id338674/RSR,,sapn-tariff-price-list-2026-27-id338674,,,,time-of-use components (export:solar_soak) with no structured window covering that charge kind and band in this tariff-year; check source before use
tou_definition_missing/ae2e63af9f,tou_definition_missing,evoenergy,2026-27,evoenergy:108,evoenergy-schedule-of-charges-2026-27-aer-approved-april2026/108/lv-stand-alone-small-battery-network-residential-area,,evoenergy-schedule-of-charges-2026-27-aer-approved-april2026,,,,time-of-use components (export:critical_peak) with no structured window covering that charge kind and band in this tariff-year; check source before use
tou_definition_missing/ae4b2da650,tou_definition_missing,sapn,2026-27,sapn:STN984,sapn-tariff-price-list-2026-27-id338674/STN984,,sapn-tariff-price-list-2026-27-id338674,,,,time-of-use components (demand:peak) with no structured window covering that charge kind and band in this tariff-year; check source before use
tou_definition_missing/ae51f55471,tou_definition_missing,ausnet,2024-25,ausnet:NSP77T,ausnet-annual-pricing-proposal-2024-25/NSP77T,,ausnet-annual-pricing-proposal-2024-25,,,,"time-of-use components (demand:critical_peak, energy:offpeak, energy:peak, energy:shoulder) with no structured window covering that charge kind and band in this tariff-year; check source before use"
tou_definition_missing/ae5bcb0ed2,tou_definition_missing,ausgrid,2026-27,ausgrid:EA310,ausgrid-network-price-list-2026-27/EA310,,ausgrid-network-price-list-2026-27,,,,"time-of-use components (demand:peak, energy:offpeak, energy:peak) with no structured window covering that charge kind and band in this tariff-year; check source before use"
tou_definition_missing/aea7b5966c,tou_definition_missing,ausgrid,2026-27,ausgrid:EA956,ausgrid-network-price-list-2026-27/EA956,,ausgrid-network-price-list-2026-27,,,,"time-of-use components (energy:offpeak, energy:peak) with no structured window covering that charge kind and band in this tariff-year; check source before use"
tou_definition_missing/aef89db0ec,tou_definition_missing,evoenergy,2026-27,evoenergy:123,evoenergy-schedule-of-charges-2026-27-aer-approved-april2026/123,,evoenergy-schedule-of-charges-2026-27-aer-approved-april2026,,,,time-of-use components (export:critical_peak) with no structured window covering that charge kind and band in this tariff-year; check source before use
tou_definition_missing/af8e53dcf7,tou_definition_missing,ergon,2023-24,ergon:EC22BTOUT2,ergon-2023-24-network-price-list-31mar2023/EC22BTOUT2,,ergon-2023-24-network-price-list-31mar2023,,,,"time-of-use components (demand:offpeak, demand:peak, energy:offpeak, energy:peak) with no structured window covering that charge kind and band in this tariff-year; check source before use"
tou_definition_missing/afb3a19080,tou_definition_missing,unitedenergy,2026-27,unitedenergy:URCER,ue-tariff-summary-2026-27-07may2026/URCER,,ue-tariff-summary-2026-27-07may2026,,,,"time-of-use components (export:peak, export:solar_soak) with no structured window covering that charge kind and band in this tariff-year; check source before use"
tou_definition_missing/afe53d3447,tou_definition_missing,ausnet,2024-25,ausnet:UESS01T,ausnet-annual-pricing-proposal-2024-25/UESS01T,,ausnet-annual-pricing-proposal-2024-25,,,,"time-of-use components (demand:offpeak, demand:peak, demand:solar_soak, export:offpeak, export:peak, export:solar_soak) with no structured window covering that charge kind and band in this tariff-year; check source before use"
tou_definition_missing/b015061336,tou_definition_missing,ergon,2025-26,ergon:WLFLEXT1,ergon-network-price-list-2025-26-sch8-wayback/WLFLEXT1,,ergon-network-price-list-2025-26-sch8-wayback,,,,time-of-use components (energy:peak) with no structured window covering that charge kind and band in this tariff-year; check source before use
tou_definition_missing/b09ea4b33d,tou_definition_missing,ergon,2024-25,ergon:WRDEMT3,ergon-2024-25-network-price-list-28mar2024/WRDEMT3,,ergon-2024-25-network-price-list-28mar2024,,,,time-of-use components (demand:peak) with no structured window covering that charge kind and band in this tariff-year; check source before use
tou_definition_missing/b0aade46b8,tou_definition_missing,ergon,2025-26,ergon:ELFLEXT1,ergon-network-price-list-2025-26-sch8-wayback/ELFLEXT1,,ergon-network-price-list-2025-26-sch8-wayback,,,,time-of-use components (energy:peak) with no structured window covering that charge kind and band in this tariff-year; check source before use
tou_definition_missing/b12202fd74,tou_definition_missing,ergon,2025-26,ergon:MBTDEMT4,ergon-network-price-list-2025-26-sch8-wayback/MBTDEMT4,,ergon-network-price-list-2025-26-sch8-wayback,,,,"time-of-use components (demand:peak, energy:offpeak, energy:peak, energy:shoulder) with no structured window covering that charge kind and band in this tariff-year; check source before use"
tou_definition_missing/b16546a63c,tou_definition_missing,sapn,2024-25,sapn:STR123,sapn-2024-25-annual-pricing-proposal-19apr2024/STR123,,sapn-2024-25-annual-pricing-proposal-19apr2024,,,,time-of-use components (demand:peak) with no structured window covering that charge kind and band in this tariff-year; check source before use
tou_definition_missing/b16e1349b7,tou_definition_missing,ausgrid,2024-25,ausgrid:EA251,ausgrid-network-price-list-2024-25-wayback20250806/EA251,,ausgrid-network-price-list-2024-25-wayback20250806,,,,"time-of-use components (energy:offpeak, energy:peak) with no structured window covering that charge kind and band in this tariff-year; check source before use"
tou_definition_missing/b1d039ee12,tou_definition_missing,ausgrid,2025-26,ausgrid:EA025,ausgrid-network-price-list-2025-26/EA025,,ausgrid-network-price-list-2025-26,,,,"time-of-use components (energy:offpeak, energy:peak) with no structured window covering that charge kind and band in this tariff-year; check source before use"
tou_definition_missing/b27892c594,tou_definition_missing,energex,2023-24,energex:3600,energex-2023-24-network-price-list-27apr2023/3600,,energex-2023-24-network-price-list-27apr2023,,,,time-of-use components (demand:peak) with no structured window covering that charge kind and band in this tariff-year; check source before use
tou_definition_missing/b288793f67,tou_definition_missing,sapn,2025-26,sapn:HVAD381,sapn-2025-26-pricing-proposal-overview-14may2025/HVAD381,,sapn-2025-26-pricing-proposal-overview-14may2025,,,,"time-of-use components (demand:peak, energy:offpeak, energy:peak) with no structured window covering that charge kind and band in this tariff-year; check source before use"
tou_definition_missing/b28dac6265,tou_definition_missing,tasnetworks,2025-26,tasnetworks:TAS89,tasnetworks-network-tariff-pricing-schedule-scs-2025-26/TAS89,,tasnetworks-network-tariff-pricing-schedule-scs-2025-26,,,,"time-of-use components (demand:offpeak, demand:peak) with no structured window covering that charge kind and band in this tariff-year; check source before use"
tou_definition_missing/b2c24d4cc7,tou_definition_missing,tasnetworks,2024-25,tasnetworks:TAS87,tasnetworks-network-tariff-pricing-schedule-scs-2024-25/TAS87,,tasnetworks-network-tariff-pricing-schedule-scs-2024-25,,,,"time-of-use components (demand:offpeak, demand:peak) with no structured window covering that charge kind and band in this tariff-year; check source before use"
tou_definition_missing/b321de2c4c,tou_definition_missing,sapn,2024-25,sapn:HVAD265,sapn-2024-25-annual-pricing-proposal-19apr2024/HVAD265,,sapn-2024-25-annual-pricing-proposal-19apr2024,,,,"time-of-use components (demand:peak, energy:offpeak, energy:peak) with no structured window covering that charge kind and band in this tariff-year; check source before use"
tou_definition_missing/b34b73edc5,tou_definition_missing,sapn,2026-27,sapn:RESELE,sapn-tariff-price-list-2026-27-id338674/RESELE,,sapn-tariff-price-list-2026-27-id338674,,,,"time-of-use components (energy:offpeak, energy:peak, energy:shoulder, energy:solar_soak, export:peak, export:solar_soak) with no structured window covering that charge kind and band in this tariff-year; check source before use"
tou_definition_missing/b35fd9be2b,tou_definition_missing,ausgrid,2023-24,ausgrid:EA116,ausgrid-2023-24-annual-scs-pricing-proposal-31mar2023/EA116,,ausgrid-2023-24-annual-scs-pricing-proposal-31mar2023,,,,"time-of-use components (energy:offpeak, energy:peak, energy:shoulder) with no structured window covering that charge kind and band in this tariff-year; check source before use"
tou_definition_missing/b4ced8a10b,tou_definition_missing,tasnetworks,2026-27,tasnetworks:TAS84T4,tasnetworks-network-pricing-schedule-2026-27/TAS84T4,,tasnetworks-network-pricing-schedule-2026-27,,,,time-of-use components (demand:peak) with no structured window covering that charge kind and band in this tariff-year; check source before use
tou_definition_missing/b4da3eff99,tou_definition_missing,ausgrid,2024-25,ausgrid:EA116,ausgrid-network-price-list-2024-25-wayback20250806/EA116,,ausgrid-network-price-list-2024-25-wayback20250806,,,,"time-of-use components (energy:offpeak, energy:peak) with no structured window covering that charge kind and band in this tariff-year; check source before use"
tou_definition_missing/b5080ae843,tou_definition_missing,sapn,2026-27,sapn:ZSS550,sapn-tariff-price-list-2026-27-id338674/ZSS550,,sapn-tariff-price-list-2026-27-id338674,,,,time-of-use components (demand:peak) with no structured window covering that charge kind and band in this tariff-year; check source before use
tou_definition_missing/b599614349,tou_definition_missing,sapn,2024-25,sapn:STN018,sapn-2024-25-annual-pricing-proposal-19apr2024/STN018,,sapn-2024-25-annual-pricing-proposal-19apr2024,,,,time-of-use components (demand:peak) with no structured window covering that charge kind and band in this tariff-year; check source before use
tou_definition_missing/b5a6618bdb,tou_definition_missing,ergon,2026-27,ergon:ECHBTOUDT1,ergon-network-price-list-2026-27-sch8-wayback/ECHBTOUDT1,,ergon-network-price-list-2026-27-sch8-wayback,,,,"time-of-use components (demand:peak, demand:shoulder) with no structured window covering that charge kind and band in this tariff-year; check source before use"
tou_definition_missing/b61d31eead,tou_definition_missing,sapn,2024-25,sapn:LBAD422,sapn-2024-25-annual-pricing-proposal-19apr2024/LBAD422,,sapn-2024-25-annual-pricing-proposal-19apr2024,,,,"time-of-use components (demand:peak, energy:offpeak, energy:peak) with no structured window covering that charge kind and band in this tariff-year; check source before use"
tou_definition_missing/b62c874881,tou_definition_missing,ausgrid,2024-25,ausgrid:EA111,ausgrid-network-price-list-2024-25-wayback20250806/EA111,,ausgrid-network-price-list-2024-25-wayback20250806,,,,"time-of-use components (energy:offpeak, energy:peak) with no structured window covering that charge kind and band in this tariff-year; check source before use"
tou_definition_missing/b6b7c86af1,tou_definition_missing,ausnet,2024-25,ausnet:NSP76T,ausnet-annual-pricing-proposal-2024-25/NSP76T,,ausnet-annual-pricing-proposal-2024-25,,,,"time-of-use components (demand:critical_peak, energy:offpeak, energy:peak, energy:shoulder) with no structured window covering that charge kind and band in this tariff-year; check source before use"
tou_definition_missing/b6ca1f0b22,tou_definition_missing,sapn,2023-24,sapn:STNF,sapn-2023-24-annual-pricing-proposal-revised-8may2023/STNF,,sapn-2023-24-annual-pricing-proposal-revised-8may2023,,,,time-of-use components (demand:peak) with no structured window covering that charge kind and band in this tariff-year; check source before use
tou_definition_missing/b78faff1b0,tou_definition_missing,sapn,2024-25,sapn:ZSS376,sapn-2024-25-annual-pricing-proposal-19apr2024/ZSS376,,sapn-2024-25-annual-pricing-proposal-19apr2024,,,,time-of-use components (demand:peak) with no structured window covering that charge kind and band in this tariff-year; check source before use
tou_definition_missing/b7c494407f,tou_definition_missing,tasnetworks,2026-27,tasnetworks:TAS75,tasnetworks-network-pricing-schedule-2026-27/TAS75,,tasnetworks-network-pricing-schedule-2026-27,,,,"time-of-use components (energy:offpeak, energy:peak, energy:shoulder) with no structured window covering that charge kind and band in this tariff-year; check source before use"
tou_definition_missing/b7ca287a79,tou_definition_missing,ergon,2025-26,ergon:ELTOUET1,ergon-network-price-list-2025-26-sch8-wayback/ELTOUET1,,ergon-network-price-list-2025-26-sch8-wayback,,,,"time-of-use components (energy:offpeak, energy:peak, energy:shoulder) with no structured window covering that charge kind and band in this tariff-year; check source before use"
tou_definition_missing/b81eecbeff,tou_definition_missing,ergon,2024-25,ergon:WLTOUDT1,ergon-2024-25-network-price-list-28mar2024/WLTOUDT1,,ergon-2024-25-network-price-list-28mar2024,,,,time-of-use components (demand:peak) with no structured window covering that charge kind and band in this tariff-year; check source before use
tou_definition_missing/b84943d876,tou_definition_missing,ergon,2025-26,ergon:ECFLEXT1,ergon-network-price-list-2025-26-sch8-wayback/ECFLEXT1,,ergon-network-price-list-2025-26-sch8-wayback,,,,time-of-use components (energy:peak) with no structured window covering that charge kind and band in this tariff-year; check source before use
tou_definition_missing/b859e35b87,tou_definition_missing,powercor,2025-26,powercor:DD1,powercor-tariff-summary-2025-26-31mar2025-wayback/DD1,,powercor-tariff-summary-2025-26-31mar2025-wayback,,,,time-of-use components (energy:offpeak) with no structured window covering that charge kind and band in this tariff-year; check source before use
tou_definition_missing/b8c78d716a,tou_definition_missing,sapn,2026-27,sapn:ZSN608,sapn-tariff-price-list-2026-27-id338674/ZSN608,,sapn-tariff-price-list-2026-27-id338674,,,,time-of-use components (demand:peak) with no structured window covering that charge kind and band in this tariff-year; check source before use
tou_definition_missing/b8d069856b,tou_definition_missing,ergon,2024-25,ergon:MBDEMT4,ergon-2024-25-network-price-list-28mar2024/MBDEMT4,,ergon-2024-25-network-price-list-28mar2024,,,,time-of-use components (demand:peak) with no structured window covering that charge kind and band in this tariff-year; check source before use
tou_definition_missing/b92971eeaf,tou_definition_missing,ausgrid,2023-24,ausgrid:EA251,ausgrid-2023-24-annual-scs-pricing-proposal-31mar2023/EA251,,ausgrid-2023-24-annual-scs-pricing-proposal-31mar2023,,,,"time-of-use components (energy:offpeak, energy:peak, energy:shoulder) with no structured window covering that charge kind and band in this tariff-year; check source before use"
tou_definition_missing/b97bdd4083,tou_definition_missing,sapn,2023-24,sapn:HVAD265,sapn-2023-24-annual-pricing-proposal-revised-8may2023/HVAD265,,sapn-2023-24-annual-pricing-proposal-revised-8may2023,,,,"time-of-use components (demand:peak, energy:offpeak, energy:peak) with no structured window covering that charge kind and band in this tariff-year; check source before use"
tou_definition_missing/b9927a8608,tou_definition_missing,ergon,2024-25,ergon:TBAT3,ergon-2024-25-network-price-list-28mar2024/TBA T3/cac-dynamic-flex-storage,,ergon-2024-25-network-price-list-28mar2024,,,,"time-of-use components (demand:critical_peak, energy:offpeak, energy:peak, energy:shoulder, export:critical_peak) with no structured window covering that charge kind and band in this tariff-year; check source before use"
tou_definition_missing/b9bb0acdcf,tou_definition_missing,ergon,2024-25,ergon:WRTDEMT2,ergon-2024-25-network-price-list-28mar2024/WRTDEMT2,,ergon-2024-25-network-price-list-28mar2024,,,,time-of-use components (demand:peak) with no structured window covering that charge kind and band in this tariff-year; check source before use
tou_definition_missing/ba222a5fd0,tou_definition_missing,energex,2025-26,energex:7400,energex-network-price-list-2025-26-sch8-wayback/7400,,energex-network-price-list-2025-26-sch8-wayback,,,,time-of-use components (demand:peak) with no structured window covering that charge kind and band in this tariff-year; check source before use
tou_definition_missing/ba2348344f,tou_definition_missing,sapn,2023-24,sapn:STR148,sapn-2023-24-annual-pricing-proposal-revised-8may2023/STR148,,sapn-2023-24-annual-pricing-proposal-revised-8may2023,,,,time-of-use components (demand:peak) with no structured window covering that charge kind and band in this tariff-year; check source before use
tou_definition_missing/babc792aea,tou_definition_missing,ergon,2025-26,ergon:ELTOUDT1,ergon-network-price-list-2025-26-sch8-wayback/ELTOUDT1,,ergon-network-price-list-2025-26-sch8-wayback,,,,"time-of-use components (demand:peak, demand:shoulder, energy:offpeak, energy:peak, energy:shoulder) with no structured window covering that charge kind and band in this tariff-year; check source before use"
tou_definition_missing/badaebef22,tou_definition_missing,jemena,2023-24,jemena:A180,jemena-2023-24-network-tariff-schedule-31mar2023/A180,,jemena-2023-24-network-tariff-schedule-31mar2023,,,,time-of-use components (energy:offpeak) with no structured window covering that charge kind and band in this tariff-year; check source before use
tou_definition_missing/bb1e0cfce4,tou_definition_missing,ergon,2026-27,ergon:WLTOUDT1,ergon-network-price-list-2026-27-sch8-wayback/WLTOUDT1,,ergon-network-price-list-2026-27-sch8-wayback,,,,"time-of-use components (demand:peak, demand:shoulder, energy:offpeak, energy:peak, energy:shoulder) with no structured window covering that charge kind and band in this tariff-year; check source before use"
tou_definition_missing/bb4ff878d6,tou_definition_missing,ergon,2024-25,ergon:EBDEMT3,ergon-2024-25-network-price-list-28mar2024/EBDEMT3,,ergon-2024-25-network-price-list-28mar2024,,,,time-of-use components (demand:peak) with no structured window covering that charge kind and band in this tariff-year; check source before use
tou_definition_missing/bb840128ac,tou_definition_missing,ausgrid,2026-27,ausgrid:EA370,ausgrid-network-price-list-2026-27/EA370,,ausgrid-network-price-list-2026-27,,,,"time-of-use components (demand:peak, energy:offpeak, energy:peak) with no structured window covering that charge kind and band in this tariff-year; check source before use"
tou_definition_missing/bb861efa1f,tou_definition_missing,ausgrid,2023-24,ausgrid:EA360,ausgrid-2023-24-annual-scs-pricing-proposal-31mar2023/EA360,,ausgrid-2023-24-annual-scs-pricing-proposal-31mar2023,,,,"time-of-use components (energy:offpeak, energy:peak, energy:shoulder) with no structured window covering that charge kind and band in this tariff-year; check source before use"
tou_definition_missing/bbd5241f8b,tou_definition_missing,energex,2024-25,energex:3000,energex-2024-25-network-price-list-28mar2024/3000,,energex-2024-25-network-price-list-28mar2024,,,,"time-of-use components (energy:offpeak, energy:peak) with no structured window covering that charge kind and band in this tariff-year; check source before use"
tou_definition_missing/bbe01fd94d,tou_definition_missing,powercor,2023-24,powercor:HV1,powercor-2023-24-tariff-summary-31mar2023/HV1,,powercor-2023-24-tariff-summary-31mar2023,,,,"time-of-use components (energy:offpeak, energy:peak) with no structured window covering that charge kind and band in this tariff-year; check source before use"
tou_definition_missing/bc1dc4340f,tou_definition_missing,tasnetworks,2025-26,tasnetworks:TAS84T3,tasnetworks-network-tariff-pricing-schedule-scs-2025-26/TAS84T3,,tasnetworks-network-tariff-pricing-schedule-scs-2025-26,,,,time-of-use components (demand:peak) with no structured window covering that charge kind and band in this tariff-year; check source before use
tou_definition_missing/bc4feae4f3,tou_definition_missing,ergon,2024-25,ergon:ELFLEXT1,ergon-network-price-list-2024-25-sch8-wayback/ELFLEXT1,,ergon-network-price-list-2024-25-sch8-wayback,,,,"time-of-use components (energy:offpeak, energy:peak, energy:shoulder, export:critical_peak) with no structured window covering that charge kind and band in this tariff-year; check source before use"
tou_definition_missing/bc7fd9644d,tou_definition_missing,sapn,2026-27,sapn:STR749,sapn-tariff-price-list-2026-27-id338674/STR749,,sapn-tariff-price-list-2026-27-id338674,,,,time-of-use components (demand:peak) with no structured window covering that charge kind and band in this tariff-year; check source before use
tou_definition_missing/bc94e35823,tou_definition_missing,ergon,2025-26,ergon:MRTDEMT4,ergon-network-price-list-2025-26-sch8-wayback/MRTDEMT4,,ergon-network-price-list-2025-26-sch8-wayback,,,,"time-of-use components (demand:peak, energy:offpeak, energy:peak, energy:shoulder) with no structured window covering that charge kind and band in this tariff-year; check source before use"
tou_definition_missing/bd46cc7303,tou_definition_missing,powercor,2025-26,powercor:GT,powercor-tariff-summary-2025-26-31mar2025-wayback/GT,,powercor-tariff-summary-2025-26-31mar2025-wayback,,,,"time-of-use components (energy:offpeak, energy:peak) with no structured window covering that charge kind and band in this tariff-year; check source before use"
tou_definition_missing/bde82b97f7,tou_definition_missing,tasnetworks,2024-25,tasnetworks:TAS94,tasnetworks-network-tariff-pricing-schedule-scs-2024-25/TAS94,,tasnetworks-network-tariff-pricing-schedule-scs-2024-25,,,,"time-of-use components (energy:offpeak, energy:peak, energy:shoulder) with no structured window covering that charge kind and band in this tariff-year; check source before use"
tou_definition_missing/be4e17bba8,tou_definition_missing,ergon,2023-24,ergon:WRDEMT3,ergon-2023-24-network-price-list-31mar2023/WRDEMT3,,ergon-2023-24-network-price-list-31mar2023,,,,time-of-use components (demand:peak) with no structured window covering that charge kind and band in this tariff-year; check source before use
tou_definition_missing/be58991b96,tou_definition_missing,sapn,2024-25,sapn:ZSS035,sapn-2024-25-annual-pricing-proposal-19apr2024/ZSS035,,sapn-2024-25-annual-pricing-proposal-19apr2024,,,,time-of-use components (demand:peak) with no structured window covering that charge kind and band in this tariff-year; check source before use
tou_definition_missing/bf2912595b,tou_definition_missing,sapn,2024-25,sapn:STN162,sapn-2024-25-annual-pricing-proposal-19apr2024/STN162,,sapn-2024-25-annual-pricing-proposal-19apr2024,,,,time-of-use components (demand:peak) with no structured window covering that charge kind and band in this tariff-year; check source before use
tou_definition_missing/bf763107c5,tou_definition_missing,unitedenergy,2024-25,unitedenergy:UNMET,unitedenergy-2024-25-tariff-summary-28mar2024/UnMet,,unitedenergy-2024-25-tariff-summary-28mar2024,,,,"time-of-use components (energy:offpeak, energy:peak) with no structured window covering that charge kind and band in this tariff-year; check source before use"
tou_definition_missing/bffc64f936,tou_definition_missing,ergon,2026-27,ergon:WCHBTOUDT1,ergon-network-price-list-2026-27-sch8-wayback/WCHBTOUDT1,,ergon-network-price-list-2026-27-sch8-wayback,,,,"time-of-use components (demand:peak, demand:shoulder) with no structured window covering that charge kind and band in this tariff-year; check source before use"
tou_definition_missing/c045d5cfd7,tou_definition_missing,sapn,2025-26,sapn:ZSS376,sapn-2025-26-pricing-proposal-overview-14may2025/ZSS376,,sapn-2025-26-pricing-proposal-overview-14may2025,,,,time-of-use components (demand:peak) with no structured window covering that charge kind and band in this tariff-year; check source before use
tou_definition_missing/c04db56f7e,tou_definition_missing,sapn,2023-24,sapn:ZSS025,sapn-2023-24-annual-pricing-proposal-revised-8may2023/ZSS025,,sapn-2023-24-annual-pricing-proposal-revised-8may2023,,,,time-of-use components (demand:peak) with no structured window covering that charge kind and band in this tariff-year; check source before use
tou_definition_missing/c08f8a2f7a,tou_definition_missing,sapn,2023-24,sapn:ZSS330,sapn-2023-24-annual-pricing-proposal-revised-8may2023/ZSS330,,sapn-2023-24-annual-pricing-proposal-revised-8may2023,,,,time-of-use components (demand:peak) with no structured window covering that charge kind and band in this tariff-year; check source before use
tou_definition_missing/c122bda591,tou_definition_missing,ausgrid,2025-26,ausgrid:EA955,ausgrid-network-price-list-2025-26/EA955,,ausgrid-network-price-list-2025-26,,,,"time-of-use components (energy:offpeak, energy:peak) with no structured window covering that charge kind and band in this tariff-year; check source before use"
tou_definition_missing/c137a371e5,tou_definition_missing,ergon,2024-25,ergon:MRDEMT4,ergon-2024-25-network-price-list-28mar2024/MRDEMT4,,ergon-2024-25-network-price-list-28mar2024,,,,time-of-use components (demand:peak) with no structured window covering that charge kind and band in this tariff-year; check source before use
tou_definition_missing/c173f3f352,tou_definition_missing,ausgrid,2025-26,ausgrid:EA116,ausgrid-network-price-list-2025-26/EA116,,ausgrid-network-price-list-2025-26,,,,"time-of-use components (energy:offpeak, energy:peak) with no structured window covering that charge kind and band in this tariff-year; check source before use"
tou_definition_missing/c1ae97337a,tou_definition_missing,essential,2023-24,essential:BLNDTRS,essential-2023-24-network-price-list-31mar2023/BLNDTRS,,essential-2023-24-network-price-list-31mar2023,,,,"time-of-use components (demand:offpeak, demand:peak, demand:shoulder, energy:offpeak, energy:peak, energy:shoulder) with no structured window covering that charge kind and band in this tariff-year; check source before use"
tou_definition_missing/c1bc362ad9,tou_definition_missing,evoenergy,2025-26,evoenergy:070,evoenergy-schedule-of-charges-2025-26-incl-lfit-may2025/070,,evoenergy-schedule-of-charges-2025-26-incl-lfit-may2025,,,,time-of-use components (energy:offpeak) with no structured window covering that charge kind and band in this tariff-year; check source before use
tou_definition_missing/c1f0ee3ce9,tou_definition_missing,sapn,2025-26,sapn:STR749,sapn-2025-26-pricing-proposal-overview-14may2025/STR749,,sapn-2025-26-pricing-proposal-overview-14may2025,,,,time-of-use components (demand:peak) with no structured window covering that charge kind and band in this tariff-year; check source before use
tou_definition_missing/c1f48a963c,tou_definition_missing,sapn,2025-26,sapn:ZSS025,sapn-2025-26-pricing-proposal-overview-14may2025/ZSS025,,sapn-2025-26-pricing-proposal-overview-14may2025,,,,time-of-use components (demand:peak) with no structured window covering that charge kind and band in this tariff-year; check source before use
tou_definition_missing/c2146711cf,tou_definition_missing,sapn,2024-25,sapn:ZSS025,sapn-2024-25-annual-pricing-proposal-19apr2024/ZSS025,,sapn-2024-25-annual-pricing-proposal-19apr2024,,,,time-of-use components (demand:peak) with no structured window covering that charge kind and band in this tariff-year; check source before use
tou_definition_missing/c273ad0c9e,tou_definition_missing,ergon,2024-25,ergon:WC22BTOUT3,ergon-2024-25-network-price-list-28mar2024/WC22BTOUT3,,ergon-2024-25-network-price-list-28mar2024,,,,"time-of-use components (demand:offpeak, demand:peak, energy:offpeak, energy:peak) with no structured window covering that charge kind and band in this tariff-year; check source before use"
tou_definition_missing/c28b16c4e0,tou_definition_missing,sapn,2023-24,sapn:ZSS296,sapn-2023-24-annual-pricing-proposal-revised-8may2023/ZSS296,,sapn-2023-24-annual-pricing-proposal-revised-8may2023,,,,time-of-use components (demand:peak) with no structured window covering that charge kind and band in this tariff-year; check source before use
tou_definition_missing/c2ddd10923,tou_definition_missing,ausgrid,2023-24,ausgrid:EA051,ausgrid-2023-24-annual-scs-pricing-proposal-31mar2023/EA051,,ausgrid-2023-24-annual-scs-pricing-proposal-31mar2023,,,,"time-of-use components (energy:offpeak, energy:peak, energy:shoulder) with no structured window covering that charge kind and band in this tariff-year; check source before use"
tou_definition_missing/c3424ef5bd,tou_definition_missing,ergon,2023-24,ergon:EBFRMT3,ergon-2023-24-network-price-list-31mar2023/EBFRMT3,,ergon-2023-24-network-price-list-31mar2023,,,,time-of-use components (energy:offpeak) with no structured window covering that charge kind and band in this tariff-year; check source before use
tou_definition_missing/c35d35e98d,tou_definition_missing,ergon,2025-26,ergon:WRTDEMT1,ergon-network-price-list-2025-26-sch8-wayback/WRTDEMT1,,ergon-network-price-list-2025-26-sch8-wayback,,,,"time-of-use components (demand:peak, energy:offpeak, energy:peak, energy:shoulder) with no structured window covering that charge kind and band in this tariff-year; check source before use"
tou_definition_missing/c3af4b2b17,tou_definition_missing,sapn,2023-24,sapn:STN378,sapn-2023-24-annual-pricing-proposal-revised-8may2023/STN378,,sapn-2023-24-annual-pricing-proposal-revised-8may2023,,,,time-of-use components (demand:peak) with no structured window covering that charge kind and band in this tariff-year; check source before use
tou_definition_missing/c3b925d45a,tou_definition_missing,ergon,2026-27,ergon:WSLVDBT1,ergon-network-price-list-2026-27-sch8-wayback/WSLVDBT1,,ergon-network-price-list-2026-27-sch8-wayback,,,,"time-of-use components (demand:shoulder, energy:critical_peak, energy:peak, export:critical_peak) with no structured window covering that charge kind and band in this tariff-year; check source before use"
tou_definition_missing/c3d1236e67,tou_definition_missing,sapn,2023-24,sapn:ZSS104,sapn-2023-24-annual-pricing-proposal-revised-8may2023/ZSS104,,sapn-2023-24-annual-pricing-proposal-revised-8may2023,,,,time-of-use components (demand:peak) with no structured window covering that charge kind and band in this tariff-year; check source before use
tou_definition_missing/c4911e6a11,tou_definition_missing,sapn,2026-27,sapn:LBAD422,sapn-tariff-price-list-2026-27-id338674/LBAD422,,sapn-tariff-price-list-2026-27-id338674,,,,"time-of-use components (demand:peak, energy:offpeak, energy:peak) with no structured window covering that charge kind and band in this tariff-year; check source before use"
tou_definition_missing/c4c9d48ba6,tou_definition_missing,tasnetworks,2026-27,tasnetworks:TAS84T1,tasnetworks-network-pricing-schedule-2026-27/TAS84T1,,tasnetworks-network-pricing-schedule-2026-27,,,,time-of-use components (demand:peak) with no structured window covering that charge kind and band in this tariff-year; check source before use
tou_definition_missing/c54a7f6d7d,tou_definition_missing,essential,2023-24,essential:BLND1SR,essential-2023-24-network-price-list-31mar2023/BLND1SR,,essential-2023-24-network-price-list-31mar2023,,,,"time-of-use components (energy:offpeak, energy:peak, energy:shoulder) with no structured window covering that charge kind and band in this tariff-year; check source before use"
tou_definition_missing/c56be06ed3,tou_definition_missing,ausnet,2024-25,ausnet:NSSL01T,ausnet-annual-pricing-proposal-2024-25/NSSL01T,,ausnet-annual-pricing-proposal-2024-25,,,,"time-of-use components (energy:offpeak, energy:peak, energy:solar_soak, export:offpeak, export:peak, export:solar_soak) with no structured window covering that charge kind and band in this tariff-year; check source before use"
tou_definition_missing/c5b32a1ea2,tou_definition_missing,sapn,2023-24,sapn:STR749,sapn-2023-24-annual-pricing-proposal-revised-8may2023/STR749,,sapn-2023-24-annual-pricing-proposal-revised-8may2023,,,,time-of-use components (demand:peak) with no structured window covering that charge kind and band in this tariff-year; check source before use
tou_definition_missing/c5db971a9d,tou_definition_missing,essential,2023-24,essential:BLNT3AU,essential-2023-24-network-price-list-31mar2023/BLNT3AU,,essential-2023-24-network-price-list-31mar2023,,,,"time-of-use components (energy:offpeak, energy:peak, energy:shoulder) with no structured window covering that charge kind and band in this tariff-year; check source before use"
tou_definition_missing/c7624141c4,tou_definition_missing,sapn,2026-27,sapn:LBADCBD,sapn-tariff-price-list-2026-27-id338674/LBADCBD,,sapn-tariff-price-list-2026-27-id338674,,,,"time-of-use components (demand:peak, energy:offpeak, energy:peak) with no structured window covering that charge kind and band in this tariff-year; check source before use"
tou_definition_missing/c76fcf0adb,tou_definition_missing,sapn,2025-26,sapn:ZSN608,sapn-2025-26-pricing-proposal-overview-14may2025/ZSN608,,sapn-2025-26-pricing-proposal-overview-14may2025,,,,time-of-use components (demand:peak) with no structured window covering that charge kind and band in this tariff-year; check source before use
tou_definition_missing/c79e3f6159,tou_definition_missing,sapn,2024-25,sapn:LBAD517,sapn-2024-25-annual-pricing-proposal-19apr2024/LBAD517,,sapn-2024-25-annual-pricing-proposal-19apr2024,,,,"time-of-use components (demand:peak, energy:offpeak, energy:peak) with no structured window covering that charge kind and band in this tariff-year; check source before use"
tou_definition_missing/c7c76b5339,tou_definition_missing,ergon,2025-26,ergon:ERTOUET1,ergon-network-price-list-2025-26-sch8-wayback/ERTOUET1,,ergon-network-price-list-2025-26-sch8-wayback,,,,"time-of-use components (energy:offpeak, energy:peak, energy:shoulder) with no structured window covering that charge kind and band in this tariff-year; check source before use"
tou_definition_missing/c7eb9d2230,tou_definition_missing,tasnetworks,2024-25,tasnetworks:TAS84T2,tasnetworks-network-tariff-pricing-schedule-scs-2024-25/TAS84T2,,tasnetworks-network-tariff-pricing-schedule-scs-2024-25,,,,time-of-use components (demand:peak) with no structured window covering that charge kind and band in this tariff-year; check source before use
tou_definition_missing/c7fc1185d1,tou_definition_missing,sapn,2024-25,sapn:LBAD711,sapn-2024-25-annual-pricing-proposal-19apr2024/LBAD711,,sapn-2024-25-annual-pricing-proposal-19apr2024,,,,"time-of-use components (demand:peak, energy:offpeak, energy:peak) with no structured window covering that charge kind and band in this tariff-year; check source before use"
tou_definition_missing/c81a22cc7c,tou_definition_missing,ergon,2025-26,ergon:ECHLTOUDT1,ergon-network-price-list-2025-26-sch8-wayback/ECHLTOUDT1,,ergon-network-price-list-2025-26-sch8-wayback,,,,"time-of-use components (demand:peak, demand:shoulder) with no structured window covering that charge kind and band in this tariff-year; check source before use"
tou_definition_missing/c8c5b8bcd8,tou_definition_missing,sapn,2026-27,sapn:STRG,sapn-tariff-price-list-2026-27-id338674/STRG,,sapn-tariff-price-list-2026-27-id338674,,,,time-of-use components (demand:peak) with no structured window covering that charge kind and band in this tariff-year; check source before use
tou_definition_missing/c941e33190,tou_definition_missing,sapn,2023-24,sapn:LBAD292,sapn-2023-24-annual-pricing-proposal-revised-8may2023/LBAD292,,sapn-2023-24-annual-pricing-proposal-revised-8may2023,,,,"time-of-use components (demand:peak, energy:offpeak, energy:peak) with no structured window covering that charge kind and band in this tariff-year; check source before use"
tou_definition_missing/c9a36c2920,tou_definition_missing,ausgrid,2024-25,ausgrid:EA956,ausgrid-network-price-list-2024-25-wayback20250806/EA956,,ausgrid-network-price-list-2024-25-wayback20250806,,,,"time-of-use components (energy:offpeak, energy:peak) with no structured window covering that charge kind and band in this tariff-year; check source before use"
tou_definition_missing/c9b3fcb7dc,tou_definition_missing,ausnet,2023-24,ausnet:NSP76T,ausnet-annual-pricing-proposal-2023-24/NSP76T,,ausnet-annual-pricing-proposal-2023-24,,,,"time-of-use components (demand:critical_peak, energy:offpeak, energy:peak, energy:shoulder) with no structured window covering that charge kind and band in this tariff-year; check source before use"
tou_definition_missing/ca1307cc7f,tou_definition_missing,unitedenergy,2023-24,unitedenergy:LVDED,unitedenergy-2023-24-tariff-summary-31mar2023/LVDED,,unitedenergy-2023-24-tariff-summary-31mar2023,,,,time-of-use components (energy:offpeak) with no structured window covering that charge kind and band in this tariff-year; check source before use
tou_definition_missing/cb20930b17,tou_definition_missing,sapn,2023-24,sapn:STN609,sapn-2023-24-annual-pricing-proposal-revised-8may2023/STN609,,sapn-2023-24-annual-pricing-proposal-revised-8may2023,,,,time-of-use components (demand:peak) with no structured window covering that charge kind and band in this tariff-year; check source before use
tou_definition_missing/cb5f689738,tou_definition_missing,sapn,2023-24,sapn:ZSS272,sapn-2023-24-annual-pricing-proposal-revised-8may2023/ZSS272,,sapn-2023-24-annual-pricing-proposal-revised-8may2023,,,,time-of-use components (demand:peak) with no structured window covering that charge kind and band in this tariff-year; check source before use
tou_definition_missing/cb7fae4ef6,tou_definition_missing,ausnet,2024-25,ausnet:NSP78T,ausnet-annual-pricing-proposal-2024-25/NSP78T,,ausnet-annual-pricing-proposal-2024-25,,,,"time-of-use components (demand:critical_peak, energy:offpeak, energy:peak, energy:shoulder) with no structured window covering that charge kind and band in this tariff-year; check source before use"
tou_definition_missing/cb8881bfb9,tou_definition_missing,sapn,2026-27,sapn:LBMD979,sapn-tariff-price-list-2026-27-id338674/LBMD979,,sapn-tariff-price-list-2026-27-id338674,,,,"time-of-use components (demand:peak, energy:offpeak, energy:peak) with no structured window covering that charge kind and band in this tariff-year; check source before use"
tou_definition_missing/cc6e608bd2,tou_definition_missing,ausgrid,2023-24,ausgrid:EA380,ausgrid-2023-24-annual-scs-pricing-proposal-31mar2023/EA380,,ausgrid-2023-24-annual-scs-pricing-proposal-31mar2023,,,,"time-of-use components (energy:offpeak, energy:peak, energy:shoulder) with no structured window covering that charge kind and band in this tariff-year; check source before use"
tou_definition_missing/cc7cbd426a,tou_definition_missing,energex,2024-25,energex:94000,energex-network-price-list-2024-25-sch8-wayback/94000,,energex-network-price-list-2024-25-sch8-wayback,,,,"time-of-use components (energy:offpeak, energy:peak, energy:shoulder, export:critical_peak) with no structured window covering that charge kind and band in this tariff-year; check source before use"
tou_definition_missing/ccd1c8324b,tou_definition_missing,sapn,2026-27,sapn:STN609,sapn-tariff-price-list-2026-27-id338674/STN609,,sapn-tariff-price-list-2026-27-id338674,,,,time-of-use components (demand:peak) with no structured window covering that charge kind and band in this tariff-year; check source before use
tou_definition_missing/cd145a29c7,tou_definition_missing,sapn,2025-26,sapn:ZSS951,sapn-2025-26-pricing-proposal-overview-14may2025/ZSS951,,sapn-2025-26-pricing-proposal-overview-14may2025,,,,time-of-use components (demand:peak) with no structured window covering that charge kind and band in this tariff-year; check source before use
tou_definition_missing/cd35e27fb8,tou_definition_missing,ergon,2025-26,ergon:WCHBTOUDT1,ergon-network-price-list-2025-26-sch8-wayback/WCHBTOUDT1,,ergon-network-price-list-2025-26-sch8-wayback,,,,"time-of-use components (demand:peak, demand:shoulder) with no structured window covering that charge kind and band in this tariff-year; check source before use"
tou_definition_missing/cecd06f314,tou_definition_missing,ergon,2023-24,ergon:WBDEMT2,ergon-2023-24-network-price-list-31mar2023/WBDEMT2,,ergon-2023-24-network-price-list-31mar2023,,,,time-of-use components (demand:peak) with no structured window covering that charge kind and band in this tariff-year; check source before use
tou_definition_missing/cf6382fafb,tou_definition_missing,evoenergy,2026-27,evoenergy:060,evoenergy-schedule-of-charges-2026-27-aer-approved-april2026/060,,evoenergy-schedule-of-charges-2026-27-aer-approved-april2026,,,,time-of-use components (energy:offpeak) with no structured window covering that charge kind and band in this tariff-year; check source before use
tou_definition_missing/cf6673580a,tou_definition_missing,evoenergy,2025-26,evoenergy:109,evoenergy-schedule-of-charges-2025-26-incl-lfit-may2025/109,,evoenergy-schedule-of-charges-2025-26-incl-lfit-may2025,,,,time-of-use components (export:critical_peak) with no structured window covering that charge kind and band in this tariff-year; check source before use
tou_definition_missing/cf975b5187,tou_definition_missing,sapn,2025-26,sapn:ZSS296,sapn-2025-26-pricing-proposal-overview-14may2025/ZSS296,,sapn-2025-26-pricing-proposal-overview-14may2025,,,,time-of-use components (demand:peak) with no structured window covering that charge kind and band in this tariff-year; check source before use
tou_definition_missing/d05e236d1a,tou_definition_missing,sapn,2026-27,sapn:HVBGFCBD,sapn-tariff-price-list-2026-27-id338674/HVBGFCBD,,sapn-tariff-price-list-2026-27-id338674,,,,time-of-use components (demand:peak) with no structured window covering that charge kind and band in this tariff-year; check source before use
tou_definition_missing/d1291361a4,tou_definition_missing,sapn,2024-25,sapn:HVAD078,sapn-2024-25-annual-pricing-proposal-19apr2024/HVAD078,,sapn-2024-25-annual-pricing-proposal-19apr2024,,,,"time-of-use components (demand:peak, energy:offpeak, energy:peak) with no structured window covering that charge kind and band in this tariff-year; check source before use"
tou_definition_missing/d13198cc38,tou_definition_missing,sapn,2023-24,sapn:LBMD979,sapn-2023-24-annual-pricing-proposal-revised-8may2023/LBMD979,,sapn-2023-24-annual-pricing-proposal-revised-8may2023,,,,"time-of-use components (demand:peak, energy:offpeak, energy:peak) with no structured window covering that charge kind and band in this tariff-year; check source before use"
tou_definition_missing/d1970ccc53,tou_definition_missing,sapn,2024-25,sapn:ZSN021,sapn-2024-25-annual-pricing-proposal-19apr2024/ZSN021,,sapn-2024-25-annual-pricing-proposal-19apr2024,,,,time-of-use components (demand:peak) with no structured window covering that charge kind and band in this tariff-year; check source before use
tou_definition_missing/d1edcd9bc2,tou_definition_missing,ergon,2023-24,ergon:WLTOUDT1,ergon-2023-24-network-price-list-31mar2023/WLTOUDT1,,ergon-2023-24-network-price-list-31mar2023,,,,time-of-use components (demand:peak) with no structured window covering that charge kind and band in this tariff-year; check source before use
tou_definition_missing/d208b1f871,tou_definition_missing,sapn,2024-25,sapn:STN788,sapn-2024-25-annual-pricing-proposal-19apr2024/STN788,,sapn-2024-25-annual-pricing-proposal-19apr2024,,,,time-of-use components (demand:peak) with no structured window covering that charge kind and band in this tariff-year; check source before use
tou_definition_missing/d249d6c33a,tou_definition_missing,ausgrid,2024-25,ausgrid:EA025,ausgrid-network-price-list-2024-25-wayback20250806/EA025,,ausgrid-network-price-list-2024-25-wayback20250806,,,,"time-of-use components (energy:offpeak, energy:peak) with no structured window covering that charge kind and band in this tariff-year; check source before use"
tou_definition_missing/d264f64c46,tou_definition_missing,ergon,2024-25,ergon:EC22BTOUT1,ergon-2024-25-network-price-list-28mar2024/EC22BTOUT1,,ergon-2024-25-network-price-list-28mar2024,,,,"time-of-use components (demand:offpeak, demand:peak, energy:offpeak, energy:peak) with no structured window covering that charge kind and band in this tariff-year; check source before use"
tou_definition_missing/d292ccbeaa,tou_definition_missing,ergon,2025-26,ergon:ERTDEMT1,ergon-network-price-list-2025-26-sch8-wayback/ERTDEMT1,,ergon-network-price-list-2025-26-sch8-wayback,,,,"time-of-use components (demand:peak, energy:offpeak, energy:peak, energy:shoulder) with no structured window covering that charge kind and band in this tariff-year; check source before use"
tou_definition_missing/d29d52c87e,tou_definition_missing,sapn,2026-27,sapn:LBGFCBD,sapn-tariff-price-list-2026-27-id338674/LBGFCBD,,sapn-tariff-price-list-2026-27-id338674,,,,time-of-use components (demand:peak) with no structured window covering that charge kind and band in this tariff-year; check source before use
tou_definition_missing/d2af118dd4,tou_definition_missing,ausgrid,2026-27,ausgrid:EA314,ausgrid-network-price-list-2026-27/EA314,,ausgrid-network-price-list-2026-27,,,,"time-of-use components (demand:peak, energy:offpeak, energy:peak) with no structured window covering that charge kind and band in this tariff-year; check source before use"
tou_definition_missing/d2e44fe763,tou_definition_missing,ergon,2023-24,ergon:ERDEMT1,ergon-2023-24-network-price-list-31mar2023/ERDEMT1,,ergon-2023-24-network-price-list-31mar2023,,,,time-of-use components (demand:peak) with no structured window covering that charge kind and band in this tariff-year; check source before use
tou_definition_missing/d33b3e304f,tou_definition_missing,energex,2025-26,energex:92400,energex-network-price-list-2025-26-sch8-wayback/92400,,energex-network-price-list-2025-26-sch8-wayback,,,,"time-of-use components (demand:peak, demand:shoulder) with no structured window covering that charge kind and band in this tariff-year; check source before use"
tou_definition_missing/d395f8dba7,tou_definition_missing,ergon,2024-25,ergon:WRDEMT1,ergon-2024-25-network-price-list-28mar2024/WRDEMT1,,ergon-2024-25-network-price-list-28mar2024,,,,time-of-use components (demand:peak) with no structured window covering that charge kind and band in this tariff-year; check source before use
tou_definition_missing/d3bbc88f3d,tou_definition_missing,ergon,2023-24,ergon:ERTDEMT3,ergon-2023-24-network-price-list-31mar2023/ERTDEMT3,,ergon-2023-24-network-price-list-31mar2023,,,,time-of-use components (demand:peak) with no structured window covering that charge kind and band in this tariff-year; check source before use
tou_definition_missing/d410826139,tou_definition_missing,powercor,2024-25,powercor:GT,powercor-pricing-proposal-2024-25-28mar2024-wayback/GT,,powercor-pricing-proposal-2024-25-28mar2024-wayback,,,,"time-of-use components (energy:offpeak, energy:peak) with no structured window covering that charge kind and band in this tariff-year; check source before use"
tou_definition_missing/d45d4b90ee,tou_definition_missing,tasnetworks,2026-27,tasnetworks:TAS88,tasnetworks-network-pricing-schedule-2026-27/TAS88,,tasnetworks-network-pricing-schedule-2026-27,,,,"time-of-use components (demand:offpeak, demand:peak) with no structured window covering that charge kind and band in this tariff-year; check source before use"
tou_definition_missing/d4807f6bf2,tou_definition_missing,ausgrid,2023-24,ausgrid:EA370,ausgrid-2023-24-annual-scs-pricing-proposal-31mar2023/EA370,,ausgrid-2023-24-annual-scs-pricing-proposal-31mar2023,,,,"time-of-use components (energy:offpeak, energy:peak, energy:shoulder) with no structured window covering that charge kind and band in this tariff-year; check source before use"
tou_definition_missing/d4a6c05cb4,tou_definition_missing,sapn,2024-25,sapn:ZSS408,sapn-2024-25-annual-pricing-proposal-19apr2024/ZSS408,,sapn-2024-25-annual-pricing-proposal-19apr2024,,,,time-of-use components (demand:peak) with no structured window covering that charge kind and band in this tariff-year; check source before use
tou_definition_missing/d555e83d6f,tou_definition_missing,essential,2023-24,essential:BLNT1SU,essential-2023-24-network-price-list-31mar2023/BLNT1SU/business-tariffs,,essential-2023-24-network-price-list-31mar2023,,,,"time-of-use components (energy:offpeak, energy:peak, energy:shoulder) with no structured window covering that charge kind and band in this tariff-year; check source before use"
tou_definition_missing/d5d3f7db8f,tou_definition_missing,tasnetworks,2026-27,tasnetworks:TAS14T1,tasnetworks-network-pricing-schedule-2026-27/TAS14T1,,tasnetworks-network-pricing-schedule-2026-27,,,,time-of-use components (demand:peak) with no structured window covering that charge kind and band in this tariff-year; check source before use
tou_definition_missing/d5d776c39d,tou_definition_missing,sapn,2025-26,sapn:ZSN024,sapn-2025-26-pricing-proposal-overview-14may2025/ZSN024,,sapn-2025-26-pricing-proposal-overview-14may2025,,,,time-of-use components (demand:peak) with no structured window covering that charge kind and band in this tariff-year; check source before use
tou_definition_missing/d5f71ca0ba,tou_definition_missing,sapn,2023-24,sapn:ZSN024,sapn-2023-24-annual-pricing-proposal-revised-8may2023/ZSN024,,sapn-2023-24-annual-pricing-proposal-revised-8may2023,,,,time-of-use components (demand:peak) with no structured window covering that charge kind and band in this tariff-year; check source before use
tou_definition_missing/d65372334d,tou_definition_missing,ergon,2024-25,ergon:ECPRCET1,ergon-network-price-list-2024-25-sch8-wayback/ECPRCET1,,ergon-network-price-list-2024-25-sch8-wayback,,,,"time-of-use components (demand:critical_peak, energy:offpeak, energy:peak, energy:shoulder, export:critical_peak) with no structured window covering that charge kind and band in this tariff-year; check source before use"
tou_definition_missing/d6c2e526b5,tou_definition_missing,energex,2025-26,energex:6800,energex-network-price-list-2025-26-sch8-wayback/6800,,energex-network-price-list-2025-26-sch8-wayback,,,,"time-of-use components (energy:offpeak, energy:peak, energy:shoulder) with no structured window covering that charge kind and band in this tariff-year; check source before use"
tou_definition_missing/d6e57b8c53,tou_definition_missing,sapn,2023-24,sapn:LBAD422,sapn-2023-24-annual-pricing-proposal-revised-8may2023/LBAD422,,sapn-2023-24-annual-pricing-proposal-revised-8may2023,,,,"time-of-use components (demand:peak, energy:offpeak, energy:peak) with no structured window covering that charge kind and band in this tariff-year; check source before use"
tou_definition_missing/d74ebdc8ae,tou_definition_missing,ergon,2024-25,ergon:WBDEMT3,ergon-2024-25-network-price-list-28mar2024/WBDEMT3,,ergon-2024-25-network-price-list-28mar2024,,,,time-of-use components (demand:peak) with no structured window covering that charge kind and band in this tariff-year; check source before use
tou_definition_missing/d75922403f,tou_definition_missing,sapn,2023-24,sapn:STR610,sapn-2023-24-annual-pricing-proposal-revised-8may2023/STR610,,sapn-2023-24-annual-pricing-proposal-revised-8may2023,,,,time-of-use components (demand:peak) with no structured window covering that charge kind and band in this tariff-year; check source before use
tou_definition_missing/d76e990468,tou_definition_missing,sapn,2026-27,sapn:STN528,sapn-tariff-price-list-2026-27-id338674/STN528,,sapn-tariff-price-list-2026-27-id338674,,,,time-of-use components (demand:peak) with no structured window covering that charge kind and band in this tariff-year; check source before use
tou_definition_missing/d8376c3c13,tou_definition_missing,ergon,2025-26,ergon:ECPRCET1,ergon-network-price-list-2025-26-sch8-wayback/ECPRCET1,,ergon-network-price-list-2025-26-sch8-wayback,,,,"time-of-use components (demand:critical_peak, energy:peak, export:critical_peak) with no structured window covering that charge kind and band in this tariff-year; check source before use"
tou_definition_missing/d8c36cce86,tou_definition_missing,sapn,2026-27,sapn:ZSN438,sapn-tariff-price-list-2026-27-id338674/ZSN438,,sapn-tariff-price-list-2026-27-id338674,,,,time-of-use components (demand:peak) with no structured window covering that charge kind and band in this tariff-year; check source before use
tou_definition_missing/d8deaf4d30,tou_definition_missing,energex,2025-26,energex:6900,energex-network-price-list-2025-26-sch8-wayback/6900,,energex-network-price-list-2025-26-sch8-wayback,,,,"time-of-use components (energy:offpeak, energy:peak, energy:shoulder) with no structured window covering that charge kind and band in this tariff-year; check source before use"
tou_definition_missing/d91f969f28,tou_definition_missing,ausgrid,2023-24,ausgrid:EA225,ausgrid-2023-24-annual-scs-pricing-proposal-31mar2023/EA225,,ausgrid-2023-24-annual-scs-pricing-proposal-31mar2023,,,,"time-of-use components (energy:offpeak, energy:peak, energy:shoulder) with no structured window covering that charge kind and band in this tariff-year; check source before use"
tou_definition_missing/d92e42a838,tou_definition_missing,ergon,2024-25,ergon:EC22LTOUT1,ergon-2024-25-network-price-list-28mar2024/EC22LTOUT1,,ergon-2024-25-network-price-list-28mar2024,,,,"time-of-use components (demand:offpeak, demand:peak, energy:offpeak, energy:peak) with no structured window covering that charge kind and band in this tariff-year; check source before use"
tou_definition_missing/d95504549b,tou_definition_missing,ergon,2026-27,ergon:ECHVDBT1,ergon-network-price-list-2026-27-sch8-wayback/ECHVDBT1,,ergon-network-price-list-2026-27-sch8-wayback,,,,"time-of-use components (demand:shoulder, energy:critical_peak, energy:peak, export:critical_peak) with no structured window covering that charge kind and band in this tariff-year; check source before use"
tou_definition_missing/d964991226,tou_definition_missing,sapn,2025-26,sapn:SBELENE,sapn-2025-26-pricing-proposal-overview-14may2025/SBELENE,,sapn-2025-26-pricing-proposal-overview-14may2025,,,,time-of-use components (energy:solar_soak) with no structured window covering that charge kind and band in this tariff-year; check source before use
tou_definition_missing/d98fd5980e,tou_definition_missing,citipower,2023-24,citipower:CDS,citipower-2023-24-tariff-summary-31mar2023/CDS,,citipower-2023-24-tariff-summary-31mar2023,,,,time-of-use components (energy:offpeak) with no structured window covering that charge kind and band in this tariff-year; check source before use
tou_definition_missing/da9649635c,tou_definition_missing,essential,2023-24,essential:BLNP3AO,essential-2023-24-network-price-list-31mar2023/BLNP3AO,,essential-2023-24-network-price-list-31mar2023,,,,"time-of-use components (energy:offpeak, energy:peak, energy:shoulder) with no structured window covering that charge kind and band in this tariff-year; check source before use"
tou_definition_missing/daf86160f5,tou_definition_missing,sapn,2025-26,sapn:ZSS500,sapn-2025-26-pricing-proposal-overview-14may2025/ZSS500,,sapn-2025-26-pricing-proposal-overview-14may2025,,,,time-of-use components (demand:peak) with no structured window covering that charge kind and band in this tariff-year; check source before use
tou_definition_missing/db6079dffb,tou_definition_missing,energex,2026-27,energex:92000,energex-network-price-list-2026-27-sch8-wayback/92000,,energex-network-price-list-2026-27-sch8-wayback,,,,time-of-use components (energy:peak) with no structured window covering that charge kind and band in this tariff-year; check source before use
tou_definition_missing/db7c6a4db9,tou_definition_missing,sapn,2024-25,sapn:STN378,sapn-2024-25-annual-pricing-proposal-19apr2024/STN378,,sapn-2024-25-annual-pricing-proposal-19apr2024,,,,time-of-use components (demand:peak) with no structured window covering that charge kind and band in this tariff-year; check source before use
tou_definition_missing/db80521b26,tou_definition_missing,sapn,2026-27,sapn:STR610,sapn-tariff-price-list-2026-27-id338674/STR610,,sapn-tariff-price-list-2026-27-id338674,,,,time-of-use components (demand:peak) with no structured window covering that charge kind and band in this tariff-year; check source before use
tou_definition_missing/dc37d95feb,tou_definition_missing,ergon,2024-25,ergon:WC22LTOUT1,ergon-2024-25-network-price-list-28mar2024/WC22LTOUT1,,ergon-2024-25-network-price-list-28mar2024,,,,"time-of-use components (demand:offpeak, demand:peak, energy:offpeak, energy:peak) with no structured window covering that charge kind and band in this tariff-year; check source before use"
tou_definition_missing/dc40054e06,tou_definition_missing,essential,2023-24,essential:BLND1CO,essential-2023-24-network-price-list-31mar2023/BLND1CO,,essential-2023-24-network-price-list-31mar2023,,,,"time-of-use components (energy:offpeak, energy:peak, energy:shoulder) with no structured window covering that charge kind and band in this tariff-year; check source before use"
tou_definition_missing/dc7869d37a,tou_definition_missing,ausgrid,2024-25,ausgrid:EA501,ausgrid-network-price-list-2024-25-wayback20250806/EA501,,ausgrid-network-price-list-2024-25-wayback20250806,,,,time-of-use components (demand:peak) with no structured window covering that charge kind and band in this tariff-year; check source before use
tou_definition_missing/dc911d7d7f,tou_definition_missing,ergon,2023-24,ergon:WC22LTOUT2,ergon-2023-24-network-price-list-31mar2023/WC22LTOUT2,,ergon-2023-24-network-price-list-31mar2023,,,,"time-of-use components (demand:offpeak, demand:peak, energy:offpeak, energy:peak) with no structured window covering that charge kind and band in this tariff-year; check source before use"
tou_definition_missing/dccd4a3fa9,tou_definition_missing,sapn,2024-25,sapn:STNF,sapn-2024-25-annual-pricing-proposal-19apr2024/STNF,,sapn-2024-25-annual-pricing-proposal-19apr2024,,,,time-of-use components (demand:peak) with no structured window covering that charge kind and band in this tariff-year; check source before use
tou_definition_missing/dcf4e75148,tou_definition_missing,ausgrid,2025-26,ausgrid:EA256,ausgrid-network-price-list-2025-26/EA256,,ausgrid-network-price-list-2025-26,,,,"time-of-use components (energy:offpeak, energy:peak) with no structured window covering that charge kind and band in this tariff-year; check source before use"
tou_definition_missing/dd66097b2b,tou_definition_missing,ergon,2025-26,ergon:EC66TOUDT1,ergon-network-price-list-2025-26-sch8-wayback/EC66TOUDT1,,ergon-network-price-list-2025-26-sch8-wayback,,,,"time-of-use components (demand:peak, demand:shoulder) with no structured window covering that charge kind and band in this tariff-year; check source before use"
tou_definition_missing/dd68ce4d26,tou_definition_missing,sapn,2024-25,sapn:STR404,sapn-2024-25-annual-pricing-proposal-19apr2024/STR404,,sapn-2024-25-annual-pricing-proposal-19apr2024,,,,time-of-use components (demand:peak) with no structured window covering that charge kind and band in this tariff-year; check source before use
tou_definition_missing/ddea5f783c,tou_definition_missing,ergon,2024-25,ergon:WC22BTOUT1,ergon-2024-25-network-price-list-28mar2024/WC22BTOUT1,,ergon-2024-25-network-price-list-28mar2024,,,,"time-of-use components (demand:offpeak, demand:peak, energy:offpeak, energy:peak) with no structured window covering that charge kind and band in this tariff-year; check source before use"
tou_definition_missing/df023f3a8d,tou_definition_missing,unitedenergy,2023-24,unitedenergy:GT,unitedenergy-2023-24-tariff-summary-31mar2023/GT,,unitedenergy-2023-24-tariff-summary-31mar2023,,,,"time-of-use components (energy:offpeak, energy:peak) with no structured window covering that charge kind and band in this tariff-year; check source before use"
tou_definition_missing/df4c724fa3,tou_definition_missing,ergon,2025-26,ergon:WC66TOUDT1,ergon-network-price-list-2025-26-sch8-wayback/WC66TOUDT1,,ergon-network-price-list-2025-26-sch8-wayback,,,,"time-of-use components (demand:peak, demand:shoulder) with no structured window covering that charge kind and band in this tariff-year; check source before use"
tou_definition_missing/df854954a0,tou_definition_missing,sapn,2023-24,sapn:STNGF,sapn-2023-24-annual-pricing-proposal-revised-8may2023/STNGF,,sapn-2023-24-annual-pricing-proposal-revised-8may2023,,,,time-of-use components (demand:peak) with no structured window covering that charge kind and band in this tariff-year; check source before use
tou_definition_missing/dfad035aab,tou_definition_missing,ergon,2023-24,ergon:WBTDEMT1,ergon-2023-24-network-price-list-31mar2023/WBTDEMT1,,ergon-2023-24-network-price-list-31mar2023,,,,time-of-use components (demand:peak) with no structured window covering that charge kind and band in this tariff-year; check source before use
tou_definition_missing/e0814498f1,tou_definition_missing,ergon,2023-24,ergon:EBIRRT3,ergon-2023-24-network-price-list-31mar2023/EBIRRT3,,ergon-2023-24-network-price-list-31mar2023,,,,time-of-use components (energy:offpeak) with no structured window covering that charge kind and band in this tariff-year; check source before use
tou_definition_missing/e09e2c9837,tou_definition_missing,sapn,2026-27,sapn:HVBGF,sapn-tariff-price-list-2026-27-id338674/HVBGF,,sapn-tariff-price-list-2026-27-id338674,,,,time-of-use components (demand:peak) with no structured window covering that charge kind and band in this tariff-year; check source before use
tou_definition_missing/e0b6ba72a2,tou_definition_missing,citipower,2026-27,citipower:CGTOU,citipower-tariff-summary-2026-27-07may2026/CGTOU,,citipower-tariff-summary-2026-27-07may2026,,,,"time-of-use components (energy:offpeak, energy:peak) with no structured window covering that charge kind and band in this tariff-year; check source before use"
tou_definition_missing/e124c55695,tou_definition_missing,sapn,2023-24,sapn:STR483,sapn-2023-24-annual-pricing-proposal-revised-8may2023/STR483,,sapn-2023-24-annual-pricing-proposal-revised-8may2023,,,,time-of-use components (demand:peak) with no structured window covering that charge kind and band in this tariff-year; check source before use
tou_definition_missing/e1faf402b4,tou_definition_missing,energex,2023-24,energex:7200,energex-2023-24-network-price-list-27apr2023/7200,,energex-2023-24-network-price-list-27apr2023,,,,time-of-use components (demand:peak) with no structured window covering that charge kind and band in this tariff-year; check source before use
tou_definition_missing/e2b930a72d,tou_definition_missing,powercor,2026-27,powercor:PRCER,powercor-tariff-summary-2026-27-07may2026/PRCER,,powercor-tariff-summary-2026-27-07may2026,,,,"time-of-use components (export:peak, export:solar_soak) with no structured window covering that charge kind and band in this tariff-year; check source before use"
tou_definition_missing/e3b4685903,tou_definition_missing,evoenergy,2023-24,evoenergy:109,evoenergy-2023-24-electricity-network-pricing-proposal-5may2023/109,,evoenergy-2023-24-electricity-network-pricing-proposal-5may2023,,,,"time-of-use components (demand:peak, export:critical_peak) with no structured window covering that charge kind and band in this tariff-year; check source before use"
tou_definition_missing/e4712763de,tou_definition_missing,sapn,2024-25,sapn:ZSNF,sapn-2024-25-annual-pricing-proposal-19apr2024/ZSNF,,sapn-2024-25-annual-pricing-proposal-19apr2024,,,,time-of-use components (demand:peak) with no structured window covering that charge kind and band in this tariff-year; check source before use
tou_definition_missing/e4c24f9b8d,tou_definition_missing,sapn,2026-27,sapn:RTOU,sapn-tariff-price-list-2026-27-id338674/RTOU,,sapn-tariff-price-list-2026-27-id338674,,,,"time-of-use components (energy:offpeak, energy:peak, energy:solar_soak, export:solar_soak) with no structured window covering that charge kind and band in this tariff-year; check source before use"
tou_definition_missing/e502e8cf64,tou_definition_missing,sapn,2026-27,sapn:ZSN228,sapn-tariff-price-list-2026-27-id338674/ZSN228,,sapn-tariff-price-list-2026-27-id338674,,,,time-of-use components (demand:peak) with no structured window covering that charge kind and band in this tariff-year; check source before use
tou_definition_missing/e5b5f584cf,tou_definition_missing,energex,2025-26,energex:92200,energex-network-price-list-2025-26-sch8-wayback/92200,,energex-network-price-list-2025-26-sch8-wayback,,,,"time-of-use components (energy:critical_peak, export:critical_peak) with no structured window covering that charge kind and band in this tariff-year; check source before use"
tou_definition_missing/e63273a66f,tou_definition_missing,ergon,2023-24,ergon:ERDEMT3,ergon-2023-24-network-price-list-31mar2023/ERDEMT3,,ergon-2023-24-network-price-list-31mar2023,,,,time-of-use components (demand:peak) with no structured window covering that charge kind and band in this tariff-year; check source before use
tou_definition_missing/e6dfd53ba1,tou_definition_missing,sapn,2024-25,sapn:STR610,sapn-2024-25-annual-pricing-proposal-19apr2024/STR610,,sapn-2024-25-annual-pricing-proposal-19apr2024,,,,time-of-use components (demand:peak) with no structured window covering that charge kind and band in this tariff-year; check source before use
tou_definition_missing/e733d60d13,tou_definition_missing,ergon,2026-27,ergon:MLTOUET4,ergon-network-price-list-2026-27-sch8-wayback/MLTOUET4,,ergon-network-price-list-2026-27-sch8-wayback,,,,"time-of-use components (energy:offpeak, energy:peak, energy:shoulder) with no structured window covering that charge kind and band in this tariff-year; check source before use"
tou_definition_missing/e831ef5793,tou_definition_missing,essential,2023-24,essential:BHND3AO,essential-2023-24-network-price-list-31mar2023/BHND3AO,,essential-2023-24-network-price-list-31mar2023,,,,"time-of-use components (demand:offpeak, demand:peak, demand:shoulder, energy:offpeak, energy:peak, energy:shoulder) with no structured window covering that charge kind and band in this tariff-year; check source before use"
tou_definition_missing/e8b870b04a,tou_definition_missing,tasnetworks,2025-26,tasnetworks:TAS75,tasnetworks-network-tariff-pricing-schedule-scs-2025-26/TAS75,,tasnetworks-network-tariff-pricing-schedule-scs-2025-26,,,,"time-of-use components (energy:offpeak, energy:peak, energy:shoulder) with no structured window covering that charge kind and band in this tariff-year; check source before use"
tou_definition_missing/e8c628f6dd,tou_definition_missing,ergon,2023-24,ergon:WC22BTOUT2,ergon-2023-24-network-price-list-31mar2023/WC22BTOUT2,,ergon-2023-24-network-price-list-31mar2023,,,,"time-of-use components (demand:offpeak, demand:peak, energy:offpeak, energy:peak) with no structured window covering that charge kind and band in this tariff-year; check source before use"
tou_definition_missing/e8cee4729f,tou_definition_missing,ergon,2024-25,ergon:WBDEMT1,ergon-2024-25-network-price-list-28mar2024/WBDEMT1,,ergon-2024-25-network-price-list-28mar2024,,,,time-of-use components (demand:peak) with no structured window covering that charge kind and band in this tariff-year; check source before use
tou_definition_missing/e8d97462c5,tou_definition_missing,ergon,2023-24,ergon:MRDEMT4,ergon-2023-24-network-price-list-31mar2023/MRDEMT4,,ergon-2023-24-network-price-list-31mar2023,,,,time-of-use components (demand:peak) with no structured window covering that charge kind and band in this tariff-year; check source before use
tou_definition_missing/e8e07556d4,tou_definition_missing,ausgrid,2026-27,ausgrid:EA334,ausgrid-network-price-list-2026-27/EA334,,ausgrid-network-price-list-2026-27,,,,"time-of-use components (energy:critical_peak, energy:offpeak) with no structured window covering that charge kind and band in this tariff-year; check source before use"
tou_definition_missing/e8ec9ead53,tou_definition_missing,citipower,2024-25,citipower:GT,citipower-pricing-proposal-2024-25-28mar2024-wayback/GT,,citipower-pricing-proposal-2024-25-28mar2024-wayback,,,,"time-of-use components (energy:offpeak, energy:peak) with no structured window covering that charge kind and band in this tariff-year; check source before use"
tou_definition_missing/e900cff955,tou_definition_missing,ergon,2024-25,ergon:WBTDEMT3,ergon-2024-25-network-price-list-28mar2024/WBTDEMT3,,ergon-2024-25-network-price-list-28mar2024,,,,time-of-use components (demand:peak) with no structured window covering that charge kind and band in this tariff-year; check source before use
tou_definition_missing/e9429d4ac8,tou_definition_missing,ausgrid,2023-24,ausgrid:EA305,ausgrid-2023-24-annual-scs-pricing-proposal-31mar2023/EA305,,ausgrid-2023-24-annual-scs-pricing-proposal-31mar2023,,,,"time-of-use components (energy:offpeak, energy:peak, energy:shoulder) with no structured window covering that charge kind and band in this tariff-year; check source before use"
tou_definition_missing/e950ab0731,tou_definition_missing,sapn,2024-25,sapn:ZSS196,sapn-2024-25-annual-pricing-proposal-19apr2024/ZSS196,,sapn-2024-25-annual-pricing-proposal-19apr2024,,,,time-of-use components (demand:peak) with no structured window covering that charge kind and band in this tariff-year; check source before use
tou_definition_missing/ea05233894,tou_definition_missing,ausgrid,2026-27,ausgrid:EA111,ausgrid-network-price-list-2026-27/EA111,,ausgrid-network-price-list-2026-27,,,,"time-of-use components (energy:offpeak, energy:peak) with no structured window covering that charge kind and band in this tariff-year; check source before use"
tou_definition_missing/ea5f4b8c47,tou_definition_missing,tasnetworks,2025-26,tasnetworks:TAS14T2,tasnetworks-network-tariff-pricing-schedule-scs-2025-26/TAS14T2,,tasnetworks-network-tariff-pricing-schedule-scs-2025-26,,,,time-of-use components (demand:peak) with no structured window covering that charge kind and band in this tariff-year; check source before use
tou_definition_missing/ea7dcbe89e,tou_definition_missing,ergon,2023-24,ergon:TBAT3,ergon-2023-24-network-price-list-31mar2023/TBA T3/ae9273998f,,ergon-2023-24-network-price-list-31mar2023,,,,"time-of-use components (demand:offpeak, demand:peak, export:peak) with no structured window covering that charge kind and band in this tariff-year; check source before use"
tou_definition_missing/eaf0163de0,tou_definition_missing,ergon,2024-25,ergon:WBTDEMT1,ergon-2024-25-network-price-list-28mar2024/WBTDEMT1,,ergon-2024-25-network-price-list-28mar2024,,,,time-of-use components (demand:peak) with no structured window covering that charge kind and band in this tariff-year; check source before use
tou_definition_missing/eafd781eb7,tou_definition_missing,ergon,2023-24,ergon:WRDEMT1,ergon-2023-24-network-price-list-31mar2023/WRDEMT1,,ergon-2023-24-network-price-list-31mar2023,,,,time-of-use components (demand:peak) with no structured window covering that charge kind and band in this tariff-year; check source before use
tou_definition_missing/eb9ad6e0c3,tou_definition_missing,ausnet,2023-24,ausnet:NAST16T,ausnet-annual-pricing-proposal-2023-24/NAST16T,,ausnet-annual-pricing-proposal-2023-24,,,,"time-of-use components (energy:offpeak, energy:peak, energy:solar_soak) with no structured window covering that charge kind and band in this tariff-year; check source before use"
tou_definition_missing/eba7c63eb5,tou_definition_missing,ausgrid,2023-24,ausgrid:EA255,ausgrid-2023-24-annual-scs-pricing-proposal-31mar2023/EA255,,ausgrid-2023-24-annual-scs-pricing-proposal-31mar2023,,,,"time-of-use components (energy:offpeak, energy:peak, energy:shoulder) with no structured window covering that charge kind and band in this tariff-year; check source before use"
tou_definition_missing/ec8bf524b4,tou_definition_missing,sapn,2026-27,sapn:SBELE,sapn-tariff-price-list-2026-27-id338674/SBELE,,sapn-tariff-price-list-2026-27-id338674,,,,"time-of-use components (energy:offpeak, energy:peak, energy:shoulder, export:peak, export:solar_soak) with no structured window covering that charge kind and band in this tariff-year; check source before use"
tou_definition_missing/ecb3988fc0,tou_definition_missing,ausgrid,2023-24,ausgrid:EA302,ausgrid-2023-24-annual-scs-pricing-proposal-31mar2023/EA302,,ausgrid-2023-24-annual-scs-pricing-proposal-31mar2023,,,,"time-of-use components (energy:offpeak, energy:peak, energy:shoulder) with no structured window covering that charge kind and band in this tariff-year; check source before use"
tou_definition_missing/ecdd90e63e,tou_definition_missing,sapn,2024-25,sapn:ZSS500,sapn-2024-25-annual-pricing-proposal-19apr2024/ZSS500,,sapn-2024-25-annual-pricing-proposal-19apr2024,,,,time-of-use components (demand:peak) with no structured window covering that charge kind and band in this tariff-year; check source before use
tou_definition_missing/ed2d73c219,tou_definition_missing,ergon,2024-25,ergon:EBTDEMT1,ergon-2024-25-network-price-list-28mar2024/EBTDEMT1,,ergon-2024-25-network-price-list-28mar2024,,,,time-of-use components (demand:peak) with no structured window covering that charge kind and band in this tariff-year; check source before use
tou_definition_missing/ed3cfed67d,tou_definition_missing,tasnetworks,2026-27,tasnetworks:TAS14T2,tasnetworks-network-pricing-schedule-2026-27/TAS14T2,,tasnetworks-network-pricing-schedule-2026-27,,,,time-of-use components (demand:peak) with no structured window covering that charge kind and band in this tariff-year; check source before use
tou_definition_missing/ed8032e4d9,tou_definition_missing,ausgrid,2025-26,ausgrid:EA365,ausgrid-network-price-list-2025-26/EA365,,ausgrid-network-price-list-2025-26,,,,"time-of-use components (demand:peak, energy:offpeak, energy:peak) with no structured window covering that charge kind and band in this tariff-year; check source before use"
tou_definition_missing/ed9badfe75,tou_definition_missing,ausgrid,2023-24,ausgrid:EA256,ausgrid-2023-24-annual-scs-pricing-proposal-31mar2023/EA256,,ausgrid-2023-24-annual-scs-pricing-proposal-31mar2023,,,,"time-of-use components (energy:offpeak, energy:peak, energy:shoulder) with no structured window covering that charge kind and band in this tariff-year; check source before use"
tou_definition_missing/ee84a7a492,tou_definition_missing,ausgrid,2026-27,ausgrid:EA365,ausgrid-network-price-list-2026-27/EA365,,ausgrid-network-price-list-2026-27,,,,"time-of-use components (demand:peak, energy:offpeak, energy:peak) with no structured window covering that charge kind and band in this tariff-year; check source before use"
tou_definition_missing/ee99533ff3,tou_definition_missing,sapn,2023-24,sapn:RELE2W,sapn-2023-24-annual-pricing-proposal-revised-8may2023/RELE2W,,sapn-2023-24-annual-pricing-proposal-revised-8may2023,,,,"time-of-use components (export:peak, export:solar_soak) with no structured window covering that charge kind and band in this tariff-year; check source before use"
tou_definition_missing/ee9d85c44b,tou_definition_missing,sapn,2025-26,sapn:LBAD977,sapn-2025-26-pricing-proposal-overview-14may2025/LBAD977,,sapn-2025-26-pricing-proposal-overview-14may2025,,,,"time-of-use components (demand:peak, energy:offpeak, energy:peak) with no structured window covering that charge kind and band in this tariff-year; check source before use"
tou_definition_missing/eea6a15de7,tou_definition_missing,ergon,2026-27,ergon:WRTOUET1,ergon-network-price-list-2026-27-sch8-wayback/WRTOUET1,,ergon-network-price-list-2026-27-sch8-wayback,,,,"time-of-use components (energy:offpeak, energy:peak, energy:shoulder) with no structured window covering that charge kind and band in this tariff-year; check source before use"
tou_definition_missing/ef19f2bb37,tou_definition_missing,sapn,2024-25,sapn:STR749,sapn-2024-25-annual-pricing-proposal-19apr2024/STR749,,sapn-2024-25-annual-pricing-proposal-19apr2024,,,,time-of-use components (demand:peak) with no structured window covering that charge kind and band in this tariff-year; check source before use
tou_definition_missing/ef5b982496,tou_definition_missing,ergon,2026-27,ergon:WLTOUET1,ergon-network-price-list-2026-27-sch8-wayback/WLTOUET1,,ergon-network-price-list-2026-27-sch8-wayback,,,,"time-of-use components (energy:offpeak, energy:peak, energy:shoulder) with no structured window covering that charge kind and band in this tariff-year; check source before use"
tou_definition_missing/efa87428b4,tou_definition_missing,ergon,2023-24,ergon:EC66TOUT2,ergon-2023-24-network-price-list-31mar2023/EC66TOUT2,,ergon-2023-24-network-price-list-31mar2023,,,,"time-of-use components (demand:offpeak, demand:peak, energy:offpeak, energy:peak) with no structured window covering that charge kind and band in this tariff-year; check source before use"
tou_definition_missing/f03670a58b,tou_definition_missing,ergon,2023-24,ergon:EBFRMT1,ergon-2023-24-network-price-list-31mar2023/EBFRMT1,,ergon-2023-24-network-price-list-31mar2023,,,,time-of-use components (energy:offpeak) with no structured window covering that charge kind and band in this tariff-year; check source before use
tou_definition_missing/f03ed635de,tou_definition_missing,ergon,2024-25,ergon:ERTDEMT2,ergon-2024-25-network-price-list-28mar2024/ERTDEMT2,,ergon-2024-25-network-price-list-28mar2024,,,,time-of-use components (demand:peak) with no structured window covering that charge kind and band in this tariff-year; check source before use
tou_definition_missing/f09515cb01,tou_definition_missing,tasnetworks,2026-27,tasnetworks:TAS84T3,tasnetworks-network-pricing-schedule-2026-27/TAS84T3,,tasnetworks-network-pricing-schedule-2026-27,,,,time-of-use components (demand:peak) with no structured window covering that charge kind and band in this tariff-year; check source before use
tou_definition_missing/f1d02972e5,tou_definition_missing,sapn,2026-27,sapn:B2R,sapn-tariff-price-list-2026-27-id338674/B2R,,sapn-tariff-price-list-2026-27-id338674,,,,"time-of-use components (energy:offpeak, energy:peak, export:solar_soak) with no structured window covering that charge kind and band in this tariff-year; check source before use"
tou_definition_missing/f205a6ab62,tou_definition_missing,ergon,2025-26,ergon:EC33TOUDT1,ergon-network-price-list-2025-26-sch8-wayback/EC33TOUDT1,,ergon-network-price-list-2025-26-sch8-wayback,,,,"time-of-use components (demand:peak, demand:shoulder) with no structured window covering that charge kind and band in this tariff-year; check source before use"
tou_definition_missing/f2181c2741,tou_definition_missing,energex,2026-27,energex:7400,energex-network-price-list-2026-27-sch8-wayback/7400,,energex-network-price-list-2026-27-sch8-wayback,,,,time-of-use components (demand:peak) with no structured window covering that charge kind and band in this tariff-year; check source before use
tou_definition_missing/f23d88731a,tou_definition_missing,ausgrid,2026-27,ausgrid:EA395,ausgrid-network-price-list-2026-27/EA395,,ausgrid-network-price-list-2026-27,,,,time-of-use components (energy:critical_peak) with no structured window covering that charge kind and band in this tariff-year; check source before use
tou_definition_missing/f2aa4295c4,tou_definition_missing,ausgrid,2025-26,ausgrid:EA964,ausgrid-network-price-list-2025-26/EA964,,ausgrid-network-price-list-2025-26,,,,"time-of-use components (energy:critical_peak, energy:offpeak) with no structured window covering that charge kind and band in this tariff-year; check source before use"
tou_definition_missing/f2bbcd0020,tou_definition_missing,ausgrid,2024-25,ausgrid:EA370,ausgrid-network-price-list-2024-25-wayback20250806/EA370,,ausgrid-network-price-list-2024-25-wayback20250806,,,,"time-of-use components (demand:peak, energy:offpeak, energy:peak) with no structured window covering that charge kind and band in this tariff-year; check source before use"
tou_definition_missing/f2c8f49c67,tou_definition_missing,sapn,2026-27,sapn:ZSS296,sapn-tariff-price-list-2026-27-id338674/ZSS296,,sapn-tariff-price-list-2026-27-id338674,,,,time-of-use components (demand:peak) with no structured window covering that charge kind and band in this tariff-year; check source before use
tou_definition_missing/f2d4193515,tou_definition_missing,energex,2024-25,energex:92000,energex-network-price-list-2024-25-sch8-wayback/92000,,energex-network-price-list-2024-25-sch8-wayback,,,,"time-of-use components (energy:offpeak, energy:peak, energy:shoulder, export:critical_peak) with no structured window covering that charge kind and band in this tariff-year; check source before use"
tou_definition_missing/f2da5ade2a,tou_definition_missing,ergon,2023-24,ergon:EBDEMT2,ergon-2023-24-network-price-list-31mar2023/EBDEMT2,,ergon-2023-24-network-price-list-31mar2023,,,,time-of-use components (demand:peak) with no structured window covering that charge kind and band in this tariff-year; check source before use
tou_definition_missing/f2f3971bae,tou_definition_missing,sapn,2024-25,sapn:HVAD439,sapn-2024-25-annual-pricing-proposal-19apr2024/HVAD439,,sapn-2024-25-annual-pricing-proposal-19apr2024,,,,"time-of-use components (demand:peak, energy:offpeak, energy:peak) with no structured window covering that charge kind and band in this tariff-year; check source before use"
tou_definition_missing/f418174f28,tou_definition_missing,ergon,2026-27,ergon:EBTDEMT1,ergon-network-price-list-2026-27-sch8-wayback/EBTDEMT1,,ergon-network-price-list-2026-27-sch8-wayback,,,,"time-of-use components (demand:peak, energy:offpeak, energy:peak, energy:shoulder) with no structured window covering that charge kind and band in this tariff-year; check source before use"
tou_definition_missing/f618699cd2,tou_definition_missing,ergon,2023-24,ergon:EBTDEMT2,ergon-2023-24-network-price-list-31mar2023/EBTDEMT2,,ergon-2023-24-network-price-list-31mar2023,,,,time-of-use components (demand:peak) with no structured window covering that charge kind and band in this tariff-year; check source before use
tou_definition_missing/f66f54fa36,tou_definition_missing,sapn,2023-24,sapn:STR162,sapn-2023-24-annual-pricing-proposal-revised-8may2023/STR162,,sapn-2023-24-annual-pricing-proposal-revised-8may2023,,,,time-of-use components (demand:peak) with no structured window covering that charge kind and band in this tariff-year; check source before use
tou_definition_missing/f6c6036f7c,tou_definition_missing,evoenergy,2026-27,evoenergy:109,evoenergy-schedule-of-charges-2026-27-aer-approved-april2026/109/lv-stand-alone-small-battery-network-commercial-area,,evoenergy-schedule-of-charges-2026-27-aer-approved-april2026,,,,time-of-use components (export:critical_peak) with no structured window covering that charge kind and band in this tariff-year; check source before use
tou_definition_missing/f6fd3b03fe,tou_definition_missing,ausgrid,2025-26,ausgrid:EA374,ausgrid-network-price-list-2025-26/EA374,,ausgrid-network-price-list-2025-26,,,,"time-of-use components (energy:critical_peak, energy:offpeak) with no structured window covering that charge kind and band in this tariff-year; check source before use"
tou_definition_missing/f700d4cd14,tou_definition_missing,powercor,2023-24,powercor:DD1,powercor-2023-24-tariff-summary-31mar2023/DD1,,powercor-2023-24-tariff-summary-31mar2023,,,,time-of-use components (energy:offpeak) with no structured window covering that charge kind and band in this tariff-year; check source before use
tou_definition_missing/f742553f2f,tou_definition_missing,powercor,2024-25,powercor:HV2A,powercor-pricing-proposal-2024-25-28mar2024-wayback/HV2A,,powercor-pricing-proposal-2024-25-28mar2024-wayback,,,,"time-of-use components (energy:offpeak, energy:peak) with no structured window covering that charge kind and band in this tariff-year; check source before use"
tou_definition_missing/f75a463148,tou_definition_missing,ausgrid,2026-27,ausgrid:EA905,ausgrid-network-price-list-2026-27/EA905,,ausgrid-network-price-list-2026-27,,,,"time-of-use components (energy:critical_peak, energy:offpeak) with no structured window covering that charge kind and band in this tariff-year; check source before use"
tou_definition_missing/f791a887da,tou_definition_missing,ausgrid,2025-26,ausgrid:EA335,ausgrid-network-price-list-2025-26/EA335,,ausgrid-network-price-list-2025-26,,,,time-of-use components (energy:critical_peak) with no structured window covering that charge kind and band in this tariff-year; check source before use
tou_definition_missing/f79454ecaf,tou_definition_missing,sapn,2026-27,sapn:SBTOUNE,sapn-tariff-price-list-2026-27-id338674/SBTOUNE,,sapn-tariff-price-list-2026-27-id338674,,,,"time-of-use components (energy:offpeak, energy:peak, energy:shoulder) with no structured window covering that charge kind and band in this tariff-year; check source before use"
tou_definition_missing/f7cb0a4575,tou_definition_missing,ergon,2023-24,ergon:WBTDEMT3,ergon-2023-24-network-price-list-31mar2023/WBTDEMT3,,ergon-2023-24-network-price-list-31mar2023,,,,time-of-use components (demand:peak) with no structured window covering that charge kind and band in this tariff-year; check source before use
tou_definition_missing/f7ffaa47f7,tou_definition_missing,ergon,2023-24,ergon:MLTOUDT4,ergon-2023-24-network-price-list-31mar2023/MLTOUDT4,,ergon-2023-24-network-price-list-31mar2023,,,,time-of-use components (demand:peak) with no structured window covering that charge kind and band in this tariff-year; check source before use
tou_definition_missing/f8809f5c3b,tou_definition_missing,ergon,2024-25,ergon:EC22BTOUT2,ergon-2024-25-network-price-list-28mar2024/EC22BTOUT2,,ergon-2024-25-network-price-list-28mar2024,,,,"time-of-use components (demand:offpeak, demand:peak, energy:offpeak, energy:peak) with no structured window covering that charge kind and band in this tariff-year; check source before use"
tou_definition_missing/f8848d666e,tou_definition_missing,sapn,2026-27,sapn:ZSS,sapn-tariff-price-list-2026-27-id338674/ZSS,,sapn-tariff-price-list-2026-27-id338674,,,,time-of-use components (demand:peak) with no structured window covering that charge kind and band in this tariff-year; check source before use
tou_definition_missing/f88910f9d3,tou_definition_missing,sapn,2025-26,sapn:SBTOU,sapn-2025-26-pricing-proposal-overview-14may2025/SBTOU,,sapn-2025-26-pricing-proposal-overview-14may2025,,,,time-of-use components (export:solar_soak) with no structured window covering that charge kind and band in this tariff-year; check source before use
tou_definition_missing/f89aa900f2,tou_definition_missing,citipower,2024-25,citipower:CRTOU,citipower-2024-25-tariff-summary-28mar2024/CRTOU,,citipower-2024-25-tariff-summary-28mar2024,,,,"time-of-use components (energy:offpeak, energy:peak) with no structured window covering that charge kind and band in this tariff-year; check source before use"
tou_definition_missing/f92c934607,tou_definition_missing,ergon,2025-26,ergon:MLTOUET4,ergon-network-price-list-2025-26-sch8-wayback/MLTOUET4,,ergon-network-price-list-2025-26-sch8-wayback,,,,"time-of-use components (energy:offpeak, energy:peak, energy:shoulder) with no structured window covering that charge kind and band in this tariff-year; check source before use"
tou_definition_missing/f933b42fcf,tou_definition_missing,sapn,2024-25,sapn:ZSS272,sapn-2024-25-annual-pricing-proposal-19apr2024/ZSS272,,sapn-2024-25-annual-pricing-proposal-19apr2024,,,,time-of-use components (demand:peak) with no structured window covering that charge kind and band in this tariff-year; check source before use
tou_definition_missing/fa5b050b27,tou_definition_missing,sapn,2025-26,sapn:STN018,sapn-2025-26-pricing-proposal-overview-14may2025/STN018,,sapn-2025-26-pricing-proposal-overview-14may2025,,,,time-of-use components (demand:peak) with no structured window covering that charge kind and band in this tariff-year; check source before use
tou_definition_missing/fa88cf6283,tou_definition_missing,sapn,2024-25,sapn:ZSN024,sapn-2024-25-annual-pricing-proposal-19apr2024/ZSN024,,sapn-2024-25-annual-pricing-proposal-19apr2024,,,,time-of-use components (demand:peak) with no structured window covering that charge kind and band in this tariff-year; check source before use
tou_definition_missing/fb12bf9a59,tou_definition_missing,ausgrid,2026-27,ausgrid:EA116,ausgrid-network-price-list-2026-27/EA116,,ausgrid-network-price-list-2026-27,,,,"time-of-use components (energy:offpeak, energy:peak) with no structured window covering that charge kind and band in this tariff-year; check source before use"
tou_definition_missing/fb204a9b1b,tou_definition_missing,sapn,2026-27,sapn:HVAD381,sapn-tariff-price-list-2026-27-id338674/HVAD381,,sapn-tariff-price-list-2026-27-id338674,,,,"time-of-use components (demand:peak, energy:offpeak, energy:peak) with no structured window covering that charge kind and band in this tariff-year; check source before use"
tou_definition_missing/fb376a0c2b,tou_definition_missing,ergon,2025-26,ergon:EBTDEMT1,ergon-network-price-list-2025-26-sch8-wayback/EBTDEMT1,,ergon-network-price-list-2025-26-sch8-wayback,,,,"time-of-use components (demand:peak, energy:offpeak, energy:peak, energy:shoulder) with no structured window covering that charge kind and band in this tariff-year; check source before use"
tou_definition_missing/fba27e0e73,tou_definition_missing,sapn,2023-24,sapn:ZSNGF,sapn-2023-24-annual-pricing-proposal-revised-8may2023/ZSNGF,,sapn-2023-24-annual-pricing-proposal-revised-8may2023,,,,time-of-use components (demand:peak) with no structured window covering that charge kind and band in this tariff-year; check source before use
tou_definition_missing/fbdc7a914b,tou_definition_missing,sapn,2026-27,sapn:LBMDCBD,sapn-tariff-price-list-2026-27-id338674/LBMDCBD,,sapn-tariff-price-list-2026-27-id338674,,,,"time-of-use components (demand:peak, energy:offpeak, energy:peak) with no structured window covering that charge kind and band in this tariff-year; check source before use"
tou_definition_missing/fbef5431db,tou_definition_missing,ergon,2023-24,ergon:ELTOUDT1,ergon-2023-24-network-price-list-31mar2023/ELTOUDT1,,ergon-2023-24-network-price-list-31mar2023,,,,time-of-use components (demand:peak) with no structured window covering that charge kind and band in this tariff-year; check source before use
tou_definition_missing/fc18b22e8b,tou_definition_missing,sapn,2025-26,sapn:LBMD979,sapn-2025-26-pricing-proposal-overview-14may2025/LBMD979,,sapn-2025-26-pricing-proposal-overview-14may2025,,,,"time-of-use components (demand:peak, energy:offpeak, energy:peak) with no structured window covering that charge kind and band in this tariff-year; check source before use"
tou_definition_missing/fc4c91165c,tou_definition_missing,ergon,2025-26,ergon:MBTOUET4,ergon-network-price-list-2025-26-sch8-wayback/MBTOUET4,,ergon-network-price-list-2025-26-sch8-wayback,,,,"time-of-use components (energy:offpeak, energy:peak, energy:shoulder) with no structured window covering that charge kind and band in this tariff-year; check source before use"
tou_definition_missing/fc6fb34a56,tou_definition_missing,essential,2023-24,essential:BLND1NO,essential-2023-24-network-price-list-31mar2023/BLND1NO,,essential-2023-24-network-price-list-31mar2023,,,,"time-of-use components (energy:offpeak, energy:peak, energy:shoulder) with no structured window covering that charge kind and band in this tariff-year; check source before use"
tou_definition_missing/fd2de4c1c3,tou_definition_missing,ausgrid,2025-26,ausgrid:EA314,ausgrid-network-price-list-2025-26/EA314,,ausgrid-network-price-list-2025-26,,,,"time-of-use components (demand:peak, energy:offpeak, energy:peak) with no structured window covering that charge kind and band in this tariff-year; check source before use"
tou_definition_missing/fd342c4f17,tou_definition_missing,ergon,2025-26,ergon:ECHBTOUDT1,ergon-network-price-list-2025-26-sch8-wayback/ECHBTOUDT1,,ergon-network-price-list-2025-26-sch8-wayback,,,,"time-of-use components (demand:peak, demand:shoulder) with no structured window covering that charge kind and band in this tariff-year; check source before use"
tou_definition_missing/fdc09b3740,tou_definition_missing,sapn,2025-26,sapn:BSR,sapn-2025-26-pricing-proposal-overview-14may2025/BSR,,sapn-2025-26-pricing-proposal-overview-14may2025,,,,time-of-use components (export:solar_soak) with no structured window covering that charge kind and band in this tariff-year; check source before use
tou_definition_missing/fdfc7433f6,tou_definition_missing,ergon,2026-27,ergon:ELFLEXT1,ergon-network-price-list-2026-27-sch8-wayback/ELFLEXT1,,ergon-network-price-list-2026-27-sch8-wayback,,,,time-of-use components (energy:peak) with no structured window covering that charge kind and band in this tariff-year; check source before use
tou_definition_missing/fe304e2435,tou_definition_missing,evoenergy,2025-26,evoenergy:060,evoenergy-schedule-of-charges-2025-26-incl-lfit-may2025/060,,evoenergy-schedule-of-charges-2025-26-incl-lfit-may2025,,,,time-of-use components (energy:offpeak) with no structured window covering that charge kind and band in this tariff-year; check source before use
tou_definition_missing/fe63c26135,tou_definition_missing,ergon,2024-25,ergon:ERTDEMT1,ergon-2024-25-network-price-list-28mar2024/ERTDEMT1,,ergon-2024-25-network-price-list-28mar2024,,,,time-of-use components (demand:peak) with no structured window covering that charge kind and band in this tariff-year; check source before use
tou_definition_missing/fedd61e1ee,tou_definition_missing,sapn,2026-27,sapn:LBGF,sapn-tariff-price-list-2026-27-id338674/LBGF,,sapn-tariff-price-list-2026-27-id338674,,,,time-of-use components (demand:peak) with no structured window covering that charge kind and band in this tariff-year; check source before use
withdrawn_tariff_listed/006008e7da,withdrawn_tariff_listed,ausnet,2023-24,ausnet:NAST15,ausnet-annual-pricing-proposal-2023-24/NAST15,,ausnet-annual-pricing-proposal-2023-24,,,,flags: closed_to_new
withdrawn_tariff_listed/007c191e05,withdrawn_tariff_listed,ausnet,2023-24,ausnet:NSP21,ausnet-2023-24-schedule-of-tariffs-31mar2023/NSP21,,ausnet-2023-24-schedule-of-tariffs-31mar2023,,,,flags: closed_to_new
withdrawn_tariff_listed/013bb2967e,withdrawn_tariff_listed,energex,2023-24,energex:3000,energex-network-price-list-2023-24-sch8-wayback/3000,,energex-network-price-list-2023-24-sch8-wayback,,,,flags: grandfathered
withdrawn_tariff_listed/018135c7fa,withdrawn_tariff_listed,jemena,2024-25,jemena:A37M,jemena-2024-25-network-tariff-schedule-28mar2024/A37M,,jemena-2024-25-network-tariff-schedule-28mar2024,,,,flags: closed_to_new
withdrawn_tariff_listed/0238526d4d,withdrawn_tariff_listed,ergon,2025-26,ergon:WBWIFT1,aer-consolidated-2025-26-v5/WBWIFT1,,aer-consolidated-2025-26-v5,,,,flags: withdrawn
withdrawn_tariff_listed/02e97b769f,withdrawn_tariff_listed,sapn,2024-25,sapn:BSRT,sapn-2024-25-annual-pricing-proposal-19apr2024/BSRT,,sapn-2024-25-annual-pricing-proposal-19apr2024,,,,flags: closed_to_new
withdrawn_tariff_listed/0357065576,withdrawn_tariff_listed,ergon,2023-24,ergon:EBIRRT1,ergon-network-price-list-2023-24-sch8-wayback/EBIRRT1,,ergon-network-price-list-2023-24-sch8-wayback,,,,flags: grandfathered
withdrawn_tariff_listed/0364412b50,withdrawn_tariff_listed,ausnet,2023-24,ausnet:NEE74,ausnet-2023-24-schedule-of-tariffs-31mar2023/NEE74,,ausnet-2023-24-schedule-of-tariffs-31mar2023,,,,flags: closed_to_new
withdrawn_tariff_listed/03d5cb2310,withdrawn_tariff_listed,ausnet,2023-24,ausnet:NEE30,ausnet-2023-24-schedule-of-tariffs-31mar2023/NEE30,,ausnet-2023-24-schedule-of-tariffs-31mar2023,,,,flags: closed_to_new
withdrawn_tariff_listed/0447c7edfa,withdrawn_tariff_listed,ergon,2024-25,ergon:EBIRRT1,ergon-network-price-list-2024-25-sch8-wayback/EBIRRT1,,ergon-network-price-list-2024-25-sch8-wayback,,,,flags: grandfathered
withdrawn_tariff_listed/0493297af1,withdrawn_tariff_listed,ausnet,2025-26,ausnet:NAST13,ausnet-network-tariff-schedule-2025-26/NAST13,,ausnet-network-tariff-schedule-2025-26,,,,flags: closed_to_new
withdrawn_tariff_listed/0511c09df8,withdrawn_tariff_listed,ergon,2026-27,ergon:MBIBT4,ergon-network-price-list-2026-27-sch8-wayback/MBIBT4,,ergon-network-price-list-2026-27-sch8-wayback,,,,flags: closed_to_new
withdrawn_tariff_listed/052fff6158,withdrawn_tariff_listed,ausnet,2024-25,ausnet:NASN12P,ausnet-2024-25-schedule-of-tariffs-28mar2024/NASN12P,,ausnet-2024-25-schedule-of-tariffs-28mar2024,,,,flags: closed_to_new
withdrawn_tariff_listed/058e1fedff,withdrawn_tariff_listed,essential,2023-24,essential:BLNE24AU,essential-2023-24-network-price-list-31mar2023/BLNE24AU,,essential-2023-24-network-price-list-31mar2023,,,,"flags: closed_to_new, obsolete, withdrawn"
withdrawn_tariff_listed/05b4afedb8,withdrawn_tariff_listed,ergon,2024-25,ergon:WBIBT3,ergon-network-price-list-2024-25-sch8-wayback/WBIBT3,,ergon-network-price-list-2024-25-sch8-wayback,,,,flags: grandfathered
withdrawn_tariff_listed/05c7eeebce,withdrawn_tariff_listed,essential,2023-24,essential:BLNN3AO,essential-2023-24-network-price-list-31mar2023/BLNN3AO,,essential-2023-24-network-price-list-31mar2023,,,,flags: obsolete
withdrawn_tariff_listed/06b9c091ac,withdrawn_tariff_listed,sapn,2023-24,sapn:SBD,sapn-2023-24-annual-pricing-proposal-revised-8may2023/SBD,,sapn-2023-24-annual-pricing-proposal-revised-8may2023,,,,flags: closed_to_new
withdrawn_tariff_listed/06e215aa75,withdrawn_tariff_listed,endeavour,2024-25,endeavour:NFTH,endeavour-nuos-price-list-2024-25-v10/NFTH,,endeavour-nuos-price-list-2024-25-v10,,,,"flags: closed_to_new, obsolete"
withdrawn_tariff_listed/06facd54b1,withdrawn_tariff_listed,evoenergy,2023-24,evoenergy:031,evoenergy-statement-of-tariff-classes-and-tariffs-2023-24/031,,evoenergy-statement-of-tariff-classes-and-tariffs-2023-24,,,,flags: closed_to_new
withdrawn_tariff_listed/0723cec0be,withdrawn_tariff_listed,endeavour,2024-25,endeavour:NFTJ,endeavour-nuos-price-list-2024-25-v10/NFTJ,,endeavour-nuos-price-list-2024-25-v10,,,,"flags: closed_to_new, obsolete"
withdrawn_tariff_listed/07295b5fa1,withdrawn_tariff_listed,jemena,2023-24,jemena:F270,jemena-network-tariff-schedule-2023-24/F270,,jemena-network-tariff-schedule-2023-24,,,,flags: closed_to_new
withdrawn_tariff_listed/077bb9d6f6,withdrawn_tariff_listed,essential,2023-24,essential:BLNS1AO,essential-2023-24-network-price-list-31mar2023/BLNS1AO,,essential-2023-24-network-price-list-31mar2023,,,,"flags: closed_to_new, obsolete"
withdrawn_tariff_listed/08f0ea9b06,withdrawn_tariff_listed,ergon,2024-25,ergon:EBFRMT2,ergon-2024-25-network-price-list-28mar2024/EBFRMT2,,ergon-2024-25-network-price-list-28mar2024,,,,flags: grandfathered
withdrawn_tariff_listed/09b2f3bc20,withdrawn_tariff_listed,ausnet,2023-24,ausnet:NEN20,ausnet-annual-pricing-proposal-2023-24/NEN20,,ausnet-annual-pricing-proposal-2023-24,,,,flags: closed_to_new
withdrawn_tariff_listed/0adb8c9765,withdrawn_tariff_listed,jemena,2023-24,jemena:A270,jemena-2023-24-network-tariff-schedule-31mar2023/A270,,jemena-2023-24-network-tariff-schedule-31mar2023,,,,flags: closed_to_new
withdrawn_tariff_listed/0b49f4dfb2,withdrawn_tariff_listed,evoenergy,2025-26,evoenergy:121,evoenergy-schedule-of-charges-2025-26-incl-lfit-may2025/121,,evoenergy-schedule-of-charges-2025-26-incl-lfit-may2025,,,,flags: closed_to_new
withdrawn_tariff_listed/0b6925eee5,withdrawn_tariff_listed,essential,2023-24,essential:BLND1CO,essential-2023-24-network-price-list-31mar2023/BLND1CO,,essential-2023-24-network-price-list-31mar2023,,,,"flags: closed_to_new, obsolete"
withdrawn_tariff_listed/0b80ad311a,withdrawn_tariff_listed,sapn,2024-25,sapn:BSR,sapn-2024-25-annual-pricing-proposal-19apr2024/BSR,,sapn-2024-25-annual-pricing-proposal-19apr2024,,,,flags: closed_to_new
withdrawn_tariff_listed/0b8ec5b179,withdrawn_tariff_listed,energex,2023-24,energex:8400,energex-network-price-list-2023-24-sch8-wayback/8400,,energex-network-price-list-2023-24-sch8-wayback,,,,flags: grandfathered
withdrawn_tariff_listed/0d563f88be,withdrawn_tariff_listed,essential,2024-25,essential:BHNS1AO,essential-price-list-and-explanatory-notes-2024-25/BHNS1AO,,essential-price-list-and-explanatory-notes-2024-25,,,,"flags: closed_to_new, obsolete"
withdrawn_tariff_listed/0d573065e6,withdrawn_tariff_listed,ergon,2024-25,ergon:MBIBT4,ergon-network-price-list-2024-25-sch8-wayback/MBIBT4,,ergon-network-price-list-2024-25-sch8-wayback,,,,flags: grandfathered
withdrawn_tariff_listed/0dda1aaedb,withdrawn_tariff_listed,energex,2023-24,energex:3000,energex-2023-24-network-price-list-27apr2023/3000,,energex-2023-24-network-price-list-27apr2023,,,,flags: grandfathered
withdrawn_tariff_listed/0ea31f5457,withdrawn_tariff_listed,energex,2024-25,energex:8800,energex-2024-25-network-price-list-28mar2024/8800,,energex-2024-25-network-price-list-28mar2024,,,,flags: grandfathered
withdrawn_tariff_listed/1024515d7d,withdrawn_tariff_listed,evoenergy,2026-27,evoenergy:111,evoenergy-schedule-of-charges-2026-27-incl-lfit-june2026/111,,evoenergy-schedule-of-charges-2026-27-incl-lfit-june2026,,,,flags: closed_to_new
withdrawn_tariff_listed/105e153a94,withdrawn_tariff_listed,ergon,2023-24,ergon:WRIBT1,ergon-2023-24-network-price-list-31mar2023/WRIBT1,,ergon-2023-24-network-price-list-31mar2023,,,,flags: grandfathered
withdrawn_tariff_listed/112364e93f,withdrawn_tariff_listed,endeavour,2024-25,endeavour:NS90,endeavour-nuos-price-list-2024-25-v10/NS90,,endeavour-nuos-price-list-2024-25-v10,,,,"flags: closed_to_new, obsolete"
withdrawn_tariff_listed/1250a8fbc6,withdrawn_tariff_listed,ergon,2023-24,ergon:EBIBT1,ergon-2023-24-network-price-list-31mar2023/EBIBT1,,ergon-2023-24-network-price-list-31mar2023,,,,flags: grandfathered
withdrawn_tariff_listed/1284ef2b0c,withdrawn_tariff_listed,ergon,2024-25,ergon:WBIBT3,ergon-2024-25-network-price-list-28mar2024/WBIBT3,,ergon-2024-25-network-price-list-28mar2024,,,,flags: grandfathered
withdrawn_tariff_listed/13440c8c77,withdrawn_tariff_listed,sapn,2025-26,sapn:BSRNE,sapn-2025-26-pricing-proposal-overview-14may2025/BSRNE,,sapn-2025-26-pricing-proposal-overview-14may2025,,,,flags: closed_to_new
withdrawn_tariff_listed/1376e4f6de,withdrawn_tariff_listed,ergon,2023-24,ergon:EBIRRT2,ergon-network-price-list-2023-24-sch8-wayback/EBIRRT2,,ergon-network-price-list-2023-24-sch8-wayback,,,,flags: grandfathered
withdrawn_tariff_listed/13be12c062,withdrawn_tariff_listed,ausgrid,2023-24,ausgrid:EA325,ausgrid-2023-24-annual-scs-pricing-proposal-31mar2023/EA325,,ausgrid-2023-24-annual-scs-pricing-proposal-31mar2023,,,,flags: closed_to_new
withdrawn_tariff_listed/1454f91686,withdrawn_tariff_listed,evoenergy,2024-25,evoenergy:031,evoenergy-schedule-of-charges-2024-25-lfit-adjusted/031,,evoenergy-schedule-of-charges-2024-25-lfit-adjusted,,,,flags: closed_to_new
withdrawn_tariff_listed/1483cb9e0d,withdrawn_tariff_listed,sapn,2025-26,sapn:B2RNE,sapn-initial-pricing-proposal-overview-2025-26-id333252/B2RNE,,sapn-initial-pricing-proposal-overview-2025-26-id333252,,,,flags: closed_to_new
withdrawn_tariff_listed/174f4b0421,withdrawn_tariff_listed,evoenergy,2024-25,evoenergy:040,evoenergy-schedule-of-charges-2024-25-lfit-adjusted/040,,evoenergy-schedule-of-charges-2024-25-lfit-adjusted,,,,flags: closed_to_new
withdrawn_tariff_listed/180375981a,withdrawn_tariff_listed,ausnet,2024-25,ausnet:NEE30,ausnet-2024-25-schedule-of-tariffs-28mar2024/NEE30,,ausnet-2024-25-schedule-of-tariffs-28mar2024,,,,flags: closed_to_new
withdrawn_tariff_listed/1809854133,withdrawn_tariff_listed,energex,2024-25,energex:8500,energex-network-price-list-2024-25-sch8-wayback/8500,,energex-network-price-list-2024-25-sch8-wayback,,,,flags: grandfathered
withdrawn_tariff_listed/18721e24c5,withdrawn_tariff_listed,jemena,2024-25,jemena:A34M,jemena-2024-25-network-tariff-schedule-28mar2024/A34M,,jemena-2024-25-network-tariff-schedule-28mar2024,,,,flags: closed_to_new
withdrawn_tariff_listed/195d0c6ffa,withdrawn_tariff_listed,ausnet,2025-26,ausnet:NEE17,ausnet-network-tariff-schedule-2025-26/NEE17,,ausnet-network-tariff-schedule-2025-26,,,,flags: closed_to_new
withdrawn_tariff_listed/1996f46555,withdrawn_tariff_listed,ergon,2024-25,ergon:EBPMPT3,ergon-network-price-list-2024-25-sch8-wayback/EBPMPT3,,ergon-network-price-list-2024-25-sch8-wayback,,,,flags: grandfathered
withdrawn_tariff_listed/1a302f27cc,withdrawn_tariff_listed,ausnet,2023-24,ausnet:NEE51,ausnet-annual-pricing-proposal-2023-24/NEE51,,ausnet-annual-pricing-proposal-2023-24,,,,flags: closed_to_new
withdrawn_tariff_listed/1a6aff084d,withdrawn_tariff_listed,essential,2026-27,essential:BLNN2AU,essential-price-list-and-explanatory-notes-2026-27/BLNN2AU,,essential-price-list-and-explanatory-notes-2026-27,,,,"flags: closed_to_new, obsolete"
withdrawn_tariff_listed/1ac4fb46e7,withdrawn_tariff_listed,energex,2024-25,energex:8900,energex-network-price-list-2024-25-sch8-wayback/8900,,energex-network-price-list-2024-25-sch8-wayback,,,,flags: grandfathered
withdrawn_tariff_listed/1af69fea36,withdrawn_tariff_listed,ergon,2023-24,ergon:EBPMPT1,ergon-2023-24-network-price-list-31mar2023/EBPMPT1,,ergon-2023-24-network-price-list-31mar2023,,,,flags: grandfathered
withdrawn_tariff_listed/1b35b14b48,withdrawn_tariff_listed,ausnet,2024-25,ausnet:NEN12,ausnet-2024-25-schedule-of-tariffs-28mar2024/NEN12,,ausnet-2024-25-schedule-of-tariffs-28mar2024,,,,flags: closed_to_new
withdrawn_tariff_listed/1b42689803,withdrawn_tariff_listed,sapn,2023-24,sapn:BD,sapn-2023-24-annual-pricing-proposal-revised-8may2023/BD,,sapn-2023-24-annual-pricing-proposal-revised-8may2023,,,,flags: closed_to_new
withdrawn_tariff_listed/1be1514a7a,withdrawn_tariff_listed,sapn,2025-26,sapn:BSRNE,sapn-initial-pricing-proposal-overview-2025-26-id333252/BSRNE,,sapn-initial-pricing-proposal-overview-2025-26-id333252,,,,flags: closed_to_new
withdrawn_tariff_listed/1be641e0f5,withdrawn_tariff_listed,endeavour,2024-25,endeavour:NFTA,endeavour-nuos-price-list-2024-25-v10/NFTA,,endeavour-nuos-price-list-2024-25-v10,,,,"flags: closed_to_new, obsolete"
withdrawn_tariff_listed/1c0b18a80a,withdrawn_tariff_listed,essential,2023-24,essential:BLNE14AU,essential-2023-24-network-price-list-31mar2023/BLNE14AU,,essential-2023-24-network-price-list-31mar2023,,,,"flags: closed_to_new, obsolete, withdrawn"
withdrawn_tariff_listed/1c4a89773f,withdrawn_tariff_listed,ausnet,2026-27,ausnet:NAT75,ausnet-network-tariff-schedule-2026-27-20260515/NAT75,,ausnet-network-tariff-schedule-2026-27-20260515,,,,flags: closed_to_new
withdrawn_tariff_listed/1c53910214,withdrawn_tariff_listed,essential,2026-27,essential:BLNE24AU,essential-price-list-and-explanatory-notes-2026-27/BLNE24AU,,essential-price-list-and-explanatory-notes-2026-27,,,,"flags: closed_to_new, obsolete, withdrawn"
withdrawn_tariff_listed/1ca4a81dae,withdrawn_tariff_listed,ausnet,2024-25,ausnet:NAST12P,ausnet-2024-25-schedule-of-tariffs-28mar2024/NAST12P,,ausnet-2024-25-schedule-of-tariffs-28mar2024,,,,flags: closed_to_new
withdrawn_tariff_listed/1cc1808a3d,withdrawn_tariff_listed,ausnet,2023-24,ausnet:NEE60,ausnet-annual-pricing-proposal-2023-24/NEE60,,ausnet-annual-pricing-proposal-2023-24,,,,flags: closed_to_new
withdrawn_tariff_listed/1cee2c749b,withdrawn_tariff_listed,ausnet,2023-24,ausnet:SSP23,ausnet-2023-24-schedule-of-tariffs-31mar2023/SSP23,,ausnet-2023-24-schedule-of-tariffs-31mar2023,,,,flags: closed_to_new
withdrawn_tariff_listed/1d074bd23f,withdrawn_tariff_listed,ergon,2024-25,ergon:EBWIFT1,ergon-network-price-list-2024-25-sch8-wayback/EBWIFT1,,ergon-network-price-list-2024-25-sch8-wayback,,,,flags: grandfathered
withdrawn_tariff_listed/1d10cf51b2,withdrawn_tariff_listed,ausnet,2026-27,ausnet:NSP20,ausnet-network-tariff-schedule-2026-27-20260515/NSP20,,ausnet-network-tariff-schedule-2026-27-20260515,,,,flags: closed_to_new
withdrawn_tariff_listed/1e4eb34f5f,withdrawn_tariff_listed,ausnet,2023-24,ausnet:NEE93,ausnet-annual-pricing-proposal-2023-24/NEE93,,ausnet-annual-pricing-proposal-2023-24,,,,flags: closed_to_new
withdrawn_tariff_listed/1ea36cb152,withdrawn_tariff_listed,essential,2023-24,essential:BLNE1AU,essential-2023-24-network-price-list-31mar2023/BLNE1AU,,essential-2023-24-network-price-list-31mar2023,,,,"flags: closed_to_new, obsolete"
withdrawn_tariff_listed/1f403a0f35,withdrawn_tariff_listed,evoenergy,2026-27,evoenergy:030,evoenergy-schedule-of-charges-2026-27-aer-approved-april2026/030,,evoenergy-schedule-of-charges-2026-27-aer-approved-april2026,,,,flags: closed_to_new
withdrawn_tariff_listed/21267a037a,withdrawn_tariff_listed,ergon,2024-25,ergon:WBWIFT3,ergon-network-price-list-2024-25-sch8-wayback/WBWIFT3,,ergon-network-price-list-2024-25-sch8-wayback,,,,flags: grandfathered
withdrawn_tariff_listed/212b24e2c8,withdrawn_tariff_listed,ergon,2023-24,ergon:EBWIFT2,ergon-2023-24-network-price-list-31mar2023/EBWIFT2,,ergon-2023-24-network-price-list-31mar2023,,,,flags: grandfathered
withdrawn_tariff_listed/214ffa4346,withdrawn_tariff_listed,ergon,2025-26,ergon:MDMTT4,aer-consolidated-2025-26-v5/MDMTT4,,aer-consolidated-2025-26-v5,,,,flags: withdrawn
withdrawn_tariff_listed/216589800f,withdrawn_tariff_listed,ergon,2025-26,ergon:MDSTT4,aer-consolidated-2025-26-v5/MDSTT4/mtisa-demand-small,,aer-consolidated-2025-26-v5,,,,flags: withdrawn
withdrawn_tariff_listed/21d8c1ed59,withdrawn_tariff_listed,ausnet,2023-24,ausnet:NEE24,ausnet-annual-pricing-proposal-2023-24/NEE24,,ausnet-annual-pricing-proposal-2023-24,,,,flags: closed_to_new
withdrawn_tariff_listed/22e067de32,withdrawn_tariff_listed,essential,2023-24,essential:BHNS1AO,essential-2023-24-network-price-list-31mar2023/BHNS1AO,,essential-2023-24-network-price-list-31mar2023,,,,"flags: closed_to_new, obsolete"
withdrawn_tariff_listed/23a31a3baf,withdrawn_tariff_listed,ergon,2025-26,ergon:EBIRRT1,ergon-network-price-list-2025-26-sch8-wayback/EBIRRT1,,ergon-network-price-list-2025-26-sch8-wayback,,,,flags: grandfathered
withdrawn_tariff_listed/23c76fdf8e,withdrawn_tariff_listed,ergon,2023-24,ergon:EBFRMT2,ergon-2023-24-network-price-list-31mar2023/EBFRMT2,,ergon-2023-24-network-price-list-31mar2023,,,,flags: grandfathered
withdrawn_tariff_listed/23cf7a202d,withdrawn_tariff_listed,ausnet,2023-24,ausnet:NSP20,ausnet-2023-24-schedule-of-tariffs-31mar2023/NSP20,,ausnet-2023-24-schedule-of-tariffs-31mar2023,,,,flags: closed_to_new
withdrawn_tariff_listed/240044400a,withdrawn_tariff_listed,ergon,2024-25,ergon:EBIBT3,ergon-2024-25-network-price-list-28mar2024/EBIBT3,,ergon-2024-25-network-price-list-28mar2024,,,,flags: grandfathered
withdrawn_tariff_listed/2434746049,withdrawn_tariff_listed,jemena,2023-24,jemena:A34M,jemena-network-tariff-schedule-2023-24/A34M,,jemena-network-tariff-schedule-2023-24,,,,flags: closed_to_new
withdrawn_tariff_listed/24c25bcafb,withdrawn_tariff_listed,evoenergy,2025-26,evoenergy:040,evoenergy-schedule-of-charges-2025-26-incl-lfit-may2025/040,,evoenergy-schedule-of-charges-2025-26-incl-lfit-may2025,,,,flags: closed_to_new
withdrawn_tariff_listed/25005182ce,withdrawn_tariff_listed,sapn,2023-24,sapn:RSR,sapn-2023-24-annual-pricing-proposal-revised-8may2023/RSR,,sapn-2023-24-annual-pricing-proposal-revised-8may2023,,,,flags: closed_to_new
withdrawn_tariff_listed/25347f8c8a,withdrawn_tariff_listed,ergon,2023-24,ergon:EBFRMT2,ergon-network-price-list-2023-24-sch8-wayback/EBFRMT2,,ergon-network-price-list-2023-24-sch8-wayback,,,,flags: grandfathered
withdrawn_tariff_listed/269a3160b9,withdrawn_tariff_listed,endeavour,2024-25,endeavour:NS29,endeavour-nuos-price-list-2024-25-v10/NS29,,endeavour-nuos-price-list-2024-25-v10,,,,"flags: closed_to_new, obsolete"
withdrawn_tariff_listed/26b0de727f,withdrawn_tariff_listed,evoenergy,2026-27,evoenergy:031,evoenergy-schedule-of-charges-2026-27-incl-lfit-june2026/031,,evoenergy-schedule-of-charges-2026-27-incl-lfit-june2026,,,,flags: closed_to_new
withdrawn_tariff_listed/26dc297fb2,withdrawn_tariff_listed,ausnet,2023-24,ausnet:NASN12P,ausnet-2023-24-schedule-of-tariffs-31mar2023/NASN12P,,ausnet-2023-24-schedule-of-tariffs-31mar2023,,,,flags: closed_to_new
withdrawn_tariff_listed/26fc41b042,withdrawn_tariff_listed,ausgrid,2023-24,ausgrid:EA050,ausgrid-2023-24-annual-scs-pricing-proposal-31mar2023/EA050,,ausgrid-2023-24-annual-scs-pricing-proposal-31mar2023,,,,flags: closed_to_new
withdrawn_tariff_listed/27564fbff8,withdrawn_tariff_listed,tasnetworks,2023-24,tasnetworks:TAS61,tasnetworks-network-tariff-pricing-schedule-scs-2023-24/TAS61,,tasnetworks-network-tariff-pricing-schedule-scs-2023-24,,,,"flags: closed_to_new, obsolete"
withdrawn_tariff_listed/285f719a3d,withdrawn_tariff_listed,ergon,2023-24,ergon:ERIBT1,ergon-2023-24-network-price-list-31mar2023/ERIBT1,,ergon-2023-24-network-price-list-31mar2023,,,,flags: grandfathered
withdrawn_tariff_listed/2877273414,withdrawn_tariff_listed,ergon,2025-26,ergon:EDMTT2,aer-consolidated-2025-26-v5/EDMTT2,,aer-consolidated-2025-26-v5,,,,flags: withdrawn
withdrawn_tariff_listed/289135212b,withdrawn_tariff_listed,ergon,2024-25,ergon:EBWIFT2,ergon-network-price-list-2024-25-sch8-wayback/EBWIFT2,,ergon-network-price-list-2024-25-sch8-wayback,,,,flags: grandfathered
withdrawn_tariff_listed/28977ab74e,withdrawn_tariff_listed,ausnet,2024-25,ausnet:NEE16,ausnet-2024-25-schedule-of-tariffs-28mar2024/NEE16,,ausnet-2024-25-schedule-of-tariffs-28mar2024,,,,flags: closed_to_new
withdrawn_tariff_listed/291feac342,withdrawn_tariff_listed,ergon,2025-26,ergon:EBWIFT2,aer-consolidated-2025-26-v5/EBWIFT2,,aer-consolidated-2025-26-v5,,,,flags: withdrawn
withdrawn_tariff_listed/297d2f344d,withdrawn_tariff_listed,ergon,2025-26,ergon:EDSTT2,aer-consolidated-2025-26-v5/EDSTT2,,aer-consolidated-2025-26-v5,,,,flags: withdrawn
withdrawn_tariff_listed/29bdb92b52,withdrawn_tariff_listed,ausnet,2023-24,ausnet:NEE43,ausnet-2023-24-schedule-of-tariffs-31mar2023/NEE43,,ausnet-2023-24-schedule-of-tariffs-31mar2023,,,,flags: closed_to_new
withdrawn_tariff_listed/29c70f17e9,withdrawn_tariff_listed,ergon,2023-24,ergon:EBPMPT2,ergon-2023-24-network-price-list-31mar2023/EBPMPT2,,ergon-2023-24-network-price-list-31mar2023,,,,flags: grandfathered
withdrawn_tariff_listed/2a0993b433,withdrawn_tariff_listed,energex,2023-24,energex:4500,energex-network-price-list-2023-24-sch8-wayback/4500,,energex-network-price-list-2023-24-sch8-wayback,,,,flags: grandfathered
withdrawn_tariff_listed/2a3363572e,withdrawn_tariff_listed,jemena,2024-25,jemena:F270,jemena-network-tariff-schedule-2024-25/F270,,jemena-network-tariff-schedule-2024-25,,,,flags: closed_to_new
withdrawn_tariff_listed/2a49d93f27,withdrawn_tariff_listed,evoenergy,2026-27,evoenergy:011,evoenergy-schedule-of-charges-2026-27-aer-approved-april2026/011,,evoenergy-schedule-of-charges-2026-27-aer-approved-april2026,,,,flags: closed_to_new
withdrawn_tariff_listed/2a5af5157a,withdrawn_tariff_listed,evoenergy,2025-26,evoenergy:011,evoenergy-schedule-of-charges-2025-26-incl-lfit-may2025/011,,evoenergy-schedule-of-charges-2025-26-incl-lfit-may2025,,,,flags: closed_to_new
withdrawn_tariff_listed/2a9592ad21,withdrawn_tariff_listed,evoenergy,2023-24,evoenergy:040,evoenergy-statement-of-tariff-classes-and-tariffs-2023-24/040,,evoenergy-statement-of-tariff-classes-and-tariffs-2023-24,,,,flags: closed_to_new
withdrawn_tariff_listed/2b0bf6b15c,withdrawn_tariff_listed,ergon,2024-25,ergon:WRIBT1,ergon-2024-25-network-price-list-28mar2024/WRIBT1,,ergon-2024-25-network-price-list-28mar2024,,,,flags: grandfathered
withdrawn_tariff_listed/2b363b8134,withdrawn_tariff_listed,ausnet,2025-26,ausnet:NEN21,ausnet-network-tariff-schedule-2025-26/NEN21,,ausnet-network-tariff-schedule-2025-26,,,,flags: closed_to_new
withdrawn_tariff_listed/2c2d9aa07b,withdrawn_tariff_listed,energex,2023-24,energex:4500,energex-2023-24-network-price-list-27apr2023/4500,,energex-2023-24-network-price-list-27apr2023,,,,flags: grandfathered
withdrawn_tariff_listed/2cf1302f55,withdrawn_tariff_listed,sapn,2025-26,sapn:BSR,sapn-2025-26-pricing-proposal-overview-14may2025/BSR,,sapn-2025-26-pricing-proposal-overview-14may2025,,,,flags: closed_to_new
withdrawn_tariff_listed/2d427f4a74,withdrawn_tariff_listed,evoenergy,2024-25,evoenergy:021,evoenergy-schedule-of-charges-2024-25-lfit-adjusted/021,,evoenergy-schedule-of-charges-2024-25-lfit-adjusted,,,,flags: closed_to_new
withdrawn_tariff_listed/2d7aa87a81,withdrawn_tariff_listed,ergon,2023-24,ergon:EBWIFT1,ergon-network-price-list-2023-24-sch8-wayback/EBWIFT1,,ergon-network-price-list-2023-24-sch8-wayback,,,,flags: grandfathered
withdrawn_tariff_listed/2dd6c9ce6a,withdrawn_tariff_listed,ergon,2024-25,ergon:WBWIFT2,ergon-2024-25-network-price-list-28mar2024/WBWIFT2,,ergon-2024-25-network-price-list-28mar2024,,,,flags: grandfathered
withdrawn_tariff_listed/2dfc16a694,withdrawn_tariff_listed,ausnet,2025-26,ausnet:NEE18,ausnet-network-tariff-schedule-2025-26/NEE18,,ausnet-network-tariff-schedule-2025-26,,,,flags: closed_to_new
withdrawn_tariff_listed/2e3877a257,withdrawn_tariff_listed,ausgrid,2023-24,ausgrid:EA051,ausgrid-2023-24-annual-scs-pricing-proposal-31mar2023/EA051,,ausgrid-2023-24-annual-scs-pricing-proposal-31mar2023,,,,flags: closed_to_new
withdrawn_tariff_listed/2e86986583,withdrawn_tariff_listed,ergon,2024-25,ergon:MSTOUDT4,ergon-2024-25-network-price-list-28mar2024/MSTOUDT4,,ergon-2024-25-network-price-list-28mar2024,,,,flags: grandfathered
withdrawn_tariff_listed/2ee2f5f913,withdrawn_tariff_listed,tasnetworks,2024-25,tasnetworks:TAS31,tasnetworks-network-tariff-pricing-schedule-scs-2024-25/TAS31,,tasnetworks-network-tariff-pricing-schedule-scs-2024-25,,,,flags: obsolete
withdrawn_tariff_listed/2f3df67ade,withdrawn_tariff_listed,essential,2026-27,essential:BLNS1AO,essential-price-list-and-explanatory-notes-2026-27/BLNS1AO,,essential-price-list-and-explanatory-notes-2026-27,,,,"flags: closed_to_new, obsolete"
withdrawn_tariff_listed/2ffb7c0b70,withdrawn_tariff_listed,evoenergy,2024-25,evoenergy:016,evoenergy-schedule-of-charges-2024-25-lfit-adjusted/016,,evoenergy-schedule-of-charges-2024-25-lfit-adjusted,,,,flags: closed_to_new
withdrawn_tariff_listed/301917b852,withdrawn_tariff_listed,ausnet,2024-25,ausnet:NSP27,ausnet-2024-25-schedule-of-tariffs-28mar2024/NSP27,,ausnet-2024-25-schedule-of-tariffs-28mar2024,,,,flags: closed_to_new
withdrawn_tariff_listed/306f978ad7,withdrawn_tariff_listed,ergon,2023-24,ergon:MBIBT4,ergon-2023-24-network-price-list-31mar2023/MBIBT4,,ergon-2023-24-network-price-list-31mar2023,,,,flags: grandfathered
withdrawn_tariff_listed/307199f86a,withdrawn_tariff_listed,ausnet,2025-26,ausnet:NEN11,ausnet-network-tariff-schedule-2025-26/NEN11,,ausnet-network-tariff-schedule-2025-26,,,,flags: closed_to_new
withdrawn_tariff_listed/30871d9b00,withdrawn_tariff_listed,ausnet,2026-27,ausnet:NEE24,ausnet-network-tariff-schedule-2026-27-20260515/NEE24,,ausnet-network-tariff-schedule-2026-27-20260515,,,,flags: closed_to_new
withdrawn_tariff_listed/310af66407,withdrawn_tariff_listed,ausnet,2025-26,ausnet:NAST15,ausnet-network-tariff-schedule-2025-26/NAST15,,ausnet-network-tariff-schedule-2025-26,,,,flags: closed_to_new
withdrawn_tariff_listed/3119ef5560,withdrawn_tariff_listed,sapn,2023-24,sapn:B2RT,sapn-2023-24-annual-pricing-proposal-revised-8may2023/B2RT,,sapn-2023-24-annual-pricing-proposal-revised-8may2023,,,,flags: closed_to_new
withdrawn_tariff_listed/312b9282b7,withdrawn_tariff_listed,endeavour,2024-25,endeavour:NFT0,endeavour-nuos-price-list-2024-25-v10/NFT0,,endeavour-nuos-price-list-2024-25-v10,,,,"flags: closed_to_new, obsolete"
withdrawn_tariff_listed/3136371324,withdrawn_tariff_listed,ausnet,2023-24,ausnet:NEN56,ausnet-2023-24-schedule-of-tariffs-31mar2023/NEN56,,ausnet-2023-24-schedule-of-tariffs-31mar2023,,,,flags: closed_to_new
withdrawn_tariff_listed/34012ae4e9,withdrawn_tariff_listed,energex,2023-24,energex:8500,energex-network-price-list-2023-24-sch8-wayback/8500,,energex-network-price-list-2023-24-sch8-wayback,,,,flags: grandfathered
withdrawn_tariff_listed/34016aebe5,withdrawn_tariff_listed,essential,2024-25,essential:BLNN1AU,essential-price-list-and-explanatory-notes-2024-25/BLNN1AU,,essential-price-list-and-explanatory-notes-2024-25,,,,"flags: closed_to_new, obsolete"
withdrawn_tariff_listed/34251ed667,withdrawn_tariff_listed,ausnet,2023-24,ausnet:NEE43,ausnet-annual-pricing-proposal-2023-24/NEE43,,ausnet-annual-pricing-proposal-2023-24,,,,flags: closed_to_new
withdrawn_tariff_listed/3426ac286b,withdrawn_tariff_listed,ausnet,2023-24,ausnet:NEE42,ausnet-2023-24-schedule-of-tariffs-31mar2023/NEE42,,ausnet-2023-24-schedule-of-tariffs-31mar2023,,,,flags: closed_to_new
withdrawn_tariff_listed/3457e96d09,withdrawn_tariff_listed,unitedenergy,2024-25,unitedenergy:LVPTBB,unitedenergy-2024-25-tariff-summary-28mar2024/LVPTBB,,unitedenergy-2024-25-tariff-summary-28mar2024,,,,flags: closed_to_new
withdrawn_tariff_listed/34985a88c2,withdrawn_tariff_listed,ergon,2024-25,ergon:WRIBT2,ergon-network-price-list-2024-25-sch8-wayback/WRIBT2,,ergon-network-price-list-2024-25-sch8-wayback,,,,flags: grandfathered
withdrawn_tariff_listed/34cab39663,withdrawn_tariff_listed,ausnet,2024-25,ausnet:NEE18,ausnet-2024-25-schedule-of-tariffs-28mar2024/NEE18,,ausnet-2024-25-schedule-of-tariffs-28mar2024,,,,flags: closed_to_new
withdrawn_tariff_listed/34d76782c4,withdrawn_tariff_listed,ergon,2024-25,ergon:EBIRRT3,ergon-network-price-list-2024-25-sch8-wayback/EBIRRT3,,ergon-network-price-list-2024-25-sch8-wayback,,,,flags: grandfathered
withdrawn_tariff_listed/3577b67e09,withdrawn_tariff_listed,ausnet,2026-27,ausnet:SSP27,ausnet-network-tariff-schedule-2026-27-20260515/SSP27,,ausnet-network-tariff-schedule-2026-27-20260515,,,,flags: closed_to_new
withdrawn_tariff_listed/35e63f4771,withdrawn_tariff_listed,ergon,2024-25,ergon:ESTOUDT1,ergon-2024-25-network-price-list-28mar2024/ESTOUDT1,,ergon-2024-25-network-price-list-28mar2024,,,,flags: grandfathered
withdrawn_tariff_listed/36683f650e,withdrawn_tariff_listed,ergon,2023-24,ergon:WBWIFT1,ergon-network-price-list-2023-24-sch8-wayback/WBWIFT1,,ergon-network-price-list-2023-24-sch8-wayback,,,,flags: grandfathered
withdrawn_tariff_listed/36e4dfb47c,withdrawn_tariff_listed,ausnet,2024-25,ausnet:NEE15,ausnet-2024-25-schedule-of-tariffs-28mar2024/NEE15,,ausnet-2024-25-schedule-of-tariffs-28mar2024,,,,flags: closed_to_new
withdrawn_tariff_listed/370c613f7c,withdrawn_tariff_listed,ergon,2024-25,ergon:WSTOUDT3,ergon-2024-25-network-price-list-28mar2024/WSTOUDT3,,ergon-2024-25-network-price-list-28mar2024,,,,flags: grandfathered
withdrawn_tariff_listed/374e7cd61e,withdrawn_tariff_listed,sapn,2025-26,sapn:BSR,sapn-initial-pricing-proposal-overview-2025-26-id333252/BSR,,sapn-initial-pricing-proposal-overview-2025-26-id333252,,,,flags: closed_to_new
withdrawn_tariff_listed/37f1fcecdf,withdrawn_tariff_listed,ausnet,2025-26,ausnet:NASN12P,ausnet-network-tariff-schedule-2025-26/NASN12P,,ausnet-network-tariff-schedule-2025-26,,,,flags: closed_to_new
withdrawn_tariff_listed/38e9e00729,withdrawn_tariff_listed,ausnet,2023-24,ausnet:NEE11P,ausnet-annual-pricing-proposal-2023-24/NEE11P,,ausnet-annual-pricing-proposal-2023-24,,,,flags: closed_to_new
withdrawn_tariff_listed/39189a96ab,withdrawn_tariff_listed,ausnet,2023-24,ausnet:SSP27,ausnet-annual-pricing-proposal-2023-24/SSP27,,ausnet-annual-pricing-proposal-2023-24,,,,flags: closed_to_new
withdrawn_tariff_listed/394e4a8411,withdrawn_tariff_listed,evoenergy,2026-27,evoenergy:020,evoenergy-schedule-of-charges-2026-27-incl-lfit-june2026/020,,evoenergy-schedule-of-charges-2026-27-incl-lfit-june2026,,,,flags: closed_to_new
withdrawn_tariff_listed/39d5446231,withdrawn_tariff_listed,ergon,2023-24,ergon:ESTOUDT1,ergon-network-price-list-2023-24-sch8-wayback/ESTOUDT1,,ergon-network-price-list-2023-24-sch8-wayback,,,,flags: grandfathered
withdrawn_tariff_listed/39e981e90c,withdrawn_tariff_listed,evoenergy,2024-25,evoenergy:025,evoenergy-schedule-of-charges-2024-25-lfit-adjusted/025,,evoenergy-schedule-of-charges-2024-25-lfit-adjusted,,,,flags: closed_to_new
withdrawn_tariff_listed/3a935dcbda,withdrawn_tariff_listed,sapn,2025-26,sapn:B2R,sapn-initial-pricing-proposal-overview-2025-26-id333252/B2R,,sapn-initial-pricing-proposal-overview-2025-26-id333252,,,,flags: closed_to_new
withdrawn_tariff_listed/3b42a31fa5,withdrawn_tariff_listed,ergon,2026-27,ergon:EBIBT1,ergon-network-price-list-2026-27-sch8-wayback/EBIBT1,,ergon-network-price-list-2026-27-sch8-wayback,,,,flags: closed_to_new
withdrawn_tariff_listed/3ba8b39d0a,withdrawn_tariff_listed,energex,2023-24,energex:8800,energex-network-price-list-2023-24-sch8-wayback/8800,,energex-network-price-list-2023-24-sch8-wayback,,,,flags: grandfathered
withdrawn_tariff_listed/3bcfc0405c,withdrawn_tariff_listed,ergon,2023-24,ergon:EBIRRT1,ergon-2023-24-network-price-list-31mar2023/EBIRRT1,,ergon-2023-24-network-price-list-31mar2023,,,,flags: grandfathered
withdrawn_tariff_listed/3c0511c389,withdrawn_tariff_listed,ausnet,2024-25,ausnet:NEN56,ausnet-2024-25-schedule-of-tariffs-28mar2024/NEN56,,ausnet-2024-25-schedule-of-tariffs-28mar2024,,,,flags: closed_to_new
withdrawn_tariff_listed/3c8fbf4627,withdrawn_tariff_listed,ergon,2026-27,ergon:ERIBT1,ergon-network-price-list-2026-27-sch8-wayback/ERIBT1,,ergon-network-price-list-2026-27-sch8-wayback,,,,flags: closed_to_new
withdrawn_tariff_listed/3d127d0199,withdrawn_tariff_listed,ergon,2023-24,ergon:EBIBT1,ergon-network-price-list-2023-24-sch8-wayback/EBIBT1,,ergon-network-price-list-2023-24-sch8-wayback,,,,flags: grandfathered
withdrawn_tariff_listed/3d695f9652,withdrawn_tariff_listed,essential,2024-25,essential:BLNDTRS,essential-2024-25-nuos-price-list-20may2024/BLNDTRS,,essential-2024-25-nuos-price-list-20may2024,,,,"flags: closed_to_new, obsolete"
withdrawn_tariff_listed/3d8b5b2290,withdrawn_tariff_listed,essential,2024-25,essential:BLNDTRS,essential-price-list-and-explanatory-notes-2024-25/BLNDTRS,,essential-price-list-and-explanatory-notes-2024-25,,,,"flags: closed_to_new, obsolete"
withdrawn_tariff_listed/3d9bbc5d7a,withdrawn_tariff_listed,energex,2023-24,energex:8800,energex-2023-24-network-price-list-27apr2023/8800,,energex-2023-24-network-price-list-27apr2023,,,,flags: grandfathered
withdrawn_tariff_listed/3dd564ceac,withdrawn_tariff_listed,ergon,2023-24,ergon:MBWIFT4,ergon-network-price-list-2023-24-sch8-wayback/MBWIFT4,,ergon-network-price-list-2023-24-sch8-wayback,,,,flags: grandfathered
withdrawn_tariff_listed/3e00143db3,withdrawn_tariff_listed,ergon,2024-25,ergon:MRIBT4,ergon-network-price-list-2024-25-sch8-wayback/MRIBT4,,ergon-network-price-list-2024-25-sch8-wayback,,,,flags: grandfathered
withdrawn_tariff_listed/3e30dca7a6,withdrawn_tariff_listed,essential,2024-25,essential:BLNS1AO,essential-2024-25-nuos-price-list-20may2024/BLNS1AO,,essential-2024-25-nuos-price-list-20may2024,,,,"flags: closed_to_new, obsolete"
withdrawn_tariff_listed/3e4c9027ad,withdrawn_tariff_listed,jemena,2024-25,jemena:A40R,jemena-network-tariff-schedule-2024-25/A40R,,jemena-network-tariff-schedule-2024-25,,,,flags: closed_to_new
withdrawn_tariff_listed/3f0d203fae,withdrawn_tariff_listed,ergon,2024-25,ergon:MBWIFT4,ergon-network-price-list-2024-25-sch8-wayback/MBWIFT4,,ergon-network-price-list-2024-25-sch8-wayback,,,,flags: grandfathered
withdrawn_tariff_listed/3f66b3f154,withdrawn_tariff_listed,evoenergy,2024-25,evoenergy:020,evoenergy-schedule-of-charges-2024-25-lfit-adjusted/020,,evoenergy-schedule-of-charges-2024-25-lfit-adjusted,,,,flags: closed_to_new
withdrawn_tariff_listed/3f66e3fb9e,withdrawn_tariff_listed,tasnetworks,2023-24,tasnetworks:TAS101,tasnetworks-2023-24-network-tariff-application-and-price-guide-4apr2023/TAS101,,tasnetworks-2023-24-network-tariff-application-and-price-guide-4apr2023,,,,"flags: closed_to_new, obsolete"
withdrawn_tariff_listed/400cf63d7d,withdrawn_tariff_listed,ausnet,2026-27,ausnet:NAT56,ausnet-network-tariff-schedule-2026-27-20260515/NAT56,,ausnet-network-tariff-schedule-2026-27-20260515,,,,flags: closed_to_new
withdrawn_tariff_listed/4028f4fa49,withdrawn_tariff_listed,ausnet,2026-27,ausnet:NEE93,ausnet-network-tariff-schedule-2026-27-20260515/NEE93,,ausnet-network-tariff-schedule-2026-27-20260515,,,,flags: closed_to_new
withdrawn_tariff_listed/40744d75eb,withdrawn_tariff_listed,essential,2023-24,essential:BLNT1SU,essential-2023-24-network-price-list-31mar2023/BLNT1SU/obsolete-tariffs-not-applicable-to-new-connections,,essential-2023-24-network-price-list-31mar2023,,,,"flags: closed_to_new, obsolete"
withdrawn_tariff_listed/40fabe23c1,withdrawn_tariff_listed,ausnet,2023-24,ausnet:NEE60,ausnet-2023-24-schedule-of-tariffs-31mar2023/NEE60,,ausnet-2023-24-schedule-of-tariffs-31mar2023,,,,flags: closed_to_new
withdrawn_tariff_listed/41b3ff5079,withdrawn_tariff_listed,essential,2023-24,essential:BLNE30AU,essential-2023-24-network-price-list-31mar2023/BLNE30AU,,essential-2023-24-network-price-list-31mar2023,,,,"flags: closed_to_new, obsolete"
withdrawn_tariff_listed/41eb5a40c5,withdrawn_tariff_listed,ergon,2023-24,ergon:WBIBT2,ergon-network-price-list-2023-24-sch8-wayback/WBIBT2,,ergon-network-price-list-2023-24-sch8-wayback,,,,flags: grandfathered
withdrawn_tariff_listed/430960f1af,withdrawn_tariff_listed,ausnet,2023-24,ausnet:NSP27,ausnet-annual-pricing-proposal-2023-24/NSP27,,ausnet-annual-pricing-proposal-2023-24,,,,flags: closed_to_new
withdrawn_tariff_listed/430b3e5040,withdrawn_tariff_listed,evoenergy,2026-27,evoenergy:030,evoenergy-schedule-of-charges-2026-27-incl-lfit-june2026/030,,evoenergy-schedule-of-charges-2026-27-incl-lfit-june2026,,,,flags: closed_to_new
withdrawn_tariff_listed/431c2dc993,withdrawn_tariff_listed,evoenergy,2026-27,evoenergy:121,evoenergy-schedule-of-charges-2026-27-aer-approved-april2026/121,,evoenergy-schedule-of-charges-2026-27-aer-approved-april2026,,,,flags: closed_to_new
withdrawn_tariff_listed/4324bd13ce,withdrawn_tariff_listed,endeavour,2024-25,endeavour:NC03,endeavour-nuos-price-list-2024-25-v10/NC03,,endeavour-nuos-price-list-2024-25-v10,,,,"flags: closed_to_new, obsolete"
withdrawn_tariff_listed/439cf737da,withdrawn_tariff_listed,ergon,2025-26,ergon:EBPMPT1,ergon-network-price-list-2025-26-sch8-wayback/EBPMPT1,,ergon-network-price-list-2025-26-sch8-wayback,,,,flags: grandfathered
withdrawn_tariff_listed/43aced97a5,withdrawn_tariff_listed,ausnet,2024-25,ausnet:NSP21,ausnet-2024-25-schedule-of-tariffs-28mar2024/NSP21,,ausnet-2024-25-schedule-of-tariffs-28mar2024,,,,flags: closed_to_new
withdrawn_tariff_listed/443b6c03ca,withdrawn_tariff_listed,evoenergy,2026-27,evoenergy:026,evoenergy-schedule-of-charges-2026-27-incl-lfit-june2026/026,,evoenergy-schedule-of-charges-2026-27-incl-lfit-june2026,,,,flags: closed_to_new
withdrawn_tariff_listed/4478a26fb1,withdrawn_tariff_listed,endeavour,2024-25,endeavour:NC04,endeavour-nuos-price-list-2024-25-v10/NC04,,endeavour-nuos-price-list-2024-25-v10,,,,"flags: closed_to_new, obsolete"
withdrawn_tariff_listed/44f0ee955d,withdrawn_tariff_listed,ergon,2024-25,ergon:ESTOUDT3,ergon-2024-25-network-price-list-28mar2024/ESTOUDT3,,ergon-2024-25-network-price-list-28mar2024,,,,flags: grandfathered
withdrawn_tariff_listed/450a2cbffc,withdrawn_tariff_listed,ergon,2024-25,ergon:EBIRRT2,ergon-2024-25-network-price-list-28mar2024/EBIRRT2,,ergon-2024-25-network-price-list-28mar2024,,,,flags: grandfathered
withdrawn_tariff_listed/457a156540,withdrawn_tariff_listed,essential,2025-26,essential:BLNE24AU,essential-price-list-and-explanatory-notes-2025-26/BLNE24AU,,essential-price-list-and-explanatory-notes-2025-26,,,,"flags: closed_to_new, obsolete, withdrawn"
withdrawn_tariff_listed/4594f11ba1,withdrawn_tariff_listed,ausnet,2023-24,ausnet:NEN11,ausnet-2023-24-schedule-of-tariffs-31mar2023/NEN11,,ausnet-2023-24-schedule-of-tariffs-31mar2023,,,,flags: closed_to_new
withdrawn_tariff_listed/459ce5855c,withdrawn_tariff_listed,endeavour,2024-25,endeavour:N89,endeavour-nuos-price-list-2024-25-v10/N89,,endeavour-nuos-price-list-2024-25-v10,,,,flags: closed_to_new
withdrawn_tariff_listed/45ddb1e640,withdrawn_tariff_listed,endeavour,2024-25,endeavour:NC01,endeavour-nuos-price-list-2024-25-v10/NC01,,endeavour-nuos-price-list-2024-25-v10,,,,"flags: closed_to_new, obsolete"
withdrawn_tariff_listed/469a24a07b,withdrawn_tariff_listed,ergon,2023-24,ergon:EBIRRT2,ergon-2023-24-network-price-list-31mar2023/EBIRRT2,,ergon-2023-24-network-price-list-31mar2023,,,,flags: grandfathered
withdrawn_tariff_listed/46e5bad1c6,withdrawn_tariff_listed,ergon,2024-25,ergon:WBIBT2,ergon-network-price-list-2024-25-sch8-wayback/WBIBT2,,ergon-network-price-list-2024-25-sch8-wayback,,,,flags: grandfathered
withdrawn_tariff_listed/4799ca522a,withdrawn_tariff_listed,essential,2024-25,essential:BLNN2AU,essential-2024-25-nuos-price-list-20may2024/BLNN2AU,,essential-2024-25-nuos-price-list-20may2024,,,,"flags: closed_to_new, obsolete"
withdrawn_tariff_listed/47b70ea05d,withdrawn_tariff_listed,ergon,2023-24,ergon:ESTOUDT3,ergon-network-price-list-2023-24-sch8-wayback/ESTOUDT3,,ergon-network-price-list-2023-24-sch8-wayback,,,,flags: grandfathered
withdrawn_tariff_listed/47c4433e6f,withdrawn_tariff_listed,ausnet,2023-24,ausnet:NEE16,ausnet-annual-pricing-proposal-2023-24/NEE16,,ausnet-annual-pricing-proposal-2023-24,,,,flags: closed_to_new
withdrawn_tariff_listed/480d204c58,withdrawn_tariff_listed,ergon,2024-25,ergon:WSTOUDT2,ergon-2024-25-network-price-list-28mar2024/WSTOUDT2,,ergon-2024-25-network-price-list-28mar2024,,,,flags: grandfathered
withdrawn_tariff_listed/4810ba6dd0,withdrawn_tariff_listed,ergon,2023-24,ergon:ESTOUDT3,ergon-2023-24-network-price-list-31mar2023/ESTOUDT3,,ergon-2023-24-network-price-list-31mar2023,,,,flags: grandfathered
withdrawn_tariff_listed/496e5a15dd,withdrawn_tariff_listed,essential,2026-27,essential:BLNE25AU,essential-price-list-and-explanatory-notes-2026-27/BLNE25AU,,essential-price-list-and-explanatory-notes-2026-27,,,,"flags: closed_to_new, obsolete, withdrawn"
withdrawn_tariff_listed/4a991aa408,withdrawn_tariff_listed,energex,2025-26,energex:HSAC,aer-consolidated-2025-26-v5/HSAC/small-business-wide-ift-withdrawn-from-1-jul-25,,aer-consolidated-2025-26-v5,,,,flags: withdrawn
withdrawn_tariff_listed/4acb9037fa,withdrawn_tariff_listed,jemena,2025-26,jemena:A34M,jemena-network-tariff-schedule-2025-26/A34M,,jemena-network-tariff-schedule-2025-26,,,,flags: closed_to_new
withdrawn_tariff_listed/4acd1ee696,withdrawn_tariff_listed,ausgrid,2025-26,ausgrid:EA010,ausgrid-network-price-list-2025-26/EA010,,ausgrid-network-price-list-2025-26,,,,flags: closed_to_new
withdrawn_tariff_listed/4ade88c3cb,withdrawn_tariff_listed,evoenergy,2026-27,evoenergy:021,evoenergy-schedule-of-charges-2026-27-aer-approved-april2026/021,,evoenergy-schedule-of-charges-2026-27-aer-approved-april2026,,,,flags: closed_to_new
withdrawn_tariff_listed/4ba7f68ba3,withdrawn_tariff_listed,ergon,2024-25,ergon:ERIBT3,ergon-network-price-list-2024-25-sch8-wayback/ERIBT3,,ergon-network-price-list-2024-25-sch8-wayback,,,,flags: grandfathered
withdrawn_tariff_listed/4d251b9c65,withdrawn_tariff_listed,ergon,2024-25,ergon:EBIBT3,ergon-network-price-list-2024-25-sch8-wayback/EBIBT3,,ergon-network-price-list-2024-25-sch8-wayback,,,,flags: grandfathered
withdrawn_tariff_listed/4d6807991a,withdrawn_tariff_listed,endeavour,2024-25,endeavour:NFTE,endeavour-nuos-price-list-2024-25-v10/NFTE,,endeavour-nuos-price-list-2024-25-v10,,,,"flags: closed_to_new, obsolete"
withdrawn_tariff_listed/4e9b0140f6,withdrawn_tariff_listed,ausnet,2025-26,ausnet:NEE13,ausnet-network-tariff-schedule-2025-26/NEE13,,ausnet-network-tariff-schedule-2025-26,,,,flags: closed_to_new
withdrawn_tariff_listed/4eb015eaea,withdrawn_tariff_listed,ergon,2025-26,ergon:MBIBT4,ergon-network-price-list-2025-26-sch8-wayback/MBIBT4,,ergon-network-price-list-2025-26-sch8-wayback,,,,flags: grandfathered
withdrawn_tariff_listed/4fa4cfdb25,withdrawn_tariff_listed,ausnet,2026-27,ausnet:NEE31,ausnet-network-tariff-schedule-2026-27-20260515/NEE31,,ausnet-network-tariff-schedule-2026-27-20260515,,,,flags: closed_to_new
withdrawn_tariff_listed/4fb0416f16,withdrawn_tariff_listed,ergon,2024-25,ergon:WBWIFT1,ergon-network-price-list-2024-25-sch8-wayback/WBWIFT1,,ergon-network-price-list-2024-25-sch8-wayback,,,,flags: grandfathered
withdrawn_tariff_listed/500be25240,withdrawn_tariff_listed,essential,2023-24,essential:BHND1CO,essential-2023-24-network-price-list-31mar2023/BHND1CO,,essential-2023-24-network-price-list-31mar2023,,,,"flags: closed_to_new, obsolete"
withdrawn_tariff_listed/502e947657,withdrawn_tariff_listed,jemena,2025-26,jemena:A270,jemena-network-tariff-schedule-2025-26/A270,,jemena-network-tariff-schedule-2025-26,,,,flags: closed_to_new
withdrawn_tariff_listed/5049368915,withdrawn_tariff_listed,jemena,2024-25,jemena:F270,jemena-2024-25-network-tariff-schedule-28mar2024/F270,,jemena-2024-25-network-tariff-schedule-28mar2024,,,,flags: closed_to_new
withdrawn_tariff_listed/5092033dfe,withdrawn_tariff_listed,jemena,2025-26,jemena:A37M,jemena-network-tariff-schedule-2025-26/A37M,,jemena-network-tariff-schedule-2025-26,,,,flags: closed_to_new
withdrawn_tariff_listed/50ae94f923,withdrawn_tariff_listed,ergon,2024-25,ergon:EBPMPT2,ergon-network-price-list-2024-25-sch8-wayback/EBPMPT2,,ergon-network-price-list-2024-25-sch8-wayback,,,,flags: grandfathered
withdrawn_tariff_listed/50f73a756d,withdrawn_tariff_listed,ausnet,2024-25,ausnet:NEN21,ausnet-2024-25-schedule-of-tariffs-28mar2024/NEN21,,ausnet-2024-25-schedule-of-tariffs-28mar2024,,,,flags: closed_to_new
withdrawn_tariff_listed/5126848925,withdrawn_tariff_listed,ergon,2023-24,ergon:EBWIFT3,ergon-2023-24-network-price-list-31mar2023/EBWIFT3,,ergon-2023-24-network-price-list-31mar2023,,,,flags: grandfathered
withdrawn_tariff_listed/5139345b21,withdrawn_tariff_listed,ausnet,2026-27,ausnet:NEE18,ausnet-network-tariff-schedule-2026-27-20260515/NEE18,,ausnet-network-tariff-schedule-2026-27-20260515,,,,flags: closed_to_new
withdrawn_tariff_listed/51420964e7,withdrawn_tariff_listed,ausnet,2023-24,ausnet:NEE51,ausnet-2023-24-schedule-of-tariffs-31mar2023/NEE51,,ausnet-2023-24-schedule-of-tariffs-31mar2023,,,,flags: closed_to_new
withdrawn_tariff_listed/51865ad4fd,withdrawn_tariff_listed,ausnet,2026-27,ausnet:NEE30,ausnet-network-tariff-schedule-2026-27-20260515/NEE30,,ausnet-network-tariff-schedule-2026-27-20260515,,,,flags: closed_to_new
withdrawn_tariff_listed/519930a9ec,withdrawn_tariff_listed,ausnet,2026-27,ausnet:NSP21,ausnet-network-tariff-schedule-2026-27-20260515/NSP21,,ausnet-network-tariff-schedule-2026-27-20260515,,,,flags: closed_to_new
withdrawn_tariff_listed/521766f36c,withdrawn_tariff_listed,essential,2025-26,essential:BLNE25AU,essential-price-list-and-explanatory-notes-2025-26/BLNE25AU,,essential-price-list-and-explanatory-notes-2025-26,,,,"flags: closed_to_new, obsolete, withdrawn"
withdrawn_tariff_listed/52283c02cd,withdrawn_tariff_listed,ausnet,2025-26,ausnet:NEE51,ausnet-network-tariff-schedule-2025-26/NEE51,,ausnet-network-tariff-schedule-2025-26,,,,flags: closed_to_new
withdrawn_tariff_listed/5258e3a9b9,withdrawn_tariff_listed,ausnet,2023-24,ausnet:NEE31,ausnet-annual-pricing-proposal-2023-24/NEE31,,ausnet-annual-pricing-proposal-2023-24,,,,flags: closed_to_new
withdrawn_tariff_listed/53644322c7,withdrawn_tariff_listed,jemena,2026-27,jemena:A34T,jemena-network-tariff-schedule-2026-27/A34T,,jemena-network-tariff-schedule-2026-27,,,,flags: closed_to_new
withdrawn_tariff_listed/5405ebf792,withdrawn_tariff_listed,ausnet,2025-26,ausnet:NEE15,ausnet-network-tariff-schedule-2025-26/NEE15,,ausnet-network-tariff-schedule-2025-26,,,,flags: closed_to_new
withdrawn_tariff_listed/54a53374e7,withdrawn_tariff_listed,ergon,2024-25,ergon:ERIBT1,ergon-network-price-list-2024-25-sch8-wayback/ERIBT1,,ergon-network-price-list-2024-25-sch8-wayback,,,,flags: grandfathered
withdrawn_tariff_listed/54fcd2b5d1,withdrawn_tariff_listed,ausnet,2025-26,ausnet:NSP20,ausnet-network-tariff-schedule-2025-26/NSP20,,ausnet-network-tariff-schedule-2025-26,,,,flags: closed_to_new
withdrawn_tariff_listed/5520b96d73,withdrawn_tariff_listed,ausgrid,2023-24,ausgrid:EA011,ausgrid-2023-24-annual-scs-pricing-proposal-31mar2023/EA011,,ausgrid-2023-24-annual-scs-pricing-proposal-31mar2023,,,,flags: closed_to_new
withdrawn_tariff_listed/5570351ec5,withdrawn_tariff_listed,ergon,2023-24,ergon:MSTOUDT4,ergon-2023-24-network-price-list-31mar2023/MSTOUDT4,,ergon-2023-24-network-price-list-31mar2023,,,,flags: grandfathered
withdrawn_tariff_listed/566cb93e31,withdrawn_tariff_listed,ausnet,2023-24,ausnet:NSP23,ausnet-2023-24-schedule-of-tariffs-31mar2023/NSP23,,ausnet-2023-24-schedule-of-tariffs-31mar2023,,,,flags: closed_to_new
withdrawn_tariff_listed/56bc6c060c,withdrawn_tariff_listed,ergon,2023-24,ergon:WSTOUDT1,ergon-network-price-list-2023-24-sch8-wayback/WSTOUDT1,,ergon-network-price-list-2023-24-sch8-wayback,,,,flags: grandfathered
withdrawn_tariff_listed/572407ab57,withdrawn_tariff_listed,endeavour,2023-24,endeavour:N706,endeavour-2023-24-pricing-proposal-31mar2023/N706,,endeavour-2023-24-pricing-proposal-31mar2023,,,,"flags: closed_to_new, obsolete"
withdrawn_tariff_listed/5752e5d5ca,withdrawn_tariff_listed,endeavour,2024-25,endeavour:NS70,endeavour-nuos-price-list-2024-25-v10/NS70,,endeavour-nuos-price-list-2024-25-v10,,,,"flags: closed_to_new, obsolete"
withdrawn_tariff_listed/5790b9cecb,withdrawn_tariff_listed,ausnet,2023-24,ausnet:NEE16,ausnet-2023-24-schedule-of-tariffs-31mar2023/NEE16,,ausnet-2023-24-schedule-of-tariffs-31mar2023,,,,flags: closed_to_new
withdrawn_tariff_listed/58064c0a1e,withdrawn_tariff_listed,jemena,2023-24,jemena:A37M,jemena-2023-24-network-tariff-schedule-31mar2023/A37M,,jemena-2023-24-network-tariff-schedule-31mar2023,,,,flags: closed_to_new
withdrawn_tariff_listed/5910995899,withdrawn_tariff_listed,jemena,2024-25,jemena:A270,jemena-2024-25-network-tariff-schedule-28mar2024/A270,,jemena-2024-25-network-tariff-schedule-28mar2024,,,,flags: closed_to_new
withdrawn_tariff_listed/59d915b302,withdrawn_tariff_listed,ergon,2024-25,ergon:EBWIFT2,ergon-2024-25-network-price-list-28mar2024/EBWIFT2,,ergon-2024-25-network-price-list-28mar2024,,,,flags: grandfathered
withdrawn_tariff_listed/5a5fa19738,withdrawn_tariff_listed,ergon,2024-25,ergon:EBPMPT2,ergon-2024-25-network-price-list-28mar2024/EBPMPT2,,ergon-2024-25-network-price-list-28mar2024,,,,flags: grandfathered
withdrawn_tariff_listed/5a96142f54,withdrawn_tariff_listed,evoenergy,2025-26,evoenergy:020,evoenergy-schedule-of-charges-2025-26-incl-lfit-may2025/020,,evoenergy-schedule-of-charges-2025-26-incl-lfit-may2025,,,,flags: closed_to_new
withdrawn_tariff_listed/5aba024ef7,withdrawn_tariff_listed,ergon,2025-26,ergon:ERIBT1,ergon-network-price-list-2025-26-sch8-wayback/ERIBT1,,ergon-network-price-list-2025-26-sch8-wayback,,,,flags: grandfathered
withdrawn_tariff_listed/5b1e410ab0,withdrawn_tariff_listed,ergon,2025-26,ergon:WDMTT1,aer-consolidated-2025-26-v5/WDMTT1,,aer-consolidated-2025-26-v5,,,,flags: withdrawn
withdrawn_tariff_listed/5bede02659,withdrawn_tariff_listed,sapn,2024-25,sapn:M/QOPCL,sapn-2024-25-annual-pricing-proposal-19apr2024/M/QOPCL,,sapn-2024-25-annual-pricing-proposal-19apr2024,,,,flags: closed_to_new
withdrawn_tariff_listed/5cfb46880d,withdrawn_tariff_listed,ergon,2024-25,ergon:WBIBT2,ergon-2024-25-network-price-list-28mar2024/WBIBT2,,ergon-2024-25-network-price-list-28mar2024,,,,flags: grandfathered
withdrawn_tariff_listed/5d3da1f167,withdrawn_tariff_listed,ausnet,2023-24,ausnet:NEE24,ausnet-2023-24-schedule-of-tariffs-31mar2023/NEE24,,ausnet-2023-24-schedule-of-tariffs-31mar2023,,,,flags: closed_to_new
withdrawn_tariff_listed/5d4807d597,withdrawn_tariff_listed,ergon,2024-25,ergon:WBIBT1,ergon-network-price-list-2024-25-sch8-wayback/WBIBT1,,ergon-network-price-list-2024-25-sch8-wayback,,,,flags: grandfathered
withdrawn_tariff_listed/5dc3690336,withdrawn_tariff_listed,ausnet,2023-24,ausnet:SSP21,ausnet-annual-pricing-proposal-2023-24/SSP21,,ausnet-annual-pricing-proposal-2023-24,,,,flags: closed_to_new
withdrawn_tariff_listed/5e9dd77107,withdrawn_tariff_listed,ausnet,2023-24,ausnet:NEE41,ausnet-2023-24-schedule-of-tariffs-31mar2023/NEE41,,ausnet-2023-24-schedule-of-tariffs-31mar2023,,,,flags: closed_to_new
withdrawn_tariff_listed/5ea2214090,withdrawn_tariff_listed,ergon,2023-24,ergon:WBIBT1,ergon-network-price-list-2023-24-sch8-wayback/WBIBT1,,ergon-network-price-list-2023-24-sch8-wayback,,,,flags: grandfathered
withdrawn_tariff_listed/5f1a570587,withdrawn_tariff_listed,ausnet,2023-24,ausnet:NEN20,ausnet-2023-24-schedule-of-tariffs-31mar2023/NEN20,,ausnet-2023-24-schedule-of-tariffs-31mar2023,,,,flags: closed_to_new
withdrawn_tariff_listed/5f47552ec1,withdrawn_tariff_listed,ausnet,2024-25,ausnet:NEE43,ausnet-2024-25-schedule-of-tariffs-28mar2024/NEE43,,ausnet-2024-25-schedule-of-tariffs-28mar2024,,,,flags: closed_to_new
withdrawn_tariff_listed/5f5cfd4093,withdrawn_tariff_listed,ergon,2024-25,ergon:ERIBT2,ergon-network-price-list-2024-25-sch8-wayback/ERIBT2,,ergon-network-price-list-2024-25-sch8-wayback,,,,flags: grandfathered
withdrawn_tariff_listed/5f9f3890c5,withdrawn_tariff_listed,ergon,2024-25,ergon:ESTOUDT1,ergon-network-price-list-2024-25-sch8-wayback/ESTOUDT1,,ergon-network-price-list-2024-25-sch8-wayback,,,,flags: grandfathered
withdrawn_tariff_listed/600bdb8e27,withdrawn_tariff_listed,ausnet,2023-24,ausnet:NEE32,ausnet-annual-pricing-proposal-2023-24/NEE32,,ausnet-annual-pricing-proposal-2023-24,,,,flags: closed_to_new
withdrawn_tariff_listed/6021069964,withdrawn_tariff_listed,ergon,2023-24,ergon:ERIBT1,ergon-network-price-list-2023-24-sch8-wayback/ERIBT1,,ergon-network-price-list-2023-24-sch8-wayback,,,,flags: grandfathered
withdrawn_tariff_listed/606a1b75ce,withdrawn_tariff_listed,evoenergy,2024-25,evoenergy:111,evoenergy-schedule-of-charges-2024-25-lfit-adjusted/111,,evoenergy-schedule-of-charges-2024-25-lfit-adjusted,,,,flags: closed_to_new
withdrawn_tariff_listed/60c2e6fd32,withdrawn_tariff_listed,energex,2024-25,energex:7100,energex-2024-25-network-price-list-28mar2024/7100,,energex-2024-25-network-price-list-28mar2024,,,,flags: grandfathered
withdrawn_tariff_listed/611ab720bf,withdrawn_tariff_listed,ergon,2024-25,ergon:EBFRMT1,ergon-2024-25-network-price-list-28mar2024/EBFRMT1,,ergon-2024-25-network-price-list-28mar2024,,,,flags: grandfathered
withdrawn_tariff_listed/6127157ffa,withdrawn_tariff_listed,evoenergy,2026-27,evoenergy:016,evoenergy-schedule-of-charges-2026-27-aer-approved-april2026/016,,evoenergy-schedule-of-charges-2026-27-aer-approved-april2026,,,,flags: closed_to_new
withdrawn_tariff_listed/6135af7e21,withdrawn_tariff_listed,ausnet,2025-26,ausnet:NSP23,ausnet-network-tariff-schedule-2025-26/NSP23,,ausnet-network-tariff-schedule-2025-26,,,,flags: closed_to_new
withdrawn_tariff_listed/6163b362f6,withdrawn_tariff_listed,essential,2025-26,essential:BHNS1AO,essential-price-list-and-explanatory-notes-2025-26/BHNS1AO,,essential-price-list-and-explanatory-notes-2025-26,,,,"flags: closed_to_new, obsolete"
withdrawn_tariff_listed/61ac65fa71,withdrawn_tariff_listed,ergon,2025-26,ergon:WDSTT1,aer-consolidated-2025-26-v5/WDSTT1/west-demand-small,,aer-consolidated-2025-26-v5,,,,flags: withdrawn
withdrawn_tariff_listed/6206207566,withdrawn_tariff_listed,ausnet,2025-26,ausnet:NEE42,ausnet-network-tariff-schedule-2025-26/NEE42,,ausnet-network-tariff-schedule-2025-26,,,,flags: closed_to_new
withdrawn_tariff_listed/6244bf574e,withdrawn_tariff_listed,ausnet,2026-27,ausnet:NEE17,ausnet-network-tariff-schedule-2026-27-20260515/NEE17,,ausnet-network-tariff-schedule-2026-27-20260515,,,,flags: closed_to_new
withdrawn_tariff_listed/62baf1af37,withdrawn_tariff_listed,ausnet,2023-24,ausnet:NAST15,ausnet-2023-24-schedule-of-tariffs-31mar2023/NAST15,,ausnet-2023-24-schedule-of-tariffs-31mar2023,,,,flags: closed_to_new
withdrawn_tariff_listed/642f1ac317,withdrawn_tariff_listed,evoenergy,2024-25,evoenergy:010,evoenergy-schedule-of-charges-2024-25-lfit-adjusted/010,,evoenergy-schedule-of-charges-2024-25-lfit-adjusted,,,,flags: closed_to_new
withdrawn_tariff_listed/645df49907,withdrawn_tariff_listed,sapn,2024-25,sapn:RSR,sapn-2024-25-annual-pricing-proposal-19apr2024/RSR,,sapn-2024-25-annual-pricing-proposal-19apr2024,,,,flags: closed_to_new
withdrawn_tariff_listed/64605e0655,withdrawn_tariff_listed,ergon,2023-24,ergon:MRIBT4,ergon-network-price-list-2023-24-sch8-wayback/MRIBT4,,ergon-network-price-list-2023-24-sch8-wayback,,,,flags: grandfathered
withdrawn_tariff_listed/6530bb964e,withdrawn_tariff_listed,ergon,2025-26,ergon:WBIBT1,ergon-network-price-list-2025-26-sch8-wayback/WBIBT1,,ergon-network-price-list-2025-26-sch8-wayback,,,,flags: grandfathered
withdrawn_tariff_listed/65342dcb27,withdrawn_tariff_listed,ausnet,2023-24,ausnet:NEN21,ausnet-2023-24-schedule-of-tariffs-31mar2023/NEN21,,ausnet-2023-24-schedule-of-tariffs-31mar2023,,,,flags: closed_to_new
withdrawn_tariff_listed/6570276440,withdrawn_tariff_listed,sapn,2024-25,sapn:BD,sapn-2024-25-annual-pricing-proposal-19apr2024/BD,,sapn-2024-25-annual-pricing-proposal-19apr2024,,,,flags: closed_to_new
withdrawn_tariff_listed/657d515ea7,withdrawn_tariff_listed,evoenergy,2025-26,evoenergy:015,evoenergy-schedule-of-charges-2025-26-incl-lfit-may2025/015,,evoenergy-schedule-of-charges-2025-26-incl-lfit-may2025,,,,flags: closed_to_new
withdrawn_tariff_listed/66a4ccff9b,withdrawn_tariff_listed,ausnet,2024-25,ausnet:NEE31,ausnet-2024-25-schedule-of-tariffs-28mar2024/NEE31,,ausnet-2024-25-schedule-of-tariffs-28mar2024,,,,flags: closed_to_new
withdrawn_tariff_listed/66f4989fed,withdrawn_tariff_listed,ausnet,2023-24,ausnet:SSP23,ausnet-annual-pricing-proposal-2023-24/SSP23,,ausnet-annual-pricing-proposal-2023-24,,,,flags: closed_to_new
withdrawn_tariff_listed/677a6b9fde,withdrawn_tariff_listed,ausnet,2023-24,ausnet:NAST13,ausnet-2023-24-schedule-of-tariffs-31mar2023/NAST13,,ausnet-2023-24-schedule-of-tariffs-31mar2023,,,,flags: closed_to_new
withdrawn_tariff_listed/690b9a6459,withdrawn_tariff_listed,evoenergy,2025-26,evoenergy:111,evoenergy-schedule-of-charges-2025-26-incl-lfit-may2025/111,,evoenergy-schedule-of-charges-2025-26-incl-lfit-may2025,,,,flags: closed_to_new
withdrawn_tariff_listed/6936d1088c,withdrawn_tariff_listed,energex,2025-26,energex:8400,energex-network-price-list-2025-26-sch8-wayback/8400,,energex-network-price-list-2025-26-sch8-wayback,,,,flags: grandfathered
withdrawn_tariff_listed/6a88a5010b,withdrawn_tariff_listed,ausgrid,2023-24,ausgrid:EA317,ausgrid-2023-24-annual-scs-pricing-proposal-31mar2023/EA317,,ausgrid-2023-24-annual-scs-pricing-proposal-31mar2023,,,,flags: closed_to_new
withdrawn_tariff_listed/6adb480c0f,withdrawn_tariff_listed,essential,2025-26,essential:BLNT1AO,essential-price-list-and-explanatory-notes-2025-26/BLNT1AO,,essential-price-list-and-explanatory-notes-2025-26,,,,"flags: closed_to_new, obsolete"
withdrawn_tariff_listed/6c1db141c6,withdrawn_tariff_listed,ergon,2024-25,ergon:ESTOUDT2,ergon-2024-25-network-price-list-28mar2024/ESTOUDT2,,ergon-2024-25-network-price-list-28mar2024,,,,flags: grandfathered
withdrawn_tariff_listed/6c5396afcb,withdrawn_tariff_listed,evoenergy,2025-26,evoenergy:025,evoenergy-schedule-of-charges-2025-26-incl-lfit-may2025/025,,evoenergy-schedule-of-charges-2025-26-incl-lfit-may2025,,,,flags: closed_to_new
withdrawn_tariff_listed/6d44b292bf,withdrawn_tariff_listed,ergon,2024-25,ergon:EBWIFT1,ergon-2024-25-network-price-list-28mar2024/EBWIFT1,,ergon-2024-25-network-price-list-28mar2024,,,,flags: grandfathered
withdrawn_tariff_listed/6d525801d5,withdrawn_tariff_listed,ergon,2025-26,ergon:WDSTT1,aer-consolidated-2025-26-v5/WDSTT1/west-demand-small-withdrawn-from-1-jul-25,,aer-consolidated-2025-26-v5,,,,flags: withdrawn
withdrawn_tariff_listed/6d82d3a003,withdrawn_tariff_listed,ergon,2024-25,ergon:WSTOUDT2,ergon-network-price-list-2024-25-sch8-wayback/WSTOUDT2,,ergon-network-price-list-2024-25-sch8-wayback,,,,flags: grandfathered
withdrawn_tariff_listed/6ddda3ac07,withdrawn_tariff_listed,tasnetworks,2023-24,tasnetworks:TAS92,tasnetworks-2023-24-network-tariff-application-and-price-guide-4apr2023/TAS92,,tasnetworks-2023-24-network-tariff-application-and-price-guide-4apr2023,,,,"flags: closed_to_new, obsolete"
withdrawn_tariff_listed/6e14386436,withdrawn_tariff_listed,evoenergy,2026-27,evoenergy:015,evoenergy-schedule-of-charges-2026-27-aer-approved-april2026/015,,evoenergy-schedule-of-charges-2026-27-aer-approved-april2026,,,,flags: closed_to_new
withdrawn_tariff_listed/6f00a72223,withdrawn_tariff_listed,ausnet,2023-24,ausnet:NEE12P,ausnet-2023-24-schedule-of-tariffs-31mar2023/NEE12P,,ausnet-2023-24-schedule-of-tariffs-31mar2023,,,,flags: closed_to_new
withdrawn_tariff_listed/70240d42d8,withdrawn_tariff_listed,evoenergy,2026-27,evoenergy:040,evoenergy-schedule-of-charges-2026-27-incl-lfit-june2026/040,,evoenergy-schedule-of-charges-2026-27-incl-lfit-june2026,,,,flags: closed_to_new
withdrawn_tariff_listed/7041ccbff6,withdrawn_tariff_listed,ergon,2025-26,ergon:EBFRMT1,ergon-network-price-list-2025-26-sch8-wayback/EBFRMT1,,ergon-network-price-list-2025-26-sch8-wayback,,,,flags: grandfathered
withdrawn_tariff_listed/7060712fd0,withdrawn_tariff_listed,energex,2023-24,energex:7100,energex-network-price-list-2023-24-sch8-wayback/7100,,energex-network-price-list-2023-24-sch8-wayback,,,,"flags: closed_to_new, grandfathered"
withdrawn_tariff_listed/70d8a4a1ac,withdrawn_tariff_listed,tasnetworks,2026-27,tasnetworks:TAS41,tasnetworks-network-pricing-schedule-2026-27/TAS41,,tasnetworks-network-pricing-schedule-2026-27,,,,flags: obsolete
withdrawn_tariff_listed/7123326019,withdrawn_tariff_listed,ergon,2024-25,ergon:WRIBT3,ergon-2024-25-network-price-list-28mar2024/WRIBT3,,ergon-2024-25-network-price-list-28mar2024,,,,flags: grandfathered
withdrawn_tariff_listed/71529c1ee4,withdrawn_tariff_listed,ausnet,2024-25,ausnet:NEE51,ausnet-2024-25-schedule-of-tariffs-28mar2024/NEE51,,ausnet-2024-25-schedule-of-tariffs-28mar2024,,,,flags: closed_to_new
withdrawn_tariff_listed/71c14ccf26,withdrawn_tariff_listed,ergon,2023-24,ergon:EBFRMT1,ergon-2023-24-network-price-list-31mar2023/EBFRMT1,,ergon-2023-24-network-price-list-31mar2023,,,,flags: grandfathered
withdrawn_tariff_listed/72549f461f,withdrawn_tariff_listed,ergon,2024-25,ergon:EBPMPT3,ergon-2024-25-network-price-list-28mar2024/EBPMPT3,,ergon-2024-25-network-price-list-28mar2024,,,,flags: grandfathered
withdrawn_tariff_listed/726d3359dd,withdrawn_tariff_listed,endeavour,2024-25,endeavour:NFTF,endeavour-nuos-price-list-2024-25-v10/NFTF,,endeavour-nuos-price-list-2024-25-v10,,,,"flags: closed_to_new, obsolete"
withdrawn_tariff_listed/73b0846bef,withdrawn_tariff_listed,ausnet,2024-25,ausnet:NEE93,ausnet-2024-25-schedule-of-tariffs-28mar2024/NEE93,,ausnet-2024-25-schedule-of-tariffs-28mar2024,,,,flags: closed_to_new
withdrawn_tariff_listed/73b7fbedfc,withdrawn_tariff_listed,essential,2024-25,essential:BLNT3AL,essential-price-list-and-explanatory-notes-2024-25/BLNT3AL,,essential-price-list-and-explanatory-notes-2024-25,,,,"flags: closed_to_new, obsolete"
withdrawn_tariff_listed/744e6c281f,withdrawn_tariff_listed,evoenergy,2026-27,evoenergy:025,evoenergy-schedule-of-charges-2026-27-incl-lfit-june2026/025,,evoenergy-schedule-of-charges-2026-27-incl-lfit-june2026,,,,flags: closed_to_new
withdrawn_tariff_listed/74e0cd3095,withdrawn_tariff_listed,energex,2026-27,energex:8500,energex-network-price-list-2026-27-sch8-wayback/8500,,energex-network-price-list-2026-27-sch8-wayback,,,,flags: closed_to_new
withdrawn_tariff_listed/754dcf4e19,withdrawn_tariff_listed,energex,2023-24,energex:8900,energex-2023-24-network-price-list-27apr2023/8900,,energex-2023-24-network-price-list-27apr2023,,,,flags: grandfathered
withdrawn_tariff_listed/762bfc71cb,withdrawn_tariff_listed,essential,2023-24,essential:BHND1SO,essential-2023-24-network-price-list-31mar2023/BHND1SO,,essential-2023-24-network-price-list-31mar2023,,,,"flags: closed_to_new, obsolete"
withdrawn_tariff_listed/76bf0c98a0,withdrawn_tariff_listed,ergon,2024-25,ergon:ERIBT3,ergon-2024-25-network-price-list-28mar2024/ERIBT3,,ergon-2024-25-network-price-list-28mar2024,,,,flags: grandfathered
withdrawn_tariff_listed/76cc8b22ca,withdrawn_tariff_listed,energex,2023-24,energex:8500,energex-2023-24-network-price-list-27apr2023/8500,,energex-2023-24-network-price-list-27apr2023,,,,flags: grandfathered
withdrawn_tariff_listed/7719422a45,withdrawn_tariff_listed,evoenergy,2024-25,evoenergy:015,evoenergy-schedule-of-charges-2024-25-lfit-adjusted/015,,evoenergy-schedule-of-charges-2024-25-lfit-adjusted,,,,flags: closed_to_new
withdrawn_tariff_listed/78a570dc70,withdrawn_tariff_listed,ergon,2023-24,ergon:ERIBT3,ergon-network-price-list-2023-24-sch8-wayback/ERIBT3,,ergon-network-price-list-2023-24-sch8-wayback,,,,flags: grandfathered
withdrawn_tariff_listed/78f0348bb0,withdrawn_tariff_listed,jemena,2026-27,jemena:A37T,jemena-network-tariff-schedule-2026-27/A37T,,jemena-network-tariff-schedule-2026-27,,,,flags: closed_to_new
withdrawn_tariff_listed/792e0bbd8d,withdrawn_tariff_listed,ausnet,2024-25,ausnet:NAST15,ausnet-2024-25-schedule-of-tariffs-28mar2024/NAST15,,ausnet-2024-25-schedule-of-tariffs-28mar2024,,,,flags: closed_to_new
withdrawn_tariff_listed/795fc0106a,withdrawn_tariff_listed,tasnetworks,2023-24,tasnetworks:TAS61,tasnetworks-2023-24-network-tariff-application-and-price-guide-4apr2023/TAS61,,tasnetworks-2023-24-network-tariff-application-and-price-guide-4apr2023,,,,"flags: closed_to_new, obsolete"
withdrawn_tariff_listed/798d6b7821,withdrawn_tariff_listed,tasnetworks,2026-27,tasnetworks:TAS22,tasnetworks-network-pricing-schedule-2026-27/TAS22,,tasnetworks-network-pricing-schedule-2026-27,,,,flags: obsolete
withdrawn_tariff_listed/7996768124,withdrawn_tariff_listed,ausnet,2025-26,ausnet:NEE32,ausnet-network-tariff-schedule-2025-26/NEE32,,ausnet-network-tariff-schedule-2025-26,,,,flags: closed_to_new
withdrawn_tariff_listed/799e884efb,withdrawn_tariff_listed,endeavour,2024-25,endeavour:NC02,endeavour-nuos-price-list-2024-25-v10/NC02,,endeavour-nuos-price-list-2024-25-v10,,,,"flags: closed_to_new, obsolete"
withdrawn_tariff_listed/79b8e5aff1,withdrawn_tariff_listed,ausnet,2023-24,ausnet:NEE93,ausnet-2023-24-schedule-of-tariffs-31mar2023/NEE93,,ausnet-2023-24-schedule-of-tariffs-31mar2023,,,,flags: closed_to_new
withdrawn_tariff_listed/79daa1b726,withdrawn_tariff_listed,jemena,2026-27,jemena:A270,jemena-network-tariff-schedule-2026-27/A270,,jemena-network-tariff-schedule-2026-27,,,,flags: closed_to_new
withdrawn_tariff_listed/79dc42a4da,withdrawn_tariff_listed,energex,2024-25,energex:8400,energex-2024-25-network-price-list-28mar2024/8400,,energex-2024-25-network-price-list-28mar2024,,,,flags: grandfathered
withdrawn_tariff_listed/7a40787c8f,withdrawn_tariff_listed,evoenergy,2023-24,evoenergy:121,evoenergy-statement-of-tariff-classes-and-tariffs-2023-24/121,,evoenergy-statement-of-tariff-classes-and-tariffs-2023-24,,,,flags: closed_to_new
withdrawn_tariff_listed/7a750a9280,withdrawn_tariff_listed,ausnet,2023-24,ausnet:NAST13,ausnet-annual-pricing-proposal-2023-24/NAST13,,ausnet-annual-pricing-proposal-2023-24,,,,flags: closed_to_new
withdrawn_tariff_listed/7b580f043a,withdrawn_tariff_listed,ausnet,2024-25,ausnet:NEE17,ausnet-2024-25-schedule-of-tariffs-28mar2024/NEE17,,ausnet-2024-25-schedule-of-tariffs-28mar2024,,,,flags: closed_to_new
withdrawn_tariff_listed/7bcd5dba83,withdrawn_tariff_listed,ergon,2023-24,ergon:WBWIFT1,ergon-2023-24-network-price-list-31mar2023/WBWIFT1,,ergon-2023-24-network-price-list-31mar2023,,,,flags: grandfathered
withdrawn_tariff_listed/7bec97752e,withdrawn_tariff_listed,ergon,2024-25,ergon:WBWIFT3,ergon-2024-25-network-price-list-28mar2024/WBWIFT3,,ergon-2024-25-network-price-list-28mar2024,,,,flags: grandfathered
withdrawn_tariff_listed/7c01e28b4a,withdrawn_tariff_listed,ergon,2023-24,ergon:EBIRRT3,ergon-2023-24-network-price-list-31mar2023/EBIRRT3,,ergon-2023-24-network-price-list-31mar2023,,,,flags: grandfathered
withdrawn_tariff_listed/7c2b5790e1,withdrawn_tariff_listed,ausnet,2023-24,ausnet:NEE42,ausnet-annual-pricing-proposal-2023-24/NEE42,,ausnet-annual-pricing-proposal-2023-24,,,,flags: closed_to_new
withdrawn_tariff_listed/7c5a638c04,withdrawn_tariff_listed,ausnet,2025-26,ausnet:NEE31,ausnet-network-tariff-schedule-2025-26/NEE31,,ausnet-network-tariff-schedule-2025-26,,,,flags: closed_to_new
withdrawn_tariff_listed/7c9f58c1a0,withdrawn_tariff_listed,evoenergy,2026-27,evoenergy:010,evoenergy-schedule-of-charges-2026-27-incl-lfit-june2026/010,,evoenergy-schedule-of-charges-2026-27-incl-lfit-june2026,,,,flags: closed_to_new
withdrawn_tariff_listed/7d9790fcef,withdrawn_tariff_listed,energex,2023-24,energex:8900,energex-network-price-list-2023-24-sch8-wayback/8900,,energex-network-price-list-2023-24-sch8-wayback,,,,flags: grandfathered
withdrawn_tariff_listed/7de93a2afa,withdrawn_tariff_listed,ergon,2025-26,ergon:WDMTT2,aer-consolidated-2025-26-v5/WDMTT2,,aer-consolidated-2025-26-v5,,,,flags: withdrawn
withdrawn_tariff_listed/7e76cad0ee,withdrawn_tariff_listed,evoenergy,2026-27,evoenergy:021,evoenergy-schedule-of-charges-2026-27-incl-lfit-june2026/021,,evoenergy-schedule-of-charges-2026-27-incl-lfit-june2026,,,,flags: closed_to_new
withdrawn_tariff_listed/7f26b9bbab,withdrawn_tariff_listed,evoenergy,2023-24,evoenergy:021,evoenergy-statement-of-tariff-classes-and-tariffs-2023-24/021,,evoenergy-statement-of-tariff-classes-and-tariffs-2023-24,,,,flags: closed_to_new
withdrawn_tariff_listed/7f31a7fdb8,withdrawn_tariff_listed,essential,2023-24,essential:BLND1NO,essential-2023-24-network-price-list-31mar2023/BLND1NO,,essential-2023-24-network-price-list-31mar2023,,,,"flags: closed_to_new, obsolete"
withdrawn_tariff_listed/7f31ac70ea,withdrawn_tariff_listed,ausnet,2023-24,ausnet:NAST14,ausnet-2023-24-schedule-of-tariffs-31mar2023/NAST14,,ausnet-2023-24-schedule-of-tariffs-31mar2023,,,,flags: closed_to_new
withdrawn_tariff_listed/803c5c0519,withdrawn_tariff_listed,ergon,2024-25,ergon:WSTOUDT3,ergon-network-price-list-2024-25-sch8-wayback/WSTOUDT3,,ergon-network-price-list-2024-25-sch8-wayback,,,,flags: grandfathered
withdrawn_tariff_listed/811e45d28d,withdrawn_tariff_listed,ausnet,2024-25,ausnet:NEE24,ausnet-2024-25-schedule-of-tariffs-28mar2024/NEE24,,ausnet-2024-25-schedule-of-tariffs-28mar2024,,,,flags: closed_to_new
withdrawn_tariff_listed/82581ccb0f,withdrawn_tariff_listed,ergon,2023-24,ergon:ESTOUDT1,ergon-2023-24-network-price-list-31mar2023/ESTOUDT1,,ergon-2023-24-network-price-list-31mar2023,,,,flags: grandfathered
withdrawn_tariff_listed/8262fb5d68,withdrawn_tariff_listed,ergon,2023-24,ergon:WSTOUDT1,ergon-2023-24-network-price-list-31mar2023/WSTOUDT1,,ergon-2023-24-network-price-list-31mar2023,,,,flags: grandfathered
withdrawn_tariff_listed/82a8f4a256,withdrawn_tariff_listed,ausnet,2023-24,ausnet:NAST11P,ausnet-annual-pricing-proposal-2023-24/NAST11P,,ausnet-annual-pricing-proposal-2023-24,,,,flags: closed_to_new
withdrawn_tariff_listed/82f609e929,withdrawn_tariff_listed,ausnet,2023-24,ausnet:NSP21,ausnet-annual-pricing-proposal-2023-24/NSP21,,ausnet-annual-pricing-proposal-2023-24,,,,flags: closed_to_new
withdrawn_tariff_listed/83369b66a5,withdrawn_tariff_listed,ausgrid,2023-24,ausgrid:EA360,ausgrid-2023-24-annual-scs-pricing-proposal-31mar2023/EA360,,ausgrid-2023-24-annual-scs-pricing-proposal-31mar2023,,,,flags: closed_to_new
withdrawn_tariff_listed/83b611d474,withdrawn_tariff_listed,essential,2026-27,essential:BHNS1AO,essential-price-list-and-explanatory-notes-2026-27/BHNS1AO,,essential-price-list-and-explanatory-notes-2026-27,,,,"flags: closed_to_new, obsolete"
withdrawn_tariff_listed/84247ab66f,withdrawn_tariff_listed,tasnetworks,2023-24,tasnetworks:TAS92,tasnetworks-network-tariff-pricing-schedule-scs-2023-24/TAS92/residential-low-voltage,,tasnetworks-network-tariff-pricing-schedule-scs-2023-24,,,,"flags: closed_to_new, obsolete"
withdrawn_tariff_listed/843a51bb2c,withdrawn_tariff_listed,ausnet,2023-24,ausnet:NEE15,ausnet-2023-24-schedule-of-tariffs-31mar2023/NEE15,,ausnet-2023-24-schedule-of-tariffs-31mar2023,,,,flags: closed_to_new
withdrawn_tariff_listed/848ff59c3e,withdrawn_tariff_listed,jemena,2023-24,jemena:A40R,jemena-2023-24-network-tariff-schedule-31mar2023/A40R,,jemena-2023-24-network-tariff-schedule-31mar2023,,,,flags: closed_to_new
withdrawn_tariff_listed/84a43623bc,withdrawn_tariff_listed,endeavour,2023-24,endeavour:N845,endeavour-2023-24-pricing-proposal-31mar2023/N845,,endeavour-2023-24-pricing-proposal-31mar2023,,,,"flags: closed_to_new, obsolete"
withdrawn_tariff_listed/84d281c4e0,withdrawn_tariff_listed,ergon,2023-24,ergon:WRIBT2,ergon-2023-24-network-price-list-31mar2023/WRIBT2,,ergon-2023-24-network-price-list-31mar2023,,,,flags: grandfathered
withdrawn_tariff_listed/85194574b3,withdrawn_tariff_listed,endeavour,2024-25,endeavour:NFTB,endeavour-nuos-price-list-2024-25-v10/NFTB,,endeavour-nuos-price-list-2024-25-v10,,,,"flags: closed_to_new, obsolete"
withdrawn_tariff_listed/85846b8efc,withdrawn_tariff_listed,essential,2023-24,essential:BLND1SU,essential-2023-24-network-price-list-31mar2023/BLND1SU,,essential-2023-24-network-price-list-31mar2023,,,,"flags: closed_to_new, obsolete"
withdrawn_tariff_listed/859ccce1e0,withdrawn_tariff_listed,sapn,2025-26,sapn:RSR,sapn-2025-26-pricing-proposal-overview-14may2025/RSR,,sapn-2025-26-pricing-proposal-overview-14may2025,,,,flags: closed_to_new
withdrawn_tariff_listed/86322bcafa,withdrawn_tariff_listed,evoenergy,2025-26,evoenergy:021,evoenergy-schedule-of-charges-2025-26-incl-lfit-may2025/021,,evoenergy-schedule-of-charges-2025-26-incl-lfit-may2025,,,,flags: closed_to_new
withdrawn_tariff_listed/8707753da5,withdrawn_tariff_listed,evoenergy,2023-24,evoenergy:030,evoenergy-statement-of-tariff-classes-and-tariffs-2023-24/030,,evoenergy-statement-of-tariff-classes-and-tariffs-2023-24,,,,flags: closed_to_new
withdrawn_tariff_listed/87b19d3dfb,withdrawn_tariff_listed,essential,2023-24,essential:BLNE13AU,essential-2023-24-network-price-list-31mar2023/BLNE13AU,,essential-2023-24-network-price-list-31mar2023,,,,"flags: closed_to_new, obsolete, withdrawn"
withdrawn_tariff_listed/87eaa3fcb5,withdrawn_tariff_listed,ausnet,2024-25,ausnet:SSP27,ausnet-2024-25-schedule-of-tariffs-28mar2024/SSP27,,ausnet-2024-25-schedule-of-tariffs-28mar2024,,,,flags: closed_to_new
withdrawn_tariff_listed/87ef4313ab,withdrawn_tariff_listed,essential,2023-24,essential:BLNE11AU,essential-2023-24-network-price-list-31mar2023/BLNE11AU,,essential-2023-24-network-price-list-31mar2023,,,,"flags: closed_to_new, obsolete, withdrawn"
withdrawn_tariff_listed/897062ac13,withdrawn_tariff_listed,tasnetworks,2024-25,tasnetworks:TAS61,tasnetworks-network-tariff-pricing-schedule-scs-2024-25/TAS61,,tasnetworks-network-tariff-pricing-schedule-scs-2024-25,,,,flags: obsolete
withdrawn_tariff_listed/897850bf68,withdrawn_tariff_listed,ausnet,2025-26,ausnet:NEE60,ausnet-network-tariff-schedule-2025-26/NEE60,,ausnet-network-tariff-schedule-2025-26,,,,flags: closed_to_new
withdrawn_tariff_listed/89ec3ba473,withdrawn_tariff_listed,jemena,2024-25,jemena:A37M,jemena-network-tariff-schedule-2024-25/A37M,,jemena-network-tariff-schedule-2024-25,,,,flags: closed_to_new
withdrawn_tariff_listed/8a579a1dcf,withdrawn_tariff_listed,ergon,2024-25,ergon:WBIBT1,ergon-2024-25-network-price-list-28mar2024/WBIBT1,,ergon-2024-25-network-price-list-28mar2024,,,,flags: grandfathered
withdrawn_tariff_listed/8aa64300da,withdrawn_tariff_listed,ergon,2024-25,ergon:WSTOUDT1,ergon-2024-25-network-price-list-28mar2024/WSTOUDT1,,ergon-2024-25-network-price-list-28mar2024,,,,flags: grandfathered
withdrawn_tariff_listed/8aedc2b3aa,withdrawn_tariff_listed,ergon,2023-24,ergon:MBWIFT4,ergon-2023-24-network-price-list-31mar2023/MBWIFT4,,ergon-2023-24-network-price-list-31mar2023,,,,flags: grandfathered
withdrawn_tariff_listed/8b4cc53915,withdrawn_tariff_listed,ausnet,2025-26,ausnet:NEE16,ausnet-network-tariff-schedule-2025-26/NEE16,,ausnet-network-tariff-schedule-2025-26,,,,flags: closed_to_new
withdrawn_tariff_listed/8b73957ade,withdrawn_tariff_listed,energex,2025-26,energex:8500,energex-network-price-list-2025-26-sch8-wayback/8500,,energex-network-price-list-2025-26-sch8-wayback,,,,flags: grandfathered
withdrawn_tariff_listed/8bc6013b8a,withdrawn_tariff_listed,ausnet,2025-26,ausnet:NAST14,ausnet-network-tariff-schedule-2025-26/NAST14,,ausnet-network-tariff-schedule-2025-26,,,,flags: closed_to_new
withdrawn_tariff_listed/8c285e886b,withdrawn_tariff_listed,evoenergy,2026-27,evoenergy:025,evoenergy-schedule-of-charges-2026-27-aer-approved-april2026/025,,evoenergy-schedule-of-charges-2026-27-aer-approved-april2026,,,,flags: closed_to_new
withdrawn_tariff_listed/8ca4f13f69,withdrawn_tariff_listed,ergon,2024-25,ergon:EBPMPT1,ergon-network-price-list-2024-25-sch8-wayback/EBPMPT1,,ergon-network-price-list-2024-25-sch8-wayback,,,,flags: grandfathered
withdrawn_tariff_listed/8d425010f4,withdrawn_tariff_listed,ausnet,2023-24,ausnet:NSP27,ausnet-2023-24-schedule-of-tariffs-31mar2023/NSP27,,ausnet-2023-24-schedule-of-tariffs-31mar2023,,,,flags: closed_to_new
withdrawn_tariff_listed/8d755c7321,withdrawn_tariff_listed,ausnet,2026-27,ausnet:NSP23,ausnet-network-tariff-schedule-2026-27-20260515/NSP23,,ausnet-network-tariff-schedule-2026-27-20260515,,,,flags: closed_to_new
withdrawn_tariff_listed/8db47f1cc6,withdrawn_tariff_listed,essential,2026-27,essential:BLNT3AU,essential-price-list-and-explanatory-notes-2026-27/BLNT3AU,,essential-price-list-and-explanatory-notes-2026-27,,,,"flags: closed_to_new, obsolete"
withdrawn_tariff_listed/8e1bd331b0,withdrawn_tariff_listed,jemena,2024-25,jemena:A270,jemena-network-tariff-schedule-2024-25/A270,,jemena-network-tariff-schedule-2024-25,,,,flags: closed_to_new
withdrawn_tariff_listed/8e6104d473,withdrawn_tariff_listed,ausgrid,2026-27,ausgrid:EA010,ausgrid-network-price-list-2026-27/EA010,,ausgrid-network-price-list-2026-27,,,,flags: closed_to_new
withdrawn_tariff_listed/8e7b9dcff0,withdrawn_tariff_listed,ausnet,2026-27,ausnet:NEE16,ausnet-network-tariff-schedule-2026-27-20260515/NEE16,,ausnet-network-tariff-schedule-2026-27-20260515,,,,flags: closed_to_new
withdrawn_tariff_listed/8f7762954d,withdrawn_tariff_listed,ausnet,2023-24,ausnet:SSP21,ausnet-2023-24-schedule-of-tariffs-31mar2023/SSP21,,ausnet-2023-24-schedule-of-tariffs-31mar2023,,,,flags: closed_to_new
withdrawn_tariff_listed/90041bf633,withdrawn_tariff_listed,ausnet,2023-24,ausnet:NSP20,ausnet-annual-pricing-proposal-2023-24/NSP20,,ausnet-annual-pricing-proposal-2023-24,,,,flags: closed_to_new
withdrawn_tariff_listed/903ef4b479,withdrawn_tariff_listed,ergon,2024-25,ergon:WRIBT3,ergon-network-price-list-2024-25-sch8-wayback/WRIBT3,,ergon-network-price-list-2024-25-sch8-wayback,,,,flags: grandfathered
withdrawn_tariff_listed/9077ef6a55,withdrawn_tariff_listed,ergon,2024-25,ergon:EBFRMT3,ergon-2024-25-network-price-list-28mar2024/EBFRMT3,,ergon-2024-25-network-price-list-28mar2024,,,,flags: grandfathered
withdrawn_tariff_listed/9099f6d68f,withdrawn_tariff_listed,evoenergy,2026-27,evoenergy:020,evoenergy-schedule-of-charges-2026-27-aer-approved-april2026/020,,evoenergy-schedule-of-charges-2026-27-aer-approved-april2026,,,,flags: closed_to_new
withdrawn_tariff_listed/90dd77a098,withdrawn_tariff_listed,sapn,2025-26,sapn:RSRNE,sapn-2025-26-pricing-proposal-overview-14may2025/RSRNE,,sapn-2025-26-pricing-proposal-overview-14may2025,,,,flags: closed_to_new
withdrawn_tariff_listed/9138cb81e8,withdrawn_tariff_listed,ausnet,2024-25,ausnet:NEE32,ausnet-2024-25-schedule-of-tariffs-28mar2024/NEE32,,ausnet-2024-25-schedule-of-tariffs-28mar2024,,,,flags: closed_to_new
withdrawn_tariff_listed/913feffdde,withdrawn_tariff_listed,ausnet,2024-25,ausnet:NAST11P,ausnet-2024-25-schedule-of-tariffs-28mar2024/NAST11P,,ausnet-2024-25-schedule-of-tariffs-28mar2024,,,,flags: closed_to_new
withdrawn_tariff_listed/92575c47a5,withdrawn_tariff_listed,ergon,2023-24,ergon:WSTOUDT3,ergon-network-price-list-2023-24-sch8-wayback/WSTOUDT3,,ergon-network-price-list-2023-24-sch8-wayback,,,,flags: grandfathered
withdrawn_tariff_listed/927212f7b4,withdrawn_tariff_listed,energex,2024-25,energex:3000,energex-network-price-list-2024-25-sch8-wayback/3000,,energex-network-price-list-2024-25-sch8-wayback,,,,flags: grandfathered
withdrawn_tariff_listed/9273eacc75,withdrawn_tariff_listed,ergon,2023-24,ergon:EBPMPT2,ergon-network-price-list-2023-24-sch8-wayback/EBPMPT2,,ergon-network-price-list-2023-24-sch8-wayback,,,,flags: grandfathered
withdrawn_tariff_listed/92e231b1f9,withdrawn_tariff_listed,ergon,2023-24,ergon:WSTOUDT2,ergon-2023-24-network-price-list-31mar2023/WSTOUDT2,,ergon-2023-24-network-price-list-31mar2023,,,,flags: grandfathered
withdrawn_tariff_listed/9422e078cd,withdrawn_tariff_listed,sapn,2024-25,sapn:HBD,sapn-2024-25-annual-pricing-proposal-19apr2024/HBD,,sapn-2024-25-annual-pricing-proposal-19apr2024,,,,flags: closed_to_new
withdrawn_tariff_listed/942513e758,withdrawn_tariff_listed,ausnet,2025-26,ausnet:SSP27,ausnet-network-tariff-schedule-2025-26/SSP27,,ausnet-network-tariff-schedule-2025-26,,,,flags: closed_to_new
withdrawn_tariff_listed/94ecab0e35,withdrawn_tariff_listed,evoenergy,2024-25,evoenergy:026,evoenergy-schedule-of-charges-2024-25-lfit-adjusted/026,,evoenergy-schedule-of-charges-2024-25-lfit-adjusted,,,,flags: closed_to_new
withdrawn_tariff_listed/9534739909,withdrawn_tariff_listed,ausnet,2024-25,ausnet:SSP21,ausnet-2024-25-schedule-of-tariffs-28mar2024/SSP21,,ausnet-2024-25-schedule-of-tariffs-28mar2024,,,,flags: closed_to_new
withdrawn_tariff_listed/9559e348a0,withdrawn_tariff_listed,ergon,2023-24,ergon:WRIBT1,ergon-network-price-list-2023-24-sch8-wayback/WRIBT1,,ergon-network-price-list-2023-24-sch8-wayback,,,,flags: grandfathered
withdrawn_tariff_listed/95ec46d887,withdrawn_tariff_listed,tasnetworks,2023-24,tasnetworks:TAS92,tasnetworks-network-tariff-pricing-schedule-scs-2023-24/TAS92/residential,,tasnetworks-network-tariff-pricing-schedule-scs-2023-24,,,,"flags: closed_to_new, obsolete"
withdrawn_tariff_listed/9609ce435d,withdrawn_tariff_listed,energex,2025-26,energex:HSAC,aer-consolidated-2025-26-v5/HSAC/residential-tou-withdrawn-from-1-jul-25,,aer-consolidated-2025-26-v5,,,,flags: withdrawn
withdrawn_tariff_listed/9625ed1eff,withdrawn_tariff_listed,evoenergy,2023-24,evoenergy:011,evoenergy-statement-of-tariff-classes-and-tariffs-2023-24/011,,evoenergy-statement-of-tariff-classes-and-tariffs-2023-24,,,,flags: closed_to_new
withdrawn_tariff_listed/967ea47967,withdrawn_tariff_listed,ausnet,2023-24,ausnet:NAST11P,ausnet-2023-24-schedule-of-tariffs-31mar2023/NAST11P,,ausnet-2023-24-schedule-of-tariffs-31mar2023,,,,flags: closed_to_new
withdrawn_tariff_listed/96b25744d5,withdrawn_tariff_listed,essential,2025-26,essential:BLNT3AL,essential-price-list-and-explanatory-notes-2025-26/BLNT3AL,,essential-price-list-and-explanatory-notes-2025-26,,,,"flags: closed_to_new, obsolete"
withdrawn_tariff_listed/96b4134d95,withdrawn_tariff_listed,ausnet,2024-25,ausnet:NEE60,ausnet-2024-25-schedule-of-tariffs-28mar2024/NEE60,,ausnet-2024-25-schedule-of-tariffs-28mar2024,,,,flags: closed_to_new
withdrawn_tariff_listed/96dbbf51c0,withdrawn_tariff_listed,ergon,2023-24,ergon:EBIBT3,ergon-network-price-list-2023-24-sch8-wayback/EBIBT3,,ergon-network-price-list-2023-24-sch8-wayback,,,,flags: grandfathered
withdrawn_tariff_listed/96ff6f24c7,withdrawn_tariff_listed,ergon,2023-24,ergon:WBWIFT3,ergon-2023-24-network-price-list-31mar2023/WBWIFT3,,ergon-2023-24-network-price-list-31mar2023,,,,flags: grandfathered
withdrawn_tariff_listed/9724fffe5f,withdrawn_tariff_listed,ergon,2026-27,ergon:WBIBT1,ergon-network-price-list-2026-27-sch8-wayback/WBIBT1,,ergon-network-price-list-2026-27-sch8-wayback,,,,flags: closed_to_new
withdrawn_tariff_listed/986423a52d,withdrawn_tariff_listed,ergon,2023-24,ergon:EBPMPT3,ergon-2023-24-network-price-list-31mar2023/EBPMPT3,,ergon-2023-24-network-price-list-31mar2023,,,,flags: grandfathered
withdrawn_tariff_listed/98726e02c9,withdrawn_tariff_listed,ausnet,2025-26,ausnet:NSP27,ausnet-network-tariff-schedule-2025-26/NSP27,,ausnet-network-tariff-schedule-2025-26,,,,flags: closed_to_new
withdrawn_tariff_listed/9a010e776b,withdrawn_tariff_listed,ausnet,2023-24,ausnet:NAST14,ausnet-annual-pricing-proposal-2023-24/NAST14,,ausnet-annual-pricing-proposal-2023-24,,,,flags: closed_to_new
withdrawn_tariff_listed/9a0695cb22,withdrawn_tariff_listed,energex,2024-25,energex:7100,energex-network-price-list-2024-25-sch8-wayback/7100,,energex-network-price-list-2024-25-sch8-wayback,,,,flags: grandfathered
withdrawn_tariff_listed/9a219fe40b,withdrawn_tariff_listed,ergon,2025-26,ergon:MDLTT4,aer-consolidated-2025-26-v5/MDLTT4,,aer-consolidated-2025-26-v5,,,,flags: withdrawn
withdrawn_tariff_listed/9a39796888,withdrawn_tariff_listed,ergon,2023-24,ergon:WBIBT2,ergon-2023-24-network-price-list-31mar2023/WBIBT2,,ergon-2023-24-network-price-list-31mar2023,,,,flags: grandfathered
withdrawn_tariff_listed/9a86992c55,withdrawn_tariff_listed,ausnet,2026-27,ausnet:NEE32,ausnet-network-tariff-schedule-2026-27-20260515/NEE32,,ausnet-network-tariff-schedule-2026-27-20260515,,,,flags: closed_to_new
withdrawn_tariff_listed/9acbf5e2a3,withdrawn_tariff_listed,ausnet,2023-24,ausnet:NEE12P,ausnet-annual-pricing-proposal-2023-24/NEE12P,,ausnet-annual-pricing-proposal-2023-24,,,,flags: closed_to_new
withdrawn_tariff_listed/9af7b56072,withdrawn_tariff_listed,ergon,2025-26,ergon:EDSTT1,aer-consolidated-2025-26-v5/EDSTT1/east-demand-small-withdrawn-from-1-jul-25,,aer-consolidated-2025-26-v5,,,,flags: withdrawn
withdrawn_tariff_listed/9b008cdbf5,withdrawn_tariff_listed,evoenergy,2025-26,evoenergy:030,evoenergy-schedule-of-charges-2025-26-incl-lfit-may2025/030,,evoenergy-schedule-of-charges-2025-26-incl-lfit-may2025,,,,flags: closed_to_new
withdrawn_tariff_listed/9b6629330a,withdrawn_tariff_listed,ausnet,2024-25,ausnet:NEN20,ausnet-2024-25-schedule-of-tariffs-28mar2024/NEN20,,ausnet-2024-25-schedule-of-tariffs-28mar2024,,,,flags: closed_to_new
withdrawn_tariff_listed/9b7aa0defc,withdrawn_tariff_listed,evoenergy,2026-27,evoenergy:040,evoenergy-schedule-of-charges-2026-27-aer-approved-april2026/040,,evoenergy-schedule-of-charges-2026-27-aer-approved-april2026,,,,flags: closed_to_new
withdrawn_tariff_listed/9c2a7670f8,withdrawn_tariff_listed,ausnet,2023-24,ausnet:NEE40,ausnet-2023-24-schedule-of-tariffs-31mar2023/NEE40,,ausnet-2023-24-schedule-of-tariffs-31mar2023,,,,flags: closed_to_new
withdrawn_tariff_listed/9d2cb3d7a1,withdrawn_tariff_listed,ausnet,2024-25,ausnet:NEN11,ausnet-2024-25-schedule-of-tariffs-28mar2024/NEN11,,ausnet-2024-25-schedule-of-tariffs-28mar2024,,,,flags: closed_to_new
withdrawn_tariff_listed/9dcb7fbd5a,withdrawn_tariff_listed,essential,2024-25,essential:BLNS1AO,essential-price-list-and-explanatory-notes-2024-25/BLNS1AO,,essential-price-list-and-explanatory-notes-2024-25,,,,"flags: closed_to_new, obsolete"
withdrawn_tariff_listed/9e2817bcd9,withdrawn_tariff_listed,ausnet,2025-26,ausnet:NEE30,ausnet-network-tariff-schedule-2025-26/NEE30,,ausnet-network-tariff-schedule-2025-26,,,,flags: closed_to_new
withdrawn_tariff_listed/9eaa27cd39,withdrawn_tariff_listed,ausgrid,2026-27,ausgrid:EA050,ausgrid-network-price-list-2026-27/EA050,,ausgrid-network-price-list-2026-27,,,,flags: closed_to_new
withdrawn_tariff_listed/9eb84706e8,withdrawn_tariff_listed,energex,2025-26,energex:HSAC,aer-consolidated-2025-26-v5/HSAC/business-tou-withdrawn-from-1-jul-25,,aer-consolidated-2025-26-v5,,,,flags: withdrawn
withdrawn_tariff_listed/9f162204f0,withdrawn_tariff_listed,essential,2023-24,essential:BLNE25AU,essential-2023-24-network-price-list-31mar2023/BLNE25AU,,essential-2023-24-network-price-list-31mar2023,,,,"flags: closed_to_new, obsolete, withdrawn"
withdrawn_tariff_listed/9f9b4325f4,withdrawn_tariff_listed,essential,2024-25,essential:BLNP1AO,essential-price-list-and-explanatory-notes-2024-25/BLNP1AO,,essential-price-list-and-explanatory-notes-2024-25,,,,"flags: closed_to_new, obsolete"
withdrawn_tariff_listed/9f9ed728a4,withdrawn_tariff_listed,essential,2025-26,essential:BLNT2AU,essential-price-list-and-explanatory-notes-2025-26/BLNT2AU,,essential-price-list-and-explanatory-notes-2025-26,,,,"flags: closed_to_new, obsolete"
withdrawn_tariff_listed/9fba43a295,withdrawn_tariff_listed,evoenergy,2024-25,evoenergy:030,evoenergy-schedule-of-charges-2024-25-lfit-adjusted/030,,evoenergy-schedule-of-charges-2024-25-lfit-adjusted,,,,flags: closed_to_new
withdrawn_tariff_listed/a0159361a9,withdrawn_tariff_listed,ausnet,2023-24,ausnet:NASN12P,ausnet-annual-pricing-proposal-2023-24/NASN12P,,ausnet-annual-pricing-proposal-2023-24,,,,flags: closed_to_new
withdrawn_tariff_listed/a0c09485f0,withdrawn_tariff_listed,ausnet,2023-24,ausnet:NEE40,ausnet-annual-pricing-proposal-2023-24/NEE40,,ausnet-annual-pricing-proposal-2023-24,,,,flags: closed_to_new
withdrawn_tariff_listed/a15c4c92eb,withdrawn_tariff_listed,ausnet,2024-25,ausnet:NEE13,ausnet-2024-25-schedule-of-tariffs-28mar2024/NEE13,,ausnet-2024-25-schedule-of-tariffs-28mar2024,,,,flags: closed_to_new
withdrawn_tariff_listed/a30cda0fb8,withdrawn_tariff_listed,ausnet,2024-25,ausnet:NAST13,ausnet-2024-25-schedule-of-tariffs-28mar2024/NAST13,,ausnet-2024-25-schedule-of-tariffs-28mar2024,,,,flags: closed_to_new
withdrawn_tariff_listed/a4309bcdf3,withdrawn_tariff_listed,tasnetworks,2026-27,tasnetworks:TAS31,tasnetworks-network-pricing-schedule-2026-27/TAS31,,tasnetworks-network-pricing-schedule-2026-27,,,,flags: obsolete
withdrawn_tariff_listed/a4559bec42,withdrawn_tariff_listed,ergon,2024-25,ergon:MSTOUDT4,ergon-network-price-list-2024-25-sch8-wayback/MSTOUDT4,,ergon-network-price-list-2024-25-sch8-wayback,,,,flags: grandfathered
withdrawn_tariff_listed/a45c4b3652,withdrawn_tariff_listed,ergon,2024-25,ergon:EBWIFT3,ergon-network-price-list-2024-25-sch8-wayback/EBWIFT3,,ergon-network-price-list-2024-25-sch8-wayback,,,,flags: grandfathered
withdrawn_tariff_listed/a49deb5157,withdrawn_tariff_listed,ergon,2025-26,ergon:WBWIFT3,aer-consolidated-2025-26-v5/WBWIFT3,,aer-consolidated-2025-26-v5,,,,flags: withdrawn
withdrawn_tariff_listed/a5299612b4,withdrawn_tariff_listed,energex,2024-25,energex:8400,energex-network-price-list-2024-25-sch8-wayback/8400,,energex-network-price-list-2024-25-sch8-wayback,,,,flags: grandfathered
withdrawn_tariff_listed/a58ebce001,withdrawn_tariff_listed,ausnet,2025-26,ausnet:NEN12,ausnet-network-tariff-schedule-2025-26/NEN12,,ausnet-network-tariff-schedule-2025-26,,,,flags: closed_to_new
withdrawn_tariff_listed/a5d00b3c5e,withdrawn_tariff_listed,ergon,2024-25,ergon:EBFRMT1,ergon-network-price-list-2024-25-sch8-wayback/EBFRMT1,,ergon-network-price-list-2024-25-sch8-wayback,,,,flags: grandfathered
withdrawn_tariff_listed/a60c74a29b,withdrawn_tariff_listed,essential,2024-25,essential:BLNT1AO,essential-price-list-and-explanatory-notes-2024-25/BLNT1AO,,essential-price-list-and-explanatory-notes-2024-25,,,,"flags: closed_to_new, obsolete"
withdrawn_tariff_listed/a6c9fda433,withdrawn_tariff_listed,jemena,2023-24,jemena:A40R,jemena-network-tariff-schedule-2023-24/A40R,,jemena-network-tariff-schedule-2023-24,,,,flags: closed_to_new
withdrawn_tariff_listed/a70bc7dad9,withdrawn_tariff_listed,ergon,2025-26,ergon:EDMTT1,aer-consolidated-2025-26-v5/EDMTT1,,aer-consolidated-2025-26-v5,,,,flags: withdrawn
withdrawn_tariff_listed/a806dc7429,withdrawn_tariff_listed,ausnet,2023-24,ausnet:NAST12P,ausnet-annual-pricing-proposal-2023-24/NAST12P,,ausnet-annual-pricing-proposal-2023-24,,,,flags: closed_to_new
withdrawn_tariff_listed/a807fe9522,withdrawn_tariff_listed,ergon,2023-24,ergon:WRIBT3,ergon-network-price-list-2023-24-sch8-wayback/WRIBT3,,ergon-network-price-list-2023-24-sch8-wayback,,,,flags: grandfathered
withdrawn_tariff_listed/a82601c90c,withdrawn_tariff_listed,sapn,2023-24,sapn:B2R,sapn-2023-24-annual-pricing-proposal-revised-8may2023/B2R,,sapn-2023-24-annual-pricing-proposal-revised-8may2023,,,,flags: closed_to_new
withdrawn_tariff_listed/a909c0d5d6,withdrawn_tariff_listed,jemena,2025-26,jemena:A40R,jemena-network-tariff-schedule-2025-26/A40R,,jemena-network-tariff-schedule-2025-26,,,,flags: closed_to_new
withdrawn_tariff_listed/a95c238d37,withdrawn_tariff_listed,tasnetworks,2026-27,tasnetworks:TAS61,tasnetworks-network-pricing-schedule-2026-27/TAS61,,tasnetworks-network-pricing-schedule-2026-27,,,,flags: obsolete
withdrawn_tariff_listed/a9a74f6ef9,withdrawn_tariff_listed,ausnet,2024-25,ausnet:NEE74,ausnet-2024-25-schedule-of-tariffs-28mar2024/NEE74,,ausnet-2024-25-schedule-of-tariffs-28mar2024,,,,flags: closed_to_new
withdrawn_tariff_listed/aa0f4134e0,withdrawn_tariff_listed,ausnet,2023-24,ausnet:NASN11P,ausnet-annual-pricing-proposal-2023-24/NASN11P,,ausnet-annual-pricing-proposal-2023-24,,,,flags: closed_to_new
withdrawn_tariff_listed/aa0fb07132,withdrawn_tariff_listed,essential,2026-27,essential:BLNT2AL,essential-price-list-and-explanatory-notes-2026-27/BLNT2AL,,essential-price-list-and-explanatory-notes-2026-27,,,,"flags: closed_to_new, obsolete"
withdrawn_tariff_listed/aa9b22320b,withdrawn_tariff_listed,sapn,2024-25,sapn:B2R,sapn-2024-25-annual-pricing-proposal-19apr2024/B2R,,sapn-2024-25-annual-pricing-proposal-19apr2024,,,,flags: closed_to_new
withdrawn_tariff_listed/ab1b255bdd,withdrawn_tariff_listed,evoenergy,2025-26,evoenergy:031,evoenergy-schedule-of-charges-2025-26-incl-lfit-may2025/031,,evoenergy-schedule-of-charges-2025-26-incl-lfit-may2025,,,,flags: closed_to_new
withdrawn_tariff_listed/ab509424ac,withdrawn_tariff_listed,essential,2023-24,essential:BLNT1SU,essential-2023-24-network-price-list-31mar2023/BLNT1SU/business-tariffs,,essential-2023-24-network-price-list-31mar2023,,,,"flags: closed_to_new, obsolete"
withdrawn_tariff_listed/ac080a95f1,withdrawn_tariff_listed,ausnet,2024-25,ausnet:NAST14,ausnet-2024-25-schedule-of-tariffs-28mar2024/NAST14,,ausnet-2024-25-schedule-of-tariffs-28mar2024,,,,flags: closed_to_new
withdrawn_tariff_listed/ac0b161053,withdrawn_tariff_listed,ausnet,2024-25,ausnet:NEE14,ausnet-2024-25-schedule-of-tariffs-28mar2024/NEE14,,ausnet-2024-25-schedule-of-tariffs-28mar2024,,,,flags: closed_to_new
withdrawn_tariff_listed/ac0dd305bb,withdrawn_tariff_listed,essential,2024-25,essential:BLNE24AU,essential-2024-25-nuos-price-list-20may2024/BLNE24AU,,essential-2024-25-nuos-price-list-20may2024,,,,flags: obsolete
withdrawn_tariff_listed/ac1f9ab23a,withdrawn_tariff_listed,ausgrid,2024-25,ausgrid:EA010,ausgrid-network-price-list-2024-25-wayback20250806/EA010,,ausgrid-network-price-list-2024-25-wayback20250806,,,,flags: closed_to_new
withdrawn_tariff_listed/ac25c4b7c6,withdrawn_tariff_listed,essential,2024-25,essential:BLNT1AO,essential-2024-25-nuos-price-list-20may2024/BLNT1AO,,essential-2024-25-nuos-price-list-20may2024,,,,"flags: closed_to_new, obsolete"
withdrawn_tariff_listed/ac86c438d9,withdrawn_tariff_listed,ergon,2024-25,ergon:ESTOUDT2,ergon-network-price-list-2024-25-sch8-wayback/ESTOUDT2,,ergon-network-price-list-2024-25-sch8-wayback,,,,flags: grandfathered
withdrawn_tariff_listed/acfee612b1,withdrawn_tariff_listed,ausnet,2023-24,ausnet:NEE11P,ausnet-2023-24-schedule-of-tariffs-31mar2023/NEE11P,,ausnet-2023-24-schedule-of-tariffs-31mar2023,,,,flags: closed_to_new
withdrawn_tariff_listed/adb5b67aeb,withdrawn_tariff_listed,essential,2025-26,essential:BLNS1AO,essential-price-list-and-explanatory-notes-2025-26/BLNS1AO,,essential-price-list-and-explanatory-notes-2025-26,,,,"flags: closed_to_new, obsolete"
withdrawn_tariff_listed/ae0e2db643,withdrawn_tariff_listed,sapn,2023-24,sapn:BSR,sapn-2023-24-annual-pricing-proposal-revised-8may2023/BSR,,sapn-2023-24-annual-pricing-proposal-revised-8may2023,,,,flags: closed_to_new
withdrawn_tariff_listed/ae971cdb34,withdrawn_tariff_listed,essential,2023-24,essential:BHTD1SO,essential-2023-24-network-price-list-31mar2023/BHTD1SO,,essential-2023-24-network-price-list-31mar2023,,,,"flags: closed_to_new, obsolete"
withdrawn_tariff_listed/af84284b5c,withdrawn_tariff_listed,ausnet,2024-25,ausnet:NEE42,ausnet-2024-25-schedule-of-tariffs-28mar2024/NEE42,,ausnet-2024-25-schedule-of-tariffs-28mar2024,,,,flags: closed_to_new
withdrawn_tariff_listed/afbb4da370,withdrawn_tariff_listed,ausgrid,2025-26,ausgrid:EA050,ausgrid-network-price-list-2025-26/EA050,,ausgrid-network-price-list-2025-26,,,,flags: closed_to_new
withdrawn_tariff_listed/b05129a436,withdrawn_tariff_listed,ausnet,2024-25,ausnet:SSP23,ausnet-2024-25-schedule-of-tariffs-28mar2024/SSP23,,ausnet-2024-25-schedule-of-tariffs-28mar2024,,,,flags: closed_to_new
withdrawn_tariff_listed/b14e582b48,withdrawn_tariff_listed,ergon,2026-27,ergon:WRIBT1,ergon-network-price-list-2026-27-sch8-wayback/WRIBT1,,ergon-network-price-list-2026-27-sch8-wayback,,,,flags: closed_to_new
withdrawn_tariff_listed/b1df41e58e,withdrawn_tariff_listed,endeavour,2024-25,endeavour:NS39,endeavour-nuos-price-list-2024-25-v10/NS39,,endeavour-nuos-price-list-2024-25-v10,,,,"flags: closed_to_new, obsolete"
withdrawn_tariff_listed/b1fe5f6794,withdrawn_tariff_listed,sapn,2023-24,sapn:HBD,sapn-2023-24-annual-pricing-proposal-revised-8may2023/HBD,,sapn-2023-24-annual-pricing-proposal-revised-8may2023,,,,flags: closed_to_new
withdrawn_tariff_listed/b2596a1abe,withdrawn_tariff_listed,evoenergy,2024-25,evoenergy:121,evoenergy-schedule-of-charges-2024-25-lfit-adjusted/121,,evoenergy-schedule-of-charges-2024-25-lfit-adjusted,,,,flags: closed_to_new
withdrawn_tariff_listed/b288043b9f,withdrawn_tariff_listed,endeavour,2024-25,endeavour:NG90,endeavour-nuos-price-list-2024-25-v10/NG90,,endeavour-nuos-price-list-2024-25-v10,,,,"flags: closed_to_new, obsolete"
withdrawn_tariff_listed/b32c740be4,withdrawn_tariff_listed,sapn,2025-26,sapn:RSR,sapn-initial-pricing-proposal-overview-2025-26-id333252/RSR,,sapn-initial-pricing-proposal-overview-2025-26-id333252,,,,flags: closed_to_new
withdrawn_tariff_listed/b3c7f14910,withdrawn_tariff_listed,ergon,2025-26,ergon:MRIBT4,ergon-network-price-list-2025-26-sch8-wayback/MRIBT4,,ergon-network-price-list-2025-26-sch8-wayback,,,,flags: grandfathered
withdrawn_tariff_listed/b3ed186990,withdrawn_tariff_listed,endeavour,2024-25,endeavour:NFTK,endeavour-nuos-price-list-2024-25-v10/NFTK,,endeavour-nuos-price-list-2024-25-v10,,,,"flags: closed_to_new, obsolete"
withdrawn_tariff_listed/b43a763984,withdrawn_tariff_listed,ergon,2023-24,ergon:WRIBT2,ergon-network-price-list-2023-24-sch8-wayback/WRIBT2,,ergon-network-price-list-2023-24-sch8-wayback,,,,flags: grandfathered
withdrawn_tariff_listed/b4444e393b,withdrawn_tariff_listed,essential,2024-25,essential:BLNN1AU,essential-2024-25-nuos-price-list-20may2024/BLNN1AU,,essential-2024-25-nuos-price-list-20may2024,,,,"flags: closed_to_new, obsolete"
withdrawn_tariff_listed/b44578809e,withdrawn_tariff_listed,energex,2023-24,energex:8400,energex-2023-24-network-price-list-27apr2023/8400,,energex-2023-24-network-price-list-27apr2023,,,,flags: grandfathered
withdrawn_tariff_listed/b62b32ee0b,withdrawn_tariff_listed,essential,2024-25,essential:BHNS1AO,essential-2024-25-nuos-price-list-20may2024/BHNS1AO,,essential-2024-25-nuos-price-list-20may2024,,,,"flags: closed_to_new, obsolete"
withdrawn_tariff_listed/b6bab0d905,withdrawn_tariff_listed,ergon,2024-25,ergon:WSTOUDT1,ergon-network-price-list-2024-25-sch8-wayback/WSTOUDT1,,ergon-network-price-list-2024-25-sch8-wayback,,,,flags: grandfathered
withdrawn_tariff_listed/b6e0872068,withdrawn_tariff_listed,ergon,2023-24,ergon:WBIBT1,ergon-2023-24-network-price-list-31mar2023/WBIBT1,,ergon-2023-24-network-price-list-31mar2023,,,,flags: grandfathered
withdrawn_tariff_listed/b7346a37a2,withdrawn_tariff_listed,ausnet,2026-27,ausnet:NEE33,ausnet-network-tariff-schedule-2026-27-20260515/NEE33,,ausnet-network-tariff-schedule-2026-27-20260515,,,,flags: closed_to_new
withdrawn_tariff_listed/b752914189,withdrawn_tariff_listed,essential,2024-25,essential:BLNT2AU,essential-2024-25-nuos-price-list-20may2024/BLNT2AU,,essential-2024-25-nuos-price-list-20may2024,,,,"flags: closed_to_new, obsolete"
withdrawn_tariff_listed/b7b4e32af5,withdrawn_tariff_listed,ergon,2025-26,ergon:EBWIFT1,aer-consolidated-2025-26-v5/EBWIFT1,,aer-consolidated-2025-26-v5,,,,flags: withdrawn
withdrawn_tariff_listed/b8151ceb51,withdrawn_tariff_listed,ergon,2023-24,ergon:EBIRRT3,ergon-network-price-list-2023-24-sch8-wayback/EBIRRT3,,ergon-network-price-list-2023-24-sch8-wayback,,,,flags: grandfathered
withdrawn_tariff_listed/b8e052b6d2,withdrawn_tariff_listed,ausnet,2023-24,ausnet:NEE14,ausnet-2023-24-schedule-of-tariffs-31mar2023/NEE14,,ausnet-2023-24-schedule-of-tariffs-31mar2023,,,,flags: closed_to_new
withdrawn_tariff_listed/b98ec49902,withdrawn_tariff_listed,ausnet,2023-24,ausnet:NAST12P,ausnet-2023-24-schedule-of-tariffs-31mar2023/NAST12P,,ausnet-2023-24-schedule-of-tariffs-31mar2023,,,,flags: closed_to_new
withdrawn_tariff_listed/ba0bc9af01,withdrawn_tariff_listed,essential,2025-26,essential:BLNN2AU,essential-price-list-and-explanatory-notes-2025-26/BLNN2AU,,essential-price-list-and-explanatory-notes-2025-26,,,,"flags: closed_to_new, obsolete"
withdrawn_tariff_listed/ba9a9d194c,withdrawn_tariff_listed,evoenergy,2026-27,evoenergy:121,evoenergy-schedule-of-charges-2026-27-incl-lfit-june2026/121,,evoenergy-schedule-of-charges-2026-27-incl-lfit-june2026,,,,flags: closed_to_new
withdrawn_tariff_listed/babd160961,withdrawn_tariff_listed,tasnetworks,2023-24,tasnetworks:TAS101,tasnetworks-network-tariff-pricing-schedule-scs-2023-24/TAS101/residential,,tasnetworks-network-tariff-pricing-schedule-scs-2023-24,,,,"flags: closed_to_new, obsolete"
withdrawn_tariff_listed/bad0a3564a,withdrawn_tariff_listed,ergon,2024-25,ergon:ERIBT1,ergon-2024-25-network-price-list-28mar2024/ERIBT1,,ergon-2024-25-network-price-list-28mar2024,,,,flags: grandfathered
withdrawn_tariff_listed/bb35905260,withdrawn_tariff_listed,essential,2024-25,essential:BLNT2AL,essential-2024-25-nuos-price-list-20may2024/BLNT2AL,,essential-2024-25-nuos-price-list-20may2024,,,,"flags: closed_to_new, obsolete"
withdrawn_tariff_listed/bb79282966,withdrawn_tariff_listed,evoenergy,2026-27,evoenergy:011,evoenergy-schedule-of-charges-2026-27-incl-lfit-june2026/011,,evoenergy-schedule-of-charges-2026-27-incl-lfit-june2026,,,,flags: closed_to_new
withdrawn_tariff_listed/bbb7b9ad57,withdrawn_tariff_listed,jemena,2023-24,jemena:F270,jemena-2023-24-network-tariff-schedule-31mar2023/F270,,jemena-2023-24-network-tariff-schedule-31mar2023,,,,flags: closed_to_new
withdrawn_tariff_listed/bbda94db85,withdrawn_tariff_listed,ergon,2025-26,ergon:MBWIFT4,aer-consolidated-2025-26-v5/MBWIFT4,,aer-consolidated-2025-26-v5,,,,flags: withdrawn
withdrawn_tariff_listed/bbfaabf905,withdrawn_tariff_listed,endeavour,2026-27,endeavour:N89,endeavour-nuos-price-list-2026-27/N89,,endeavour-nuos-price-list-2026-27,,,,flags: closed_to_new
withdrawn_tariff_listed/bc391e78bc,withdrawn_tariff_listed,ergon,2024-25,ergon:MBIBT4,ergon-2024-25-network-price-list-28mar2024/MBIBT4,,ergon-2024-25-network-price-list-28mar2024,,,,flags: grandfathered
withdrawn_tariff_listed/bd3451edc2,withdrawn_tariff_listed,ergon,2024-25,ergon:WRIBT2,ergon-2024-25-network-price-list-28mar2024/WRIBT2,,ergon-2024-25-network-price-list-28mar2024,,,,flags: grandfathered
withdrawn_tariff_listed/bd8b6cebb9,withdrawn_tariff_listed,essential,2024-25,essential:BLNT3AU,essential-price-list-and-explanatory-notes-2024-25/BLNT3AU,,essential-price-list-and-explanatory-notes-2024-25,,,,"flags: closed_to_new, obsolete"
withdrawn_tariff_listed/bdf23e0393,withdrawn_tariff_listed,evoenergy,2026-27,evoenergy:015,evoenergy-schedule-of-charges-2026-27-incl-lfit-june2026/015,,evoenergy-schedule-of-charges-2026-27-incl-lfit-june2026,,,,flags: closed_to_new
withdrawn_tariff_listed/be40d5ac9e,withdrawn_tariff_listed,evoenergy,2026-27,evoenergy:026,evoenergy-schedule-of-charges-2026-27-aer-approved-april2026/026,,evoenergy-schedule-of-charges-2026-27-aer-approved-april2026,,,,flags: closed_to_new
withdrawn_tariff_listed/be6e32b115,withdrawn_tariff_listed,tasnetworks,2024-25,tasnetworks:TAS22,tasnetworks-network-tariff-pricing-schedule-scs-2024-25/TAS22,,tasnetworks-network-tariff-pricing-schedule-scs-2024-25,,,,flags: obsolete
withdrawn_tariff_listed/bebc1b2034,withdrawn_tariff_listed,sapn,2025-26,sapn:B2R,sapn-2025-26-pricing-proposal-overview-14may2025/B2R,,sapn-2025-26-pricing-proposal-overview-14may2025,,,,flags: closed_to_new
withdrawn_tariff_listed/befd500475,withdrawn_tariff_listed,essential,2024-25,essential:BLNT2AL,essential-price-list-and-explanatory-notes-2024-25/BLNT2AL,,essential-price-list-and-explanatory-notes-2024-25,,,,"flags: closed_to_new, obsolete"
withdrawn_tariff_listed/c06e983f21,withdrawn_tariff_listed,ergon,2023-24,ergon:EBFRMT3,ergon-2023-24-network-price-list-31mar2023/EBFRMT3,,ergon-2023-24-network-price-list-31mar2023,,,,flags: grandfathered
withdrawn_tariff_listed/c0dba7da42,withdrawn_tariff_listed,tasnetworks,2025-26,tasnetworks:TAS22,tasnetworks-network-tariff-pricing-schedule-scs-2025-26/TAS22,,tasnetworks-network-tariff-pricing-schedule-scs-2025-26,,,,flags: obsolete
withdrawn_tariff_listed/c13f55f6cb,withdrawn_tariff_listed,ausnet,2025-26,ausnet:NEE24,ausnet-network-tariff-schedule-2025-26/NEE24,,ausnet-network-tariff-schedule-2025-26,,,,flags: closed_to_new
withdrawn_tariff_listed/c20ea78a16,withdrawn_tariff_listed,essential,2024-25,essential:BLNT3AL,essential-2024-25-nuos-price-list-20may2024/BLNT3AL,,essential-2024-25-nuos-price-list-20may2024,,,,"flags: closed_to_new, obsolete"
withdrawn_tariff_listed/c2412a9785,withdrawn_tariff_listed,evoenergy,2023-24,evoenergy:010,evoenergy-statement-of-tariff-classes-and-tariffs-2023-24/010,,evoenergy-statement-of-tariff-classes-and-tariffs-2023-24,,,,flags: closed_to_new
withdrawn_tariff_listed/c250c4512b,withdrawn_tariff_listed,ergon,2023-24,ergon:EBWIFT1,ergon-2023-24-network-price-list-31mar2023/EBWIFT1,,ergon-2023-24-network-price-list-31mar2023,,,,flags: grandfathered
withdrawn_tariff_listed/c25df8f6fe,withdrawn_tariff_listed,ausnet,2023-24,ausnet:NEN21,ausnet-annual-pricing-proposal-2023-24/NEN21,,ausnet-annual-pricing-proposal-2023-24,,,,flags: closed_to_new
withdrawn_tariff_listed/c2814f9bbe,withdrawn_tariff_listed,ergon,2024-25,ergon:EBFRMT2,ergon-network-price-list-2024-25-sch8-wayback/EBFRMT2,,ergon-network-price-list-2024-25-sch8-wayback,,,,flags: grandfathered
withdrawn_tariff_listed/c2ab7cb9e1,withdrawn_tariff_listed,evoenergy,2025-26,evoenergy:026,evoenergy-schedule-of-charges-2025-26-incl-lfit-may2025/026,,evoenergy-schedule-of-charges-2025-26-incl-lfit-may2025,,,,flags: closed_to_new
withdrawn_tariff_listed/c360f9abcc,withdrawn_tariff_listed,endeavour,2025-26,endeavour:N89,endeavour-nuos-price-list-2025-26-v11/N89,,endeavour-nuos-price-list-2025-26-v11,,,,flags: closed_to_new
withdrawn_tariff_listed/c36ce4f78d,withdrawn_tariff_listed,essential,2023-24,essential:BLNE2AU,essential-2023-24-network-price-list-31mar2023/BLNE2AU,,essential-2023-24-network-price-list-31mar2023,,,,"flags: closed_to_new, obsolete"
withdrawn_tariff_listed/c3714fc6eb,withdrawn_tariff_listed,ergon,2023-24,ergon:EBIBT3,ergon-2023-24-network-price-list-31mar2023/EBIBT3,,ergon-2023-24-network-price-list-31mar2023,,,,flags: grandfathered
withdrawn_tariff_listed/c38a74444c,withdrawn_tariff_listed,sapn,2025-26,sapn:RSRNE,sapn-initial-pricing-proposal-overview-2025-26-id333252/RSRNE,,sapn-initial-pricing-proposal-overview-2025-26-id333252,,,,flags: closed_to_new
withdrawn_tariff_listed/c4f9ad9234,withdrawn_tariff_listed,sapn,2023-24,sapn:BSRT,sapn-2023-24-annual-pricing-proposal-revised-8may2023/BSRT,,sapn-2023-24-annual-pricing-proposal-revised-8may2023,,,,flags: closed_to_new
withdrawn_tariff_listed/c55cda52c1,withdrawn_tariff_listed,ausnet,2023-24,ausnet:NASN11P,ausnet-2023-24-schedule-of-tariffs-31mar2023/NASN11P,,ausnet-2023-24-schedule-of-tariffs-31mar2023,,,,flags: closed_to_new
withdrawn_tariff_listed/c5c6896edc,withdrawn_tariff_listed,endeavour,2024-25,endeavour:NG70,endeavour-nuos-price-list-2024-25-v10/NG70,,endeavour-nuos-price-list-2024-25-v10,,,,"flags: closed_to_new, obsolete"
withdrawn_tariff_listed/c6512e5012,withdrawn_tariff_listed,ausnet,2025-26,ausnet:NEE14,ausnet-network-tariff-schedule-2025-26/NEE14,,ausnet-network-tariff-schedule-2025-26,,,,flags: closed_to_new
withdrawn_tariff_listed/c66f320591,withdrawn_tariff_listed,essential,2025-26,essential:BLNN1AU,essential-price-list-and-explanatory-notes-2025-26/BLNN1AU,,essential-price-list-and-explanatory-notes-2025-26,,,,"flags: closed_to_new, obsolete"
withdrawn_tariff_listed/c7b5927f7b,withdrawn_tariff_listed,ergon,2024-25,ergon:WRIBT1,ergon-network-price-list-2024-25-sch8-wayback/WRIBT1,,ergon-network-price-list-2024-25-sch8-wayback,,,,flags: grandfathered
withdrawn_tariff_listed/c7b905d469,withdrawn_tariff_listed,essential,2024-25,essential:BLNN2AU,essential-price-list-and-explanatory-notes-2024-25/BLNN2AU,,essential-price-list-and-explanatory-notes-2024-25,,,,"flags: closed_to_new, obsolete"
withdrawn_tariff_listed/c870c97ba4,withdrawn_tariff_listed,evoenergy,2026-27,evoenergy:016,evoenergy-schedule-of-charges-2026-27-incl-lfit-june2026/016,,evoenergy-schedule-of-charges-2026-27-incl-lfit-june2026,,,,flags: closed_to_new
withdrawn_tariff_listed/c87de1e654,withdrawn_tariff_listed,ausnet,2024-25,ausnet:NEE40,ausnet-2024-25-schedule-of-tariffs-28mar2024/NEE40,,ausnet-2024-25-schedule-of-tariffs-28mar2024,,,,flags: closed_to_new
withdrawn_tariff_listed/c956d1ef7a,withdrawn_tariff_listed,ausnet,2024-25,ausnet:NEE12P,ausnet-2024-25-schedule-of-tariffs-28mar2024/NEE12P,,ausnet-2024-25-schedule-of-tariffs-28mar2024,,,,flags: closed_to_new
withdrawn_tariff_listed/c97690695d,withdrawn_tariff_listed,jemena,2026-27,jemena:A40T,jemena-network-tariff-schedule-2026-27/A40T,,jemena-network-tariff-schedule-2026-27,,,,flags: closed_to_new
withdrawn_tariff_listed/ca03e15e2c,withdrawn_tariff_listed,jemena,2024-25,jemena:A34M,jemena-network-tariff-schedule-2024-25/A34M,,jemena-network-tariff-schedule-2024-25,,,,flags: closed_to_new
withdrawn_tariff_listed/ca06a9e4d5,withdrawn_tariff_listed,ergon,2025-26,ergon:EDSTT3,aer-consolidated-2025-26-v5/EDSTT3,,aer-consolidated-2025-26-v5,,,,flags: withdrawn
withdrawn_tariff_listed/ca1ade11d5,withdrawn_tariff_listed,essential,2023-24,essential:BLNE12AU,essential-2023-24-network-price-list-31mar2023/BLNE12AU,,essential-2023-24-network-price-list-31mar2023,,,,"flags: closed_to_new, obsolete, withdrawn"
withdrawn_tariff_listed/ca5cff23f9,withdrawn_tariff_listed,ausnet,2023-24,ausnet:NEE13,ausnet-2023-24-schedule-of-tariffs-31mar2023/NEE13,,ausnet-2023-24-schedule-of-tariffs-31mar2023,,,,flags: closed_to_new
withdrawn_tariff_listed/ca74e8a837,withdrawn_tariff_listed,ergon,2024-25,ergon:EBIBT2,ergon-2024-25-network-price-list-28mar2024/EBIBT2,,ergon-2024-25-network-price-list-28mar2024,,,,flags: grandfathered
withdrawn_tariff_listed/cb5ab2a2f9,withdrawn_tariff_listed,endeavour,2024-25,endeavour:NFTC,endeavour-nuos-price-list-2024-25-v10/NFTC,,endeavour-nuos-price-list-2024-25-v10,,,,"flags: closed_to_new, obsolete"
withdrawn_tariff_listed/cc12c83c9d,withdrawn_tariff_listed,ausnet,2023-24,ausnet:NEN12,ausnet-2023-24-schedule-of-tariffs-31mar2023/NEN12,,ausnet-2023-24-schedule-of-tariffs-31mar2023,,,,flags: closed_to_new
withdrawn_tariff_listed/cc25c241e5,withdrawn_tariff_listed,ergon,2023-24,ergon:WBIBT3,ergon-network-price-list-2023-24-sch8-wayback/WBIBT3,,ergon-network-price-list-2023-24-sch8-wayback,,,,flags: grandfathered
withdrawn_tariff_listed/cc9229ddb6,withdrawn_tariff_listed,ergon,2024-25,ergon:EBIRRT1,ergon-2024-25-network-price-list-28mar2024/EBIRRT1,,ergon-2024-25-network-price-list-28mar2024,,,,flags: grandfathered
withdrawn_tariff_listed/cdd9ddace9,withdrawn_tariff_listed,energex,2026-27,energex:8400,energex-network-price-list-2026-27-sch8-wayback/8400,,energex-network-price-list-2026-27-sch8-wayback,,,,flags: closed_to_new
withdrawn_tariff_listed/ce89fcf6b0,withdrawn_tariff_listed,tasnetworks,2025-26,tasnetworks:TAS41,tasnetworks-network-tariff-pricing-schedule-scs-2025-26/TAS41,,tasnetworks-network-tariff-pricing-schedule-scs-2025-26,,,,flags: obsolete
withdrawn_tariff_listed/cecd95af9b,withdrawn_tariff_listed,essential,2026-27,essential:BLNT2AU,essential-price-list-and-explanatory-notes-2026-27/BLNT2AU,,essential-price-list-and-explanatory-notes-2026-27,,,,"flags: closed_to_new, obsolete"
withdrawn_tariff_listed/cf2cab147e,withdrawn_tariff_listed,ergon,2023-24,ergon:ESTOUDT2,ergon-2023-24-network-price-list-31mar2023/ESTOUDT2,,ergon-2023-24-network-price-list-31mar2023,,,,flags: grandfathered
withdrawn_tariff_listed/d06608e37e,withdrawn_tariff_listed,ergon,2024-25,ergon:ESTOUDT3,ergon-network-price-list-2024-25-sch8-wayback/ESTOUDT3,,ergon-network-price-list-2024-25-sch8-wayback,,,,flags: grandfathered
withdrawn_tariff_listed/d07ed1b928,withdrawn_tariff_listed,ausnet,2023-24,ausnet:NEE41,ausnet-annual-pricing-proposal-2023-24/NEE41,,ausnet-annual-pricing-proposal-2023-24,,,,flags: closed_to_new
withdrawn_tariff_listed/d0b274a551,withdrawn_tariff_listed,sapn,2025-26,sapn:B2RNE,sapn-2025-26-pricing-proposal-overview-14may2025/B2RNE,,sapn-2025-26-pricing-proposal-overview-14may2025,,,,flags: closed_to_new
withdrawn_tariff_listed/d1a95f83bc,withdrawn_tariff_listed,ergon,2023-24,ergon:EBWIFT2,ergon-network-price-list-2023-24-sch8-wayback/EBWIFT2,,ergon-network-price-list-2023-24-sch8-wayback,,,,flags: grandfathered
withdrawn_tariff_listed/d1eb291816,withdrawn_tariff_listed,evoenergy,2023-24,evoenergy:020,evoenergy-statement-of-tariff-classes-and-tariffs-2023-24/020,,evoenergy-statement-of-tariff-classes-and-tariffs-2023-24,,,,flags: closed_to_new
withdrawn_tariff_listed/d22d8026c4,withdrawn_tariff_listed,ausnet,2023-24,ausnet:NEE32,ausnet-2023-24-schedule-of-tariffs-31mar2023/NEE32,,ausnet-2023-24-schedule-of-tariffs-31mar2023,,,,flags: closed_to_new
withdrawn_tariff_listed/d2314be531,withdrawn_tariff_listed,ergon,2023-24,ergon:WBIBT3,ergon-2023-24-network-price-list-31mar2023/WBIBT3,,ergon-2023-24-network-price-list-31mar2023,,,,flags: grandfathered
withdrawn_tariff_listed/d2800bcd80,withdrawn_tariff_listed,ausnet,2023-24,ausnet:NEE15,ausnet-annual-pricing-proposal-2023-24/NEE15,,ausnet-annual-pricing-proposal-2023-24,,,,flags: closed_to_new
withdrawn_tariff_listed/d2b5486a77,withdrawn_tariff_listed,ergon,2024-25,ergon:EBIBT1,ergon-2024-25-network-price-list-28mar2024/EBIBT1,,ergon-2024-25-network-price-list-28mar2024,,,,flags: grandfathered
withdrawn_tariff_listed/d3086ff1b9,withdrawn_tariff_listed,ergon,2023-24,ergon:ERIBT2,ergon-network-price-list-2023-24-sch8-wayback/ERIBT2,,ergon-network-price-list-2023-24-sch8-wayback,,,,flags: grandfathered
withdrawn_tariff_listed/d3093e156d,withdrawn_tariff_listed,ergon,2025-26,ergon:EDMTT3,aer-consolidated-2025-26-v5/EDMTT3,,aer-consolidated-2025-26-v5,,,,flags: withdrawn
withdrawn_tariff_listed/d3d39abf6a,withdrawn_tariff_listed,jemena,2024-25,jemena:A40R,jemena-2024-25-network-tariff-schedule-28mar2024/A40R,,jemena-2024-25-network-tariff-schedule-28mar2024,,,,flags: closed_to_new
withdrawn_tariff_listed/d44b057e10,withdrawn_tariff_listed,tasnetworks,2025-26,tasnetworks:TAS61,tasnetworks-network-tariff-pricing-schedule-scs-2025-26/TAS61,,tasnetworks-network-tariff-pricing-schedule-scs-2025-26,,,,flags: obsolete
withdrawn_tariff_listed/d49ed03bd1,withdrawn_tariff_listed,ergon,2023-24,ergon:ERIBT3,ergon-2023-24-network-price-list-31mar2023/ERIBT3,,ergon-2023-24-network-price-list-31mar2023,,,,flags: grandfathered
withdrawn_tariff_listed/d51980a9bf,withdrawn_tariff_listed,ergon,2024-25,ergon:EBIBT1,ergon-network-price-list-2024-25-sch8-wayback/EBIBT1,,ergon-network-price-list-2024-25-sch8-wayback,,,,flags: grandfathered
withdrawn_tariff_listed/d54cffbd8f,withdrawn_tariff_listed,evoenergy,2024-25,evoenergy:041,evoenergy-schedule-of-charges-2024-25-lfit-adjusted/041,,evoenergy-schedule-of-charges-2024-25-lfit-adjusted,,,,flags: closed_to_new
withdrawn_tariff_listed/d593887088,withdrawn_tariff_listed,ausnet,2024-25,ausnet:NSP20,ausnet-2024-25-schedule-of-tariffs-28mar2024/NSP20,,ausnet-2024-25-schedule-of-tariffs-28mar2024,,,,flags: closed_to_new
withdrawn_tariff_listed/d5fa6379b2,withdrawn_tariff_listed,energex,2024-25,energex:8500,energex-2024-25-network-price-list-28mar2024/8500,,energex-2024-25-network-price-list-28mar2024,,,,flags: grandfathered
withdrawn_tariff_listed/d62ee871e9,withdrawn_tariff_listed,ergon,2023-24,ergon:ERIBT2,ergon-2023-24-network-price-list-31mar2023/ERIBT2,,ergon-2023-24-network-price-list-31mar2023,,,,flags: grandfathered
withdrawn_tariff_listed/d75231cfe0,withdrawn_tariff_listed,ausnet,2023-24,ausnet:NEE31,ausnet-2023-24-schedule-of-tariffs-31mar2023/NEE31,,ausnet-2023-24-schedule-of-tariffs-31mar2023,,,,flags: closed_to_new
withdrawn_tariff_listed/d7c5cbca0d,withdrawn_tariff_listed,ausnet,2025-26,ausnet:NEN56,ausnet-network-tariff-schedule-2025-26/NEN56,,ausnet-network-tariff-schedule-2025-26,,,,flags: closed_to_new
withdrawn_tariff_listed/d82a6dce1b,withdrawn_tariff_listed,essential,2023-24,essential:BLND1SR,essential-2023-24-network-price-list-31mar2023/BLND1SR,,essential-2023-24-network-price-list-31mar2023,,,,"flags: closed_to_new, obsolete"
withdrawn_tariff_listed/d85d4d2041,withdrawn_tariff_listed,endeavour,2024-25,endeavour:NFTG,endeavour-nuos-price-list-2024-25-v10/NFTG,,endeavour-nuos-price-list-2024-25-v10,,,,"flags: closed_to_new, obsolete"
withdrawn_tariff_listed/d8c75660bd,withdrawn_tariff_listed,ergon,2023-24,ergon:EBWIFT3,ergon-network-price-list-2023-24-sch8-wayback/EBWIFT3,,ergon-network-price-list-2023-24-sch8-wayback,,,,flags: grandfathered
withdrawn_tariff_listed/d97043b88f,withdrawn_tariff_listed,endeavour,2023-24,endeavour:N705,endeavour-2023-24-pricing-proposal-31mar2023/N705,,endeavour-2023-24-pricing-proposal-31mar2023,,,,"flags: closed_to_new, obsolete"
withdrawn_tariff_listed/d97ad678b3,withdrawn_tariff_listed,ausnet,2023-24,ausnet:NEN56,ausnet-annual-pricing-proposal-2023-24/NEN56,,ausnet-annual-pricing-proposal-2023-24,,,,flags: closed_to_new
withdrawn_tariff_listed/da5321ddc7,withdrawn_tariff_listed,energex,2024-25,energex:4500,energex-2024-25-network-price-list-28mar2024/4500,,energex-2024-25-network-price-list-28mar2024,,,,flags: grandfathered
withdrawn_tariff_listed/daf9d84221,withdrawn_tariff_listed,endeavour,2023-24,endeavour:N84,endeavour-2023-24-pricing-proposal-31mar2023/N84,,endeavour-2023-24-pricing-proposal-31mar2023,,,,"flags: closed_to_new, obsolete"
withdrawn_tariff_listed/db74e3fd29,withdrawn_tariff_listed,ausgrid,2023-24,ausgrid:EA316,ausgrid-2023-24-annual-scs-pricing-proposal-31mar2023/EA316,,ausgrid-2023-24-annual-scs-pricing-proposal-31mar2023,,,,flags: closed_to_new
withdrawn_tariff_listed/dba23274f9,withdrawn_tariff_listed,ausnet,2024-25,ausnet:NSP23,ausnet-2024-25-schedule-of-tariffs-28mar2024/NSP23,,ausnet-2024-25-schedule-of-tariffs-28mar2024,,,,flags: closed_to_new
withdrawn_tariff_listed/dbb1c6be81,withdrawn_tariff_listed,evoenergy,2026-27,evoenergy:111,evoenergy-schedule-of-charges-2026-27-aer-approved-april2026/111,,evoenergy-schedule-of-charges-2026-27-aer-approved-april2026,,,,flags: closed_to_new
withdrawn_tariff_listed/dbcd60f6b9,withdrawn_tariff_listed,ergon,2024-25,ergon:EBIBT2,ergon-network-price-list-2024-25-sch8-wayback/EBIBT2,,ergon-network-price-list-2024-25-sch8-wayback,,,,flags: grandfathered
withdrawn_tariff_listed/dbf2f4512c,withdrawn_tariff_listed,essential,2024-25,essential:BLNT2AU,essential-price-list-and-explanatory-notes-2024-25/BLNT2AU,,essential-price-list-and-explanatory-notes-2024-25,,,,"flags: closed_to_new, obsolete"
withdrawn_tariff_listed/dc8b799dab,withdrawn_tariff_listed,tasnetworks,2023-24,tasnetworks:TAS101,tasnetworks-network-tariff-pricing-schedule-scs-2023-24/TAS101/residential-low-voltage,,tasnetworks-network-tariff-pricing-schedule-scs-2023-24,,,,"flags: closed_to_new, obsolete"
withdrawn_tariff_listed/dcc3f41449,withdrawn_tariff_listed,ausnet,2023-24,ausnet:NEE74,ausnet-annual-pricing-proposal-2023-24/NEE74,,ausnet-annual-pricing-proposal-2023-24,,,,flags: closed_to_new
withdrawn_tariff_listed/dcdedfbea3,withdrawn_tariff_listed,essential,2026-27,essential:BLNT3AL,essential-price-list-and-explanatory-notes-2026-27/BLNT3AL,,essential-price-list-and-explanatory-notes-2026-27,,,,"flags: closed_to_new, obsolete"
withdrawn_tariff_listed/dd6fe1aa7e,withdrawn_tariff_listed,energex,2023-24,energex:7100,energex-2023-24-network-price-list-27apr2023/7100,,energex-2023-24-network-price-list-27apr2023,,,,"flags: closed_to_new, grandfathered"
withdrawn_tariff_listed/ddf8206edc,withdrawn_tariff_listed,ergon,2023-24,ergon:EBIBT2,ergon-2023-24-network-price-list-31mar2023/EBIBT2,,ergon-2023-24-network-price-list-31mar2023,,,,flags: grandfathered
withdrawn_tariff_listed/de0583a112,withdrawn_tariff_listed,ausgrid,2024-25,ausgrid:EA050,ausgrid-network-price-list-2024-25-wayback20250806/EA050,,ausgrid-network-price-list-2024-25-wayback20250806,,,,flags: closed_to_new
withdrawn_tariff_listed/de28159bb8,withdrawn_tariff_listed,ergon,2024-25,ergon:EBIRRT3,ergon-2024-25-network-price-list-28mar2024/EBIRRT3,,ergon-2024-25-network-price-list-28mar2024,,,,flags: grandfathered
withdrawn_tariff_listed/de98eeeeaa,withdrawn_tariff_listed,evoenergy,2025-26,evoenergy:041,evoenergy-schedule-of-charges-2025-26-incl-lfit-may2025/041,,evoenergy-schedule-of-charges-2025-26-incl-lfit-may2025,,,,flags: closed_to_new
withdrawn_tariff_listed/df6fc0d85b,withdrawn_tariff_listed,ausnet,2023-24,ausnet:SSP27,ausnet-2023-24-schedule-of-tariffs-31mar2023/SSP27,,ausnet-2023-24-schedule-of-tariffs-31mar2023,,,,flags: closed_to_new
withdrawn_tariff_listed/dff3f91b8e,withdrawn_tariff_listed,ergon,2024-25,ergon:MBWIFT4,ergon-2024-25-network-price-list-28mar2024/MBWIFT4,,ergon-2024-25-network-price-list-28mar2024,,,,flags: grandfathered
withdrawn_tariff_listed/e0acfc45d1,withdrawn_tariff_listed,ergon,2025-26,ergon:EBIBT1,ergon-network-price-list-2025-26-sch8-wayback/EBIBT1,,ergon-network-price-list-2025-26-sch8-wayback,,,,flags: grandfathered
withdrawn_tariff_listed/e0b1774b09,withdrawn_tariff_listed,ergon,2024-25,ergon:MRIBT4,ergon-2024-25-network-price-list-28mar2024/MRIBT4,,ergon-2024-25-network-price-list-28mar2024,,,,flags: grandfathered
withdrawn_tariff_listed/e14496c200,withdrawn_tariff_listed,ausnet,2024-25,ausnet:NEE11P,ausnet-2024-25-schedule-of-tariffs-28mar2024/NEE11P,,ausnet-2024-25-schedule-of-tariffs-28mar2024,,,,flags: closed_to_new
withdrawn_tariff_listed/e1503ea49f,withdrawn_tariff_listed,ergon,2023-24,ergon:WBWIFT3,ergon-network-price-list-2023-24-sch8-wayback/WBWIFT3,,ergon-network-price-list-2023-24-sch8-wayback,,,,flags: grandfathered
withdrawn_tariff_listed/e1e1fcd509,withdrawn_tariff_listed,evoenergy,2026-27,evoenergy:041,evoenergy-schedule-of-charges-2026-27-aer-approved-april2026/041,,evoenergy-schedule-of-charges-2026-27-aer-approved-april2026,,,,flags: closed_to_new
withdrawn_tariff_listed/e244054760,withdrawn_tariff_listed,jemena,2023-24,jemena:A37M,jemena-network-tariff-schedule-2023-24/A37M,,jemena-network-tariff-schedule-2023-24,,,,flags: closed_to_new
withdrawn_tariff_listed/e27fe29912,withdrawn_tariff_listed,ergon,2024-25,ergon:EBWIFT3,ergon-2024-25-network-price-list-28mar2024/EBWIFT3,,ergon-2024-25-network-price-list-28mar2024,,,,flags: grandfathered
withdrawn_tariff_listed/e394ad9dfe,withdrawn_tariff_listed,ergon,2025-26,ergon:EBWIFT3,aer-consolidated-2025-26-v5/EBWIFT3,,aer-consolidated-2025-26-v5,,,,flags: withdrawn
withdrawn_tariff_listed/e411d1d16a,withdrawn_tariff_listed,ausnet,2023-24,ausnet:NEE30,ausnet-annual-pricing-proposal-2023-24/NEE30,,ausnet-annual-pricing-proposal-2023-24,,,,flags: closed_to_new
withdrawn_tariff_listed/e46ef193be,withdrawn_tariff_listed,ergon,2024-25,ergon:EBIRRT2,ergon-network-price-list-2024-25-sch8-wayback/EBIRRT2,,ergon-network-price-list-2024-25-sch8-wayback,,,,flags: grandfathered
withdrawn_tariff_listed/e498579070,withdrawn_tariff_listed,ausnet,2026-27,ausnet:NEN56,ausnet-network-tariff-schedule-2026-27-20260515/NEN56,,ausnet-network-tariff-schedule-2026-27-20260515,,,,flags: closed_to_new
withdrawn_tariff_listed/e4e5fb80c9,withdrawn_tariff_listed,essential,2024-25,essential:BLNE25AU,essential-2024-25-nuos-price-list-20may2024/BLNE25AU,,essential-2024-25-nuos-price-list-20may2024,,,,flags: obsolete
withdrawn_tariff_listed/e53f5be7c8,withdrawn_tariff_listed,jemena,2023-24,jemena:A270,jemena-network-tariff-schedule-2023-24/A270,,jemena-network-tariff-schedule-2023-24,,,,flags: closed_to_new
withdrawn_tariff_listed/e5a23b0d13,withdrawn_tariff_listed,ausnet,2025-26,ausnet:NEE74,ausnet-network-tariff-schedule-2025-26/NEE74,,ausnet-network-tariff-schedule-2025-26,,,,flags: closed_to_new
withdrawn_tariff_listed/e5c5823c69,withdrawn_tariff_listed,ergon,2025-26,ergon:WDSTT3,aer-consolidated-2025-26-v5/WDSTT3,,aer-consolidated-2025-26-v5,,,,flags: withdrawn
withdrawn_tariff_listed/e6eaab49f5,withdrawn_tariff_listed,ergon,2024-25,ergon:WBWIFT1,ergon-2024-25-network-price-list-28mar2024/WBWIFT1,,ergon-2024-25-network-price-list-28mar2024,,,,flags: grandfathered
withdrawn_tariff_listed/e714a5f1e6,withdrawn_tariff_listed,essential,2024-25,essential:BLNT3AU,essential-2024-25-nuos-price-list-20may2024/BLNT3AU,,essential-2024-25-nuos-price-list-20may2024,,,,"flags: closed_to_new, obsolete"
withdrawn_tariff_listed/e7b32a42dc,withdrawn_tariff_listed,ergon,2025-26,ergon:MDSTT4,aer-consolidated-2025-26-v5/MDSTT4/mt-isa-demand-small-withdrawn-from-1-jul-25,,aer-consolidated-2025-26-v5,,,,flags: withdrawn
withdrawn_tariff_listed/e7f1d4dcde,withdrawn_tariff_listed,ergon,2024-25,ergon:ERIBT2,ergon-2024-25-network-price-list-28mar2024/ERIBT2,,ergon-2024-25-network-price-list-28mar2024,,,,flags: grandfathered
withdrawn_tariff_listed/e7fe2985f4,withdrawn_tariff_listed,evoenergy,2025-26,evoenergy:016,evoenergy-schedule-of-charges-2025-26-incl-lfit-may2025/016,,evoenergy-schedule-of-charges-2025-26-incl-lfit-may2025,,,,flags: closed_to_new
withdrawn_tariff_listed/e8565027ca,withdrawn_tariff_listed,ergon,2023-24,ergon:EBFRMT3,ergon-network-price-list-2023-24-sch8-wayback/EBFRMT3,,ergon-network-price-list-2023-24-sch8-wayback,,,,flags: grandfathered
withdrawn_tariff_listed/e85fa06593,withdrawn_tariff_listed,ergon,2025-26,ergon:WRIBT1,ergon-network-price-list-2025-26-sch8-wayback/WRIBT1,,ergon-network-price-list-2025-26-sch8-wayback,,,,flags: grandfathered
withdrawn_tariff_listed/e8811b2ab2,withdrawn_tariff_listed,energex,2024-25,energex:8900,energex-2024-25-network-price-list-28mar2024/8900,,energex-2024-25-network-price-list-28mar2024,,,,flags: grandfathered
withdrawn_tariff_listed/e8ca9703d1,withdrawn_tariff_listed,ausnet,2025-26,ausnet:NEE43,ausnet-network-tariff-schedule-2025-26/NEE43,,ausnet-network-tariff-schedule-2025-26,,,,flags: closed_to_new
withdrawn_tariff_listed/eb5757411a,withdrawn_tariff_listed,ergon,2023-24,ergon:EBIBT2,ergon-network-price-list-2023-24-sch8-wayback/EBIBT2,,ergon-network-price-list-2023-24-sch8-wayback,,,,flags: grandfathered
withdrawn_tariff_listed/eb5df5f0fe,withdrawn_tariff_listed,evoenergy,2024-25,evoenergy:011,evoenergy-schedule-of-charges-2024-25-lfit-adjusted/011,,evoenergy-schedule-of-charges-2024-25-lfit-adjusted,,,,flags: closed_to_new
withdrawn_tariff_listed/ebe28e57ed,withdrawn_tariff_listed,tasnetworks,2024-25,tasnetworks:TAS41,tasnetworks-network-tariff-pricing-schedule-scs-2024-25/TAS41,,tasnetworks-network-tariff-pricing-schedule-scs-2024-25,,,,flags: obsolete
withdrawn_tariff_listed/ec08a5a164,withdrawn_tariff_listed,evoenergy,2026-27,evoenergy:031,evoenergy-schedule-of-charges-2026-27-aer-approved-april2026/031,,evoenergy-schedule-of-charges-2026-27-aer-approved-april2026,,,,flags: closed_to_new
withdrawn_tariff_listed/ec0e5dc36e,withdrawn_tariff_listed,essential,2026-27,essential:BLNN1AU,essential-price-list-and-explanatory-notes-2026-27/BLNN1AU,,essential-price-list-and-explanatory-notes-2026-27,,,,"flags: closed_to_new, obsolete"
withdrawn_tariff_listed/ed2b7ef5bf,withdrawn_tariff_listed,evoenergy,2023-24,evoenergy:041,evoenergy-statement-of-tariff-classes-and-tariffs-2023-24/041,,evoenergy-statement-of-tariff-classes-and-tariffs-2023-24,,,,flags: closed_to_new
withdrawn_tariff_listed/ed8602345e,withdrawn_tariff_listed,ausnet,2025-26,ausnet:NEE41,ausnet-network-tariff-schedule-2025-26/NEE41,,ausnet-network-tariff-schedule-2025-26,,,,flags: closed_to_new
withdrawn_tariff_listed/edbdd73b0d,withdrawn_tariff_listed,ausnet,2023-24,ausnet:NEE13,ausnet-annual-pricing-proposal-2023-24/NEE13,,ausnet-annual-pricing-proposal-2023-24,,,,flags: closed_to_new
withdrawn_tariff_listed/ee0831b2d6,withdrawn_tariff_listed,ergon,2026-27,ergon:MRIBT4,ergon-network-price-list-2026-27-sch8-wayback/MRIBT4,,ergon-network-price-list-2026-27-sch8-wayback,,,,flags: closed_to_new
withdrawn_tariff_listed/eeb799cfad,withdrawn_tariff_listed,ausnet,2023-24,ausnet:NSP23,ausnet-annual-pricing-proposal-2023-24/NSP23,,ausnet-annual-pricing-proposal-2023-24,,,,flags: closed_to_new
withdrawn_tariff_listed/ef47cc0c16,withdrawn_tariff_listed,ausnet,2025-26,ausnet:NEN20,ausnet-network-tariff-schedule-2025-26/NEN20,,ausnet-network-tariff-schedule-2025-26,,,,flags: closed_to_new
withdrawn_tariff_listed/efbbb334ad,withdrawn_tariff_listed,energex,2024-25,energex:4500,energex-network-price-list-2024-25-sch8-wayback/4500,,energex-network-price-list-2024-25-sch8-wayback,,,,flags: grandfathered
withdrawn_tariff_listed/f07269db27,withdrawn_tariff_listed,ergon,2024-25,ergon:WBWIFT2,ergon-network-price-list-2024-25-sch8-wayback/WBWIFT2,,ergon-network-price-list-2024-25-sch8-wayback,,,,flags: grandfathered
withdrawn_tariff_listed/f098b0b42d,withdrawn_tariff_listed,ausnet,2023-24,ausnet:NEE17,ausnet-2023-24-schedule-of-tariffs-31mar2023/NEE17,,ausnet-2023-24-schedule-of-tariffs-31mar2023,,,,flags: closed_to_new
withdrawn_tariff_listed/f0bea62fac,withdrawn_tariff_listed,ergon,2023-24,ergon:WRIBT3,ergon-2023-24-network-price-list-31mar2023/WRIBT3,,ergon-2023-24-network-price-list-31mar2023,,,,flags: grandfathered
withdrawn_tariff_listed/f105e9abe8,withdrawn_tariff_listed,ausnet,2023-24,ausnet:NEN12,ausnet-annual-pricing-proposal-2023-24/NEN12,,ausnet-annual-pricing-proposal-2023-24,,,,flags: closed_to_new
withdrawn_tariff_listed/f18ff8e70f,withdrawn_tariff_listed,ergon,2023-24,ergon:WSTOUDT3,ergon-2023-24-network-price-list-31mar2023/WSTOUDT3,,ergon-2023-24-network-price-list-31mar2023,,,,flags: grandfathered
withdrawn_tariff_listed/f1a2cb96d1,withdrawn_tariff_listed,sapn,2024-25,sapn:B2RT,sapn-2024-25-annual-pricing-proposal-19apr2024/B2RT,,sapn-2024-25-annual-pricing-proposal-19apr2024,,,,flags: closed_to_new
withdrawn_tariff_listed/f2572887cc,withdrawn_tariff_listed,ergon,2023-24,ergon:WBWIFT2,ergon-network-price-list-2023-24-sch8-wayback/WBWIFT2,,ergon-network-price-list-2023-24-sch8-wayback,,,,flags: grandfathered
withdrawn_tariff_listed/f2ed4b0b60,withdrawn_tariff_listed,essential,2025-26,essential:BLNT3AU,essential-price-list-and-explanatory-notes-2025-26/BLNT3AU,,essential-price-list-and-explanatory-notes-2025-26,,,,"flags: closed_to_new, obsolete"
withdrawn_tariff_listed/f31ead8704,withdrawn_tariff_listed,ergon,2024-25,ergon:EBFRMT3,ergon-network-price-list-2024-25-sch8-wayback/EBFRMT3,,ergon-network-price-list-2024-25-sch8-wayback,,,,flags: grandfathered
withdrawn_tariff_listed/f3af9f0536,withdrawn_tariff_listed,ergon,2025-26,ergon:EDLTT2,aer-consolidated-2025-26-v5/EDLTT2,,aer-consolidated-2025-26-v5,,,,flags: withdrawn
withdrawn_tariff_listed/f3bf69bb3b,withdrawn_tariff_listed,ausnet,2023-24,ausnet:NEE18,ausnet-2023-24-schedule-of-tariffs-31mar2023/NEE18,,ausnet-2023-24-schedule-of-tariffs-31mar2023,,,,flags: closed_to_new
withdrawn_tariff_listed/f4598b9619,withdrawn_tariff_listed,ausnet,2025-26,ausnet:NSP21,ausnet-network-tariff-schedule-2025-26/NSP21,,ausnet-network-tariff-schedule-2025-26,,,,flags: closed_to_new
withdrawn_tariff_listed/f46b256710,withdrawn_tariff_listed,ergon,2023-24,ergon:EBPMPT1,ergon-network-price-list-2023-24-sch8-wayback/EBPMPT1,,ergon-network-price-list-2023-24-sch8-wayback,,,,flags: grandfathered
withdrawn_tariff_listed/f481f23faa,withdrawn_tariff_listed,endeavour,2024-25,endeavour:NFT9,endeavour-nuos-price-list-2024-25-v10/NFT9,,endeavour-nuos-price-list-2024-25-v10,,,,"flags: closed_to_new, obsolete"
withdrawn_tariff_listed/f4e7547301,withdrawn_tariff_listed,essential,2025-26,essential:BLNT2AL,essential-price-list-and-explanatory-notes-2025-26/BLNT2AL,,essential-price-list-and-explanatory-notes-2025-26,,,,"flags: closed_to_new, obsolete"
withdrawn_tariff_listed/f53f38eec7,withdrawn_tariff_listed,evoenergy,2026-27,evoenergy:010,evoenergy-schedule-of-charges-2026-27-aer-approved-april2026/010,,evoenergy-schedule-of-charges-2026-27-aer-approved-april2026,,,,flags: closed_to_new
withdrawn_tariff_listed/f636dcb858,withdrawn_tariff_listed,ausnet,2024-25,ausnet:NASN11P,ausnet-2024-25-schedule-of-tariffs-28mar2024/NASN11P,,ausnet-2024-25-schedule-of-tariffs-28mar2024,,,,flags: closed_to_new
withdrawn_tariff_listed/f661a2d7b2,withdrawn_tariff_listed,ergon,2025-26,ergon:WDSTT2,aer-consolidated-2025-26-v5/WDSTT2,,aer-consolidated-2025-26-v5,,,,flags: withdrawn
withdrawn_tariff_listed/f6a91ebbe1,withdrawn_tariff_listed,ergon,2023-24,ergon:EBPMPT3,ergon-network-price-list-2023-24-sch8-wayback/EBPMPT3,,ergon-network-price-list-2023-24-sch8-wayback,,,,flags: grandfathered
withdrawn_tariff_listed/f6c0dbdba3,withdrawn_tariff_listed,energex,2024-25,energex:8800,energex-network-price-list-2024-25-sch8-wayback/8800,,energex-network-price-list-2024-25-sch8-wayback,,,,flags: grandfathered
withdrawn_tariff_listed/f6eb754b9f,withdrawn_tariff_listed,energex,2024-25,energex:3000,energex-2024-25-network-price-list-28mar2024/3000,,energex-2024-25-network-price-list-28mar2024,,,,flags: grandfathered
withdrawn_tariff_listed/f72bdaa828,withdrawn_tariff_listed,endeavour,2024-25,endeavour:NS19,endeavour-nuos-price-list-2024-25-v10/NS19,,endeavour-nuos-price-list-2024-25-v10,,,,"flags: closed_to_new, obsolete"
withdrawn_tariff_listed/f782e3dda3,withdrawn_tariff_listed,ergon,2023-24,ergon:MBIBT4,ergon-network-price-list-2023-24-sch8-wayback/MBIBT4,,ergon-network-price-list-2023-24-sch8-wayback,,,,flags: grandfathered
withdrawn_tariff_listed/f7889ded49,withdrawn_tariff_listed,sapn,2024-25,sapn:SBD,sapn-2024-25-annual-pricing-proposal-19apr2024/SBD,,sapn-2024-25-annual-pricing-proposal-19apr2024,,,,flags: closed_to_new
withdrawn_tariff_listed/f7913621dd,withdrawn_tariff_listed,ergon,2025-26,ergon:WBWIFT2,aer-consolidated-2025-26-v5/WBWIFT2,,aer-consolidated-2025-26-v5,,,,flags: withdrawn
withdrawn_tariff_listed/f81ab8f2de,withdrawn_tariff_listed,ergon,2025-26,ergon:EDSTT1,aer-consolidated-2025-26-v5/EDSTT1/east-demand-small,,aer-consolidated-2025-26-v5,,,,flags: withdrawn
withdrawn_tariff_listed/f82f223eb0,withdrawn_tariff_listed,ergon,2023-24,ergon:MRIBT4,ergon-2023-24-network-price-list-31mar2023/MRIBT4,,ergon-2023-24-network-price-list-31mar2023,,,,flags: grandfathered
withdrawn_tariff_listed/f84b69d0c5,withdrawn_tariff_listed,ausnet,2023-24,ausnet:NEE18,ausnet-annual-pricing-proposal-2023-24/NEE18,,ausnet-annual-pricing-proposal-2023-24,,,,flags: closed_to_new
withdrawn_tariff_listed/f86ab1e5aa,withdrawn_tariff_listed,ergon,2023-24,ergon:ESTOUDT2,ergon-network-price-list-2023-24-sch8-wayback/ESTOUDT2,,ergon-network-price-list-2023-24-sch8-wayback,,,,flags: grandfathered
withdrawn_tariff_listed/f86c3307b7,withdrawn_tariff_listed,ergon,2023-24,ergon:EBFRMT1,ergon-network-price-list-2023-24-sch8-wayback/EBFRMT1,,ergon-network-price-list-2023-24-sch8-wayback,,,,flags: grandfathered
withdrawn_tariff_listed/f899c9e6b8,withdrawn_tariff_listed,sapn,2023-24,sapn:M/QOPCL,sapn-2023-24-annual-pricing-proposal-revised-8may2023/M/QOPCL,,sapn-2023-24-annual-pricing-proposal-revised-8may2023,,,,flags: closed_to_new
withdrawn_tariff_listed/f8cf8da6cd,withdrawn_tariff_listed,ausnet,2026-27,ausnet:NSP27,ausnet-network-tariff-schedule-2026-27-20260515/NSP27,,ausnet-network-tariff-schedule-2026-27-20260515,,,,flags: closed_to_new
withdrawn_tariff_listed/f8fdbf1727,withdrawn_tariff_listed,evoenergy,2023-24,evoenergy:111,evoenergy-statement-of-tariff-classes-and-tariffs-2023-24/111,,evoenergy-statement-of-tariff-classes-and-tariffs-2023-24,,,,flags: closed_to_new
withdrawn_tariff_listed/f933b055d2,withdrawn_tariff_listed,ausnet,2024-25,ausnet:NEE41,ausnet-2024-25-schedule-of-tariffs-28mar2024/NEE41,,ausnet-2024-25-schedule-of-tariffs-28mar2024,,,,flags: closed_to_new
withdrawn_tariff_listed/f944c1e876,withdrawn_tariff_listed,essential,2026-27,essential:BLNT1AO,essential-price-list-and-explanatory-notes-2026-27/BLNT1AO,,essential-price-list-and-explanatory-notes-2026-27,,,,"flags: closed_to_new, obsolete"
withdrawn_tariff_listed/f98a740ceb,withdrawn_tariff_listed,ergon,2023-24,ergon:MSTOUDT4,ergon-network-price-list-2023-24-sch8-wayback/MSTOUDT4,,ergon-network-price-list-2023-24-sch8-wayback,,,,flags: grandfathered
withdrawn_tariff_listed/fa6607d8fb,withdrawn_tariff_listed,essential,2023-24,essential:BLNE3AU,essential-2023-24-network-price-list-31mar2023/BLNE3AU,,essential-2023-24-network-price-list-31mar2023,,,,"flags: closed_to_new, obsolete"
withdrawn_tariff_listed/fa8fcf6cda,withdrawn_tariff_listed,ausnet,2023-24,ausnet:NEE17,ausnet-annual-pricing-proposal-2023-24/NEE17,,ausnet-annual-pricing-proposal-2023-24,,,,flags: closed_to_new
withdrawn_tariff_listed/faea7edafe,withdrawn_tariff_listed,essential,2023-24,essential:BLNE4AU,essential-2023-24-network-price-list-31mar2023/BLNE4AU,,essential-2023-24-network-price-list-31mar2023,,,,"flags: closed_to_new, obsolete"
withdrawn_tariff_listed/fc1b436e50,withdrawn_tariff_listed,ergon,2024-25,ergon:EBPMPT1,ergon-2024-25-network-price-list-28mar2024/EBPMPT1,,ergon-2024-25-network-price-list-28mar2024,,,,flags: grandfathered
withdrawn_tariff_listed/fc6088eb96,withdrawn_tariff_listed,ausnet,2023-24,ausnet:NEE14,ausnet-annual-pricing-proposal-2023-24/NEE14,,ausnet-annual-pricing-proposal-2023-24,,,,flags: closed_to_new
withdrawn_tariff_listed/fdee42b25a,withdrawn_tariff_listed,endeavour,2024-25,endeavour:NFTD,endeavour-nuos-price-list-2024-25-v10/NFTD,,endeavour-nuos-price-list-2024-25-v10,,,,"flags: closed_to_new, obsolete"
withdrawn_tariff_listed/fe0d575511,withdrawn_tariff_listed,evoenergy,2026-27,evoenergy:041,evoenergy-schedule-of-charges-2026-27-incl-lfit-june2026/041,,evoenergy-schedule-of-charges-2026-27-incl-lfit-june2026,,,,flags: closed_to_new
withdrawn_tariff_listed/fe66d3053f,withdrawn_tariff_listed,tasnetworks,2025-26,tasnetworks:TAS31,tasnetworks-network-tariff-pricing-schedule-scs-2025-26/TAS31,,tasnetworks-network-tariff-pricing-schedule-scs-2025-26,,,,flags: obsolete
withdrawn_tariff_listed/fe8e8b80db,withdrawn_tariff_listed,jemena,2023-24,jemena:A34M,jemena-2023-24-network-tariff-schedule-31mar2023/A34M,,jemena-2023-24-network-tariff-schedule-31mar2023,,,,flags: closed_to_new
withdrawn_tariff_listed/fef1979a9a,withdrawn_tariff_listed,ausnet,2025-26,ausnet:NEE93,ausnet-network-tariff-schedule-2025-26/NEE93,,ausnet-network-tariff-schedule-2025-26,,,,flags: closed_to_new
withdrawn_tariff_listed/fefeabe349,withdrawn_tariff_listed,ausnet,2025-26,ausnet:NEE40,ausnet-network-tariff-schedule-2025-26/NEE40,,ausnet-network-tariff-schedule-2025-26,,,,flags: closed_to_new
withdrawn_tariff_listed/ff00464e5c,withdrawn_tariff_listed,ausnet,2023-24,ausnet:NEN11,ausnet-annual-pricing-proposal-2023-24/NEN11,,ausnet-annual-pricing-proposal-2023-24,,,,flags: closed_to_new
withdrawn_tariff_listed/ff04882b2b,withdrawn_tariff_listed,ergon,2023-24,ergon:WBWIFT2,ergon-2023-24-network-price-list-31mar2023/WBWIFT2,,ergon-2023-24-network-price-list-31mar2023,,,,flags: grandfathered
withdrawn_tariff_listed/ff11996b40,withdrawn_tariff_listed,ergon,2023-24,ergon:WSTOUDT2,ergon-network-price-list-2023-24-sch8-wayback/WSTOUDT2,,ergon-network-price-list-2023-24-sch8-wayback,,,,flags: grandfathered
withdrawn_tariff_listed/ff2df350c2,withdrawn_tariff_listed,ausgrid,2023-24,ausgrid:EA010,ausgrid-2023-24-annual-scs-pricing-proposal-31mar2023/EA010,,ausgrid-2023-24-annual-scs-pricing-proposal-31mar2023,,,,flags: closed_to_new
withdrawn_tariff_listed/ffecc427eb,withdrawn_tariff_listed,evoenergy,2025-26,evoenergy:010,evoenergy-schedule-of-charges-2025-26-incl-lfit-may2025/010,,evoenergy-schedule-of-charges-2025-26-incl-lfit-may2025,,,,flags: closed_to_new
zero_priced_placeholder/003bddc3d7,zero_priced_placeholder,energex,2026-27,energex:CSAC,aer-consolidated-2026-27-v5/CSAC,,aer-consolidated-2026-27-v5,,,,"CSAC Historic CAC: no non-zero price; price_availability = placeholder, no charge rows"
zero_priced_placeholder/027d0173a1,zero_priced_placeholder,ergon,2025-26,ergon:MTBA13T4,aer-consolidated-2025-26-v5/MTBA13T4,,aer-consolidated-2025-26-v5,,,,"MTBA13T4 MtIsa Residential Flexible Load: no non-zero price; price_availability = placeholder, no charge rows"
zero_priced_placeholder/0a0adb158e,zero_priced_placeholder,ausnet,2025-26,ausnet:NASN12P,aer-consolidated-2025-26-v5/NASN12P,,aer-consolidated-2025-26-v5,,,,"NASN12P Small business single rate demand premium feed in: no non-zero price; price_availability = placeholder, no charge rows"
zero_priced_placeholder/0c0b0d16a4,zero_priced_placeholder,sapn,2024-25,sapn:LBAD627,aer-stakeholder-report-sapn-2024-25-updated17jul2024/LBAD627,,aer-stakeholder-report-sapn-2024-25-updated17jul2024,,,,"LBAD627 Large LV Business Annual demand: no non-zero price; price_availability = placeholder, no charge rows"
zero_priced_placeholder/11ef8a2e99,zero_priced_placeholder,ergon,2025-26,ergon:MTBA11T4,aer-consolidated-2025-26-v5/MTBA11T4,,aer-consolidated-2025-26-v5,,,,"MTBA11T4 MtIsa Residential Demand: no non-zero price; price_availability = placeholder, no charge rows"
zero_priced_placeholder/123e226a8c,zero_priced_placeholder,energex,2026-27,energex:TBA11,aer-consolidated-2026-27-v5/TBA11,,aer-consolidated-2026-27-v5,,,,"TBA11 Residential Demand: no non-zero price; price_availability = placeholder, no charge rows"
zero_priced_placeholder/12e98d9ef5,zero_priced_placeholder,ausnet,2025-26,ausnet:NASN11P,aer-consolidated-2025-26-v5/NASN11P,,aer-consolidated-2025-26-v5,,,,"NASN11P Small residential single rate demand premium feed in: no non-zero price; price_availability = placeholder, no charge rows"
zero_priced_placeholder/155c3c7a5f,zero_priced_placeholder,sapn,2024-25,sapn:RELE,aer-stakeholder-report-sapn-2024-25-updated17jul2024/RELE,,aer-stakeholder-report-sapn-2024-25-updated17jul2024,,,,"RELE Residential Electrify: no non-zero price; price_availability = placeholder, no charge rows"
zero_priced_placeholder/180d11502a,zero_priced_placeholder,ergon,2025-26,ergon:MTBA10T4,aer-consolidated-2025-26-v5/MTBA10T4,,aer-consolidated-2025-26-v5,,,,"MTBA10T4 MtIsa Small Business Flexible Load: no non-zero price; price_availability = placeholder, no charge rows"
zero_priced_placeholder/18e6a58623,zero_priced_placeholder,ausnet,2025-26,ausnet:NEE11P,aer-consolidated-2025-26-v5/NEE11P,,aer-consolidated-2025-26-v5,,,,"NEE11P Small single rate premium feed in: no non-zero price; price_availability = placeholder, no charge rows"
zero_priced_placeholder/20be6505dd,zero_priced_placeholder,energex,2026-27,energex:TBA13,aer-consolidated-2026-27-v5/TBA13,,aer-consolidated-2026-27-v5,,,,"TBA13 Residential Flexible Load: no non-zero price; price_availability = placeholder, no charge rows"
zero_priced_placeholder/24fd04d8cd,zero_priced_placeholder,ergon,2026-27,ergon:WTBA13T1,aer-consolidated-2026-27-v5/WTBA13T1,,aer-consolidated-2026-27-v5,,,,"WTBA13T1 West Residential Demand: no non-zero price; price_availability = placeholder, no charge rows"
zero_priced_placeholder/26871499f1,zero_priced_placeholder,ergon,2025-26,ergon:ETBA15T1,aer-consolidated-2025-26-v5/ETBA15T1,,aer-consolidated-2025-26-v5,,,,"ETBA15T1 East Residential Flexible Load: no non-zero price; price_availability = placeholder, no charge rows"
zero_priced_placeholder/2e6b1a5a72,zero_priced_placeholder,ausnet,2025-26,ausnet:NEE12P,aer-consolidated-2025-26-v5/NEE12P,,aer-consolidated-2025-26-v5,,,,"NEE12P Small single rate premium feed in (business): no non-zero price; price_availability = placeholder, no charge rows"
zero_priced_placeholder/2e880427a3,zero_priced_placeholder,sapn,2024-25,sapn:ZSN307,aer-stakeholder-report-sapn-2024-25-updated17jul2024/ZSN307,,aer-stakeholder-report-sapn-2024-25-updated17jul2024,,,,"ZSN307 Zone Substation kVA Locational: no non-zero price; price_availability = placeholder, no charge rows"
zero_priced_placeholder/32d747f2fd,zero_priced_placeholder,ergon,2026-27,ergon:ETBA12T1,aer-consolidated-2026-27-v5/ETBA12T1,,aer-consolidated-2026-27-v5,,,,"ETBA12T1 East Small Business Flexible Load: no non-zero price; price_availability = placeholder, no charge rows"
zero_priced_placeholder/369b2a066a,zero_priced_placeholder,ergon,2025-26,ergon:WTBA12T1,aer-consolidated-2025-26-v5/WTBA12T1,,aer-consolidated-2025-26-v5,,,,"WTBA12T1 West Small Business Flexible Load: no non-zero price; price_availability = placeholder, no charge rows"
zero_priced_placeholder/3a90c8beb6,zero_priced_placeholder,essential,2025-26,essential:BLNP1AO,aer-consolidated-2025-26-v1/TD-ESS26oth-PL,,aer-consolidated-2025-26-v1,,,,"aer-consolidated-2025-26-v1/TD-ESS26oth-PL LV Public Lighting NUOS: no non-zero price; price_availability = placeholder, no charge rows"
zero_priced_placeholder/3bdcbd1767,zero_priced_placeholder,ergon,2026-27,ergon:EICCT1,aer-consolidated-2026-27-v5/EICCT1,,aer-consolidated-2026-27-v5,,,,"EICCT1 East ICC: no non-zero price; price_availability = placeholder, no charge rows"
zero_priced_placeholder/3e1b8bdb6e,zero_priced_placeholder,energex,2025-26,energex:TBA11,aer-consolidated-2025-26-v5/TBA11,,aer-consolidated-2025-26-v5,,,,"TBA11 Residential Demand: no non-zero price; price_availability = placeholder, no charge rows"
zero_priced_placeholder/3fc3099d0d,zero_priced_placeholder,ergon,2026-27,ergon:WICCT1,aer-consolidated-2026-27-v5/WICCT1,,aer-consolidated-2026-27-v5,,,,"WICCT1 West ICC: no non-zero price; price_availability = placeholder, no charge rows"
zero_priced_placeholder/4309149078,zero_priced_placeholder,ausnet,2025-26,ausnet:SSP23,aer-consolidated-2025-26-v1/TD-ANS26res-TOUSolPFiT,,aer-consolidated-2025-26-v1,,,,"aer-consolidated-2025-26-v1/TD-ANS26res-TOUSolPFiT Small interval meter time of use solar installation premium feed in: no non-zero price; price_availability = placeholder, no charge rows"
zero_priced_placeholder/432f88b56d,zero_priced_placeholder,sapn,2024-25,sapn:STN840,aer-stakeholder-report-sapn-2024-25-updated17jul2024/STN840,,aer-stakeholder-report-sapn-2024-25-updated17jul2024,,,,"STN840 Sub Transmission kVA Locational: no non-zero price; price_availability = placeholder, no charge rows"
zero_priced_placeholder/4417f19af0,zero_priced_placeholder,sapn,2024-25,sapn:STNGF,aer-stakeholder-report-sapn-2024-25-updated17jul2024/STNGF,,aer-stakeholder-report-sapn-2024-25-updated17jul2024,,,,"STNGF Sub Transmission Generation Flexible: no non-zero price; price_availability = placeholder, no charge rows"
zero_priced_placeholder/4568954753,zero_priced_placeholder,ausnet,2025-26,ausnet:NASN2P,aer-consolidated-2025-26-v5/NASN2P,,aer-consolidated-2025-26-v5,,,,"NASN2P Business > 40 MWh two rate demand premium feed in: no non-zero price; price_availability = placeholder, no charge rows"
zero_priced_placeholder/463dd498cd,zero_priced_placeholder,energex,2025-26,energex:TBA8,aer-consolidated-2025-26-v5/TBA8,,aer-consolidated-2025-26-v5,,,,"TBA8 Small Business Demand: no non-zero price; price_availability = placeholder, no charge rows"
zero_priced_placeholder/4a36975742,zero_priced_placeholder,essential,2026-27,essential:BLNP1AO,aer-consolidated-2026-27-v5/BLNP1AO,,aer-consolidated-2026-27-v5,,,,"BLNP1AO LV Public Lighting NUOS: no non-zero price; price_availability = placeholder, no charge rows"
zero_priced_placeholder/4e99adaacf,zero_priced_placeholder,ausnet,2025-26,ausnet:NASN12P,aer-consolidated-2025-26-v1/TD-ANS26smb-DmdPFiT,,aer-consolidated-2025-26-v1,,,,"aer-consolidated-2025-26-v1/TD-ANS26smb-DmdPFiT Small business single rate demand premium feed in: no non-zero price; price_availability = placeholder, no charge rows"
zero_priced_placeholder/53e118f5aa,zero_priced_placeholder,ergon,2025-26,ergon:WTBA15T1,aer-consolidated-2025-26-v5/WTBA15T1,,aer-consolidated-2025-26-v5,,,,"WTBA15T1 West Residential Flexible Load: no non-zero price; price_availability = placeholder, no charge rows"
zero_priced_placeholder/550e3081e6,zero_priced_placeholder,sapn,2024-25,sapn:ZSN767,aer-stakeholder-report-sapn-2024-25-updated17jul2024/ZSN767,,aer-stakeholder-report-sapn-2024-25-updated17jul2024,,,,"ZSN767 Zone Substation kVA Locational: no non-zero price; price_availability = placeholder, no charge rows"
zero_priced_placeholder/5af460dbb9,zero_priced_placeholder,ergon,2026-27,ergon:WTBA15T1,aer-consolidated-2026-27-v5/WTBA15T1,,aer-consolidated-2026-27-v5,,,,"WTBA15T1 West Residential Flexible Load: no non-zero price; price_availability = placeholder, no charge rows"
zero_priced_placeholder/5bcafba2fc,zero_priced_placeholder,ergon,2026-27,ergon:MTBA13T4,aer-consolidated-2026-27-v5/MTBA13T4,,aer-consolidated-2026-27-v5,,,,"MTBA13T4 MtIsa Residential Flexible Load: no non-zero price; price_availability = placeholder, no charge rows"
zero_priced_placeholder/5d00a702b8,zero_priced_placeholder,ausnet,2025-26,ausnet:SSP21,aer-consolidated-2025-26-v1/TD-ANS26smb-TOUSolPFiT,,aer-consolidated-2025-26-v1,,,,"aer-consolidated-2025-26-v1/TD-ANS26smb-TOUSolPFiT Small interval meter time of use solar installation premium feed in (business): no non-zero price; price_availability = placeholder, no charge rows"
zero_priced_placeholder/5f4e72472d,zero_priced_placeholder,sapn,2024-25,sapn:LBAD432,aer-stakeholder-report-sapn-2024-25-updated17jul2024/LBAD432,,aer-stakeholder-report-sapn-2024-25-updated17jul2024,,,,"LBAD432 Large LV Business Annual demand: no non-zero price; price_availability = placeholder, no charge rows"
zero_priced_placeholder/645134cf4e,zero_priced_placeholder,sapn,2024-25,sapn:HVBGF,aer-stakeholder-report-sapn-2024-25-updated17jul2024/HVBGF-SA,,aer-stakeholder-report-sapn-2024-25-updated17jul2024,,,,"HVBGF-SA HV Business Generation Flexible: no non-zero price; price_availability = placeholder, no charge rows"
zero_priced_placeholder/68a2e9351b,zero_priced_placeholder,ausnet,2025-26,ausnet:NAST12P,aer-consolidated-2025-26-v5/NAST12P,,aer-consolidated-2025-26-v5,,,,"NAST12P Small business time of use premium feed in: no non-zero price; price_availability = placeholder, no charge rows"
zero_priced_placeholder/691534dbbe,zero_priced_placeholder,sapn,2024-25,sapn:ZSNGF,aer-stakeholder-report-sapn-2024-25-updated17jul2024/ZSNGF,,aer-stakeholder-report-sapn-2024-25-updated17jul2024,,,,"ZSNGF Zone Substation Generation Flexible: no non-zero price; price_availability = placeholder, no charge rows"
zero_priced_placeholder/6b973bc513,zero_priced_placeholder,energex,2026-27,energex:TBA10,aer-consolidated-2026-27-v5/TBA10,,aer-consolidated-2026-27-v5,,,,"TBA10 Small Business Flexible Load: no non-zero price; price_availability = placeholder, no charge rows"
zero_priced_placeholder/7917343725,zero_priced_placeholder,ergon,2026-27,ergon:ETBA15T1,aer-consolidated-2026-27-v5/ETBA15T1,,aer-consolidated-2026-27-v5,,,,"ETBA15T1 East Residential Flexible Load: no non-zero price; price_availability = placeholder, no charge rows"
zero_priced_placeholder/7ad81792f0,zero_priced_placeholder,ausnet,2025-26,ausnet:TD-ANS26OTH-DMDPFIT,aer-consolidated-2025-26-v1/TD-ANS26oth-DmdPFiT,,aer-consolidated-2025-26-v1,,,,"aer-consolidated-2025-26-v1/TD-ANS26oth-DmdPFiT Business > 40 MWh two rate demand premium feed in: no non-zero price; price_availability = placeholder, no charge rows"
zero_priced_placeholder/84f2889aa3,zero_priced_placeholder,ausnet,2025-26,ausnet:NAST12P,aer-consolidated-2025-26-v1/TD-ANS26smb-TOUPFiT,,aer-consolidated-2025-26-v1,,,,"aer-consolidated-2025-26-v1/TD-ANS26smb-TOUPFiT Small business time of use premium feed in: no non-zero price; price_availability = placeholder, no charge rows"
zero_priced_placeholder/86e61ade4a,zero_priced_placeholder,ausnet,2025-26,ausnet:NAST11P,aer-consolidated-2025-26-v5/NAST11P,,aer-consolidated-2025-26-v5,,,,"NAST11P Small residential time of use premium feed in: no non-zero price; price_availability = placeholder, no charge rows"
zero_priced_placeholder/87bd06bc54,zero_priced_placeholder,ergon,2026-27,ergon:EBFRMT1,aer-consolidated-2026-27-v5/EBFRMT1,,aer-consolidated-2026-27-v5,,,,"EBFRMT1 East Transitional Network ToU Energy Tariff 1: no non-zero price; price_availability = placeholder, no charge rows"
zero_priced_placeholder/8deb4dcd9f,zero_priced_placeholder,ergon,2025-26,ergon:MTBA8T4,aer-consolidated-2025-26-v5/MTBA8T4,,aer-consolidated-2025-26-v5,,,,"MTBA8T4 Mt Isa Small Business Demand: no non-zero price; price_availability = placeholder, no charge rows"
zero_priced_placeholder/8eb7b24eb8,zero_priced_placeholder,energex,2024-25,energex:3000,aer-stakeholder-report-energex-2024-25/3000,,aer-stakeholder-report-energex-2024-25,,,,"3000 EG 11 kV: no non-zero price; price_availability = placeholder, no charge rows"
zero_priced_placeholder/93b2835313,zero_priced_placeholder,powercor,2026-27,powercor:PFTUOS,aer-consolidated-2026-27-v5/PFTUOS,,aer-consolidated-2026-27-v5,,,,"PFTUOS Flexible TUOS Pass-Through: no non-zero price; price_availability = placeholder, no charge rows"
zero_priced_placeholder/94d1222227,zero_priced_placeholder,energex,2024-25,energex:4500,aer-stakeholder-report-energex-2024-25/4500,,aer-stakeholder-report-energex-2024-25,,,,"4500 11 kV Line: no non-zero price; price_availability = placeholder, no charge rows"
zero_priced_placeholder/95defac57c,zero_priced_placeholder,energex,2024-25,energex:7400,aer-stakeholder-report-energex-2024-25/7400,,aer-stakeholder-report-energex-2024-25,,,,"7400 HV ToU Demand: no non-zero price; price_availability = placeholder, no charge rows"
zero_priced_placeholder/9618fe2317,zero_priced_placeholder,ergon,2026-27,ergon:WTBA10T1,aer-consolidated-2026-27-v5/WTBA10T1,,aer-consolidated-2026-27-v5,,,,"WTBA10T1 West Small Business Demand: no non-zero price; price_availability = placeholder, no charge rows"
zero_priced_placeholder/9662513e8e,zero_priced_placeholder,energex,2025-26,energex:TBA10,aer-consolidated-2025-26-v5/TBA10,,aer-consolidated-2025-26-v5,,,,"TBA10 Small Business Flexible Load: no non-zero price; price_availability = placeholder, no charge rows"
zero_priced_placeholder/96cf8bd23e,zero_priced_placeholder,ergon,2024-25,ergon:ICC,aer-stakeholder-report-ergon-2024-25/ICC,,aer-stakeholder-report-ergon-2024-25,,,,"ICC ICC: no non-zero price; price_availability = placeholder, no charge rows"
zero_priced_placeholder/97fb1e1cb0,zero_priced_placeholder,sapn,2024-25,sapn:RELE2W,aer-stakeholder-report-sapn-2024-25-updated17jul2024/RELE2W,,aer-stakeholder-report-sapn-2024-25-updated17jul2024,,,,"RELE2W Electrify Two Way: no non-zero price; price_availability = placeholder, no charge rows"
zero_priced_placeholder/994f5c3891,zero_priced_placeholder,energex,2026-27,energex:1000,aer-consolidated-2026-27-v5/1000,,aer-consolidated-2026-27-v5,,,,"1000 ICC: no non-zero price; price_availability = placeholder, no charge rows"
zero_priced_placeholder/9d042246ac,zero_priced_placeholder,energex,2025-26,energex:HSAC,aer-consolidated-2025-26-v5/HSAC/historic-sac,,aer-consolidated-2025-26-v5,,,,"HSAC Historic SAC: no non-zero price; price_availability = placeholder, no charge rows"
zero_priced_placeholder/9e2a130b0d,zero_priced_placeholder,ergon,2025-26,ergon:WTBA13T1,aer-consolidated-2025-26-v5/WTBA13T1,,aer-consolidated-2025-26-v5,,,,"WTBA13T1 West Residential Demand: no non-zero price; price_availability = placeholder, no charge rows"
zero_priced_placeholder/9e9bc29017,zero_priced_placeholder,unitedenergy,2026-27,unitedenergy:UFTUOS,aer-consolidated-2026-27-v5/UFTUOS,,aer-consolidated-2026-27-v5,,,,"UFTUOS Flexible TUOS Pass-Through: no non-zero price; price_availability = placeholder, no charge rows"
zero_priced_placeholder/9f3b6e71a5,zero_priced_placeholder,ergon,2026-27,ergon:ETBA13T1,aer-consolidated-2026-27-v5/ETBA13T1,,aer-consolidated-2026-27-v5,,,,"ETBA13T1 East Residential Demand: no non-zero price; price_availability = placeholder, no charge rows"
zero_priced_placeholder/a37ea9796a,zero_priced_placeholder,sapn,2024-25,sapn:LBADF,aer-stakeholder-report-sapn-2024-25-updated17jul2024/LBADF-SA,,aer-stakeholder-report-sapn-2024-25-updated17jul2024,,,,"LBADF-SA Large LV Business Agreed Demand Flexible: no non-zero price; price_availability = placeholder, no charge rows"
zero_priced_placeholder/a81c5868dd,zero_priced_placeholder,ergon,2026-27,ergon:ETBA10T1,aer-consolidated-2026-27-v5/ETBA10T1,,aer-consolidated-2026-27-v5,,,,"ETBA10T1 East Small Business Demand: no non-zero price; price_availability = placeholder, no charge rows"
zero_priced_placeholder/adc73b45e9,zero_priced_placeholder,energex,2025-26,energex:CSAC,aer-consolidated-2025-26-v5/CSAC,,aer-consolidated-2025-26-v5,,,,"CSAC Historic CAC: no non-zero price; price_availability = placeholder, no charge rows"
zero_priced_placeholder/ae97bf6102,zero_priced_placeholder,energex,2024-25,energex:1000,aer-stakeholder-report-energex-2024-25/1000,,aer-stakeholder-report-energex-2024-25,,,,"1000 ICC: no non-zero price; price_availability = placeholder, no charge rows"
zero_priced_placeholder/b1ce765ddb,zero_priced_placeholder,ergon,2026-27,ergon:EBPMPT1,aer-consolidated-2026-27-v5/EBPMPT1,,aer-consolidated-2026-27-v5,,,,"EBPMPT1 East Transitional Network Dual Rate Demand Tariff 3: no non-zero price; price_availability = placeholder, no charge rows"
zero_priced_placeholder/b244fa19d2,zero_priced_placeholder,ergon,2025-26,ergon:ETBA12T1,aer-consolidated-2025-26-v5/ETBA12T1,,aer-consolidated-2025-26-v5,,,,"ETBA12T1 East Small Business Flexible Load: no non-zero price; price_availability = placeholder, no charge rows"
zero_priced_placeholder/b9f3c8e54b,zero_priced_placeholder,energex,2026-27,energex:TBA8,aer-consolidated-2026-27-v5/TBA8,,aer-consolidated-2026-27-v5,,,,"TBA8 Small Business Demand: no non-zero price; price_availability = placeholder, no charge rows"
zero_priced_placeholder/bc03225096,zero_priced_placeholder,ausnet,2025-26,ausnet:TD-ANS26RES-,aer-consolidated-2025-26-v1/TD-ANS26res-,,aer-consolidated-2025-26-v1,,,,"aer-consolidated-2025-26-v1/TD-ANS26res- CL: no non-zero price; price_availability = placeholder, no charge rows"
zero_priced_placeholder/beca992ba2,zero_priced_placeholder,ergon,2026-27,ergon:MTBA11T4,aer-consolidated-2026-27-v5/MTBA11T4,,aer-consolidated-2026-27-v5,,,,"MTBA11T4 MtIsa Residential Demand: no non-zero price; price_availability = placeholder, no charge rows"
zero_priced_placeholder/bf7bcf9621,zero_priced_placeholder,ergon,2025-26,ergon:ETBA10T1,aer-consolidated-2025-26-v5/ETBA10T1,,aer-consolidated-2025-26-v5,,,,"ETBA10T1 East Small Business Demand: no non-zero price; price_availability = placeholder, no charge rows"
zero_priced_placeholder/bfe9624bb7,zero_priced_placeholder,ausnet,2025-26,ausnet:NASN11P,aer-consolidated-2025-26-v1/TD-ANS26res-DmdPFiT,,aer-consolidated-2025-26-v1,,,,"aer-consolidated-2025-26-v1/TD-ANS26res-DmdPFiT Small residential single rate demand premium feed in: no non-zero price; price_availability = placeholder, no charge rows"
zero_priced_placeholder/c030067b51,zero_priced_placeholder,energex,2025-26,energex:TBA13,aer-consolidated-2025-26-v5/TBA13,,aer-consolidated-2025-26-v5,,,,"TBA13 Residential Flexible Load: no non-zero price; price_availability = placeholder, no charge rows"
zero_priced_placeholder/c3f9a549a2,zero_priced_placeholder,ergon,2026-27,ergon:EBIRRT1,aer-consolidated-2026-27-v5/EBIRRT1,,aer-consolidated-2026-27-v5,,,,"EBIRRT1 East Transitional Network ToU Energy Tariff 2: no non-zero price; price_availability = placeholder, no charge rows"
zero_priced_placeholder/c41d42fa90,zero_priced_placeholder,ergon,2026-27,ergon:WTBA12T1,aer-consolidated-2026-27-v5/WTBA12T1,,aer-consolidated-2026-27-v5,,,,"WTBA12T1 West Small Business Flexible Load: no non-zero price; price_availability = placeholder, no charge rows"
zero_priced_placeholder/cc7280e200,zero_priced_placeholder,ergon,2025-26,ergon:ETBA13T1,aer-consolidated-2025-26-v5/ETBA13T1,,aer-consolidated-2025-26-v5,,,,"ETBA13T1 East Residential Demand: no non-zero price; price_availability = placeholder, no charge rows"
zero_priced_placeholder/d07fa2747b,zero_priced_placeholder,ausnet,2025-26,ausnet:SSP21,aer-consolidated-2025-26-v5/SSP21,,aer-consolidated-2025-26-v5,,,,"SSP21 Small interval meter time of use solar installation premium feed in (business): no non-zero price; price_availability = placeholder, no charge rows"
zero_priced_placeholder/d8ad06baa8,zero_priced_placeholder,energex,2026-27,energex:HSAC,aer-consolidated-2026-27-v5/HSAC,,aer-consolidated-2026-27-v5,,,,"HSAC Historic SAC: no non-zero price; price_availability = placeholder, no charge rows"
zero_priced_placeholder/dd17fc9cab,zero_priced_placeholder,ausnet,2025-26,ausnet:SSP23,aer-consolidated-2025-26-v5/SSP23,,aer-consolidated-2025-26-v5,,,,"SSP23 Small interval meter time of use solar installation premium feed in: no non-zero price; price_availability = placeholder, no charge rows"
zero_priced_placeholder/dde93cb68b,zero_priced_placeholder,essential,2025-26,essential:BLNP1AO,aer-consolidated-2025-26-v5/BLNP1AO,,aer-consolidated-2025-26-v5,,,,"BLNP1AO LV Public Lighting NUOS: no non-zero price; price_availability = placeholder, no charge rows"
zero_priced_placeholder/de9eaba204,zero_priced_placeholder,sapn,2024-25,sapn:HVADF,aer-stakeholder-report-sapn-2024-25-updated17jul2024/HVADF-SA,,aer-stakeholder-report-sapn-2024-25-updated17jul2024,,,,"HVADF-SA HV Business Agreed Demand Flexible: no non-zero price; price_availability = placeholder, no charge rows"
zero_priced_placeholder/e2a3577d78,zero_priced_placeholder,ausnet,2025-26,ausnet:NEE11P,aer-consolidated-2025-26-v1/TD-ANS26res-FlatPFiT,,aer-consolidated-2025-26-v1,,,,"aer-consolidated-2025-26-v1/TD-ANS26res-FlatPFiT Small single rate premium feed in: no non-zero price; price_availability = placeholder, no charge rows"
zero_priced_placeholder/e5992e6b99,zero_priced_placeholder,energex,2025-26,energex:1000,aer-consolidated-2025-26-v5/1000,,aer-consolidated-2025-26-v5,,,,"1000 ICC: no non-zero price; price_availability = placeholder, no charge rows"
zero_priced_placeholder/e5dea2e857,zero_priced_placeholder,sapn,2024-25,sapn:STNF,aer-stakeholder-report-sapn-2024-25-updated17jul2024/STNF,,aer-stakeholder-report-sapn-2024-25-updated17jul2024,,,,"STNF Sub Transmission kVA Flexible: no non-zero price; price_availability = placeholder, no charge rows"
zero_priced_placeholder/e85ae07413,zero_priced_placeholder,sapn,2024-25,sapn:LBAD087,aer-stakeholder-report-sapn-2024-25-updated17jul2024/LBAD087,,aer-stakeholder-report-sapn-2024-25-updated17jul2024,,,,"LBAD087 Large LV Business Annual demand: no non-zero price; price_availability = placeholder, no charge rows"
zero_priced_placeholder/e8a38d7f28,zero_priced_placeholder,ergon,2026-27,ergon:MTBA10T4,aer-consolidated-2026-27-v5/MTBA10T4,,aer-consolidated-2026-27-v5,,,,"MTBA10T4 MtIsa Small Business Flexible Load: no non-zero price; price_availability = placeholder, no charge rows"
zero_priced_placeholder/ebac3d0f19,zero_priced_placeholder,ausnet,2025-26,ausnet:NEE12P,aer-consolidated-2025-26-v1/TD-ANS26smb-FlatPFiT,,aer-consolidated-2025-26-v1,,,,"aer-consolidated-2025-26-v1/TD-ANS26smb-FlatPFiT Small single rate premium feed in (business): no non-zero price; price_availability = placeholder, no charge rows"
zero_priced_placeholder/ebd5c4583e,zero_priced_placeholder,sapn,2024-25,sapn:SBTOUE,aer-stakeholder-report-sapn-2024-25-updated17jul2024/SBTOUE,,aer-stakeholder-report-sapn-2024-25-updated17jul2024,,,,"SBTOUE Small Business Electrify: no non-zero price; price_availability = placeholder, no charge rows"
zero_priced_placeholder/ecb9e0aa27,zero_priced_placeholder,sapn,2024-25,sapn:LBGF,aer-stakeholder-report-sapn-2024-25-updated17jul2024/LBGF-SA,,aer-stakeholder-report-sapn-2024-25-updated17jul2024,,,,"LBGF-SA Large LV Business Generation Flexible: no non-zero price; price_availability = placeholder, no charge rows"
zero_priced_placeholder/ed07889b34,zero_priced_placeholder,sapn,2024-25,sapn:ZSNF,aer-stakeholder-report-sapn-2024-25-updated17jul2024/ZSNF,,aer-stakeholder-report-sapn-2024-25-updated17jul2024,,,,"ZSNF Zone Substation kVA Flexible: no non-zero price; price_availability = placeholder, no charge rows"
zero_priced_placeholder/ee7562cf66,zero_priced_placeholder,ergon,2026-27,ergon:MTBA8T4,aer-consolidated-2026-27-v5/MTBA8T4,,aer-consolidated-2026-27-v5,,,,"MTBA8T4 Mt Isa Small Business Demand: no non-zero price; price_availability = placeholder, no charge rows"
zero_priced_placeholder/f18c1b32f6,zero_priced_placeholder,ausnet,2025-26,ausnet:NAST11P,aer-consolidated-2025-26-v1/TD-ANS26res-TOUPFiT,,aer-consolidated-2025-26-v1,,,,"aer-consolidated-2025-26-v1/TD-ANS26res-TOUPFiT Small residential time of use premium feed in: no non-zero price; price_availability = placeholder, no charge rows"
zero_priced_placeholder/f213ab5028,zero_priced_placeholder,citipower,2026-27,citipower:CFTUOS,aer-consolidated-2026-27-v5/CFTUOS,,aer-consolidated-2026-27-v5,,,,"CFTUOS Flexible TUOS Pass-Through: no non-zero price; price_availability = placeholder, no charge rows"
zero_priced_placeholder/f2fb3699ef,zero_priced_placeholder,ausnet,2025-26,ausnet:CL,aer-consolidated-2025-26-v5/CL,,aer-consolidated-2025-26-v5,,,,"CL CL: no non-zero price; price_availability = placeholder, no charge rows"
zero_priced_placeholder/f928d7b0e4,zero_priced_placeholder,energex,2024-25,energex:4000,aer-stakeholder-report-energex-2024-25/4000,,aer-stakeholder-report-energex-2024-25,,,,"4000 11 kV Bus: no non-zero price; price_availability = placeholder, no charge rows"
zero_priced_placeholder/fa0fe7b016,zero_priced_placeholder,unitedenergy,2026-27,unitedenergy:RESKW1R,aer-consolidated-2026-27-v5/RESKW1R,,aer-consolidated-2026-27-v5,,,,"RESKW1R Residential Demand: no non-zero price; price_availability = placeholder, no charge rows"
zero_priced_placeholder/fc6f7daa1d,zero_priced_placeholder,ergon,2025-26,ergon:WTBA10T1,aer-consolidated-2025-26-v5/WTBA10T1,,aer-consolidated-2025-26-v5,,,,"WTBA10T1 West Small Business Demand: no non-zero price; price_availability = placeholder, no charge rows"
