rate_id,condition_kind,value,document_id,locator,quote
sapn:B2R:2023-07-01:metering:legacy-metering-service-charge-capital,meter_class,network_meter_before_july_2015,sapn-2023-24-annual-pricing-proposal-revised-8may2023,pdf:p94,installed prior to 1 July 2015 - These customers continue to pay the capital and non-capital charges; • Existing customers using SA Power Networks’ meters that were installed after 1 July 2015 - These customers will have incurred an upfront capital charge and will continue to pay the non-capital charge; • Existing customers using SA Power Networks’ meters at 30 June 2015 with meters subsequently replaced by 3rd party meters – These customers will continue to pay the capital charge
sapn:B2R:2023-07-01:metering:legacy-metering-service-charge-capital,meter_class,replaced_by_third_party_meter,sapn-2023-24-annual-pricing-proposal-revised-8may2023,pdf:p94,installed prior to 1 July 2015 - These customers continue to pay the capital and non-capital charges; • Existing customers using SA Power Networks’ meters that were installed after 1 July 2015 - These customers will have incurred an upfront capital charge and will continue to pay the non-capital charge; • Existing customers using SA Power Networks’ meters at 30 June 2015 with meters subsequently replaced by 3rd party meters – These customers will continue to pay the capital charge
sapn:B2R:2023-07-01:metering:legacy-metering-service-charge-non-capital,meter_class,network_meter_after_july_2015,sapn-2023-24-annual-pricing-proposal-revised-8may2023,pdf:p94,installed prior to 1 July 2015 - These customers continue to pay the capital and non-capital charges; • Existing customers using SA Power Networks’ meters that were installed after 1 July 2015 - These customers will have incurred an upfront capital charge and will continue to pay the non-capital charge
sapn:B2R:2023-07-01:metering:legacy-metering-service-charge-non-capital,meter_class,network_meter_before_july_2015,sapn-2023-24-annual-pricing-proposal-revised-8may2023,pdf:p94,installed prior to 1 July 2015 - These customers continue to pay the capital and non-capital charges; • Existing customers using SA Power Networks’ meters that were installed after 1 July 2015 - These customers will have incurred an upfront capital charge and will continue to pay the non-capital charge
sapn:B2R:2024-07-01:metering:legacy-metering-service-charge-capital,meter_class,network_meter_before_july_2015,sapn-2024-25-annual-pricing-proposal-19apr2024,pdf:p95,installed prior to 1 July 2015 - These customers continue to pay the capital and non-capital charges; • Existing customers using SA Power Networks’ meters that were installed after 1 July 2015 - These customers will have incurred an upfront capital charge and will continue to pay the non-capital charge; • Existing customers using SA Power Networks’ meters at 30 June 2015 with meters subsequently replaced by 3rd party meters – These customers will continue to pay the capital charge
sapn:B2R:2024-07-01:metering:legacy-metering-service-charge-capital,meter_class,replaced_by_third_party_meter,sapn-2024-25-annual-pricing-proposal-19apr2024,pdf:p95,installed prior to 1 July 2015 - These customers continue to pay the capital and non-capital charges; • Existing customers using SA Power Networks’ meters that were installed after 1 July 2015 - These customers will have incurred an upfront capital charge and will continue to pay the non-capital charge; • Existing customers using SA Power Networks’ meters at 30 June 2015 with meters subsequently replaced by 3rd party meters – These customers will continue to pay the capital charge
sapn:B2R:2024-07-01:metering:legacy-metering-service-charge-non-capital,meter_class,network_meter_after_july_2015,sapn-2024-25-annual-pricing-proposal-19apr2024,pdf:p95,installed prior to 1 July 2015 - These customers continue to pay the capital and non-capital charges; • Existing customers using SA Power Networks’ meters that were installed after 1 July 2015 - These customers will have incurred an upfront capital charge and will continue to pay the non-capital charge
sapn:B2R:2024-07-01:metering:legacy-metering-service-charge-non-capital,meter_class,network_meter_before_july_2015,sapn-2024-25-annual-pricing-proposal-19apr2024,pdf:p95,installed prior to 1 July 2015 - These customers continue to pay the capital and non-capital charges; • Existing customers using SA Power Networks’ meters that were installed after 1 July 2015 - These customers will have incurred an upfront capital charge and will continue to pay the non-capital charge
sapn:B2RT:2023-07-01:metering:legacy-metering-service-charge-capital,meter_class,network_meter_before_july_2015,sapn-2023-24-annual-pricing-proposal-revised-8may2023,pdf:p94,installed prior to 1 July 2015 - These customers continue to pay the capital and non-capital charges; • Existing customers using SA Power Networks’ meters that were installed after 1 July 2015 - These customers will have incurred an upfront capital charge and will continue to pay the non-capital charge; • Existing customers using SA Power Networks’ meters at 30 June 2015 with meters subsequently replaced by 3rd party meters – These customers will continue to pay the capital charge
sapn:B2RT:2023-07-01:metering:legacy-metering-service-charge-capital,meter_class,replaced_by_third_party_meter,sapn-2023-24-annual-pricing-proposal-revised-8may2023,pdf:p94,installed prior to 1 July 2015 - These customers continue to pay the capital and non-capital charges; • Existing customers using SA Power Networks’ meters that were installed after 1 July 2015 - These customers will have incurred an upfront capital charge and will continue to pay the non-capital charge; • Existing customers using SA Power Networks’ meters at 30 June 2015 with meters subsequently replaced by 3rd party meters – These customers will continue to pay the capital charge
sapn:B2RT:2023-07-01:metering:legacy-metering-service-charge-non-capital,meter_class,network_meter_after_july_2015,sapn-2023-24-annual-pricing-proposal-revised-8may2023,pdf:p94,installed prior to 1 July 2015 - These customers continue to pay the capital and non-capital charges; • Existing customers using SA Power Networks’ meters that were installed after 1 July 2015 - These customers will have incurred an upfront capital charge and will continue to pay the non-capital charge
sapn:B2RT:2023-07-01:metering:legacy-metering-service-charge-non-capital,meter_class,network_meter_before_july_2015,sapn-2023-24-annual-pricing-proposal-revised-8may2023,pdf:p94,installed prior to 1 July 2015 - These customers continue to pay the capital and non-capital charges; • Existing customers using SA Power Networks’ meters that were installed after 1 July 2015 - These customers will have incurred an upfront capital charge and will continue to pay the non-capital charge
sapn:B2RT:2024-07-01:metering:legacy-metering-service-charge-capital,meter_class,network_meter_before_july_2015,sapn-2024-25-annual-pricing-proposal-19apr2024,pdf:p95,installed prior to 1 July 2015 - These customers continue to pay the capital and non-capital charges; • Existing customers using SA Power Networks’ meters that were installed after 1 July 2015 - These customers will have incurred an upfront capital charge and will continue to pay the non-capital charge; • Existing customers using SA Power Networks’ meters at 30 June 2015 with meters subsequently replaced by 3rd party meters – These customers will continue to pay the capital charge
sapn:B2RT:2024-07-01:metering:legacy-metering-service-charge-capital,meter_class,replaced_by_third_party_meter,sapn-2024-25-annual-pricing-proposal-19apr2024,pdf:p95,installed prior to 1 July 2015 - These customers continue to pay the capital and non-capital charges; • Existing customers using SA Power Networks’ meters that were installed after 1 July 2015 - These customers will have incurred an upfront capital charge and will continue to pay the non-capital charge; • Existing customers using SA Power Networks’ meters at 30 June 2015 with meters subsequently replaced by 3rd party meters – These customers will continue to pay the capital charge
sapn:B2RT:2024-07-01:metering:legacy-metering-service-charge-non-capital,meter_class,network_meter_after_july_2015,sapn-2024-25-annual-pricing-proposal-19apr2024,pdf:p95,installed prior to 1 July 2015 - These customers continue to pay the capital and non-capital charges; • Existing customers using SA Power Networks’ meters that were installed after 1 July 2015 - These customers will have incurred an upfront capital charge and will continue to pay the non-capital charge
sapn:B2RT:2024-07-01:metering:legacy-metering-service-charge-non-capital,meter_class,network_meter_before_july_2015,sapn-2024-25-annual-pricing-proposal-19apr2024,pdf:p95,installed prior to 1 July 2015 - These customers continue to pay the capital and non-capital charges; • Existing customers using SA Power Networks’ meters that were installed after 1 July 2015 - These customers will have incurred an upfront capital charge and will continue to pay the non-capital charge
sapn:BD:2023-07-01:metering:legacy-metering-service-charge-capital,meter_class,network_meter_before_july_2015,sapn-2023-24-annual-pricing-proposal-revised-8may2023,pdf:p94,installed prior to 1 July 2015 - These customers continue to pay the capital and non-capital charges; • Existing customers using SA Power Networks’ meters that were installed after 1 July 2015 - These customers will have incurred an upfront capital charge and will continue to pay the non-capital charge; • Existing customers using SA Power Networks’ meters at 30 June 2015 with meters subsequently replaced by 3rd party meters – These customers will continue to pay the capital charge
sapn:BD:2023-07-01:metering:legacy-metering-service-charge-capital,meter_class,replaced_by_third_party_meter,sapn-2023-24-annual-pricing-proposal-revised-8may2023,pdf:p94,installed prior to 1 July 2015 - These customers continue to pay the capital and non-capital charges; • Existing customers using SA Power Networks’ meters that were installed after 1 July 2015 - These customers will have incurred an upfront capital charge and will continue to pay the non-capital charge; • Existing customers using SA Power Networks’ meters at 30 June 2015 with meters subsequently replaced by 3rd party meters – These customers will continue to pay the capital charge
sapn:BD:2023-07-01:metering:legacy-metering-service-charge-non-capital,meter_class,network_meter_after_july_2015,sapn-2023-24-annual-pricing-proposal-revised-8may2023,pdf:p94,installed prior to 1 July 2015 - These customers continue to pay the capital and non-capital charges; • Existing customers using SA Power Networks’ meters that were installed after 1 July 2015 - These customers will have incurred an upfront capital charge and will continue to pay the non-capital charge
sapn:BD:2023-07-01:metering:legacy-metering-service-charge-non-capital,meter_class,network_meter_before_july_2015,sapn-2023-24-annual-pricing-proposal-revised-8may2023,pdf:p94,installed prior to 1 July 2015 - These customers continue to pay the capital and non-capital charges; • Existing customers using SA Power Networks’ meters that were installed after 1 July 2015 - These customers will have incurred an upfront capital charge and will continue to pay the non-capital charge
sapn:BD:2024-07-01:metering:legacy-metering-service-charge-capital,meter_class,network_meter_before_july_2015,sapn-2024-25-annual-pricing-proposal-19apr2024,pdf:p95,installed prior to 1 July 2015 - These customers continue to pay the capital and non-capital charges; • Existing customers using SA Power Networks’ meters that were installed after 1 July 2015 - These customers will have incurred an upfront capital charge and will continue to pay the non-capital charge; • Existing customers using SA Power Networks’ meters at 30 June 2015 with meters subsequently replaced by 3rd party meters – These customers will continue to pay the capital charge
sapn:BD:2024-07-01:metering:legacy-metering-service-charge-capital,meter_class,replaced_by_third_party_meter,sapn-2024-25-annual-pricing-proposal-19apr2024,pdf:p95,installed prior to 1 July 2015 - These customers continue to pay the capital and non-capital charges; • Existing customers using SA Power Networks’ meters that were installed after 1 July 2015 - These customers will have incurred an upfront capital charge and will continue to pay the non-capital charge; • Existing customers using SA Power Networks’ meters at 30 June 2015 with meters subsequently replaced by 3rd party meters – These customers will continue to pay the capital charge
sapn:BD:2024-07-01:metering:legacy-metering-service-charge-non-capital,meter_class,network_meter_after_july_2015,sapn-2024-25-annual-pricing-proposal-19apr2024,pdf:p95,installed prior to 1 July 2015 - These customers continue to pay the capital and non-capital charges; • Existing customers using SA Power Networks’ meters that were installed after 1 July 2015 - These customers will have incurred an upfront capital charge and will continue to pay the non-capital charge
sapn:BD:2024-07-01:metering:legacy-metering-service-charge-non-capital,meter_class,network_meter_before_july_2015,sapn-2024-25-annual-pricing-proposal-19apr2024,pdf:p95,installed prior to 1 July 2015 - These customers continue to pay the capital and non-capital charges; • Existing customers using SA Power Networks’ meters that were installed after 1 July 2015 - These customers will have incurred an upfront capital charge and will continue to pay the non-capital charge
sapn:BSR:2023-07-01:metering:legacy-metering-service-charge-capital,meter_class,network_meter_before_july_2015,sapn-2023-24-annual-pricing-proposal-revised-8may2023,pdf:p94,installed prior to 1 July 2015 - These customers continue to pay the capital and non-capital charges; • Existing customers using SA Power Networks’ meters that were installed after 1 July 2015 - These customers will have incurred an upfront capital charge and will continue to pay the non-capital charge; • Existing customers using SA Power Networks’ meters at 30 June 2015 with meters subsequently replaced by 3rd party meters – These customers will continue to pay the capital charge
sapn:BSR:2023-07-01:metering:legacy-metering-service-charge-capital,meter_class,replaced_by_third_party_meter,sapn-2023-24-annual-pricing-proposal-revised-8may2023,pdf:p94,installed prior to 1 July 2015 - These customers continue to pay the capital and non-capital charges; • Existing customers using SA Power Networks’ meters that were installed after 1 July 2015 - These customers will have incurred an upfront capital charge and will continue to pay the non-capital charge; • Existing customers using SA Power Networks’ meters at 30 June 2015 with meters subsequently replaced by 3rd party meters – These customers will continue to pay the capital charge
sapn:BSR:2023-07-01:metering:legacy-metering-service-charge-non-capital,meter_class,network_meter_after_july_2015,sapn-2023-24-annual-pricing-proposal-revised-8may2023,pdf:p94,installed prior to 1 July 2015 - These customers continue to pay the capital and non-capital charges; • Existing customers using SA Power Networks’ meters that were installed after 1 July 2015 - These customers will have incurred an upfront capital charge and will continue to pay the non-capital charge
sapn:BSR:2023-07-01:metering:legacy-metering-service-charge-non-capital,meter_class,network_meter_before_july_2015,sapn-2023-24-annual-pricing-proposal-revised-8may2023,pdf:p94,installed prior to 1 July 2015 - These customers continue to pay the capital and non-capital charges; • Existing customers using SA Power Networks’ meters that were installed after 1 July 2015 - These customers will have incurred an upfront capital charge and will continue to pay the non-capital charge
sapn:BSR:2024-07-01:metering:legacy-metering-service-charge-capital,meter_class,network_meter_before_july_2015,sapn-2024-25-annual-pricing-proposal-19apr2024,pdf:p95,installed prior to 1 July 2015 - These customers continue to pay the capital and non-capital charges; • Existing customers using SA Power Networks’ meters that were installed after 1 July 2015 - These customers will have incurred an upfront capital charge and will continue to pay the non-capital charge; • Existing customers using SA Power Networks’ meters at 30 June 2015 with meters subsequently replaced by 3rd party meters – These customers will continue to pay the capital charge
sapn:BSR:2024-07-01:metering:legacy-metering-service-charge-capital,meter_class,replaced_by_third_party_meter,sapn-2024-25-annual-pricing-proposal-19apr2024,pdf:p95,installed prior to 1 July 2015 - These customers continue to pay the capital and non-capital charges; • Existing customers using SA Power Networks’ meters that were installed after 1 July 2015 - These customers will have incurred an upfront capital charge and will continue to pay the non-capital charge; • Existing customers using SA Power Networks’ meters at 30 June 2015 with meters subsequently replaced by 3rd party meters – These customers will continue to pay the capital charge
sapn:BSR:2024-07-01:metering:legacy-metering-service-charge-non-capital,meter_class,network_meter_after_july_2015,sapn-2024-25-annual-pricing-proposal-19apr2024,pdf:p95,installed prior to 1 July 2015 - These customers continue to pay the capital and non-capital charges; • Existing customers using SA Power Networks’ meters that were installed after 1 July 2015 - These customers will have incurred an upfront capital charge and will continue to pay the non-capital charge
sapn:BSR:2024-07-01:metering:legacy-metering-service-charge-non-capital,meter_class,network_meter_before_july_2015,sapn-2024-25-annual-pricing-proposal-19apr2024,pdf:p95,installed prior to 1 July 2015 - These customers continue to pay the capital and non-capital charges; • Existing customers using SA Power Networks’ meters that were installed after 1 July 2015 - These customers will have incurred an upfront capital charge and will continue to pay the non-capital charge
sapn:BSRT:2023-07-01:metering:legacy-metering-service-charge-capital,meter_class,network_meter_before_july_2015,sapn-2023-24-annual-pricing-proposal-revised-8may2023,pdf:p94,installed prior to 1 July 2015 - These customers continue to pay the capital and non-capital charges; • Existing customers using SA Power Networks’ meters that were installed after 1 July 2015 - These customers will have incurred an upfront capital charge and will continue to pay the non-capital charge; • Existing customers using SA Power Networks’ meters at 30 June 2015 with meters subsequently replaced by 3rd party meters – These customers will continue to pay the capital charge
sapn:BSRT:2023-07-01:metering:legacy-metering-service-charge-capital,meter_class,replaced_by_third_party_meter,sapn-2023-24-annual-pricing-proposal-revised-8may2023,pdf:p94,installed prior to 1 July 2015 - These customers continue to pay the capital and non-capital charges; • Existing customers using SA Power Networks’ meters that were installed after 1 July 2015 - These customers will have incurred an upfront capital charge and will continue to pay the non-capital charge; • Existing customers using SA Power Networks’ meters at 30 June 2015 with meters subsequently replaced by 3rd party meters – These customers will continue to pay the capital charge
sapn:BSRT:2023-07-01:metering:legacy-metering-service-charge-non-capital,meter_class,network_meter_after_july_2015,sapn-2023-24-annual-pricing-proposal-revised-8may2023,pdf:p94,installed prior to 1 July 2015 - These customers continue to pay the capital and non-capital charges; • Existing customers using SA Power Networks’ meters that were installed after 1 July 2015 - These customers will have incurred an upfront capital charge and will continue to pay the non-capital charge
sapn:BSRT:2023-07-01:metering:legacy-metering-service-charge-non-capital,meter_class,network_meter_before_july_2015,sapn-2023-24-annual-pricing-proposal-revised-8may2023,pdf:p94,installed prior to 1 July 2015 - These customers continue to pay the capital and non-capital charges; • Existing customers using SA Power Networks’ meters that were installed after 1 July 2015 - These customers will have incurred an upfront capital charge and will continue to pay the non-capital charge
sapn:BSRT:2024-07-01:metering:legacy-metering-service-charge-capital,meter_class,network_meter_before_july_2015,sapn-2024-25-annual-pricing-proposal-19apr2024,pdf:p95,installed prior to 1 July 2015 - These customers continue to pay the capital and non-capital charges; • Existing customers using SA Power Networks’ meters that were installed after 1 July 2015 - These customers will have incurred an upfront capital charge and will continue to pay the non-capital charge; • Existing customers using SA Power Networks’ meters at 30 June 2015 with meters subsequently replaced by 3rd party meters – These customers will continue to pay the capital charge
sapn:BSRT:2024-07-01:metering:legacy-metering-service-charge-capital,meter_class,replaced_by_third_party_meter,sapn-2024-25-annual-pricing-proposal-19apr2024,pdf:p95,installed prior to 1 July 2015 - These customers continue to pay the capital and non-capital charges; • Existing customers using SA Power Networks’ meters that were installed after 1 July 2015 - These customers will have incurred an upfront capital charge and will continue to pay the non-capital charge; • Existing customers using SA Power Networks’ meters at 30 June 2015 with meters subsequently replaced by 3rd party meters – These customers will continue to pay the capital charge
sapn:BSRT:2024-07-01:metering:legacy-metering-service-charge-non-capital,meter_class,network_meter_after_july_2015,sapn-2024-25-annual-pricing-proposal-19apr2024,pdf:p95,installed prior to 1 July 2015 - These customers continue to pay the capital and non-capital charges; • Existing customers using SA Power Networks’ meters that were installed after 1 July 2015 - These customers will have incurred an upfront capital charge and will continue to pay the non-capital charge
sapn:BSRT:2024-07-01:metering:legacy-metering-service-charge-non-capital,meter_class,network_meter_before_july_2015,sapn-2024-25-annual-pricing-proposal-19apr2024,pdf:p95,installed prior to 1 July 2015 - These customers continue to pay the capital and non-capital charges; • Existing customers using SA Power Networks’ meters that were installed after 1 July 2015 - These customers will have incurred an upfront capital charge and will continue to pay the non-capital charge
sapn:HBD:2023-07-01:metering:legacy-metering-service-charge-capital,meter_class,network_meter_before_july_2015,sapn-2023-24-annual-pricing-proposal-revised-8may2023,pdf:p94,installed prior to 1 July 2015 - These customers continue to pay the capital and non-capital charges; • Existing customers using SA Power Networks’ meters that were installed after 1 July 2015 - These customers will have incurred an upfront capital charge and will continue to pay the non-capital charge; • Existing customers using SA Power Networks’ meters at 30 June 2015 with meters subsequently replaced by 3rd party meters – These customers will continue to pay the capital charge
sapn:HBD:2023-07-01:metering:legacy-metering-service-charge-capital,meter_class,replaced_by_third_party_meter,sapn-2023-24-annual-pricing-proposal-revised-8may2023,pdf:p94,installed prior to 1 July 2015 - These customers continue to pay the capital and non-capital charges; • Existing customers using SA Power Networks’ meters that were installed after 1 July 2015 - These customers will have incurred an upfront capital charge and will continue to pay the non-capital charge; • Existing customers using SA Power Networks’ meters at 30 June 2015 with meters subsequently replaced by 3rd party meters – These customers will continue to pay the capital charge
sapn:HBD:2023-07-01:metering:legacy-metering-service-charge-non-capital,meter_class,network_meter_after_july_2015,sapn-2023-24-annual-pricing-proposal-revised-8may2023,pdf:p94,installed prior to 1 July 2015 - These customers continue to pay the capital and non-capital charges; • Existing customers using SA Power Networks’ meters that were installed after 1 July 2015 - These customers will have incurred an upfront capital charge and will continue to pay the non-capital charge
sapn:HBD:2023-07-01:metering:legacy-metering-service-charge-non-capital,meter_class,network_meter_before_july_2015,sapn-2023-24-annual-pricing-proposal-revised-8may2023,pdf:p94,installed prior to 1 July 2015 - These customers continue to pay the capital and non-capital charges; • Existing customers using SA Power Networks’ meters that were installed after 1 July 2015 - These customers will have incurred an upfront capital charge and will continue to pay the non-capital charge
sapn:HBD:2024-07-01:metering:legacy-metering-service-charge-capital,meter_class,network_meter_before_july_2015,sapn-2024-25-annual-pricing-proposal-19apr2024,pdf:p95,installed prior to 1 July 2015 - These customers continue to pay the capital and non-capital charges; • Existing customers using SA Power Networks’ meters that were installed after 1 July 2015 - These customers will have incurred an upfront capital charge and will continue to pay the non-capital charge; • Existing customers using SA Power Networks’ meters at 30 June 2015 with meters subsequently replaced by 3rd party meters – These customers will continue to pay the capital charge
sapn:HBD:2024-07-01:metering:legacy-metering-service-charge-capital,meter_class,replaced_by_third_party_meter,sapn-2024-25-annual-pricing-proposal-19apr2024,pdf:p95,installed prior to 1 July 2015 - These customers continue to pay the capital and non-capital charges; • Existing customers using SA Power Networks’ meters that were installed after 1 July 2015 - These customers will have incurred an upfront capital charge and will continue to pay the non-capital charge; • Existing customers using SA Power Networks’ meters at 30 June 2015 with meters subsequently replaced by 3rd party meters – These customers will continue to pay the capital charge
sapn:HBD:2024-07-01:metering:legacy-metering-service-charge-non-capital,meter_class,network_meter_after_july_2015,sapn-2024-25-annual-pricing-proposal-19apr2024,pdf:p95,installed prior to 1 July 2015 - These customers continue to pay the capital and non-capital charges; • Existing customers using SA Power Networks’ meters that were installed after 1 July 2015 - These customers will have incurred an upfront capital charge and will continue to pay the non-capital charge
sapn:HBD:2024-07-01:metering:legacy-metering-service-charge-non-capital,meter_class,network_meter_before_july_2015,sapn-2024-25-annual-pricing-proposal-19apr2024,pdf:p95,installed prior to 1 July 2015 - These customers continue to pay the capital and non-capital charges; • Existing customers using SA Power Networks’ meters that were installed after 1 July 2015 - These customers will have incurred an upfront capital charge and will continue to pay the non-capital charge
sapn:HVAD078:2023-07-01:metering:legacy-metering-service-charge-capital,meter_class,network_meter_before_july_2015,sapn-2023-24-annual-pricing-proposal-revised-8may2023,pdf:p94,installed prior to 1 July 2015 - These customers continue to pay the capital and non-capital charges; • Existing customers using SA Power Networks’ meters that were installed after 1 July 2015 - These customers will have incurred an upfront capital charge and will continue to pay the non-capital charge; • Existing customers using SA Power Networks’ meters at 30 June 2015 with meters subsequently replaced by 3rd party meters – These customers will continue to pay the capital charge
sapn:HVAD078:2023-07-01:metering:legacy-metering-service-charge-capital,meter_class,replaced_by_third_party_meter,sapn-2023-24-annual-pricing-proposal-revised-8may2023,pdf:p94,installed prior to 1 July 2015 - These customers continue to pay the capital and non-capital charges; • Existing customers using SA Power Networks’ meters that were installed after 1 July 2015 - These customers will have incurred an upfront capital charge and will continue to pay the non-capital charge; • Existing customers using SA Power Networks’ meters at 30 June 2015 with meters subsequently replaced by 3rd party meters – These customers will continue to pay the capital charge
sapn:HVAD078:2023-07-01:metering:legacy-metering-service-charge-non-capital,meter_class,network_meter_after_july_2015,sapn-2023-24-annual-pricing-proposal-revised-8may2023,pdf:p94,installed prior to 1 July 2015 - These customers continue to pay the capital and non-capital charges; • Existing customers using SA Power Networks’ meters that were installed after 1 July 2015 - These customers will have incurred an upfront capital charge and will continue to pay the non-capital charge
sapn:HVAD078:2023-07-01:metering:legacy-metering-service-charge-non-capital,meter_class,network_meter_before_july_2015,sapn-2023-24-annual-pricing-proposal-revised-8may2023,pdf:p94,installed prior to 1 July 2015 - These customers continue to pay the capital and non-capital charges; • Existing customers using SA Power Networks’ meters that were installed after 1 July 2015 - These customers will have incurred an upfront capital charge and will continue to pay the non-capital charge
sapn:HVAD078:2024-07-01:metering:legacy-metering-service-charge-capital,meter_class,network_meter_before_july_2015,sapn-2024-25-annual-pricing-proposal-19apr2024,pdf:p95,installed prior to 1 July 2015 - These customers continue to pay the capital and non-capital charges; • Existing customers using SA Power Networks’ meters that were installed after 1 July 2015 - These customers will have incurred an upfront capital charge and will continue to pay the non-capital charge; • Existing customers using SA Power Networks’ meters at 30 June 2015 with meters subsequently replaced by 3rd party meters – These customers will continue to pay the capital charge
sapn:HVAD078:2024-07-01:metering:legacy-metering-service-charge-capital,meter_class,replaced_by_third_party_meter,sapn-2024-25-annual-pricing-proposal-19apr2024,pdf:p95,installed prior to 1 July 2015 - These customers continue to pay the capital and non-capital charges; • Existing customers using SA Power Networks’ meters that were installed after 1 July 2015 - These customers will have incurred an upfront capital charge and will continue to pay the non-capital charge; • Existing customers using SA Power Networks’ meters at 30 June 2015 with meters subsequently replaced by 3rd party meters – These customers will continue to pay the capital charge
sapn:HVAD078:2024-07-01:metering:legacy-metering-service-charge-non-capital,meter_class,network_meter_after_july_2015,sapn-2024-25-annual-pricing-proposal-19apr2024,pdf:p95,installed prior to 1 July 2015 - These customers continue to pay the capital and non-capital charges; • Existing customers using SA Power Networks’ meters that were installed after 1 July 2015 - These customers will have incurred an upfront capital charge and will continue to pay the non-capital charge
sapn:HVAD078:2024-07-01:metering:legacy-metering-service-charge-non-capital,meter_class,network_meter_before_july_2015,sapn-2024-25-annual-pricing-proposal-19apr2024,pdf:p95,installed prior to 1 July 2015 - These customers continue to pay the capital and non-capital charges; • Existing customers using SA Power Networks’ meters that were installed after 1 July 2015 - These customers will have incurred an upfront capital charge and will continue to pay the non-capital charge
sapn:HVAD265:2023-07-01:metering:legacy-metering-service-charge-capital,meter_class,network_meter_before_july_2015,sapn-2023-24-annual-pricing-proposal-revised-8may2023,pdf:p94,installed prior to 1 July 2015 - These customers continue to pay the capital and non-capital charges; • Existing customers using SA Power Networks’ meters that were installed after 1 July 2015 - These customers will have incurred an upfront capital charge and will continue to pay the non-capital charge; • Existing customers using SA Power Networks’ meters at 30 June 2015 with meters subsequently replaced by 3rd party meters – These customers will continue to pay the capital charge
sapn:HVAD265:2023-07-01:metering:legacy-metering-service-charge-capital,meter_class,replaced_by_third_party_meter,sapn-2023-24-annual-pricing-proposal-revised-8may2023,pdf:p94,installed prior to 1 July 2015 - These customers continue to pay the capital and non-capital charges; • Existing customers using SA Power Networks’ meters that were installed after 1 July 2015 - These customers will have incurred an upfront capital charge and will continue to pay the non-capital charge; • Existing customers using SA Power Networks’ meters at 30 June 2015 with meters subsequently replaced by 3rd party meters – These customers will continue to pay the capital charge
sapn:HVAD265:2023-07-01:metering:legacy-metering-service-charge-non-capital,meter_class,network_meter_after_july_2015,sapn-2023-24-annual-pricing-proposal-revised-8may2023,pdf:p94,installed prior to 1 July 2015 - These customers continue to pay the capital and non-capital charges; • Existing customers using SA Power Networks’ meters that were installed after 1 July 2015 - These customers will have incurred an upfront capital charge and will continue to pay the non-capital charge
sapn:HVAD265:2023-07-01:metering:legacy-metering-service-charge-non-capital,meter_class,network_meter_before_july_2015,sapn-2023-24-annual-pricing-proposal-revised-8may2023,pdf:p94,installed prior to 1 July 2015 - These customers continue to pay the capital and non-capital charges; • Existing customers using SA Power Networks’ meters that were installed after 1 July 2015 - These customers will have incurred an upfront capital charge and will continue to pay the non-capital charge
sapn:HVAD265:2024-07-01:metering:legacy-metering-service-charge-capital,meter_class,network_meter_before_july_2015,sapn-2024-25-annual-pricing-proposal-19apr2024,pdf:p95,installed prior to 1 July 2015 - These customers continue to pay the capital and non-capital charges; • Existing customers using SA Power Networks’ meters that were installed after 1 July 2015 - These customers will have incurred an upfront capital charge and will continue to pay the non-capital charge; • Existing customers using SA Power Networks’ meters at 30 June 2015 with meters subsequently replaced by 3rd party meters – These customers will continue to pay the capital charge
sapn:HVAD265:2024-07-01:metering:legacy-metering-service-charge-capital,meter_class,replaced_by_third_party_meter,sapn-2024-25-annual-pricing-proposal-19apr2024,pdf:p95,installed prior to 1 July 2015 - These customers continue to pay the capital and non-capital charges; • Existing customers using SA Power Networks’ meters that were installed after 1 July 2015 - These customers will have incurred an upfront capital charge and will continue to pay the non-capital charge; • Existing customers using SA Power Networks’ meters at 30 June 2015 with meters subsequently replaced by 3rd party meters – These customers will continue to pay the capital charge
sapn:HVAD265:2024-07-01:metering:legacy-metering-service-charge-non-capital,meter_class,network_meter_after_july_2015,sapn-2024-25-annual-pricing-proposal-19apr2024,pdf:p95,installed prior to 1 July 2015 - These customers continue to pay the capital and non-capital charges; • Existing customers using SA Power Networks’ meters that were installed after 1 July 2015 - These customers will have incurred an upfront capital charge and will continue to pay the non-capital charge
sapn:HVAD265:2024-07-01:metering:legacy-metering-service-charge-non-capital,meter_class,network_meter_before_july_2015,sapn-2024-25-annual-pricing-proposal-19apr2024,pdf:p95,installed prior to 1 July 2015 - These customers continue to pay the capital and non-capital charges; • Existing customers using SA Power Networks’ meters that were installed after 1 July 2015 - These customers will have incurred an upfront capital charge and will continue to pay the non-capital charge
sapn:HVAD276:2024-07-01:metering:legacy-metering-service-charge-capital,meter_class,network_meter_before_july_2015,sapn-2024-25-annual-pricing-proposal-19apr2024,pdf:p95,installed prior to 1 July 2015 - These customers continue to pay the capital and non-capital charges; • Existing customers using SA Power Networks’ meters that were installed after 1 July 2015 - These customers will have incurred an upfront capital charge and will continue to pay the non-capital charge; • Existing customers using SA Power Networks’ meters at 30 June 2015 with meters subsequently replaced by 3rd party meters – These customers will continue to pay the capital charge
sapn:HVAD276:2024-07-01:metering:legacy-metering-service-charge-capital,meter_class,replaced_by_third_party_meter,sapn-2024-25-annual-pricing-proposal-19apr2024,pdf:p95,installed prior to 1 July 2015 - These customers continue to pay the capital and non-capital charges; • Existing customers using SA Power Networks’ meters that were installed after 1 July 2015 - These customers will have incurred an upfront capital charge and will continue to pay the non-capital charge; • Existing customers using SA Power Networks’ meters at 30 June 2015 with meters subsequently replaced by 3rd party meters – These customers will continue to pay the capital charge
sapn:HVAD276:2024-07-01:metering:legacy-metering-service-charge-non-capital,meter_class,network_meter_after_july_2015,sapn-2024-25-annual-pricing-proposal-19apr2024,pdf:p95,installed prior to 1 July 2015 - These customers continue to pay the capital and non-capital charges; • Existing customers using SA Power Networks’ meters that were installed after 1 July 2015 - These customers will have incurred an upfront capital charge and will continue to pay the non-capital charge
sapn:HVAD276:2024-07-01:metering:legacy-metering-service-charge-non-capital,meter_class,network_meter_before_july_2015,sapn-2024-25-annual-pricing-proposal-19apr2024,pdf:p95,installed prior to 1 July 2015 - These customers continue to pay the capital and non-capital charges; • Existing customers using SA Power Networks’ meters that were installed after 1 July 2015 - These customers will have incurred an upfront capital charge and will continue to pay the non-capital charge
sapn:HVAD381:2023-07-01:metering:legacy-metering-service-charge-capital,meter_class,network_meter_before_july_2015,sapn-2023-24-annual-pricing-proposal-revised-8may2023,pdf:p94,installed prior to 1 July 2015 - These customers continue to pay the capital and non-capital charges; • Existing customers using SA Power Networks’ meters that were installed after 1 July 2015 - These customers will have incurred an upfront capital charge and will continue to pay the non-capital charge; • Existing customers using SA Power Networks’ meters at 30 June 2015 with meters subsequently replaced by 3rd party meters – These customers will continue to pay the capital charge
sapn:HVAD381:2023-07-01:metering:legacy-metering-service-charge-capital,meter_class,replaced_by_third_party_meter,sapn-2023-24-annual-pricing-proposal-revised-8may2023,pdf:p94,installed prior to 1 July 2015 - These customers continue to pay the capital and non-capital charges; • Existing customers using SA Power Networks’ meters that were installed after 1 July 2015 - These customers will have incurred an upfront capital charge and will continue to pay the non-capital charge; • Existing customers using SA Power Networks’ meters at 30 June 2015 with meters subsequently replaced by 3rd party meters – These customers will continue to pay the capital charge
sapn:HVAD381:2023-07-01:metering:legacy-metering-service-charge-non-capital,meter_class,network_meter_after_july_2015,sapn-2023-24-annual-pricing-proposal-revised-8may2023,pdf:p94,installed prior to 1 July 2015 - These customers continue to pay the capital and non-capital charges; • Existing customers using SA Power Networks’ meters that were installed after 1 July 2015 - These customers will have incurred an upfront capital charge and will continue to pay the non-capital charge
sapn:HVAD381:2023-07-01:metering:legacy-metering-service-charge-non-capital,meter_class,network_meter_before_july_2015,sapn-2023-24-annual-pricing-proposal-revised-8may2023,pdf:p94,installed prior to 1 July 2015 - These customers continue to pay the capital and non-capital charges; • Existing customers using SA Power Networks’ meters that were installed after 1 July 2015 - These customers will have incurred an upfront capital charge and will continue to pay the non-capital charge
sapn:HVAD381:2024-07-01:metering:legacy-metering-service-charge-capital,meter_class,network_meter_before_july_2015,sapn-2024-25-annual-pricing-proposal-19apr2024,pdf:p95,installed prior to 1 July 2015 - These customers continue to pay the capital and non-capital charges; • Existing customers using SA Power Networks’ meters that were installed after 1 July 2015 - These customers will have incurred an upfront capital charge and will continue to pay the non-capital charge; • Existing customers using SA Power Networks’ meters at 30 June 2015 with meters subsequently replaced by 3rd party meters – These customers will continue to pay the capital charge
sapn:HVAD381:2024-07-01:metering:legacy-metering-service-charge-capital,meter_class,replaced_by_third_party_meter,sapn-2024-25-annual-pricing-proposal-19apr2024,pdf:p95,installed prior to 1 July 2015 - These customers continue to pay the capital and non-capital charges; • Existing customers using SA Power Networks’ meters that were installed after 1 July 2015 - These customers will have incurred an upfront capital charge and will continue to pay the non-capital charge; • Existing customers using SA Power Networks’ meters at 30 June 2015 with meters subsequently replaced by 3rd party meters – These customers will continue to pay the capital charge
sapn:HVAD381:2024-07-01:metering:legacy-metering-service-charge-non-capital,meter_class,network_meter_after_july_2015,sapn-2024-25-annual-pricing-proposal-19apr2024,pdf:p95,installed prior to 1 July 2015 - These customers continue to pay the capital and non-capital charges; • Existing customers using SA Power Networks’ meters that were installed after 1 July 2015 - These customers will have incurred an upfront capital charge and will continue to pay the non-capital charge
sapn:HVAD381:2024-07-01:metering:legacy-metering-service-charge-non-capital,meter_class,network_meter_before_july_2015,sapn-2024-25-annual-pricing-proposal-19apr2024,pdf:p95,installed prior to 1 July 2015 - These customers continue to pay the capital and non-capital charges; • Existing customers using SA Power Networks’ meters that were installed after 1 July 2015 - These customers will have incurred an upfront capital charge and will continue to pay the non-capital charge
sapn:HVAD439:2023-07-01:metering:legacy-metering-service-charge-capital,meter_class,network_meter_before_july_2015,sapn-2023-24-annual-pricing-proposal-revised-8may2023,pdf:p94,installed prior to 1 July 2015 - These customers continue to pay the capital and non-capital charges; • Existing customers using SA Power Networks’ meters that were installed after 1 July 2015 - These customers will have incurred an upfront capital charge and will continue to pay the non-capital charge; • Existing customers using SA Power Networks’ meters at 30 June 2015 with meters subsequently replaced by 3rd party meters – These customers will continue to pay the capital charge
sapn:HVAD439:2023-07-01:metering:legacy-metering-service-charge-capital,meter_class,replaced_by_third_party_meter,sapn-2023-24-annual-pricing-proposal-revised-8may2023,pdf:p94,installed prior to 1 July 2015 - These customers continue to pay the capital and non-capital charges; • Existing customers using SA Power Networks’ meters that were installed after 1 July 2015 - These customers will have incurred an upfront capital charge and will continue to pay the non-capital charge; • Existing customers using SA Power Networks’ meters at 30 June 2015 with meters subsequently replaced by 3rd party meters – These customers will continue to pay the capital charge
sapn:HVAD439:2023-07-01:metering:legacy-metering-service-charge-non-capital,meter_class,network_meter_after_july_2015,sapn-2023-24-annual-pricing-proposal-revised-8may2023,pdf:p94,installed prior to 1 July 2015 - These customers continue to pay the capital and non-capital charges; • Existing customers using SA Power Networks’ meters that were installed after 1 July 2015 - These customers will have incurred an upfront capital charge and will continue to pay the non-capital charge
sapn:HVAD439:2023-07-01:metering:legacy-metering-service-charge-non-capital,meter_class,network_meter_before_july_2015,sapn-2023-24-annual-pricing-proposal-revised-8may2023,pdf:p94,installed prior to 1 July 2015 - These customers continue to pay the capital and non-capital charges; • Existing customers using SA Power Networks’ meters that were installed after 1 July 2015 - These customers will have incurred an upfront capital charge and will continue to pay the non-capital charge
sapn:HVAD439:2024-07-01:metering:legacy-metering-service-charge-capital,meter_class,network_meter_before_july_2015,sapn-2024-25-annual-pricing-proposal-19apr2024,pdf:p95,installed prior to 1 July 2015 - These customers continue to pay the capital and non-capital charges; • Existing customers using SA Power Networks’ meters that were installed after 1 July 2015 - These customers will have incurred an upfront capital charge and will continue to pay the non-capital charge; • Existing customers using SA Power Networks’ meters at 30 June 2015 with meters subsequently replaced by 3rd party meters – These customers will continue to pay the capital charge
sapn:HVAD439:2024-07-01:metering:legacy-metering-service-charge-capital,meter_class,replaced_by_third_party_meter,sapn-2024-25-annual-pricing-proposal-19apr2024,pdf:p95,installed prior to 1 July 2015 - These customers continue to pay the capital and non-capital charges; • Existing customers using SA Power Networks’ meters that were installed after 1 July 2015 - These customers will have incurred an upfront capital charge and will continue to pay the non-capital charge; • Existing customers using SA Power Networks’ meters at 30 June 2015 with meters subsequently replaced by 3rd party meters – These customers will continue to pay the capital charge
sapn:HVAD439:2024-07-01:metering:legacy-metering-service-charge-non-capital,meter_class,network_meter_after_july_2015,sapn-2024-25-annual-pricing-proposal-19apr2024,pdf:p95,installed prior to 1 July 2015 - These customers continue to pay the capital and non-capital charges; • Existing customers using SA Power Networks’ meters that were installed after 1 July 2015 - These customers will have incurred an upfront capital charge and will continue to pay the non-capital charge
sapn:HVAD439:2024-07-01:metering:legacy-metering-service-charge-non-capital,meter_class,network_meter_before_july_2015,sapn-2024-25-annual-pricing-proposal-19apr2024,pdf:p95,installed prior to 1 July 2015 - These customers continue to pay the capital and non-capital charges; • Existing customers using SA Power Networks’ meters that were installed after 1 July 2015 - These customers will have incurred an upfront capital charge and will continue to pay the non-capital charge
sapn:HVAD500:2023-07-01:metering:legacy-metering-service-charge-capital,meter_class,network_meter_before_july_2015,sapn-2023-24-annual-pricing-proposal-revised-8may2023,pdf:p94,installed prior to 1 July 2015 - These customers continue to pay the capital and non-capital charges; • Existing customers using SA Power Networks’ meters that were installed after 1 July 2015 - These customers will have incurred an upfront capital charge and will continue to pay the non-capital charge; • Existing customers using SA Power Networks’ meters at 30 June 2015 with meters subsequently replaced by 3rd party meters – These customers will continue to pay the capital charge
sapn:HVAD500:2023-07-01:metering:legacy-metering-service-charge-capital,meter_class,replaced_by_third_party_meter,sapn-2023-24-annual-pricing-proposal-revised-8may2023,pdf:p94,installed prior to 1 July 2015 - These customers continue to pay the capital and non-capital charges; • Existing customers using SA Power Networks’ meters that were installed after 1 July 2015 - These customers will have incurred an upfront capital charge and will continue to pay the non-capital charge; • Existing customers using SA Power Networks’ meters at 30 June 2015 with meters subsequently replaced by 3rd party meters – These customers will continue to pay the capital charge
sapn:HVAD500:2023-07-01:metering:legacy-metering-service-charge-non-capital,meter_class,network_meter_after_july_2015,sapn-2023-24-annual-pricing-proposal-revised-8may2023,pdf:p94,installed prior to 1 July 2015 - These customers continue to pay the capital and non-capital charges; • Existing customers using SA Power Networks’ meters that were installed after 1 July 2015 - These customers will have incurred an upfront capital charge and will continue to pay the non-capital charge
sapn:HVAD500:2023-07-01:metering:legacy-metering-service-charge-non-capital,meter_class,network_meter_before_july_2015,sapn-2023-24-annual-pricing-proposal-revised-8may2023,pdf:p94,installed prior to 1 July 2015 - These customers continue to pay the capital and non-capital charges; • Existing customers using SA Power Networks’ meters that were installed after 1 July 2015 - These customers will have incurred an upfront capital charge and will continue to pay the non-capital charge
sapn:HVAD500:2024-07-01:metering:legacy-metering-service-charge-capital,meter_class,network_meter_before_july_2015,sapn-2024-25-annual-pricing-proposal-19apr2024,pdf:p95,installed prior to 1 July 2015 - These customers continue to pay the capital and non-capital charges; • Existing customers using SA Power Networks’ meters that were installed after 1 July 2015 - These customers will have incurred an upfront capital charge and will continue to pay the non-capital charge; • Existing customers using SA Power Networks’ meters at 30 June 2015 with meters subsequently replaced by 3rd party meters – These customers will continue to pay the capital charge
sapn:HVAD500:2024-07-01:metering:legacy-metering-service-charge-capital,meter_class,replaced_by_third_party_meter,sapn-2024-25-annual-pricing-proposal-19apr2024,pdf:p95,installed prior to 1 July 2015 - These customers continue to pay the capital and non-capital charges; • Existing customers using SA Power Networks’ meters that were installed after 1 July 2015 - These customers will have incurred an upfront capital charge and will continue to pay the non-capital charge; • Existing customers using SA Power Networks’ meters at 30 June 2015 with meters subsequently replaced by 3rd party meters – These customers will continue to pay the capital charge
sapn:HVAD500:2024-07-01:metering:legacy-metering-service-charge-non-capital,meter_class,network_meter_after_july_2015,sapn-2024-25-annual-pricing-proposal-19apr2024,pdf:p95,installed prior to 1 July 2015 - These customers continue to pay the capital and non-capital charges; • Existing customers using SA Power Networks’ meters that were installed after 1 July 2015 - These customers will have incurred an upfront capital charge and will continue to pay the non-capital charge
sapn:HVAD500:2024-07-01:metering:legacy-metering-service-charge-non-capital,meter_class,network_meter_before_july_2015,sapn-2024-25-annual-pricing-proposal-19apr2024,pdf:p95,installed prior to 1 July 2015 - These customers continue to pay the capital and non-capital charges; • Existing customers using SA Power Networks’ meters that were installed after 1 July 2015 - These customers will have incurred an upfront capital charge and will continue to pay the non-capital charge
sapn:HVAD500CBD:2023-07-01:metering:legacy-metering-service-charge-capital,meter_class,network_meter_before_july_2015,sapn-2023-24-annual-pricing-proposal-revised-8may2023,pdf:p94,installed prior to 1 July 2015 - These customers continue to pay the capital and non-capital charges; • Existing customers using SA Power Networks’ meters that were installed after 1 July 2015 - These customers will have incurred an upfront capital charge and will continue to pay the non-capital charge; • Existing customers using SA Power Networks’ meters at 30 June 2015 with meters subsequently replaced by 3rd party meters – These customers will continue to pay the capital charge
sapn:HVAD500CBD:2023-07-01:metering:legacy-metering-service-charge-capital,meter_class,replaced_by_third_party_meter,sapn-2023-24-annual-pricing-proposal-revised-8may2023,pdf:p94,installed prior to 1 July 2015 - These customers continue to pay the capital and non-capital charges; • Existing customers using SA Power Networks’ meters that were installed after 1 July 2015 - These customers will have incurred an upfront capital charge and will continue to pay the non-capital charge; • Existing customers using SA Power Networks’ meters at 30 June 2015 with meters subsequently replaced by 3rd party meters – These customers will continue to pay the capital charge
sapn:HVAD500CBD:2023-07-01:metering:legacy-metering-service-charge-non-capital,meter_class,network_meter_after_july_2015,sapn-2023-24-annual-pricing-proposal-revised-8may2023,pdf:p94,installed prior to 1 July 2015 - These customers continue to pay the capital and non-capital charges; • Existing customers using SA Power Networks’ meters that were installed after 1 July 2015 - These customers will have incurred an upfront capital charge and will continue to pay the non-capital charge
sapn:HVAD500CBD:2023-07-01:metering:legacy-metering-service-charge-non-capital,meter_class,network_meter_before_july_2015,sapn-2023-24-annual-pricing-proposal-revised-8may2023,pdf:p94,installed prior to 1 July 2015 - These customers continue to pay the capital and non-capital charges; • Existing customers using SA Power Networks’ meters that were installed after 1 July 2015 - These customers will have incurred an upfront capital charge and will continue to pay the non-capital charge
sapn:HVAD500CBD:2024-07-01:metering:legacy-metering-service-charge-capital,meter_class,network_meter_before_july_2015,sapn-2024-25-annual-pricing-proposal-19apr2024,pdf:p95,installed prior to 1 July 2015 - These customers continue to pay the capital and non-capital charges; • Existing customers using SA Power Networks’ meters that were installed after 1 July 2015 - These customers will have incurred an upfront capital charge and will continue to pay the non-capital charge; • Existing customers using SA Power Networks’ meters at 30 June 2015 with meters subsequently replaced by 3rd party meters – These customers will continue to pay the capital charge
sapn:HVAD500CBD:2024-07-01:metering:legacy-metering-service-charge-capital,meter_class,replaced_by_third_party_meter,sapn-2024-25-annual-pricing-proposal-19apr2024,pdf:p95,installed prior to 1 July 2015 - These customers continue to pay the capital and non-capital charges; • Existing customers using SA Power Networks’ meters that were installed after 1 July 2015 - These customers will have incurred an upfront capital charge and will continue to pay the non-capital charge; • Existing customers using SA Power Networks’ meters at 30 June 2015 with meters subsequently replaced by 3rd party meters – These customers will continue to pay the capital charge
sapn:HVAD500CBD:2024-07-01:metering:legacy-metering-service-charge-non-capital,meter_class,network_meter_after_july_2015,sapn-2024-25-annual-pricing-proposal-19apr2024,pdf:p95,installed prior to 1 July 2015 - These customers continue to pay the capital and non-capital charges; • Existing customers using SA Power Networks’ meters that were installed after 1 July 2015 - These customers will have incurred an upfront capital charge and will continue to pay the non-capital charge
sapn:HVAD500CBD:2024-07-01:metering:legacy-metering-service-charge-non-capital,meter_class,network_meter_before_july_2015,sapn-2024-25-annual-pricing-proposal-19apr2024,pdf:p95,installed prior to 1 July 2015 - These customers continue to pay the capital and non-capital charges; • Existing customers using SA Power Networks’ meters that were installed after 1 July 2015 - These customers will have incurred an upfront capital charge and will continue to pay the non-capital charge
sapn:HVAD:2023-07-01:metering:legacy-metering-service-charge-capital,meter_class,network_meter_before_july_2015,sapn-2023-24-annual-pricing-proposal-revised-8may2023,pdf:p94,installed prior to 1 July 2015 - These customers continue to pay the capital and non-capital charges; • Existing customers using SA Power Networks’ meters that were installed after 1 July 2015 - These customers will have incurred an upfront capital charge and will continue to pay the non-capital charge; • Existing customers using SA Power Networks’ meters at 30 June 2015 with meters subsequently replaced by 3rd party meters – These customers will continue to pay the capital charge
sapn:HVAD:2023-07-01:metering:legacy-metering-service-charge-capital,meter_class,replaced_by_third_party_meter,sapn-2023-24-annual-pricing-proposal-revised-8may2023,pdf:p94,installed prior to 1 July 2015 - These customers continue to pay the capital and non-capital charges; • Existing customers using SA Power Networks’ meters that were installed after 1 July 2015 - These customers will have incurred an upfront capital charge and will continue to pay the non-capital charge; • Existing customers using SA Power Networks’ meters at 30 June 2015 with meters subsequently replaced by 3rd party meters – These customers will continue to pay the capital charge
sapn:HVAD:2023-07-01:metering:legacy-metering-service-charge-non-capital,meter_class,network_meter_after_july_2015,sapn-2023-24-annual-pricing-proposal-revised-8may2023,pdf:p94,installed prior to 1 July 2015 - These customers continue to pay the capital and non-capital charges; • Existing customers using SA Power Networks’ meters that were installed after 1 July 2015 - These customers will have incurred an upfront capital charge and will continue to pay the non-capital charge
sapn:HVAD:2023-07-01:metering:legacy-metering-service-charge-non-capital,meter_class,network_meter_before_july_2015,sapn-2023-24-annual-pricing-proposal-revised-8may2023,pdf:p94,installed prior to 1 July 2015 - These customers continue to pay the capital and non-capital charges; • Existing customers using SA Power Networks’ meters that were installed after 1 July 2015 - These customers will have incurred an upfront capital charge and will continue to pay the non-capital charge
sapn:HVAD:2024-07-01:metering:legacy-metering-service-charge-capital,meter_class,network_meter_before_july_2015,sapn-2024-25-annual-pricing-proposal-19apr2024,pdf:p95,installed prior to 1 July 2015 - These customers continue to pay the capital and non-capital charges; • Existing customers using SA Power Networks’ meters that were installed after 1 July 2015 - These customers will have incurred an upfront capital charge and will continue to pay the non-capital charge; • Existing customers using SA Power Networks’ meters at 30 June 2015 with meters subsequently replaced by 3rd party meters – These customers will continue to pay the capital charge
sapn:HVAD:2024-07-01:metering:legacy-metering-service-charge-capital,meter_class,replaced_by_third_party_meter,sapn-2024-25-annual-pricing-proposal-19apr2024,pdf:p95,installed prior to 1 July 2015 - These customers continue to pay the capital and non-capital charges; • Existing customers using SA Power Networks’ meters that were installed after 1 July 2015 - These customers will have incurred an upfront capital charge and will continue to pay the non-capital charge; • Existing customers using SA Power Networks’ meters at 30 June 2015 with meters subsequently replaced by 3rd party meters – These customers will continue to pay the capital charge
sapn:HVAD:2024-07-01:metering:legacy-metering-service-charge-non-capital,meter_class,network_meter_after_july_2015,sapn-2024-25-annual-pricing-proposal-19apr2024,pdf:p95,installed prior to 1 July 2015 - These customers continue to pay the capital and non-capital charges; • Existing customers using SA Power Networks’ meters that were installed after 1 July 2015 - These customers will have incurred an upfront capital charge and will continue to pay the non-capital charge
sapn:HVAD:2024-07-01:metering:legacy-metering-service-charge-non-capital,meter_class,network_meter_before_july_2015,sapn-2024-25-annual-pricing-proposal-19apr2024,pdf:p95,installed prior to 1 July 2015 - These customers continue to pay the capital and non-capital charges; • Existing customers using SA Power Networks’ meters that were installed after 1 July 2015 - These customers will have incurred an upfront capital charge and will continue to pay the non-capital charge
sapn:HVADCBD:2023-07-01:metering:legacy-metering-service-charge-capital,meter_class,network_meter_before_july_2015,sapn-2023-24-annual-pricing-proposal-revised-8may2023,pdf:p94,installed prior to 1 July 2015 - These customers continue to pay the capital and non-capital charges; • Existing customers using SA Power Networks’ meters that were installed after 1 July 2015 - These customers will have incurred an upfront capital charge and will continue to pay the non-capital charge; • Existing customers using SA Power Networks’ meters at 30 June 2015 with meters subsequently replaced by 3rd party meters – These customers will continue to pay the capital charge
sapn:HVADCBD:2023-07-01:metering:legacy-metering-service-charge-capital,meter_class,replaced_by_third_party_meter,sapn-2023-24-annual-pricing-proposal-revised-8may2023,pdf:p94,installed prior to 1 July 2015 - These customers continue to pay the capital and non-capital charges; • Existing customers using SA Power Networks’ meters that were installed after 1 July 2015 - These customers will have incurred an upfront capital charge and will continue to pay the non-capital charge; • Existing customers using SA Power Networks’ meters at 30 June 2015 with meters subsequently replaced by 3rd party meters – These customers will continue to pay the capital charge
sapn:HVADCBD:2023-07-01:metering:legacy-metering-service-charge-non-capital,meter_class,network_meter_after_july_2015,sapn-2023-24-annual-pricing-proposal-revised-8may2023,pdf:p94,installed prior to 1 July 2015 - These customers continue to pay the capital and non-capital charges; • Existing customers using SA Power Networks’ meters that were installed after 1 July 2015 - These customers will have incurred an upfront capital charge and will continue to pay the non-capital charge
sapn:HVADCBD:2023-07-01:metering:legacy-metering-service-charge-non-capital,meter_class,network_meter_before_july_2015,sapn-2023-24-annual-pricing-proposal-revised-8may2023,pdf:p94,installed prior to 1 July 2015 - These customers continue to pay the capital and non-capital charges; • Existing customers using SA Power Networks’ meters that were installed after 1 July 2015 - These customers will have incurred an upfront capital charge and will continue to pay the non-capital charge
sapn:HVADCBD:2024-07-01:metering:legacy-metering-service-charge-capital,meter_class,network_meter_before_july_2015,sapn-2024-25-annual-pricing-proposal-19apr2024,pdf:p95,installed prior to 1 July 2015 - These customers continue to pay the capital and non-capital charges; • Existing customers using SA Power Networks’ meters that were installed after 1 July 2015 - These customers will have incurred an upfront capital charge and will continue to pay the non-capital charge; • Existing customers using SA Power Networks’ meters at 30 June 2015 with meters subsequently replaced by 3rd party meters – These customers will continue to pay the capital charge
sapn:HVADCBD:2024-07-01:metering:legacy-metering-service-charge-capital,meter_class,replaced_by_third_party_meter,sapn-2024-25-annual-pricing-proposal-19apr2024,pdf:p95,installed prior to 1 July 2015 - These customers continue to pay the capital and non-capital charges; • Existing customers using SA Power Networks’ meters that were installed after 1 July 2015 - These customers will have incurred an upfront capital charge and will continue to pay the non-capital charge; • Existing customers using SA Power Networks’ meters at 30 June 2015 with meters subsequently replaced by 3rd party meters – These customers will continue to pay the capital charge
sapn:HVADCBD:2024-07-01:metering:legacy-metering-service-charge-non-capital,meter_class,network_meter_after_july_2015,sapn-2024-25-annual-pricing-proposal-19apr2024,pdf:p95,installed prior to 1 July 2015 - These customers continue to pay the capital and non-capital charges; • Existing customers using SA Power Networks’ meters that were installed after 1 July 2015 - These customers will have incurred an upfront capital charge and will continue to pay the non-capital charge
sapn:HVADCBD:2024-07-01:metering:legacy-metering-service-charge-non-capital,meter_class,network_meter_before_july_2015,sapn-2024-25-annual-pricing-proposal-19apr2024,pdf:p95,installed prior to 1 July 2015 - These customers continue to pay the capital and non-capital charges; • Existing customers using SA Power Networks’ meters that were installed after 1 July 2015 - These customers will have incurred an upfront capital charge and will continue to pay the non-capital charge
sapn:HVADF:2023-07-01:metering:legacy-metering-service-charge-capital,meter_class,network_meter_before_july_2015,sapn-2023-24-annual-pricing-proposal-revised-8may2023,pdf:p94,installed prior to 1 July 2015 - These customers continue to pay the capital and non-capital charges; • Existing customers using SA Power Networks’ meters that were installed after 1 July 2015 - These customers will have incurred an upfront capital charge and will continue to pay the non-capital charge; • Existing customers using SA Power Networks’ meters at 30 June 2015 with meters subsequently replaced by 3rd party meters – These customers will continue to pay the capital charge
sapn:HVADF:2023-07-01:metering:legacy-metering-service-charge-capital,meter_class,replaced_by_third_party_meter,sapn-2023-24-annual-pricing-proposal-revised-8may2023,pdf:p94,installed prior to 1 July 2015 - These customers continue to pay the capital and non-capital charges; • Existing customers using SA Power Networks’ meters that were installed after 1 July 2015 - These customers will have incurred an upfront capital charge and will continue to pay the non-capital charge; • Existing customers using SA Power Networks’ meters at 30 June 2015 with meters subsequently replaced by 3rd party meters – These customers will continue to pay the capital charge
sapn:HVADF:2023-07-01:metering:legacy-metering-service-charge-non-capital,meter_class,network_meter_after_july_2015,sapn-2023-24-annual-pricing-proposal-revised-8may2023,pdf:p94,installed prior to 1 July 2015 - These customers continue to pay the capital and non-capital charges; • Existing customers using SA Power Networks’ meters that were installed after 1 July 2015 - These customers will have incurred an upfront capital charge and will continue to pay the non-capital charge
sapn:HVADF:2023-07-01:metering:legacy-metering-service-charge-non-capital,meter_class,network_meter_before_july_2015,sapn-2023-24-annual-pricing-proposal-revised-8may2023,pdf:p94,installed prior to 1 July 2015 - These customers continue to pay the capital and non-capital charges; • Existing customers using SA Power Networks’ meters that were installed after 1 July 2015 - These customers will have incurred an upfront capital charge and will continue to pay the non-capital charge
sapn:HVADF:2024-07-01:metering:legacy-metering-service-charge-capital,meter_class,network_meter_before_july_2015,sapn-2024-25-annual-pricing-proposal-19apr2024,pdf:p95,installed prior to 1 July 2015 - These customers continue to pay the capital and non-capital charges; • Existing customers using SA Power Networks’ meters that were installed after 1 July 2015 - These customers will have incurred an upfront capital charge and will continue to pay the non-capital charge; • Existing customers using SA Power Networks’ meters at 30 June 2015 with meters subsequently replaced by 3rd party meters – These customers will continue to pay the capital charge
sapn:HVADF:2024-07-01:metering:legacy-metering-service-charge-capital,meter_class,replaced_by_third_party_meter,sapn-2024-25-annual-pricing-proposal-19apr2024,pdf:p95,installed prior to 1 July 2015 - These customers continue to pay the capital and non-capital charges; • Existing customers using SA Power Networks’ meters that were installed after 1 July 2015 - These customers will have incurred an upfront capital charge and will continue to pay the non-capital charge; • Existing customers using SA Power Networks’ meters at 30 June 2015 with meters subsequently replaced by 3rd party meters – These customers will continue to pay the capital charge
sapn:HVADF:2024-07-01:metering:legacy-metering-service-charge-non-capital,meter_class,network_meter_after_july_2015,sapn-2024-25-annual-pricing-proposal-19apr2024,pdf:p95,installed prior to 1 July 2015 - These customers continue to pay the capital and non-capital charges; • Existing customers using SA Power Networks’ meters that were installed after 1 July 2015 - These customers will have incurred an upfront capital charge and will continue to pay the non-capital charge
sapn:HVADF:2024-07-01:metering:legacy-metering-service-charge-non-capital,meter_class,network_meter_before_july_2015,sapn-2024-25-annual-pricing-proposal-19apr2024,pdf:p95,installed prior to 1 July 2015 - These customers continue to pay the capital and non-capital charges; • Existing customers using SA Power Networks’ meters that were installed after 1 July 2015 - These customers will have incurred an upfront capital charge and will continue to pay the non-capital charge
sapn:HVADFCBD:2023-07-01:metering:legacy-metering-service-charge-capital,meter_class,network_meter_before_july_2015,sapn-2023-24-annual-pricing-proposal-revised-8may2023,pdf:p94,installed prior to 1 July 2015 - These customers continue to pay the capital and non-capital charges; • Existing customers using SA Power Networks’ meters that were installed after 1 July 2015 - These customers will have incurred an upfront capital charge and will continue to pay the non-capital charge; • Existing customers using SA Power Networks’ meters at 30 June 2015 with meters subsequently replaced by 3rd party meters – These customers will continue to pay the capital charge
sapn:HVADFCBD:2023-07-01:metering:legacy-metering-service-charge-capital,meter_class,replaced_by_third_party_meter,sapn-2023-24-annual-pricing-proposal-revised-8may2023,pdf:p94,installed prior to 1 July 2015 - These customers continue to pay the capital and non-capital charges; • Existing customers using SA Power Networks’ meters that were installed after 1 July 2015 - These customers will have incurred an upfront capital charge and will continue to pay the non-capital charge; • Existing customers using SA Power Networks’ meters at 30 June 2015 with meters subsequently replaced by 3rd party meters – These customers will continue to pay the capital charge
sapn:HVADFCBD:2023-07-01:metering:legacy-metering-service-charge-non-capital,meter_class,network_meter_after_july_2015,sapn-2023-24-annual-pricing-proposal-revised-8may2023,pdf:p94,installed prior to 1 July 2015 - These customers continue to pay the capital and non-capital charges; • Existing customers using SA Power Networks’ meters that were installed after 1 July 2015 - These customers will have incurred an upfront capital charge and will continue to pay the non-capital charge
sapn:HVADFCBD:2023-07-01:metering:legacy-metering-service-charge-non-capital,meter_class,network_meter_before_july_2015,sapn-2023-24-annual-pricing-proposal-revised-8may2023,pdf:p94,installed prior to 1 July 2015 - These customers continue to pay the capital and non-capital charges; • Existing customers using SA Power Networks’ meters that were installed after 1 July 2015 - These customers will have incurred an upfront capital charge and will continue to pay the non-capital charge
sapn:HVADFCBD:2024-07-01:metering:legacy-metering-service-charge-capital,meter_class,network_meter_before_july_2015,sapn-2024-25-annual-pricing-proposal-19apr2024,pdf:p95,installed prior to 1 July 2015 - These customers continue to pay the capital and non-capital charges; • Existing customers using SA Power Networks’ meters that were installed after 1 July 2015 - These customers will have incurred an upfront capital charge and will continue to pay the non-capital charge; • Existing customers using SA Power Networks’ meters at 30 June 2015 with meters subsequently replaced by 3rd party meters – These customers will continue to pay the capital charge
sapn:HVADFCBD:2024-07-01:metering:legacy-metering-service-charge-capital,meter_class,replaced_by_third_party_meter,sapn-2024-25-annual-pricing-proposal-19apr2024,pdf:p95,installed prior to 1 July 2015 - These customers continue to pay the capital and non-capital charges; • Existing customers using SA Power Networks’ meters that were installed after 1 July 2015 - These customers will have incurred an upfront capital charge and will continue to pay the non-capital charge; • Existing customers using SA Power Networks’ meters at 30 June 2015 with meters subsequently replaced by 3rd party meters – These customers will continue to pay the capital charge
sapn:HVADFCBD:2024-07-01:metering:legacy-metering-service-charge-non-capital,meter_class,network_meter_after_july_2015,sapn-2024-25-annual-pricing-proposal-19apr2024,pdf:p95,installed prior to 1 July 2015 - These customers continue to pay the capital and non-capital charges; • Existing customers using SA Power Networks’ meters that were installed after 1 July 2015 - These customers will have incurred an upfront capital charge and will continue to pay the non-capital charge
sapn:HVADFCBD:2024-07-01:metering:legacy-metering-service-charge-non-capital,meter_class,network_meter_before_july_2015,sapn-2024-25-annual-pricing-proposal-19apr2024,pdf:p95,installed prior to 1 July 2015 - These customers continue to pay the capital and non-capital charges; • Existing customers using SA Power Networks’ meters that were installed after 1 July 2015 - These customers will have incurred an upfront capital charge and will continue to pay the non-capital charge
sapn:HVBG:2023-07-01:metering:legacy-metering-service-charge-capital,meter_class,network_meter_before_july_2015,sapn-2023-24-annual-pricing-proposal-revised-8may2023,pdf:p94,installed prior to 1 July 2015 - These customers continue to pay the capital and non-capital charges; • Existing customers using SA Power Networks’ meters that were installed after 1 July 2015 - These customers will have incurred an upfront capital charge and will continue to pay the non-capital charge; • Existing customers using SA Power Networks’ meters at 30 June 2015 with meters subsequently replaced by 3rd party meters – These customers will continue to pay the capital charge
sapn:HVBG:2023-07-01:metering:legacy-metering-service-charge-capital,meter_class,replaced_by_third_party_meter,sapn-2023-24-annual-pricing-proposal-revised-8may2023,pdf:p94,installed prior to 1 July 2015 - These customers continue to pay the capital and non-capital charges; • Existing customers using SA Power Networks’ meters that were installed after 1 July 2015 - These customers will have incurred an upfront capital charge and will continue to pay the non-capital charge; • Existing customers using SA Power Networks’ meters at 30 June 2015 with meters subsequently replaced by 3rd party meters – These customers will continue to pay the capital charge
sapn:HVBG:2023-07-01:metering:legacy-metering-service-charge-non-capital,meter_class,network_meter_after_july_2015,sapn-2023-24-annual-pricing-proposal-revised-8may2023,pdf:p94,installed prior to 1 July 2015 - These customers continue to pay the capital and non-capital charges; • Existing customers using SA Power Networks’ meters that were installed after 1 July 2015 - These customers will have incurred an upfront capital charge and will continue to pay the non-capital charge
sapn:HVBG:2023-07-01:metering:legacy-metering-service-charge-non-capital,meter_class,network_meter_before_july_2015,sapn-2023-24-annual-pricing-proposal-revised-8may2023,pdf:p94,installed prior to 1 July 2015 - These customers continue to pay the capital and non-capital charges; • Existing customers using SA Power Networks’ meters that were installed after 1 July 2015 - These customers will have incurred an upfront capital charge and will continue to pay the non-capital charge
sapn:HVBG:2024-07-01:metering:legacy-metering-service-charge-capital,meter_class,network_meter_before_july_2015,sapn-2024-25-annual-pricing-proposal-19apr2024,pdf:p95,installed prior to 1 July 2015 - These customers continue to pay the capital and non-capital charges; • Existing customers using SA Power Networks’ meters that were installed after 1 July 2015 - These customers will have incurred an upfront capital charge and will continue to pay the non-capital charge; • Existing customers using SA Power Networks’ meters at 30 June 2015 with meters subsequently replaced by 3rd party meters – These customers will continue to pay the capital charge
sapn:HVBG:2024-07-01:metering:legacy-metering-service-charge-capital,meter_class,replaced_by_third_party_meter,sapn-2024-25-annual-pricing-proposal-19apr2024,pdf:p95,installed prior to 1 July 2015 - These customers continue to pay the capital and non-capital charges; • Existing customers using SA Power Networks’ meters that were installed after 1 July 2015 - These customers will have incurred an upfront capital charge and will continue to pay the non-capital charge; • Existing customers using SA Power Networks’ meters at 30 June 2015 with meters subsequently replaced by 3rd party meters – These customers will continue to pay the capital charge
sapn:HVBG:2024-07-01:metering:legacy-metering-service-charge-non-capital,meter_class,network_meter_after_july_2015,sapn-2024-25-annual-pricing-proposal-19apr2024,pdf:p95,installed prior to 1 July 2015 - These customers continue to pay the capital and non-capital charges; • Existing customers using SA Power Networks’ meters that were installed after 1 July 2015 - These customers will have incurred an upfront capital charge and will continue to pay the non-capital charge
sapn:HVBG:2024-07-01:metering:legacy-metering-service-charge-non-capital,meter_class,network_meter_before_july_2015,sapn-2024-25-annual-pricing-proposal-19apr2024,pdf:p95,installed prior to 1 July 2015 - These customers continue to pay the capital and non-capital charges; • Existing customers using SA Power Networks’ meters that were installed after 1 July 2015 - These customers will have incurred an upfront capital charge and will continue to pay the non-capital charge
sapn:HVBGCBD:2023-07-01:metering:legacy-metering-service-charge-capital,meter_class,network_meter_before_july_2015,sapn-2023-24-annual-pricing-proposal-revised-8may2023,pdf:p94,installed prior to 1 July 2015 - These customers continue to pay the capital and non-capital charges; • Existing customers using SA Power Networks’ meters that were installed after 1 July 2015 - These customers will have incurred an upfront capital charge and will continue to pay the non-capital charge; • Existing customers using SA Power Networks’ meters at 30 June 2015 with meters subsequently replaced by 3rd party meters – These customers will continue to pay the capital charge
sapn:HVBGCBD:2023-07-01:metering:legacy-metering-service-charge-capital,meter_class,replaced_by_third_party_meter,sapn-2023-24-annual-pricing-proposal-revised-8may2023,pdf:p94,installed prior to 1 July 2015 - These customers continue to pay the capital and non-capital charges; • Existing customers using SA Power Networks’ meters that were installed after 1 July 2015 - These customers will have incurred an upfront capital charge and will continue to pay the non-capital charge; • Existing customers using SA Power Networks’ meters at 30 June 2015 with meters subsequently replaced by 3rd party meters – These customers will continue to pay the capital charge
sapn:HVBGCBD:2023-07-01:metering:legacy-metering-service-charge-non-capital,meter_class,network_meter_after_july_2015,sapn-2023-24-annual-pricing-proposal-revised-8may2023,pdf:p94,installed prior to 1 July 2015 - These customers continue to pay the capital and non-capital charges; • Existing customers using SA Power Networks’ meters that were installed after 1 July 2015 - These customers will have incurred an upfront capital charge and will continue to pay the non-capital charge
sapn:HVBGCBD:2023-07-01:metering:legacy-metering-service-charge-non-capital,meter_class,network_meter_before_july_2015,sapn-2023-24-annual-pricing-proposal-revised-8may2023,pdf:p94,installed prior to 1 July 2015 - These customers continue to pay the capital and non-capital charges; • Existing customers using SA Power Networks’ meters that were installed after 1 July 2015 - These customers will have incurred an upfront capital charge and will continue to pay the non-capital charge
sapn:HVBGCBD:2024-07-01:metering:legacy-metering-service-charge-capital,meter_class,network_meter_before_july_2015,sapn-2024-25-annual-pricing-proposal-19apr2024,pdf:p95,installed prior to 1 July 2015 - These customers continue to pay the capital and non-capital charges; • Existing customers using SA Power Networks’ meters that were installed after 1 July 2015 - These customers will have incurred an upfront capital charge and will continue to pay the non-capital charge; • Existing customers using SA Power Networks’ meters at 30 June 2015 with meters subsequently replaced by 3rd party meters – These customers will continue to pay the capital charge
sapn:HVBGCBD:2024-07-01:metering:legacy-metering-service-charge-capital,meter_class,replaced_by_third_party_meter,sapn-2024-25-annual-pricing-proposal-19apr2024,pdf:p95,installed prior to 1 July 2015 - These customers continue to pay the capital and non-capital charges; • Existing customers using SA Power Networks’ meters that were installed after 1 July 2015 - These customers will have incurred an upfront capital charge and will continue to pay the non-capital charge; • Existing customers using SA Power Networks’ meters at 30 June 2015 with meters subsequently replaced by 3rd party meters – These customers will continue to pay the capital charge
sapn:HVBGCBD:2024-07-01:metering:legacy-metering-service-charge-non-capital,meter_class,network_meter_after_july_2015,sapn-2024-25-annual-pricing-proposal-19apr2024,pdf:p95,installed prior to 1 July 2015 - These customers continue to pay the capital and non-capital charges; • Existing customers using SA Power Networks’ meters that were installed after 1 July 2015 - These customers will have incurred an upfront capital charge and will continue to pay the non-capital charge
sapn:HVBGCBD:2024-07-01:metering:legacy-metering-service-charge-non-capital,meter_class,network_meter_before_july_2015,sapn-2024-25-annual-pricing-proposal-19apr2024,pdf:p95,installed prior to 1 July 2015 - These customers continue to pay the capital and non-capital charges; • Existing customers using SA Power Networks’ meters that were installed after 1 July 2015 - These customers will have incurred an upfront capital charge and will continue to pay the non-capital charge
sapn:HVBGF:2023-07-01:metering:legacy-metering-service-charge-capital,meter_class,network_meter_before_july_2015,sapn-2023-24-annual-pricing-proposal-revised-8may2023,pdf:p94,installed prior to 1 July 2015 - These customers continue to pay the capital and non-capital charges; • Existing customers using SA Power Networks’ meters that were installed after 1 July 2015 - These customers will have incurred an upfront capital charge and will continue to pay the non-capital charge; • Existing customers using SA Power Networks’ meters at 30 June 2015 with meters subsequently replaced by 3rd party meters – These customers will continue to pay the capital charge
sapn:HVBGF:2023-07-01:metering:legacy-metering-service-charge-capital,meter_class,replaced_by_third_party_meter,sapn-2023-24-annual-pricing-proposal-revised-8may2023,pdf:p94,installed prior to 1 July 2015 - These customers continue to pay the capital and non-capital charges; • Existing customers using SA Power Networks’ meters that were installed after 1 July 2015 - These customers will have incurred an upfront capital charge and will continue to pay the non-capital charge; • Existing customers using SA Power Networks’ meters at 30 June 2015 with meters subsequently replaced by 3rd party meters – These customers will continue to pay the capital charge
sapn:HVBGF:2023-07-01:metering:legacy-metering-service-charge-non-capital,meter_class,network_meter_after_july_2015,sapn-2023-24-annual-pricing-proposal-revised-8may2023,pdf:p94,installed prior to 1 July 2015 - These customers continue to pay the capital and non-capital charges; • Existing customers using SA Power Networks’ meters that were installed after 1 July 2015 - These customers will have incurred an upfront capital charge and will continue to pay the non-capital charge
sapn:HVBGF:2023-07-01:metering:legacy-metering-service-charge-non-capital,meter_class,network_meter_before_july_2015,sapn-2023-24-annual-pricing-proposal-revised-8may2023,pdf:p94,installed prior to 1 July 2015 - These customers continue to pay the capital and non-capital charges; • Existing customers using SA Power Networks’ meters that were installed after 1 July 2015 - These customers will have incurred an upfront capital charge and will continue to pay the non-capital charge
sapn:HVBGF:2024-07-01:metering:legacy-metering-service-charge-capital,meter_class,network_meter_before_july_2015,sapn-2024-25-annual-pricing-proposal-19apr2024,pdf:p95,installed prior to 1 July 2015 - These customers continue to pay the capital and non-capital charges; • Existing customers using SA Power Networks’ meters that were installed after 1 July 2015 - These customers will have incurred an upfront capital charge and will continue to pay the non-capital charge; • Existing customers using SA Power Networks’ meters at 30 June 2015 with meters subsequently replaced by 3rd party meters – These customers will continue to pay the capital charge
sapn:HVBGF:2024-07-01:metering:legacy-metering-service-charge-capital,meter_class,replaced_by_third_party_meter,sapn-2024-25-annual-pricing-proposal-19apr2024,pdf:p95,installed prior to 1 July 2015 - These customers continue to pay the capital and non-capital charges; • Existing customers using SA Power Networks’ meters that were installed after 1 July 2015 - These customers will have incurred an upfront capital charge and will continue to pay the non-capital charge; • Existing customers using SA Power Networks’ meters at 30 June 2015 with meters subsequently replaced by 3rd party meters – These customers will continue to pay the capital charge
sapn:HVBGF:2024-07-01:metering:legacy-metering-service-charge-non-capital,meter_class,network_meter_after_july_2015,sapn-2024-25-annual-pricing-proposal-19apr2024,pdf:p95,installed prior to 1 July 2015 - These customers continue to pay the capital and non-capital charges; • Existing customers using SA Power Networks’ meters that were installed after 1 July 2015 - These customers will have incurred an upfront capital charge and will continue to pay the non-capital charge
sapn:HVBGF:2024-07-01:metering:legacy-metering-service-charge-non-capital,meter_class,network_meter_before_july_2015,sapn-2024-25-annual-pricing-proposal-19apr2024,pdf:p95,installed prior to 1 July 2015 - These customers continue to pay the capital and non-capital charges; • Existing customers using SA Power Networks’ meters that were installed after 1 July 2015 - These customers will have incurred an upfront capital charge and will continue to pay the non-capital charge
sapn:HVBGFCBD:2023-07-01:metering:legacy-metering-service-charge-capital,meter_class,network_meter_before_july_2015,sapn-2023-24-annual-pricing-proposal-revised-8may2023,pdf:p94,installed prior to 1 July 2015 - These customers continue to pay the capital and non-capital charges; • Existing customers using SA Power Networks’ meters that were installed after 1 July 2015 - These customers will have incurred an upfront capital charge and will continue to pay the non-capital charge; • Existing customers using SA Power Networks’ meters at 30 June 2015 with meters subsequently replaced by 3rd party meters – These customers will continue to pay the capital charge
sapn:HVBGFCBD:2023-07-01:metering:legacy-metering-service-charge-capital,meter_class,replaced_by_third_party_meter,sapn-2023-24-annual-pricing-proposal-revised-8may2023,pdf:p94,installed prior to 1 July 2015 - These customers continue to pay the capital and non-capital charges; • Existing customers using SA Power Networks’ meters that were installed after 1 July 2015 - These customers will have incurred an upfront capital charge and will continue to pay the non-capital charge; • Existing customers using SA Power Networks’ meters at 30 June 2015 with meters subsequently replaced by 3rd party meters – These customers will continue to pay the capital charge
sapn:HVBGFCBD:2023-07-01:metering:legacy-metering-service-charge-non-capital,meter_class,network_meter_after_july_2015,sapn-2023-24-annual-pricing-proposal-revised-8may2023,pdf:p94,installed prior to 1 July 2015 - These customers continue to pay the capital and non-capital charges; • Existing customers using SA Power Networks’ meters that were installed after 1 July 2015 - These customers will have incurred an upfront capital charge and will continue to pay the non-capital charge
sapn:HVBGFCBD:2023-07-01:metering:legacy-metering-service-charge-non-capital,meter_class,network_meter_before_july_2015,sapn-2023-24-annual-pricing-proposal-revised-8may2023,pdf:p94,installed prior to 1 July 2015 - These customers continue to pay the capital and non-capital charges; • Existing customers using SA Power Networks’ meters that were installed after 1 July 2015 - These customers will have incurred an upfront capital charge and will continue to pay the non-capital charge
sapn:HVBGFCBD:2024-07-01:metering:legacy-metering-service-charge-capital,meter_class,network_meter_before_july_2015,sapn-2024-25-annual-pricing-proposal-19apr2024,pdf:p95,installed prior to 1 July 2015 - These customers continue to pay the capital and non-capital charges; • Existing customers using SA Power Networks’ meters that were installed after 1 July 2015 - These customers will have incurred an upfront capital charge and will continue to pay the non-capital charge; • Existing customers using SA Power Networks’ meters at 30 June 2015 with meters subsequently replaced by 3rd party meters – These customers will continue to pay the capital charge
sapn:HVBGFCBD:2024-07-01:metering:legacy-metering-service-charge-capital,meter_class,replaced_by_third_party_meter,sapn-2024-25-annual-pricing-proposal-19apr2024,pdf:p95,installed prior to 1 July 2015 - These customers continue to pay the capital and non-capital charges; • Existing customers using SA Power Networks’ meters that were installed after 1 July 2015 - These customers will have incurred an upfront capital charge and will continue to pay the non-capital charge; • Existing customers using SA Power Networks’ meters at 30 June 2015 with meters subsequently replaced by 3rd party meters – These customers will continue to pay the capital charge
sapn:HVBGFCBD:2024-07-01:metering:legacy-metering-service-charge-non-capital,meter_class,network_meter_after_july_2015,sapn-2024-25-annual-pricing-proposal-19apr2024,pdf:p95,installed prior to 1 July 2015 - These customers continue to pay the capital and non-capital charges; • Existing customers using SA Power Networks’ meters that were installed after 1 July 2015 - These customers will have incurred an upfront capital charge and will continue to pay the non-capital charge
sapn:HVBGFCBD:2024-07-01:metering:legacy-metering-service-charge-non-capital,meter_class,network_meter_before_july_2015,sapn-2024-25-annual-pricing-proposal-19apr2024,pdf:p95,installed prior to 1 July 2015 - These customers continue to pay the capital and non-capital charges; • Existing customers using SA Power Networks’ meters that were installed after 1 July 2015 - These customers will have incurred an upfront capital charge and will continue to pay the non-capital charge
sapn:HVMD:2023-07-01:metering:legacy-metering-service-charge-capital,meter_class,network_meter_before_july_2015,sapn-2023-24-annual-pricing-proposal-revised-8may2023,pdf:p94,installed prior to 1 July 2015 - These customers continue to pay the capital and non-capital charges; • Existing customers using SA Power Networks’ meters that were installed after 1 July 2015 - These customers will have incurred an upfront capital charge and will continue to pay the non-capital charge; • Existing customers using SA Power Networks’ meters at 30 June 2015 with meters subsequently replaced by 3rd party meters – These customers will continue to pay the capital charge
sapn:HVMD:2023-07-01:metering:legacy-metering-service-charge-capital,meter_class,replaced_by_third_party_meter,sapn-2023-24-annual-pricing-proposal-revised-8may2023,pdf:p94,installed prior to 1 July 2015 - These customers continue to pay the capital and non-capital charges; • Existing customers using SA Power Networks’ meters that were installed after 1 July 2015 - These customers will have incurred an upfront capital charge and will continue to pay the non-capital charge; • Existing customers using SA Power Networks’ meters at 30 June 2015 with meters subsequently replaced by 3rd party meters – These customers will continue to pay the capital charge
sapn:HVMD:2023-07-01:metering:legacy-metering-service-charge-non-capital,meter_class,network_meter_after_july_2015,sapn-2023-24-annual-pricing-proposal-revised-8may2023,pdf:p94,installed prior to 1 July 2015 - These customers continue to pay the capital and non-capital charges; • Existing customers using SA Power Networks’ meters that were installed after 1 July 2015 - These customers will have incurred an upfront capital charge and will continue to pay the non-capital charge
sapn:HVMD:2023-07-01:metering:legacy-metering-service-charge-non-capital,meter_class,network_meter_before_july_2015,sapn-2023-24-annual-pricing-proposal-revised-8may2023,pdf:p94,installed prior to 1 July 2015 - These customers continue to pay the capital and non-capital charges; • Existing customers using SA Power Networks’ meters that were installed after 1 July 2015 - These customers will have incurred an upfront capital charge and will continue to pay the non-capital charge
sapn:HVMD:2024-07-01:metering:legacy-metering-service-charge-capital,meter_class,network_meter_before_july_2015,sapn-2024-25-annual-pricing-proposal-19apr2024,pdf:p95,installed prior to 1 July 2015 - These customers continue to pay the capital and non-capital charges; • Existing customers using SA Power Networks’ meters that were installed after 1 July 2015 - These customers will have incurred an upfront capital charge and will continue to pay the non-capital charge; • Existing customers using SA Power Networks’ meters at 30 June 2015 with meters subsequently replaced by 3rd party meters – These customers will continue to pay the capital charge
sapn:HVMD:2024-07-01:metering:legacy-metering-service-charge-capital,meter_class,replaced_by_third_party_meter,sapn-2024-25-annual-pricing-proposal-19apr2024,pdf:p95,installed prior to 1 July 2015 - These customers continue to pay the capital and non-capital charges; • Existing customers using SA Power Networks’ meters that were installed after 1 July 2015 - These customers will have incurred an upfront capital charge and will continue to pay the non-capital charge; • Existing customers using SA Power Networks’ meters at 30 June 2015 with meters subsequently replaced by 3rd party meters – These customers will continue to pay the capital charge
sapn:HVMD:2024-07-01:metering:legacy-metering-service-charge-non-capital,meter_class,network_meter_after_july_2015,sapn-2024-25-annual-pricing-proposal-19apr2024,pdf:p95,installed prior to 1 July 2015 - These customers continue to pay the capital and non-capital charges; • Existing customers using SA Power Networks’ meters that were installed after 1 July 2015 - These customers will have incurred an upfront capital charge and will continue to pay the non-capital charge
sapn:HVMD:2024-07-01:metering:legacy-metering-service-charge-non-capital,meter_class,network_meter_before_july_2015,sapn-2024-25-annual-pricing-proposal-19apr2024,pdf:p95,installed prior to 1 July 2015 - These customers continue to pay the capital and non-capital charges; • Existing customers using SA Power Networks’ meters that were installed after 1 July 2015 - These customers will have incurred an upfront capital charge and will continue to pay the non-capital charge
sapn:HVMDCBD:2023-07-01:metering:legacy-metering-service-charge-capital,meter_class,network_meter_before_july_2015,sapn-2023-24-annual-pricing-proposal-revised-8may2023,pdf:p94,installed prior to 1 July 2015 - These customers continue to pay the capital and non-capital charges; • Existing customers using SA Power Networks’ meters that were installed after 1 July 2015 - These customers will have incurred an upfront capital charge and will continue to pay the non-capital charge; • Existing customers using SA Power Networks’ meters at 30 June 2015 with meters subsequently replaced by 3rd party meters – These customers will continue to pay the capital charge
sapn:HVMDCBD:2023-07-01:metering:legacy-metering-service-charge-capital,meter_class,replaced_by_third_party_meter,sapn-2023-24-annual-pricing-proposal-revised-8may2023,pdf:p94,installed prior to 1 July 2015 - These customers continue to pay the capital and non-capital charges; • Existing customers using SA Power Networks’ meters that were installed after 1 July 2015 - These customers will have incurred an upfront capital charge and will continue to pay the non-capital charge; • Existing customers using SA Power Networks’ meters at 30 June 2015 with meters subsequently replaced by 3rd party meters – These customers will continue to pay the capital charge
sapn:HVMDCBD:2023-07-01:metering:legacy-metering-service-charge-non-capital,meter_class,network_meter_after_july_2015,sapn-2023-24-annual-pricing-proposal-revised-8may2023,pdf:p94,installed prior to 1 July 2015 - These customers continue to pay the capital and non-capital charges; • Existing customers using SA Power Networks’ meters that were installed after 1 July 2015 - These customers will have incurred an upfront capital charge and will continue to pay the non-capital charge
sapn:HVMDCBD:2023-07-01:metering:legacy-metering-service-charge-non-capital,meter_class,network_meter_before_july_2015,sapn-2023-24-annual-pricing-proposal-revised-8may2023,pdf:p94,installed prior to 1 July 2015 - These customers continue to pay the capital and non-capital charges; • Existing customers using SA Power Networks’ meters that were installed after 1 July 2015 - These customers will have incurred an upfront capital charge and will continue to pay the non-capital charge
sapn:HVMDCBD:2024-07-01:metering:legacy-metering-service-charge-capital,meter_class,network_meter_before_july_2015,sapn-2024-25-annual-pricing-proposal-19apr2024,pdf:p95,installed prior to 1 July 2015 - These customers continue to pay the capital and non-capital charges; • Existing customers using SA Power Networks’ meters that were installed after 1 July 2015 - These customers will have incurred an upfront capital charge and will continue to pay the non-capital charge; • Existing customers using SA Power Networks’ meters at 30 June 2015 with meters subsequently replaced by 3rd party meters – These customers will continue to pay the capital charge
sapn:HVMDCBD:2024-07-01:metering:legacy-metering-service-charge-capital,meter_class,replaced_by_third_party_meter,sapn-2024-25-annual-pricing-proposal-19apr2024,pdf:p95,installed prior to 1 July 2015 - These customers continue to pay the capital and non-capital charges; • Existing customers using SA Power Networks’ meters that were installed after 1 July 2015 - These customers will have incurred an upfront capital charge and will continue to pay the non-capital charge; • Existing customers using SA Power Networks’ meters at 30 June 2015 with meters subsequently replaced by 3rd party meters – These customers will continue to pay the capital charge
sapn:HVMDCBD:2024-07-01:metering:legacy-metering-service-charge-non-capital,meter_class,network_meter_after_july_2015,sapn-2024-25-annual-pricing-proposal-19apr2024,pdf:p95,installed prior to 1 July 2015 - These customers continue to pay the capital and non-capital charges; • Existing customers using SA Power Networks’ meters that were installed after 1 July 2015 - These customers will have incurred an upfront capital charge and will continue to pay the non-capital charge
sapn:HVMDCBD:2024-07-01:metering:legacy-metering-service-charge-non-capital,meter_class,network_meter_before_july_2015,sapn-2024-25-annual-pricing-proposal-19apr2024,pdf:p95,installed prior to 1 July 2015 - These customers continue to pay the capital and non-capital charges; • Existing customers using SA Power Networks’ meters that were installed after 1 July 2015 - These customers will have incurred an upfront capital charge and will continue to pay the non-capital charge
sapn:LBAD201:2023-07-01:metering:legacy-metering-service-charge-capital,meter_class,network_meter_before_july_2015,sapn-2023-24-annual-pricing-proposal-revised-8may2023,pdf:p94,installed prior to 1 July 2015 - These customers continue to pay the capital and non-capital charges; • Existing customers using SA Power Networks’ meters that were installed after 1 July 2015 - These customers will have incurred an upfront capital charge and will continue to pay the non-capital charge; • Existing customers using SA Power Networks’ meters at 30 June 2015 with meters subsequently replaced by 3rd party meters – These customers will continue to pay the capital charge
sapn:LBAD201:2023-07-01:metering:legacy-metering-service-charge-capital,meter_class,replaced_by_third_party_meter,sapn-2023-24-annual-pricing-proposal-revised-8may2023,pdf:p94,installed prior to 1 July 2015 - These customers continue to pay the capital and non-capital charges; • Existing customers using SA Power Networks’ meters that were installed after 1 July 2015 - These customers will have incurred an upfront capital charge and will continue to pay the non-capital charge; • Existing customers using SA Power Networks’ meters at 30 June 2015 with meters subsequently replaced by 3rd party meters – These customers will continue to pay the capital charge
sapn:LBAD201:2023-07-01:metering:legacy-metering-service-charge-non-capital,meter_class,network_meter_after_july_2015,sapn-2023-24-annual-pricing-proposal-revised-8may2023,pdf:p94,installed prior to 1 July 2015 - These customers continue to pay the capital and non-capital charges; • Existing customers using SA Power Networks’ meters that were installed after 1 July 2015 - These customers will have incurred an upfront capital charge and will continue to pay the non-capital charge
sapn:LBAD201:2023-07-01:metering:legacy-metering-service-charge-non-capital,meter_class,network_meter_before_july_2015,sapn-2023-24-annual-pricing-proposal-revised-8may2023,pdf:p94,installed prior to 1 July 2015 - These customers continue to pay the capital and non-capital charges; • Existing customers using SA Power Networks’ meters that were installed after 1 July 2015 - These customers will have incurred an upfront capital charge and will continue to pay the non-capital charge
sapn:LBAD201:2024-07-01:metering:legacy-metering-service-charge-capital,meter_class,network_meter_before_july_2015,sapn-2024-25-annual-pricing-proposal-19apr2024,pdf:p95,installed prior to 1 July 2015 - These customers continue to pay the capital and non-capital charges; • Existing customers using SA Power Networks’ meters that were installed after 1 July 2015 - These customers will have incurred an upfront capital charge and will continue to pay the non-capital charge; • Existing customers using SA Power Networks’ meters at 30 June 2015 with meters subsequently replaced by 3rd party meters – These customers will continue to pay the capital charge
sapn:LBAD201:2024-07-01:metering:legacy-metering-service-charge-capital,meter_class,replaced_by_third_party_meter,sapn-2024-25-annual-pricing-proposal-19apr2024,pdf:p95,installed prior to 1 July 2015 - These customers continue to pay the capital and non-capital charges; • Existing customers using SA Power Networks’ meters that were installed after 1 July 2015 - These customers will have incurred an upfront capital charge and will continue to pay the non-capital charge; • Existing customers using SA Power Networks’ meters at 30 June 2015 with meters subsequently replaced by 3rd party meters – These customers will continue to pay the capital charge
sapn:LBAD201:2024-07-01:metering:legacy-metering-service-charge-non-capital,meter_class,network_meter_after_july_2015,sapn-2024-25-annual-pricing-proposal-19apr2024,pdf:p95,installed prior to 1 July 2015 - These customers continue to pay the capital and non-capital charges; • Existing customers using SA Power Networks’ meters that were installed after 1 July 2015 - These customers will have incurred an upfront capital charge and will continue to pay the non-capital charge
sapn:LBAD201:2024-07-01:metering:legacy-metering-service-charge-non-capital,meter_class,network_meter_before_july_2015,sapn-2024-25-annual-pricing-proposal-19apr2024,pdf:p95,installed prior to 1 July 2015 - These customers continue to pay the capital and non-capital charges; • Existing customers using SA Power Networks’ meters that were installed after 1 July 2015 - These customers will have incurred an upfront capital charge and will continue to pay the non-capital charge
sapn:LBAD292:2023-07-01:metering:legacy-metering-service-charge-capital,meter_class,network_meter_before_july_2015,sapn-2023-24-annual-pricing-proposal-revised-8may2023,pdf:p94,installed prior to 1 July 2015 - These customers continue to pay the capital and non-capital charges; • Existing customers using SA Power Networks’ meters that were installed after 1 July 2015 - These customers will have incurred an upfront capital charge and will continue to pay the non-capital charge; • Existing customers using SA Power Networks’ meters at 30 June 2015 with meters subsequently replaced by 3rd party meters – These customers will continue to pay the capital charge
sapn:LBAD292:2023-07-01:metering:legacy-metering-service-charge-capital,meter_class,replaced_by_third_party_meter,sapn-2023-24-annual-pricing-proposal-revised-8may2023,pdf:p94,installed prior to 1 July 2015 - These customers continue to pay the capital and non-capital charges; • Existing customers using SA Power Networks’ meters that were installed after 1 July 2015 - These customers will have incurred an upfront capital charge and will continue to pay the non-capital charge; • Existing customers using SA Power Networks’ meters at 30 June 2015 with meters subsequently replaced by 3rd party meters – These customers will continue to pay the capital charge
sapn:LBAD292:2023-07-01:metering:legacy-metering-service-charge-non-capital,meter_class,network_meter_after_july_2015,sapn-2023-24-annual-pricing-proposal-revised-8may2023,pdf:p94,installed prior to 1 July 2015 - These customers continue to pay the capital and non-capital charges; • Existing customers using SA Power Networks’ meters that were installed after 1 July 2015 - These customers will have incurred an upfront capital charge and will continue to pay the non-capital charge
sapn:LBAD292:2023-07-01:metering:legacy-metering-service-charge-non-capital,meter_class,network_meter_before_july_2015,sapn-2023-24-annual-pricing-proposal-revised-8may2023,pdf:p94,installed prior to 1 July 2015 - These customers continue to pay the capital and non-capital charges; • Existing customers using SA Power Networks’ meters that were installed after 1 July 2015 - These customers will have incurred an upfront capital charge and will continue to pay the non-capital charge
sapn:LBAD292:2024-07-01:metering:legacy-metering-service-charge-capital,meter_class,network_meter_before_july_2015,sapn-2024-25-annual-pricing-proposal-19apr2024,pdf:p95,installed prior to 1 July 2015 - These customers continue to pay the capital and non-capital charges; • Existing customers using SA Power Networks’ meters that were installed after 1 July 2015 - These customers will have incurred an upfront capital charge and will continue to pay the non-capital charge; • Existing customers using SA Power Networks’ meters at 30 June 2015 with meters subsequently replaced by 3rd party meters – These customers will continue to pay the capital charge
sapn:LBAD292:2024-07-01:metering:legacy-metering-service-charge-capital,meter_class,replaced_by_third_party_meter,sapn-2024-25-annual-pricing-proposal-19apr2024,pdf:p95,installed prior to 1 July 2015 - These customers continue to pay the capital and non-capital charges; • Existing customers using SA Power Networks’ meters that were installed after 1 July 2015 - These customers will have incurred an upfront capital charge and will continue to pay the non-capital charge; • Existing customers using SA Power Networks’ meters at 30 June 2015 with meters subsequently replaced by 3rd party meters – These customers will continue to pay the capital charge
sapn:LBAD292:2024-07-01:metering:legacy-metering-service-charge-non-capital,meter_class,network_meter_after_july_2015,sapn-2024-25-annual-pricing-proposal-19apr2024,pdf:p95,installed prior to 1 July 2015 - These customers continue to pay the capital and non-capital charges; • Existing customers using SA Power Networks’ meters that were installed after 1 July 2015 - These customers will have incurred an upfront capital charge and will continue to pay the non-capital charge
sapn:LBAD292:2024-07-01:metering:legacy-metering-service-charge-non-capital,meter_class,network_meter_before_july_2015,sapn-2024-25-annual-pricing-proposal-19apr2024,pdf:p95,installed prior to 1 July 2015 - These customers continue to pay the capital and non-capital charges; • Existing customers using SA Power Networks’ meters that were installed after 1 July 2015 - These customers will have incurred an upfront capital charge and will continue to pay the non-capital charge
sapn:LBAD305:2024-07-01:metering:legacy-metering-service-charge-capital,meter_class,network_meter_before_july_2015,sapn-2024-25-annual-pricing-proposal-19apr2024,pdf:p95,installed prior to 1 July 2015 - These customers continue to pay the capital and non-capital charges; • Existing customers using SA Power Networks’ meters that were installed after 1 July 2015 - These customers will have incurred an upfront capital charge and will continue to pay the non-capital charge; • Existing customers using SA Power Networks’ meters at 30 June 2015 with meters subsequently replaced by 3rd party meters – These customers will continue to pay the capital charge
sapn:LBAD305:2024-07-01:metering:legacy-metering-service-charge-capital,meter_class,replaced_by_third_party_meter,sapn-2024-25-annual-pricing-proposal-19apr2024,pdf:p95,installed prior to 1 July 2015 - These customers continue to pay the capital and non-capital charges; • Existing customers using SA Power Networks’ meters that were installed after 1 July 2015 - These customers will have incurred an upfront capital charge and will continue to pay the non-capital charge; • Existing customers using SA Power Networks’ meters at 30 June 2015 with meters subsequently replaced by 3rd party meters – These customers will continue to pay the capital charge
sapn:LBAD305:2024-07-01:metering:legacy-metering-service-charge-non-capital,meter_class,network_meter_after_july_2015,sapn-2024-25-annual-pricing-proposal-19apr2024,pdf:p95,installed prior to 1 July 2015 - These customers continue to pay the capital and non-capital charges; • Existing customers using SA Power Networks’ meters that were installed after 1 July 2015 - These customers will have incurred an upfront capital charge and will continue to pay the non-capital charge
sapn:LBAD305:2024-07-01:metering:legacy-metering-service-charge-non-capital,meter_class,network_meter_before_july_2015,sapn-2024-25-annual-pricing-proposal-19apr2024,pdf:p95,installed prior to 1 July 2015 - These customers continue to pay the capital and non-capital charges; • Existing customers using SA Power Networks’ meters that were installed after 1 July 2015 - These customers will have incurred an upfront capital charge and will continue to pay the non-capital charge
sapn:LBAD322:2023-07-01:metering:legacy-metering-service-charge-capital,meter_class,network_meter_before_july_2015,sapn-2023-24-annual-pricing-proposal-revised-8may2023,pdf:p94,installed prior to 1 July 2015 - These customers continue to pay the capital and non-capital charges; • Existing customers using SA Power Networks’ meters that were installed after 1 July 2015 - These customers will have incurred an upfront capital charge and will continue to pay the non-capital charge; • Existing customers using SA Power Networks’ meters at 30 June 2015 with meters subsequently replaced by 3rd party meters – These customers will continue to pay the capital charge
sapn:LBAD322:2023-07-01:metering:legacy-metering-service-charge-capital,meter_class,replaced_by_third_party_meter,sapn-2023-24-annual-pricing-proposal-revised-8may2023,pdf:p94,installed prior to 1 July 2015 - These customers continue to pay the capital and non-capital charges; • Existing customers using SA Power Networks’ meters that were installed after 1 July 2015 - These customers will have incurred an upfront capital charge and will continue to pay the non-capital charge; • Existing customers using SA Power Networks’ meters at 30 June 2015 with meters subsequently replaced by 3rd party meters – These customers will continue to pay the capital charge
sapn:LBAD322:2023-07-01:metering:legacy-metering-service-charge-non-capital,meter_class,network_meter_after_july_2015,sapn-2023-24-annual-pricing-proposal-revised-8may2023,pdf:p94,installed prior to 1 July 2015 - These customers continue to pay the capital and non-capital charges; • Existing customers using SA Power Networks’ meters that were installed after 1 July 2015 - These customers will have incurred an upfront capital charge and will continue to pay the non-capital charge
sapn:LBAD322:2023-07-01:metering:legacy-metering-service-charge-non-capital,meter_class,network_meter_before_july_2015,sapn-2023-24-annual-pricing-proposal-revised-8may2023,pdf:p94,installed prior to 1 July 2015 - These customers continue to pay the capital and non-capital charges; • Existing customers using SA Power Networks’ meters that were installed after 1 July 2015 - These customers will have incurred an upfront capital charge and will continue to pay the non-capital charge
sapn:LBAD322:2024-07-01:metering:legacy-metering-service-charge-capital,meter_class,network_meter_before_july_2015,sapn-2024-25-annual-pricing-proposal-19apr2024,pdf:p95,installed prior to 1 July 2015 - These customers continue to pay the capital and non-capital charges; • Existing customers using SA Power Networks’ meters that were installed after 1 July 2015 - These customers will have incurred an upfront capital charge and will continue to pay the non-capital charge; • Existing customers using SA Power Networks’ meters at 30 June 2015 with meters subsequently replaced by 3rd party meters – These customers will continue to pay the capital charge
sapn:LBAD322:2024-07-01:metering:legacy-metering-service-charge-capital,meter_class,replaced_by_third_party_meter,sapn-2024-25-annual-pricing-proposal-19apr2024,pdf:p95,installed prior to 1 July 2015 - These customers continue to pay the capital and non-capital charges; • Existing customers using SA Power Networks’ meters that were installed after 1 July 2015 - These customers will have incurred an upfront capital charge and will continue to pay the non-capital charge; • Existing customers using SA Power Networks’ meters at 30 June 2015 with meters subsequently replaced by 3rd party meters – These customers will continue to pay the capital charge
sapn:LBAD322:2024-07-01:metering:legacy-metering-service-charge-non-capital,meter_class,network_meter_after_july_2015,sapn-2024-25-annual-pricing-proposal-19apr2024,pdf:p95,installed prior to 1 July 2015 - These customers continue to pay the capital and non-capital charges; • Existing customers using SA Power Networks’ meters that were installed after 1 July 2015 - These customers will have incurred an upfront capital charge and will continue to pay the non-capital charge
sapn:LBAD322:2024-07-01:metering:legacy-metering-service-charge-non-capital,meter_class,network_meter_before_july_2015,sapn-2024-25-annual-pricing-proposal-19apr2024,pdf:p95,installed prior to 1 July 2015 - These customers continue to pay the capital and non-capital charges; • Existing customers using SA Power Networks’ meters that were installed after 1 July 2015 - These customers will have incurred an upfront capital charge and will continue to pay the non-capital charge
sapn:LBAD342:2023-07-01:metering:legacy-metering-service-charge-capital,meter_class,network_meter_before_july_2015,sapn-2023-24-annual-pricing-proposal-revised-8may2023,pdf:p94,installed prior to 1 July 2015 - These customers continue to pay the capital and non-capital charges; • Existing customers using SA Power Networks’ meters that were installed after 1 July 2015 - These customers will have incurred an upfront capital charge and will continue to pay the non-capital charge; • Existing customers using SA Power Networks’ meters at 30 June 2015 with meters subsequently replaced by 3rd party meters – These customers will continue to pay the capital charge
sapn:LBAD342:2023-07-01:metering:legacy-metering-service-charge-capital,meter_class,replaced_by_third_party_meter,sapn-2023-24-annual-pricing-proposal-revised-8may2023,pdf:p94,installed prior to 1 July 2015 - These customers continue to pay the capital and non-capital charges; • Existing customers using SA Power Networks’ meters that were installed after 1 July 2015 - These customers will have incurred an upfront capital charge and will continue to pay the non-capital charge; • Existing customers using SA Power Networks’ meters at 30 June 2015 with meters subsequently replaced by 3rd party meters – These customers will continue to pay the capital charge
sapn:LBAD342:2023-07-01:metering:legacy-metering-service-charge-non-capital,meter_class,network_meter_after_july_2015,sapn-2023-24-annual-pricing-proposal-revised-8may2023,pdf:p94,installed prior to 1 July 2015 - These customers continue to pay the capital and non-capital charges; • Existing customers using SA Power Networks’ meters that were installed after 1 July 2015 - These customers will have incurred an upfront capital charge and will continue to pay the non-capital charge
sapn:LBAD342:2023-07-01:metering:legacy-metering-service-charge-non-capital,meter_class,network_meter_before_july_2015,sapn-2023-24-annual-pricing-proposal-revised-8may2023,pdf:p94,installed prior to 1 July 2015 - These customers continue to pay the capital and non-capital charges; • Existing customers using SA Power Networks’ meters that were installed after 1 July 2015 - These customers will have incurred an upfront capital charge and will continue to pay the non-capital charge
sapn:LBAD342:2024-07-01:metering:legacy-metering-service-charge-capital,meter_class,network_meter_before_july_2015,sapn-2024-25-annual-pricing-proposal-19apr2024,pdf:p95,installed prior to 1 July 2015 - These customers continue to pay the capital and non-capital charges; • Existing customers using SA Power Networks’ meters that were installed after 1 July 2015 - These customers will have incurred an upfront capital charge and will continue to pay the non-capital charge; • Existing customers using SA Power Networks’ meters at 30 June 2015 with meters subsequently replaced by 3rd party meters – These customers will continue to pay the capital charge
sapn:LBAD342:2024-07-01:metering:legacy-metering-service-charge-capital,meter_class,replaced_by_third_party_meter,sapn-2024-25-annual-pricing-proposal-19apr2024,pdf:p95,installed prior to 1 July 2015 - These customers continue to pay the capital and non-capital charges; • Existing customers using SA Power Networks’ meters that were installed after 1 July 2015 - These customers will have incurred an upfront capital charge and will continue to pay the non-capital charge; • Existing customers using SA Power Networks’ meters at 30 June 2015 with meters subsequently replaced by 3rd party meters – These customers will continue to pay the capital charge
sapn:LBAD342:2024-07-01:metering:legacy-metering-service-charge-non-capital,meter_class,network_meter_after_july_2015,sapn-2024-25-annual-pricing-proposal-19apr2024,pdf:p95,installed prior to 1 July 2015 - These customers continue to pay the capital and non-capital charges; • Existing customers using SA Power Networks’ meters that were installed after 1 July 2015 - These customers will have incurred an upfront capital charge and will continue to pay the non-capital charge
sapn:LBAD342:2024-07-01:metering:legacy-metering-service-charge-non-capital,meter_class,network_meter_before_july_2015,sapn-2024-25-annual-pricing-proposal-19apr2024,pdf:p95,installed prior to 1 July 2015 - These customers continue to pay the capital and non-capital charges; • Existing customers using SA Power Networks’ meters that were installed after 1 July 2015 - These customers will have incurred an upfront capital charge and will continue to pay the non-capital charge
sapn:LBAD422:2023-07-01:metering:legacy-metering-service-charge-capital,meter_class,network_meter_before_july_2015,sapn-2023-24-annual-pricing-proposal-revised-8may2023,pdf:p94,installed prior to 1 July 2015 - These customers continue to pay the capital and non-capital charges; • Existing customers using SA Power Networks’ meters that were installed after 1 July 2015 - These customers will have incurred an upfront capital charge and will continue to pay the non-capital charge; • Existing customers using SA Power Networks’ meters at 30 June 2015 with meters subsequently replaced by 3rd party meters – These customers will continue to pay the capital charge
sapn:LBAD422:2023-07-01:metering:legacy-metering-service-charge-capital,meter_class,replaced_by_third_party_meter,sapn-2023-24-annual-pricing-proposal-revised-8may2023,pdf:p94,installed prior to 1 July 2015 - These customers continue to pay the capital and non-capital charges; • Existing customers using SA Power Networks’ meters that were installed after 1 July 2015 - These customers will have incurred an upfront capital charge and will continue to pay the non-capital charge; • Existing customers using SA Power Networks’ meters at 30 June 2015 with meters subsequently replaced by 3rd party meters – These customers will continue to pay the capital charge
sapn:LBAD422:2023-07-01:metering:legacy-metering-service-charge-non-capital,meter_class,network_meter_after_july_2015,sapn-2023-24-annual-pricing-proposal-revised-8may2023,pdf:p94,installed prior to 1 July 2015 - These customers continue to pay the capital and non-capital charges; • Existing customers using SA Power Networks’ meters that were installed after 1 July 2015 - These customers will have incurred an upfront capital charge and will continue to pay the non-capital charge
sapn:LBAD422:2023-07-01:metering:legacy-metering-service-charge-non-capital,meter_class,network_meter_before_july_2015,sapn-2023-24-annual-pricing-proposal-revised-8may2023,pdf:p94,installed prior to 1 July 2015 - These customers continue to pay the capital and non-capital charges; • Existing customers using SA Power Networks’ meters that were installed after 1 July 2015 - These customers will have incurred an upfront capital charge and will continue to pay the non-capital charge
sapn:LBAD422:2024-07-01:metering:legacy-metering-service-charge-capital,meter_class,network_meter_before_july_2015,sapn-2024-25-annual-pricing-proposal-19apr2024,pdf:p95,installed prior to 1 July 2015 - These customers continue to pay the capital and non-capital charges; • Existing customers using SA Power Networks’ meters that were installed after 1 July 2015 - These customers will have incurred an upfront capital charge and will continue to pay the non-capital charge; • Existing customers using SA Power Networks’ meters at 30 June 2015 with meters subsequently replaced by 3rd party meters – These customers will continue to pay the capital charge
sapn:LBAD422:2024-07-01:metering:legacy-metering-service-charge-capital,meter_class,replaced_by_third_party_meter,sapn-2024-25-annual-pricing-proposal-19apr2024,pdf:p95,installed prior to 1 July 2015 - These customers continue to pay the capital and non-capital charges; • Existing customers using SA Power Networks’ meters that were installed after 1 July 2015 - These customers will have incurred an upfront capital charge and will continue to pay the non-capital charge; • Existing customers using SA Power Networks’ meters at 30 June 2015 with meters subsequently replaced by 3rd party meters – These customers will continue to pay the capital charge
sapn:LBAD422:2024-07-01:metering:legacy-metering-service-charge-non-capital,meter_class,network_meter_after_july_2015,sapn-2024-25-annual-pricing-proposal-19apr2024,pdf:p95,installed prior to 1 July 2015 - These customers continue to pay the capital and non-capital charges; • Existing customers using SA Power Networks’ meters that were installed after 1 July 2015 - These customers will have incurred an upfront capital charge and will continue to pay the non-capital charge
sapn:LBAD422:2024-07-01:metering:legacy-metering-service-charge-non-capital,meter_class,network_meter_before_july_2015,sapn-2024-25-annual-pricing-proposal-19apr2024,pdf:p95,installed prior to 1 July 2015 - These customers continue to pay the capital and non-capital charges; • Existing customers using SA Power Networks’ meters that were installed after 1 July 2015 - These customers will have incurred an upfront capital charge and will continue to pay the non-capital charge
sapn:LBAD517:2023-07-01:metering:legacy-metering-service-charge-capital,meter_class,network_meter_before_july_2015,sapn-2023-24-annual-pricing-proposal-revised-8may2023,pdf:p94,installed prior to 1 July 2015 - These customers continue to pay the capital and non-capital charges; • Existing customers using SA Power Networks’ meters that were installed after 1 July 2015 - These customers will have incurred an upfront capital charge and will continue to pay the non-capital charge; • Existing customers using SA Power Networks’ meters at 30 June 2015 with meters subsequently replaced by 3rd party meters – These customers will continue to pay the capital charge
sapn:LBAD517:2023-07-01:metering:legacy-metering-service-charge-capital,meter_class,replaced_by_third_party_meter,sapn-2023-24-annual-pricing-proposal-revised-8may2023,pdf:p94,installed prior to 1 July 2015 - These customers continue to pay the capital and non-capital charges; • Existing customers using SA Power Networks’ meters that were installed after 1 July 2015 - These customers will have incurred an upfront capital charge and will continue to pay the non-capital charge; • Existing customers using SA Power Networks’ meters at 30 June 2015 with meters subsequently replaced by 3rd party meters – These customers will continue to pay the capital charge
sapn:LBAD517:2023-07-01:metering:legacy-metering-service-charge-non-capital,meter_class,network_meter_after_july_2015,sapn-2023-24-annual-pricing-proposal-revised-8may2023,pdf:p94,installed prior to 1 July 2015 - These customers continue to pay the capital and non-capital charges; • Existing customers using SA Power Networks’ meters that were installed after 1 July 2015 - These customers will have incurred an upfront capital charge and will continue to pay the non-capital charge
sapn:LBAD517:2023-07-01:metering:legacy-metering-service-charge-non-capital,meter_class,network_meter_before_july_2015,sapn-2023-24-annual-pricing-proposal-revised-8may2023,pdf:p94,installed prior to 1 July 2015 - These customers continue to pay the capital and non-capital charges; • Existing customers using SA Power Networks’ meters that were installed after 1 July 2015 - These customers will have incurred an upfront capital charge and will continue to pay the non-capital charge
sapn:LBAD517:2024-07-01:metering:legacy-metering-service-charge-capital,meter_class,network_meter_before_july_2015,sapn-2024-25-annual-pricing-proposal-19apr2024,pdf:p95,installed prior to 1 July 2015 - These customers continue to pay the capital and non-capital charges; • Existing customers using SA Power Networks’ meters that were installed after 1 July 2015 - These customers will have incurred an upfront capital charge and will continue to pay the non-capital charge; • Existing customers using SA Power Networks’ meters at 30 June 2015 with meters subsequently replaced by 3rd party meters – These customers will continue to pay the capital charge
sapn:LBAD517:2024-07-01:metering:legacy-metering-service-charge-capital,meter_class,replaced_by_third_party_meter,sapn-2024-25-annual-pricing-proposal-19apr2024,pdf:p95,installed prior to 1 July 2015 - These customers continue to pay the capital and non-capital charges; • Existing customers using SA Power Networks’ meters that were installed after 1 July 2015 - These customers will have incurred an upfront capital charge and will continue to pay the non-capital charge; • Existing customers using SA Power Networks’ meters at 30 June 2015 with meters subsequently replaced by 3rd party meters – These customers will continue to pay the capital charge
sapn:LBAD517:2024-07-01:metering:legacy-metering-service-charge-non-capital,meter_class,network_meter_after_july_2015,sapn-2024-25-annual-pricing-proposal-19apr2024,pdf:p95,installed prior to 1 July 2015 - These customers continue to pay the capital and non-capital charges; • Existing customers using SA Power Networks’ meters that were installed after 1 July 2015 - These customers will have incurred an upfront capital charge and will continue to pay the non-capital charge
sapn:LBAD517:2024-07-01:metering:legacy-metering-service-charge-non-capital,meter_class,network_meter_before_july_2015,sapn-2024-25-annual-pricing-proposal-19apr2024,pdf:p95,installed prior to 1 July 2015 - These customers continue to pay the capital and non-capital charges; • Existing customers using SA Power Networks’ meters that were installed after 1 July 2015 - These customers will have incurred an upfront capital charge and will continue to pay the non-capital charge
sapn:LBAD583:2023-07-01:metering:legacy-metering-service-charge-capital,meter_class,network_meter_before_july_2015,sapn-2023-24-annual-pricing-proposal-revised-8may2023,pdf:p94,installed prior to 1 July 2015 - These customers continue to pay the capital and non-capital charges; • Existing customers using SA Power Networks’ meters that were installed after 1 July 2015 - These customers will have incurred an upfront capital charge and will continue to pay the non-capital charge; • Existing customers using SA Power Networks’ meters at 30 June 2015 with meters subsequently replaced by 3rd party meters – These customers will continue to pay the capital charge
sapn:LBAD583:2023-07-01:metering:legacy-metering-service-charge-capital,meter_class,replaced_by_third_party_meter,sapn-2023-24-annual-pricing-proposal-revised-8may2023,pdf:p94,installed prior to 1 July 2015 - These customers continue to pay the capital and non-capital charges; • Existing customers using SA Power Networks’ meters that were installed after 1 July 2015 - These customers will have incurred an upfront capital charge and will continue to pay the non-capital charge; • Existing customers using SA Power Networks’ meters at 30 June 2015 with meters subsequently replaced by 3rd party meters – These customers will continue to pay the capital charge
sapn:LBAD583:2023-07-01:metering:legacy-metering-service-charge-non-capital,meter_class,network_meter_after_july_2015,sapn-2023-24-annual-pricing-proposal-revised-8may2023,pdf:p94,installed prior to 1 July 2015 - These customers continue to pay the capital and non-capital charges; • Existing customers using SA Power Networks’ meters that were installed after 1 July 2015 - These customers will have incurred an upfront capital charge and will continue to pay the non-capital charge
sapn:LBAD583:2023-07-01:metering:legacy-metering-service-charge-non-capital,meter_class,network_meter_before_july_2015,sapn-2023-24-annual-pricing-proposal-revised-8may2023,pdf:p94,installed prior to 1 July 2015 - These customers continue to pay the capital and non-capital charges; • Existing customers using SA Power Networks’ meters that were installed after 1 July 2015 - These customers will have incurred an upfront capital charge and will continue to pay the non-capital charge
sapn:LBAD583:2024-07-01:metering:legacy-metering-service-charge-capital,meter_class,network_meter_before_july_2015,sapn-2024-25-annual-pricing-proposal-19apr2024,pdf:p95,installed prior to 1 July 2015 - These customers continue to pay the capital and non-capital charges; • Existing customers using SA Power Networks’ meters that were installed after 1 July 2015 - These customers will have incurred an upfront capital charge and will continue to pay the non-capital charge; • Existing customers using SA Power Networks’ meters at 30 June 2015 with meters subsequently replaced by 3rd party meters – These customers will continue to pay the capital charge
sapn:LBAD583:2024-07-01:metering:legacy-metering-service-charge-capital,meter_class,replaced_by_third_party_meter,sapn-2024-25-annual-pricing-proposal-19apr2024,pdf:p95,installed prior to 1 July 2015 - These customers continue to pay the capital and non-capital charges; • Existing customers using SA Power Networks’ meters that were installed after 1 July 2015 - These customers will have incurred an upfront capital charge and will continue to pay the non-capital charge; • Existing customers using SA Power Networks’ meters at 30 June 2015 with meters subsequently replaced by 3rd party meters – These customers will continue to pay the capital charge
sapn:LBAD583:2024-07-01:metering:legacy-metering-service-charge-non-capital,meter_class,network_meter_after_july_2015,sapn-2024-25-annual-pricing-proposal-19apr2024,pdf:p95,installed prior to 1 July 2015 - These customers continue to pay the capital and non-capital charges; • Existing customers using SA Power Networks’ meters that were installed after 1 July 2015 - These customers will have incurred an upfront capital charge and will continue to pay the non-capital charge
sapn:LBAD583:2024-07-01:metering:legacy-metering-service-charge-non-capital,meter_class,network_meter_before_july_2015,sapn-2024-25-annual-pricing-proposal-19apr2024,pdf:p95,installed prior to 1 July 2015 - These customers continue to pay the capital and non-capital charges; • Existing customers using SA Power Networks’ meters that were installed after 1 July 2015 - These customers will have incurred an upfront capital charge and will continue to pay the non-capital charge
sapn:LBAD711:2023-07-01:metering:legacy-metering-service-charge-capital,meter_class,network_meter_before_july_2015,sapn-2023-24-annual-pricing-proposal-revised-8may2023,pdf:p94,installed prior to 1 July 2015 - These customers continue to pay the capital and non-capital charges; • Existing customers using SA Power Networks’ meters that were installed after 1 July 2015 - These customers will have incurred an upfront capital charge and will continue to pay the non-capital charge; • Existing customers using SA Power Networks’ meters at 30 June 2015 with meters subsequently replaced by 3rd party meters – These customers will continue to pay the capital charge
sapn:LBAD711:2023-07-01:metering:legacy-metering-service-charge-capital,meter_class,replaced_by_third_party_meter,sapn-2023-24-annual-pricing-proposal-revised-8may2023,pdf:p94,installed prior to 1 July 2015 - These customers continue to pay the capital and non-capital charges; • Existing customers using SA Power Networks’ meters that were installed after 1 July 2015 - These customers will have incurred an upfront capital charge and will continue to pay the non-capital charge; • Existing customers using SA Power Networks’ meters at 30 June 2015 with meters subsequently replaced by 3rd party meters – These customers will continue to pay the capital charge
sapn:LBAD711:2023-07-01:metering:legacy-metering-service-charge-non-capital,meter_class,network_meter_after_july_2015,sapn-2023-24-annual-pricing-proposal-revised-8may2023,pdf:p94,installed prior to 1 July 2015 - These customers continue to pay the capital and non-capital charges; • Existing customers using SA Power Networks’ meters that were installed after 1 July 2015 - These customers will have incurred an upfront capital charge and will continue to pay the non-capital charge
sapn:LBAD711:2023-07-01:metering:legacy-metering-service-charge-non-capital,meter_class,network_meter_before_july_2015,sapn-2023-24-annual-pricing-proposal-revised-8may2023,pdf:p94,installed prior to 1 July 2015 - These customers continue to pay the capital and non-capital charges; • Existing customers using SA Power Networks’ meters that were installed after 1 July 2015 - These customers will have incurred an upfront capital charge and will continue to pay the non-capital charge
sapn:LBAD711:2024-07-01:metering:legacy-metering-service-charge-capital,meter_class,network_meter_before_july_2015,sapn-2024-25-annual-pricing-proposal-19apr2024,pdf:p95,installed prior to 1 July 2015 - These customers continue to pay the capital and non-capital charges; • Existing customers using SA Power Networks’ meters that were installed after 1 July 2015 - These customers will have incurred an upfront capital charge and will continue to pay the non-capital charge; • Existing customers using SA Power Networks’ meters at 30 June 2015 with meters subsequently replaced by 3rd party meters – These customers will continue to pay the capital charge
sapn:LBAD711:2024-07-01:metering:legacy-metering-service-charge-capital,meter_class,replaced_by_third_party_meter,sapn-2024-25-annual-pricing-proposal-19apr2024,pdf:p95,installed prior to 1 July 2015 - These customers continue to pay the capital and non-capital charges; • Existing customers using SA Power Networks’ meters that were installed after 1 July 2015 - These customers will have incurred an upfront capital charge and will continue to pay the non-capital charge; • Existing customers using SA Power Networks’ meters at 30 June 2015 with meters subsequently replaced by 3rd party meters – These customers will continue to pay the capital charge
sapn:LBAD711:2024-07-01:metering:legacy-metering-service-charge-non-capital,meter_class,network_meter_after_july_2015,sapn-2024-25-annual-pricing-proposal-19apr2024,pdf:p95,installed prior to 1 July 2015 - These customers continue to pay the capital and non-capital charges; • Existing customers using SA Power Networks’ meters that were installed after 1 July 2015 - These customers will have incurred an upfront capital charge and will continue to pay the non-capital charge
sapn:LBAD711:2024-07-01:metering:legacy-metering-service-charge-non-capital,meter_class,network_meter_before_july_2015,sapn-2024-25-annual-pricing-proposal-19apr2024,pdf:p95,installed prior to 1 July 2015 - These customers continue to pay the capital and non-capital charges; • Existing customers using SA Power Networks’ meters that were installed after 1 July 2015 - These customers will have incurred an upfront capital charge and will continue to pay the non-capital charge
sapn:LBAD977:2023-07-01:metering:legacy-metering-service-charge-capital,meter_class,network_meter_before_july_2015,sapn-2023-24-annual-pricing-proposal-revised-8may2023,pdf:p94,installed prior to 1 July 2015 - These customers continue to pay the capital and non-capital charges; • Existing customers using SA Power Networks’ meters that were installed after 1 July 2015 - These customers will have incurred an upfront capital charge and will continue to pay the non-capital charge; • Existing customers using SA Power Networks’ meters at 30 June 2015 with meters subsequently replaced by 3rd party meters – These customers will continue to pay the capital charge
sapn:LBAD977:2023-07-01:metering:legacy-metering-service-charge-capital,meter_class,replaced_by_third_party_meter,sapn-2023-24-annual-pricing-proposal-revised-8may2023,pdf:p94,installed prior to 1 July 2015 - These customers continue to pay the capital and non-capital charges; • Existing customers using SA Power Networks’ meters that were installed after 1 July 2015 - These customers will have incurred an upfront capital charge and will continue to pay the non-capital charge; • Existing customers using SA Power Networks’ meters at 30 June 2015 with meters subsequently replaced by 3rd party meters – These customers will continue to pay the capital charge
sapn:LBAD977:2023-07-01:metering:legacy-metering-service-charge-non-capital,meter_class,network_meter_after_july_2015,sapn-2023-24-annual-pricing-proposal-revised-8may2023,pdf:p94,installed prior to 1 July 2015 - These customers continue to pay the capital and non-capital charges; • Existing customers using SA Power Networks’ meters that were installed after 1 July 2015 - These customers will have incurred an upfront capital charge and will continue to pay the non-capital charge
sapn:LBAD977:2023-07-01:metering:legacy-metering-service-charge-non-capital,meter_class,network_meter_before_july_2015,sapn-2023-24-annual-pricing-proposal-revised-8may2023,pdf:p94,installed prior to 1 July 2015 - These customers continue to pay the capital and non-capital charges; • Existing customers using SA Power Networks’ meters that were installed after 1 July 2015 - These customers will have incurred an upfront capital charge and will continue to pay the non-capital charge
sapn:LBAD977:2024-07-01:metering:legacy-metering-service-charge-capital,meter_class,network_meter_before_july_2015,sapn-2024-25-annual-pricing-proposal-19apr2024,pdf:p95,installed prior to 1 July 2015 - These customers continue to pay the capital and non-capital charges; • Existing customers using SA Power Networks’ meters that were installed after 1 July 2015 - These customers will have incurred an upfront capital charge and will continue to pay the non-capital charge; • Existing customers using SA Power Networks’ meters at 30 June 2015 with meters subsequently replaced by 3rd party meters – These customers will continue to pay the capital charge
sapn:LBAD977:2024-07-01:metering:legacy-metering-service-charge-capital,meter_class,replaced_by_third_party_meter,sapn-2024-25-annual-pricing-proposal-19apr2024,pdf:p95,installed prior to 1 July 2015 - These customers continue to pay the capital and non-capital charges; • Existing customers using SA Power Networks’ meters that were installed after 1 July 2015 - These customers will have incurred an upfront capital charge and will continue to pay the non-capital charge; • Existing customers using SA Power Networks’ meters at 30 June 2015 with meters subsequently replaced by 3rd party meters – These customers will continue to pay the capital charge
sapn:LBAD977:2024-07-01:metering:legacy-metering-service-charge-non-capital,meter_class,network_meter_after_july_2015,sapn-2024-25-annual-pricing-proposal-19apr2024,pdf:p95,installed prior to 1 July 2015 - These customers continue to pay the capital and non-capital charges; • Existing customers using SA Power Networks’ meters that were installed after 1 July 2015 - These customers will have incurred an upfront capital charge and will continue to pay the non-capital charge
sapn:LBAD977:2024-07-01:metering:legacy-metering-service-charge-non-capital,meter_class,network_meter_before_july_2015,sapn-2024-25-annual-pricing-proposal-19apr2024,pdf:p95,installed prior to 1 July 2015 - These customers continue to pay the capital and non-capital charges; • Existing customers using SA Power Networks’ meters that were installed after 1 July 2015 - These customers will have incurred an upfront capital charge and will continue to pay the non-capital charge
sapn:LBAD:2023-07-01:metering:legacy-metering-service-charge-capital,meter_class,network_meter_before_july_2015,sapn-2023-24-annual-pricing-proposal-revised-8may2023,pdf:p94,installed prior to 1 July 2015 - These customers continue to pay the capital and non-capital charges; • Existing customers using SA Power Networks’ meters that were installed after 1 July 2015 - These customers will have incurred an upfront capital charge and will continue to pay the non-capital charge; • Existing customers using SA Power Networks’ meters at 30 June 2015 with meters subsequently replaced by 3rd party meters – These customers will continue to pay the capital charge
sapn:LBAD:2023-07-01:metering:legacy-metering-service-charge-capital,meter_class,replaced_by_third_party_meter,sapn-2023-24-annual-pricing-proposal-revised-8may2023,pdf:p94,installed prior to 1 July 2015 - These customers continue to pay the capital and non-capital charges; • Existing customers using SA Power Networks’ meters that were installed after 1 July 2015 - These customers will have incurred an upfront capital charge and will continue to pay the non-capital charge; • Existing customers using SA Power Networks’ meters at 30 June 2015 with meters subsequently replaced by 3rd party meters – These customers will continue to pay the capital charge
sapn:LBAD:2023-07-01:metering:legacy-metering-service-charge-non-capital,meter_class,network_meter_after_july_2015,sapn-2023-24-annual-pricing-proposal-revised-8may2023,pdf:p94,installed prior to 1 July 2015 - These customers continue to pay the capital and non-capital charges; • Existing customers using SA Power Networks’ meters that were installed after 1 July 2015 - These customers will have incurred an upfront capital charge and will continue to pay the non-capital charge
sapn:LBAD:2023-07-01:metering:legacy-metering-service-charge-non-capital,meter_class,network_meter_before_july_2015,sapn-2023-24-annual-pricing-proposal-revised-8may2023,pdf:p94,installed prior to 1 July 2015 - These customers continue to pay the capital and non-capital charges; • Existing customers using SA Power Networks’ meters that were installed after 1 July 2015 - These customers will have incurred an upfront capital charge and will continue to pay the non-capital charge
sapn:LBAD:2024-07-01:metering:legacy-metering-service-charge-capital,meter_class,network_meter_before_july_2015,sapn-2024-25-annual-pricing-proposal-19apr2024,pdf:p95,installed prior to 1 July 2015 - These customers continue to pay the capital and non-capital charges; • Existing customers using SA Power Networks’ meters that were installed after 1 July 2015 - These customers will have incurred an upfront capital charge and will continue to pay the non-capital charge; • Existing customers using SA Power Networks’ meters at 30 June 2015 with meters subsequently replaced by 3rd party meters – These customers will continue to pay the capital charge
sapn:LBAD:2024-07-01:metering:legacy-metering-service-charge-capital,meter_class,replaced_by_third_party_meter,sapn-2024-25-annual-pricing-proposal-19apr2024,pdf:p95,installed prior to 1 July 2015 - These customers continue to pay the capital and non-capital charges; • Existing customers using SA Power Networks’ meters that were installed after 1 July 2015 - These customers will have incurred an upfront capital charge and will continue to pay the non-capital charge; • Existing customers using SA Power Networks’ meters at 30 June 2015 with meters subsequently replaced by 3rd party meters – These customers will continue to pay the capital charge
sapn:LBAD:2024-07-01:metering:legacy-metering-service-charge-non-capital,meter_class,network_meter_after_july_2015,sapn-2024-25-annual-pricing-proposal-19apr2024,pdf:p95,installed prior to 1 July 2015 - These customers continue to pay the capital and non-capital charges; • Existing customers using SA Power Networks’ meters that were installed after 1 July 2015 - These customers will have incurred an upfront capital charge and will continue to pay the non-capital charge
sapn:LBAD:2024-07-01:metering:legacy-metering-service-charge-non-capital,meter_class,network_meter_before_july_2015,sapn-2024-25-annual-pricing-proposal-19apr2024,pdf:p95,installed prior to 1 July 2015 - These customers continue to pay the capital and non-capital charges; • Existing customers using SA Power Networks’ meters that were installed after 1 July 2015 - These customers will have incurred an upfront capital charge and will continue to pay the non-capital charge
sapn:LBADCBD:2023-07-01:metering:legacy-metering-service-charge-capital,meter_class,network_meter_before_july_2015,sapn-2023-24-annual-pricing-proposal-revised-8may2023,pdf:p94,installed prior to 1 July 2015 - These customers continue to pay the capital and non-capital charges; • Existing customers using SA Power Networks’ meters that were installed after 1 July 2015 - These customers will have incurred an upfront capital charge and will continue to pay the non-capital charge; • Existing customers using SA Power Networks’ meters at 30 June 2015 with meters subsequently replaced by 3rd party meters – These customers will continue to pay the capital charge
sapn:LBADCBD:2023-07-01:metering:legacy-metering-service-charge-capital,meter_class,replaced_by_third_party_meter,sapn-2023-24-annual-pricing-proposal-revised-8may2023,pdf:p94,installed prior to 1 July 2015 - These customers continue to pay the capital and non-capital charges; • Existing customers using SA Power Networks’ meters that were installed after 1 July 2015 - These customers will have incurred an upfront capital charge and will continue to pay the non-capital charge; • Existing customers using SA Power Networks’ meters at 30 June 2015 with meters subsequently replaced by 3rd party meters – These customers will continue to pay the capital charge
sapn:LBADCBD:2023-07-01:metering:legacy-metering-service-charge-non-capital,meter_class,network_meter_after_july_2015,sapn-2023-24-annual-pricing-proposal-revised-8may2023,pdf:p94,installed prior to 1 July 2015 - These customers continue to pay the capital and non-capital charges; • Existing customers using SA Power Networks’ meters that were installed after 1 July 2015 - These customers will have incurred an upfront capital charge and will continue to pay the non-capital charge
sapn:LBADCBD:2023-07-01:metering:legacy-metering-service-charge-non-capital,meter_class,network_meter_before_july_2015,sapn-2023-24-annual-pricing-proposal-revised-8may2023,pdf:p94,installed prior to 1 July 2015 - These customers continue to pay the capital and non-capital charges; • Existing customers using SA Power Networks’ meters that were installed after 1 July 2015 - These customers will have incurred an upfront capital charge and will continue to pay the non-capital charge
sapn:LBADCBD:2024-07-01:metering:legacy-metering-service-charge-capital,meter_class,network_meter_before_july_2015,sapn-2024-25-annual-pricing-proposal-19apr2024,pdf:p95,installed prior to 1 July 2015 - These customers continue to pay the capital and non-capital charges; • Existing customers using SA Power Networks’ meters that were installed after 1 July 2015 - These customers will have incurred an upfront capital charge and will continue to pay the non-capital charge; • Existing customers using SA Power Networks’ meters at 30 June 2015 with meters subsequently replaced by 3rd party meters – These customers will continue to pay the capital charge
sapn:LBADCBD:2024-07-01:metering:legacy-metering-service-charge-capital,meter_class,replaced_by_third_party_meter,sapn-2024-25-annual-pricing-proposal-19apr2024,pdf:p95,installed prior to 1 July 2015 - These customers continue to pay the capital and non-capital charges; • Existing customers using SA Power Networks’ meters that were installed after 1 July 2015 - These customers will have incurred an upfront capital charge and will continue to pay the non-capital charge; • Existing customers using SA Power Networks’ meters at 30 June 2015 with meters subsequently replaced by 3rd party meters – These customers will continue to pay the capital charge
sapn:LBADCBD:2024-07-01:metering:legacy-metering-service-charge-non-capital,meter_class,network_meter_after_july_2015,sapn-2024-25-annual-pricing-proposal-19apr2024,pdf:p95,installed prior to 1 July 2015 - These customers continue to pay the capital and non-capital charges; • Existing customers using SA Power Networks’ meters that were installed after 1 July 2015 - These customers will have incurred an upfront capital charge and will continue to pay the non-capital charge
sapn:LBADCBD:2024-07-01:metering:legacy-metering-service-charge-non-capital,meter_class,network_meter_before_july_2015,sapn-2024-25-annual-pricing-proposal-19apr2024,pdf:p95,installed prior to 1 July 2015 - These customers continue to pay the capital and non-capital charges; • Existing customers using SA Power Networks’ meters that were installed after 1 July 2015 - These customers will have incurred an upfront capital charge and will continue to pay the non-capital charge
sapn:LBADF:2023-07-01:metering:legacy-metering-service-charge-capital,meter_class,network_meter_before_july_2015,sapn-2023-24-annual-pricing-proposal-revised-8may2023,pdf:p94,installed prior to 1 July 2015 - These customers continue to pay the capital and non-capital charges; • Existing customers using SA Power Networks’ meters that were installed after 1 July 2015 - These customers will have incurred an upfront capital charge and will continue to pay the non-capital charge; • Existing customers using SA Power Networks’ meters at 30 June 2015 with meters subsequently replaced by 3rd party meters – These customers will continue to pay the capital charge
sapn:LBADF:2023-07-01:metering:legacy-metering-service-charge-capital,meter_class,replaced_by_third_party_meter,sapn-2023-24-annual-pricing-proposal-revised-8may2023,pdf:p94,installed prior to 1 July 2015 - These customers continue to pay the capital and non-capital charges; • Existing customers using SA Power Networks’ meters that were installed after 1 July 2015 - These customers will have incurred an upfront capital charge and will continue to pay the non-capital charge; • Existing customers using SA Power Networks’ meters at 30 June 2015 with meters subsequently replaced by 3rd party meters – These customers will continue to pay the capital charge
sapn:LBADF:2023-07-01:metering:legacy-metering-service-charge-non-capital,meter_class,network_meter_after_july_2015,sapn-2023-24-annual-pricing-proposal-revised-8may2023,pdf:p94,installed prior to 1 July 2015 - These customers continue to pay the capital and non-capital charges; • Existing customers using SA Power Networks’ meters that were installed after 1 July 2015 - These customers will have incurred an upfront capital charge and will continue to pay the non-capital charge
sapn:LBADF:2023-07-01:metering:legacy-metering-service-charge-non-capital,meter_class,network_meter_before_july_2015,sapn-2023-24-annual-pricing-proposal-revised-8may2023,pdf:p94,installed prior to 1 July 2015 - These customers continue to pay the capital and non-capital charges; • Existing customers using SA Power Networks’ meters that were installed after 1 July 2015 - These customers will have incurred an upfront capital charge and will continue to pay the non-capital charge
sapn:LBADF:2024-07-01:metering:legacy-metering-service-charge-capital,meter_class,network_meter_before_july_2015,sapn-2024-25-annual-pricing-proposal-19apr2024,pdf:p95,installed prior to 1 July 2015 - These customers continue to pay the capital and non-capital charges; • Existing customers using SA Power Networks’ meters that were installed after 1 July 2015 - These customers will have incurred an upfront capital charge and will continue to pay the non-capital charge; • Existing customers using SA Power Networks’ meters at 30 June 2015 with meters subsequently replaced by 3rd party meters – These customers will continue to pay the capital charge
sapn:LBADF:2024-07-01:metering:legacy-metering-service-charge-capital,meter_class,replaced_by_third_party_meter,sapn-2024-25-annual-pricing-proposal-19apr2024,pdf:p95,installed prior to 1 July 2015 - These customers continue to pay the capital and non-capital charges; • Existing customers using SA Power Networks’ meters that were installed after 1 July 2015 - These customers will have incurred an upfront capital charge and will continue to pay the non-capital charge; • Existing customers using SA Power Networks’ meters at 30 June 2015 with meters subsequently replaced by 3rd party meters – These customers will continue to pay the capital charge
sapn:LBADF:2024-07-01:metering:legacy-metering-service-charge-non-capital,meter_class,network_meter_after_july_2015,sapn-2024-25-annual-pricing-proposal-19apr2024,pdf:p95,installed prior to 1 July 2015 - These customers continue to pay the capital and non-capital charges; • Existing customers using SA Power Networks’ meters that were installed after 1 July 2015 - These customers will have incurred an upfront capital charge and will continue to pay the non-capital charge
sapn:LBADF:2024-07-01:metering:legacy-metering-service-charge-non-capital,meter_class,network_meter_before_july_2015,sapn-2024-25-annual-pricing-proposal-19apr2024,pdf:p95,installed prior to 1 July 2015 - These customers continue to pay the capital and non-capital charges; • Existing customers using SA Power Networks’ meters that were installed after 1 July 2015 - These customers will have incurred an upfront capital charge and will continue to pay the non-capital charge
sapn:LBADFCBD:2023-07-01:metering:legacy-metering-service-charge-capital,meter_class,network_meter_before_july_2015,sapn-2023-24-annual-pricing-proposal-revised-8may2023,pdf:p94,installed prior to 1 July 2015 - These customers continue to pay the capital and non-capital charges; • Existing customers using SA Power Networks’ meters that were installed after 1 July 2015 - These customers will have incurred an upfront capital charge and will continue to pay the non-capital charge; • Existing customers using SA Power Networks’ meters at 30 June 2015 with meters subsequently replaced by 3rd party meters – These customers will continue to pay the capital charge
sapn:LBADFCBD:2023-07-01:metering:legacy-metering-service-charge-capital,meter_class,replaced_by_third_party_meter,sapn-2023-24-annual-pricing-proposal-revised-8may2023,pdf:p94,installed prior to 1 July 2015 - These customers continue to pay the capital and non-capital charges; • Existing customers using SA Power Networks’ meters that were installed after 1 July 2015 - These customers will have incurred an upfront capital charge and will continue to pay the non-capital charge; • Existing customers using SA Power Networks’ meters at 30 June 2015 with meters subsequently replaced by 3rd party meters – These customers will continue to pay the capital charge
sapn:LBADFCBD:2023-07-01:metering:legacy-metering-service-charge-non-capital,meter_class,network_meter_after_july_2015,sapn-2023-24-annual-pricing-proposal-revised-8may2023,pdf:p94,installed prior to 1 July 2015 - These customers continue to pay the capital and non-capital charges; • Existing customers using SA Power Networks’ meters that were installed after 1 July 2015 - These customers will have incurred an upfront capital charge and will continue to pay the non-capital charge
sapn:LBADFCBD:2023-07-01:metering:legacy-metering-service-charge-non-capital,meter_class,network_meter_before_july_2015,sapn-2023-24-annual-pricing-proposal-revised-8may2023,pdf:p94,installed prior to 1 July 2015 - These customers continue to pay the capital and non-capital charges; • Existing customers using SA Power Networks’ meters that were installed after 1 July 2015 - These customers will have incurred an upfront capital charge and will continue to pay the non-capital charge
sapn:LBADFCBD:2024-07-01:metering:legacy-metering-service-charge-capital,meter_class,network_meter_before_july_2015,sapn-2024-25-annual-pricing-proposal-19apr2024,pdf:p95,installed prior to 1 July 2015 - These customers continue to pay the capital and non-capital charges; • Existing customers using SA Power Networks’ meters that were installed after 1 July 2015 - These customers will have incurred an upfront capital charge and will continue to pay the non-capital charge; • Existing customers using SA Power Networks’ meters at 30 June 2015 with meters subsequently replaced by 3rd party meters – These customers will continue to pay the capital charge
sapn:LBADFCBD:2024-07-01:metering:legacy-metering-service-charge-capital,meter_class,replaced_by_third_party_meter,sapn-2024-25-annual-pricing-proposal-19apr2024,pdf:p95,installed prior to 1 July 2015 - These customers continue to pay the capital and non-capital charges; • Existing customers using SA Power Networks’ meters that were installed after 1 July 2015 - These customers will have incurred an upfront capital charge and will continue to pay the non-capital charge; • Existing customers using SA Power Networks’ meters at 30 June 2015 with meters subsequently replaced by 3rd party meters – These customers will continue to pay the capital charge
sapn:LBADFCBD:2024-07-01:metering:legacy-metering-service-charge-non-capital,meter_class,network_meter_after_july_2015,sapn-2024-25-annual-pricing-proposal-19apr2024,pdf:p95,installed prior to 1 July 2015 - These customers continue to pay the capital and non-capital charges; • Existing customers using SA Power Networks’ meters that were installed after 1 July 2015 - These customers will have incurred an upfront capital charge and will continue to pay the non-capital charge
sapn:LBADFCBD:2024-07-01:metering:legacy-metering-service-charge-non-capital,meter_class,network_meter_before_july_2015,sapn-2024-25-annual-pricing-proposal-19apr2024,pdf:p95,installed prior to 1 July 2015 - These customers continue to pay the capital and non-capital charges; • Existing customers using SA Power Networks’ meters that were installed after 1 July 2015 - These customers will have incurred an upfront capital charge and will continue to pay the non-capital charge
sapn:LBG:2023-07-01:metering:legacy-metering-service-charge-capital,meter_class,network_meter_before_july_2015,sapn-2023-24-annual-pricing-proposal-revised-8may2023,pdf:p94,installed prior to 1 July 2015 - These customers continue to pay the capital and non-capital charges; • Existing customers using SA Power Networks’ meters that were installed after 1 July 2015 - These customers will have incurred an upfront capital charge and will continue to pay the non-capital charge; • Existing customers using SA Power Networks’ meters at 30 June 2015 with meters subsequently replaced by 3rd party meters – These customers will continue to pay the capital charge
sapn:LBG:2023-07-01:metering:legacy-metering-service-charge-capital,meter_class,replaced_by_third_party_meter,sapn-2023-24-annual-pricing-proposal-revised-8may2023,pdf:p94,installed prior to 1 July 2015 - These customers continue to pay the capital and non-capital charges; • Existing customers using SA Power Networks’ meters that were installed after 1 July 2015 - These customers will have incurred an upfront capital charge and will continue to pay the non-capital charge; • Existing customers using SA Power Networks’ meters at 30 June 2015 with meters subsequently replaced by 3rd party meters – These customers will continue to pay the capital charge
sapn:LBG:2023-07-01:metering:legacy-metering-service-charge-non-capital,meter_class,network_meter_after_july_2015,sapn-2023-24-annual-pricing-proposal-revised-8may2023,pdf:p94,installed prior to 1 July 2015 - These customers continue to pay the capital and non-capital charges; • Existing customers using SA Power Networks’ meters that were installed after 1 July 2015 - These customers will have incurred an upfront capital charge and will continue to pay the non-capital charge
sapn:LBG:2023-07-01:metering:legacy-metering-service-charge-non-capital,meter_class,network_meter_before_july_2015,sapn-2023-24-annual-pricing-proposal-revised-8may2023,pdf:p94,installed prior to 1 July 2015 - These customers continue to pay the capital and non-capital charges; • Existing customers using SA Power Networks’ meters that were installed after 1 July 2015 - These customers will have incurred an upfront capital charge and will continue to pay the non-capital charge
sapn:LBG:2024-07-01:metering:legacy-metering-service-charge-capital,meter_class,network_meter_before_july_2015,sapn-2024-25-annual-pricing-proposal-19apr2024,pdf:p95,installed prior to 1 July 2015 - These customers continue to pay the capital and non-capital charges; • Existing customers using SA Power Networks’ meters that were installed after 1 July 2015 - These customers will have incurred an upfront capital charge and will continue to pay the non-capital charge; • Existing customers using SA Power Networks’ meters at 30 June 2015 with meters subsequently replaced by 3rd party meters – These customers will continue to pay the capital charge
sapn:LBG:2024-07-01:metering:legacy-metering-service-charge-capital,meter_class,replaced_by_third_party_meter,sapn-2024-25-annual-pricing-proposal-19apr2024,pdf:p95,installed prior to 1 July 2015 - These customers continue to pay the capital and non-capital charges; • Existing customers using SA Power Networks’ meters that were installed after 1 July 2015 - These customers will have incurred an upfront capital charge and will continue to pay the non-capital charge; • Existing customers using SA Power Networks’ meters at 30 June 2015 with meters subsequently replaced by 3rd party meters – These customers will continue to pay the capital charge
sapn:LBG:2024-07-01:metering:legacy-metering-service-charge-non-capital,meter_class,network_meter_after_july_2015,sapn-2024-25-annual-pricing-proposal-19apr2024,pdf:p95,installed prior to 1 July 2015 - These customers continue to pay the capital and non-capital charges; • Existing customers using SA Power Networks’ meters that were installed after 1 July 2015 - These customers will have incurred an upfront capital charge and will continue to pay the non-capital charge
sapn:LBG:2024-07-01:metering:legacy-metering-service-charge-non-capital,meter_class,network_meter_before_july_2015,sapn-2024-25-annual-pricing-proposal-19apr2024,pdf:p95,installed prior to 1 July 2015 - These customers continue to pay the capital and non-capital charges; • Existing customers using SA Power Networks’ meters that were installed after 1 July 2015 - These customers will have incurred an upfront capital charge and will continue to pay the non-capital charge
sapn:LBGCBD:2023-07-01:metering:legacy-metering-service-charge-capital,meter_class,network_meter_before_july_2015,sapn-2023-24-annual-pricing-proposal-revised-8may2023,pdf:p94,installed prior to 1 July 2015 - These customers continue to pay the capital and non-capital charges; • Existing customers using SA Power Networks’ meters that were installed after 1 July 2015 - These customers will have incurred an upfront capital charge and will continue to pay the non-capital charge; • Existing customers using SA Power Networks’ meters at 30 June 2015 with meters subsequently replaced by 3rd party meters – These customers will continue to pay the capital charge
sapn:LBGCBD:2023-07-01:metering:legacy-metering-service-charge-capital,meter_class,replaced_by_third_party_meter,sapn-2023-24-annual-pricing-proposal-revised-8may2023,pdf:p94,installed prior to 1 July 2015 - These customers continue to pay the capital and non-capital charges; • Existing customers using SA Power Networks’ meters that were installed after 1 July 2015 - These customers will have incurred an upfront capital charge and will continue to pay the non-capital charge; • Existing customers using SA Power Networks’ meters at 30 June 2015 with meters subsequently replaced by 3rd party meters – These customers will continue to pay the capital charge
sapn:LBGCBD:2023-07-01:metering:legacy-metering-service-charge-non-capital,meter_class,network_meter_after_july_2015,sapn-2023-24-annual-pricing-proposal-revised-8may2023,pdf:p94,installed prior to 1 July 2015 - These customers continue to pay the capital and non-capital charges; • Existing customers using SA Power Networks’ meters that were installed after 1 July 2015 - These customers will have incurred an upfront capital charge and will continue to pay the non-capital charge
sapn:LBGCBD:2023-07-01:metering:legacy-metering-service-charge-non-capital,meter_class,network_meter_before_july_2015,sapn-2023-24-annual-pricing-proposal-revised-8may2023,pdf:p94,installed prior to 1 July 2015 - These customers continue to pay the capital and non-capital charges; • Existing customers using SA Power Networks’ meters that were installed after 1 July 2015 - These customers will have incurred an upfront capital charge and will continue to pay the non-capital charge
sapn:LBGCBD:2024-07-01:metering:legacy-metering-service-charge-capital,meter_class,network_meter_before_july_2015,sapn-2024-25-annual-pricing-proposal-19apr2024,pdf:p95,installed prior to 1 July 2015 - These customers continue to pay the capital and non-capital charges; • Existing customers using SA Power Networks’ meters that were installed after 1 July 2015 - These customers will have incurred an upfront capital charge and will continue to pay the non-capital charge; • Existing customers using SA Power Networks’ meters at 30 June 2015 with meters subsequently replaced by 3rd party meters – These customers will continue to pay the capital charge
sapn:LBGCBD:2024-07-01:metering:legacy-metering-service-charge-capital,meter_class,replaced_by_third_party_meter,sapn-2024-25-annual-pricing-proposal-19apr2024,pdf:p95,installed prior to 1 July 2015 - These customers continue to pay the capital and non-capital charges; • Existing customers using SA Power Networks’ meters that were installed after 1 July 2015 - These customers will have incurred an upfront capital charge and will continue to pay the non-capital charge; • Existing customers using SA Power Networks’ meters at 30 June 2015 with meters subsequently replaced by 3rd party meters – These customers will continue to pay the capital charge
sapn:LBGCBD:2024-07-01:metering:legacy-metering-service-charge-non-capital,meter_class,network_meter_after_july_2015,sapn-2024-25-annual-pricing-proposal-19apr2024,pdf:p95,installed prior to 1 July 2015 - These customers continue to pay the capital and non-capital charges; • Existing customers using SA Power Networks’ meters that were installed after 1 July 2015 - These customers will have incurred an upfront capital charge and will continue to pay the non-capital charge
sapn:LBGCBD:2024-07-01:metering:legacy-metering-service-charge-non-capital,meter_class,network_meter_before_july_2015,sapn-2024-25-annual-pricing-proposal-19apr2024,pdf:p95,installed prior to 1 July 2015 - These customers continue to pay the capital and non-capital charges; • Existing customers using SA Power Networks’ meters that were installed after 1 July 2015 - These customers will have incurred an upfront capital charge and will continue to pay the non-capital charge
sapn:LBGF:2023-07-01:metering:legacy-metering-service-charge-capital,meter_class,network_meter_before_july_2015,sapn-2023-24-annual-pricing-proposal-revised-8may2023,pdf:p94,installed prior to 1 July 2015 - These customers continue to pay the capital and non-capital charges; • Existing customers using SA Power Networks’ meters that were installed after 1 July 2015 - These customers will have incurred an upfront capital charge and will continue to pay the non-capital charge; • Existing customers using SA Power Networks’ meters at 30 June 2015 with meters subsequently replaced by 3rd party meters – These customers will continue to pay the capital charge
sapn:LBGF:2023-07-01:metering:legacy-metering-service-charge-capital,meter_class,replaced_by_third_party_meter,sapn-2023-24-annual-pricing-proposal-revised-8may2023,pdf:p94,installed prior to 1 July 2015 - These customers continue to pay the capital and non-capital charges; • Existing customers using SA Power Networks’ meters that were installed after 1 July 2015 - These customers will have incurred an upfront capital charge and will continue to pay the non-capital charge; • Existing customers using SA Power Networks’ meters at 30 June 2015 with meters subsequently replaced by 3rd party meters – These customers will continue to pay the capital charge
sapn:LBGF:2023-07-01:metering:legacy-metering-service-charge-non-capital,meter_class,network_meter_after_july_2015,sapn-2023-24-annual-pricing-proposal-revised-8may2023,pdf:p94,installed prior to 1 July 2015 - These customers continue to pay the capital and non-capital charges; • Existing customers using SA Power Networks’ meters that were installed after 1 July 2015 - These customers will have incurred an upfront capital charge and will continue to pay the non-capital charge
sapn:LBGF:2023-07-01:metering:legacy-metering-service-charge-non-capital,meter_class,network_meter_before_july_2015,sapn-2023-24-annual-pricing-proposal-revised-8may2023,pdf:p94,installed prior to 1 July 2015 - These customers continue to pay the capital and non-capital charges; • Existing customers using SA Power Networks’ meters that were installed after 1 July 2015 - These customers will have incurred an upfront capital charge and will continue to pay the non-capital charge
sapn:LBGF:2024-07-01:metering:legacy-metering-service-charge-capital,meter_class,network_meter_before_july_2015,sapn-2024-25-annual-pricing-proposal-19apr2024,pdf:p95,installed prior to 1 July 2015 - These customers continue to pay the capital and non-capital charges; • Existing customers using SA Power Networks’ meters that were installed after 1 July 2015 - These customers will have incurred an upfront capital charge and will continue to pay the non-capital charge; • Existing customers using SA Power Networks’ meters at 30 June 2015 with meters subsequently replaced by 3rd party meters – These customers will continue to pay the capital charge
sapn:LBGF:2024-07-01:metering:legacy-metering-service-charge-capital,meter_class,replaced_by_third_party_meter,sapn-2024-25-annual-pricing-proposal-19apr2024,pdf:p95,installed prior to 1 July 2015 - These customers continue to pay the capital and non-capital charges; • Existing customers using SA Power Networks’ meters that were installed after 1 July 2015 - These customers will have incurred an upfront capital charge and will continue to pay the non-capital charge; • Existing customers using SA Power Networks’ meters at 30 June 2015 with meters subsequently replaced by 3rd party meters – These customers will continue to pay the capital charge
sapn:LBGF:2024-07-01:metering:legacy-metering-service-charge-non-capital,meter_class,network_meter_after_july_2015,sapn-2024-25-annual-pricing-proposal-19apr2024,pdf:p95,installed prior to 1 July 2015 - These customers continue to pay the capital and non-capital charges; • Existing customers using SA Power Networks’ meters that were installed after 1 July 2015 - These customers will have incurred an upfront capital charge and will continue to pay the non-capital charge
sapn:LBGF:2024-07-01:metering:legacy-metering-service-charge-non-capital,meter_class,network_meter_before_july_2015,sapn-2024-25-annual-pricing-proposal-19apr2024,pdf:p95,installed prior to 1 July 2015 - These customers continue to pay the capital and non-capital charges; • Existing customers using SA Power Networks’ meters that were installed after 1 July 2015 - These customers will have incurred an upfront capital charge and will continue to pay the non-capital charge
sapn:LBGFCBD:2023-07-01:metering:legacy-metering-service-charge-capital,meter_class,network_meter_before_july_2015,sapn-2023-24-annual-pricing-proposal-revised-8may2023,pdf:p94,installed prior to 1 July 2015 - These customers continue to pay the capital and non-capital charges; • Existing customers using SA Power Networks’ meters that were installed after 1 July 2015 - These customers will have incurred an upfront capital charge and will continue to pay the non-capital charge; • Existing customers using SA Power Networks’ meters at 30 June 2015 with meters subsequently replaced by 3rd party meters – These customers will continue to pay the capital charge
sapn:LBGFCBD:2023-07-01:metering:legacy-metering-service-charge-capital,meter_class,replaced_by_third_party_meter,sapn-2023-24-annual-pricing-proposal-revised-8may2023,pdf:p94,installed prior to 1 July 2015 - These customers continue to pay the capital and non-capital charges; • Existing customers using SA Power Networks’ meters that were installed after 1 July 2015 - These customers will have incurred an upfront capital charge and will continue to pay the non-capital charge; • Existing customers using SA Power Networks’ meters at 30 June 2015 with meters subsequently replaced by 3rd party meters – These customers will continue to pay the capital charge
sapn:LBGFCBD:2023-07-01:metering:legacy-metering-service-charge-non-capital,meter_class,network_meter_after_july_2015,sapn-2023-24-annual-pricing-proposal-revised-8may2023,pdf:p94,installed prior to 1 July 2015 - These customers continue to pay the capital and non-capital charges; • Existing customers using SA Power Networks’ meters that were installed after 1 July 2015 - These customers will have incurred an upfront capital charge and will continue to pay the non-capital charge
sapn:LBGFCBD:2023-07-01:metering:legacy-metering-service-charge-non-capital,meter_class,network_meter_before_july_2015,sapn-2023-24-annual-pricing-proposal-revised-8may2023,pdf:p94,installed prior to 1 July 2015 - These customers continue to pay the capital and non-capital charges; • Existing customers using SA Power Networks’ meters that were installed after 1 July 2015 - These customers will have incurred an upfront capital charge and will continue to pay the non-capital charge
sapn:LBGFCBD:2024-07-01:metering:legacy-metering-service-charge-capital,meter_class,network_meter_before_july_2015,sapn-2024-25-annual-pricing-proposal-19apr2024,pdf:p95,installed prior to 1 July 2015 - These customers continue to pay the capital and non-capital charges; • Existing customers using SA Power Networks’ meters that were installed after 1 July 2015 - These customers will have incurred an upfront capital charge and will continue to pay the non-capital charge; • Existing customers using SA Power Networks’ meters at 30 June 2015 with meters subsequently replaced by 3rd party meters – These customers will continue to pay the capital charge
sapn:LBGFCBD:2024-07-01:metering:legacy-metering-service-charge-capital,meter_class,replaced_by_third_party_meter,sapn-2024-25-annual-pricing-proposal-19apr2024,pdf:p95,installed prior to 1 July 2015 - These customers continue to pay the capital and non-capital charges; • Existing customers using SA Power Networks’ meters that were installed after 1 July 2015 - These customers will have incurred an upfront capital charge and will continue to pay the non-capital charge; • Existing customers using SA Power Networks’ meters at 30 June 2015 with meters subsequently replaced by 3rd party meters – These customers will continue to pay the capital charge
sapn:LBGFCBD:2024-07-01:metering:legacy-metering-service-charge-non-capital,meter_class,network_meter_after_july_2015,sapn-2024-25-annual-pricing-proposal-19apr2024,pdf:p95,installed prior to 1 July 2015 - These customers continue to pay the capital and non-capital charges; • Existing customers using SA Power Networks’ meters that were installed after 1 July 2015 - These customers will have incurred an upfront capital charge and will continue to pay the non-capital charge
sapn:LBGFCBD:2024-07-01:metering:legacy-metering-service-charge-non-capital,meter_class,network_meter_before_july_2015,sapn-2024-25-annual-pricing-proposal-19apr2024,pdf:p95,installed prior to 1 July 2015 - These customers continue to pay the capital and non-capital charges; • Existing customers using SA Power Networks’ meters that were installed after 1 July 2015 - These customers will have incurred an upfront capital charge and will continue to pay the non-capital charge
sapn:LBMD979:2023-07-01:metering:legacy-metering-service-charge-capital,meter_class,network_meter_before_july_2015,sapn-2023-24-annual-pricing-proposal-revised-8may2023,pdf:p94,installed prior to 1 July 2015 - These customers continue to pay the capital and non-capital charges; • Existing customers using SA Power Networks’ meters that were installed after 1 July 2015 - These customers will have incurred an upfront capital charge and will continue to pay the non-capital charge; • Existing customers using SA Power Networks’ meters at 30 June 2015 with meters subsequently replaced by 3rd party meters – These customers will continue to pay the capital charge
sapn:LBMD979:2023-07-01:metering:legacy-metering-service-charge-capital,meter_class,replaced_by_third_party_meter,sapn-2023-24-annual-pricing-proposal-revised-8may2023,pdf:p94,installed prior to 1 July 2015 - These customers continue to pay the capital and non-capital charges; • Existing customers using SA Power Networks’ meters that were installed after 1 July 2015 - These customers will have incurred an upfront capital charge and will continue to pay the non-capital charge; • Existing customers using SA Power Networks’ meters at 30 June 2015 with meters subsequently replaced by 3rd party meters – These customers will continue to pay the capital charge
sapn:LBMD979:2023-07-01:metering:legacy-metering-service-charge-non-capital,meter_class,network_meter_after_july_2015,sapn-2023-24-annual-pricing-proposal-revised-8may2023,pdf:p94,installed prior to 1 July 2015 - These customers continue to pay the capital and non-capital charges; • Existing customers using SA Power Networks’ meters that were installed after 1 July 2015 - These customers will have incurred an upfront capital charge and will continue to pay the non-capital charge
sapn:LBMD979:2023-07-01:metering:legacy-metering-service-charge-non-capital,meter_class,network_meter_before_july_2015,sapn-2023-24-annual-pricing-proposal-revised-8may2023,pdf:p94,installed prior to 1 July 2015 - These customers continue to pay the capital and non-capital charges; • Existing customers using SA Power Networks’ meters that were installed after 1 July 2015 - These customers will have incurred an upfront capital charge and will continue to pay the non-capital charge
sapn:LBMD979:2024-07-01:metering:legacy-metering-service-charge-capital,meter_class,network_meter_before_july_2015,sapn-2024-25-annual-pricing-proposal-19apr2024,pdf:p95,installed prior to 1 July 2015 - These customers continue to pay the capital and non-capital charges; • Existing customers using SA Power Networks’ meters that were installed after 1 July 2015 - These customers will have incurred an upfront capital charge and will continue to pay the non-capital charge; • Existing customers using SA Power Networks’ meters at 30 June 2015 with meters subsequently replaced by 3rd party meters – These customers will continue to pay the capital charge
sapn:LBMD979:2024-07-01:metering:legacy-metering-service-charge-capital,meter_class,replaced_by_third_party_meter,sapn-2024-25-annual-pricing-proposal-19apr2024,pdf:p95,installed prior to 1 July 2015 - These customers continue to pay the capital and non-capital charges; • Existing customers using SA Power Networks’ meters that were installed after 1 July 2015 - These customers will have incurred an upfront capital charge and will continue to pay the non-capital charge; • Existing customers using SA Power Networks’ meters at 30 June 2015 with meters subsequently replaced by 3rd party meters – These customers will continue to pay the capital charge
sapn:LBMD979:2024-07-01:metering:legacy-metering-service-charge-non-capital,meter_class,network_meter_after_july_2015,sapn-2024-25-annual-pricing-proposal-19apr2024,pdf:p95,installed prior to 1 July 2015 - These customers continue to pay the capital and non-capital charges; • Existing customers using SA Power Networks’ meters that were installed after 1 July 2015 - These customers will have incurred an upfront capital charge and will continue to pay the non-capital charge
sapn:LBMD979:2024-07-01:metering:legacy-metering-service-charge-non-capital,meter_class,network_meter_before_july_2015,sapn-2024-25-annual-pricing-proposal-19apr2024,pdf:p95,installed prior to 1 July 2015 - These customers continue to pay the capital and non-capital charges; • Existing customers using SA Power Networks’ meters that were installed after 1 July 2015 - These customers will have incurred an upfront capital charge and will continue to pay the non-capital charge
sapn:LBMD:2023-07-01:metering:legacy-metering-service-charge-capital,meter_class,network_meter_before_july_2015,sapn-2023-24-annual-pricing-proposal-revised-8may2023,pdf:p94,installed prior to 1 July 2015 - These customers continue to pay the capital and non-capital charges; • Existing customers using SA Power Networks’ meters that were installed after 1 July 2015 - These customers will have incurred an upfront capital charge and will continue to pay the non-capital charge; • Existing customers using SA Power Networks’ meters at 30 June 2015 with meters subsequently replaced by 3rd party meters – These customers will continue to pay the capital charge
sapn:LBMD:2023-07-01:metering:legacy-metering-service-charge-capital,meter_class,replaced_by_third_party_meter,sapn-2023-24-annual-pricing-proposal-revised-8may2023,pdf:p94,installed prior to 1 July 2015 - These customers continue to pay the capital and non-capital charges; • Existing customers using SA Power Networks’ meters that were installed after 1 July 2015 - These customers will have incurred an upfront capital charge and will continue to pay the non-capital charge; • Existing customers using SA Power Networks’ meters at 30 June 2015 with meters subsequently replaced by 3rd party meters – These customers will continue to pay the capital charge
sapn:LBMD:2023-07-01:metering:legacy-metering-service-charge-non-capital,meter_class,network_meter_after_july_2015,sapn-2023-24-annual-pricing-proposal-revised-8may2023,pdf:p94,installed prior to 1 July 2015 - These customers continue to pay the capital and non-capital charges; • Existing customers using SA Power Networks’ meters that were installed after 1 July 2015 - These customers will have incurred an upfront capital charge and will continue to pay the non-capital charge
sapn:LBMD:2023-07-01:metering:legacy-metering-service-charge-non-capital,meter_class,network_meter_before_july_2015,sapn-2023-24-annual-pricing-proposal-revised-8may2023,pdf:p94,installed prior to 1 July 2015 - These customers continue to pay the capital and non-capital charges; • Existing customers using SA Power Networks’ meters that were installed after 1 July 2015 - These customers will have incurred an upfront capital charge and will continue to pay the non-capital charge
sapn:LBMD:2024-07-01:metering:legacy-metering-service-charge-capital,meter_class,network_meter_before_july_2015,sapn-2024-25-annual-pricing-proposal-19apr2024,pdf:p95,installed prior to 1 July 2015 - These customers continue to pay the capital and non-capital charges; • Existing customers using SA Power Networks’ meters that were installed after 1 July 2015 - These customers will have incurred an upfront capital charge and will continue to pay the non-capital charge; • Existing customers using SA Power Networks’ meters at 30 June 2015 with meters subsequently replaced by 3rd party meters – These customers will continue to pay the capital charge
sapn:LBMD:2024-07-01:metering:legacy-metering-service-charge-capital,meter_class,replaced_by_third_party_meter,sapn-2024-25-annual-pricing-proposal-19apr2024,pdf:p95,installed prior to 1 July 2015 - These customers continue to pay the capital and non-capital charges; • Existing customers using SA Power Networks’ meters that were installed after 1 July 2015 - These customers will have incurred an upfront capital charge and will continue to pay the non-capital charge; • Existing customers using SA Power Networks’ meters at 30 June 2015 with meters subsequently replaced by 3rd party meters – These customers will continue to pay the capital charge
sapn:LBMD:2024-07-01:metering:legacy-metering-service-charge-non-capital,meter_class,network_meter_after_july_2015,sapn-2024-25-annual-pricing-proposal-19apr2024,pdf:p95,installed prior to 1 July 2015 - These customers continue to pay the capital and non-capital charges; • Existing customers using SA Power Networks’ meters that were installed after 1 July 2015 - These customers will have incurred an upfront capital charge and will continue to pay the non-capital charge
sapn:LBMD:2024-07-01:metering:legacy-metering-service-charge-non-capital,meter_class,network_meter_before_july_2015,sapn-2024-25-annual-pricing-proposal-19apr2024,pdf:p95,installed prior to 1 July 2015 - These customers continue to pay the capital and non-capital charges; • Existing customers using SA Power Networks’ meters that were installed after 1 July 2015 - These customers will have incurred an upfront capital charge and will continue to pay the non-capital charge
sapn:LBMDCBD:2023-07-01:metering:legacy-metering-service-charge-capital,meter_class,network_meter_before_july_2015,sapn-2023-24-annual-pricing-proposal-revised-8may2023,pdf:p94,installed prior to 1 July 2015 - These customers continue to pay the capital and non-capital charges; • Existing customers using SA Power Networks’ meters that were installed after 1 July 2015 - These customers will have incurred an upfront capital charge and will continue to pay the non-capital charge; • Existing customers using SA Power Networks’ meters at 30 June 2015 with meters subsequently replaced by 3rd party meters – These customers will continue to pay the capital charge
sapn:LBMDCBD:2023-07-01:metering:legacy-metering-service-charge-capital,meter_class,replaced_by_third_party_meter,sapn-2023-24-annual-pricing-proposal-revised-8may2023,pdf:p94,installed prior to 1 July 2015 - These customers continue to pay the capital and non-capital charges; • Existing customers using SA Power Networks’ meters that were installed after 1 July 2015 - These customers will have incurred an upfront capital charge and will continue to pay the non-capital charge; • Existing customers using SA Power Networks’ meters at 30 June 2015 with meters subsequently replaced by 3rd party meters – These customers will continue to pay the capital charge
sapn:LBMDCBD:2023-07-01:metering:legacy-metering-service-charge-non-capital,meter_class,network_meter_after_july_2015,sapn-2023-24-annual-pricing-proposal-revised-8may2023,pdf:p94,installed prior to 1 July 2015 - These customers continue to pay the capital and non-capital charges; • Existing customers using SA Power Networks’ meters that were installed after 1 July 2015 - These customers will have incurred an upfront capital charge and will continue to pay the non-capital charge
sapn:LBMDCBD:2023-07-01:metering:legacy-metering-service-charge-non-capital,meter_class,network_meter_before_july_2015,sapn-2023-24-annual-pricing-proposal-revised-8may2023,pdf:p94,installed prior to 1 July 2015 - These customers continue to pay the capital and non-capital charges; • Existing customers using SA Power Networks’ meters that were installed after 1 July 2015 - These customers will have incurred an upfront capital charge and will continue to pay the non-capital charge
sapn:LBMDCBD:2024-07-01:metering:legacy-metering-service-charge-capital,meter_class,network_meter_before_july_2015,sapn-2024-25-annual-pricing-proposal-19apr2024,pdf:p95,installed prior to 1 July 2015 - These customers continue to pay the capital and non-capital charges; • Existing customers using SA Power Networks’ meters that were installed after 1 July 2015 - These customers will have incurred an upfront capital charge and will continue to pay the non-capital charge; • Existing customers using SA Power Networks’ meters at 30 June 2015 with meters subsequently replaced by 3rd party meters – These customers will continue to pay the capital charge
sapn:LBMDCBD:2024-07-01:metering:legacy-metering-service-charge-capital,meter_class,replaced_by_third_party_meter,sapn-2024-25-annual-pricing-proposal-19apr2024,pdf:p95,installed prior to 1 July 2015 - These customers continue to pay the capital and non-capital charges; • Existing customers using SA Power Networks’ meters that were installed after 1 July 2015 - These customers will have incurred an upfront capital charge and will continue to pay the non-capital charge; • Existing customers using SA Power Networks’ meters at 30 June 2015 with meters subsequently replaced by 3rd party meters – These customers will continue to pay the capital charge
sapn:LBMDCBD:2024-07-01:metering:legacy-metering-service-charge-non-capital,meter_class,network_meter_after_july_2015,sapn-2024-25-annual-pricing-proposal-19apr2024,pdf:p95,installed prior to 1 July 2015 - These customers continue to pay the capital and non-capital charges; • Existing customers using SA Power Networks’ meters that were installed after 1 July 2015 - These customers will have incurred an upfront capital charge and will continue to pay the non-capital charge
sapn:LBMDCBD:2024-07-01:metering:legacy-metering-service-charge-non-capital,meter_class,network_meter_before_july_2015,sapn-2024-25-annual-pricing-proposal-19apr2024,pdf:p95,installed prior to 1 July 2015 - These customers continue to pay the capital and non-capital charges; • Existing customers using SA Power Networks’ meters that were installed after 1 July 2015 - These customers will have incurred an upfront capital charge and will continue to pay the non-capital charge
sapn:LVUU24:2023-07-01:metering:legacy-metering-service-charge-capital,meter_class,network_meter_before_july_2015,sapn-2023-24-annual-pricing-proposal-revised-8may2023,pdf:p94,installed prior to 1 July 2015 - These customers continue to pay the capital and non-capital charges; • Existing customers using SA Power Networks’ meters that were installed after 1 July 2015 - These customers will have incurred an upfront capital charge and will continue to pay the non-capital charge; • Existing customers using SA Power Networks’ meters at 30 June 2015 with meters subsequently replaced by 3rd party meters – These customers will continue to pay the capital charge
sapn:LVUU24:2023-07-01:metering:legacy-metering-service-charge-capital,meter_class,replaced_by_third_party_meter,sapn-2023-24-annual-pricing-proposal-revised-8may2023,pdf:p94,installed prior to 1 July 2015 - These customers continue to pay the capital and non-capital charges; • Existing customers using SA Power Networks’ meters that were installed after 1 July 2015 - These customers will have incurred an upfront capital charge and will continue to pay the non-capital charge; • Existing customers using SA Power Networks’ meters at 30 June 2015 with meters subsequently replaced by 3rd party meters – These customers will continue to pay the capital charge
sapn:LVUU24:2023-07-01:metering:legacy-metering-service-charge-non-capital,meter_class,network_meter_after_july_2015,sapn-2023-24-annual-pricing-proposal-revised-8may2023,pdf:p94,installed prior to 1 July 2015 - These customers continue to pay the capital and non-capital charges; • Existing customers using SA Power Networks’ meters that were installed after 1 July 2015 - These customers will have incurred an upfront capital charge and will continue to pay the non-capital charge
sapn:LVUU24:2023-07-01:metering:legacy-metering-service-charge-non-capital,meter_class,network_meter_before_july_2015,sapn-2023-24-annual-pricing-proposal-revised-8may2023,pdf:p94,installed prior to 1 July 2015 - These customers continue to pay the capital and non-capital charges; • Existing customers using SA Power Networks’ meters that were installed after 1 July 2015 - These customers will have incurred an upfront capital charge and will continue to pay the non-capital charge
sapn:LVUU24:2024-07-01:metering:legacy-metering-service-charge-capital,meter_class,network_meter_before_july_2015,sapn-2024-25-annual-pricing-proposal-19apr2024,pdf:p95,installed prior to 1 July 2015 - These customers continue to pay the capital and non-capital charges; • Existing customers using SA Power Networks’ meters that were installed after 1 July 2015 - These customers will have incurred an upfront capital charge and will continue to pay the non-capital charge; • Existing customers using SA Power Networks’ meters at 30 June 2015 with meters subsequently replaced by 3rd party meters – These customers will continue to pay the capital charge
sapn:LVUU24:2024-07-01:metering:legacy-metering-service-charge-capital,meter_class,replaced_by_third_party_meter,sapn-2024-25-annual-pricing-proposal-19apr2024,pdf:p95,installed prior to 1 July 2015 - These customers continue to pay the capital and non-capital charges; • Existing customers using SA Power Networks’ meters that were installed after 1 July 2015 - These customers will have incurred an upfront capital charge and will continue to pay the non-capital charge; • Existing customers using SA Power Networks’ meters at 30 June 2015 with meters subsequently replaced by 3rd party meters – These customers will continue to pay the capital charge
sapn:LVUU24:2024-07-01:metering:legacy-metering-service-charge-non-capital,meter_class,network_meter_after_july_2015,sapn-2024-25-annual-pricing-proposal-19apr2024,pdf:p95,installed prior to 1 July 2015 - These customers continue to pay the capital and non-capital charges; • Existing customers using SA Power Networks’ meters that were installed after 1 July 2015 - These customers will have incurred an upfront capital charge and will continue to pay the non-capital charge
sapn:LVUU24:2024-07-01:metering:legacy-metering-service-charge-non-capital,meter_class,network_meter_before_july_2015,sapn-2024-25-annual-pricing-proposal-19apr2024,pdf:p95,installed prior to 1 July 2015 - These customers continue to pay the capital and non-capital charges; • Existing customers using SA Power Networks’ meters that were installed after 1 July 2015 - These customers will have incurred an upfront capital charge and will continue to pay the non-capital charge
sapn:LVUU:2023-07-01:metering:legacy-metering-service-charge-capital,meter_class,network_meter_before_july_2015,sapn-2023-24-annual-pricing-proposal-revised-8may2023,pdf:p94,installed prior to 1 July 2015 - These customers continue to pay the capital and non-capital charges; • Existing customers using SA Power Networks’ meters that were installed after 1 July 2015 - These customers will have incurred an upfront capital charge and will continue to pay the non-capital charge; • Existing customers using SA Power Networks’ meters at 30 June 2015 with meters subsequently replaced by 3rd party meters – These customers will continue to pay the capital charge
sapn:LVUU:2023-07-01:metering:legacy-metering-service-charge-capital,meter_class,replaced_by_third_party_meter,sapn-2023-24-annual-pricing-proposal-revised-8may2023,pdf:p94,installed prior to 1 July 2015 - These customers continue to pay the capital and non-capital charges; • Existing customers using SA Power Networks’ meters that were installed after 1 July 2015 - These customers will have incurred an upfront capital charge and will continue to pay the non-capital charge; • Existing customers using SA Power Networks’ meters at 30 June 2015 with meters subsequently replaced by 3rd party meters – These customers will continue to pay the capital charge
sapn:LVUU:2023-07-01:metering:legacy-metering-service-charge-non-capital,meter_class,network_meter_after_july_2015,sapn-2023-24-annual-pricing-proposal-revised-8may2023,pdf:p94,installed prior to 1 July 2015 - These customers continue to pay the capital and non-capital charges; • Existing customers using SA Power Networks’ meters that were installed after 1 July 2015 - These customers will have incurred an upfront capital charge and will continue to pay the non-capital charge
sapn:LVUU:2023-07-01:metering:legacy-metering-service-charge-non-capital,meter_class,network_meter_before_july_2015,sapn-2023-24-annual-pricing-proposal-revised-8may2023,pdf:p94,installed prior to 1 July 2015 - These customers continue to pay the capital and non-capital charges; • Existing customers using SA Power Networks’ meters that were installed after 1 July 2015 - These customers will have incurred an upfront capital charge and will continue to pay the non-capital charge
sapn:LVUU:2024-07-01:metering:legacy-metering-service-charge-capital,meter_class,network_meter_before_july_2015,sapn-2024-25-annual-pricing-proposal-19apr2024,pdf:p95,installed prior to 1 July 2015 - These customers continue to pay the capital and non-capital charges; • Existing customers using SA Power Networks’ meters that were installed after 1 July 2015 - These customers will have incurred an upfront capital charge and will continue to pay the non-capital charge; • Existing customers using SA Power Networks’ meters at 30 June 2015 with meters subsequently replaced by 3rd party meters – These customers will continue to pay the capital charge
sapn:LVUU:2024-07-01:metering:legacy-metering-service-charge-capital,meter_class,replaced_by_third_party_meter,sapn-2024-25-annual-pricing-proposal-19apr2024,pdf:p95,installed prior to 1 July 2015 - These customers continue to pay the capital and non-capital charges; • Existing customers using SA Power Networks’ meters that were installed after 1 July 2015 - These customers will have incurred an upfront capital charge and will continue to pay the non-capital charge; • Existing customers using SA Power Networks’ meters at 30 June 2015 with meters subsequently replaced by 3rd party meters – These customers will continue to pay the capital charge
sapn:LVUU:2024-07-01:metering:legacy-metering-service-charge-non-capital,meter_class,network_meter_after_july_2015,sapn-2024-25-annual-pricing-proposal-19apr2024,pdf:p95,installed prior to 1 July 2015 - These customers continue to pay the capital and non-capital charges; • Existing customers using SA Power Networks’ meters that were installed after 1 July 2015 - These customers will have incurred an upfront capital charge and will continue to pay the non-capital charge
sapn:LVUU:2024-07-01:metering:legacy-metering-service-charge-non-capital,meter_class,network_meter_before_july_2015,sapn-2024-25-annual-pricing-proposal-19apr2024,pdf:p95,installed prior to 1 July 2015 - These customers continue to pay the capital and non-capital charges; • Existing customers using SA Power Networks’ meters that were installed after 1 July 2015 - These customers will have incurred an upfront capital charge and will continue to pay the non-capital charge
sapn:M/QOPCL:2023-07-01:metering:legacy-metering-service-charge-capital,meter_class,network_meter_before_july_2015,sapn-2023-24-annual-pricing-proposal-revised-8may2023,pdf:p94,installed prior to 1 July 2015 - These customers continue to pay the capital and non-capital charges; • Existing customers using SA Power Networks’ meters that were installed after 1 July 2015 - These customers will have incurred an upfront capital charge and will continue to pay the non-capital charge; • Existing customers using SA Power Networks’ meters at 30 June 2015 with meters subsequently replaced by 3rd party meters – These customers will continue to pay the capital charge
sapn:M/QOPCL:2023-07-01:metering:legacy-metering-service-charge-capital,meter_class,replaced_by_third_party_meter,sapn-2023-24-annual-pricing-proposal-revised-8may2023,pdf:p94,installed prior to 1 July 2015 - These customers continue to pay the capital and non-capital charges; • Existing customers using SA Power Networks’ meters that were installed after 1 July 2015 - These customers will have incurred an upfront capital charge and will continue to pay the non-capital charge; • Existing customers using SA Power Networks’ meters at 30 June 2015 with meters subsequently replaced by 3rd party meters – These customers will continue to pay the capital charge
sapn:M/QOPCL:2023-07-01:metering:legacy-metering-service-charge-non-capital,meter_class,network_meter_after_july_2015,sapn-2023-24-annual-pricing-proposal-revised-8may2023,pdf:p94,installed prior to 1 July 2015 - These customers continue to pay the capital and non-capital charges; • Existing customers using SA Power Networks’ meters that were installed after 1 July 2015 - These customers will have incurred an upfront capital charge and will continue to pay the non-capital charge
sapn:M/QOPCL:2023-07-01:metering:legacy-metering-service-charge-non-capital,meter_class,network_meter_before_july_2015,sapn-2023-24-annual-pricing-proposal-revised-8may2023,pdf:p94,installed prior to 1 July 2015 - These customers continue to pay the capital and non-capital charges; • Existing customers using SA Power Networks’ meters that were installed after 1 July 2015 - These customers will have incurred an upfront capital charge and will continue to pay the non-capital charge
sapn:M/QOPCL:2024-07-01:metering:legacy-metering-service-charge-capital,meter_class,network_meter_before_july_2015,sapn-2024-25-annual-pricing-proposal-19apr2024,pdf:p95,installed prior to 1 July 2015 - These customers continue to pay the capital and non-capital charges; • Existing customers using SA Power Networks’ meters that were installed after 1 July 2015 - These customers will have incurred an upfront capital charge and will continue to pay the non-capital charge; • Existing customers using SA Power Networks’ meters at 30 June 2015 with meters subsequently replaced by 3rd party meters – These customers will continue to pay the capital charge
sapn:M/QOPCL:2024-07-01:metering:legacy-metering-service-charge-capital,meter_class,replaced_by_third_party_meter,sapn-2024-25-annual-pricing-proposal-19apr2024,pdf:p95,installed prior to 1 July 2015 - These customers continue to pay the capital and non-capital charges; • Existing customers using SA Power Networks’ meters that were installed after 1 July 2015 - These customers will have incurred an upfront capital charge and will continue to pay the non-capital charge; • Existing customers using SA Power Networks’ meters at 30 June 2015 with meters subsequently replaced by 3rd party meters – These customers will continue to pay the capital charge
sapn:M/QOPCL:2024-07-01:metering:legacy-metering-service-charge-non-capital,meter_class,network_meter_after_july_2015,sapn-2024-25-annual-pricing-proposal-19apr2024,pdf:p95,installed prior to 1 July 2015 - These customers continue to pay the capital and non-capital charges; • Existing customers using SA Power Networks’ meters that were installed after 1 July 2015 - These customers will have incurred an upfront capital charge and will continue to pay the non-capital charge
sapn:M/QOPCL:2024-07-01:metering:legacy-metering-service-charge-non-capital,meter_class,network_meter_before_july_2015,sapn-2024-25-annual-pricing-proposal-19apr2024,pdf:p95,installed prior to 1 July 2015 - These customers continue to pay the capital and non-capital charges; • Existing customers using SA Power Networks’ meters that were installed after 1 July 2015 - These customers will have incurred an upfront capital charge and will continue to pay the non-capital charge
sapn:RELE2W:2023-07-01:daily:rebate-diversify,opt_in,diversify,sapn-2023-24-annual-pricing-proposal-revised-8may2023,pdf:p9,Diversify (RIDIV) rebate is a Customer Choice tariff available from 1 July 2023
sapn:RELE2W:2023-07-01:metering:legacy-metering-service-charge-capital,meter_class,network_meter_before_july_2015,sapn-2023-24-annual-pricing-proposal-revised-8may2023,pdf:p94,installed prior to 1 July 2015 - These customers continue to pay the capital and non-capital charges; • Existing customers using SA Power Networks’ meters that were installed after 1 July 2015 - These customers will have incurred an upfront capital charge and will continue to pay the non-capital charge; • Existing customers using SA Power Networks’ meters at 30 June 2015 with meters subsequently replaced by 3rd party meters – These customers will continue to pay the capital charge
sapn:RELE2W:2023-07-01:metering:legacy-metering-service-charge-capital,meter_class,replaced_by_third_party_meter,sapn-2023-24-annual-pricing-proposal-revised-8may2023,pdf:p94,installed prior to 1 July 2015 - These customers continue to pay the capital and non-capital charges; • Existing customers using SA Power Networks’ meters that were installed after 1 July 2015 - These customers will have incurred an upfront capital charge and will continue to pay the non-capital charge; • Existing customers using SA Power Networks’ meters at 30 June 2015 with meters subsequently replaced by 3rd party meters – These customers will continue to pay the capital charge
sapn:RELE2W:2023-07-01:metering:legacy-metering-service-charge-non-capital,meter_class,network_meter_after_july_2015,sapn-2023-24-annual-pricing-proposal-revised-8may2023,pdf:p94,installed prior to 1 July 2015 - These customers continue to pay the capital and non-capital charges; • Existing customers using SA Power Networks’ meters that were installed after 1 July 2015 - These customers will have incurred an upfront capital charge and will continue to pay the non-capital charge
sapn:RELE2W:2023-07-01:metering:legacy-metering-service-charge-non-capital,meter_class,network_meter_before_july_2015,sapn-2023-24-annual-pricing-proposal-revised-8may2023,pdf:p94,installed prior to 1 July 2015 - These customers continue to pay the capital and non-capital charges; • Existing customers using SA Power Networks’ meters that were installed after 1 July 2015 - These customers will have incurred an upfront capital charge and will continue to pay the non-capital charge
sapn:RELE2W:2024-07-01:daily:rebate-diversify,opt_in,diversify,sapn-2024-25-annual-pricing-proposal-19apr2024,pdf:p75,Residential Diversify - Opt-in Trial Tariff
sapn:RELE2W:2024-07-01:metering:legacy-metering-service-charge-capital,meter_class,network_meter_before_july_2015,sapn-2024-25-annual-pricing-proposal-19apr2024,pdf:p95,installed prior to 1 July 2015 - These customers continue to pay the capital and non-capital charges; • Existing customers using SA Power Networks’ meters that were installed after 1 July 2015 - These customers will have incurred an upfront capital charge and will continue to pay the non-capital charge; • Existing customers using SA Power Networks’ meters at 30 June 2015 with meters subsequently replaced by 3rd party meters – These customers will continue to pay the capital charge
sapn:RELE2W:2024-07-01:metering:legacy-metering-service-charge-capital,meter_class,replaced_by_third_party_meter,sapn-2024-25-annual-pricing-proposal-19apr2024,pdf:p95,installed prior to 1 July 2015 - These customers continue to pay the capital and non-capital charges; • Existing customers using SA Power Networks’ meters that were installed after 1 July 2015 - These customers will have incurred an upfront capital charge and will continue to pay the non-capital charge; • Existing customers using SA Power Networks’ meters at 30 June 2015 with meters subsequently replaced by 3rd party meters – These customers will continue to pay the capital charge
sapn:RELE2W:2024-07-01:metering:legacy-metering-service-charge-non-capital,meter_class,network_meter_after_july_2015,sapn-2024-25-annual-pricing-proposal-19apr2024,pdf:p95,installed prior to 1 July 2015 - These customers continue to pay the capital and non-capital charges; • Existing customers using SA Power Networks’ meters that were installed after 1 July 2015 - These customers will have incurred an upfront capital charge and will continue to pay the non-capital charge
sapn:RELE2W:2024-07-01:metering:legacy-metering-service-charge-non-capital,meter_class,network_meter_before_july_2015,sapn-2024-25-annual-pricing-proposal-19apr2024,pdf:p95,installed prior to 1 July 2015 - These customers continue to pay the capital and non-capital charges; • Existing customers using SA Power Networks’ meters that were installed after 1 July 2015 - These customers will have incurred an upfront capital charge and will continue to pay the non-capital charge
sapn:RELE:2022-07-01:daily:rebate-diversify,opt_in,diversify,sapn-2022-23-sa-power-networks-annual-pricing-proposal-updated-12-april-2022-pdf,pdf:p9,"Diversify rebate is available to opt-in from 1 July 2022 with a maximum of 7,500 customers eligible"
sapn:RELE:2023-07-01:daily:rebate-diversify,opt_in,diversify,sapn-2023-24-annual-pricing-proposal-revised-8may2023,pdf:p9,Diversify (RIDIV) rebate is a Customer Choice tariff available from 1 July 2023
sapn:RELE:2023-07-01:metering:legacy-metering-service-charge-capital,meter_class,network_meter_before_july_2015,sapn-2023-24-annual-pricing-proposal-revised-8may2023,pdf:p94,installed prior to 1 July 2015 - These customers continue to pay the capital and non-capital charges; • Existing customers using SA Power Networks’ meters that were installed after 1 July 2015 - These customers will have incurred an upfront capital charge and will continue to pay the non-capital charge; • Existing customers using SA Power Networks’ meters at 30 June 2015 with meters subsequently replaced by 3rd party meters – These customers will continue to pay the capital charge
sapn:RELE:2023-07-01:metering:legacy-metering-service-charge-capital,meter_class,replaced_by_third_party_meter,sapn-2023-24-annual-pricing-proposal-revised-8may2023,pdf:p94,installed prior to 1 July 2015 - These customers continue to pay the capital and non-capital charges; • Existing customers using SA Power Networks’ meters that were installed after 1 July 2015 - These customers will have incurred an upfront capital charge and will continue to pay the non-capital charge; • Existing customers using SA Power Networks’ meters at 30 June 2015 with meters subsequently replaced by 3rd party meters – These customers will continue to pay the capital charge
sapn:RELE:2023-07-01:metering:legacy-metering-service-charge-non-capital,meter_class,network_meter_after_july_2015,sapn-2023-24-annual-pricing-proposal-revised-8may2023,pdf:p94,installed prior to 1 July 2015 - These customers continue to pay the capital and non-capital charges; • Existing customers using SA Power Networks’ meters that were installed after 1 July 2015 - These customers will have incurred an upfront capital charge and will continue to pay the non-capital charge
sapn:RELE:2023-07-01:metering:legacy-metering-service-charge-non-capital,meter_class,network_meter_before_july_2015,sapn-2023-24-annual-pricing-proposal-revised-8may2023,pdf:p94,installed prior to 1 July 2015 - These customers continue to pay the capital and non-capital charges; • Existing customers using SA Power Networks’ meters that were installed after 1 July 2015 - These customers will have incurred an upfront capital charge and will continue to pay the non-capital charge
sapn:RELE:2024-07-01:daily:rebate-diversify,opt_in,diversify,sapn-2024-25-annual-pricing-proposal-19apr2024,pdf:p75,Residential Diversify - Opt-in Trial Tariff
sapn:RELE:2024-07-01:metering:legacy-metering-service-charge-capital,meter_class,network_meter_before_july_2015,sapn-2024-25-annual-pricing-proposal-19apr2024,pdf:p95,installed prior to 1 July 2015 - These customers continue to pay the capital and non-capital charges; • Existing customers using SA Power Networks’ meters that were installed after 1 July 2015 - These customers will have incurred an upfront capital charge and will continue to pay the non-capital charge; • Existing customers using SA Power Networks’ meters at 30 June 2015 with meters subsequently replaced by 3rd party meters – These customers will continue to pay the capital charge
sapn:RELE:2024-07-01:metering:legacy-metering-service-charge-capital,meter_class,replaced_by_third_party_meter,sapn-2024-25-annual-pricing-proposal-19apr2024,pdf:p95,installed prior to 1 July 2015 - These customers continue to pay the capital and non-capital charges; • Existing customers using SA Power Networks’ meters that were installed after 1 July 2015 - These customers will have incurred an upfront capital charge and will continue to pay the non-capital charge; • Existing customers using SA Power Networks’ meters at 30 June 2015 with meters subsequently replaced by 3rd party meters – These customers will continue to pay the capital charge
sapn:RELE:2024-07-01:metering:legacy-metering-service-charge-non-capital,meter_class,network_meter_after_july_2015,sapn-2024-25-annual-pricing-proposal-19apr2024,pdf:p95,installed prior to 1 July 2015 - These customers continue to pay the capital and non-capital charges; • Existing customers using SA Power Networks’ meters that were installed after 1 July 2015 - These customers will have incurred an upfront capital charge and will continue to pay the non-capital charge
sapn:RELE:2024-07-01:metering:legacy-metering-service-charge-non-capital,meter_class,network_meter_before_july_2015,sapn-2024-25-annual-pricing-proposal-19apr2024,pdf:p95,installed prior to 1 July 2015 - These customers continue to pay the capital and non-capital charges; • Existing customers using SA Power Networks’ meters that were installed after 1 July 2015 - These customers will have incurred an upfront capital charge and will continue to pay the non-capital charge
sapn:RESELE:2026-07-01:daily:rebate-diversify-tier-1,opt_in,diversify_tier_1,sapn-initial-pricing-proposal-overview-2025-26-id333252,pdf:p33,Diversify 2.0 will have a two-tiered daily rebate for eligible smart devices: • Tier 1 | 1 or 2 eligible smart devices
sapn:RESELE:2026-07-01:daily:rebate-diversify-tier-2,opt_in,diversify_tier_2,sapn-initial-pricing-proposal-overview-2025-26-id333252,pdf:p33,• Tier 2 | 3 or more eligible smart devices
sapn:RESELENE:2026-07-01:daily:rebate-diversify-tier-1,opt_in,diversify_tier_1,sapn-initial-pricing-proposal-overview-2025-26-id333252,pdf:p33,Diversify 2.0 will have a two-tiered daily rebate for eligible smart devices: • Tier 1 | 1 or 2 eligible smart devices
sapn:RESELENE:2026-07-01:daily:rebate-diversify-tier-2,opt_in,diversify_tier_2,sapn-initial-pricing-proposal-overview-2025-26-id333252,pdf:p33,• Tier 2 | 3 or more eligible smart devices
sapn:RPRO:2022-07-01:daily:rebate-diversify,opt_in,diversify,sapn-2022-23-sa-power-networks-annual-pricing-proposal-updated-12-april-2022-pdf,pdf:p9,"Diversify rebate is available to opt-in from 1 July 2022 with a maximum of 7,500 customers eligible"
sapn:RPRO:2023-07-01:daily:rebate-diversify,opt_in,diversify,sapn-2023-24-annual-pricing-proposal-revised-8may2023,pdf:p9,Diversify (RIDIV) rebate is a Customer Choice tariff available from 1 July 2023
sapn:RPRO:2023-07-01:metering:legacy-metering-service-charge-capital,meter_class,network_meter_before_july_2015,sapn-2023-24-annual-pricing-proposal-revised-8may2023,pdf:p94,installed prior to 1 July 2015 - These customers continue to pay the capital and non-capital charges; • Existing customers using SA Power Networks’ meters that were installed after 1 July 2015 - These customers will have incurred an upfront capital charge and will continue to pay the non-capital charge; • Existing customers using SA Power Networks’ meters at 30 June 2015 with meters subsequently replaced by 3rd party meters – These customers will continue to pay the capital charge
sapn:RPRO:2023-07-01:metering:legacy-metering-service-charge-capital,meter_class,replaced_by_third_party_meter,sapn-2023-24-annual-pricing-proposal-revised-8may2023,pdf:p94,installed prior to 1 July 2015 - These customers continue to pay the capital and non-capital charges; • Existing customers using SA Power Networks’ meters that were installed after 1 July 2015 - These customers will have incurred an upfront capital charge and will continue to pay the non-capital charge; • Existing customers using SA Power Networks’ meters at 30 June 2015 with meters subsequently replaced by 3rd party meters – These customers will continue to pay the capital charge
sapn:RPRO:2023-07-01:metering:legacy-metering-service-charge-non-capital,meter_class,network_meter_after_july_2015,sapn-2023-24-annual-pricing-proposal-revised-8may2023,pdf:p94,installed prior to 1 July 2015 - These customers continue to pay the capital and non-capital charges; • Existing customers using SA Power Networks’ meters that were installed after 1 July 2015 - These customers will have incurred an upfront capital charge and will continue to pay the non-capital charge
sapn:RPRO:2023-07-01:metering:legacy-metering-service-charge-non-capital,meter_class,network_meter_before_july_2015,sapn-2023-24-annual-pricing-proposal-revised-8may2023,pdf:p94,installed prior to 1 July 2015 - These customers continue to pay the capital and non-capital charges; • Existing customers using SA Power Networks’ meters that were installed after 1 July 2015 - These customers will have incurred an upfront capital charge and will continue to pay the non-capital charge
sapn:RPRO:2024-07-01:daily:rebate-diversify,opt_in,diversify,sapn-2024-25-annual-pricing-proposal-19apr2024,pdf:p75,Residential Diversify - Opt-in Trial Tariff
sapn:RPRO:2024-07-01:metering:legacy-metering-service-charge-capital,meter_class,network_meter_before_july_2015,sapn-2024-25-annual-pricing-proposal-19apr2024,pdf:p95,installed prior to 1 July 2015 - These customers continue to pay the capital and non-capital charges; • Existing customers using SA Power Networks’ meters that were installed after 1 July 2015 - These customers will have incurred an upfront capital charge and will continue to pay the non-capital charge; • Existing customers using SA Power Networks’ meters at 30 June 2015 with meters subsequently replaced by 3rd party meters – These customers will continue to pay the capital charge
sapn:RPRO:2024-07-01:metering:legacy-metering-service-charge-capital,meter_class,replaced_by_third_party_meter,sapn-2024-25-annual-pricing-proposal-19apr2024,pdf:p95,installed prior to 1 July 2015 - These customers continue to pay the capital and non-capital charges; • Existing customers using SA Power Networks’ meters that were installed after 1 July 2015 - These customers will have incurred an upfront capital charge and will continue to pay the non-capital charge; • Existing customers using SA Power Networks’ meters at 30 June 2015 with meters subsequently replaced by 3rd party meters – These customers will continue to pay the capital charge
sapn:RPRO:2024-07-01:metering:legacy-metering-service-charge-non-capital,meter_class,network_meter_after_july_2015,sapn-2024-25-annual-pricing-proposal-19apr2024,pdf:p95,installed prior to 1 July 2015 - These customers continue to pay the capital and non-capital charges; • Existing customers using SA Power Networks’ meters that were installed after 1 July 2015 - These customers will have incurred an upfront capital charge and will continue to pay the non-capital charge
sapn:RPRO:2024-07-01:metering:legacy-metering-service-charge-non-capital,meter_class,network_meter_before_july_2015,sapn-2024-25-annual-pricing-proposal-19apr2024,pdf:p95,installed prior to 1 July 2015 - These customers continue to pay the capital and non-capital charges; • Existing customers using SA Power Networks’ meters that were installed after 1 July 2015 - These customers will have incurred an upfront capital charge and will continue to pay the non-capital charge
sapn:RSR:2022-07-01:daily:rebate-diversify,opt_in,diversify,sapn-2022-23-sa-power-networks-annual-pricing-proposal-updated-12-april-2022-pdf,pdf:p9,"Diversify rebate is available to opt-in from 1 July 2022 with a maximum of 7,500 customers eligible"
sapn:RSR:2023-07-01:daily:rebate-diversify,opt_in,diversify,sapn-2023-24-annual-pricing-proposal-revised-8may2023,pdf:p9,Diversify (RIDIV) rebate is a Customer Choice tariff available from 1 July 2023
sapn:RSR:2023-07-01:metering:legacy-metering-service-charge-capital,meter_class,network_meter_before_july_2015,sapn-2023-24-annual-pricing-proposal-revised-8may2023,pdf:p94,installed prior to 1 July 2015 - These customers continue to pay the capital and non-capital charges; • Existing customers using SA Power Networks’ meters that were installed after 1 July 2015 - These customers will have incurred an upfront capital charge and will continue to pay the non-capital charge; • Existing customers using SA Power Networks’ meters at 30 June 2015 with meters subsequently replaced by 3rd party meters – These customers will continue to pay the capital charge
sapn:RSR:2023-07-01:metering:legacy-metering-service-charge-capital,meter_class,replaced_by_third_party_meter,sapn-2023-24-annual-pricing-proposal-revised-8may2023,pdf:p94,installed prior to 1 July 2015 - These customers continue to pay the capital and non-capital charges; • Existing customers using SA Power Networks’ meters that were installed after 1 July 2015 - These customers will have incurred an upfront capital charge and will continue to pay the non-capital charge; • Existing customers using SA Power Networks’ meters at 30 June 2015 with meters subsequently replaced by 3rd party meters – These customers will continue to pay the capital charge
sapn:RSR:2023-07-01:metering:legacy-metering-service-charge-non-capital,meter_class,network_meter_after_july_2015,sapn-2023-24-annual-pricing-proposal-revised-8may2023,pdf:p94,installed prior to 1 July 2015 - These customers continue to pay the capital and non-capital charges; • Existing customers using SA Power Networks’ meters that were installed after 1 July 2015 - These customers will have incurred an upfront capital charge and will continue to pay the non-capital charge
sapn:RSR:2023-07-01:metering:legacy-metering-service-charge-non-capital,meter_class,network_meter_before_july_2015,sapn-2023-24-annual-pricing-proposal-revised-8may2023,pdf:p94,installed prior to 1 July 2015 - These customers continue to pay the capital and non-capital charges; • Existing customers using SA Power Networks’ meters that were installed after 1 July 2015 - These customers will have incurred an upfront capital charge and will continue to pay the non-capital charge
sapn:RSR:2024-07-01:daily:rebate-diversify,opt_in,diversify,sapn-2024-25-annual-pricing-proposal-19apr2024,pdf:p75,Residential Diversify - Opt-in Trial Tariff
sapn:RSR:2024-07-01:metering:legacy-metering-service-charge-capital,meter_class,network_meter_before_july_2015,sapn-2024-25-annual-pricing-proposal-19apr2024,pdf:p95,installed prior to 1 July 2015 - These customers continue to pay the capital and non-capital charges; • Existing customers using SA Power Networks’ meters that were installed after 1 July 2015 - These customers will have incurred an upfront capital charge and will continue to pay the non-capital charge; • Existing customers using SA Power Networks’ meters at 30 June 2015 with meters subsequently replaced by 3rd party meters – These customers will continue to pay the capital charge
sapn:RSR:2024-07-01:metering:legacy-metering-service-charge-capital,meter_class,replaced_by_third_party_meter,sapn-2024-25-annual-pricing-proposal-19apr2024,pdf:p95,installed prior to 1 July 2015 - These customers continue to pay the capital and non-capital charges; • Existing customers using SA Power Networks’ meters that were installed after 1 July 2015 - These customers will have incurred an upfront capital charge and will continue to pay the non-capital charge; • Existing customers using SA Power Networks’ meters at 30 June 2015 with meters subsequently replaced by 3rd party meters – These customers will continue to pay the capital charge
sapn:RSR:2024-07-01:metering:legacy-metering-service-charge-non-capital,meter_class,network_meter_after_july_2015,sapn-2024-25-annual-pricing-proposal-19apr2024,pdf:p95,installed prior to 1 July 2015 - These customers continue to pay the capital and non-capital charges; • Existing customers using SA Power Networks’ meters that were installed after 1 July 2015 - These customers will have incurred an upfront capital charge and will continue to pay the non-capital charge
sapn:RSR:2024-07-01:metering:legacy-metering-service-charge-non-capital,meter_class,network_meter_before_july_2015,sapn-2024-25-annual-pricing-proposal-19apr2024,pdf:p95,installed prior to 1 July 2015 - These customers continue to pay the capital and non-capital charges; • Existing customers using SA Power Networks’ meters that were installed after 1 July 2015 - These customers will have incurred an upfront capital charge and will continue to pay the non-capital charge
sapn:RTOU:2022-07-01:daily:rebate-diversify,opt_in,diversify,sapn-2022-23-sa-power-networks-annual-pricing-proposal-updated-12-april-2022-pdf,pdf:p9,"Diversify rebate is available to opt-in from 1 July 2022 with a maximum of 7,500 customers eligible"
sapn:RTOU:2023-07-01:daily:rebate-diversify,opt_in,diversify,sapn-2023-24-annual-pricing-proposal-revised-8may2023,pdf:p9,Diversify (RIDIV) rebate is a Customer Choice tariff available from 1 July 2023
sapn:RTOU:2023-07-01:metering:legacy-metering-service-charge-capital,meter_class,network_meter_before_july_2015,sapn-2023-24-annual-pricing-proposal-revised-8may2023,pdf:p94,installed prior to 1 July 2015 - These customers continue to pay the capital and non-capital charges; • Existing customers using SA Power Networks’ meters that were installed after 1 July 2015 - These customers will have incurred an upfront capital charge and will continue to pay the non-capital charge; • Existing customers using SA Power Networks’ meters at 30 June 2015 with meters subsequently replaced by 3rd party meters – These customers will continue to pay the capital charge
sapn:RTOU:2023-07-01:metering:legacy-metering-service-charge-capital,meter_class,replaced_by_third_party_meter,sapn-2023-24-annual-pricing-proposal-revised-8may2023,pdf:p94,installed prior to 1 July 2015 - These customers continue to pay the capital and non-capital charges; • Existing customers using SA Power Networks’ meters that were installed after 1 July 2015 - These customers will have incurred an upfront capital charge and will continue to pay the non-capital charge; • Existing customers using SA Power Networks’ meters at 30 June 2015 with meters subsequently replaced by 3rd party meters – These customers will continue to pay the capital charge
sapn:RTOU:2023-07-01:metering:legacy-metering-service-charge-non-capital,meter_class,network_meter_after_july_2015,sapn-2023-24-annual-pricing-proposal-revised-8may2023,pdf:p94,installed prior to 1 July 2015 - These customers continue to pay the capital and non-capital charges; • Existing customers using SA Power Networks’ meters that were installed after 1 July 2015 - These customers will have incurred an upfront capital charge and will continue to pay the non-capital charge
sapn:RTOU:2023-07-01:metering:legacy-metering-service-charge-non-capital,meter_class,network_meter_before_july_2015,sapn-2023-24-annual-pricing-proposal-revised-8may2023,pdf:p94,installed prior to 1 July 2015 - These customers continue to pay the capital and non-capital charges; • Existing customers using SA Power Networks’ meters that were installed after 1 July 2015 - These customers will have incurred an upfront capital charge and will continue to pay the non-capital charge
sapn:RTOU:2024-07-01:daily:rebate-diversify,opt_in,diversify,sapn-2024-25-annual-pricing-proposal-19apr2024,pdf:p75,Residential Diversify - Opt-in Trial Tariff
sapn:RTOU:2024-07-01:metering:legacy-metering-service-charge-capital,meter_class,network_meter_before_july_2015,sapn-2024-25-annual-pricing-proposal-19apr2024,pdf:p95,installed prior to 1 July 2015 - These customers continue to pay the capital and non-capital charges; • Existing customers using SA Power Networks’ meters that were installed after 1 July 2015 - These customers will have incurred an upfront capital charge and will continue to pay the non-capital charge; • Existing customers using SA Power Networks’ meters at 30 June 2015 with meters subsequently replaced by 3rd party meters – These customers will continue to pay the capital charge
sapn:RTOU:2024-07-01:metering:legacy-metering-service-charge-capital,meter_class,replaced_by_third_party_meter,sapn-2024-25-annual-pricing-proposal-19apr2024,pdf:p95,installed prior to 1 July 2015 - These customers continue to pay the capital and non-capital charges; • Existing customers using SA Power Networks’ meters that were installed after 1 July 2015 - These customers will have incurred an upfront capital charge and will continue to pay the non-capital charge; • Existing customers using SA Power Networks’ meters at 30 June 2015 with meters subsequently replaced by 3rd party meters – These customers will continue to pay the capital charge
sapn:RTOU:2024-07-01:metering:legacy-metering-service-charge-non-capital,meter_class,network_meter_after_july_2015,sapn-2024-25-annual-pricing-proposal-19apr2024,pdf:p95,installed prior to 1 July 2015 - These customers continue to pay the capital and non-capital charges; • Existing customers using SA Power Networks’ meters that were installed after 1 July 2015 - These customers will have incurred an upfront capital charge and will continue to pay the non-capital charge
sapn:RTOU:2024-07-01:metering:legacy-metering-service-charge-non-capital,meter_class,network_meter_before_july_2015,sapn-2024-25-annual-pricing-proposal-19apr2024,pdf:p95,installed prior to 1 July 2015 - These customers continue to pay the capital and non-capital charges; • Existing customers using SA Power Networks’ meters that were installed after 1 July 2015 - These customers will have incurred an upfront capital charge and will continue to pay the non-capital charge
sapn:RTOU:2026-07-01:daily:rebate-diversify-tier-1,opt_in,diversify_tier_1,sapn-initial-pricing-proposal-overview-2025-26-id333252,pdf:p33,Diversify 2.0 will have a two-tiered daily rebate for eligible smart devices: • Tier 1 | 1 or 2 eligible smart devices
sapn:RTOU:2026-07-01:daily:rebate-diversify-tier-2,opt_in,diversify_tier_2,sapn-initial-pricing-proposal-overview-2025-26-id333252,pdf:p33,• Tier 2 | 3 or more eligible smart devices
sapn:RTOUNE:2026-07-01:daily:rebate-diversify-tier-1,opt_in,diversify_tier_1,sapn-initial-pricing-proposal-overview-2025-26-id333252,pdf:p33,Diversify 2.0 will have a two-tiered daily rebate for eligible smart devices: • Tier 1 | 1 or 2 eligible smart devices
sapn:RTOUNE:2026-07-01:daily:rebate-diversify-tier-2,opt_in,diversify_tier_2,sapn-initial-pricing-proposal-overview-2025-26-id333252,pdf:p33,• Tier 2 | 3 or more eligible smart devices
sapn:SBD:2023-07-01:metering:legacy-metering-service-charge-capital,meter_class,network_meter_before_july_2015,sapn-2023-24-annual-pricing-proposal-revised-8may2023,pdf:p94,installed prior to 1 July 2015 - These customers continue to pay the capital and non-capital charges; • Existing customers using SA Power Networks’ meters that were installed after 1 July 2015 - These customers will have incurred an upfront capital charge and will continue to pay the non-capital charge; • Existing customers using SA Power Networks’ meters at 30 June 2015 with meters subsequently replaced by 3rd party meters – These customers will continue to pay the capital charge
sapn:SBD:2023-07-01:metering:legacy-metering-service-charge-capital,meter_class,replaced_by_third_party_meter,sapn-2023-24-annual-pricing-proposal-revised-8may2023,pdf:p94,installed prior to 1 July 2015 - These customers continue to pay the capital and non-capital charges; • Existing customers using SA Power Networks’ meters that were installed after 1 July 2015 - These customers will have incurred an upfront capital charge and will continue to pay the non-capital charge; • Existing customers using SA Power Networks’ meters at 30 June 2015 with meters subsequently replaced by 3rd party meters – These customers will continue to pay the capital charge
sapn:SBD:2023-07-01:metering:legacy-metering-service-charge-non-capital,meter_class,network_meter_after_july_2015,sapn-2023-24-annual-pricing-proposal-revised-8may2023,pdf:p94,installed prior to 1 July 2015 - These customers continue to pay the capital and non-capital charges; • Existing customers using SA Power Networks’ meters that were installed after 1 July 2015 - These customers will have incurred an upfront capital charge and will continue to pay the non-capital charge
sapn:SBD:2023-07-01:metering:legacy-metering-service-charge-non-capital,meter_class,network_meter_before_july_2015,sapn-2023-24-annual-pricing-proposal-revised-8may2023,pdf:p94,installed prior to 1 July 2015 - These customers continue to pay the capital and non-capital charges; • Existing customers using SA Power Networks’ meters that were installed after 1 July 2015 - These customers will have incurred an upfront capital charge and will continue to pay the non-capital charge
sapn:SBD:2024-07-01:metering:legacy-metering-service-charge-capital,meter_class,network_meter_before_july_2015,sapn-2024-25-annual-pricing-proposal-19apr2024,pdf:p95,installed prior to 1 July 2015 - These customers continue to pay the capital and non-capital charges; • Existing customers using SA Power Networks’ meters that were installed after 1 July 2015 - These customers will have incurred an upfront capital charge and will continue to pay the non-capital charge; • Existing customers using SA Power Networks’ meters at 30 June 2015 with meters subsequently replaced by 3rd party meters – These customers will continue to pay the capital charge
sapn:SBD:2024-07-01:metering:legacy-metering-service-charge-capital,meter_class,replaced_by_third_party_meter,sapn-2024-25-annual-pricing-proposal-19apr2024,pdf:p95,installed prior to 1 July 2015 - These customers continue to pay the capital and non-capital charges; • Existing customers using SA Power Networks’ meters that were installed after 1 July 2015 - These customers will have incurred an upfront capital charge and will continue to pay the non-capital charge; • Existing customers using SA Power Networks’ meters at 30 June 2015 with meters subsequently replaced by 3rd party meters – These customers will continue to pay the capital charge
sapn:SBD:2024-07-01:metering:legacy-metering-service-charge-non-capital,meter_class,network_meter_after_july_2015,sapn-2024-25-annual-pricing-proposal-19apr2024,pdf:p95,installed prior to 1 July 2015 - These customers continue to pay the capital and non-capital charges; • Existing customers using SA Power Networks’ meters that were installed after 1 July 2015 - These customers will have incurred an upfront capital charge and will continue to pay the non-capital charge
sapn:SBD:2024-07-01:metering:legacy-metering-service-charge-non-capital,meter_class,network_meter_before_july_2015,sapn-2024-25-annual-pricing-proposal-19apr2024,pdf:p95,installed prior to 1 July 2015 - These customers continue to pay the capital and non-capital charges; • Existing customers using SA Power Networks’ meters that were installed after 1 July 2015 - These customers will have incurred an upfront capital charge and will continue to pay the non-capital charge
sapn:SBTOU:2023-07-01:metering:legacy-metering-service-charge-capital,meter_class,network_meter_before_july_2015,sapn-2023-24-annual-pricing-proposal-revised-8may2023,pdf:p94,installed prior to 1 July 2015 - These customers continue to pay the capital and non-capital charges; • Existing customers using SA Power Networks’ meters that were installed after 1 July 2015 - These customers will have incurred an upfront capital charge and will continue to pay the non-capital charge; • Existing customers using SA Power Networks’ meters at 30 June 2015 with meters subsequently replaced by 3rd party meters – These customers will continue to pay the capital charge
sapn:SBTOU:2023-07-01:metering:legacy-metering-service-charge-capital,meter_class,replaced_by_third_party_meter,sapn-2023-24-annual-pricing-proposal-revised-8may2023,pdf:p94,installed prior to 1 July 2015 - These customers continue to pay the capital and non-capital charges; • Existing customers using SA Power Networks’ meters that were installed after 1 July 2015 - These customers will have incurred an upfront capital charge and will continue to pay the non-capital charge; • Existing customers using SA Power Networks’ meters at 30 June 2015 with meters subsequently replaced by 3rd party meters – These customers will continue to pay the capital charge
sapn:SBTOU:2023-07-01:metering:legacy-metering-service-charge-non-capital,meter_class,network_meter_after_july_2015,sapn-2023-24-annual-pricing-proposal-revised-8may2023,pdf:p94,installed prior to 1 July 2015 - These customers continue to pay the capital and non-capital charges; • Existing customers using SA Power Networks’ meters that were installed after 1 July 2015 - These customers will have incurred an upfront capital charge and will continue to pay the non-capital charge
sapn:SBTOU:2023-07-01:metering:legacy-metering-service-charge-non-capital,meter_class,network_meter_before_july_2015,sapn-2023-24-annual-pricing-proposal-revised-8may2023,pdf:p94,installed prior to 1 July 2015 - These customers continue to pay the capital and non-capital charges; • Existing customers using SA Power Networks’ meters that were installed after 1 July 2015 - These customers will have incurred an upfront capital charge and will continue to pay the non-capital charge
sapn:SBTOU:2024-07-01:metering:legacy-metering-service-charge-capital,meter_class,network_meter_before_july_2015,sapn-2024-25-annual-pricing-proposal-19apr2024,pdf:p95,installed prior to 1 July 2015 - These customers continue to pay the capital and non-capital charges; • Existing customers using SA Power Networks’ meters that were installed after 1 July 2015 - These customers will have incurred an upfront capital charge and will continue to pay the non-capital charge; • Existing customers using SA Power Networks’ meters at 30 June 2015 with meters subsequently replaced by 3rd party meters – These customers will continue to pay the capital charge
sapn:SBTOU:2024-07-01:metering:legacy-metering-service-charge-capital,meter_class,replaced_by_third_party_meter,sapn-2024-25-annual-pricing-proposal-19apr2024,pdf:p95,installed prior to 1 July 2015 - These customers continue to pay the capital and non-capital charges; • Existing customers using SA Power Networks’ meters that were installed after 1 July 2015 - These customers will have incurred an upfront capital charge and will continue to pay the non-capital charge; • Existing customers using SA Power Networks’ meters at 30 June 2015 with meters subsequently replaced by 3rd party meters – These customers will continue to pay the capital charge
sapn:SBTOU:2024-07-01:metering:legacy-metering-service-charge-non-capital,meter_class,network_meter_after_july_2015,sapn-2024-25-annual-pricing-proposal-19apr2024,pdf:p95,installed prior to 1 July 2015 - These customers continue to pay the capital and non-capital charges; • Existing customers using SA Power Networks’ meters that were installed after 1 July 2015 - These customers will have incurred an upfront capital charge and will continue to pay the non-capital charge
sapn:SBTOU:2024-07-01:metering:legacy-metering-service-charge-non-capital,meter_class,network_meter_before_july_2015,sapn-2024-25-annual-pricing-proposal-19apr2024,pdf:p95,installed prior to 1 July 2015 - These customers continue to pay the capital and non-capital charges; • Existing customers using SA Power Networks’ meters that were installed after 1 July 2015 - These customers will have incurred an upfront capital charge and will continue to pay the non-capital charge
sapn:SBTOUD:2023-07-01:metering:legacy-metering-service-charge-capital,meter_class,network_meter_before_july_2015,sapn-2023-24-annual-pricing-proposal-revised-8may2023,pdf:p94,installed prior to 1 July 2015 - These customers continue to pay the capital and non-capital charges; • Existing customers using SA Power Networks’ meters that were installed after 1 July 2015 - These customers will have incurred an upfront capital charge and will continue to pay the non-capital charge; • Existing customers using SA Power Networks’ meters at 30 June 2015 with meters subsequently replaced by 3rd party meters – These customers will continue to pay the capital charge
sapn:SBTOUD:2023-07-01:metering:legacy-metering-service-charge-capital,meter_class,replaced_by_third_party_meter,sapn-2023-24-annual-pricing-proposal-revised-8may2023,pdf:p94,installed prior to 1 July 2015 - These customers continue to pay the capital and non-capital charges; • Existing customers using SA Power Networks’ meters that were installed after 1 July 2015 - These customers will have incurred an upfront capital charge and will continue to pay the non-capital charge; • Existing customers using SA Power Networks’ meters at 30 June 2015 with meters subsequently replaced by 3rd party meters – These customers will continue to pay the capital charge
sapn:SBTOUD:2023-07-01:metering:legacy-metering-service-charge-non-capital,meter_class,network_meter_after_july_2015,sapn-2023-24-annual-pricing-proposal-revised-8may2023,pdf:p94,installed prior to 1 July 2015 - These customers continue to pay the capital and non-capital charges; • Existing customers using SA Power Networks’ meters that were installed after 1 July 2015 - These customers will have incurred an upfront capital charge and will continue to pay the non-capital charge
sapn:SBTOUD:2023-07-01:metering:legacy-metering-service-charge-non-capital,meter_class,network_meter_before_july_2015,sapn-2023-24-annual-pricing-proposal-revised-8may2023,pdf:p94,installed prior to 1 July 2015 - These customers continue to pay the capital and non-capital charges; • Existing customers using SA Power Networks’ meters that were installed after 1 July 2015 - These customers will have incurred an upfront capital charge and will continue to pay the non-capital charge
sapn:SBTOUD:2024-07-01:metering:legacy-metering-service-charge-capital,meter_class,network_meter_before_july_2015,sapn-2024-25-annual-pricing-proposal-19apr2024,pdf:p95,installed prior to 1 July 2015 - These customers continue to pay the capital and non-capital charges; • Existing customers using SA Power Networks’ meters that were installed after 1 July 2015 - These customers will have incurred an upfront capital charge and will continue to pay the non-capital charge; • Existing customers using SA Power Networks’ meters at 30 June 2015 with meters subsequently replaced by 3rd party meters – These customers will continue to pay the capital charge
sapn:SBTOUD:2024-07-01:metering:legacy-metering-service-charge-capital,meter_class,replaced_by_third_party_meter,sapn-2024-25-annual-pricing-proposal-19apr2024,pdf:p95,installed prior to 1 July 2015 - These customers continue to pay the capital and non-capital charges; • Existing customers using SA Power Networks’ meters that were installed after 1 July 2015 - These customers will have incurred an upfront capital charge and will continue to pay the non-capital charge; • Existing customers using SA Power Networks’ meters at 30 June 2015 with meters subsequently replaced by 3rd party meters – These customers will continue to pay the capital charge
sapn:SBTOUD:2024-07-01:metering:legacy-metering-service-charge-non-capital,meter_class,network_meter_after_july_2015,sapn-2024-25-annual-pricing-proposal-19apr2024,pdf:p95,installed prior to 1 July 2015 - These customers continue to pay the capital and non-capital charges; • Existing customers using SA Power Networks’ meters that were installed after 1 July 2015 - These customers will have incurred an upfront capital charge and will continue to pay the non-capital charge
sapn:SBTOUD:2024-07-01:metering:legacy-metering-service-charge-non-capital,meter_class,network_meter_before_july_2015,sapn-2024-25-annual-pricing-proposal-19apr2024,pdf:p95,installed prior to 1 July 2015 - These customers continue to pay the capital and non-capital charges; • Existing customers using SA Power Networks’ meters that were installed after 1 July 2015 - These customers will have incurred an upfront capital charge and will continue to pay the non-capital charge
sapn:SBTOUE:2023-07-01:metering:legacy-metering-service-charge-capital,meter_class,network_meter_before_july_2015,sapn-2023-24-annual-pricing-proposal-revised-8may2023,pdf:p94,installed prior to 1 July 2015 - These customers continue to pay the capital and non-capital charges; • Existing customers using SA Power Networks’ meters that were installed after 1 July 2015 - These customers will have incurred an upfront capital charge and will continue to pay the non-capital charge; • Existing customers using SA Power Networks’ meters at 30 June 2015 with meters subsequently replaced by 3rd party meters – These customers will continue to pay the capital charge
sapn:SBTOUE:2023-07-01:metering:legacy-metering-service-charge-capital,meter_class,replaced_by_third_party_meter,sapn-2023-24-annual-pricing-proposal-revised-8may2023,pdf:p94,installed prior to 1 July 2015 - These customers continue to pay the capital and non-capital charges; • Existing customers using SA Power Networks’ meters that were installed after 1 July 2015 - These customers will have incurred an upfront capital charge and will continue to pay the non-capital charge; • Existing customers using SA Power Networks’ meters at 30 June 2015 with meters subsequently replaced by 3rd party meters – These customers will continue to pay the capital charge
sapn:SBTOUE:2023-07-01:metering:legacy-metering-service-charge-non-capital,meter_class,network_meter_after_july_2015,sapn-2023-24-annual-pricing-proposal-revised-8may2023,pdf:p94,installed prior to 1 July 2015 - These customers continue to pay the capital and non-capital charges; • Existing customers using SA Power Networks’ meters that were installed after 1 July 2015 - These customers will have incurred an upfront capital charge and will continue to pay the non-capital charge
sapn:SBTOUE:2023-07-01:metering:legacy-metering-service-charge-non-capital,meter_class,network_meter_before_july_2015,sapn-2023-24-annual-pricing-proposal-revised-8may2023,pdf:p94,installed prior to 1 July 2015 - These customers continue to pay the capital and non-capital charges; • Existing customers using SA Power Networks’ meters that were installed after 1 July 2015 - These customers will have incurred an upfront capital charge and will continue to pay the non-capital charge
sapn:SBTOUE:2024-07-01:metering:legacy-metering-service-charge-capital,meter_class,network_meter_before_july_2015,sapn-2024-25-annual-pricing-proposal-19apr2024,pdf:p95,installed prior to 1 July 2015 - These customers continue to pay the capital and non-capital charges; • Existing customers using SA Power Networks’ meters that were installed after 1 July 2015 - These customers will have incurred an upfront capital charge and will continue to pay the non-capital charge; • Existing customers using SA Power Networks’ meters at 30 June 2015 with meters subsequently replaced by 3rd party meters – These customers will continue to pay the capital charge
sapn:SBTOUE:2024-07-01:metering:legacy-metering-service-charge-capital,meter_class,replaced_by_third_party_meter,sapn-2024-25-annual-pricing-proposal-19apr2024,pdf:p95,installed prior to 1 July 2015 - These customers continue to pay the capital and non-capital charges; • Existing customers using SA Power Networks’ meters that were installed after 1 July 2015 - These customers will have incurred an upfront capital charge and will continue to pay the non-capital charge; • Existing customers using SA Power Networks’ meters at 30 June 2015 with meters subsequently replaced by 3rd party meters – These customers will continue to pay the capital charge
sapn:SBTOUE:2024-07-01:metering:legacy-metering-service-charge-non-capital,meter_class,network_meter_after_july_2015,sapn-2024-25-annual-pricing-proposal-19apr2024,pdf:p95,installed prior to 1 July 2015 - These customers continue to pay the capital and non-capital charges; • Existing customers using SA Power Networks’ meters that were installed after 1 July 2015 - These customers will have incurred an upfront capital charge and will continue to pay the non-capital charge
sapn:SBTOUE:2024-07-01:metering:legacy-metering-service-charge-non-capital,meter_class,network_meter_before_july_2015,sapn-2024-25-annual-pricing-proposal-19apr2024,pdf:p95,installed prior to 1 July 2015 - These customers continue to pay the capital and non-capital charges; • Existing customers using SA Power Networks’ meters that were installed after 1 July 2015 - These customers will have incurred an upfront capital charge and will continue to pay the non-capital charge
sapn:STN018:2023-07-01:metering:legacy-metering-service-charge-capital,meter_class,network_meter_before_july_2015,sapn-2023-24-annual-pricing-proposal-revised-8may2023,pdf:p94,installed prior to 1 July 2015 - These customers continue to pay the capital and non-capital charges; • Existing customers using SA Power Networks’ meters that were installed after 1 July 2015 - These customers will have incurred an upfront capital charge and will continue to pay the non-capital charge; • Existing customers using SA Power Networks’ meters at 30 June 2015 with meters subsequently replaced by 3rd party meters – These customers will continue to pay the capital charge
sapn:STN018:2023-07-01:metering:legacy-metering-service-charge-capital,meter_class,replaced_by_third_party_meter,sapn-2023-24-annual-pricing-proposal-revised-8may2023,pdf:p94,installed prior to 1 July 2015 - These customers continue to pay the capital and non-capital charges; • Existing customers using SA Power Networks’ meters that were installed after 1 July 2015 - These customers will have incurred an upfront capital charge and will continue to pay the non-capital charge; • Existing customers using SA Power Networks’ meters at 30 June 2015 with meters subsequently replaced by 3rd party meters – These customers will continue to pay the capital charge
sapn:STN018:2023-07-01:metering:legacy-metering-service-charge-non-capital,meter_class,network_meter_after_july_2015,sapn-2023-24-annual-pricing-proposal-revised-8may2023,pdf:p94,installed prior to 1 July 2015 - These customers continue to pay the capital and non-capital charges; • Existing customers using SA Power Networks’ meters that were installed after 1 July 2015 - These customers will have incurred an upfront capital charge and will continue to pay the non-capital charge
sapn:STN018:2023-07-01:metering:legacy-metering-service-charge-non-capital,meter_class,network_meter_before_july_2015,sapn-2023-24-annual-pricing-proposal-revised-8may2023,pdf:p94,installed prior to 1 July 2015 - These customers continue to pay the capital and non-capital charges; • Existing customers using SA Power Networks’ meters that were installed after 1 July 2015 - These customers will have incurred an upfront capital charge and will continue to pay the non-capital charge
sapn:STN018:2024-07-01:metering:legacy-metering-service-charge-capital,meter_class,network_meter_before_july_2015,sapn-2024-25-annual-pricing-proposal-19apr2024,pdf:p95,installed prior to 1 July 2015 - These customers continue to pay the capital and non-capital charges; • Existing customers using SA Power Networks’ meters that were installed after 1 July 2015 - These customers will have incurred an upfront capital charge and will continue to pay the non-capital charge; • Existing customers using SA Power Networks’ meters at 30 June 2015 with meters subsequently replaced by 3rd party meters – These customers will continue to pay the capital charge
sapn:STN018:2024-07-01:metering:legacy-metering-service-charge-capital,meter_class,replaced_by_third_party_meter,sapn-2024-25-annual-pricing-proposal-19apr2024,pdf:p95,installed prior to 1 July 2015 - These customers continue to pay the capital and non-capital charges; • Existing customers using SA Power Networks’ meters that were installed after 1 July 2015 - These customers will have incurred an upfront capital charge and will continue to pay the non-capital charge; • Existing customers using SA Power Networks’ meters at 30 June 2015 with meters subsequently replaced by 3rd party meters – These customers will continue to pay the capital charge
sapn:STN018:2024-07-01:metering:legacy-metering-service-charge-non-capital,meter_class,network_meter_after_july_2015,sapn-2024-25-annual-pricing-proposal-19apr2024,pdf:p95,installed prior to 1 July 2015 - These customers continue to pay the capital and non-capital charges; • Existing customers using SA Power Networks’ meters that were installed after 1 July 2015 - These customers will have incurred an upfront capital charge and will continue to pay the non-capital charge
sapn:STN018:2024-07-01:metering:legacy-metering-service-charge-non-capital,meter_class,network_meter_before_july_2015,sapn-2024-25-annual-pricing-proposal-19apr2024,pdf:p95,installed prior to 1 July 2015 - These customers continue to pay the capital and non-capital charges; • Existing customers using SA Power Networks’ meters that were installed after 1 July 2015 - These customers will have incurred an upfront capital charge and will continue to pay the non-capital charge
sapn:STN084:2023-07-01:metering:legacy-metering-service-charge-capital,meter_class,network_meter_before_july_2015,sapn-2023-24-annual-pricing-proposal-revised-8may2023,pdf:p94,installed prior to 1 July 2015 - These customers continue to pay the capital and non-capital charges; • Existing customers using SA Power Networks’ meters that were installed after 1 July 2015 - These customers will have incurred an upfront capital charge and will continue to pay the non-capital charge; • Existing customers using SA Power Networks’ meters at 30 June 2015 with meters subsequently replaced by 3rd party meters – These customers will continue to pay the capital charge
sapn:STN084:2023-07-01:metering:legacy-metering-service-charge-capital,meter_class,replaced_by_third_party_meter,sapn-2023-24-annual-pricing-proposal-revised-8may2023,pdf:p94,installed prior to 1 July 2015 - These customers continue to pay the capital and non-capital charges; • Existing customers using SA Power Networks’ meters that were installed after 1 July 2015 - These customers will have incurred an upfront capital charge and will continue to pay the non-capital charge; • Existing customers using SA Power Networks’ meters at 30 June 2015 with meters subsequently replaced by 3rd party meters – These customers will continue to pay the capital charge
sapn:STN084:2023-07-01:metering:legacy-metering-service-charge-non-capital,meter_class,network_meter_after_july_2015,sapn-2023-24-annual-pricing-proposal-revised-8may2023,pdf:p94,installed prior to 1 July 2015 - These customers continue to pay the capital and non-capital charges; • Existing customers using SA Power Networks’ meters that were installed after 1 July 2015 - These customers will have incurred an upfront capital charge and will continue to pay the non-capital charge
sapn:STN084:2023-07-01:metering:legacy-metering-service-charge-non-capital,meter_class,network_meter_before_july_2015,sapn-2023-24-annual-pricing-proposal-revised-8may2023,pdf:p94,installed prior to 1 July 2015 - These customers continue to pay the capital and non-capital charges; • Existing customers using SA Power Networks’ meters that were installed after 1 July 2015 - These customers will have incurred an upfront capital charge and will continue to pay the non-capital charge
sapn:STN084:2024-07-01:metering:legacy-metering-service-charge-capital,meter_class,network_meter_before_july_2015,sapn-2024-25-annual-pricing-proposal-19apr2024,pdf:p95,installed prior to 1 July 2015 - These customers continue to pay the capital and non-capital charges; • Existing customers using SA Power Networks’ meters that were installed after 1 July 2015 - These customers will have incurred an upfront capital charge and will continue to pay the non-capital charge; • Existing customers using SA Power Networks’ meters at 30 June 2015 with meters subsequently replaced by 3rd party meters – These customers will continue to pay the capital charge
sapn:STN084:2024-07-01:metering:legacy-metering-service-charge-capital,meter_class,replaced_by_third_party_meter,sapn-2024-25-annual-pricing-proposal-19apr2024,pdf:p95,installed prior to 1 July 2015 - These customers continue to pay the capital and non-capital charges; • Existing customers using SA Power Networks’ meters that were installed after 1 July 2015 - These customers will have incurred an upfront capital charge and will continue to pay the non-capital charge; • Existing customers using SA Power Networks’ meters at 30 June 2015 with meters subsequently replaced by 3rd party meters – These customers will continue to pay the capital charge
sapn:STN084:2024-07-01:metering:legacy-metering-service-charge-non-capital,meter_class,network_meter_after_july_2015,sapn-2024-25-annual-pricing-proposal-19apr2024,pdf:p95,installed prior to 1 July 2015 - These customers continue to pay the capital and non-capital charges; • Existing customers using SA Power Networks’ meters that were installed after 1 July 2015 - These customers will have incurred an upfront capital charge and will continue to pay the non-capital charge
sapn:STN084:2024-07-01:metering:legacy-metering-service-charge-non-capital,meter_class,network_meter_before_july_2015,sapn-2024-25-annual-pricing-proposal-19apr2024,pdf:p95,installed prior to 1 July 2015 - These customers continue to pay the capital and non-capital charges; • Existing customers using SA Power Networks’ meters that were installed after 1 July 2015 - These customers will have incurred an upfront capital charge and will continue to pay the non-capital charge
sapn:STN161:2023-07-01:metering:legacy-metering-service-charge-capital,meter_class,network_meter_before_july_2015,sapn-2023-24-annual-pricing-proposal-revised-8may2023,pdf:p94,installed prior to 1 July 2015 - These customers continue to pay the capital and non-capital charges; • Existing customers using SA Power Networks’ meters that were installed after 1 July 2015 - These customers will have incurred an upfront capital charge and will continue to pay the non-capital charge; • Existing customers using SA Power Networks’ meters at 30 June 2015 with meters subsequently replaced by 3rd party meters – These customers will continue to pay the capital charge
sapn:STN161:2023-07-01:metering:legacy-metering-service-charge-capital,meter_class,replaced_by_third_party_meter,sapn-2023-24-annual-pricing-proposal-revised-8may2023,pdf:p94,installed prior to 1 July 2015 - These customers continue to pay the capital and non-capital charges; • Existing customers using SA Power Networks’ meters that were installed after 1 July 2015 - These customers will have incurred an upfront capital charge and will continue to pay the non-capital charge; • Existing customers using SA Power Networks’ meters at 30 June 2015 with meters subsequently replaced by 3rd party meters – These customers will continue to pay the capital charge
sapn:STN161:2023-07-01:metering:legacy-metering-service-charge-non-capital,meter_class,network_meter_after_july_2015,sapn-2023-24-annual-pricing-proposal-revised-8may2023,pdf:p94,installed prior to 1 July 2015 - These customers continue to pay the capital and non-capital charges; • Existing customers using SA Power Networks’ meters that were installed after 1 July 2015 - These customers will have incurred an upfront capital charge and will continue to pay the non-capital charge
sapn:STN161:2023-07-01:metering:legacy-metering-service-charge-non-capital,meter_class,network_meter_before_july_2015,sapn-2023-24-annual-pricing-proposal-revised-8may2023,pdf:p94,installed prior to 1 July 2015 - These customers continue to pay the capital and non-capital charges; • Existing customers using SA Power Networks’ meters that were installed after 1 July 2015 - These customers will have incurred an upfront capital charge and will continue to pay the non-capital charge
sapn:STN161:2024-07-01:metering:legacy-metering-service-charge-capital,meter_class,network_meter_before_july_2015,sapn-2024-25-annual-pricing-proposal-19apr2024,pdf:p95,installed prior to 1 July 2015 - These customers continue to pay the capital and non-capital charges; • Existing customers using SA Power Networks’ meters that were installed after 1 July 2015 - These customers will have incurred an upfront capital charge and will continue to pay the non-capital charge; • Existing customers using SA Power Networks’ meters at 30 June 2015 with meters subsequently replaced by 3rd party meters – These customers will continue to pay the capital charge
sapn:STN161:2024-07-01:metering:legacy-metering-service-charge-capital,meter_class,replaced_by_third_party_meter,sapn-2024-25-annual-pricing-proposal-19apr2024,pdf:p95,installed prior to 1 July 2015 - These customers continue to pay the capital and non-capital charges; • Existing customers using SA Power Networks’ meters that were installed after 1 July 2015 - These customers will have incurred an upfront capital charge and will continue to pay the non-capital charge; • Existing customers using SA Power Networks’ meters at 30 June 2015 with meters subsequently replaced by 3rd party meters – These customers will continue to pay the capital charge
sapn:STN161:2024-07-01:metering:legacy-metering-service-charge-non-capital,meter_class,network_meter_after_july_2015,sapn-2024-25-annual-pricing-proposal-19apr2024,pdf:p95,installed prior to 1 July 2015 - These customers continue to pay the capital and non-capital charges; • Existing customers using SA Power Networks’ meters that were installed after 1 July 2015 - These customers will have incurred an upfront capital charge and will continue to pay the non-capital charge
sapn:STN161:2024-07-01:metering:legacy-metering-service-charge-non-capital,meter_class,network_meter_before_july_2015,sapn-2024-25-annual-pricing-proposal-19apr2024,pdf:p95,installed prior to 1 July 2015 - These customers continue to pay the capital and non-capital charges; • Existing customers using SA Power Networks’ meters that were installed after 1 July 2015 - These customers will have incurred an upfront capital charge and will continue to pay the non-capital charge
sapn:STN162:2024-07-01:metering:legacy-metering-service-charge-capital,meter_class,network_meter_before_july_2015,sapn-2024-25-annual-pricing-proposal-19apr2024,pdf:p95,installed prior to 1 July 2015 - These customers continue to pay the capital and non-capital charges; • Existing customers using SA Power Networks’ meters that were installed after 1 July 2015 - These customers will have incurred an upfront capital charge and will continue to pay the non-capital charge; • Existing customers using SA Power Networks’ meters at 30 June 2015 with meters subsequently replaced by 3rd party meters – These customers will continue to pay the capital charge
sapn:STN162:2024-07-01:metering:legacy-metering-service-charge-capital,meter_class,replaced_by_third_party_meter,sapn-2024-25-annual-pricing-proposal-19apr2024,pdf:p95,installed prior to 1 July 2015 - These customers continue to pay the capital and non-capital charges; • Existing customers using SA Power Networks’ meters that were installed after 1 July 2015 - These customers will have incurred an upfront capital charge and will continue to pay the non-capital charge; • Existing customers using SA Power Networks’ meters at 30 June 2015 with meters subsequently replaced by 3rd party meters – These customers will continue to pay the capital charge
sapn:STN162:2024-07-01:metering:legacy-metering-service-charge-non-capital,meter_class,network_meter_after_july_2015,sapn-2024-25-annual-pricing-proposal-19apr2024,pdf:p95,installed prior to 1 July 2015 - These customers continue to pay the capital and non-capital charges; • Existing customers using SA Power Networks’ meters that were installed after 1 July 2015 - These customers will have incurred an upfront capital charge and will continue to pay the non-capital charge
sapn:STN162:2024-07-01:metering:legacy-metering-service-charge-non-capital,meter_class,network_meter_before_july_2015,sapn-2024-25-annual-pricing-proposal-19apr2024,pdf:p95,installed prior to 1 July 2015 - These customers continue to pay the capital and non-capital charges; • Existing customers using SA Power Networks’ meters that were installed after 1 July 2015 - These customers will have incurred an upfront capital charge and will continue to pay the non-capital charge
sapn:STN378:2023-07-01:metering:legacy-metering-service-charge-capital,meter_class,network_meter_before_july_2015,sapn-2023-24-annual-pricing-proposal-revised-8may2023,pdf:p94,installed prior to 1 July 2015 - These customers continue to pay the capital and non-capital charges; • Existing customers using SA Power Networks’ meters that were installed after 1 July 2015 - These customers will have incurred an upfront capital charge and will continue to pay the non-capital charge; • Existing customers using SA Power Networks’ meters at 30 June 2015 with meters subsequently replaced by 3rd party meters – These customers will continue to pay the capital charge
sapn:STN378:2023-07-01:metering:legacy-metering-service-charge-capital,meter_class,replaced_by_third_party_meter,sapn-2023-24-annual-pricing-proposal-revised-8may2023,pdf:p94,installed prior to 1 July 2015 - These customers continue to pay the capital and non-capital charges; • Existing customers using SA Power Networks’ meters that were installed after 1 July 2015 - These customers will have incurred an upfront capital charge and will continue to pay the non-capital charge; • Existing customers using SA Power Networks’ meters at 30 June 2015 with meters subsequently replaced by 3rd party meters – These customers will continue to pay the capital charge
sapn:STN378:2023-07-01:metering:legacy-metering-service-charge-non-capital,meter_class,network_meter_after_july_2015,sapn-2023-24-annual-pricing-proposal-revised-8may2023,pdf:p94,installed prior to 1 July 2015 - These customers continue to pay the capital and non-capital charges; • Existing customers using SA Power Networks’ meters that were installed after 1 July 2015 - These customers will have incurred an upfront capital charge and will continue to pay the non-capital charge
sapn:STN378:2023-07-01:metering:legacy-metering-service-charge-non-capital,meter_class,network_meter_before_july_2015,sapn-2023-24-annual-pricing-proposal-revised-8may2023,pdf:p94,installed prior to 1 July 2015 - These customers continue to pay the capital and non-capital charges; • Existing customers using SA Power Networks’ meters that were installed after 1 July 2015 - These customers will have incurred an upfront capital charge and will continue to pay the non-capital charge
sapn:STN378:2024-07-01:metering:legacy-metering-service-charge-capital,meter_class,network_meter_before_july_2015,sapn-2024-25-annual-pricing-proposal-19apr2024,pdf:p95,installed prior to 1 July 2015 - These customers continue to pay the capital and non-capital charges; • Existing customers using SA Power Networks’ meters that were installed after 1 July 2015 - These customers will have incurred an upfront capital charge and will continue to pay the non-capital charge; • Existing customers using SA Power Networks’ meters at 30 June 2015 with meters subsequently replaced by 3rd party meters – These customers will continue to pay the capital charge
sapn:STN378:2024-07-01:metering:legacy-metering-service-charge-capital,meter_class,replaced_by_third_party_meter,sapn-2024-25-annual-pricing-proposal-19apr2024,pdf:p95,installed prior to 1 July 2015 - These customers continue to pay the capital and non-capital charges; • Existing customers using SA Power Networks’ meters that were installed after 1 July 2015 - These customers will have incurred an upfront capital charge and will continue to pay the non-capital charge; • Existing customers using SA Power Networks’ meters at 30 June 2015 with meters subsequently replaced by 3rd party meters – These customers will continue to pay the capital charge
sapn:STN378:2024-07-01:metering:legacy-metering-service-charge-non-capital,meter_class,network_meter_after_july_2015,sapn-2024-25-annual-pricing-proposal-19apr2024,pdf:p95,installed prior to 1 July 2015 - These customers continue to pay the capital and non-capital charges; • Existing customers using SA Power Networks’ meters that were installed after 1 July 2015 - These customers will have incurred an upfront capital charge and will continue to pay the non-capital charge
sapn:STN378:2024-07-01:metering:legacy-metering-service-charge-non-capital,meter_class,network_meter_before_july_2015,sapn-2024-25-annual-pricing-proposal-19apr2024,pdf:p95,installed prior to 1 July 2015 - These customers continue to pay the capital and non-capital charges; • Existing customers using SA Power Networks’ meters that were installed after 1 July 2015 - These customers will have incurred an upfront capital charge and will continue to pay the non-capital charge
sapn:STN557:2023-07-01:metering:legacy-metering-service-charge-capital,meter_class,network_meter_before_july_2015,sapn-2023-24-annual-pricing-proposal-revised-8may2023,pdf:p94,installed prior to 1 July 2015 - These customers continue to pay the capital and non-capital charges; • Existing customers using SA Power Networks’ meters that were installed after 1 July 2015 - These customers will have incurred an upfront capital charge and will continue to pay the non-capital charge; • Existing customers using SA Power Networks’ meters at 30 June 2015 with meters subsequently replaced by 3rd party meters – These customers will continue to pay the capital charge
sapn:STN557:2023-07-01:metering:legacy-metering-service-charge-capital,meter_class,replaced_by_third_party_meter,sapn-2023-24-annual-pricing-proposal-revised-8may2023,pdf:p94,installed prior to 1 July 2015 - These customers continue to pay the capital and non-capital charges; • Existing customers using SA Power Networks’ meters that were installed after 1 July 2015 - These customers will have incurred an upfront capital charge and will continue to pay the non-capital charge; • Existing customers using SA Power Networks’ meters at 30 June 2015 with meters subsequently replaced by 3rd party meters – These customers will continue to pay the capital charge
sapn:STN557:2023-07-01:metering:legacy-metering-service-charge-non-capital,meter_class,network_meter_after_july_2015,sapn-2023-24-annual-pricing-proposal-revised-8may2023,pdf:p94,installed prior to 1 July 2015 - These customers continue to pay the capital and non-capital charges; • Existing customers using SA Power Networks’ meters that were installed after 1 July 2015 - These customers will have incurred an upfront capital charge and will continue to pay the non-capital charge
sapn:STN557:2023-07-01:metering:legacy-metering-service-charge-non-capital,meter_class,network_meter_before_july_2015,sapn-2023-24-annual-pricing-proposal-revised-8may2023,pdf:p94,installed prior to 1 July 2015 - These customers continue to pay the capital and non-capital charges; • Existing customers using SA Power Networks’ meters that were installed after 1 July 2015 - These customers will have incurred an upfront capital charge and will continue to pay the non-capital charge
sapn:STN557:2024-07-01:metering:legacy-metering-service-charge-capital,meter_class,network_meter_before_july_2015,sapn-2024-25-annual-pricing-proposal-19apr2024,pdf:p95,installed prior to 1 July 2015 - These customers continue to pay the capital and non-capital charges; • Existing customers using SA Power Networks’ meters that were installed after 1 July 2015 - These customers will have incurred an upfront capital charge and will continue to pay the non-capital charge; • Existing customers using SA Power Networks’ meters at 30 June 2015 with meters subsequently replaced by 3rd party meters – These customers will continue to pay the capital charge
sapn:STN557:2024-07-01:metering:legacy-metering-service-charge-capital,meter_class,replaced_by_third_party_meter,sapn-2024-25-annual-pricing-proposal-19apr2024,pdf:p95,installed prior to 1 July 2015 - These customers continue to pay the capital and non-capital charges; • Existing customers using SA Power Networks’ meters that were installed after 1 July 2015 - These customers will have incurred an upfront capital charge and will continue to pay the non-capital charge; • Existing customers using SA Power Networks’ meters at 30 June 2015 with meters subsequently replaced by 3rd party meters – These customers will continue to pay the capital charge
sapn:STN557:2024-07-01:metering:legacy-metering-service-charge-non-capital,meter_class,network_meter_after_july_2015,sapn-2024-25-annual-pricing-proposal-19apr2024,pdf:p95,installed prior to 1 July 2015 - These customers continue to pay the capital and non-capital charges; • Existing customers using SA Power Networks’ meters that were installed after 1 July 2015 - These customers will have incurred an upfront capital charge and will continue to pay the non-capital charge
sapn:STN557:2024-07-01:metering:legacy-metering-service-charge-non-capital,meter_class,network_meter_before_july_2015,sapn-2024-25-annual-pricing-proposal-19apr2024,pdf:p95,installed prior to 1 July 2015 - These customers continue to pay the capital and non-capital charges; • Existing customers using SA Power Networks’ meters that were installed after 1 July 2015 - These customers will have incurred an upfront capital charge and will continue to pay the non-capital charge
sapn:STN609:2023-07-01:metering:legacy-metering-service-charge-capital,meter_class,network_meter_before_july_2015,sapn-2023-24-annual-pricing-proposal-revised-8may2023,pdf:p94,installed prior to 1 July 2015 - These customers continue to pay the capital and non-capital charges; • Existing customers using SA Power Networks’ meters that were installed after 1 July 2015 - These customers will have incurred an upfront capital charge and will continue to pay the non-capital charge; • Existing customers using SA Power Networks’ meters at 30 June 2015 with meters subsequently replaced by 3rd party meters – These customers will continue to pay the capital charge
sapn:STN609:2023-07-01:metering:legacy-metering-service-charge-capital,meter_class,replaced_by_third_party_meter,sapn-2023-24-annual-pricing-proposal-revised-8may2023,pdf:p94,installed prior to 1 July 2015 - These customers continue to pay the capital and non-capital charges; • Existing customers using SA Power Networks’ meters that were installed after 1 July 2015 - These customers will have incurred an upfront capital charge and will continue to pay the non-capital charge; • Existing customers using SA Power Networks’ meters at 30 June 2015 with meters subsequently replaced by 3rd party meters – These customers will continue to pay the capital charge
sapn:STN609:2023-07-01:metering:legacy-metering-service-charge-non-capital,meter_class,network_meter_after_july_2015,sapn-2023-24-annual-pricing-proposal-revised-8may2023,pdf:p94,installed prior to 1 July 2015 - These customers continue to pay the capital and non-capital charges; • Existing customers using SA Power Networks’ meters that were installed after 1 July 2015 - These customers will have incurred an upfront capital charge and will continue to pay the non-capital charge
sapn:STN609:2023-07-01:metering:legacy-metering-service-charge-non-capital,meter_class,network_meter_before_july_2015,sapn-2023-24-annual-pricing-proposal-revised-8may2023,pdf:p94,installed prior to 1 July 2015 - These customers continue to pay the capital and non-capital charges; • Existing customers using SA Power Networks’ meters that were installed after 1 July 2015 - These customers will have incurred an upfront capital charge and will continue to pay the non-capital charge
sapn:STN609:2024-07-01:metering:legacy-metering-service-charge-capital,meter_class,network_meter_before_july_2015,sapn-2024-25-annual-pricing-proposal-19apr2024,pdf:p95,installed prior to 1 July 2015 - These customers continue to pay the capital and non-capital charges; • Existing customers using SA Power Networks’ meters that were installed after 1 July 2015 - These customers will have incurred an upfront capital charge and will continue to pay the non-capital charge; • Existing customers using SA Power Networks’ meters at 30 June 2015 with meters subsequently replaced by 3rd party meters – These customers will continue to pay the capital charge
sapn:STN609:2024-07-01:metering:legacy-metering-service-charge-capital,meter_class,replaced_by_third_party_meter,sapn-2024-25-annual-pricing-proposal-19apr2024,pdf:p95,installed prior to 1 July 2015 - These customers continue to pay the capital and non-capital charges; • Existing customers using SA Power Networks’ meters that were installed after 1 July 2015 - These customers will have incurred an upfront capital charge and will continue to pay the non-capital charge; • Existing customers using SA Power Networks’ meters at 30 June 2015 with meters subsequently replaced by 3rd party meters – These customers will continue to pay the capital charge
sapn:STN609:2024-07-01:metering:legacy-metering-service-charge-non-capital,meter_class,network_meter_after_july_2015,sapn-2024-25-annual-pricing-proposal-19apr2024,pdf:p95,installed prior to 1 July 2015 - These customers continue to pay the capital and non-capital charges; • Existing customers using SA Power Networks’ meters that were installed after 1 July 2015 - These customers will have incurred an upfront capital charge and will continue to pay the non-capital charge
sapn:STN609:2024-07-01:metering:legacy-metering-service-charge-non-capital,meter_class,network_meter_before_july_2015,sapn-2024-25-annual-pricing-proposal-19apr2024,pdf:p95,installed prior to 1 July 2015 - These customers continue to pay the capital and non-capital charges; • Existing customers using SA Power Networks’ meters that were installed after 1 July 2015 - These customers will have incurred an upfront capital charge and will continue to pay the non-capital charge
sapn:STN788:2023-07-01:metering:legacy-metering-service-charge-capital,meter_class,network_meter_before_july_2015,sapn-2023-24-annual-pricing-proposal-revised-8may2023,pdf:p94,installed prior to 1 July 2015 - These customers continue to pay the capital and non-capital charges; • Existing customers using SA Power Networks’ meters that were installed after 1 July 2015 - These customers will have incurred an upfront capital charge and will continue to pay the non-capital charge; • Existing customers using SA Power Networks’ meters at 30 June 2015 with meters subsequently replaced by 3rd party meters – These customers will continue to pay the capital charge
sapn:STN788:2023-07-01:metering:legacy-metering-service-charge-capital,meter_class,replaced_by_third_party_meter,sapn-2023-24-annual-pricing-proposal-revised-8may2023,pdf:p94,installed prior to 1 July 2015 - These customers continue to pay the capital and non-capital charges; • Existing customers using SA Power Networks’ meters that were installed after 1 July 2015 - These customers will have incurred an upfront capital charge and will continue to pay the non-capital charge; • Existing customers using SA Power Networks’ meters at 30 June 2015 with meters subsequently replaced by 3rd party meters – These customers will continue to pay the capital charge
sapn:STN788:2023-07-01:metering:legacy-metering-service-charge-non-capital,meter_class,network_meter_after_july_2015,sapn-2023-24-annual-pricing-proposal-revised-8may2023,pdf:p94,installed prior to 1 July 2015 - These customers continue to pay the capital and non-capital charges; • Existing customers using SA Power Networks’ meters that were installed after 1 July 2015 - These customers will have incurred an upfront capital charge and will continue to pay the non-capital charge
sapn:STN788:2023-07-01:metering:legacy-metering-service-charge-non-capital,meter_class,network_meter_before_july_2015,sapn-2023-24-annual-pricing-proposal-revised-8may2023,pdf:p94,installed prior to 1 July 2015 - These customers continue to pay the capital and non-capital charges; • Existing customers using SA Power Networks’ meters that were installed after 1 July 2015 - These customers will have incurred an upfront capital charge and will continue to pay the non-capital charge
sapn:STN788:2024-07-01:metering:legacy-metering-service-charge-capital,meter_class,network_meter_before_july_2015,sapn-2024-25-annual-pricing-proposal-19apr2024,pdf:p95,installed prior to 1 July 2015 - These customers continue to pay the capital and non-capital charges; • Existing customers using SA Power Networks’ meters that were installed after 1 July 2015 - These customers will have incurred an upfront capital charge and will continue to pay the non-capital charge; • Existing customers using SA Power Networks’ meters at 30 June 2015 with meters subsequently replaced by 3rd party meters – These customers will continue to pay the capital charge
sapn:STN788:2024-07-01:metering:legacy-metering-service-charge-capital,meter_class,replaced_by_third_party_meter,sapn-2024-25-annual-pricing-proposal-19apr2024,pdf:p95,installed prior to 1 July 2015 - These customers continue to pay the capital and non-capital charges; • Existing customers using SA Power Networks’ meters that were installed after 1 July 2015 - These customers will have incurred an upfront capital charge and will continue to pay the non-capital charge; • Existing customers using SA Power Networks’ meters at 30 June 2015 with meters subsequently replaced by 3rd party meters – These customers will continue to pay the capital charge
sapn:STN788:2024-07-01:metering:legacy-metering-service-charge-non-capital,meter_class,network_meter_after_july_2015,sapn-2024-25-annual-pricing-proposal-19apr2024,pdf:p95,installed prior to 1 July 2015 - These customers continue to pay the capital and non-capital charges; • Existing customers using SA Power Networks’ meters that were installed after 1 July 2015 - These customers will have incurred an upfront capital charge and will continue to pay the non-capital charge
sapn:STN788:2024-07-01:metering:legacy-metering-service-charge-non-capital,meter_class,network_meter_before_july_2015,sapn-2024-25-annual-pricing-proposal-19apr2024,pdf:p95,installed prior to 1 July 2015 - These customers continue to pay the capital and non-capital charges; • Existing customers using SA Power Networks’ meters that were installed after 1 July 2015 - These customers will have incurred an upfront capital charge and will continue to pay the non-capital charge
sapn:STN:2023-07-01:metering:legacy-metering-service-charge-capital,meter_class,network_meter_before_july_2015,sapn-2023-24-annual-pricing-proposal-revised-8may2023,pdf:p94,installed prior to 1 July 2015 - These customers continue to pay the capital and non-capital charges; • Existing customers using SA Power Networks’ meters that were installed after 1 July 2015 - These customers will have incurred an upfront capital charge and will continue to pay the non-capital charge; • Existing customers using SA Power Networks’ meters at 30 June 2015 with meters subsequently replaced by 3rd party meters – These customers will continue to pay the capital charge
sapn:STN:2023-07-01:metering:legacy-metering-service-charge-capital,meter_class,replaced_by_third_party_meter,sapn-2023-24-annual-pricing-proposal-revised-8may2023,pdf:p94,installed prior to 1 July 2015 - These customers continue to pay the capital and non-capital charges; • Existing customers using SA Power Networks’ meters that were installed after 1 July 2015 - These customers will have incurred an upfront capital charge and will continue to pay the non-capital charge; • Existing customers using SA Power Networks’ meters at 30 June 2015 with meters subsequently replaced by 3rd party meters – These customers will continue to pay the capital charge
sapn:STN:2023-07-01:metering:legacy-metering-service-charge-non-capital,meter_class,network_meter_after_july_2015,sapn-2023-24-annual-pricing-proposal-revised-8may2023,pdf:p94,installed prior to 1 July 2015 - These customers continue to pay the capital and non-capital charges; • Existing customers using SA Power Networks’ meters that were installed after 1 July 2015 - These customers will have incurred an upfront capital charge and will continue to pay the non-capital charge
sapn:STN:2023-07-01:metering:legacy-metering-service-charge-non-capital,meter_class,network_meter_before_july_2015,sapn-2023-24-annual-pricing-proposal-revised-8may2023,pdf:p94,installed prior to 1 July 2015 - These customers continue to pay the capital and non-capital charges; • Existing customers using SA Power Networks’ meters that were installed after 1 July 2015 - These customers will have incurred an upfront capital charge and will continue to pay the non-capital charge
sapn:STN:2024-07-01:metering:legacy-metering-service-charge-capital,meter_class,network_meter_before_july_2015,sapn-2024-25-annual-pricing-proposal-19apr2024,pdf:p95,installed prior to 1 July 2015 - These customers continue to pay the capital and non-capital charges; • Existing customers using SA Power Networks’ meters that were installed after 1 July 2015 - These customers will have incurred an upfront capital charge and will continue to pay the non-capital charge; • Existing customers using SA Power Networks’ meters at 30 June 2015 with meters subsequently replaced by 3rd party meters – These customers will continue to pay the capital charge
sapn:STN:2024-07-01:metering:legacy-metering-service-charge-capital,meter_class,replaced_by_third_party_meter,sapn-2024-25-annual-pricing-proposal-19apr2024,pdf:p95,installed prior to 1 July 2015 - These customers continue to pay the capital and non-capital charges; • Existing customers using SA Power Networks’ meters that were installed after 1 July 2015 - These customers will have incurred an upfront capital charge and will continue to pay the non-capital charge; • Existing customers using SA Power Networks’ meters at 30 June 2015 with meters subsequently replaced by 3rd party meters – These customers will continue to pay the capital charge
sapn:STN:2024-07-01:metering:legacy-metering-service-charge-non-capital,meter_class,network_meter_after_july_2015,sapn-2024-25-annual-pricing-proposal-19apr2024,pdf:p95,installed prior to 1 July 2015 - These customers continue to pay the capital and non-capital charges; • Existing customers using SA Power Networks’ meters that were installed after 1 July 2015 - These customers will have incurred an upfront capital charge and will continue to pay the non-capital charge
sapn:STN:2024-07-01:metering:legacy-metering-service-charge-non-capital,meter_class,network_meter_before_july_2015,sapn-2024-25-annual-pricing-proposal-19apr2024,pdf:p95,installed prior to 1 July 2015 - These customers continue to pay the capital and non-capital charges; • Existing customers using SA Power Networks’ meters that were installed after 1 July 2015 - These customers will have incurred an upfront capital charge and will continue to pay the non-capital charge
sapn:STNF:2023-07-01:metering:legacy-metering-service-charge-capital,meter_class,network_meter_before_july_2015,sapn-2023-24-annual-pricing-proposal-revised-8may2023,pdf:p94,installed prior to 1 July 2015 - These customers continue to pay the capital and non-capital charges; • Existing customers using SA Power Networks’ meters that were installed after 1 July 2015 - These customers will have incurred an upfront capital charge and will continue to pay the non-capital charge; • Existing customers using SA Power Networks’ meters at 30 June 2015 with meters subsequently replaced by 3rd party meters – These customers will continue to pay the capital charge
sapn:STNF:2023-07-01:metering:legacy-metering-service-charge-capital,meter_class,replaced_by_third_party_meter,sapn-2023-24-annual-pricing-proposal-revised-8may2023,pdf:p94,installed prior to 1 July 2015 - These customers continue to pay the capital and non-capital charges; • Existing customers using SA Power Networks’ meters that were installed after 1 July 2015 - These customers will have incurred an upfront capital charge and will continue to pay the non-capital charge; • Existing customers using SA Power Networks’ meters at 30 June 2015 with meters subsequently replaced by 3rd party meters – These customers will continue to pay the capital charge
sapn:STNF:2023-07-01:metering:legacy-metering-service-charge-non-capital,meter_class,network_meter_after_july_2015,sapn-2023-24-annual-pricing-proposal-revised-8may2023,pdf:p94,installed prior to 1 July 2015 - These customers continue to pay the capital and non-capital charges; • Existing customers using SA Power Networks’ meters that were installed after 1 July 2015 - These customers will have incurred an upfront capital charge and will continue to pay the non-capital charge
sapn:STNF:2023-07-01:metering:legacy-metering-service-charge-non-capital,meter_class,network_meter_before_july_2015,sapn-2023-24-annual-pricing-proposal-revised-8may2023,pdf:p94,installed prior to 1 July 2015 - These customers continue to pay the capital and non-capital charges; • Existing customers using SA Power Networks’ meters that were installed after 1 July 2015 - These customers will have incurred an upfront capital charge and will continue to pay the non-capital charge
sapn:STNF:2024-07-01:metering:legacy-metering-service-charge-capital,meter_class,network_meter_before_july_2015,sapn-2024-25-annual-pricing-proposal-19apr2024,pdf:p95,installed prior to 1 July 2015 - These customers continue to pay the capital and non-capital charges; • Existing customers using SA Power Networks’ meters that were installed after 1 July 2015 - These customers will have incurred an upfront capital charge and will continue to pay the non-capital charge; • Existing customers using SA Power Networks’ meters at 30 June 2015 with meters subsequently replaced by 3rd party meters – These customers will continue to pay the capital charge
sapn:STNF:2024-07-01:metering:legacy-metering-service-charge-capital,meter_class,replaced_by_third_party_meter,sapn-2024-25-annual-pricing-proposal-19apr2024,pdf:p95,installed prior to 1 July 2015 - These customers continue to pay the capital and non-capital charges; • Existing customers using SA Power Networks’ meters that were installed after 1 July 2015 - These customers will have incurred an upfront capital charge and will continue to pay the non-capital charge; • Existing customers using SA Power Networks’ meters at 30 June 2015 with meters subsequently replaced by 3rd party meters – These customers will continue to pay the capital charge
sapn:STNF:2024-07-01:metering:legacy-metering-service-charge-non-capital,meter_class,network_meter_after_july_2015,sapn-2024-25-annual-pricing-proposal-19apr2024,pdf:p95,installed prior to 1 July 2015 - These customers continue to pay the capital and non-capital charges; • Existing customers using SA Power Networks’ meters that were installed after 1 July 2015 - These customers will have incurred an upfront capital charge and will continue to pay the non-capital charge
sapn:STNF:2024-07-01:metering:legacy-metering-service-charge-non-capital,meter_class,network_meter_before_july_2015,sapn-2024-25-annual-pricing-proposal-19apr2024,pdf:p95,installed prior to 1 July 2015 - These customers continue to pay the capital and non-capital charges; • Existing customers using SA Power Networks’ meters that were installed after 1 July 2015 - These customers will have incurred an upfront capital charge and will continue to pay the non-capital charge
sapn:STNGF:2023-07-01:metering:legacy-metering-service-charge-capital,meter_class,network_meter_before_july_2015,sapn-2023-24-annual-pricing-proposal-revised-8may2023,pdf:p94,installed prior to 1 July 2015 - These customers continue to pay the capital and non-capital charges; • Existing customers using SA Power Networks’ meters that were installed after 1 July 2015 - These customers will have incurred an upfront capital charge and will continue to pay the non-capital charge; • Existing customers using SA Power Networks’ meters at 30 June 2015 with meters subsequently replaced by 3rd party meters – These customers will continue to pay the capital charge
sapn:STNGF:2023-07-01:metering:legacy-metering-service-charge-capital,meter_class,replaced_by_third_party_meter,sapn-2023-24-annual-pricing-proposal-revised-8may2023,pdf:p94,installed prior to 1 July 2015 - These customers continue to pay the capital and non-capital charges; • Existing customers using SA Power Networks’ meters that were installed after 1 July 2015 - These customers will have incurred an upfront capital charge and will continue to pay the non-capital charge; • Existing customers using SA Power Networks’ meters at 30 June 2015 with meters subsequently replaced by 3rd party meters – These customers will continue to pay the capital charge
sapn:STNGF:2023-07-01:metering:legacy-metering-service-charge-non-capital,meter_class,network_meter_after_july_2015,sapn-2023-24-annual-pricing-proposal-revised-8may2023,pdf:p94,installed prior to 1 July 2015 - These customers continue to pay the capital and non-capital charges; • Existing customers using SA Power Networks’ meters that were installed after 1 July 2015 - These customers will have incurred an upfront capital charge and will continue to pay the non-capital charge
sapn:STNGF:2023-07-01:metering:legacy-metering-service-charge-non-capital,meter_class,network_meter_before_july_2015,sapn-2023-24-annual-pricing-proposal-revised-8may2023,pdf:p94,installed prior to 1 July 2015 - These customers continue to pay the capital and non-capital charges; • Existing customers using SA Power Networks’ meters that were installed after 1 July 2015 - These customers will have incurred an upfront capital charge and will continue to pay the non-capital charge
sapn:STNGF:2024-07-01:metering:legacy-metering-service-charge-capital,meter_class,network_meter_before_july_2015,sapn-2024-25-annual-pricing-proposal-19apr2024,pdf:p95,installed prior to 1 July 2015 - These customers continue to pay the capital and non-capital charges; • Existing customers using SA Power Networks’ meters that were installed after 1 July 2015 - These customers will have incurred an upfront capital charge and will continue to pay the non-capital charge; • Existing customers using SA Power Networks’ meters at 30 June 2015 with meters subsequently replaced by 3rd party meters – These customers will continue to pay the capital charge
sapn:STNGF:2024-07-01:metering:legacy-metering-service-charge-capital,meter_class,replaced_by_third_party_meter,sapn-2024-25-annual-pricing-proposal-19apr2024,pdf:p95,installed prior to 1 July 2015 - These customers continue to pay the capital and non-capital charges; • Existing customers using SA Power Networks’ meters that were installed after 1 July 2015 - These customers will have incurred an upfront capital charge and will continue to pay the non-capital charge; • Existing customers using SA Power Networks’ meters at 30 June 2015 with meters subsequently replaced by 3rd party meters – These customers will continue to pay the capital charge
sapn:STNGF:2024-07-01:metering:legacy-metering-service-charge-non-capital,meter_class,network_meter_after_july_2015,sapn-2024-25-annual-pricing-proposal-19apr2024,pdf:p95,installed prior to 1 July 2015 - These customers continue to pay the capital and non-capital charges; • Existing customers using SA Power Networks’ meters that were installed after 1 July 2015 - These customers will have incurred an upfront capital charge and will continue to pay the non-capital charge
sapn:STNGF:2024-07-01:metering:legacy-metering-service-charge-non-capital,meter_class,network_meter_before_july_2015,sapn-2024-25-annual-pricing-proposal-19apr2024,pdf:p95,installed prior to 1 July 2015 - These customers continue to pay the capital and non-capital charges; • Existing customers using SA Power Networks’ meters that were installed after 1 July 2015 - These customers will have incurred an upfront capital charge and will continue to pay the non-capital charge
sapn:STR069:2024-07-01:metering:legacy-metering-service-charge-capital,meter_class,network_meter_before_july_2015,sapn-2024-25-annual-pricing-proposal-19apr2024,pdf:p95,installed prior to 1 July 2015 - These customers continue to pay the capital and non-capital charges; • Existing customers using SA Power Networks’ meters that were installed after 1 July 2015 - These customers will have incurred an upfront capital charge and will continue to pay the non-capital charge; • Existing customers using SA Power Networks’ meters at 30 June 2015 with meters subsequently replaced by 3rd party meters – These customers will continue to pay the capital charge
sapn:STR069:2024-07-01:metering:legacy-metering-service-charge-capital,meter_class,replaced_by_third_party_meter,sapn-2024-25-annual-pricing-proposal-19apr2024,pdf:p95,installed prior to 1 July 2015 - These customers continue to pay the capital and non-capital charges; • Existing customers using SA Power Networks’ meters that were installed after 1 July 2015 - These customers will have incurred an upfront capital charge and will continue to pay the non-capital charge; • Existing customers using SA Power Networks’ meters at 30 June 2015 with meters subsequently replaced by 3rd party meters – These customers will continue to pay the capital charge
sapn:STR069:2024-07-01:metering:legacy-metering-service-charge-non-capital,meter_class,network_meter_after_july_2015,sapn-2024-25-annual-pricing-proposal-19apr2024,pdf:p95,installed prior to 1 July 2015 - These customers continue to pay the capital and non-capital charges; • Existing customers using SA Power Networks’ meters that were installed after 1 July 2015 - These customers will have incurred an upfront capital charge and will continue to pay the non-capital charge
sapn:STR069:2024-07-01:metering:legacy-metering-service-charge-non-capital,meter_class,network_meter_before_july_2015,sapn-2024-25-annual-pricing-proposal-19apr2024,pdf:p95,installed prior to 1 July 2015 - These customers continue to pay the capital and non-capital charges; • Existing customers using SA Power Networks’ meters that were installed after 1 July 2015 - These customers will have incurred an upfront capital charge and will continue to pay the non-capital charge
sapn:STR123:2024-07-01:metering:legacy-metering-service-charge-capital,meter_class,network_meter_before_july_2015,sapn-2024-25-annual-pricing-proposal-19apr2024,pdf:p95,installed prior to 1 July 2015 - These customers continue to pay the capital and non-capital charges; • Existing customers using SA Power Networks’ meters that were installed after 1 July 2015 - These customers will have incurred an upfront capital charge and will continue to pay the non-capital charge; • Existing customers using SA Power Networks’ meters at 30 June 2015 with meters subsequently replaced by 3rd party meters – These customers will continue to pay the capital charge
sapn:STR123:2024-07-01:metering:legacy-metering-service-charge-capital,meter_class,replaced_by_third_party_meter,sapn-2024-25-annual-pricing-proposal-19apr2024,pdf:p95,installed prior to 1 July 2015 - These customers continue to pay the capital and non-capital charges; • Existing customers using SA Power Networks’ meters that were installed after 1 July 2015 - These customers will have incurred an upfront capital charge and will continue to pay the non-capital charge; • Existing customers using SA Power Networks’ meters at 30 June 2015 with meters subsequently replaced by 3rd party meters – These customers will continue to pay the capital charge
sapn:STR123:2024-07-01:metering:legacy-metering-service-charge-non-capital,meter_class,network_meter_after_july_2015,sapn-2024-25-annual-pricing-proposal-19apr2024,pdf:p95,installed prior to 1 July 2015 - These customers continue to pay the capital and non-capital charges; • Existing customers using SA Power Networks’ meters that were installed after 1 July 2015 - These customers will have incurred an upfront capital charge and will continue to pay the non-capital charge
sapn:STR123:2024-07-01:metering:legacy-metering-service-charge-non-capital,meter_class,network_meter_before_july_2015,sapn-2024-25-annual-pricing-proposal-19apr2024,pdf:p95,installed prior to 1 July 2015 - These customers continue to pay the capital and non-capital charges; • Existing customers using SA Power Networks’ meters that were installed after 1 July 2015 - These customers will have incurred an upfront capital charge and will continue to pay the non-capital charge
sapn:STR148:2023-07-01:metering:legacy-metering-service-charge-capital,meter_class,network_meter_before_july_2015,sapn-2023-24-annual-pricing-proposal-revised-8may2023,pdf:p94,installed prior to 1 July 2015 - These customers continue to pay the capital and non-capital charges; • Existing customers using SA Power Networks’ meters that were installed after 1 July 2015 - These customers will have incurred an upfront capital charge and will continue to pay the non-capital charge; • Existing customers using SA Power Networks’ meters at 30 June 2015 with meters subsequently replaced by 3rd party meters – These customers will continue to pay the capital charge
sapn:STR148:2023-07-01:metering:legacy-metering-service-charge-capital,meter_class,replaced_by_third_party_meter,sapn-2023-24-annual-pricing-proposal-revised-8may2023,pdf:p94,installed prior to 1 July 2015 - These customers continue to pay the capital and non-capital charges; • Existing customers using SA Power Networks’ meters that were installed after 1 July 2015 - These customers will have incurred an upfront capital charge and will continue to pay the non-capital charge; • Existing customers using SA Power Networks’ meters at 30 June 2015 with meters subsequently replaced by 3rd party meters – These customers will continue to pay the capital charge
sapn:STR148:2023-07-01:metering:legacy-metering-service-charge-non-capital,meter_class,network_meter_after_july_2015,sapn-2023-24-annual-pricing-proposal-revised-8may2023,pdf:p94,installed prior to 1 July 2015 - These customers continue to pay the capital and non-capital charges; • Existing customers using SA Power Networks’ meters that were installed after 1 July 2015 - These customers will have incurred an upfront capital charge and will continue to pay the non-capital charge
sapn:STR148:2023-07-01:metering:legacy-metering-service-charge-non-capital,meter_class,network_meter_before_july_2015,sapn-2023-24-annual-pricing-proposal-revised-8may2023,pdf:p94,installed prior to 1 July 2015 - These customers continue to pay the capital and non-capital charges; • Existing customers using SA Power Networks’ meters that were installed after 1 July 2015 - These customers will have incurred an upfront capital charge and will continue to pay the non-capital charge
sapn:STR148:2024-07-01:metering:legacy-metering-service-charge-capital,meter_class,network_meter_before_july_2015,sapn-2024-25-annual-pricing-proposal-19apr2024,pdf:p95,installed prior to 1 July 2015 - These customers continue to pay the capital and non-capital charges; • Existing customers using SA Power Networks’ meters that were installed after 1 July 2015 - These customers will have incurred an upfront capital charge and will continue to pay the non-capital charge; • Existing customers using SA Power Networks’ meters at 30 June 2015 with meters subsequently replaced by 3rd party meters – These customers will continue to pay the capital charge
sapn:STR148:2024-07-01:metering:legacy-metering-service-charge-capital,meter_class,replaced_by_third_party_meter,sapn-2024-25-annual-pricing-proposal-19apr2024,pdf:p95,installed prior to 1 July 2015 - These customers continue to pay the capital and non-capital charges; • Existing customers using SA Power Networks’ meters that were installed after 1 July 2015 - These customers will have incurred an upfront capital charge and will continue to pay the non-capital charge; • Existing customers using SA Power Networks’ meters at 30 June 2015 with meters subsequently replaced by 3rd party meters – These customers will continue to pay the capital charge
sapn:STR148:2024-07-01:metering:legacy-metering-service-charge-non-capital,meter_class,network_meter_after_july_2015,sapn-2024-25-annual-pricing-proposal-19apr2024,pdf:p95,installed prior to 1 July 2015 - These customers continue to pay the capital and non-capital charges; • Existing customers using SA Power Networks’ meters that were installed after 1 July 2015 - These customers will have incurred an upfront capital charge and will continue to pay the non-capital charge
sapn:STR148:2024-07-01:metering:legacy-metering-service-charge-non-capital,meter_class,network_meter_before_july_2015,sapn-2024-25-annual-pricing-proposal-19apr2024,pdf:p95,installed prior to 1 July 2015 - These customers continue to pay the capital and non-capital charges; • Existing customers using SA Power Networks’ meters that were installed after 1 July 2015 - These customers will have incurred an upfront capital charge and will continue to pay the non-capital charge
sapn:STR162:2023-07-01:metering:legacy-metering-service-charge-capital,meter_class,network_meter_before_july_2015,sapn-2023-24-annual-pricing-proposal-revised-8may2023,pdf:p94,installed prior to 1 July 2015 - These customers continue to pay the capital and non-capital charges; • Existing customers using SA Power Networks’ meters that were installed after 1 July 2015 - These customers will have incurred an upfront capital charge and will continue to pay the non-capital charge; • Existing customers using SA Power Networks’ meters at 30 June 2015 with meters subsequently replaced by 3rd party meters – These customers will continue to pay the capital charge
sapn:STR162:2023-07-01:metering:legacy-metering-service-charge-capital,meter_class,replaced_by_third_party_meter,sapn-2023-24-annual-pricing-proposal-revised-8may2023,pdf:p94,installed prior to 1 July 2015 - These customers continue to pay the capital and non-capital charges; • Existing customers using SA Power Networks’ meters that were installed after 1 July 2015 - These customers will have incurred an upfront capital charge and will continue to pay the non-capital charge; • Existing customers using SA Power Networks’ meters at 30 June 2015 with meters subsequently replaced by 3rd party meters – These customers will continue to pay the capital charge
sapn:STR162:2023-07-01:metering:legacy-metering-service-charge-non-capital,meter_class,network_meter_after_july_2015,sapn-2023-24-annual-pricing-proposal-revised-8may2023,pdf:p94,installed prior to 1 July 2015 - These customers continue to pay the capital and non-capital charges; • Existing customers using SA Power Networks’ meters that were installed after 1 July 2015 - These customers will have incurred an upfront capital charge and will continue to pay the non-capital charge
sapn:STR162:2023-07-01:metering:legacy-metering-service-charge-non-capital,meter_class,network_meter_before_july_2015,sapn-2023-24-annual-pricing-proposal-revised-8may2023,pdf:p94,installed prior to 1 July 2015 - These customers continue to pay the capital and non-capital charges; • Existing customers using SA Power Networks’ meters that were installed after 1 July 2015 - These customers will have incurred an upfront capital charge and will continue to pay the non-capital charge
sapn:STR404:2024-07-01:metering:legacy-metering-service-charge-capital,meter_class,network_meter_before_july_2015,sapn-2024-25-annual-pricing-proposal-19apr2024,pdf:p95,installed prior to 1 July 2015 - These customers continue to pay the capital and non-capital charges; • Existing customers using SA Power Networks’ meters that were installed after 1 July 2015 - These customers will have incurred an upfront capital charge and will continue to pay the non-capital charge; • Existing customers using SA Power Networks’ meters at 30 June 2015 with meters subsequently replaced by 3rd party meters – These customers will continue to pay the capital charge
sapn:STR404:2024-07-01:metering:legacy-metering-service-charge-capital,meter_class,replaced_by_third_party_meter,sapn-2024-25-annual-pricing-proposal-19apr2024,pdf:p95,installed prior to 1 July 2015 - These customers continue to pay the capital and non-capital charges; • Existing customers using SA Power Networks’ meters that were installed after 1 July 2015 - These customers will have incurred an upfront capital charge and will continue to pay the non-capital charge; • Existing customers using SA Power Networks’ meters at 30 June 2015 with meters subsequently replaced by 3rd party meters – These customers will continue to pay the capital charge
sapn:STR404:2024-07-01:metering:legacy-metering-service-charge-non-capital,meter_class,network_meter_after_july_2015,sapn-2024-25-annual-pricing-proposal-19apr2024,pdf:p95,installed prior to 1 July 2015 - These customers continue to pay the capital and non-capital charges; • Existing customers using SA Power Networks’ meters that were installed after 1 July 2015 - These customers will have incurred an upfront capital charge and will continue to pay the non-capital charge
sapn:STR404:2024-07-01:metering:legacy-metering-service-charge-non-capital,meter_class,network_meter_before_july_2015,sapn-2024-25-annual-pricing-proposal-19apr2024,pdf:p95,installed prior to 1 July 2015 - These customers continue to pay the capital and non-capital charges; • Existing customers using SA Power Networks’ meters that were installed after 1 July 2015 - These customers will have incurred an upfront capital charge and will continue to pay the non-capital charge
sapn:STR483:2023-07-01:metering:legacy-metering-service-charge-capital,meter_class,network_meter_before_july_2015,sapn-2023-24-annual-pricing-proposal-revised-8may2023,pdf:p94,installed prior to 1 July 2015 - These customers continue to pay the capital and non-capital charges; • Existing customers using SA Power Networks’ meters that were installed after 1 July 2015 - These customers will have incurred an upfront capital charge and will continue to pay the non-capital charge; • Existing customers using SA Power Networks’ meters at 30 June 2015 with meters subsequently replaced by 3rd party meters – These customers will continue to pay the capital charge
sapn:STR483:2023-07-01:metering:legacy-metering-service-charge-capital,meter_class,replaced_by_third_party_meter,sapn-2023-24-annual-pricing-proposal-revised-8may2023,pdf:p94,installed prior to 1 July 2015 - These customers continue to pay the capital and non-capital charges; • Existing customers using SA Power Networks’ meters that were installed after 1 July 2015 - These customers will have incurred an upfront capital charge and will continue to pay the non-capital charge; • Existing customers using SA Power Networks’ meters at 30 June 2015 with meters subsequently replaced by 3rd party meters – These customers will continue to pay the capital charge
sapn:STR483:2023-07-01:metering:legacy-metering-service-charge-non-capital,meter_class,network_meter_after_july_2015,sapn-2023-24-annual-pricing-proposal-revised-8may2023,pdf:p94,installed prior to 1 July 2015 - These customers continue to pay the capital and non-capital charges; • Existing customers using SA Power Networks’ meters that were installed after 1 July 2015 - These customers will have incurred an upfront capital charge and will continue to pay the non-capital charge
sapn:STR483:2023-07-01:metering:legacy-metering-service-charge-non-capital,meter_class,network_meter_before_july_2015,sapn-2023-24-annual-pricing-proposal-revised-8may2023,pdf:p94,installed prior to 1 July 2015 - These customers continue to pay the capital and non-capital charges; • Existing customers using SA Power Networks’ meters that were installed after 1 July 2015 - These customers will have incurred an upfront capital charge and will continue to pay the non-capital charge
sapn:STR483:2024-07-01:metering:legacy-metering-service-charge-capital,meter_class,network_meter_before_july_2015,sapn-2024-25-annual-pricing-proposal-19apr2024,pdf:p95,installed prior to 1 July 2015 - These customers continue to pay the capital and non-capital charges; • Existing customers using SA Power Networks’ meters that were installed after 1 July 2015 - These customers will have incurred an upfront capital charge and will continue to pay the non-capital charge; • Existing customers using SA Power Networks’ meters at 30 June 2015 with meters subsequently replaced by 3rd party meters – These customers will continue to pay the capital charge
sapn:STR483:2024-07-01:metering:legacy-metering-service-charge-capital,meter_class,replaced_by_third_party_meter,sapn-2024-25-annual-pricing-proposal-19apr2024,pdf:p95,installed prior to 1 July 2015 - These customers continue to pay the capital and non-capital charges; • Existing customers using SA Power Networks’ meters that were installed after 1 July 2015 - These customers will have incurred an upfront capital charge and will continue to pay the non-capital charge; • Existing customers using SA Power Networks’ meters at 30 June 2015 with meters subsequently replaced by 3rd party meters – These customers will continue to pay the capital charge
sapn:STR483:2024-07-01:metering:legacy-metering-service-charge-non-capital,meter_class,network_meter_after_july_2015,sapn-2024-25-annual-pricing-proposal-19apr2024,pdf:p95,installed prior to 1 July 2015 - These customers continue to pay the capital and non-capital charges; • Existing customers using SA Power Networks’ meters that were installed after 1 July 2015 - These customers will have incurred an upfront capital charge and will continue to pay the non-capital charge
sapn:STR483:2024-07-01:metering:legacy-metering-service-charge-non-capital,meter_class,network_meter_before_july_2015,sapn-2024-25-annual-pricing-proposal-19apr2024,pdf:p95,installed prior to 1 July 2015 - These customers continue to pay the capital and non-capital charges; • Existing customers using SA Power Networks’ meters that were installed after 1 July 2015 - These customers will have incurred an upfront capital charge and will continue to pay the non-capital charge
sapn:STR610:2023-07-01:metering:legacy-metering-service-charge-capital,meter_class,network_meter_before_july_2015,sapn-2023-24-annual-pricing-proposal-revised-8may2023,pdf:p94,installed prior to 1 July 2015 - These customers continue to pay the capital and non-capital charges; • Existing customers using SA Power Networks’ meters that were installed after 1 July 2015 - These customers will have incurred an upfront capital charge and will continue to pay the non-capital charge; • Existing customers using SA Power Networks’ meters at 30 June 2015 with meters subsequently replaced by 3rd party meters – These customers will continue to pay the capital charge
sapn:STR610:2023-07-01:metering:legacy-metering-service-charge-capital,meter_class,replaced_by_third_party_meter,sapn-2023-24-annual-pricing-proposal-revised-8may2023,pdf:p94,installed prior to 1 July 2015 - These customers continue to pay the capital and non-capital charges; • Existing customers using SA Power Networks’ meters that were installed after 1 July 2015 - These customers will have incurred an upfront capital charge and will continue to pay the non-capital charge; • Existing customers using SA Power Networks’ meters at 30 June 2015 with meters subsequently replaced by 3rd party meters – These customers will continue to pay the capital charge
sapn:STR610:2023-07-01:metering:legacy-metering-service-charge-non-capital,meter_class,network_meter_after_july_2015,sapn-2023-24-annual-pricing-proposal-revised-8may2023,pdf:p94,installed prior to 1 July 2015 - These customers continue to pay the capital and non-capital charges; • Existing customers using SA Power Networks’ meters that were installed after 1 July 2015 - These customers will have incurred an upfront capital charge and will continue to pay the non-capital charge
sapn:STR610:2023-07-01:metering:legacy-metering-service-charge-non-capital,meter_class,network_meter_before_july_2015,sapn-2023-24-annual-pricing-proposal-revised-8may2023,pdf:p94,installed prior to 1 July 2015 - These customers continue to pay the capital and non-capital charges; • Existing customers using SA Power Networks’ meters that were installed after 1 July 2015 - These customers will have incurred an upfront capital charge and will continue to pay the non-capital charge
sapn:STR610:2024-07-01:metering:legacy-metering-service-charge-capital,meter_class,network_meter_before_july_2015,sapn-2024-25-annual-pricing-proposal-19apr2024,pdf:p95,installed prior to 1 July 2015 - These customers continue to pay the capital and non-capital charges; • Existing customers using SA Power Networks’ meters that were installed after 1 July 2015 - These customers will have incurred an upfront capital charge and will continue to pay the non-capital charge; • Existing customers using SA Power Networks’ meters at 30 June 2015 with meters subsequently replaced by 3rd party meters – These customers will continue to pay the capital charge
sapn:STR610:2024-07-01:metering:legacy-metering-service-charge-capital,meter_class,replaced_by_third_party_meter,sapn-2024-25-annual-pricing-proposal-19apr2024,pdf:p95,installed prior to 1 July 2015 - These customers continue to pay the capital and non-capital charges; • Existing customers using SA Power Networks’ meters that were installed after 1 July 2015 - These customers will have incurred an upfront capital charge and will continue to pay the non-capital charge; • Existing customers using SA Power Networks’ meters at 30 June 2015 with meters subsequently replaced by 3rd party meters – These customers will continue to pay the capital charge
sapn:STR610:2024-07-01:metering:legacy-metering-service-charge-non-capital,meter_class,network_meter_after_july_2015,sapn-2024-25-annual-pricing-proposal-19apr2024,pdf:p95,installed prior to 1 July 2015 - These customers continue to pay the capital and non-capital charges; • Existing customers using SA Power Networks’ meters that were installed after 1 July 2015 - These customers will have incurred an upfront capital charge and will continue to pay the non-capital charge
sapn:STR610:2024-07-01:metering:legacy-metering-service-charge-non-capital,meter_class,network_meter_before_july_2015,sapn-2024-25-annual-pricing-proposal-19apr2024,pdf:p95,installed prior to 1 July 2015 - These customers continue to pay the capital and non-capital charges; • Existing customers using SA Power Networks’ meters that were installed after 1 July 2015 - These customers will have incurred an upfront capital charge and will continue to pay the non-capital charge
sapn:STR749:2023-07-01:metering:legacy-metering-service-charge-capital,meter_class,network_meter_before_july_2015,sapn-2023-24-annual-pricing-proposal-revised-8may2023,pdf:p94,installed prior to 1 July 2015 - These customers continue to pay the capital and non-capital charges; • Existing customers using SA Power Networks’ meters that were installed after 1 July 2015 - These customers will have incurred an upfront capital charge and will continue to pay the non-capital charge; • Existing customers using SA Power Networks’ meters at 30 June 2015 with meters subsequently replaced by 3rd party meters – These customers will continue to pay the capital charge
sapn:STR749:2023-07-01:metering:legacy-metering-service-charge-capital,meter_class,replaced_by_third_party_meter,sapn-2023-24-annual-pricing-proposal-revised-8may2023,pdf:p94,installed prior to 1 July 2015 - These customers continue to pay the capital and non-capital charges; • Existing customers using SA Power Networks’ meters that were installed after 1 July 2015 - These customers will have incurred an upfront capital charge and will continue to pay the non-capital charge; • Existing customers using SA Power Networks’ meters at 30 June 2015 with meters subsequently replaced by 3rd party meters – These customers will continue to pay the capital charge
sapn:STR749:2023-07-01:metering:legacy-metering-service-charge-non-capital,meter_class,network_meter_after_july_2015,sapn-2023-24-annual-pricing-proposal-revised-8may2023,pdf:p94,installed prior to 1 July 2015 - These customers continue to pay the capital and non-capital charges; • Existing customers using SA Power Networks’ meters that were installed after 1 July 2015 - These customers will have incurred an upfront capital charge and will continue to pay the non-capital charge
sapn:STR749:2023-07-01:metering:legacy-metering-service-charge-non-capital,meter_class,network_meter_before_july_2015,sapn-2023-24-annual-pricing-proposal-revised-8may2023,pdf:p94,installed prior to 1 July 2015 - These customers continue to pay the capital and non-capital charges; • Existing customers using SA Power Networks’ meters that were installed after 1 July 2015 - These customers will have incurred an upfront capital charge and will continue to pay the non-capital charge
sapn:STR749:2024-07-01:metering:legacy-metering-service-charge-capital,meter_class,network_meter_before_july_2015,sapn-2024-25-annual-pricing-proposal-19apr2024,pdf:p95,installed prior to 1 July 2015 - These customers continue to pay the capital and non-capital charges; • Existing customers using SA Power Networks’ meters that were installed after 1 July 2015 - These customers will have incurred an upfront capital charge and will continue to pay the non-capital charge; • Existing customers using SA Power Networks’ meters at 30 June 2015 with meters subsequently replaced by 3rd party meters – These customers will continue to pay the capital charge
sapn:STR749:2024-07-01:metering:legacy-metering-service-charge-capital,meter_class,replaced_by_third_party_meter,sapn-2024-25-annual-pricing-proposal-19apr2024,pdf:p95,installed prior to 1 July 2015 - These customers continue to pay the capital and non-capital charges; • Existing customers using SA Power Networks’ meters that were installed after 1 July 2015 - These customers will have incurred an upfront capital charge and will continue to pay the non-capital charge; • Existing customers using SA Power Networks’ meters at 30 June 2015 with meters subsequently replaced by 3rd party meters – These customers will continue to pay the capital charge
sapn:STR749:2024-07-01:metering:legacy-metering-service-charge-non-capital,meter_class,network_meter_after_july_2015,sapn-2024-25-annual-pricing-proposal-19apr2024,pdf:p95,installed prior to 1 July 2015 - These customers continue to pay the capital and non-capital charges; • Existing customers using SA Power Networks’ meters that were installed after 1 July 2015 - These customers will have incurred an upfront capital charge and will continue to pay the non-capital charge
sapn:STR749:2024-07-01:metering:legacy-metering-service-charge-non-capital,meter_class,network_meter_before_july_2015,sapn-2024-25-annual-pricing-proposal-19apr2024,pdf:p95,installed prior to 1 July 2015 - These customers continue to pay the capital and non-capital charges; • Existing customers using SA Power Networks’ meters that were installed after 1 July 2015 - These customers will have incurred an upfront capital charge and will continue to pay the non-capital charge
sapn:ZSN021:2023-07-01:metering:legacy-metering-service-charge-capital,meter_class,network_meter_before_july_2015,sapn-2023-24-annual-pricing-proposal-revised-8may2023,pdf:p94,installed prior to 1 July 2015 - These customers continue to pay the capital and non-capital charges; • Existing customers using SA Power Networks’ meters that were installed after 1 July 2015 - These customers will have incurred an upfront capital charge and will continue to pay the non-capital charge; • Existing customers using SA Power Networks’ meters at 30 June 2015 with meters subsequently replaced by 3rd party meters – These customers will continue to pay the capital charge
sapn:ZSN021:2023-07-01:metering:legacy-metering-service-charge-capital,meter_class,replaced_by_third_party_meter,sapn-2023-24-annual-pricing-proposal-revised-8may2023,pdf:p94,installed prior to 1 July 2015 - These customers continue to pay the capital and non-capital charges; • Existing customers using SA Power Networks’ meters that were installed after 1 July 2015 - These customers will have incurred an upfront capital charge and will continue to pay the non-capital charge; • Existing customers using SA Power Networks’ meters at 30 June 2015 with meters subsequently replaced by 3rd party meters – These customers will continue to pay the capital charge
sapn:ZSN021:2023-07-01:metering:legacy-metering-service-charge-non-capital,meter_class,network_meter_after_july_2015,sapn-2023-24-annual-pricing-proposal-revised-8may2023,pdf:p94,installed prior to 1 July 2015 - These customers continue to pay the capital and non-capital charges; • Existing customers using SA Power Networks’ meters that were installed after 1 July 2015 - These customers will have incurred an upfront capital charge and will continue to pay the non-capital charge
sapn:ZSN021:2023-07-01:metering:legacy-metering-service-charge-non-capital,meter_class,network_meter_before_july_2015,sapn-2023-24-annual-pricing-proposal-revised-8may2023,pdf:p94,installed prior to 1 July 2015 - These customers continue to pay the capital and non-capital charges; • Existing customers using SA Power Networks’ meters that were installed after 1 July 2015 - These customers will have incurred an upfront capital charge and will continue to pay the non-capital charge
sapn:ZSN021:2024-07-01:metering:legacy-metering-service-charge-capital,meter_class,network_meter_before_july_2015,sapn-2024-25-annual-pricing-proposal-19apr2024,pdf:p95,installed prior to 1 July 2015 - These customers continue to pay the capital and non-capital charges; • Existing customers using SA Power Networks’ meters that were installed after 1 July 2015 - These customers will have incurred an upfront capital charge and will continue to pay the non-capital charge; • Existing customers using SA Power Networks’ meters at 30 June 2015 with meters subsequently replaced by 3rd party meters – These customers will continue to pay the capital charge
sapn:ZSN021:2024-07-01:metering:legacy-metering-service-charge-capital,meter_class,replaced_by_third_party_meter,sapn-2024-25-annual-pricing-proposal-19apr2024,pdf:p95,installed prior to 1 July 2015 - These customers continue to pay the capital and non-capital charges; • Existing customers using SA Power Networks’ meters that were installed after 1 July 2015 - These customers will have incurred an upfront capital charge and will continue to pay the non-capital charge; • Existing customers using SA Power Networks’ meters at 30 June 2015 with meters subsequently replaced by 3rd party meters – These customers will continue to pay the capital charge
sapn:ZSN021:2024-07-01:metering:legacy-metering-service-charge-non-capital,meter_class,network_meter_after_july_2015,sapn-2024-25-annual-pricing-proposal-19apr2024,pdf:p95,installed prior to 1 July 2015 - These customers continue to pay the capital and non-capital charges; • Existing customers using SA Power Networks’ meters that were installed after 1 July 2015 - These customers will have incurred an upfront capital charge and will continue to pay the non-capital charge
sapn:ZSN021:2024-07-01:metering:legacy-metering-service-charge-non-capital,meter_class,network_meter_before_july_2015,sapn-2024-25-annual-pricing-proposal-19apr2024,pdf:p95,installed prior to 1 July 2015 - These customers continue to pay the capital and non-capital charges; • Existing customers using SA Power Networks’ meters that were installed after 1 July 2015 - These customers will have incurred an upfront capital charge and will continue to pay the non-capital charge
sapn:ZSN024:2023-07-01:metering:legacy-metering-service-charge-capital,meter_class,network_meter_before_july_2015,sapn-2023-24-annual-pricing-proposal-revised-8may2023,pdf:p94,installed prior to 1 July 2015 - These customers continue to pay the capital and non-capital charges; • Existing customers using SA Power Networks’ meters that were installed after 1 July 2015 - These customers will have incurred an upfront capital charge and will continue to pay the non-capital charge; • Existing customers using SA Power Networks’ meters at 30 June 2015 with meters subsequently replaced by 3rd party meters – These customers will continue to pay the capital charge
sapn:ZSN024:2023-07-01:metering:legacy-metering-service-charge-capital,meter_class,replaced_by_third_party_meter,sapn-2023-24-annual-pricing-proposal-revised-8may2023,pdf:p94,installed prior to 1 July 2015 - These customers continue to pay the capital and non-capital charges; • Existing customers using SA Power Networks’ meters that were installed after 1 July 2015 - These customers will have incurred an upfront capital charge and will continue to pay the non-capital charge; • Existing customers using SA Power Networks’ meters at 30 June 2015 with meters subsequently replaced by 3rd party meters – These customers will continue to pay the capital charge
sapn:ZSN024:2023-07-01:metering:legacy-metering-service-charge-non-capital,meter_class,network_meter_after_july_2015,sapn-2023-24-annual-pricing-proposal-revised-8may2023,pdf:p94,installed prior to 1 July 2015 - These customers continue to pay the capital and non-capital charges; • Existing customers using SA Power Networks’ meters that were installed after 1 July 2015 - These customers will have incurred an upfront capital charge and will continue to pay the non-capital charge
sapn:ZSN024:2023-07-01:metering:legacy-metering-service-charge-non-capital,meter_class,network_meter_before_july_2015,sapn-2023-24-annual-pricing-proposal-revised-8may2023,pdf:p94,installed prior to 1 July 2015 - These customers continue to pay the capital and non-capital charges; • Existing customers using SA Power Networks’ meters that were installed after 1 July 2015 - These customers will have incurred an upfront capital charge and will continue to pay the non-capital charge
sapn:ZSN024:2024-07-01:metering:legacy-metering-service-charge-capital,meter_class,network_meter_before_july_2015,sapn-2024-25-annual-pricing-proposal-19apr2024,pdf:p95,installed prior to 1 July 2015 - These customers continue to pay the capital and non-capital charges; • Existing customers using SA Power Networks’ meters that were installed after 1 July 2015 - These customers will have incurred an upfront capital charge and will continue to pay the non-capital charge; • Existing customers using SA Power Networks’ meters at 30 June 2015 with meters subsequently replaced by 3rd party meters – These customers will continue to pay the capital charge
sapn:ZSN024:2024-07-01:metering:legacy-metering-service-charge-capital,meter_class,replaced_by_third_party_meter,sapn-2024-25-annual-pricing-proposal-19apr2024,pdf:p95,installed prior to 1 July 2015 - These customers continue to pay the capital and non-capital charges; • Existing customers using SA Power Networks’ meters that were installed after 1 July 2015 - These customers will have incurred an upfront capital charge and will continue to pay the non-capital charge; • Existing customers using SA Power Networks’ meters at 30 June 2015 with meters subsequently replaced by 3rd party meters – These customers will continue to pay the capital charge
sapn:ZSN024:2024-07-01:metering:legacy-metering-service-charge-non-capital,meter_class,network_meter_after_july_2015,sapn-2024-25-annual-pricing-proposal-19apr2024,pdf:p95,installed prior to 1 July 2015 - These customers continue to pay the capital and non-capital charges; • Existing customers using SA Power Networks’ meters that were installed after 1 July 2015 - These customers will have incurred an upfront capital charge and will continue to pay the non-capital charge
sapn:ZSN024:2024-07-01:metering:legacy-metering-service-charge-non-capital,meter_class,network_meter_before_july_2015,sapn-2024-25-annual-pricing-proposal-19apr2024,pdf:p95,installed prior to 1 July 2015 - These customers continue to pay the capital and non-capital charges; • Existing customers using SA Power Networks’ meters that were installed after 1 July 2015 - These customers will have incurred an upfront capital charge and will continue to pay the non-capital charge
sapn:ZSN228:2023-07-01:metering:legacy-metering-service-charge-capital,meter_class,network_meter_before_july_2015,sapn-2023-24-annual-pricing-proposal-revised-8may2023,pdf:p94,installed prior to 1 July 2015 - These customers continue to pay the capital and non-capital charges; • Existing customers using SA Power Networks’ meters that were installed after 1 July 2015 - These customers will have incurred an upfront capital charge and will continue to pay the non-capital charge; • Existing customers using SA Power Networks’ meters at 30 June 2015 with meters subsequently replaced by 3rd party meters – These customers will continue to pay the capital charge
sapn:ZSN228:2023-07-01:metering:legacy-metering-service-charge-capital,meter_class,replaced_by_third_party_meter,sapn-2023-24-annual-pricing-proposal-revised-8may2023,pdf:p94,installed prior to 1 July 2015 - These customers continue to pay the capital and non-capital charges; • Existing customers using SA Power Networks’ meters that were installed after 1 July 2015 - These customers will have incurred an upfront capital charge and will continue to pay the non-capital charge; • Existing customers using SA Power Networks’ meters at 30 June 2015 with meters subsequently replaced by 3rd party meters – These customers will continue to pay the capital charge
sapn:ZSN228:2023-07-01:metering:legacy-metering-service-charge-non-capital,meter_class,network_meter_after_july_2015,sapn-2023-24-annual-pricing-proposal-revised-8may2023,pdf:p94,installed prior to 1 July 2015 - These customers continue to pay the capital and non-capital charges; • Existing customers using SA Power Networks’ meters that were installed after 1 July 2015 - These customers will have incurred an upfront capital charge and will continue to pay the non-capital charge
sapn:ZSN228:2023-07-01:metering:legacy-metering-service-charge-non-capital,meter_class,network_meter_before_july_2015,sapn-2023-24-annual-pricing-proposal-revised-8may2023,pdf:p94,installed prior to 1 July 2015 - These customers continue to pay the capital and non-capital charges; • Existing customers using SA Power Networks’ meters that were installed after 1 July 2015 - These customers will have incurred an upfront capital charge and will continue to pay the non-capital charge
sapn:ZSN228:2024-07-01:metering:legacy-metering-service-charge-capital,meter_class,network_meter_before_july_2015,sapn-2024-25-annual-pricing-proposal-19apr2024,pdf:p95,installed prior to 1 July 2015 - These customers continue to pay the capital and non-capital charges; • Existing customers using SA Power Networks’ meters that were installed after 1 July 2015 - These customers will have incurred an upfront capital charge and will continue to pay the non-capital charge; • Existing customers using SA Power Networks’ meters at 30 June 2015 with meters subsequently replaced by 3rd party meters – These customers will continue to pay the capital charge
sapn:ZSN228:2024-07-01:metering:legacy-metering-service-charge-capital,meter_class,replaced_by_third_party_meter,sapn-2024-25-annual-pricing-proposal-19apr2024,pdf:p95,installed prior to 1 July 2015 - These customers continue to pay the capital and non-capital charges; • Existing customers using SA Power Networks’ meters that were installed after 1 July 2015 - These customers will have incurred an upfront capital charge and will continue to pay the non-capital charge; • Existing customers using SA Power Networks’ meters at 30 June 2015 with meters subsequently replaced by 3rd party meters – These customers will continue to pay the capital charge
sapn:ZSN228:2024-07-01:metering:legacy-metering-service-charge-non-capital,meter_class,network_meter_after_july_2015,sapn-2024-25-annual-pricing-proposal-19apr2024,pdf:p95,installed prior to 1 July 2015 - These customers continue to pay the capital and non-capital charges; • Existing customers using SA Power Networks’ meters that were installed after 1 July 2015 - These customers will have incurred an upfront capital charge and will continue to pay the non-capital charge
sapn:ZSN228:2024-07-01:metering:legacy-metering-service-charge-non-capital,meter_class,network_meter_before_july_2015,sapn-2024-25-annual-pricing-proposal-19apr2024,pdf:p95,installed prior to 1 July 2015 - These customers continue to pay the capital and non-capital charges; • Existing customers using SA Power Networks’ meters that were installed after 1 July 2015 - These customers will have incurred an upfront capital charge and will continue to pay the non-capital charge
sapn:ZSN438:2023-07-01:metering:legacy-metering-service-charge-capital,meter_class,network_meter_before_july_2015,sapn-2023-24-annual-pricing-proposal-revised-8may2023,pdf:p94,installed prior to 1 July 2015 - These customers continue to pay the capital and non-capital charges; • Existing customers using SA Power Networks’ meters that were installed after 1 July 2015 - These customers will have incurred an upfront capital charge and will continue to pay the non-capital charge; • Existing customers using SA Power Networks’ meters at 30 June 2015 with meters subsequently replaced by 3rd party meters – These customers will continue to pay the capital charge
sapn:ZSN438:2023-07-01:metering:legacy-metering-service-charge-capital,meter_class,replaced_by_third_party_meter,sapn-2023-24-annual-pricing-proposal-revised-8may2023,pdf:p94,installed prior to 1 July 2015 - These customers continue to pay the capital and non-capital charges; • Existing customers using SA Power Networks’ meters that were installed after 1 July 2015 - These customers will have incurred an upfront capital charge and will continue to pay the non-capital charge; • Existing customers using SA Power Networks’ meters at 30 June 2015 with meters subsequently replaced by 3rd party meters – These customers will continue to pay the capital charge
sapn:ZSN438:2023-07-01:metering:legacy-metering-service-charge-non-capital,meter_class,network_meter_after_july_2015,sapn-2023-24-annual-pricing-proposal-revised-8may2023,pdf:p94,installed prior to 1 July 2015 - These customers continue to pay the capital and non-capital charges; • Existing customers using SA Power Networks’ meters that were installed after 1 July 2015 - These customers will have incurred an upfront capital charge and will continue to pay the non-capital charge
sapn:ZSN438:2023-07-01:metering:legacy-metering-service-charge-non-capital,meter_class,network_meter_before_july_2015,sapn-2023-24-annual-pricing-proposal-revised-8may2023,pdf:p94,installed prior to 1 July 2015 - These customers continue to pay the capital and non-capital charges; • Existing customers using SA Power Networks’ meters that were installed after 1 July 2015 - These customers will have incurred an upfront capital charge and will continue to pay the non-capital charge
sapn:ZSN438:2024-07-01:metering:legacy-metering-service-charge-capital,meter_class,network_meter_before_july_2015,sapn-2024-25-annual-pricing-proposal-19apr2024,pdf:p95,installed prior to 1 July 2015 - These customers continue to pay the capital and non-capital charges; • Existing customers using SA Power Networks’ meters that were installed after 1 July 2015 - These customers will have incurred an upfront capital charge and will continue to pay the non-capital charge; • Existing customers using SA Power Networks’ meters at 30 June 2015 with meters subsequently replaced by 3rd party meters – These customers will continue to pay the capital charge
sapn:ZSN438:2024-07-01:metering:legacy-metering-service-charge-capital,meter_class,replaced_by_third_party_meter,sapn-2024-25-annual-pricing-proposal-19apr2024,pdf:p95,installed prior to 1 July 2015 - These customers continue to pay the capital and non-capital charges; • Existing customers using SA Power Networks’ meters that were installed after 1 July 2015 - These customers will have incurred an upfront capital charge and will continue to pay the non-capital charge; • Existing customers using SA Power Networks’ meters at 30 June 2015 with meters subsequently replaced by 3rd party meters – These customers will continue to pay the capital charge
sapn:ZSN438:2024-07-01:metering:legacy-metering-service-charge-non-capital,meter_class,network_meter_after_july_2015,sapn-2024-25-annual-pricing-proposal-19apr2024,pdf:p95,installed prior to 1 July 2015 - These customers continue to pay the capital and non-capital charges; • Existing customers using SA Power Networks’ meters that were installed after 1 July 2015 - These customers will have incurred an upfront capital charge and will continue to pay the non-capital charge
sapn:ZSN438:2024-07-01:metering:legacy-metering-service-charge-non-capital,meter_class,network_meter_before_july_2015,sapn-2024-25-annual-pricing-proposal-19apr2024,pdf:p95,installed prior to 1 July 2015 - These customers continue to pay the capital and non-capital charges; • Existing customers using SA Power Networks’ meters that were installed after 1 July 2015 - These customers will have incurred an upfront capital charge and will continue to pay the non-capital charge
sapn:ZSN608:2023-07-01:metering:legacy-metering-service-charge-capital,meter_class,network_meter_before_july_2015,sapn-2023-24-annual-pricing-proposal-revised-8may2023,pdf:p94,installed prior to 1 July 2015 - These customers continue to pay the capital and non-capital charges; • Existing customers using SA Power Networks’ meters that were installed after 1 July 2015 - These customers will have incurred an upfront capital charge and will continue to pay the non-capital charge; • Existing customers using SA Power Networks’ meters at 30 June 2015 with meters subsequently replaced by 3rd party meters – These customers will continue to pay the capital charge
sapn:ZSN608:2023-07-01:metering:legacy-metering-service-charge-capital,meter_class,replaced_by_third_party_meter,sapn-2023-24-annual-pricing-proposal-revised-8may2023,pdf:p94,installed prior to 1 July 2015 - These customers continue to pay the capital and non-capital charges; • Existing customers using SA Power Networks’ meters that were installed after 1 July 2015 - These customers will have incurred an upfront capital charge and will continue to pay the non-capital charge; • Existing customers using SA Power Networks’ meters at 30 June 2015 with meters subsequently replaced by 3rd party meters – These customers will continue to pay the capital charge
sapn:ZSN608:2023-07-01:metering:legacy-metering-service-charge-non-capital,meter_class,network_meter_after_july_2015,sapn-2023-24-annual-pricing-proposal-revised-8may2023,pdf:p94,installed prior to 1 July 2015 - These customers continue to pay the capital and non-capital charges; • Existing customers using SA Power Networks’ meters that were installed after 1 July 2015 - These customers will have incurred an upfront capital charge and will continue to pay the non-capital charge
sapn:ZSN608:2023-07-01:metering:legacy-metering-service-charge-non-capital,meter_class,network_meter_before_july_2015,sapn-2023-24-annual-pricing-proposal-revised-8may2023,pdf:p94,installed prior to 1 July 2015 - These customers continue to pay the capital and non-capital charges; • Existing customers using SA Power Networks’ meters that were installed after 1 July 2015 - These customers will have incurred an upfront capital charge and will continue to pay the non-capital charge
sapn:ZSN608:2024-07-01:metering:legacy-metering-service-charge-capital,meter_class,network_meter_before_july_2015,sapn-2024-25-annual-pricing-proposal-19apr2024,pdf:p95,installed prior to 1 July 2015 - These customers continue to pay the capital and non-capital charges; • Existing customers using SA Power Networks’ meters that were installed after 1 July 2015 - These customers will have incurred an upfront capital charge and will continue to pay the non-capital charge; • Existing customers using SA Power Networks’ meters at 30 June 2015 with meters subsequently replaced by 3rd party meters – These customers will continue to pay the capital charge
sapn:ZSN608:2024-07-01:metering:legacy-metering-service-charge-capital,meter_class,replaced_by_third_party_meter,sapn-2024-25-annual-pricing-proposal-19apr2024,pdf:p95,installed prior to 1 July 2015 - These customers continue to pay the capital and non-capital charges; • Existing customers using SA Power Networks’ meters that were installed after 1 July 2015 - These customers will have incurred an upfront capital charge and will continue to pay the non-capital charge; • Existing customers using SA Power Networks’ meters at 30 June 2015 with meters subsequently replaced by 3rd party meters – These customers will continue to pay the capital charge
sapn:ZSN608:2024-07-01:metering:legacy-metering-service-charge-non-capital,meter_class,network_meter_after_july_2015,sapn-2024-25-annual-pricing-proposal-19apr2024,pdf:p95,installed prior to 1 July 2015 - These customers continue to pay the capital and non-capital charges; • Existing customers using SA Power Networks’ meters that were installed after 1 July 2015 - These customers will have incurred an upfront capital charge and will continue to pay the non-capital charge
sapn:ZSN608:2024-07-01:metering:legacy-metering-service-charge-non-capital,meter_class,network_meter_before_july_2015,sapn-2024-25-annual-pricing-proposal-19apr2024,pdf:p95,installed prior to 1 July 2015 - These customers continue to pay the capital and non-capital charges; • Existing customers using SA Power Networks’ meters that were installed after 1 July 2015 - These customers will have incurred an upfront capital charge and will continue to pay the non-capital charge
sapn:ZSN700:2024-07-01:metering:legacy-metering-service-charge-capital,meter_class,network_meter_before_july_2015,sapn-2024-25-annual-pricing-proposal-19apr2024,pdf:p95,installed prior to 1 July 2015 - These customers continue to pay the capital and non-capital charges; • Existing customers using SA Power Networks’ meters that were installed after 1 July 2015 - These customers will have incurred an upfront capital charge and will continue to pay the non-capital charge; • Existing customers using SA Power Networks’ meters at 30 June 2015 with meters subsequently replaced by 3rd party meters – These customers will continue to pay the capital charge
sapn:ZSN700:2024-07-01:metering:legacy-metering-service-charge-capital,meter_class,replaced_by_third_party_meter,sapn-2024-25-annual-pricing-proposal-19apr2024,pdf:p95,installed prior to 1 July 2015 - These customers continue to pay the capital and non-capital charges; • Existing customers using SA Power Networks’ meters that were installed after 1 July 2015 - These customers will have incurred an upfront capital charge and will continue to pay the non-capital charge; • Existing customers using SA Power Networks’ meters at 30 June 2015 with meters subsequently replaced by 3rd party meters – These customers will continue to pay the capital charge
sapn:ZSN700:2024-07-01:metering:legacy-metering-service-charge-non-capital,meter_class,network_meter_after_july_2015,sapn-2024-25-annual-pricing-proposal-19apr2024,pdf:p95,installed prior to 1 July 2015 - These customers continue to pay the capital and non-capital charges; • Existing customers using SA Power Networks’ meters that were installed after 1 July 2015 - These customers will have incurred an upfront capital charge and will continue to pay the non-capital charge
sapn:ZSN700:2024-07-01:metering:legacy-metering-service-charge-non-capital,meter_class,network_meter_before_july_2015,sapn-2024-25-annual-pricing-proposal-19apr2024,pdf:p95,installed prior to 1 July 2015 - These customers continue to pay the capital and non-capital charges; • Existing customers using SA Power Networks’ meters that were installed after 1 July 2015 - These customers will have incurred an upfront capital charge and will continue to pay the non-capital charge
sapn:ZSN951:2023-07-01:metering:legacy-metering-service-charge-capital,meter_class,network_meter_before_july_2015,sapn-2023-24-annual-pricing-proposal-revised-8may2023,pdf:p94,installed prior to 1 July 2015 - These customers continue to pay the capital and non-capital charges; • Existing customers using SA Power Networks’ meters that were installed after 1 July 2015 - These customers will have incurred an upfront capital charge and will continue to pay the non-capital charge; • Existing customers using SA Power Networks’ meters at 30 June 2015 with meters subsequently replaced by 3rd party meters – These customers will continue to pay the capital charge
sapn:ZSN951:2023-07-01:metering:legacy-metering-service-charge-capital,meter_class,replaced_by_third_party_meter,sapn-2023-24-annual-pricing-proposal-revised-8may2023,pdf:p94,installed prior to 1 July 2015 - These customers continue to pay the capital and non-capital charges; • Existing customers using SA Power Networks’ meters that were installed after 1 July 2015 - These customers will have incurred an upfront capital charge and will continue to pay the non-capital charge; • Existing customers using SA Power Networks’ meters at 30 June 2015 with meters subsequently replaced by 3rd party meters – These customers will continue to pay the capital charge
sapn:ZSN951:2023-07-01:metering:legacy-metering-service-charge-non-capital,meter_class,network_meter_after_july_2015,sapn-2023-24-annual-pricing-proposal-revised-8may2023,pdf:p94,installed prior to 1 July 2015 - These customers continue to pay the capital and non-capital charges; • Existing customers using SA Power Networks’ meters that were installed after 1 July 2015 - These customers will have incurred an upfront capital charge and will continue to pay the non-capital charge
sapn:ZSN951:2023-07-01:metering:legacy-metering-service-charge-non-capital,meter_class,network_meter_before_july_2015,sapn-2023-24-annual-pricing-proposal-revised-8may2023,pdf:p94,installed prior to 1 July 2015 - These customers continue to pay the capital and non-capital charges; • Existing customers using SA Power Networks’ meters that were installed after 1 July 2015 - These customers will have incurred an upfront capital charge and will continue to pay the non-capital charge
sapn:ZSN951:2024-07-01:metering:legacy-metering-service-charge-capital,meter_class,network_meter_before_july_2015,sapn-2024-25-annual-pricing-proposal-19apr2024,pdf:p95,installed prior to 1 July 2015 - These customers continue to pay the capital and non-capital charges; • Existing customers using SA Power Networks’ meters that were installed after 1 July 2015 - These customers will have incurred an upfront capital charge and will continue to pay the non-capital charge; • Existing customers using SA Power Networks’ meters at 30 June 2015 with meters subsequently replaced by 3rd party meters – These customers will continue to pay the capital charge
sapn:ZSN951:2024-07-01:metering:legacy-metering-service-charge-capital,meter_class,replaced_by_third_party_meter,sapn-2024-25-annual-pricing-proposal-19apr2024,pdf:p95,installed prior to 1 July 2015 - These customers continue to pay the capital and non-capital charges; • Existing customers using SA Power Networks’ meters that were installed after 1 July 2015 - These customers will have incurred an upfront capital charge and will continue to pay the non-capital charge; • Existing customers using SA Power Networks’ meters at 30 June 2015 with meters subsequently replaced by 3rd party meters – These customers will continue to pay the capital charge
sapn:ZSN951:2024-07-01:metering:legacy-metering-service-charge-non-capital,meter_class,network_meter_after_july_2015,sapn-2024-25-annual-pricing-proposal-19apr2024,pdf:p95,installed prior to 1 July 2015 - These customers continue to pay the capital and non-capital charges; • Existing customers using SA Power Networks’ meters that were installed after 1 July 2015 - These customers will have incurred an upfront capital charge and will continue to pay the non-capital charge
sapn:ZSN951:2024-07-01:metering:legacy-metering-service-charge-non-capital,meter_class,network_meter_before_july_2015,sapn-2024-25-annual-pricing-proposal-19apr2024,pdf:p95,installed prior to 1 July 2015 - These customers continue to pay the capital and non-capital charges; • Existing customers using SA Power Networks’ meters that were installed after 1 July 2015 - These customers will have incurred an upfront capital charge and will continue to pay the non-capital charge
sapn:ZSN:2023-07-01:metering:legacy-metering-service-charge-capital,meter_class,network_meter_before_july_2015,sapn-2023-24-annual-pricing-proposal-revised-8may2023,pdf:p94,installed prior to 1 July 2015 - These customers continue to pay the capital and non-capital charges; • Existing customers using SA Power Networks’ meters that were installed after 1 July 2015 - These customers will have incurred an upfront capital charge and will continue to pay the non-capital charge; • Existing customers using SA Power Networks’ meters at 30 June 2015 with meters subsequently replaced by 3rd party meters – These customers will continue to pay the capital charge
sapn:ZSN:2023-07-01:metering:legacy-metering-service-charge-capital,meter_class,replaced_by_third_party_meter,sapn-2023-24-annual-pricing-proposal-revised-8may2023,pdf:p94,installed prior to 1 July 2015 - These customers continue to pay the capital and non-capital charges; • Existing customers using SA Power Networks’ meters that were installed after 1 July 2015 - These customers will have incurred an upfront capital charge and will continue to pay the non-capital charge; • Existing customers using SA Power Networks’ meters at 30 June 2015 with meters subsequently replaced by 3rd party meters – These customers will continue to pay the capital charge
sapn:ZSN:2023-07-01:metering:legacy-metering-service-charge-non-capital,meter_class,network_meter_after_july_2015,sapn-2023-24-annual-pricing-proposal-revised-8may2023,pdf:p94,installed prior to 1 July 2015 - These customers continue to pay the capital and non-capital charges; • Existing customers using SA Power Networks’ meters that were installed after 1 July 2015 - These customers will have incurred an upfront capital charge and will continue to pay the non-capital charge
sapn:ZSN:2023-07-01:metering:legacy-metering-service-charge-non-capital,meter_class,network_meter_before_july_2015,sapn-2023-24-annual-pricing-proposal-revised-8may2023,pdf:p94,installed prior to 1 July 2015 - These customers continue to pay the capital and non-capital charges; • Existing customers using SA Power Networks’ meters that were installed after 1 July 2015 - These customers will have incurred an upfront capital charge and will continue to pay the non-capital charge
sapn:ZSN:2024-07-01:metering:legacy-metering-service-charge-capital,meter_class,network_meter_before_july_2015,sapn-2024-25-annual-pricing-proposal-19apr2024,pdf:p95,installed prior to 1 July 2015 - These customers continue to pay the capital and non-capital charges; • Existing customers using SA Power Networks’ meters that were installed after 1 July 2015 - These customers will have incurred an upfront capital charge and will continue to pay the non-capital charge; • Existing customers using SA Power Networks’ meters at 30 June 2015 with meters subsequently replaced by 3rd party meters – These customers will continue to pay the capital charge
sapn:ZSN:2024-07-01:metering:legacy-metering-service-charge-capital,meter_class,replaced_by_third_party_meter,sapn-2024-25-annual-pricing-proposal-19apr2024,pdf:p95,installed prior to 1 July 2015 - These customers continue to pay the capital and non-capital charges; • Existing customers using SA Power Networks’ meters that were installed after 1 July 2015 - These customers will have incurred an upfront capital charge and will continue to pay the non-capital charge; • Existing customers using SA Power Networks’ meters at 30 June 2015 with meters subsequently replaced by 3rd party meters – These customers will continue to pay the capital charge
sapn:ZSN:2024-07-01:metering:legacy-metering-service-charge-non-capital,meter_class,network_meter_after_july_2015,sapn-2024-25-annual-pricing-proposal-19apr2024,pdf:p95,installed prior to 1 July 2015 - These customers continue to pay the capital and non-capital charges; • Existing customers using SA Power Networks’ meters that were installed after 1 July 2015 - These customers will have incurred an upfront capital charge and will continue to pay the non-capital charge
sapn:ZSN:2024-07-01:metering:legacy-metering-service-charge-non-capital,meter_class,network_meter_before_july_2015,sapn-2024-25-annual-pricing-proposal-19apr2024,pdf:p95,installed prior to 1 July 2015 - These customers continue to pay the capital and non-capital charges; • Existing customers using SA Power Networks’ meters that were installed after 1 July 2015 - These customers will have incurred an upfront capital charge and will continue to pay the non-capital charge
sapn:ZSNF:2023-07-01:metering:legacy-metering-service-charge-capital,meter_class,network_meter_before_july_2015,sapn-2023-24-annual-pricing-proposal-revised-8may2023,pdf:p94,installed prior to 1 July 2015 - These customers continue to pay the capital and non-capital charges; • Existing customers using SA Power Networks’ meters that were installed after 1 July 2015 - These customers will have incurred an upfront capital charge and will continue to pay the non-capital charge; • Existing customers using SA Power Networks’ meters at 30 June 2015 with meters subsequently replaced by 3rd party meters – These customers will continue to pay the capital charge
sapn:ZSNF:2023-07-01:metering:legacy-metering-service-charge-capital,meter_class,replaced_by_third_party_meter,sapn-2023-24-annual-pricing-proposal-revised-8may2023,pdf:p94,installed prior to 1 July 2015 - These customers continue to pay the capital and non-capital charges; • Existing customers using SA Power Networks’ meters that were installed after 1 July 2015 - These customers will have incurred an upfront capital charge and will continue to pay the non-capital charge; • Existing customers using SA Power Networks’ meters at 30 June 2015 with meters subsequently replaced by 3rd party meters – These customers will continue to pay the capital charge
sapn:ZSNF:2023-07-01:metering:legacy-metering-service-charge-non-capital,meter_class,network_meter_after_july_2015,sapn-2023-24-annual-pricing-proposal-revised-8may2023,pdf:p94,installed prior to 1 July 2015 - These customers continue to pay the capital and non-capital charges; • Existing customers using SA Power Networks’ meters that were installed after 1 July 2015 - These customers will have incurred an upfront capital charge and will continue to pay the non-capital charge
sapn:ZSNF:2023-07-01:metering:legacy-metering-service-charge-non-capital,meter_class,network_meter_before_july_2015,sapn-2023-24-annual-pricing-proposal-revised-8may2023,pdf:p94,installed prior to 1 July 2015 - These customers continue to pay the capital and non-capital charges; • Existing customers using SA Power Networks’ meters that were installed after 1 July 2015 - These customers will have incurred an upfront capital charge and will continue to pay the non-capital charge
sapn:ZSNF:2024-07-01:metering:legacy-metering-service-charge-capital,meter_class,network_meter_before_july_2015,sapn-2024-25-annual-pricing-proposal-19apr2024,pdf:p95,installed prior to 1 July 2015 - These customers continue to pay the capital and non-capital charges; • Existing customers using SA Power Networks’ meters that were installed after 1 July 2015 - These customers will have incurred an upfront capital charge and will continue to pay the non-capital charge; • Existing customers using SA Power Networks’ meters at 30 June 2015 with meters subsequently replaced by 3rd party meters – These customers will continue to pay the capital charge
sapn:ZSNF:2024-07-01:metering:legacy-metering-service-charge-capital,meter_class,replaced_by_third_party_meter,sapn-2024-25-annual-pricing-proposal-19apr2024,pdf:p95,installed prior to 1 July 2015 - These customers continue to pay the capital and non-capital charges; • Existing customers using SA Power Networks’ meters that were installed after 1 July 2015 - These customers will have incurred an upfront capital charge and will continue to pay the non-capital charge; • Existing customers using SA Power Networks’ meters at 30 June 2015 with meters subsequently replaced by 3rd party meters – These customers will continue to pay the capital charge
sapn:ZSNF:2024-07-01:metering:legacy-metering-service-charge-non-capital,meter_class,network_meter_after_july_2015,sapn-2024-25-annual-pricing-proposal-19apr2024,pdf:p95,installed prior to 1 July 2015 - These customers continue to pay the capital and non-capital charges; • Existing customers using SA Power Networks’ meters that were installed after 1 July 2015 - These customers will have incurred an upfront capital charge and will continue to pay the non-capital charge
sapn:ZSNF:2024-07-01:metering:legacy-metering-service-charge-non-capital,meter_class,network_meter_before_july_2015,sapn-2024-25-annual-pricing-proposal-19apr2024,pdf:p95,installed prior to 1 July 2015 - These customers continue to pay the capital and non-capital charges; • Existing customers using SA Power Networks’ meters that were installed after 1 July 2015 - These customers will have incurred an upfront capital charge and will continue to pay the non-capital charge
sapn:ZSNGF:2023-07-01:metering:legacy-metering-service-charge-capital,meter_class,network_meter_before_july_2015,sapn-2023-24-annual-pricing-proposal-revised-8may2023,pdf:p94,installed prior to 1 July 2015 - These customers continue to pay the capital and non-capital charges; • Existing customers using SA Power Networks’ meters that were installed after 1 July 2015 - These customers will have incurred an upfront capital charge and will continue to pay the non-capital charge; • Existing customers using SA Power Networks’ meters at 30 June 2015 with meters subsequently replaced by 3rd party meters – These customers will continue to pay the capital charge
sapn:ZSNGF:2023-07-01:metering:legacy-metering-service-charge-capital,meter_class,replaced_by_third_party_meter,sapn-2023-24-annual-pricing-proposal-revised-8may2023,pdf:p94,installed prior to 1 July 2015 - These customers continue to pay the capital and non-capital charges; • Existing customers using SA Power Networks’ meters that were installed after 1 July 2015 - These customers will have incurred an upfront capital charge and will continue to pay the non-capital charge; • Existing customers using SA Power Networks’ meters at 30 June 2015 with meters subsequently replaced by 3rd party meters – These customers will continue to pay the capital charge
sapn:ZSNGF:2023-07-01:metering:legacy-metering-service-charge-non-capital,meter_class,network_meter_after_july_2015,sapn-2023-24-annual-pricing-proposal-revised-8may2023,pdf:p94,installed prior to 1 July 2015 - These customers continue to pay the capital and non-capital charges; • Existing customers using SA Power Networks’ meters that were installed after 1 July 2015 - These customers will have incurred an upfront capital charge and will continue to pay the non-capital charge
sapn:ZSNGF:2023-07-01:metering:legacy-metering-service-charge-non-capital,meter_class,network_meter_before_july_2015,sapn-2023-24-annual-pricing-proposal-revised-8may2023,pdf:p94,installed prior to 1 July 2015 - These customers continue to pay the capital and non-capital charges; • Existing customers using SA Power Networks’ meters that were installed after 1 July 2015 - These customers will have incurred an upfront capital charge and will continue to pay the non-capital charge
sapn:ZSNGF:2024-07-01:metering:legacy-metering-service-charge-capital,meter_class,network_meter_before_july_2015,sapn-2024-25-annual-pricing-proposal-19apr2024,pdf:p95,installed prior to 1 July 2015 - These customers continue to pay the capital and non-capital charges; • Existing customers using SA Power Networks’ meters that were installed after 1 July 2015 - These customers will have incurred an upfront capital charge and will continue to pay the non-capital charge; • Existing customers using SA Power Networks’ meters at 30 June 2015 with meters subsequently replaced by 3rd party meters – These customers will continue to pay the capital charge
sapn:ZSNGF:2024-07-01:metering:legacy-metering-service-charge-capital,meter_class,replaced_by_third_party_meter,sapn-2024-25-annual-pricing-proposal-19apr2024,pdf:p95,installed prior to 1 July 2015 - These customers continue to pay the capital and non-capital charges; • Existing customers using SA Power Networks’ meters that were installed after 1 July 2015 - These customers will have incurred an upfront capital charge and will continue to pay the non-capital charge; • Existing customers using SA Power Networks’ meters at 30 June 2015 with meters subsequently replaced by 3rd party meters – These customers will continue to pay the capital charge
sapn:ZSNGF:2024-07-01:metering:legacy-metering-service-charge-non-capital,meter_class,network_meter_after_july_2015,sapn-2024-25-annual-pricing-proposal-19apr2024,pdf:p95,installed prior to 1 July 2015 - These customers continue to pay the capital and non-capital charges; • Existing customers using SA Power Networks’ meters that were installed after 1 July 2015 - These customers will have incurred an upfront capital charge and will continue to pay the non-capital charge
sapn:ZSNGF:2024-07-01:metering:legacy-metering-service-charge-non-capital,meter_class,network_meter_before_july_2015,sapn-2024-25-annual-pricing-proposal-19apr2024,pdf:p95,installed prior to 1 July 2015 - These customers continue to pay the capital and non-capital charges; • Existing customers using SA Power Networks’ meters that were installed after 1 July 2015 - These customers will have incurred an upfront capital charge and will continue to pay the non-capital charge
sapn:ZSS025:2023-07-01:metering:legacy-metering-service-charge-capital,meter_class,network_meter_before_july_2015,sapn-2023-24-annual-pricing-proposal-revised-8may2023,pdf:p94,installed prior to 1 July 2015 - These customers continue to pay the capital and non-capital charges; • Existing customers using SA Power Networks’ meters that were installed after 1 July 2015 - These customers will have incurred an upfront capital charge and will continue to pay the non-capital charge; • Existing customers using SA Power Networks’ meters at 30 June 2015 with meters subsequently replaced by 3rd party meters – These customers will continue to pay the capital charge
sapn:ZSS025:2023-07-01:metering:legacy-metering-service-charge-capital,meter_class,replaced_by_third_party_meter,sapn-2023-24-annual-pricing-proposal-revised-8may2023,pdf:p94,installed prior to 1 July 2015 - These customers continue to pay the capital and non-capital charges; • Existing customers using SA Power Networks’ meters that were installed after 1 July 2015 - These customers will have incurred an upfront capital charge and will continue to pay the non-capital charge; • Existing customers using SA Power Networks’ meters at 30 June 2015 with meters subsequently replaced by 3rd party meters – These customers will continue to pay the capital charge
sapn:ZSS025:2023-07-01:metering:legacy-metering-service-charge-non-capital,meter_class,network_meter_after_july_2015,sapn-2023-24-annual-pricing-proposal-revised-8may2023,pdf:p94,installed prior to 1 July 2015 - These customers continue to pay the capital and non-capital charges; • Existing customers using SA Power Networks’ meters that were installed after 1 July 2015 - These customers will have incurred an upfront capital charge and will continue to pay the non-capital charge
sapn:ZSS025:2023-07-01:metering:legacy-metering-service-charge-non-capital,meter_class,network_meter_before_july_2015,sapn-2023-24-annual-pricing-proposal-revised-8may2023,pdf:p94,installed prior to 1 July 2015 - These customers continue to pay the capital and non-capital charges; • Existing customers using SA Power Networks’ meters that were installed after 1 July 2015 - These customers will have incurred an upfront capital charge and will continue to pay the non-capital charge
sapn:ZSS025:2024-07-01:metering:legacy-metering-service-charge-capital,meter_class,network_meter_before_july_2015,sapn-2024-25-annual-pricing-proposal-19apr2024,pdf:p95,installed prior to 1 July 2015 - These customers continue to pay the capital and non-capital charges; • Existing customers using SA Power Networks’ meters that were installed after 1 July 2015 - These customers will have incurred an upfront capital charge and will continue to pay the non-capital charge; • Existing customers using SA Power Networks’ meters at 30 June 2015 with meters subsequently replaced by 3rd party meters – These customers will continue to pay the capital charge
sapn:ZSS025:2024-07-01:metering:legacy-metering-service-charge-capital,meter_class,replaced_by_third_party_meter,sapn-2024-25-annual-pricing-proposal-19apr2024,pdf:p95,installed prior to 1 July 2015 - These customers continue to pay the capital and non-capital charges; • Existing customers using SA Power Networks’ meters that were installed after 1 July 2015 - These customers will have incurred an upfront capital charge and will continue to pay the non-capital charge; • Existing customers using SA Power Networks’ meters at 30 June 2015 with meters subsequently replaced by 3rd party meters – These customers will continue to pay the capital charge
sapn:ZSS025:2024-07-01:metering:legacy-metering-service-charge-non-capital,meter_class,network_meter_after_july_2015,sapn-2024-25-annual-pricing-proposal-19apr2024,pdf:p95,installed prior to 1 July 2015 - These customers continue to pay the capital and non-capital charges; • Existing customers using SA Power Networks’ meters that were installed after 1 July 2015 - These customers will have incurred an upfront capital charge and will continue to pay the non-capital charge
sapn:ZSS025:2024-07-01:metering:legacy-metering-service-charge-non-capital,meter_class,network_meter_before_july_2015,sapn-2024-25-annual-pricing-proposal-19apr2024,pdf:p95,installed prior to 1 July 2015 - These customers continue to pay the capital and non-capital charges; • Existing customers using SA Power Networks’ meters that were installed after 1 July 2015 - These customers will have incurred an upfront capital charge and will continue to pay the non-capital charge
sapn:ZSS035:2023-07-01:metering:legacy-metering-service-charge-capital,meter_class,network_meter_before_july_2015,sapn-2023-24-annual-pricing-proposal-revised-8may2023,pdf:p94,installed prior to 1 July 2015 - These customers continue to pay the capital and non-capital charges; • Existing customers using SA Power Networks’ meters that were installed after 1 July 2015 - These customers will have incurred an upfront capital charge and will continue to pay the non-capital charge; • Existing customers using SA Power Networks’ meters at 30 June 2015 with meters subsequently replaced by 3rd party meters – These customers will continue to pay the capital charge
sapn:ZSS035:2023-07-01:metering:legacy-metering-service-charge-capital,meter_class,replaced_by_third_party_meter,sapn-2023-24-annual-pricing-proposal-revised-8may2023,pdf:p94,installed prior to 1 July 2015 - These customers continue to pay the capital and non-capital charges; • Existing customers using SA Power Networks’ meters that were installed after 1 July 2015 - These customers will have incurred an upfront capital charge and will continue to pay the non-capital charge; • Existing customers using SA Power Networks’ meters at 30 June 2015 with meters subsequently replaced by 3rd party meters – These customers will continue to pay the capital charge
sapn:ZSS035:2023-07-01:metering:legacy-metering-service-charge-non-capital,meter_class,network_meter_after_july_2015,sapn-2023-24-annual-pricing-proposal-revised-8may2023,pdf:p94,installed prior to 1 July 2015 - These customers continue to pay the capital and non-capital charges; • Existing customers using SA Power Networks’ meters that were installed after 1 July 2015 - These customers will have incurred an upfront capital charge and will continue to pay the non-capital charge
sapn:ZSS035:2023-07-01:metering:legacy-metering-service-charge-non-capital,meter_class,network_meter_before_july_2015,sapn-2023-24-annual-pricing-proposal-revised-8may2023,pdf:p94,installed prior to 1 July 2015 - These customers continue to pay the capital and non-capital charges; • Existing customers using SA Power Networks’ meters that were installed after 1 July 2015 - These customers will have incurred an upfront capital charge and will continue to pay the non-capital charge
sapn:ZSS035:2024-07-01:metering:legacy-metering-service-charge-capital,meter_class,network_meter_before_july_2015,sapn-2024-25-annual-pricing-proposal-19apr2024,pdf:p95,installed prior to 1 July 2015 - These customers continue to pay the capital and non-capital charges; • Existing customers using SA Power Networks’ meters that were installed after 1 July 2015 - These customers will have incurred an upfront capital charge and will continue to pay the non-capital charge; • Existing customers using SA Power Networks’ meters at 30 June 2015 with meters subsequently replaced by 3rd party meters – These customers will continue to pay the capital charge
sapn:ZSS035:2024-07-01:metering:legacy-metering-service-charge-capital,meter_class,replaced_by_third_party_meter,sapn-2024-25-annual-pricing-proposal-19apr2024,pdf:p95,installed prior to 1 July 2015 - These customers continue to pay the capital and non-capital charges; • Existing customers using SA Power Networks’ meters that were installed after 1 July 2015 - These customers will have incurred an upfront capital charge and will continue to pay the non-capital charge; • Existing customers using SA Power Networks’ meters at 30 June 2015 with meters subsequently replaced by 3rd party meters – These customers will continue to pay the capital charge
sapn:ZSS035:2024-07-01:metering:legacy-metering-service-charge-non-capital,meter_class,network_meter_after_july_2015,sapn-2024-25-annual-pricing-proposal-19apr2024,pdf:p95,installed prior to 1 July 2015 - These customers continue to pay the capital and non-capital charges; • Existing customers using SA Power Networks’ meters that were installed after 1 July 2015 - These customers will have incurred an upfront capital charge and will continue to pay the non-capital charge
sapn:ZSS035:2024-07-01:metering:legacy-metering-service-charge-non-capital,meter_class,network_meter_before_july_2015,sapn-2024-25-annual-pricing-proposal-19apr2024,pdf:p95,installed prior to 1 July 2015 - These customers continue to pay the capital and non-capital charges; • Existing customers using SA Power Networks’ meters that were installed after 1 July 2015 - These customers will have incurred an upfront capital charge and will continue to pay the non-capital charge
sapn:ZSS104:2023-07-01:metering:legacy-metering-service-charge-capital,meter_class,network_meter_before_july_2015,sapn-2023-24-annual-pricing-proposal-revised-8may2023,pdf:p94,installed prior to 1 July 2015 - These customers continue to pay the capital and non-capital charges; • Existing customers using SA Power Networks’ meters that were installed after 1 July 2015 - These customers will have incurred an upfront capital charge and will continue to pay the non-capital charge; • Existing customers using SA Power Networks’ meters at 30 June 2015 with meters subsequently replaced by 3rd party meters – These customers will continue to pay the capital charge
sapn:ZSS104:2023-07-01:metering:legacy-metering-service-charge-capital,meter_class,replaced_by_third_party_meter,sapn-2023-24-annual-pricing-proposal-revised-8may2023,pdf:p94,installed prior to 1 July 2015 - These customers continue to pay the capital and non-capital charges; • Existing customers using SA Power Networks’ meters that were installed after 1 July 2015 - These customers will have incurred an upfront capital charge and will continue to pay the non-capital charge; • Existing customers using SA Power Networks’ meters at 30 June 2015 with meters subsequently replaced by 3rd party meters – These customers will continue to pay the capital charge
sapn:ZSS104:2023-07-01:metering:legacy-metering-service-charge-non-capital,meter_class,network_meter_after_july_2015,sapn-2023-24-annual-pricing-proposal-revised-8may2023,pdf:p94,installed prior to 1 July 2015 - These customers continue to pay the capital and non-capital charges; • Existing customers using SA Power Networks’ meters that were installed after 1 July 2015 - These customers will have incurred an upfront capital charge and will continue to pay the non-capital charge
sapn:ZSS104:2023-07-01:metering:legacy-metering-service-charge-non-capital,meter_class,network_meter_before_july_2015,sapn-2023-24-annual-pricing-proposal-revised-8may2023,pdf:p94,installed prior to 1 July 2015 - These customers continue to pay the capital and non-capital charges; • Existing customers using SA Power Networks’ meters that were installed after 1 July 2015 - These customers will have incurred an upfront capital charge and will continue to pay the non-capital charge
sapn:ZSS104:2024-07-01:metering:legacy-metering-service-charge-capital,meter_class,network_meter_before_july_2015,sapn-2024-25-annual-pricing-proposal-19apr2024,pdf:p95,installed prior to 1 July 2015 - These customers continue to pay the capital and non-capital charges; • Existing customers using SA Power Networks’ meters that were installed after 1 July 2015 - These customers will have incurred an upfront capital charge and will continue to pay the non-capital charge; • Existing customers using SA Power Networks’ meters at 30 June 2015 with meters subsequently replaced by 3rd party meters – These customers will continue to pay the capital charge
sapn:ZSS104:2024-07-01:metering:legacy-metering-service-charge-capital,meter_class,replaced_by_third_party_meter,sapn-2024-25-annual-pricing-proposal-19apr2024,pdf:p95,installed prior to 1 July 2015 - These customers continue to pay the capital and non-capital charges; • Existing customers using SA Power Networks’ meters that were installed after 1 July 2015 - These customers will have incurred an upfront capital charge and will continue to pay the non-capital charge; • Existing customers using SA Power Networks’ meters at 30 June 2015 with meters subsequently replaced by 3rd party meters – These customers will continue to pay the capital charge
sapn:ZSS104:2024-07-01:metering:legacy-metering-service-charge-non-capital,meter_class,network_meter_after_july_2015,sapn-2024-25-annual-pricing-proposal-19apr2024,pdf:p95,installed prior to 1 July 2015 - These customers continue to pay the capital and non-capital charges; • Existing customers using SA Power Networks’ meters that were installed after 1 July 2015 - These customers will have incurred an upfront capital charge and will continue to pay the non-capital charge
sapn:ZSS104:2024-07-01:metering:legacy-metering-service-charge-non-capital,meter_class,network_meter_before_july_2015,sapn-2024-25-annual-pricing-proposal-19apr2024,pdf:p95,installed prior to 1 July 2015 - These customers continue to pay the capital and non-capital charges; • Existing customers using SA Power Networks’ meters that were installed after 1 July 2015 - These customers will have incurred an upfront capital charge and will continue to pay the non-capital charge
sapn:ZSS196:2023-07-01:metering:legacy-metering-service-charge-capital,meter_class,network_meter_before_july_2015,sapn-2023-24-annual-pricing-proposal-revised-8may2023,pdf:p94,installed prior to 1 July 2015 - These customers continue to pay the capital and non-capital charges; • Existing customers using SA Power Networks’ meters that were installed after 1 July 2015 - These customers will have incurred an upfront capital charge and will continue to pay the non-capital charge; • Existing customers using SA Power Networks’ meters at 30 June 2015 with meters subsequently replaced by 3rd party meters – These customers will continue to pay the capital charge
sapn:ZSS196:2023-07-01:metering:legacy-metering-service-charge-capital,meter_class,replaced_by_third_party_meter,sapn-2023-24-annual-pricing-proposal-revised-8may2023,pdf:p94,installed prior to 1 July 2015 - These customers continue to pay the capital and non-capital charges; • Existing customers using SA Power Networks’ meters that were installed after 1 July 2015 - These customers will have incurred an upfront capital charge and will continue to pay the non-capital charge; • Existing customers using SA Power Networks’ meters at 30 June 2015 with meters subsequently replaced by 3rd party meters – These customers will continue to pay the capital charge
sapn:ZSS196:2023-07-01:metering:legacy-metering-service-charge-non-capital,meter_class,network_meter_after_july_2015,sapn-2023-24-annual-pricing-proposal-revised-8may2023,pdf:p94,installed prior to 1 July 2015 - These customers continue to pay the capital and non-capital charges; • Existing customers using SA Power Networks’ meters that were installed after 1 July 2015 - These customers will have incurred an upfront capital charge and will continue to pay the non-capital charge
sapn:ZSS196:2023-07-01:metering:legacy-metering-service-charge-non-capital,meter_class,network_meter_before_july_2015,sapn-2023-24-annual-pricing-proposal-revised-8may2023,pdf:p94,installed prior to 1 July 2015 - These customers continue to pay the capital and non-capital charges; • Existing customers using SA Power Networks’ meters that were installed after 1 July 2015 - These customers will have incurred an upfront capital charge and will continue to pay the non-capital charge
sapn:ZSS196:2024-07-01:metering:legacy-metering-service-charge-capital,meter_class,network_meter_before_july_2015,sapn-2024-25-annual-pricing-proposal-19apr2024,pdf:p95,installed prior to 1 July 2015 - These customers continue to pay the capital and non-capital charges; • Existing customers using SA Power Networks’ meters that were installed after 1 July 2015 - These customers will have incurred an upfront capital charge and will continue to pay the non-capital charge; • Existing customers using SA Power Networks’ meters at 30 June 2015 with meters subsequently replaced by 3rd party meters – These customers will continue to pay the capital charge
sapn:ZSS196:2024-07-01:metering:legacy-metering-service-charge-capital,meter_class,replaced_by_third_party_meter,sapn-2024-25-annual-pricing-proposal-19apr2024,pdf:p95,installed prior to 1 July 2015 - These customers continue to pay the capital and non-capital charges; • Existing customers using SA Power Networks’ meters that were installed after 1 July 2015 - These customers will have incurred an upfront capital charge and will continue to pay the non-capital charge; • Existing customers using SA Power Networks’ meters at 30 June 2015 with meters subsequently replaced by 3rd party meters – These customers will continue to pay the capital charge
sapn:ZSS196:2024-07-01:metering:legacy-metering-service-charge-non-capital,meter_class,network_meter_after_july_2015,sapn-2024-25-annual-pricing-proposal-19apr2024,pdf:p95,installed prior to 1 July 2015 - These customers continue to pay the capital and non-capital charges; • Existing customers using SA Power Networks’ meters that were installed after 1 July 2015 - These customers will have incurred an upfront capital charge and will continue to pay the non-capital charge
sapn:ZSS196:2024-07-01:metering:legacy-metering-service-charge-non-capital,meter_class,network_meter_before_july_2015,sapn-2024-25-annual-pricing-proposal-19apr2024,pdf:p95,installed prior to 1 July 2015 - These customers continue to pay the capital and non-capital charges; • Existing customers using SA Power Networks’ meters that were installed after 1 July 2015 - These customers will have incurred an upfront capital charge and will continue to pay the non-capital charge
sapn:ZSS272:2023-07-01:metering:legacy-metering-service-charge-capital,meter_class,network_meter_before_july_2015,sapn-2023-24-annual-pricing-proposal-revised-8may2023,pdf:p94,installed prior to 1 July 2015 - These customers continue to pay the capital and non-capital charges; • Existing customers using SA Power Networks’ meters that were installed after 1 July 2015 - These customers will have incurred an upfront capital charge and will continue to pay the non-capital charge; • Existing customers using SA Power Networks’ meters at 30 June 2015 with meters subsequently replaced by 3rd party meters – These customers will continue to pay the capital charge
sapn:ZSS272:2023-07-01:metering:legacy-metering-service-charge-capital,meter_class,replaced_by_third_party_meter,sapn-2023-24-annual-pricing-proposal-revised-8may2023,pdf:p94,installed prior to 1 July 2015 - These customers continue to pay the capital and non-capital charges; • Existing customers using SA Power Networks’ meters that were installed after 1 July 2015 - These customers will have incurred an upfront capital charge and will continue to pay the non-capital charge; • Existing customers using SA Power Networks’ meters at 30 June 2015 with meters subsequently replaced by 3rd party meters – These customers will continue to pay the capital charge
sapn:ZSS272:2023-07-01:metering:legacy-metering-service-charge-non-capital,meter_class,network_meter_after_july_2015,sapn-2023-24-annual-pricing-proposal-revised-8may2023,pdf:p94,installed prior to 1 July 2015 - These customers continue to pay the capital and non-capital charges; • Existing customers using SA Power Networks’ meters that were installed after 1 July 2015 - These customers will have incurred an upfront capital charge and will continue to pay the non-capital charge
sapn:ZSS272:2023-07-01:metering:legacy-metering-service-charge-non-capital,meter_class,network_meter_before_july_2015,sapn-2023-24-annual-pricing-proposal-revised-8may2023,pdf:p94,installed prior to 1 July 2015 - These customers continue to pay the capital and non-capital charges; • Existing customers using SA Power Networks’ meters that were installed after 1 July 2015 - These customers will have incurred an upfront capital charge and will continue to pay the non-capital charge
sapn:ZSS272:2024-07-01:metering:legacy-metering-service-charge-capital,meter_class,network_meter_before_july_2015,sapn-2024-25-annual-pricing-proposal-19apr2024,pdf:p95,installed prior to 1 July 2015 - These customers continue to pay the capital and non-capital charges; • Existing customers using SA Power Networks’ meters that were installed after 1 July 2015 - These customers will have incurred an upfront capital charge and will continue to pay the non-capital charge; • Existing customers using SA Power Networks’ meters at 30 June 2015 with meters subsequently replaced by 3rd party meters – These customers will continue to pay the capital charge
sapn:ZSS272:2024-07-01:metering:legacy-metering-service-charge-capital,meter_class,replaced_by_third_party_meter,sapn-2024-25-annual-pricing-proposal-19apr2024,pdf:p95,installed prior to 1 July 2015 - These customers continue to pay the capital and non-capital charges; • Existing customers using SA Power Networks’ meters that were installed after 1 July 2015 - These customers will have incurred an upfront capital charge and will continue to pay the non-capital charge; • Existing customers using SA Power Networks’ meters at 30 June 2015 with meters subsequently replaced by 3rd party meters – These customers will continue to pay the capital charge
sapn:ZSS272:2024-07-01:metering:legacy-metering-service-charge-non-capital,meter_class,network_meter_after_july_2015,sapn-2024-25-annual-pricing-proposal-19apr2024,pdf:p95,installed prior to 1 July 2015 - These customers continue to pay the capital and non-capital charges; • Existing customers using SA Power Networks’ meters that were installed after 1 July 2015 - These customers will have incurred an upfront capital charge and will continue to pay the non-capital charge
sapn:ZSS272:2024-07-01:metering:legacy-metering-service-charge-non-capital,meter_class,network_meter_before_july_2015,sapn-2024-25-annual-pricing-proposal-19apr2024,pdf:p95,installed prior to 1 July 2015 - These customers continue to pay the capital and non-capital charges; • Existing customers using SA Power Networks’ meters that were installed after 1 July 2015 - These customers will have incurred an upfront capital charge and will continue to pay the non-capital charge
sapn:ZSS273:2023-07-01:metering:legacy-metering-service-charge-capital,meter_class,network_meter_before_july_2015,sapn-2023-24-annual-pricing-proposal-revised-8may2023,pdf:p94,installed prior to 1 July 2015 - These customers continue to pay the capital and non-capital charges; • Existing customers using SA Power Networks’ meters that were installed after 1 July 2015 - These customers will have incurred an upfront capital charge and will continue to pay the non-capital charge; • Existing customers using SA Power Networks’ meters at 30 June 2015 with meters subsequently replaced by 3rd party meters – These customers will continue to pay the capital charge
sapn:ZSS273:2023-07-01:metering:legacy-metering-service-charge-capital,meter_class,replaced_by_third_party_meter,sapn-2023-24-annual-pricing-proposal-revised-8may2023,pdf:p94,installed prior to 1 July 2015 - These customers continue to pay the capital and non-capital charges; • Existing customers using SA Power Networks’ meters that were installed after 1 July 2015 - These customers will have incurred an upfront capital charge and will continue to pay the non-capital charge; • Existing customers using SA Power Networks’ meters at 30 June 2015 with meters subsequently replaced by 3rd party meters – These customers will continue to pay the capital charge
sapn:ZSS273:2023-07-01:metering:legacy-metering-service-charge-non-capital,meter_class,network_meter_after_july_2015,sapn-2023-24-annual-pricing-proposal-revised-8may2023,pdf:p94,installed prior to 1 July 2015 - These customers continue to pay the capital and non-capital charges; • Existing customers using SA Power Networks’ meters that were installed after 1 July 2015 - These customers will have incurred an upfront capital charge and will continue to pay the non-capital charge
sapn:ZSS273:2023-07-01:metering:legacy-metering-service-charge-non-capital,meter_class,network_meter_before_july_2015,sapn-2023-24-annual-pricing-proposal-revised-8may2023,pdf:p94,installed prior to 1 July 2015 - These customers continue to pay the capital and non-capital charges; • Existing customers using SA Power Networks’ meters that were installed after 1 July 2015 - These customers will have incurred an upfront capital charge and will continue to pay the non-capital charge
sapn:ZSS273:2024-07-01:metering:legacy-metering-service-charge-capital,meter_class,network_meter_before_july_2015,sapn-2024-25-annual-pricing-proposal-19apr2024,pdf:p95,installed prior to 1 July 2015 - These customers continue to pay the capital and non-capital charges; • Existing customers using SA Power Networks’ meters that were installed after 1 July 2015 - These customers will have incurred an upfront capital charge and will continue to pay the non-capital charge; • Existing customers using SA Power Networks’ meters at 30 June 2015 with meters subsequently replaced by 3rd party meters – These customers will continue to pay the capital charge
sapn:ZSS273:2024-07-01:metering:legacy-metering-service-charge-capital,meter_class,replaced_by_third_party_meter,sapn-2024-25-annual-pricing-proposal-19apr2024,pdf:p95,installed prior to 1 July 2015 - These customers continue to pay the capital and non-capital charges; • Existing customers using SA Power Networks’ meters that were installed after 1 July 2015 - These customers will have incurred an upfront capital charge and will continue to pay the non-capital charge; • Existing customers using SA Power Networks’ meters at 30 June 2015 with meters subsequently replaced by 3rd party meters – These customers will continue to pay the capital charge
sapn:ZSS273:2024-07-01:metering:legacy-metering-service-charge-non-capital,meter_class,network_meter_after_july_2015,sapn-2024-25-annual-pricing-proposal-19apr2024,pdf:p95,installed prior to 1 July 2015 - These customers continue to pay the capital and non-capital charges; • Existing customers using SA Power Networks’ meters that were installed after 1 July 2015 - These customers will have incurred an upfront capital charge and will continue to pay the non-capital charge
sapn:ZSS273:2024-07-01:metering:legacy-metering-service-charge-non-capital,meter_class,network_meter_before_july_2015,sapn-2024-25-annual-pricing-proposal-19apr2024,pdf:p95,installed prior to 1 July 2015 - These customers continue to pay the capital and non-capital charges; • Existing customers using SA Power Networks’ meters that were installed after 1 July 2015 - These customers will have incurred an upfront capital charge and will continue to pay the non-capital charge
sapn:ZSS296:2023-07-01:metering:legacy-metering-service-charge-capital,meter_class,network_meter_before_july_2015,sapn-2023-24-annual-pricing-proposal-revised-8may2023,pdf:p94,installed prior to 1 July 2015 - These customers continue to pay the capital and non-capital charges; • Existing customers using SA Power Networks’ meters that were installed after 1 July 2015 - These customers will have incurred an upfront capital charge and will continue to pay the non-capital charge; • Existing customers using SA Power Networks’ meters at 30 June 2015 with meters subsequently replaced by 3rd party meters – These customers will continue to pay the capital charge
sapn:ZSS296:2023-07-01:metering:legacy-metering-service-charge-capital,meter_class,replaced_by_third_party_meter,sapn-2023-24-annual-pricing-proposal-revised-8may2023,pdf:p94,installed prior to 1 July 2015 - These customers continue to pay the capital and non-capital charges; • Existing customers using SA Power Networks’ meters that were installed after 1 July 2015 - These customers will have incurred an upfront capital charge and will continue to pay the non-capital charge; • Existing customers using SA Power Networks’ meters at 30 June 2015 with meters subsequently replaced by 3rd party meters – These customers will continue to pay the capital charge
sapn:ZSS296:2023-07-01:metering:legacy-metering-service-charge-non-capital,meter_class,network_meter_after_july_2015,sapn-2023-24-annual-pricing-proposal-revised-8may2023,pdf:p94,installed prior to 1 July 2015 - These customers continue to pay the capital and non-capital charges; • Existing customers using SA Power Networks’ meters that were installed after 1 July 2015 - These customers will have incurred an upfront capital charge and will continue to pay the non-capital charge
sapn:ZSS296:2023-07-01:metering:legacy-metering-service-charge-non-capital,meter_class,network_meter_before_july_2015,sapn-2023-24-annual-pricing-proposal-revised-8may2023,pdf:p94,installed prior to 1 July 2015 - These customers continue to pay the capital and non-capital charges; • Existing customers using SA Power Networks’ meters that were installed after 1 July 2015 - These customers will have incurred an upfront capital charge and will continue to pay the non-capital charge
sapn:ZSS296:2024-07-01:metering:legacy-metering-service-charge-capital,meter_class,network_meter_before_july_2015,sapn-2024-25-annual-pricing-proposal-19apr2024,pdf:p95,installed prior to 1 July 2015 - These customers continue to pay the capital and non-capital charges; • Existing customers using SA Power Networks’ meters that were installed after 1 July 2015 - These customers will have incurred an upfront capital charge and will continue to pay the non-capital charge; • Existing customers using SA Power Networks’ meters at 30 June 2015 with meters subsequently replaced by 3rd party meters – These customers will continue to pay the capital charge
sapn:ZSS296:2024-07-01:metering:legacy-metering-service-charge-capital,meter_class,replaced_by_third_party_meter,sapn-2024-25-annual-pricing-proposal-19apr2024,pdf:p95,installed prior to 1 July 2015 - These customers continue to pay the capital and non-capital charges; • Existing customers using SA Power Networks’ meters that were installed after 1 July 2015 - These customers will have incurred an upfront capital charge and will continue to pay the non-capital charge; • Existing customers using SA Power Networks’ meters at 30 June 2015 with meters subsequently replaced by 3rd party meters – These customers will continue to pay the capital charge
sapn:ZSS296:2024-07-01:metering:legacy-metering-service-charge-non-capital,meter_class,network_meter_after_july_2015,sapn-2024-25-annual-pricing-proposal-19apr2024,pdf:p95,installed prior to 1 July 2015 - These customers continue to pay the capital and non-capital charges; • Existing customers using SA Power Networks’ meters that were installed after 1 July 2015 - These customers will have incurred an upfront capital charge and will continue to pay the non-capital charge
sapn:ZSS296:2024-07-01:metering:legacy-metering-service-charge-non-capital,meter_class,network_meter_before_july_2015,sapn-2024-25-annual-pricing-proposal-19apr2024,pdf:p95,installed prior to 1 July 2015 - These customers continue to pay the capital and non-capital charges; • Existing customers using SA Power Networks’ meters that were installed after 1 July 2015 - These customers will have incurred an upfront capital charge and will continue to pay the non-capital charge
sapn:ZSS330:2023-07-01:metering:legacy-metering-service-charge-capital,meter_class,network_meter_before_july_2015,sapn-2023-24-annual-pricing-proposal-revised-8may2023,pdf:p94,installed prior to 1 July 2015 - These customers continue to pay the capital and non-capital charges; • Existing customers using SA Power Networks’ meters that were installed after 1 July 2015 - These customers will have incurred an upfront capital charge and will continue to pay the non-capital charge; • Existing customers using SA Power Networks’ meters at 30 June 2015 with meters subsequently replaced by 3rd party meters – These customers will continue to pay the capital charge
sapn:ZSS330:2023-07-01:metering:legacy-metering-service-charge-capital,meter_class,replaced_by_third_party_meter,sapn-2023-24-annual-pricing-proposal-revised-8may2023,pdf:p94,installed prior to 1 July 2015 - These customers continue to pay the capital and non-capital charges; • Existing customers using SA Power Networks’ meters that were installed after 1 July 2015 - These customers will have incurred an upfront capital charge and will continue to pay the non-capital charge; • Existing customers using SA Power Networks’ meters at 30 June 2015 with meters subsequently replaced by 3rd party meters – These customers will continue to pay the capital charge
sapn:ZSS330:2023-07-01:metering:legacy-metering-service-charge-non-capital,meter_class,network_meter_after_july_2015,sapn-2023-24-annual-pricing-proposal-revised-8may2023,pdf:p94,installed prior to 1 July 2015 - These customers continue to pay the capital and non-capital charges; • Existing customers using SA Power Networks’ meters that were installed after 1 July 2015 - These customers will have incurred an upfront capital charge and will continue to pay the non-capital charge
sapn:ZSS330:2023-07-01:metering:legacy-metering-service-charge-non-capital,meter_class,network_meter_before_july_2015,sapn-2023-24-annual-pricing-proposal-revised-8may2023,pdf:p94,installed prior to 1 July 2015 - These customers continue to pay the capital and non-capital charges; • Existing customers using SA Power Networks’ meters that were installed after 1 July 2015 - These customers will have incurred an upfront capital charge and will continue to pay the non-capital charge
sapn:ZSS330:2024-07-01:metering:legacy-metering-service-charge-capital,meter_class,network_meter_before_july_2015,sapn-2024-25-annual-pricing-proposal-19apr2024,pdf:p95,installed prior to 1 July 2015 - These customers continue to pay the capital and non-capital charges; • Existing customers using SA Power Networks’ meters that were installed after 1 July 2015 - These customers will have incurred an upfront capital charge and will continue to pay the non-capital charge; • Existing customers using SA Power Networks’ meters at 30 June 2015 with meters subsequently replaced by 3rd party meters – These customers will continue to pay the capital charge
sapn:ZSS330:2024-07-01:metering:legacy-metering-service-charge-capital,meter_class,replaced_by_third_party_meter,sapn-2024-25-annual-pricing-proposal-19apr2024,pdf:p95,installed prior to 1 July 2015 - These customers continue to pay the capital and non-capital charges; • Existing customers using SA Power Networks’ meters that were installed after 1 July 2015 - These customers will have incurred an upfront capital charge and will continue to pay the non-capital charge; • Existing customers using SA Power Networks’ meters at 30 June 2015 with meters subsequently replaced by 3rd party meters – These customers will continue to pay the capital charge
sapn:ZSS330:2024-07-01:metering:legacy-metering-service-charge-non-capital,meter_class,network_meter_after_july_2015,sapn-2024-25-annual-pricing-proposal-19apr2024,pdf:p95,installed prior to 1 July 2015 - These customers continue to pay the capital and non-capital charges; • Existing customers using SA Power Networks’ meters that were installed after 1 July 2015 - These customers will have incurred an upfront capital charge and will continue to pay the non-capital charge
sapn:ZSS330:2024-07-01:metering:legacy-metering-service-charge-non-capital,meter_class,network_meter_before_july_2015,sapn-2024-25-annual-pricing-proposal-19apr2024,pdf:p95,installed prior to 1 July 2015 - These customers continue to pay the capital and non-capital charges; • Existing customers using SA Power Networks’ meters that were installed after 1 July 2015 - These customers will have incurred an upfront capital charge and will continue to pay the non-capital charge
sapn:ZSS376:2023-07-01:metering:legacy-metering-service-charge-capital,meter_class,network_meter_before_july_2015,sapn-2023-24-annual-pricing-proposal-revised-8may2023,pdf:p94,installed prior to 1 July 2015 - These customers continue to pay the capital and non-capital charges; • Existing customers using SA Power Networks’ meters that were installed after 1 July 2015 - These customers will have incurred an upfront capital charge and will continue to pay the non-capital charge; • Existing customers using SA Power Networks’ meters at 30 June 2015 with meters subsequently replaced by 3rd party meters – These customers will continue to pay the capital charge
sapn:ZSS376:2023-07-01:metering:legacy-metering-service-charge-capital,meter_class,replaced_by_third_party_meter,sapn-2023-24-annual-pricing-proposal-revised-8may2023,pdf:p94,installed prior to 1 July 2015 - These customers continue to pay the capital and non-capital charges; • Existing customers using SA Power Networks’ meters that were installed after 1 July 2015 - These customers will have incurred an upfront capital charge and will continue to pay the non-capital charge; • Existing customers using SA Power Networks’ meters at 30 June 2015 with meters subsequently replaced by 3rd party meters – These customers will continue to pay the capital charge
sapn:ZSS376:2023-07-01:metering:legacy-metering-service-charge-non-capital,meter_class,network_meter_after_july_2015,sapn-2023-24-annual-pricing-proposal-revised-8may2023,pdf:p94,installed prior to 1 July 2015 - These customers continue to pay the capital and non-capital charges; • Existing customers using SA Power Networks’ meters that were installed after 1 July 2015 - These customers will have incurred an upfront capital charge and will continue to pay the non-capital charge
sapn:ZSS376:2023-07-01:metering:legacy-metering-service-charge-non-capital,meter_class,network_meter_before_july_2015,sapn-2023-24-annual-pricing-proposal-revised-8may2023,pdf:p94,installed prior to 1 July 2015 - These customers continue to pay the capital and non-capital charges; • Existing customers using SA Power Networks’ meters that were installed after 1 July 2015 - These customers will have incurred an upfront capital charge and will continue to pay the non-capital charge
sapn:ZSS376:2024-07-01:metering:legacy-metering-service-charge-capital,meter_class,network_meter_before_july_2015,sapn-2024-25-annual-pricing-proposal-19apr2024,pdf:p95,installed prior to 1 July 2015 - These customers continue to pay the capital and non-capital charges; • Existing customers using SA Power Networks’ meters that were installed after 1 July 2015 - These customers will have incurred an upfront capital charge and will continue to pay the non-capital charge; • Existing customers using SA Power Networks’ meters at 30 June 2015 with meters subsequently replaced by 3rd party meters – These customers will continue to pay the capital charge
sapn:ZSS376:2024-07-01:metering:legacy-metering-service-charge-capital,meter_class,replaced_by_third_party_meter,sapn-2024-25-annual-pricing-proposal-19apr2024,pdf:p95,installed prior to 1 July 2015 - These customers continue to pay the capital and non-capital charges; • Existing customers using SA Power Networks’ meters that were installed after 1 July 2015 - These customers will have incurred an upfront capital charge and will continue to pay the non-capital charge; • Existing customers using SA Power Networks’ meters at 30 June 2015 with meters subsequently replaced by 3rd party meters – These customers will continue to pay the capital charge
sapn:ZSS376:2024-07-01:metering:legacy-metering-service-charge-non-capital,meter_class,network_meter_after_july_2015,sapn-2024-25-annual-pricing-proposal-19apr2024,pdf:p95,installed prior to 1 July 2015 - These customers continue to pay the capital and non-capital charges; • Existing customers using SA Power Networks’ meters that were installed after 1 July 2015 - These customers will have incurred an upfront capital charge and will continue to pay the non-capital charge
sapn:ZSS376:2024-07-01:metering:legacy-metering-service-charge-non-capital,meter_class,network_meter_before_july_2015,sapn-2024-25-annual-pricing-proposal-19apr2024,pdf:p95,installed prior to 1 July 2015 - These customers continue to pay the capital and non-capital charges; • Existing customers using SA Power Networks’ meters that were installed after 1 July 2015 - These customers will have incurred an upfront capital charge and will continue to pay the non-capital charge
sapn:ZSS408:2023-07-01:metering:legacy-metering-service-charge-capital,meter_class,network_meter_before_july_2015,sapn-2023-24-annual-pricing-proposal-revised-8may2023,pdf:p94,installed prior to 1 July 2015 - These customers continue to pay the capital and non-capital charges; • Existing customers using SA Power Networks’ meters that were installed after 1 July 2015 - These customers will have incurred an upfront capital charge and will continue to pay the non-capital charge; • Existing customers using SA Power Networks’ meters at 30 June 2015 with meters subsequently replaced by 3rd party meters – These customers will continue to pay the capital charge
sapn:ZSS408:2023-07-01:metering:legacy-metering-service-charge-capital,meter_class,replaced_by_third_party_meter,sapn-2023-24-annual-pricing-proposal-revised-8may2023,pdf:p94,installed prior to 1 July 2015 - These customers continue to pay the capital and non-capital charges; • Existing customers using SA Power Networks’ meters that were installed after 1 July 2015 - These customers will have incurred an upfront capital charge and will continue to pay the non-capital charge; • Existing customers using SA Power Networks’ meters at 30 June 2015 with meters subsequently replaced by 3rd party meters – These customers will continue to pay the capital charge
sapn:ZSS408:2023-07-01:metering:legacy-metering-service-charge-non-capital,meter_class,network_meter_after_july_2015,sapn-2023-24-annual-pricing-proposal-revised-8may2023,pdf:p94,installed prior to 1 July 2015 - These customers continue to pay the capital and non-capital charges; • Existing customers using SA Power Networks’ meters that were installed after 1 July 2015 - These customers will have incurred an upfront capital charge and will continue to pay the non-capital charge
sapn:ZSS408:2023-07-01:metering:legacy-metering-service-charge-non-capital,meter_class,network_meter_before_july_2015,sapn-2023-24-annual-pricing-proposal-revised-8may2023,pdf:p94,installed prior to 1 July 2015 - These customers continue to pay the capital and non-capital charges; • Existing customers using SA Power Networks’ meters that were installed after 1 July 2015 - These customers will have incurred an upfront capital charge and will continue to pay the non-capital charge
sapn:ZSS408:2024-07-01:metering:legacy-metering-service-charge-capital,meter_class,network_meter_before_july_2015,sapn-2024-25-annual-pricing-proposal-19apr2024,pdf:p95,installed prior to 1 July 2015 - These customers continue to pay the capital and non-capital charges; • Existing customers using SA Power Networks’ meters that were installed after 1 July 2015 - These customers will have incurred an upfront capital charge and will continue to pay the non-capital charge; • Existing customers using SA Power Networks’ meters at 30 June 2015 with meters subsequently replaced by 3rd party meters – These customers will continue to pay the capital charge
sapn:ZSS408:2024-07-01:metering:legacy-metering-service-charge-capital,meter_class,replaced_by_third_party_meter,sapn-2024-25-annual-pricing-proposal-19apr2024,pdf:p95,installed prior to 1 July 2015 - These customers continue to pay the capital and non-capital charges; • Existing customers using SA Power Networks’ meters that were installed after 1 July 2015 - These customers will have incurred an upfront capital charge and will continue to pay the non-capital charge; • Existing customers using SA Power Networks’ meters at 30 June 2015 with meters subsequently replaced by 3rd party meters – These customers will continue to pay the capital charge
sapn:ZSS408:2024-07-01:metering:legacy-metering-service-charge-non-capital,meter_class,network_meter_after_july_2015,sapn-2024-25-annual-pricing-proposal-19apr2024,pdf:p95,installed prior to 1 July 2015 - These customers continue to pay the capital and non-capital charges; • Existing customers using SA Power Networks’ meters that were installed after 1 July 2015 - These customers will have incurred an upfront capital charge and will continue to pay the non-capital charge
sapn:ZSS408:2024-07-01:metering:legacy-metering-service-charge-non-capital,meter_class,network_meter_before_july_2015,sapn-2024-25-annual-pricing-proposal-19apr2024,pdf:p95,installed prior to 1 July 2015 - These customers continue to pay the capital and non-capital charges; • Existing customers using SA Power Networks’ meters that were installed after 1 July 2015 - These customers will have incurred an upfront capital charge and will continue to pay the non-capital charge
sapn:ZSS500:2023-07-01:metering:legacy-metering-service-charge-capital,meter_class,network_meter_before_july_2015,sapn-2023-24-annual-pricing-proposal-revised-8may2023,pdf:p94,installed prior to 1 July 2015 - These customers continue to pay the capital and non-capital charges; • Existing customers using SA Power Networks’ meters that were installed after 1 July 2015 - These customers will have incurred an upfront capital charge and will continue to pay the non-capital charge; • Existing customers using SA Power Networks’ meters at 30 June 2015 with meters subsequently replaced by 3rd party meters – These customers will continue to pay the capital charge
sapn:ZSS500:2023-07-01:metering:legacy-metering-service-charge-capital,meter_class,replaced_by_third_party_meter,sapn-2023-24-annual-pricing-proposal-revised-8may2023,pdf:p94,installed prior to 1 July 2015 - These customers continue to pay the capital and non-capital charges; • Existing customers using SA Power Networks’ meters that were installed after 1 July 2015 - These customers will have incurred an upfront capital charge and will continue to pay the non-capital charge; • Existing customers using SA Power Networks’ meters at 30 June 2015 with meters subsequently replaced by 3rd party meters – These customers will continue to pay the capital charge
sapn:ZSS500:2023-07-01:metering:legacy-metering-service-charge-non-capital,meter_class,network_meter_after_july_2015,sapn-2023-24-annual-pricing-proposal-revised-8may2023,pdf:p94,installed prior to 1 July 2015 - These customers continue to pay the capital and non-capital charges; • Existing customers using SA Power Networks’ meters that were installed after 1 July 2015 - These customers will have incurred an upfront capital charge and will continue to pay the non-capital charge
sapn:ZSS500:2023-07-01:metering:legacy-metering-service-charge-non-capital,meter_class,network_meter_before_july_2015,sapn-2023-24-annual-pricing-proposal-revised-8may2023,pdf:p94,installed prior to 1 July 2015 - These customers continue to pay the capital and non-capital charges; • Existing customers using SA Power Networks’ meters that were installed after 1 July 2015 - These customers will have incurred an upfront capital charge and will continue to pay the non-capital charge
sapn:ZSS500:2024-07-01:metering:legacy-metering-service-charge-capital,meter_class,network_meter_before_july_2015,sapn-2024-25-annual-pricing-proposal-19apr2024,pdf:p95,installed prior to 1 July 2015 - These customers continue to pay the capital and non-capital charges; • Existing customers using SA Power Networks’ meters that were installed after 1 July 2015 - These customers will have incurred an upfront capital charge and will continue to pay the non-capital charge; • Existing customers using SA Power Networks’ meters at 30 June 2015 with meters subsequently replaced by 3rd party meters – These customers will continue to pay the capital charge
sapn:ZSS500:2024-07-01:metering:legacy-metering-service-charge-capital,meter_class,replaced_by_third_party_meter,sapn-2024-25-annual-pricing-proposal-19apr2024,pdf:p95,installed prior to 1 July 2015 - These customers continue to pay the capital and non-capital charges; • Existing customers using SA Power Networks’ meters that were installed after 1 July 2015 - These customers will have incurred an upfront capital charge and will continue to pay the non-capital charge; • Existing customers using SA Power Networks’ meters at 30 June 2015 with meters subsequently replaced by 3rd party meters – These customers will continue to pay the capital charge
sapn:ZSS500:2024-07-01:metering:legacy-metering-service-charge-non-capital,meter_class,network_meter_after_july_2015,sapn-2024-25-annual-pricing-proposal-19apr2024,pdf:p95,installed prior to 1 July 2015 - These customers continue to pay the capital and non-capital charges; • Existing customers using SA Power Networks’ meters that were installed after 1 July 2015 - These customers will have incurred an upfront capital charge and will continue to pay the non-capital charge
sapn:ZSS500:2024-07-01:metering:legacy-metering-service-charge-non-capital,meter_class,network_meter_before_july_2015,sapn-2024-25-annual-pricing-proposal-19apr2024,pdf:p95,installed prior to 1 July 2015 - These customers continue to pay the capital and non-capital charges; • Existing customers using SA Power Networks’ meters that were installed after 1 July 2015 - These customers will have incurred an upfront capital charge and will continue to pay the non-capital charge
sapn:ZSS550:2023-07-01:metering:legacy-metering-service-charge-capital,meter_class,network_meter_before_july_2015,sapn-2023-24-annual-pricing-proposal-revised-8may2023,pdf:p94,installed prior to 1 July 2015 - These customers continue to pay the capital and non-capital charges; • Existing customers using SA Power Networks’ meters that were installed after 1 July 2015 - These customers will have incurred an upfront capital charge and will continue to pay the non-capital charge; • Existing customers using SA Power Networks’ meters at 30 June 2015 with meters subsequently replaced by 3rd party meters – These customers will continue to pay the capital charge
sapn:ZSS550:2023-07-01:metering:legacy-metering-service-charge-capital,meter_class,replaced_by_third_party_meter,sapn-2023-24-annual-pricing-proposal-revised-8may2023,pdf:p94,installed prior to 1 July 2015 - These customers continue to pay the capital and non-capital charges; • Existing customers using SA Power Networks’ meters that were installed after 1 July 2015 - These customers will have incurred an upfront capital charge and will continue to pay the non-capital charge; • Existing customers using SA Power Networks’ meters at 30 June 2015 with meters subsequently replaced by 3rd party meters – These customers will continue to pay the capital charge
sapn:ZSS550:2023-07-01:metering:legacy-metering-service-charge-non-capital,meter_class,network_meter_after_july_2015,sapn-2023-24-annual-pricing-proposal-revised-8may2023,pdf:p94,installed prior to 1 July 2015 - These customers continue to pay the capital and non-capital charges; • Existing customers using SA Power Networks’ meters that were installed after 1 July 2015 - These customers will have incurred an upfront capital charge and will continue to pay the non-capital charge
sapn:ZSS550:2023-07-01:metering:legacy-metering-service-charge-non-capital,meter_class,network_meter_before_july_2015,sapn-2023-24-annual-pricing-proposal-revised-8may2023,pdf:p94,installed prior to 1 July 2015 - These customers continue to pay the capital and non-capital charges; • Existing customers using SA Power Networks’ meters that were installed after 1 July 2015 - These customers will have incurred an upfront capital charge and will continue to pay the non-capital charge
sapn:ZSS550:2024-07-01:metering:legacy-metering-service-charge-capital,meter_class,network_meter_before_july_2015,sapn-2024-25-annual-pricing-proposal-19apr2024,pdf:p95,installed prior to 1 July 2015 - These customers continue to pay the capital and non-capital charges; • Existing customers using SA Power Networks’ meters that were installed after 1 July 2015 - These customers will have incurred an upfront capital charge and will continue to pay the non-capital charge; • Existing customers using SA Power Networks’ meters at 30 June 2015 with meters subsequently replaced by 3rd party meters – These customers will continue to pay the capital charge
sapn:ZSS550:2024-07-01:metering:legacy-metering-service-charge-capital,meter_class,replaced_by_third_party_meter,sapn-2024-25-annual-pricing-proposal-19apr2024,pdf:p95,installed prior to 1 July 2015 - These customers continue to pay the capital and non-capital charges; • Existing customers using SA Power Networks’ meters that were installed after 1 July 2015 - These customers will have incurred an upfront capital charge and will continue to pay the non-capital charge; • Existing customers using SA Power Networks’ meters at 30 June 2015 with meters subsequently replaced by 3rd party meters – These customers will continue to pay the capital charge
sapn:ZSS550:2024-07-01:metering:legacy-metering-service-charge-non-capital,meter_class,network_meter_after_july_2015,sapn-2024-25-annual-pricing-proposal-19apr2024,pdf:p95,installed prior to 1 July 2015 - These customers continue to pay the capital and non-capital charges; • Existing customers using SA Power Networks’ meters that were installed after 1 July 2015 - These customers will have incurred an upfront capital charge and will continue to pay the non-capital charge
sapn:ZSS550:2024-07-01:metering:legacy-metering-service-charge-non-capital,meter_class,network_meter_before_july_2015,sapn-2024-25-annual-pricing-proposal-19apr2024,pdf:p95,installed prior to 1 July 2015 - These customers continue to pay the capital and non-capital charges; • Existing customers using SA Power Networks’ meters that were installed after 1 July 2015 - These customers will have incurred an upfront capital charge and will continue to pay the non-capital charge
sapn:ZSS850:2023-07-01:metering:legacy-metering-service-charge-capital,meter_class,network_meter_before_july_2015,sapn-2023-24-annual-pricing-proposal-revised-8may2023,pdf:p94,installed prior to 1 July 2015 - These customers continue to pay the capital and non-capital charges; • Existing customers using SA Power Networks’ meters that were installed after 1 July 2015 - These customers will have incurred an upfront capital charge and will continue to pay the non-capital charge; • Existing customers using SA Power Networks’ meters at 30 June 2015 with meters subsequently replaced by 3rd party meters – These customers will continue to pay the capital charge
sapn:ZSS850:2023-07-01:metering:legacy-metering-service-charge-capital,meter_class,replaced_by_third_party_meter,sapn-2023-24-annual-pricing-proposal-revised-8may2023,pdf:p94,installed prior to 1 July 2015 - These customers continue to pay the capital and non-capital charges; • Existing customers using SA Power Networks’ meters that were installed after 1 July 2015 - These customers will have incurred an upfront capital charge and will continue to pay the non-capital charge; • Existing customers using SA Power Networks’ meters at 30 June 2015 with meters subsequently replaced by 3rd party meters – These customers will continue to pay the capital charge
sapn:ZSS850:2023-07-01:metering:legacy-metering-service-charge-non-capital,meter_class,network_meter_after_july_2015,sapn-2023-24-annual-pricing-proposal-revised-8may2023,pdf:p94,installed prior to 1 July 2015 - These customers continue to pay the capital and non-capital charges; • Existing customers using SA Power Networks’ meters that were installed after 1 July 2015 - These customers will have incurred an upfront capital charge and will continue to pay the non-capital charge
sapn:ZSS850:2023-07-01:metering:legacy-metering-service-charge-non-capital,meter_class,network_meter_before_july_2015,sapn-2023-24-annual-pricing-proposal-revised-8may2023,pdf:p94,installed prior to 1 July 2015 - These customers continue to pay the capital and non-capital charges; • Existing customers using SA Power Networks’ meters that were installed after 1 July 2015 - These customers will have incurred an upfront capital charge and will continue to pay the non-capital charge
sapn:ZSS850:2024-07-01:metering:legacy-metering-service-charge-capital,meter_class,network_meter_before_july_2015,sapn-2024-25-annual-pricing-proposal-19apr2024,pdf:p95,installed prior to 1 July 2015 - These customers continue to pay the capital and non-capital charges; • Existing customers using SA Power Networks’ meters that were installed after 1 July 2015 - These customers will have incurred an upfront capital charge and will continue to pay the non-capital charge; • Existing customers using SA Power Networks’ meters at 30 June 2015 with meters subsequently replaced by 3rd party meters – These customers will continue to pay the capital charge
sapn:ZSS850:2024-07-01:metering:legacy-metering-service-charge-capital,meter_class,replaced_by_third_party_meter,sapn-2024-25-annual-pricing-proposal-19apr2024,pdf:p95,installed prior to 1 July 2015 - These customers continue to pay the capital and non-capital charges; • Existing customers using SA Power Networks’ meters that were installed after 1 July 2015 - These customers will have incurred an upfront capital charge and will continue to pay the non-capital charge; • Existing customers using SA Power Networks’ meters at 30 June 2015 with meters subsequently replaced by 3rd party meters – These customers will continue to pay the capital charge
sapn:ZSS850:2024-07-01:metering:legacy-metering-service-charge-non-capital,meter_class,network_meter_after_july_2015,sapn-2024-25-annual-pricing-proposal-19apr2024,pdf:p95,installed prior to 1 July 2015 - These customers continue to pay the capital and non-capital charges; • Existing customers using SA Power Networks’ meters that were installed after 1 July 2015 - These customers will have incurred an upfront capital charge and will continue to pay the non-capital charge
sapn:ZSS850:2024-07-01:metering:legacy-metering-service-charge-non-capital,meter_class,network_meter_before_july_2015,sapn-2024-25-annual-pricing-proposal-19apr2024,pdf:p95,installed prior to 1 July 2015 - These customers continue to pay the capital and non-capital charges; • Existing customers using SA Power Networks’ meters that were installed after 1 July 2015 - These customers will have incurred an upfront capital charge and will continue to pay the non-capital charge
