season_id,window_set_id,season,season_label
ausgrid-2016-18-capacity:any:all,ausgrid-2016-18-capacity,,
ausgrid-2016-18-other-tou:any:all,ausgrid-2016-18-other-tou,,
ausgrid-2016-18-residential-small-business-tou:any:all,ausgrid-2016-18-residential-small-business-tou,,
ausgrid-2018-19-business-tou:any:4-5.9-10,ausgrid-2018-19-business-tou,,
ausgrid-2018-19-business-tou:any:6-8.11-3,ausgrid-2018-19-business-tou,,
ausgrid-2018-19-business-tou:any:all,ausgrid-2018-19-business-tou,,
ausgrid-2018-19-capacity:any:all,ausgrid-2018-19-capacity,,
ausgrid-2018-19-residential-tou:any:11-3,ausgrid-2018-19-residential-tou,,
ausgrid-2018-19-residential-tou:any:4-5.9-10,ausgrid-2018-19-residential-tou,,
ausgrid-2018-19-residential-tou:any:6-8,ausgrid-2018-19-residential-tou,,
ausgrid-2018-19-residential-tou:any:all,ausgrid-2018-19-residential-tou,,
ausgrid-2019-24-capacity:any:all,ausgrid-2019-24-capacity,,
ausgrid-2019-24-large-business-tou:any:4-5.9-10,ausgrid-2019-24-large-business-tou,,
ausgrid-2019-24-large-business-tou:any:6-8.11-3,ausgrid-2019-24-large-business-tou,,
ausgrid-2019-24-large-business-tou:any:all,ausgrid-2019-24-large-business-tou,,
ausgrid-2019-24-residential-demand:high:11-3,ausgrid-2019-24-residential-demand,high,High season (8 months)
ausgrid-2019-24-residential-demand:high:6-8,ausgrid-2019-24-residential-demand,high,High season (8 months)
ausgrid-2019-24-residential-demand:low:4-5.9-10,ausgrid-2019-24-residential-demand,low,Low season (4 months)
ausgrid-2019-24-residential-tou:any:11-3,ausgrid-2019-24-residential-tou,,
ausgrid-2019-24-residential-tou:any:4-5.9-10,ausgrid-2019-24-residential-tou,,
ausgrid-2019-24-residential-tou:any:6-8,ausgrid-2019-24-residential-tou,,
ausgrid-2019-24-residential-tou:any:all,ausgrid-2019-24-residential-tou,,
ausgrid-2019-24-small-business-demand:high:6-8.11-3,ausgrid-2019-24-small-business-demand,high,High season (8 months)
ausgrid-2019-24-small-business-demand:low:4-5.9-10,ausgrid-2019-24-small-business-demand,low,Low season (4 months)
ausgrid-2019-24-small-business-tou:any:4-5.9-10,ausgrid-2019-24-small-business-tou,,
ausgrid-2019-24-small-business-tou:any:6-8.11-3,ausgrid-2019-24-small-business-tou,,
ausgrid-2019-24-small-business-tou:any:all,ausgrid-2019-24-small-business-tou,,
ausgrid-2024-25-business-tou:any:11-3,ausgrid-2024-25-business-tou,,
ausgrid-2024-25-business-tou:any:4-5.9-10,ausgrid-2024-25-business-tou,,
ausgrid-2024-25-business-tou:any:6-8,ausgrid-2024-25-business-tou,,
ausgrid-2024-25-business-tou:any:all,ausgrid-2024-25-business-tou,,
ausgrid-2024-25-capacity:any:all,ausgrid-2024-25-capacity,,
ausgrid-2024-25-ea958-tou:any:all,ausgrid-2024-25-ea958-tou,,
ausgrid-2024-25-export:any:all,ausgrid-2024-25-export,,
ausgrid-2024-25-residential-demand:high:11-3,ausgrid-2024-25-residential-demand,high,High season (8 months)
ausgrid-2024-25-residential-demand:high:6-8,ausgrid-2024-25-residential-demand,high,High season (8 months)
ausgrid-2024-25-residential-tou:any:11-3,ausgrid-2024-25-residential-tou,,
ausgrid-2024-25-residential-tou:any:4-5.9-10,ausgrid-2024-25-residential-tou,,
ausgrid-2024-25-residential-tou:any:6-8,ausgrid-2024-25-residential-tou,,
ausgrid-2024-25-residential-tou:any:6-8.11-3,ausgrid-2024-25-residential-tou,,
ausgrid-2024-25-small-business-demand:high:11-3,ausgrid-2024-25-small-business-demand,high,High season (8 months)
ausgrid-2024-25-small-business-demand:high:6-8,ausgrid-2024-25-small-business-demand,high,High season (8 months)
ausgrid-2025-26-business-tou:any:11-3,ausgrid-2025-26-business-tou,,
ausgrid-2025-26-business-tou:any:4-5.9-10,ausgrid-2025-26-business-tou,,
ausgrid-2025-26-business-tou:any:6-8,ausgrid-2025-26-business-tou,,
ausgrid-2025-26-business-tou:any:all,ausgrid-2025-26-business-tou,,
ausgrid-2025-26-capacity:any:all,ausgrid-2025-26-capacity,,
ausgrid-2025-26-export:any:all,ausgrid-2025-26-export,,
ausgrid-2025-26-residential-demand:high:11-3,ausgrid-2025-26-residential-demand,high,High season (8 months)
ausgrid-2025-26-residential-demand:high:6-8,ausgrid-2025-26-residential-demand,high,High season (8 months)
ausgrid-2025-26-residential-tou:any:11-3,ausgrid-2025-26-residential-tou,,
ausgrid-2025-26-residential-tou:any:4-5.9-10,ausgrid-2025-26-residential-tou,,
ausgrid-2025-26-residential-tou:any:6-8,ausgrid-2025-26-residential-tou,,
ausgrid-2025-26-residential-tou:any:6-8.11-3,ausgrid-2025-26-residential-tou,,
ausgrid-2025-26-small-business-demand:high:11-3,ausgrid-2025-26-small-business-demand,high,High season (8 months)
ausgrid-2025-26-small-business-demand:high:6-8,ausgrid-2025-26-small-business-demand,high,High season (8 months)
ausgrid-2026-27-business-tou:any:11-3,ausgrid-2026-27-business-tou,,
ausgrid-2026-27-business-tou:any:4-5.9-10,ausgrid-2026-27-business-tou,,
ausgrid-2026-27-business-tou:any:6-8,ausgrid-2026-27-business-tou,,
ausgrid-2026-27-business-tou:any:all,ausgrid-2026-27-business-tou,,
ausgrid-2026-27-capacity:any:all,ausgrid-2026-27-capacity,,
ausgrid-2026-27-export:any:all,ausgrid-2026-27-export,,
ausgrid-2026-27-residential-demand:high:11-3,ausgrid-2026-27-residential-demand,high,High season (8 months)
ausgrid-2026-27-residential-demand:high:6-8,ausgrid-2026-27-residential-demand,high,High season (8 months)
ausgrid-2026-27-residential-tou:any:11-3,ausgrid-2026-27-residential-tou,,
ausgrid-2026-27-residential-tou:any:4-5.9-10,ausgrid-2026-27-residential-tou,,
ausgrid-2026-27-residential-tou:any:6-8,ausgrid-2026-27-residential-tou,,
ausgrid-2026-27-residential-tou:any:6-8.11-3,ausgrid-2026-27-residential-tou,,
ausgrid-2026-27-small-business-demand:high:11-3,ausgrid-2026-27-small-business-demand,high,High season (8 months)
ausgrid-2026-27-small-business-demand:high:6-8,ausgrid-2026-27-small-business-demand,high,High season (8 months)
ausnet-2017-sched-cl-10:any:all,ausnet-2017-sched-cl-10,,
ausnet-2017-sched-cl-11:any:all,ausnet-2017-sched-cl-11,,
ausnet-2017-sched-cl-9:any:all,ausnet-2017-sched-cl-9,,
ausnet-2017-sched-d-cpd:any:all,ausnet-2017-sched-d-cpd,,
ausnet-2017-sched-d-monthly:high:12-3,ausnet-2017-sched-d-monthly,high,Peak season - December to March
ausnet-2017-sched-d-monthly:low:4-11,ausnet-2017-sched-d-monthly,low,Off peak season - All other months
ausnet-2017-sched-e-13:any:all,ausnet-2017-sched-e-13,,
ausnet-2017-sched-e-7-23-mon-fri:any:all,ausnet-2017-sched-e-7-23-mon-fri,,
ausnet-2017-sched-e-7-23-mon-sun:any:all,ausnet-2017-sched-e-7-23-mon-sun,,
ausnet-2017-sched-e-8-20-mon-fri:any:all,ausnet-2017-sched-e-8-20-mon-fri,,
ausnet-2017-sched-e-flexible-8:any:all,ausnet-2017-sched-e-flexible-8,,
ausnet-2017-sched-e-seasonal-7:any:12-3,ausnet-2017-sched-e-seasonal-7,,
ausnet-2017-sched-e-seasonal-7:any:4-5.9-11,ausnet-2017-sched-e-seasonal-7,,
ausnet-2017-sched-e-seasonal-7:any:6-8,ausnet-2017-sched-e-seasonal-7,,
ausnet-2017-sched-e-seasonal-7:summer:12-3,ausnet-2017-sched-e-seasonal-7,summer,December to March
ausnet-2017-sched-e-seasonal-7:winter:6-8,ausnet-2017-sched-e-seasonal-7,winter,June to August
ausnet-2017-sched-e-snow-12:any:10-4,ausnet-2017-sched-e-snow-12,,All other times
ausnet-2017-sched-e-snow-12:any:5-9,ausnet-2017-sched-e-snow-12,,1 May to 30 September
ausnet-2018-report-e-seasonal-7:any:12-3,ausnet-2018-report-e-seasonal-7,,
ausnet-2018-report-e-seasonal-7:any:4-5.9-11,ausnet-2018-report-e-seasonal-7,,
ausnet-2018-report-e-seasonal-7:any:6-8,ausnet-2018-report-e-seasonal-7,,
ausnet-2018-report-e-seasonal-7:summer:12-3,ausnet-2018-report-e-seasonal-7,summer,December to March
ausnet-2018-report-e-seasonal-7:winter:6-8,ausnet-2018-report-e-seasonal-7,winter,June to August
ausnet-2018-sched-cl-10:any:all,ausnet-2018-sched-cl-10,,
ausnet-2018-sched-cl-11:any:all,ausnet-2018-sched-cl-11,,
ausnet-2018-sched-cl-9:any:all,ausnet-2018-sched-cl-9,,
ausnet-2018-sched-d-cpd:any:all,ausnet-2018-sched-d-cpd,,
ausnet-2018-sched-d-monthly:high:12-3,ausnet-2018-sched-d-monthly,high,Peak season - December to March
ausnet-2018-sched-d-monthly:low:4-11,ausnet-2018-sched-d-monthly,low,Off peak season - All other months
ausnet-2018-sched-e-13:any:all,ausnet-2018-sched-e-13,,
ausnet-2018-sched-e-7-23-mon-fri:any:all,ausnet-2018-sched-e-7-23-mon-fri,,
ausnet-2018-sched-e-7-23-mon-sun:any:all,ausnet-2018-sched-e-7-23-mon-sun,,
ausnet-2018-sched-e-8-20-mon-fri:any:all,ausnet-2018-sched-e-8-20-mon-fri,,
ausnet-2018-sched-e-flexible-8:any:all,ausnet-2018-sched-e-flexible-8,,
ausnet-2018-sched-e-seasonal-7:any:12-3,ausnet-2018-sched-e-seasonal-7,,
ausnet-2018-sched-e-seasonal-7:any:4-5.9-11,ausnet-2018-sched-e-seasonal-7,,
ausnet-2018-sched-e-seasonal-7:any:6-8,ausnet-2018-sched-e-seasonal-7,,
ausnet-2018-sched-e-seasonal-7:summer:12-3,ausnet-2018-sched-e-seasonal-7,summer,December to March
ausnet-2018-sched-e-seasonal-7:winter:6-8,ausnet-2018-sched-e-seasonal-7,winter,June to August
ausnet-2018-sched-e-snow-12:any:10-4,ausnet-2018-sched-e-snow-12,,All other times
ausnet-2018-sched-e-snow-12:any:5-9,ausnet-2018-sched-e-snow-12,,1 May to 30 September
ausnet-2019-sched-cl-10:any:all,ausnet-2019-sched-cl-10,,
ausnet-2019-sched-cl-11:any:all,ausnet-2019-sched-cl-11,,
ausnet-2019-sched-cl-9:any:all,ausnet-2019-sched-cl-9,,
ausnet-2019-sched-d-cpd:any:all,ausnet-2019-sched-d-cpd,,
ausnet-2019-sched-d-monthly:high:12-3,ausnet-2019-sched-d-monthly,high,Peak season - December to March
ausnet-2019-sched-d-monthly:low:4-11,ausnet-2019-sched-d-monthly,low,Off peak season - All other months
ausnet-2019-sched-e-13:any:all,ausnet-2019-sched-e-13,,
ausnet-2019-sched-e-7-23-mon-fri:any:all,ausnet-2019-sched-e-7-23-mon-fri,,
ausnet-2019-sched-e-7-23-mon-sun:any:all,ausnet-2019-sched-e-7-23-mon-sun,,
ausnet-2019-sched-e-8-20-mon-fri:any:all,ausnet-2019-sched-e-8-20-mon-fri,,
ausnet-2019-sched-e-flexible-8:any:all,ausnet-2019-sched-e-flexible-8,,
ausnet-2019-sched-e-seasonal-7:any:12-3,ausnet-2019-sched-e-seasonal-7,,
ausnet-2019-sched-e-seasonal-7:any:4-5.9-11,ausnet-2019-sched-e-seasonal-7,,
ausnet-2019-sched-e-seasonal-7:any:6-8,ausnet-2019-sched-e-seasonal-7,,
ausnet-2019-sched-e-seasonal-7:summer:12-3,ausnet-2019-sched-e-seasonal-7,summer,December to March
ausnet-2019-sched-e-seasonal-7:winter:6-8,ausnet-2019-sched-e-seasonal-7,winter,June to August
ausnet-2019-sched-e-snow-12:any:10-4,ausnet-2019-sched-e-snow-12,,All other times
ausnet-2019-sched-e-snow-12:any:5-9,ausnet-2019-sched-e-snow-12,,1 May to 30 September
ausnet-2020-sched-cl-10:any:all,ausnet-2020-sched-cl-10,,
ausnet-2020-sched-cl-11:any:all,ausnet-2020-sched-cl-11,,
ausnet-2020-sched-cl-9:any:all,ausnet-2020-sched-cl-9,,
ausnet-2020-sched-d-cpd:any:all,ausnet-2020-sched-d-cpd,,
ausnet-2020-sched-d-monthly:high:12-3,ausnet-2020-sched-d-monthly,high,Peak season - December to March
ausnet-2020-sched-d-monthly:low:4-11,ausnet-2020-sched-d-monthly,low,Off peak season - All other months
ausnet-2020-sched-e-13:any:all,ausnet-2020-sched-e-13,,
ausnet-2020-sched-e-7-23-mon-fri:any:all,ausnet-2020-sched-e-7-23-mon-fri,,
ausnet-2020-sched-e-7-23-mon-sun:any:all,ausnet-2020-sched-e-7-23-mon-sun,,
ausnet-2020-sched-e-8-20-mon-fri:any:all,ausnet-2020-sched-e-8-20-mon-fri,,
ausnet-2020-sched-e-flexible-8:any:all,ausnet-2020-sched-e-flexible-8,,
ausnet-2020-sched-e-seasonal-7:any:12-3,ausnet-2020-sched-e-seasonal-7,,
ausnet-2020-sched-e-seasonal-7:any:4-5.9-11,ausnet-2020-sched-e-seasonal-7,,
ausnet-2020-sched-e-seasonal-7:any:6-8,ausnet-2020-sched-e-seasonal-7,,
ausnet-2020-sched-e-seasonal-7:summer:12-3,ausnet-2020-sched-e-seasonal-7,summer,December to March
ausnet-2020-sched-e-seasonal-7:winter:6-8,ausnet-2020-sched-e-seasonal-7,winter,June to August
ausnet-2020-sched-e-snow-12:any:10-4,ausnet-2020-sched-e-snow-12,,All other times
ausnet-2020-sched-e-snow-12:any:5-9,ausnet-2020-sched-e-snow-12,,1 May to 30 September
ausnet-2021-22-sched-cl-10:any:all,ausnet-2021-22-sched-cl-10,,
ausnet-2021-22-sched-cl-11:any:all,ausnet-2021-22-sched-cl-11,,
ausnet-2021-22-sched-cl-9:any:all,ausnet-2021-22-sched-cl-9,,
ausnet-2021-22-sched-d-cpd:any:all,ausnet-2021-22-sched-d-cpd,,
ausnet-2021-22-sched-d-monthly:high:12-3,ausnet-2021-22-sched-d-monthly,high,Peak season - December to March
ausnet-2021-22-sched-d-monthly:low:4-11,ausnet-2021-22-sched-d-monthly,low,Off peak season - All other months
ausnet-2021-22-sched-e-13:any:all,ausnet-2021-22-sched-e-13,,
ausnet-2021-22-sched-e-16:any:all,ausnet-2021-22-sched-e-16,,
ausnet-2021-22-sched-e-17:any:all,ausnet-2021-22-sched-e-17,,
ausnet-2021-22-sched-e-18:any:all,ausnet-2021-22-sched-e-18,,
ausnet-2021-22-sched-e-7-23-mon-fri:any:all,ausnet-2021-22-sched-e-7-23-mon-fri,,
ausnet-2021-22-sched-e-7-23-mon-sun:any:all,ausnet-2021-22-sched-e-7-23-mon-sun,,
ausnet-2021-22-sched-e-8-20-mon-fri:any:all,ausnet-2021-22-sched-e-8-20-mon-fri,,
ausnet-2021-22-sched-e-seasonal-7:any:12-3,ausnet-2021-22-sched-e-seasonal-7,,
ausnet-2021-22-sched-e-seasonal-7:any:4-5.9-11,ausnet-2021-22-sched-e-seasonal-7,,
ausnet-2021-22-sched-e-seasonal-7:any:6-8,ausnet-2021-22-sched-e-seasonal-7,,
ausnet-2021-22-sched-e-seasonal-7:summer:12-3,ausnet-2021-22-sched-e-seasonal-7,summer,December to March
ausnet-2021-22-sched-e-seasonal-7:winter:6-8,ausnet-2021-22-sched-e-seasonal-7,winter,June to August
ausnet-2021-22-sched-e-snow-12:any:10-4,ausnet-2021-22-sched-e-snow-12,,All other times
ausnet-2021-22-sched-e-snow-12:any:5-9,ausnet-2021-22-sched-e-snow-12,,1 May to 30 September
ausnet-2021-h1-sched-cl-10:any:all,ausnet-2021-h1-sched-cl-10,,
ausnet-2021-h1-sched-cl-11:any:all,ausnet-2021-h1-sched-cl-11,,
ausnet-2021-h1-sched-cl-9:any:all,ausnet-2021-h1-sched-cl-9,,
ausnet-2021-h1-sched-d-cpd:any:all,ausnet-2021-h1-sched-d-cpd,,
ausnet-2021-h1-sched-d-monthly:high:12-3,ausnet-2021-h1-sched-d-monthly,high,Peak season - December to March
ausnet-2021-h1-sched-d-monthly:low:4-11,ausnet-2021-h1-sched-d-monthly,low,Off peak season - All other months
ausnet-2021-h1-sched-e-13:any:all,ausnet-2021-h1-sched-e-13,,
ausnet-2021-h1-sched-e-7-23-mon-fri:any:all,ausnet-2021-h1-sched-e-7-23-mon-fri,,
ausnet-2021-h1-sched-e-7-23-mon-sun:any:all,ausnet-2021-h1-sched-e-7-23-mon-sun,,
ausnet-2021-h1-sched-e-8-20-mon-fri:any:all,ausnet-2021-h1-sched-e-8-20-mon-fri,,
ausnet-2021-h1-sched-e-flexible-8:any:all,ausnet-2021-h1-sched-e-flexible-8,,
ausnet-2021-h1-sched-e-seasonal-7:any:12-3,ausnet-2021-h1-sched-e-seasonal-7,,
ausnet-2021-h1-sched-e-seasonal-7:any:4-5.9-11,ausnet-2021-h1-sched-e-seasonal-7,,
ausnet-2021-h1-sched-e-seasonal-7:any:6-8,ausnet-2021-h1-sched-e-seasonal-7,,
ausnet-2021-h1-sched-e-seasonal-7:summer:12-3,ausnet-2021-h1-sched-e-seasonal-7,summer,December to March
ausnet-2021-h1-sched-e-seasonal-7:winter:6-8,ausnet-2021-h1-sched-e-seasonal-7,winter,June to August
ausnet-2021-h1-sched-e-snow-12:any:10-4,ausnet-2021-h1-sched-e-snow-12,,All other times
ausnet-2021-h1-sched-e-snow-12:any:5-9,ausnet-2021-h1-sched-e-snow-12,,1 May to 30 September
ausnet-2022-23-sched-cl-10:any:all,ausnet-2022-23-sched-cl-10,,
ausnet-2022-23-sched-cl-11:any:all,ausnet-2022-23-sched-cl-11,,
ausnet-2022-23-sched-cl-9:any:all,ausnet-2022-23-sched-cl-9,,
ausnet-2022-23-sched-d-cpd:any:all,ausnet-2022-23-sched-d-cpd,,
ausnet-2022-23-sched-d-monthly:high:12-3,ausnet-2022-23-sched-d-monthly,high,Peak season - December to March
ausnet-2022-23-sched-d-monthly:low:4-11,ausnet-2022-23-sched-d-monthly,low,Off peak season - All other months
ausnet-2022-23-sched-e-13:any:all,ausnet-2022-23-sched-e-13,,
ausnet-2022-23-sched-e-16:any:all,ausnet-2022-23-sched-e-16,,
ausnet-2022-23-sched-e-17:any:all,ausnet-2022-23-sched-e-17,,
ausnet-2022-23-sched-e-18:any:all,ausnet-2022-23-sched-e-18,,
ausnet-2022-23-sched-e-7-23-mon-fri:any:all,ausnet-2022-23-sched-e-7-23-mon-fri,,
ausnet-2022-23-sched-e-7-23-mon-sun:any:all,ausnet-2022-23-sched-e-7-23-mon-sun,,
ausnet-2022-23-sched-e-8-20-mon-fri:any:all,ausnet-2022-23-sched-e-8-20-mon-fri,,
ausnet-2022-23-sched-e-seasonal-7:any:12-3,ausnet-2022-23-sched-e-seasonal-7,,
ausnet-2022-23-sched-e-seasonal-7:any:4-5.9-11,ausnet-2022-23-sched-e-seasonal-7,,
ausnet-2022-23-sched-e-seasonal-7:any:6-8,ausnet-2022-23-sched-e-seasonal-7,,
ausnet-2022-23-sched-e-seasonal-7:summer:12-3,ausnet-2022-23-sched-e-seasonal-7,summer,December to March
ausnet-2022-23-sched-e-seasonal-7:winter:6-8,ausnet-2022-23-sched-e-seasonal-7,winter,June to August
ausnet-2022-23-sched-e-snow-12:any:10-4,ausnet-2022-23-sched-e-snow-12,,All other times
ausnet-2022-23-sched-e-snow-12:any:5-9,ausnet-2022-23-sched-e-snow-12,,1 May to 30 September
ausnet-2023-24-app-cl-10:any:all,ausnet-2023-24-app-cl-10,,
ausnet-2023-24-app-cl-11:any:all,ausnet-2023-24-app-cl-11,,
ausnet-2023-24-app-cl-9:any:all,ausnet-2023-24-app-cl-9,,
ausnet-2023-24-app-d-cpd:any:all,ausnet-2023-24-app-d-cpd,,
ausnet-2023-24-app-d-monthly:high:12-3,ausnet-2023-24-app-d-monthly,high,Peak season - December to March
ausnet-2023-24-app-d-monthly:low:4-11,ausnet-2023-24-app-d-monthly,low,Off peak season - All other months
ausnet-2023-24-app-e-13:any:all,ausnet-2023-24-app-e-13,,
ausnet-2023-24-app-e-16:any:all,ausnet-2023-24-app-e-16,,
ausnet-2023-24-app-e-17:any:all,ausnet-2023-24-app-e-17,,
ausnet-2023-24-app-e-18:any:all,ausnet-2023-24-app-e-18,,
ausnet-2023-24-app-e-7-23-mon-fri:any:all,ausnet-2023-24-app-e-7-23-mon-fri,,
ausnet-2023-24-app-e-7-23-mon-sun:any:all,ausnet-2023-24-app-e-7-23-mon-sun,,
ausnet-2023-24-app-e-8-20-mon-fri:any:all,ausnet-2023-24-app-e-8-20-mon-fri,,
ausnet-2023-24-app-e-seasonal-7:any:12-3,ausnet-2023-24-app-e-seasonal-7,,
ausnet-2023-24-app-e-seasonal-7:any:4-5.9-11,ausnet-2023-24-app-e-seasonal-7,,
ausnet-2023-24-app-e-seasonal-7:any:6-8,ausnet-2023-24-app-e-seasonal-7,,
ausnet-2023-24-app-e-seasonal-7:summer:12-3,ausnet-2023-24-app-e-seasonal-7,summer,December to March
ausnet-2023-24-app-e-seasonal-7:winter:6-8,ausnet-2023-24-app-e-seasonal-7,winter,June to August
ausnet-2023-24-app-e-snow-12:any:10-4,ausnet-2023-24-app-e-snow-12,,All other times
ausnet-2023-24-app-e-snow-12:any:5-9,ausnet-2023-24-app-e-snow-12,,1 May to 30 September
ausnet-2024-25-app-nsp56-tou:any:all,ausnet-2024-25-app-nsp56-tou,,
ausnet-2024-25-app-small-business-default-tou:any:all,ausnet-2024-25-app-small-business-default-tou,,
ausnet-2024-25-xlsx-cl-10:any:all,ausnet-2024-25-xlsx-cl-10,,
ausnet-2024-25-xlsx-cl-11:any:all,ausnet-2024-25-xlsx-cl-11,,
ausnet-2024-25-xlsx-cl-9:any:all,ausnet-2024-25-xlsx-cl-9,,
ausnet-2024-25-xlsx-d-cpd:any:all,ausnet-2024-25-xlsx-d-cpd,,
ausnet-2024-25-xlsx-d-monthly:high:12-3,ausnet-2024-25-xlsx-d-monthly,high,Peak season - December to March
ausnet-2024-25-xlsx-d-monthly:low:4-11,ausnet-2024-25-xlsx-d-monthly,low,Off Peak - All other months
ausnet-2024-25-xlsx-e-13:any:all,ausnet-2024-25-xlsx-e-13,,
ausnet-2024-25-xlsx-e-16:any:all,ausnet-2024-25-xlsx-e-16,,
ausnet-2024-25-xlsx-e-17:any:all,ausnet-2024-25-xlsx-e-17,,
ausnet-2024-25-xlsx-e-18:any:all,ausnet-2024-25-xlsx-e-18,,
ausnet-2024-25-xlsx-e-7-23-mon-fri:any:all,ausnet-2024-25-xlsx-e-7-23-mon-fri,,
ausnet-2024-25-xlsx-e-7-23-mon-sun:any:all,ausnet-2024-25-xlsx-e-7-23-mon-sun,,
ausnet-2024-25-xlsx-e-8-20-mon-fri:any:all,ausnet-2024-25-xlsx-e-8-20-mon-fri,,
ausnet-2024-25-xlsx-e-seasonal-7:any:12-3,ausnet-2024-25-xlsx-e-seasonal-7,,
ausnet-2024-25-xlsx-e-seasonal-7:any:4-5.9-11,ausnet-2024-25-xlsx-e-seasonal-7,,
ausnet-2024-25-xlsx-e-seasonal-7:any:6-8,ausnet-2024-25-xlsx-e-seasonal-7,,
ausnet-2024-25-xlsx-e-seasonal-7:summer:12-3,ausnet-2024-25-xlsx-e-seasonal-7,summer,December to March
ausnet-2024-25-xlsx-e-seasonal-7:winter:6-8,ausnet-2024-25-xlsx-e-seasonal-7,winter,June to August
ausnet-2024-25-xlsx-e-snow-12:any:10-4,ausnet-2024-25-xlsx-e-snow-12,,All other times
ausnet-2024-25-xlsx-e-snow-12:any:5-9,ausnet-2024-25-xlsx-e-snow-12,,1 May to 30 September
ausnet-2025-26-xlsx-cl-10:any:all,ausnet-2025-26-xlsx-cl-10,,
ausnet-2025-26-xlsx-cl-11:any:all,ausnet-2025-26-xlsx-cl-11,,
ausnet-2025-26-xlsx-cl-9:any:all,ausnet-2025-26-xlsx-cl-9,,
ausnet-2025-26-xlsx-d-cpd:any:all,ausnet-2025-26-xlsx-d-cpd,,
ausnet-2025-26-xlsx-d-monthly:high:12-3,ausnet-2025-26-xlsx-d-monthly,high,Peak season - December to March
ausnet-2025-26-xlsx-d-monthly:low:4-11,ausnet-2025-26-xlsx-d-monthly,low,Off Peak - All other months
ausnet-2025-26-xlsx-e-13:any:all,ausnet-2025-26-xlsx-e-13,,
ausnet-2025-26-xlsx-e-16:any:all,ausnet-2025-26-xlsx-e-16,,
ausnet-2025-26-xlsx-e-17:any:all,ausnet-2025-26-xlsx-e-17,,
ausnet-2025-26-xlsx-e-18:any:all,ausnet-2025-26-xlsx-e-18,,
ausnet-2025-26-xlsx-e-7-23-mon-fri:any:all,ausnet-2025-26-xlsx-e-7-23-mon-fri,,
ausnet-2025-26-xlsx-e-7-23-mon-sun:any:all,ausnet-2025-26-xlsx-e-7-23-mon-sun,,
ausnet-2025-26-xlsx-e-8-20-mon-fri:any:all,ausnet-2025-26-xlsx-e-8-20-mon-fri,,
ausnet-2025-26-xlsx-e-seasonal-7:any:12-3,ausnet-2025-26-xlsx-e-seasonal-7,,
ausnet-2025-26-xlsx-e-seasonal-7:any:4-5.9-11,ausnet-2025-26-xlsx-e-seasonal-7,,
ausnet-2025-26-xlsx-e-seasonal-7:any:6-8,ausnet-2025-26-xlsx-e-seasonal-7,,
ausnet-2025-26-xlsx-e-seasonal-7:summer:12-3,ausnet-2025-26-xlsx-e-seasonal-7,summer,December to March
ausnet-2025-26-xlsx-e-seasonal-7:winter:6-8,ausnet-2025-26-xlsx-e-seasonal-7,winter,June to August
ausnet-2025-26-xlsx-e-snow-12:any:10-4,ausnet-2025-26-xlsx-e-snow-12,,All other times
ausnet-2025-26-xlsx-e-snow-12:any:5-9,ausnet-2025-26-xlsx-e-snow-12,,1 May to 30 September
ausnet-2026-27-xlsx-cl-10:any:all,ausnet-2026-27-xlsx-cl-10,,
ausnet-2026-27-xlsx-cl-11:any:all,ausnet-2026-27-xlsx-cl-11,,
ausnet-2026-27-xlsx-cl-19:any:all,ausnet-2026-27-xlsx-cl-19,,
ausnet-2026-27-xlsx-cl-9:any:all,ausnet-2026-27-xlsx-cl-9,,
ausnet-2026-27-xlsx-d-cpd:any:all,ausnet-2026-27-xlsx-d-cpd,,
ausnet-2026-27-xlsx-d-monthly:high:12-3,ausnet-2026-27-xlsx-d-monthly,high,Peak season - December to March
ausnet-2026-27-xlsx-d-monthly:low:4-11,ausnet-2026-27-xlsx-d-monthly,low,Off Peak - All other months
ausnet-2026-27-xlsx-e-13:any:all,ausnet-2026-27-xlsx-e-13,,
ausnet-2026-27-xlsx-e-17:any:all,ausnet-2026-27-xlsx-e-17,,
ausnet-2026-27-xlsx-e-18:any:all,ausnet-2026-27-xlsx-e-18,,
ausnet-2026-27-xlsx-e-20-21:any:all,ausnet-2026-27-xlsx-e-20-21,,
ausnet-2026-27-xlsx-e-7-23-mon-fri:any:all,ausnet-2026-27-xlsx-e-7-23-mon-fri,,
ausnet-2026-27-xlsx-e-8-20-mon-fri:any:all,ausnet-2026-27-xlsx-e-8-20-mon-fri,,
ausnet-2026-27-xlsx-e-seasonal-7:any:12-3,ausnet-2026-27-xlsx-e-seasonal-7,,
ausnet-2026-27-xlsx-e-seasonal-7:any:4-5.9-11,ausnet-2026-27-xlsx-e-seasonal-7,,
ausnet-2026-27-xlsx-e-seasonal-7:any:6-8,ausnet-2026-27-xlsx-e-seasonal-7,,
ausnet-2026-27-xlsx-e-seasonal-7:summer:12-3,ausnet-2026-27-xlsx-e-seasonal-7,summer,December to March
ausnet-2026-27-xlsx-e-seasonal-7:winter:6-8,ausnet-2026-27-xlsx-e-seasonal-7,winter,June to August
ausnet-2026-27-xlsx-e-snow-12:any:10-4,ausnet-2026-27-xlsx-e-snow-12,,All other times
ausnet-2026-27-xlsx-e-snow-12:any:5-9,ausnet-2026-27-xlsx-e-snow-12,,1 May to 30 September
ausnet-2026-27-xlsx-x-20:any:all,ausnet-2026-27-xlsx-x-20,,
citipower-2017-pdf-bus-flexible:non_summer:3-11,citipower-2017-pdf-bus-flexible,non_summer,non-summer
citipower-2017-pdf-bus-flexible:summer:12-2,citipower-2017-pdf-bus-flexible,summer,summer
citipower-2017-pdf-c2u:any:all,citipower-2017-pdf-c2u,,
citipower-2017-pdf-cg-demand:non_summer:4-11,citipower-2017-pdf-cg-demand,non_summer,non-summer
citipower-2017-pdf-cg-demand:summer:12-3,citipower-2017-pdf-cg-demand,summer,summer
citipower-2017-pdf-cmg-energy:any:all,citipower-2017-pdf-cmg-energy,,
citipower-2017-pdf-dedicated:any:all,citipower-2017-pdf-dedicated,,
citipower-2017-pdf-large:any:all,citipower-2017-pdf-large,,
citipower-2017-pdf-res-demand:non_summer:4-11,citipower-2017-pdf-res-demand,non_summer,non-summer
citipower-2017-pdf-res-demand:summer:12-3,citipower-2017-pdf-res-demand,summer,summer
citipower-2017-pdf-res-flexible:non_summer:3-11,citipower-2017-pdf-res-flexible,non_summer,non-summer
citipower-2017-pdf-res-flexible:summer:12-2,citipower-2017-pdf-res-flexible,summer,summer
citipower-2017-pdf-two-rate-5d:any:all,citipower-2017-pdf-two-rate-5d,,
citipower-2017-pdf-two-rate-7d:any:all,citipower-2017-pdf-two-rate-7d,,
citipower-2018-pdf-bus-flexible:non_summer:3-11,citipower-2018-pdf-bus-flexible,non_summer,non-summer
citipower-2018-pdf-bus-flexible:summer:12-2,citipower-2018-pdf-bus-flexible,summer,summer
citipower-2018-pdf-c2u:any:all,citipower-2018-pdf-c2u,,
citipower-2018-pdf-cg-demand:non_summer:4-11,citipower-2018-pdf-cg-demand,non_summer,non-summer
citipower-2018-pdf-cg-demand:summer:12-3,citipower-2018-pdf-cg-demand,summer,summer
citipower-2018-pdf-cmg-demand:non_summer:4-11,citipower-2018-pdf-cmg-demand,non_summer,non-summer
citipower-2018-pdf-cmg-demand:summer:12-3,citipower-2018-pdf-cmg-demand,summer,summer
citipower-2018-pdf-cmg-energy:any:all,citipower-2018-pdf-cmg-energy,,
citipower-2018-pdf-dedicated:any:all,citipower-2018-pdf-dedicated,,
citipower-2018-pdf-large:any:all,citipower-2018-pdf-large,,
citipower-2018-pdf-res-demand:non_summer:4-11,citipower-2018-pdf-res-demand,non_summer,non-summer
citipower-2018-pdf-res-demand:summer:12-3,citipower-2018-pdf-res-demand,summer,summer
citipower-2018-pdf-res-flexible:non_summer:3-11,citipower-2018-pdf-res-flexible,non_summer,non-summer
citipower-2018-pdf-res-flexible:summer:12-2,citipower-2018-pdf-res-flexible,summer,summer
citipower-2018-pdf-two-rate-5d:any:all,citipower-2018-pdf-two-rate-5d,,
citipower-2018-pdf-two-rate-7d:any:all,citipower-2018-pdf-two-rate-7d,,
citipower-2019-pdf-bus-flexible:non_summer:3-11,citipower-2019-pdf-bus-flexible,non_summer,non-summer
citipower-2019-pdf-bus-flexible:summer:12-2,citipower-2019-pdf-bus-flexible,summer,summer
citipower-2019-pdf-bus-tou-5d:any:all,citipower-2019-pdf-bus-tou-5d,,
citipower-2019-pdf-bus-tou-7d:any:all,citipower-2019-pdf-bus-tou-7d,,
citipower-2019-pdf-c2u:any:all,citipower-2019-pdf-c2u,,
citipower-2019-pdf-cg-demand:non_summer:4-11,citipower-2019-pdf-cg-demand,non_summer,non-summer
citipower-2019-pdf-cg-demand:summer:12-3,citipower-2019-pdf-cg-demand,summer,summer
citipower-2019-pdf-cmg-demand:non_summer:4-11,citipower-2019-pdf-cmg-demand,non_summer,non-summer
citipower-2019-pdf-cmg-demand:summer:12-3,citipower-2019-pdf-cmg-demand,summer,summer
citipower-2019-pdf-cmg-energy:any:all,citipower-2019-pdf-cmg-energy,,
citipower-2019-pdf-dedicated:any:all,citipower-2019-pdf-dedicated,,
citipower-2019-pdf-large:any:all,citipower-2019-pdf-large,,
citipower-2019-pdf-res-demand:non_summer:4-11,citipower-2019-pdf-res-demand,non_summer,non-summer
citipower-2019-pdf-res-demand:summer:12-3,citipower-2019-pdf-res-demand,summer,summer
citipower-2019-pdf-res-flexible:non_summer:3-11,citipower-2019-pdf-res-flexible,non_summer,non-summer
citipower-2019-pdf-res-flexible:summer:12-2,citipower-2019-pdf-res-flexible,summer,summer
citipower-2019-pdf-res-tou:any:all,citipower-2019-pdf-res-tou,,
citipower-2020-pdf-bus-flexible:non_summer:3-11,citipower-2020-pdf-bus-flexible,non_summer,non-summer
citipower-2020-pdf-bus-flexible:summer:12-2,citipower-2020-pdf-bus-flexible,summer,summer
citipower-2020-pdf-bus-tou-5d:any:all,citipower-2020-pdf-bus-tou-5d,,
citipower-2020-pdf-bus-tou-7d:any:all,citipower-2020-pdf-bus-tou-7d,,
citipower-2020-pdf-c2u:any:all,citipower-2020-pdf-c2u,,
citipower-2020-pdf-cg-demand:non_summer:4-11,citipower-2020-pdf-cg-demand,non_summer,non-summer
citipower-2020-pdf-cg-demand:summer:12-3,citipower-2020-pdf-cg-demand,summer,summer
citipower-2020-pdf-cmg-demand:non_summer:4-11,citipower-2020-pdf-cmg-demand,non_summer,non-summer
citipower-2020-pdf-cmg-demand:summer:12-3,citipower-2020-pdf-cmg-demand,summer,summer
citipower-2020-pdf-cmg-energy:any:all,citipower-2020-pdf-cmg-energy,,
citipower-2020-pdf-dedicated:any:all,citipower-2020-pdf-dedicated,,
citipower-2020-pdf-large:any:all,citipower-2020-pdf-large,,
citipower-2020-pdf-res-demand:non_summer:4-11,citipower-2020-pdf-res-demand,non_summer,non-summer
citipower-2020-pdf-res-demand:summer:12-3,citipower-2020-pdf-res-demand,summer,summer
citipower-2020-pdf-res-flexible:non_summer:3-11,citipower-2020-pdf-res-flexible,non_summer,non-summer
citipower-2020-pdf-res-flexible:summer:12-2,citipower-2020-pdf-res-flexible,summer,summer
citipower-2020-pdf-res-tou:any:all,citipower-2020-pdf-res-tou,,
citipower-2021-22-pdf-c2u-tou:any:all,citipower-2021-22-pdf-c2u-tou,,
citipower-2021-22-pdf-cg-demand:non_summer:4-11,citipower-2021-22-pdf-cg-demand,non_summer,non-summer
citipower-2021-22-pdf-cg-demand:summer:12-3,citipower-2021-22-pdf-cg-demand,summer,summer
citipower-2021-22-pdf-cmg-demand:non_summer:4-11,citipower-2021-22-pdf-cmg-demand,non_summer,non-summer
citipower-2021-22-pdf-cmg-demand:summer:12-3,citipower-2021-22-pdf-cmg-demand,summer,summer
citipower-2021-22-pdf-cmgo21-tou:any:all,citipower-2021-22-pdf-cmgo21-tou,,
citipower-2021-22-pdf-large-energy:any:all,citipower-2021-22-pdf-large-energy,,
citipower-2021-22-pdf-large-incentive-1:summer:12-3,citipower-2021-22-pdf-large-incentive-1,summer,summer
citipower-2021-22-pdf-large-incentive-2:summer:12-3,citipower-2021-22-pdf-large-incentive-2,summer,summer
citipower-2021-22-pdf-large-rolling:any:all,citipower-2021-22-pdf-large-rolling,,
citipower-2021-22-pdf-res-demand:non_summer:4-11,citipower-2021-22-pdf-res-demand,non_summer,non-summer
citipower-2021-22-pdf-res-demand:summer:12-3,citipower-2021-22-pdf-res-demand,summer,summer
citipower-2021-22-pdf-res-tou:any:all,citipower-2021-22-pdf-res-tou,,
citipower-2021-22-pdf-sb-tou:any:all,citipower-2021-22-pdf-sb-tou,,
citipower-2021-H1-pdf-bus-flexible:non_summer:3-11,citipower-2021-H1-pdf-bus-flexible,non_summer,non-summer
citipower-2021-H1-pdf-bus-flexible:summer:12-2,citipower-2021-H1-pdf-bus-flexible,summer,summer
citipower-2021-H1-pdf-bus-tou-5d:any:all,citipower-2021-H1-pdf-bus-tou-5d,,
citipower-2021-H1-pdf-bus-tou-7d:any:all,citipower-2021-H1-pdf-bus-tou-7d,,
citipower-2021-H1-pdf-c2u:any:all,citipower-2021-H1-pdf-c2u,,
citipower-2021-H1-pdf-cg-demand:non_summer:4-11,citipower-2021-H1-pdf-cg-demand,non_summer,non-summer
citipower-2021-H1-pdf-cg-demand:summer:12-3,citipower-2021-H1-pdf-cg-demand,summer,summer
citipower-2021-H1-pdf-cmg-demand:non_summer:4-11,citipower-2021-H1-pdf-cmg-demand,non_summer,non-summer
citipower-2021-H1-pdf-cmg-demand:summer:12-3,citipower-2021-H1-pdf-cmg-demand,summer,summer
citipower-2021-H1-pdf-cmg-energy:any:all,citipower-2021-H1-pdf-cmg-energy,,
citipower-2021-H1-pdf-dedicated:any:all,citipower-2021-H1-pdf-dedicated,,
citipower-2021-H1-pdf-large:any:all,citipower-2021-H1-pdf-large,,
citipower-2021-H1-pdf-res-demand:non_summer:4-11,citipower-2021-H1-pdf-res-demand,non_summer,non-summer
citipower-2021-H1-pdf-res-demand:summer:12-3,citipower-2021-H1-pdf-res-demand,summer,summer
citipower-2021-H1-pdf-res-flexible:non_summer:3-11,citipower-2021-H1-pdf-res-flexible,non_summer,non-summer
citipower-2021-H1-pdf-res-flexible:summer:12-2,citipower-2021-H1-pdf-res-flexible,summer,summer
citipower-2021-H1-pdf-res-tou:any:all,citipower-2021-H1-pdf-res-tou,,
citipower-2022-23-pdf-c2u-tou:any:all,citipower-2022-23-pdf-c2u-tou,,
citipower-2022-23-pdf-cg-demand:non_summer:4-11,citipower-2022-23-pdf-cg-demand,non_summer,non-summer
citipower-2022-23-pdf-cg-demand:summer:12-3,citipower-2022-23-pdf-cg-demand,summer,summer
citipower-2022-23-pdf-cmg-demand:non_summer:4-11,citipower-2022-23-pdf-cmg-demand,non_summer,non-summer
citipower-2022-23-pdf-cmg-demand:summer:12-3,citipower-2022-23-pdf-cmg-demand,summer,summer
citipower-2022-23-pdf-cmgo21-tou:any:all,citipower-2022-23-pdf-cmgo21-tou,,
citipower-2022-23-pdf-large-energy:any:all,citipower-2022-23-pdf-large-energy,,
citipower-2022-23-pdf-large-incentive-1:summer:12-3,citipower-2022-23-pdf-large-incentive-1,summer,summer
citipower-2022-23-pdf-large-incentive-2:summer:12-3,citipower-2022-23-pdf-large-incentive-2,summer,summer
citipower-2022-23-pdf-large-rolling:any:all,citipower-2022-23-pdf-large-rolling,,
citipower-2022-23-pdf-res-demand:non_summer:4-11,citipower-2022-23-pdf-res-demand,non_summer,non-summer
citipower-2022-23-pdf-res-demand:summer:12-3,citipower-2022-23-pdf-res-demand,summer,summer
citipower-2022-23-pdf-res-tou:any:all,citipower-2022-23-pdf-res-tou,,
citipower-2022-23-pdf-sb-tou:any:all,citipower-2022-23-pdf-sb-tou,,
citipower-2025-26-cmg-demand-table:non_summer:4-11,citipower-2025-26-cmg-demand-table,non_summer,Non-summer
citipower-2025-26-cmg-demand-table:summer:12-3,citipower-2025-26-cmg-demand-table,summer,Summer
citipower-2026-27-cmg-demand-table:non_summer:4-11,citipower-2026-27-cmg-demand-table,non_summer,Non-summer
citipower-2026-27-cmg-demand-table:summer:12-3,citipower-2026-27-cmg-demand-table,summer,Summer
citipower-2324-pdf-c2u-tou:any:all,citipower-2324-pdf-c2u-tou,,
citipower-2324-pdf-cg-demand:non_summer:4-11,citipower-2324-pdf-cg-demand,non_summer,non-summer
citipower-2324-pdf-cg-demand:summer:12-3,citipower-2324-pdf-cg-demand,summer,summer
citipower-2324-pdf-cmg-demand:non_summer:4-11,citipower-2324-pdf-cmg-demand,non_summer,non-summer
citipower-2324-pdf-cmg-demand:summer:12-3,citipower-2324-pdf-cmg-demand,summer,summer
citipower-2324-pdf-cmg-energy-bill:any:all,citipower-2324-pdf-cmg-energy-bill,,
citipower-2324-pdf-cmgo21-tou:any:all,citipower-2324-pdf-cmgo21-tou,,
citipower-2324-pdf-cndb:any:all,citipower-2324-pdf-cndb,,
citipower-2324-pdf-crds:any:all,citipower-2324-pdf-crds,,
citipower-2324-pdf-gt-demand-a:any:all,citipower-2324-pdf-gt-demand-a,,
citipower-2324-pdf-gt-demand-b:any:all,citipower-2324-pdf-gt-demand-b,,
citipower-2324-pdf-hot-water:any:all,citipower-2324-pdf-hot-water,,
citipower-2324-pdf-large-energy:any:all,citipower-2324-pdf-large-energy,,
citipower-2324-pdf-large-incentive-1:summer:12-3,citipower-2324-pdf-large-incentive-1,summer,summer
citipower-2324-pdf-large-incentive-2:summer:12-3,citipower-2324-pdf-large-incentive-2,summer,summer
citipower-2324-pdf-large-rolling:any:all,citipower-2324-pdf-large-rolling,,
citipower-2324-pdf-res-demand:non_summer:4-11,citipower-2324-pdf-res-demand,non_summer,non-summer
citipower-2324-pdf-res-demand:summer:12-3,citipower-2324-pdf-res-demand,summer,summer
citipower-2324-pdf-res-tou:any:all,citipower-2324-pdf-res-tou,,
citipower-2324-pdf-sb-tou:any:all,citipower-2324-pdf-sb-tou,,
citipower-2324-pdf-slab-heating:any:all,citipower-2324-pdf-slab-heating,,
citipower-2425-pdf-c2u-tou:any:all,citipower-2425-pdf-c2u-tou,,
citipower-2425-pdf-cg-demand:non_summer:4-11,citipower-2425-pdf-cg-demand,non_summer,non-summer
citipower-2425-pdf-cg-demand:summer:12-3,citipower-2425-pdf-cg-demand,summer,summer
citipower-2425-pdf-cmg-demand:non_summer:4-11,citipower-2425-pdf-cmg-demand,non_summer,non-summer
citipower-2425-pdf-cmg-demand:summer:12-3,citipower-2425-pdf-cmg-demand,summer,summer
citipower-2425-pdf-cmg-energy-bill:any:all,citipower-2425-pdf-cmg-energy-bill,,
citipower-2425-pdf-cmgo21-tou:any:all,citipower-2425-pdf-cmgo21-tou,,
citipower-2425-pdf-crds:any:all,citipower-2425-pdf-crds,,
citipower-2425-pdf-gt-demand-a:any:all,citipower-2425-pdf-gt-demand-a,,
citipower-2425-pdf-gt-demand-b:any:all,citipower-2425-pdf-gt-demand-b,,
citipower-2425-pdf-large-energy:any:all,citipower-2425-pdf-large-energy,,
citipower-2425-pdf-large-incentive-1:summer:12-3,citipower-2425-pdf-large-incentive-1,summer,summer
citipower-2425-pdf-large-incentive-2:summer:12-3,citipower-2425-pdf-large-incentive-2,summer,summer
citipower-2425-pdf-large-rolling:any:all,citipower-2425-pdf-large-rolling,,
citipower-2425-pdf-sb-tou:any:all,citipower-2425-pdf-sb-tou,,
citipower-2425-pdf-slab-heating:any:all,citipower-2425-pdf-slab-heating,,
citipower-2526-pdf-c2u-tou:any:all,citipower-2526-pdf-c2u-tou,,
citipower-2526-pdf-cg-demand:non_summer:4-11,citipower-2526-pdf-cg-demand,non_summer,non-summer
citipower-2526-pdf-cg-demand:summer:12-3,citipower-2526-pdf-cg-demand,summer,summer
citipower-2526-pdf-cmg-energy-bill:any:all,citipower-2526-pdf-cmg-energy-bill,,
citipower-2526-pdf-cmgo21-tou:any:all,citipower-2526-pdf-cmgo21-tou,,
citipower-2526-pdf-cr-demand:non_summer:4-11,citipower-2526-pdf-cr-demand,non_summer,non-summer
citipower-2526-pdf-cr-demand:summer:12-3,citipower-2526-pdf-cr-demand,summer,summer
citipower-2526-pdf-crtou:any:all,citipower-2526-pdf-crtou,,
citipower-2526-pdf-large-energy:any:all,citipower-2526-pdf-large-energy,,
citipower-2526-pdf-large-incentive-1:any:12-3,citipower-2526-pdf-large-incentive-1,,summer
citipower-2526-pdf-large-incentive-2:any:12-3,citipower-2526-pdf-large-incentive-2,,summer
citipower-2526-pdf-large-rolling:any:all,citipower-2526-pdf-large-rolling,,
citipower-2526-pdf-sb-tou:any:all,citipower-2526-pdf-sb-tou,,
citipower-2526-pdf-slab-heating:any:all,citipower-2526-pdf-slab-heating,,
citipower-2627-pdf-c2u-tou:any:all,citipower-2627-pdf-c2u-tou,,
citipower-2627-pdf-cfl:any:3-5.9-11,citipower-2627-pdf-cfl,,
citipower-2627-pdf-cfl:any:6-8.12-2,citipower-2627-pdf-cfl,,
citipower-2627-pdf-cfs-bel:any:9-5,citipower-2627-pdf-cfs-bel,,
citipower-2627-pdf-cfs-export-credit:any:6-8.12-2,citipower-2627-pdf-cfs-export-credit,,
citipower-2627-pdf-cfs-import:any:3-5.9-11,citipower-2627-pdf-cfs-import,,
citipower-2627-pdf-cfs-import:any:6-8.12-2,citipower-2627-pdf-cfs-import,,
citipower-2627-pdf-cg-demand:non_summer:4-11,citipower-2627-pdf-cg-demand,non_summer,non-summer
citipower-2627-pdf-cg-demand:summer:12-3,citipower-2627-pdf-cg-demand,summer,summer
citipower-2627-pdf-cmg-energy-bill:any:all,citipower-2627-pdf-cmg-energy-bill,,
citipower-2627-pdf-cmgo21-tou:any:all,citipower-2627-pdf-cmgo21-tou,,
citipower-2627-pdf-crcer-bel:any:9-5,citipower-2627-pdf-crcer-bel,,
citipower-2627-pdf-crcer-export-credit:any:6-8.12-2,citipower-2627-pdf-crcer-export-credit,,
citipower-2627-pdf-crcer-import:any:3-5.9-11,citipower-2627-pdf-crcer-import,,
citipower-2627-pdf-crcer-import:any:6-8.12-2,citipower-2627-pdf-crcer-import,,
citipower-2627-pdf-crcer-import:any:all,citipower-2627-pdf-crcer-import,,
citipower-2627-pdf-crstou:any:all,citipower-2627-pdf-crstou,,
citipower-2627-pdf-large-energy:any:all,citipower-2627-pdf-large-energy,,
citipower-2627-pdf-large-incentive-1:summer:12-3,citipower-2627-pdf-large-incentive-1,summer,summer
citipower-2627-pdf-large-incentive-2:summer:12-3,citipower-2627-pdf-large-incentive-2,summer,summer
citipower-2627-pdf-large-incentive-3:winter:5-8,citipower-2627-pdf-large-incentive-3,winter,winter
citipower-2627-pdf-large-rolling:any:all,citipower-2627-pdf-large-rolling,,
citipower-2627-pdf-sb-tou:any:all,citipower-2627-pdf-sb-tou,,
citipower-2627-pdf-slab-heating:any:all,citipower-2627-pdf-slab-heating,,
endeavour-2016-17-gs-demand-tou:any:all,endeavour-2016-17-gs-demand-tou,,
endeavour-2016-17-gs-demand-tou:high:6-8.11-3,endeavour-2016-17-gs-demand-tou,high,High Season Demand Period
endeavour-2016-17-gs-demand-tou:low:4-5.9-10,endeavour-2016-17-gs-demand-tou,low,Low Season Demand Period
endeavour-2016-17-res-tou:any:all,endeavour-2016-17-res-tou,,
endeavour-2017-18-gs-demand-tou:any:all,endeavour-2017-18-gs-demand-tou,,
endeavour-2017-18-gs-demand-tou:high:6-8.11-3,endeavour-2017-18-gs-demand-tou,high,High Season Demand Period
endeavour-2017-18-gs-demand-tou:low:4-5.9-10,endeavour-2017-18-gs-demand-tou,low,Low Season Demand Period
endeavour-2017-18-res-tou:any:all,endeavour-2017-18-res-tou,,
endeavour-2018-19-gs-demand-tou:any:all,endeavour-2018-19-gs-demand-tou,,
endeavour-2018-19-gs-demand-tou:high:6-8.11-3,endeavour-2018-19-gs-demand-tou,high,High Season Demand Period
endeavour-2018-19-gs-demand-tou:low:4-5.9-10,endeavour-2018-19-gs-demand-tou,low,Low Season Demand Period
endeavour-2018-19-res-tou:any:all,endeavour-2018-19-res-tou,,
endeavour-2019-20-obsolete-tou:any:all,endeavour-2019-20-obsolete-tou,,
endeavour-2019-20-stou:any:all,endeavour-2019-20-stou,,
endeavour-2019-20-stou:high:11-3,endeavour-2019-20-stou,high,High-season
endeavour-2019-20-stou:low:4-10,endeavour-2019-20-stou,low,Low-season
endeavour-2020-21-obsolete-tou:any:all,endeavour-2020-21-obsolete-tou,,
endeavour-2020-21-stou:any:all,endeavour-2020-21-stou,,
endeavour-2020-21-stou:high:11-3,endeavour-2020-21-stou,high,High-season
endeavour-2020-21-stou:low:4-10,endeavour-2020-21-stou,low,Low-season
endeavour-2021-22-obsolete-tou:any:all,endeavour-2021-22-obsolete-tou,,
endeavour-2021-22-stou:any:all,endeavour-2021-22-stou,,
endeavour-2021-22-stou:high:11-3,endeavour-2021-22-stou,high,High-season
endeavour-2021-22-stou:low:4-10,endeavour-2021-22-stou,low,Low-season
endeavour-2022-23-obsolete-tou:any:all,endeavour-2022-23-obsolete-tou,,
endeavour-2022-23-stou:any:all,endeavour-2022-23-stou,,
endeavour-2022-23-stou:high:11-3,endeavour-2022-23-stou,high,High-season
endeavour-2022-23-stou:low:4-10,endeavour-2022-23-stou,low,Low-season
endeavour-2023-24-cl1-supply:any:all,endeavour-2023-24-cl1-supply,,
endeavour-2023-24-obsolete-tou:any:all,endeavour-2023-24-obsolete-tou,,
endeavour-2023-24-stou:any:all,endeavour-2023-24-stou,,
endeavour-2023-24-stou:high:11-3,endeavour-2023-24-stou,high,High-season
endeavour-2023-24-stou:low:4-10,endeavour-2023-24-stou,low,Low-season
endeavour-2024-25-cl1-supply:any:all,endeavour-2024-25-cl1-supply,,
endeavour-2024-25-large-tou:any:all,endeavour-2024-25-large-tou,,
endeavour-2024-25-large-tou:high:11-3,endeavour-2024-25-large-tou,high,High-season
endeavour-2024-25-large-tou:low:4-10,endeavour-2024-25-large-tou,low,Low-season
endeavour-2024-25-res-gs-tou:any:all,endeavour-2024-25-res-gs-tou,,
endeavour-2024-25-res-gs-tou:high:11-3,endeavour-2024-25-res-gs-tou,high,High-season
endeavour-2024-25-res-gs-tou:low:4-10,endeavour-2024-25-res-gs-tou,low,Low-season
endeavour-2025-26-cl1-supply:any:all,endeavour-2025-26-cl1-supply,,
endeavour-2025-26-large-tou:any:all,endeavour-2025-26-large-tou,,
endeavour-2025-26-large-tou:high:11-3,endeavour-2025-26-large-tou,high,High-season
endeavour-2025-26-large-tou:low:4-10,endeavour-2025-26-large-tou,low,Low-season
endeavour-2025-26-res-gs-tou:any:all,endeavour-2025-26-res-gs-tou,,
endeavour-2025-26-res-gs-tou:high:11-3,endeavour-2025-26-res-gs-tou,high,High-season
endeavour-2025-26-res-gs-tou:low:4-10,endeavour-2025-26-res-gs-tou,low,Low-season
endeavour-2026-27-cl1-supply:any:all,endeavour-2026-27-cl1-supply,,
endeavour-2026-27-large-tou:any:all,endeavour-2026-27-large-tou,,
endeavour-2026-27-large-tou:high:11-3,endeavour-2026-27-large-tou,high,High-season
endeavour-2026-27-large-tou:low:4-10,endeavour-2026-27-large-tou,low,Low-season
endeavour-2026-27-res-gs-tou:any:all,endeavour-2026-27-res-gs-tou,,
endeavour-2026-27-res-gs-tou:high:11-3,endeavour-2026-27-res-gs-tou,high,High-season
endeavour-2026-27-res-gs-tou:low:4-10,endeavour-2026-27-res-gs-tou,low,Low-season
energex-1617-7000-peak-demand:any:all,energex-1617-7000-peak-demand,,
energex-1617-business-tou-8800:any:all,energex-1617-business-tou-8800,,
energex-1617-cac-tou:any:all,energex-1617-cac-tou,,
energex-1617-residential-tou-8900:any:all,energex-1617-residential-tou-8900,,
energex-1718-7000-demand:any:all,energex-1718-7000-demand,,
energex-1718-business-demand:any:all,energex-1718-business-demand,,
energex-1718-business-tou-8800:any:all,energex-1718-business-tou-8800,,
energex-1718-cac-tou:any:all,energex-1718-cac-tou,,
energex-1718-residential-tou-8900:any:all,energex-1718-residential-tou-8900,,
energex-1819-7000-demand:any:all,energex-1819-7000-demand,,
energex-1819-business-demand:any:all,energex-1819-business-demand,,
energex-1819-business-tou-8800:any:all,energex-1819-business-tou-8800,,
energex-1819-cac-tou:any:all,energex-1819-cac-tou,,
energex-1819-residential-tou-8900:any:all,energex-1819-residential-tou-8900,,
energex-1920-7000-demand:any:all,energex-1920-7000-demand,,
energex-1920-business-demand:any:all,energex-1920-business-demand,,
energex-1920-business-tou-8800:any:all,energex-1920-business-tou-8800,,
energex-1920-cac-tou:any:all,energex-1920-cac-tou,,
energex-1920-residential-tou-8900:any:all,energex-1920-residential-tou-8900,,
energex-2021-3000-volume:any:all,energex-2021-3000-volume,,
energex-2021-3650-peak-demand:any:all,energex-2021-3650-peak-demand,,
energex-2021-3750-peak-demand:any:all,energex-2021-3750-peak-demand,,
energex-2021-3850-peak-demand:any:all,energex-2021-3850-peak-demand,,
energex-2021-3950-peak-demand:any:all,energex-2021-3950-peak-demand,,
energex-2021-4000-volume:any:all,energex-2021-4000-volume,,
energex-2021-4500-volume:any:all,energex-2021-4500-volume,,
energex-2021-6850-tou-energy:any:all,energex-2021-6850-tou-energy,,
energex-2021-6950-tou-energy:any:all,energex-2021-6950-tou-energy,,
energex-2021-7100-peak-demand:any:all,energex-2021-7100-peak-demand,,
energex-2021-7200-demand:any:all,energex-2021-7200-demand,,
energex-2021-7400-demand:any:all,energex-2021-7400-demand,,
energex-2021-residential-tou-8900:any:all,energex-2021-residential-tou-8900,,
energex-2122-3000-volume:any:all,energex-2122-3000-volume,,
energex-2122-3650-peak-demand:any:all,energex-2122-3650-peak-demand,,
energex-2122-3750-peak-demand:any:all,energex-2122-3750-peak-demand,,
energex-2122-3850-peak-demand:any:all,energex-2122-3850-peak-demand,,
energex-2122-3950-peak-demand:any:all,energex-2122-3950-peak-demand,,
energex-2122-4000-volume:any:all,energex-2122-4000-volume,,
energex-2122-4500-volume:any:all,energex-2122-4500-volume,,
energex-2122-6850-tou-energy:any:all,energex-2122-6850-tou-energy,,
energex-2122-6950-tou-energy:any:all,energex-2122-6950-tou-energy,,
energex-2122-7100-peak-demand:any:all,energex-2122-7100-peak-demand,,
energex-2122-7200-demand:any:all,energex-2122-7200-demand,,
energex-2122-7400-demand:any:all,energex-2122-7400-demand,,
energex-2122-residential-tou-8900:any:all,energex-2122-residential-tou-8900,,
energex-2223-3000-volume:any:all,energex-2223-3000-volume,,
energex-2223-3650-peak-demand:any:all,energex-2223-3650-peak-demand,,
energex-2223-3750-peak-demand:any:all,energex-2223-3750-peak-demand,,
energex-2223-3850-peak-demand:any:all,energex-2223-3850-peak-demand,,
energex-2223-3950-peak-demand:any:all,energex-2223-3950-peak-demand,,
energex-2223-4000-volume:any:all,energex-2223-4000-volume,,
energex-2223-4500-volume:any:all,energex-2223-4500-volume,,
energex-2223-6850-tou-energy:any:all,energex-2223-6850-tou-energy,,
energex-2223-6950-tou-energy:any:all,energex-2223-6950-tou-energy,,
energex-2223-7100-peak-demand:any:all,energex-2223-7100-peak-demand,,
energex-2223-7200-demand:any:all,energex-2223-7200-demand,,
energex-2223-7400-demand:any:all,energex-2223-7400-demand,,
energex-2223-residential-tou-8900:any:all,energex-2223-residential-tou-8900,,
energex-2324-3000-volume:any:all,energex-2324-3000-volume,,
energex-2324-3600-peak-demand:any:all,energex-2324-3600-peak-demand,,
energex-2324-3700-peak-demand:any:all,energex-2324-3700-peak-demand,,
energex-2324-3800-peak-demand:any:all,energex-2324-3800-peak-demand,,
energex-2324-3900-peak-demand:any:all,energex-2324-3900-peak-demand,,
energex-2324-4000-volume:any:all,energex-2324-4000-volume,,
energex-2324-4500-volume:any:all,energex-2324-4500-volume,,
energex-2324-7100-peak-demand:any:all,energex-2324-7100-peak-demand,,
energex-2324-7200-demand:any:all,energex-2324-7200-demand,,
energex-2324-7400-peak-demand:any:all,energex-2324-7400-peak-demand,,
energex-2324-business-tou-8800:any:all,energex-2324-business-tou-8800,,
energex-2324-residential-tou-8900:any:all,energex-2324-residential-tou-8900,,
energex-2324-residential-tou-energy:any:all,energex-2324-residential-tou-energy,,
energex-2324-sb-tou-energy:any:all,energex-2324-sb-tou-energy,,
energex-2425-3000-volume:any:all,energex-2425-3000-volume,,
energex-2425-3600-peak-demand:any:all,energex-2425-3600-peak-demand,,
energex-2425-3700-peak-demand:any:all,energex-2425-3700-peak-demand,,
energex-2425-3800-peak-demand:any:all,energex-2425-3800-peak-demand,,
energex-2425-3900-peak-demand:any:all,energex-2425-3900-peak-demand,,
energex-2425-4000-volume:any:all,energex-2425-4000-volume,,
energex-2425-4500-volume:any:all,energex-2425-4500-volume,,
energex-2425-7100-peak-demand:any:all,energex-2425-7100-peak-demand,,
energex-2425-7200-demand:any:all,energex-2425-7200-demand,,
energex-2425-7400-peak-demand:any:all,energex-2425-7400-peak-demand,,
energex-2425-business-tou-8800:any:all,energex-2425-business-tou-8800,,
energex-2425-residential-tou-8900:any:all,energex-2425-residential-tou-8900,,
energex-2425-residential-tou-energy:any:all,energex-2425-residential-tou-energy,,
energex-2425-sb-tou-energy:any:all,energex-2425-sb-tou-energy,,
energex-2425-storage-92000:any:all,energex-2425-storage-92000,,
energex-2425-storage-92100:any:all,energex-2425-storage-92100,,
energex-2425-storage-94000:any:all,energex-2425-storage-94000,,
energex-2526-11kv-bus:any:all,energex-2526-11kv-bus,,
energex-2526-11kv-tou-demand:any:all,energex-2526-11kv-tou-demand,,
energex-2526-business-tou-demand:any:all,energex-2526-business-tou-demand,,
energex-2526-business-tou:any:all,energex-2526-business-tou,,
energex-2526-dps-92100:any:all,energex-2526-dps-92100,,
energex-2526-dps-94100:any:all,energex-2526-dps-94100,,
energex-2526-residential-tou-demand:any:all,energex-2526-residential-tou-demand,,
energex-2526-residential-tou:any:all,energex-2526-residential-tou,,
energex-2526-sb-tou-demand:any:all,energex-2526-sb-tou-demand,,
energex-2627-11kv-bus:any:all,energex-2627-11kv-bus,,
energex-2627-11kv-tou-demand:any:all,energex-2627-11kv-tou-demand,,
energex-2627-business-tou-demand:any:all,energex-2627-business-tou-demand,,
energex-2627-business-tou:any:all,energex-2627-business-tou,,
energex-2627-dynamic-business-92500-demand:any:all,energex-2627-dynamic-business-92500-demand,,
energex-2627-dynamic-business-92500-peak:any:all,energex-2627-dynamic-business-92500-peak,,
energex-2627-dynamic-business-94500-demand:any:all,energex-2627-dynamic-business-94500-demand,,
energex-2627-dynamic-business-94500-peak:any:all,energex-2627-dynamic-business-94500-peak,,
energex-2627-residential-tou-demand:any:all,energex-2627-residential-tou-demand,,
energex-2627-residential-tou:any:all,energex-2627-residential-tou,,
energex-2627-residential-two-way-96200:non_summer:4-10,energex-2627-residential-two-way-96200,non_summer,non-summer (Apr–Oct)
energex-2627-residential-two-way-96200:summer:11-3,energex-2627-residential-two-way-96200,summer,Summer (Nov–Mar)
energex-2627-sb-tou-demand:any:all,energex-2627-sb-tou-demand,,
ergon-2021-bdem-demand:any:all,ergon-2021-bdem-demand,,
ergon-2021-btdem-demand:any:all,ergon-2021-btdem-demand,,
ergon-2021-ltoud-demand:any:all,ergon-2021-ltoud-demand,,
ergon-2021-rdem-demand:any:all,ergon-2021-rdem-demand,,
ergon-2021-residential-tou:any:all,ergon-2021-residential-tou,,
ergon-2021-rtdem-demand:any:all,ergon-2021-rtdem-demand,,
ergon-2021-sb-tou:any:all,ergon-2021-sb-tou,,
ergon-2021-stoud-demand:non_summer:3-11,ergon-2021-stoud-demand,non_summer,non-summer months
ergon-2021-stoud-demand:summer:12-2,ergon-2021-stoud-demand,summer,summer
ergon-2021-stoud-volume:non_summer:3-11,ergon-2021-stoud-volume,non_summer,non-summer months
ergon-2021-stoud-volume:summer:12-2,ergon-2021-stoud-volume,summer,summer months
ergon-2122-bdem-demand:any:all,ergon-2122-bdem-demand,,
ergon-2122-bfrm-tou:any:all,ergon-2122-bfrm-tou,,
ergon-2122-btdem-demand:any:all,ergon-2122-btdem-demand,,
ergon-2122-cac-stoud-demand:non_summer:3-11,ergon-2122-cac-stoud-demand,non_summer,non-summer months
ergon-2122-cac-stoud-demand:summer:12-2,ergon-2122-cac-stoud-demand,summer,Summer months
ergon-2122-cac-stoud-volume:non_summer:3-11,ergon-2122-cac-stoud-volume,non_summer,non-summer months
ergon-2122-cac-stoud-volume:summer:12-2,ergon-2122-cac-stoud-volume,summer,Summer months
ergon-2122-ltoud-demand:any:all,ergon-2122-ltoud-demand,,
ergon-2122-rdem-demand:any:all,ergon-2122-rdem-demand,,
ergon-2122-residential-tou:any:all,ergon-2122-residential-tou,,
ergon-2122-rtdem-demand:any:all,ergon-2122-rtdem-demand,,
ergon-2122-sb-tou:any:all,ergon-2122-sb-tou,,
ergon-2122-stoud-demand:non_summer:3-11,ergon-2122-stoud-demand,non_summer,non-summer months
ergon-2122-stoud-demand:summer:12-2,ergon-2122-stoud-demand,summer,summer
ergon-2122-stoud-volume:non_summer:3-11,ergon-2122-stoud-volume,non_summer,non-summer months
ergon-2122-stoud-volume:summer:12-2,ergon-2122-stoud-volume,summer,summer months
ergon-2223-bdem-demand:any:all,ergon-2223-bdem-demand,,
ergon-2223-bfrm-tou:any:all,ergon-2223-bfrm-tou,,
ergon-2223-btdem-demand:any:all,ergon-2223-btdem-demand,,
ergon-2223-cac-stoud-demand:non_summer:3-11,ergon-2223-cac-stoud-demand,non_summer,non-summer months
ergon-2223-cac-stoud-demand:summer:12-2,ergon-2223-cac-stoud-demand,summer,Summer months
ergon-2223-cac-stoud-volume:non_summer:3-11,ergon-2223-cac-stoud-volume,non_summer,non-summer months
ergon-2223-cac-stoud-volume:summer:12-2,ergon-2223-cac-stoud-volume,summer,Summer months
ergon-2223-ltoud-demand:any:all,ergon-2223-ltoud-demand,,
ergon-2223-rdem-demand:any:all,ergon-2223-rdem-demand,,
ergon-2223-residential-tou:any:all,ergon-2223-residential-tou,,
ergon-2223-rtdem-demand:any:all,ergon-2223-rtdem-demand,,
ergon-2223-sb-tou:any:all,ergon-2223-sb-tou,,
ergon-2223-stoud-demand:non_summer:3-11,ergon-2223-stoud-demand,non_summer,non-summer months
ergon-2223-stoud-demand:summer:12-2,ergon-2223-stoud-demand,summer,summer
ergon-2223-stoud-volume:non_summer:3-11,ergon-2223-stoud-volume,non_summer,non-summer months
ergon-2223-stoud-volume:summer:12-2,ergon-2223-stoud-volume,summer,summer months
ergon-2324-bdem-demand:any:all,ergon-2324-bdem-demand,,
ergon-2324-bfrm-tou:any:all,ergon-2324-bfrm-tou,,
ergon-2324-btdem-demand:any:all,ergon-2324-btdem-demand,,
ergon-2324-cac-stoud-demand:non_summer:3-11,ergon-2324-cac-stoud-demand,non_summer,non-summer months
ergon-2324-cac-stoud-demand:summer:12-2,ergon-2324-cac-stoud-demand,summer,Summer months
ergon-2324-cac-stoud-volume:non_summer:3-11,ergon-2324-cac-stoud-volume,non_summer,Non-Summer months
ergon-2324-cac-stoud-volume:summer:12-2,ergon-2324-cac-stoud-volume,summer,Summer months
ergon-2324-ltoud-demand:any:all,ergon-2324-ltoud-demand,,
ergon-2324-rdem-demand:any:all,ergon-2324-rdem-demand,,
ergon-2324-residential-tou:any:all,ergon-2324-residential-tou,,
ergon-2324-rtdem-demand:any:all,ergon-2324-rtdem-demand,,
ergon-2324-sb-tou:any:all,ergon-2324-sb-tou,,
ergon-2324-stoud-demand:non_summer:3-11,ergon-2324-stoud-demand,non_summer,Non-Summer months
ergon-2324-stoud-demand:summer:12-2,ergon-2324-stoud-demand,summer,Summer months
ergon-2324-stoud-volume:non_summer:3-11,ergon-2324-stoud-volume,non_summer,Non-Summer months
ergon-2324-stoud-volume:summer:12-2,ergon-2324-stoud-volume,summer,summer months
ergon-2425-bdem-demand:any:all,ergon-2425-bdem-demand,,
ergon-2425-bfrm-tou:any:all,ergon-2425-bfrm-tou,,
ergon-2425-btdem-demand:any:all,ergon-2425-btdem-demand,,
ergon-2425-cac-stoud-demand:non_summer:3-11,ergon-2425-cac-stoud-demand,non_summer,non-summer months
ergon-2425-cac-stoud-demand:summer:12-2,ergon-2425-cac-stoud-demand,summer,Summer months
ergon-2425-cac-stoud-volume:non_summer:3-11,ergon-2425-cac-stoud-volume,non_summer,Non-Summer months
ergon-2425-cac-stoud-volume:summer:12-2,ergon-2425-cac-stoud-volume,summer,Summer months
ergon-2425-ltoud-demand:any:all,ergon-2425-ltoud-demand,,
ergon-2425-rdem-demand:any:all,ergon-2425-rdem-demand,,
ergon-2425-residential-tou:any:all,ergon-2425-residential-tou,,
ergon-2425-rtdem-demand:any:all,ergon-2425-rtdem-demand,,
ergon-2425-sb-tou:any:all,ergon-2425-sb-tou,,
ergon-2425-storage-trial-tou:any:all,ergon-2425-storage-trial-tou,,
ergon-2425-stoud-demand:non_summer:3-11,ergon-2425-stoud-demand,non_summer,Non-Summer months
ergon-2425-stoud-demand:summer:12-2,ergon-2425-stoud-demand,summer,Summer months
ergon-2425-stoud-volume:non_summer:3-11,ergon-2425-stoud-volume,non_summer,Non-Summer months
ergon-2425-stoud-volume:summer:12-2,ergon-2425-stoud-volume,summer,summer months
ergon-2526-bfrm-tou:any:all,ergon-2526-bfrm-tou,,
ergon-2526-business-tou:any:all,ergon-2526-business-tou,,
ergon-2526-cac-tou-demand:any:all,ergon-2526-cac-tou-demand,,
ergon-2526-ltoud-demand:any:all,ergon-2526-ltoud-demand,,
ergon-2526-prce-trial-tou:any:all,ergon-2526-prce-trial-tou,,
ergon-2526-residential-tou-demand:any:all,ergon-2526-residential-tou-demand,,
ergon-2526-residential-tou:any:all,ergon-2526-residential-tou,,
ergon-2526-sb-tou-demand:any:all,ergon-2526-sb-tou-demand,,
ergon-2627-business-tou:any:all,ergon-2627-business-tou,,
ergon-2627-cac-tou-demand:any:all,ergon-2627-cac-tou-demand,,
ergon-2627-dbt-trial-peak:any:all,ergon-2627-dbt-trial-peak,,
ergon-2627-dbt-trial-shoulder-demand:any:all,ergon-2627-dbt-trial-shoulder-demand,,
ergon-2627-ltoud-demand:any:all,ergon-2627-ltoud-demand,,
ergon-2627-residential-tou-demand:any:all,ergon-2627-residential-tou-demand,,
ergon-2627-residential-tou:any:all,ergon-2627-residential-tou,,
ergon-2627-sb-tou-demand:any:all,ergon-2627-sb-tou-demand,,
essential-2016-17-pl-basic-tou:any:all,essential-2016-17-pl-basic-tou,,
essential-2016-17-pl-peak-shoulder-demand:any:all,essential-2016-17-pl-peak-shoulder-demand,,
essential-2017-18-pl-basic-tou:any:all,essential-2017-18-pl-basic-tou,,
essential-2017-18-pl-interval-tou:any:all,essential-2017-18-pl-interval-tou,,
essential-2017-18-pl-peak-shoulder-demand:any:all,essential-2017-18-pl-peak-shoulder-demand,,
essential-2018-19-pl-basic-tou:any:all,essential-2018-19-pl-basic-tou,,
essential-2018-19-pl-interval-tou:any:all,essential-2018-19-pl-interval-tou,,
essential-2018-19-pl-peak-shoulder-demand:any:all,essential-2018-19-pl-peak-shoulder-demand,,
essential-2019-20-pl-basic-tou:any:all,essential-2019-20-pl-basic-tou,,
essential-2019-20-pl-interval-tou:any:all,essential-2019-20-pl-interval-tou,,
essential-2019-20-pl-peak-shoulder-demand:any:all,essential-2019-20-pl-peak-shoulder-demand,,
essential-2020-21-pl-basic-tou:any:all,essential-2020-21-pl-basic-tou,,
essential-2020-21-pl-interval-tou:any:all,essential-2020-21-pl-interval-tou,,
essential-2020-21-pl-peak-shoulder-demand:any:all,essential-2020-21-pl-peak-shoulder-demand,,
essential-2021-22-pl-basic-tou:any:all,essential-2021-22-pl-basic-tou,,
essential-2021-22-pl-interval-tou:any:all,essential-2021-22-pl-interval-tou,,
essential-2021-22-pl-peak-shoulder-demand:any:all,essential-2021-22-pl-peak-shoulder-demand,,
essential-2022-23-pl-basic-tou:any:all,essential-2022-23-pl-basic-tou,,
essential-2022-23-pl-interval-tou:any:all,essential-2022-23-pl-interval-tou,,
essential-2022-23-pl-peak-shoulder-demand:any:all,essential-2022-23-pl-peak-shoulder-demand,,
essential-2023-24-tss-blnd3to-demand:any:all,essential-2023-24-tss-blnd3to-demand,,
essential-2023-24-tss-hv:any:all,essential-2023-24-tss-hv,,
essential-2023-24-tss-interval:any:all,essential-2023-24-tss-interval,,
essential-2023-24-tss-lv-large:any:all,essential-2023-24-tss-lv-large,,
essential-2023-24-tss-obsolete:any:all,essential-2023-24-tss-obsolete,,
essential-2023-24-tss-public-lighting:any:all,essential-2023-24-tss-public-lighting,,
essential-2023-24-tss-subtransmission:any:all,essential-2023-24-tss-subtransmission,,
essential-2023-24-tss-type5:any:all,essential-2023-24-tss-type5,,
essential-2024-25-nuos-any:any:all,essential-2024-25-nuos-any,,
essential-2024-25-nuos-exp:any:all,essential-2024-25-nuos-exp,,
essential-2024-25-nuos-pso-b:any:all,essential-2024-25-nuos-pso-b,,
essential-2024-25-nuos-pso-int:any:all,essential-2024-25-nuos-pso-int,,
essential-2024-25-nuos-ss:any:all,essential-2024-25-nuos-ss,,
essential-2024-25-nuos-sto-b:any:all,essential-2024-25-nuos-sto-b,,
essential-2024-25-nuos-sto-e:any:all,essential-2024-25-nuos-sto-e,,
essential-2024-25-pl-any:any:all,essential-2024-25-pl-any,,
essential-2024-25-pl-blnd3to-demand:any:all,essential-2024-25-pl-blnd3to-demand,,
essential-2024-25-pl-exp:any:all,essential-2024-25-pl-exp,,
essential-2024-25-pl-pso-b:any:all,essential-2024-25-pl-pso-b,,
essential-2024-25-pl-pso-int:any:all,essential-2024-25-pl-pso-int,,
essential-2024-25-pl-ss:any:all,essential-2024-25-pl-ss,,
essential-2024-25-pl-sto-b:any:all,essential-2024-25-pl-sto-b,,
essential-2024-25-pl-sto-e:any:all,essential-2024-25-pl-sto-e,,
essential-2025-26-pl-any:any:all,essential-2025-26-pl-any,,
essential-2025-26-pl-blnd3to-demand:any:all,essential-2025-26-pl-blnd3to-demand,,
essential-2025-26-pl-exp:any:all,essential-2025-26-pl-exp,,
essential-2025-26-pl-pso-b:any:all,essential-2025-26-pl-pso-b,,
essential-2025-26-pl-pso-int:any:all,essential-2025-26-pl-pso-int,,
essential-2025-26-pl-ss:any:all,essential-2025-26-pl-ss,,
essential-2025-26-pl-sto-b:any:all,essential-2025-26-pl-sto-b,,
essential-2025-26-pl-sto-e:any:all,essential-2025-26-pl-sto-e,,
essential-2026-27-pl-any:any:all,essential-2026-27-pl-any,,
essential-2026-27-pl-blnd3to-demand:any:all,essential-2026-27-pl-blnd3to-demand,,
essential-2026-27-pl-exp:any:all,essential-2026-27-pl-exp,,
essential-2026-27-pl-pso-b:any:all,essential-2026-27-pl-pso-b,,
essential-2026-27-pl-pso-int:any:all,essential-2026-27-pl-pso-int,,
essential-2026-27-pl-ss:any:all,essential-2026-27-pl-ss,,
essential-2026-27-pl-sto-b:any:all,essential-2026-27-pl-sto-b,,
essential-2026-27-pl-sto-e:any:all,essential-2026-27-pl-sto-e,,
evo-2016-17-060-controlled-load:any:all,evo-2016-17-060-controlled-load,,
evo-2016-17-070-controlled-load:any:all,evo-2016-17-070-controlled-load,,
evo-2016-17-com-tou-energy:any:all,evo-2016-17-com-tou-energy,,
evo-2016-17-res-tou-energy:any:all,evo-2016-17-res-tou-energy,,
evo-2017-18-060-controlled-load:any:all,evo-2017-18-060-controlled-load,,
evo-2017-18-070-controlled-load:any:all,evo-2017-18-070-controlled-load,,
evo-2017-18-com-tou-energy:any:all,evo-2017-18-com-tou-energy,,
evo-2017-18-lv-kw-demand-window:any:all,evo-2017-18-lv-kw-demand-window,,
evo-2017-18-res-demand-window:any:all,evo-2017-18-res-demand-window,,
evo-2017-18-res-tou-energy:any:all,evo-2017-18-res-tou-energy,,
evo-2018-19-060-controlled-load:any:all,evo-2018-19-060-controlled-load,,
evo-2018-19-070-controlled-load:any:all,evo-2018-19-070-controlled-load,,
evo-2018-19-com-tou-energy:any:all,evo-2018-19-com-tou-energy,,
evo-2018-19-lv-kw-demand-window:any:all,evo-2018-19-lv-kw-demand-window,,
evo-2018-19-res-demand-window:any:all,evo-2018-19-res-demand-window,,
evo-2018-19-res-tou-energy:any:all,evo-2018-19-res-tou-energy,,
evo-2019-20-060-controlled-load:any:all,evo-2019-20-060-controlled-load,,
evo-2019-20-070-controlled-load:any:all,evo-2019-20-070-controlled-load,,
evo-2019-20-com-tou-energy:any:all,evo-2019-20-com-tou-energy,,
evo-2019-20-hv-kva-demand-window:any:all,evo-2019-20-hv-kva-demand-window,,
evo-2019-20-lv-kva-demand-window:any:all,evo-2019-20-lv-kva-demand-window,,
evo-2019-20-res-tou-energy:any:all,evo-2019-20-res-tou-energy,,
evo-2020-21-060-controlled-load:any:all,evo-2020-21-060-controlled-load,,
evo-2020-21-070-controlled-load:any:all,evo-2020-21-070-controlled-load,,
evo-2020-21-com-tou-energy:any:all,evo-2020-21-com-tou-energy,,
evo-2020-21-hv-kva-demand-window:any:all,evo-2020-21-hv-kva-demand-window,,
evo-2020-21-lv-kva-demand-window:any:all,evo-2020-21-lv-kva-demand-window,,
evo-2020-21-res-tou-energy:any:all,evo-2020-21-res-tou-energy,,
evo-2021-22-060-controlled-load:any:all,evo-2021-22-060-controlled-load,,
evo-2021-22-070-controlled-load:any:all,evo-2021-22-070-controlled-load,,
evo-2021-22-com-tou-energy:any:all,evo-2021-22-com-tou-energy,,
evo-2021-22-hv-kva-demand-window:any:all,evo-2021-22-hv-kva-demand-window,,
evo-2021-22-lv-kva-demand-window:any:all,evo-2021-22-lv-kva-demand-window,,
evo-2021-22-res-tou-energy:any:all,evo-2021-22-res-tou-energy,,
evo-2022-23-060-controlled-load:any:all,evo-2022-23-060-controlled-load,,
evo-2022-23-070-controlled-load:any:all,evo-2022-23-070-controlled-load,,
evo-2022-23-com-tou-energy:any:all,evo-2022-23-com-tou-energy,,
evo-2022-23-hv-kva-demand-window:any:all,evo-2022-23-hv-kva-demand-window,,
evo-2022-23-lv-kva-demand-window:any:all,evo-2022-23-lv-kva-demand-window,,
evo-2022-23-res-tou-energy:any:all,evo-2022-23-res-tou-energy,,
evo-2023-24-015-energy:any:all,evo-2023-24-015-energy,,
evo-2023-24-025-demand-window:any:all,evo-2023-24-025-demand-window,,
evo-2023-24-027-energy:any:all,evo-2023-24-027-energy,,
evo-2023-24-027-export-window:high:months-not-stated,evo-2023-24-027-export-window,high,high season
evo-2023-24-027-export-window:low:months-not-stated,evo-2023-24-027-export-window,low,low season
evo-2023-24-060-controlled-load:any:all,evo-2023-24-060-controlled-load,,
evo-2023-24-070-controlled-load:any:all,evo-2023-24-070-controlled-load,,
evo-2023-24-hv-demand-window:any:all,evo-2023-24-hv-demand-window,,
evo-2023-24-hv-tou-energy:any:all,evo-2023-24-hv-tou-energy,,
evo-2023-24-lv-demand-window:any:all,evo-2023-24-lv-demand-window,,
evo-2023-24-lv-tou-energy:any:all,evo-2023-24-lv-tou-energy,,
evo-2024-25-015-energy:any:all,evo-2024-25-015-energy,,
evo-2024-25-016-energy:any:all,evo-2024-25-016-energy,,
evo-2024-25-017-energy:any:all,evo-2024-25-017-energy,,
evo-2024-25-018-energy:any:all,evo-2024-25-018-energy,,
evo-2024-25-023-dem-76-window:high:months-not-stated,evo-2024-25-023-dem-76-window,high,winter months
evo-2024-25-023-dem-81-window:low:months-not-stated,evo-2024-25-023-dem-81-window,low,non-winter months
evo-2024-25-023-dem-86-window:any:all,evo-2024-25-023-dem-86-window,,
evo-2024-25-023-energy:any:all,evo-2024-25-023-energy,,
evo-2024-25-024-dem-102-window:low:months-not-stated,evo-2024-25-024-dem-102-window,low,non-winter months
evo-2024-25-024-dem-107-window:any:all,evo-2024-25-024-dem-107-window,,
evo-2024-25-024-dem-97-window:high:months-not-stated,evo-2024-25-024-dem-97-window,high,winter months
evo-2024-25-024-energy:any:all,evo-2024-25-024-energy,,
evo-2024-25-025-dem-117-window:any:all,evo-2024-25-025-dem-117-window,,
evo-2024-25-026-dem-127-window:any:all,evo-2024-25-026-dem-127-window,,
evo-2024-25-060-controlled-load:any:all,evo-2024-25-060-controlled-load,,
evo-2024-25-060-off-peak-energy:any:all,evo-2024-25-060-off-peak-energy,,
evo-2024-25-070-controlled-load:any:all,evo-2024-25-070-controlled-load,,
evo-2024-25-070-off-peak-energy:any:all,evo-2024-25-070-off-peak-energy,,
evo-2024-25-090-energy:any:all,evo-2024-25-090-energy,,
evo-2024-25-091-energy:any:all,evo-2024-25-091-energy,,
evo-2024-25-101-dem-203-window:any:all,evo-2024-25-101-dem-203-window,,
evo-2024-25-101-energy:any:all,evo-2024-25-101-energy,,
evo-2024-25-103-dem-226-window:any:all,evo-2024-25-103-dem-226-window,,
evo-2024-25-103-energy:any:all,evo-2024-25-103-energy,,
evo-2024-25-104-dem-214-window:any:all,evo-2024-25-104-dem-214-window,,
evo-2024-25-104-energy:any:all,evo-2024-25-104-energy,,
evo-2024-25-105-dem-240-window:any:all,evo-2024-25-105-dem-240-window,,
evo-2024-25-105-energy:any:all,evo-2024-25-105-energy,,
evo-2024-25-106-dem-256-window:any:all,evo-2024-25-106-dem-256-window,,
evo-2024-25-107-dem-265-window:any:all,evo-2024-25-107-dem-265-window,,
evo-2024-25-108-dem-278-window:high:months-not-stated,evo-2024-25-108-dem-278-window,high,summer and spring months
evo-2024-25-108-dem-283-window:low:months-not-stated,evo-2024-25-108-dem-283-window,low,winter and autumn months
evo-2024-25-109-dem-305-window:high:months-not-stated,evo-2024-25-109-dem-305-window,high,summer and spring months
evo-2024-25-109-dem-310-window:low:months-not-stated,evo-2024-25-109-dem-310-window,low,winter and autumn months
evo-2024-25-111-dem-345-window:any:all,evo-2024-25-111-dem-345-window,,
evo-2024-25-111-energy:any:all,evo-2024-25-111-energy,,
evo-2024-25-121-dem-360-window:any:all,evo-2024-25-121-dem-360-window,,
evo-2024-25-121-energy:any:all,evo-2024-25-121-energy,,
evo-2024-25-122-dem-375-window:any:all,evo-2024-25-122-dem-375-window,,
evo-2024-25-122-energy:any:all,evo-2024-25-122-energy,,
evo-2024-25-123-dem-394-window:high:months-not-stated,evo-2024-25-123-dem-394-window,high,summer and spring months
evo-2024-25-123-dem-399-window:low:months-not-stated,evo-2024-25-123-dem-399-window,low,winter and autumn months
evo-2024-25-124-dem-421-window:high:months-not-stated,evo-2024-25-124-dem-421-window,high,spring and summer months
evo-2024-25-124-dem-426-window:low:months-not-stated,evo-2024-25-124-dem-426-window,low,autumn and winter months
evo-2025-26-soc-incl-lfit-015-energy:any:all,evo-2025-26-soc-incl-lfit-015-energy,,
evo-2025-26-soc-incl-lfit-016-energy:any:all,evo-2025-26-soc-incl-lfit-016-energy,,
evo-2025-26-soc-incl-lfit-017-energy:any:all,evo-2025-26-soc-incl-lfit-017-energy,,
evo-2025-26-soc-incl-lfit-018-energy:any:all,evo-2025-26-soc-incl-lfit-018-energy,,
evo-2025-26-soc-incl-lfit-023-dem-100-window:high:months-not-stated,evo-2025-26-soc-incl-lfit-023-dem-100-window,high,winter months
evo-2025-26-soc-incl-lfit-023-dem-101-window:low:months-not-stated,evo-2025-26-soc-incl-lfit-023-dem-101-window,low,non-winter months
evo-2025-26-soc-incl-lfit-023-dem-102-window:any:all,evo-2025-26-soc-incl-lfit-023-dem-102-window,,
evo-2025-26-soc-incl-lfit-023-energy:any:all,evo-2025-26-soc-incl-lfit-023-energy,,
evo-2025-26-soc-incl-lfit-024-dem-112-window:high:months-not-stated,evo-2025-26-soc-incl-lfit-024-dem-112-window,high,winter months
evo-2025-26-soc-incl-lfit-024-dem-113-window:low:months-not-stated,evo-2025-26-soc-incl-lfit-024-dem-113-window,low,non-winter months
evo-2025-26-soc-incl-lfit-024-dem-114-window:any:all,evo-2025-26-soc-incl-lfit-024-dem-114-window,,
evo-2025-26-soc-incl-lfit-024-energy:any:all,evo-2025-26-soc-incl-lfit-024-energy,,
evo-2025-26-soc-incl-lfit-025-dem-123-window:any:all,evo-2025-26-soc-incl-lfit-025-dem-123-window,,
evo-2025-26-soc-incl-lfit-026-dem-132-window:any:all,evo-2025-26-soc-incl-lfit-026-dem-132-window,,
evo-2025-26-soc-incl-lfit-060-controlled-load:any:all,evo-2025-26-soc-incl-lfit-060-controlled-load,,
evo-2025-26-soc-incl-lfit-060-off-peak-energy:any:all,evo-2025-26-soc-incl-lfit-060-off-peak-energy,,
evo-2025-26-soc-incl-lfit-070-controlled-load:any:all,evo-2025-26-soc-incl-lfit-070-controlled-load,,
evo-2025-26-soc-incl-lfit-070-off-peak-energy:any:all,evo-2025-26-soc-incl-lfit-070-off-peak-energy,,
evo-2025-26-soc-incl-lfit-090-energy:any:all,evo-2025-26-soc-incl-lfit-090-energy,,
evo-2025-26-soc-incl-lfit-091-energy:any:all,evo-2025-26-soc-incl-lfit-091-energy,,
evo-2025-26-soc-incl-lfit-101-dem-213-window:any:all,evo-2025-26-soc-incl-lfit-101-dem-213-window,,
evo-2025-26-soc-incl-lfit-101-energy:any:all,evo-2025-26-soc-incl-lfit-101-energy,,
evo-2025-26-soc-incl-lfit-103-dem-235-window:any:all,evo-2025-26-soc-incl-lfit-103-dem-235-window,,
evo-2025-26-soc-incl-lfit-103-energy:any:all,evo-2025-26-soc-incl-lfit-103-energy,,
evo-2025-26-soc-incl-lfit-104-dem-224-window:any:all,evo-2025-26-soc-incl-lfit-104-dem-224-window,,
evo-2025-26-soc-incl-lfit-104-energy:any:all,evo-2025-26-soc-incl-lfit-104-energy,,
evo-2025-26-soc-incl-lfit-105-dem-247-window:any:all,evo-2025-26-soc-incl-lfit-105-dem-247-window,,
evo-2025-26-soc-incl-lfit-105-energy:any:all,evo-2025-26-soc-incl-lfit-105-energy,,
evo-2025-26-soc-incl-lfit-106-dem-260-window:any:all,evo-2025-26-soc-incl-lfit-106-dem-260-window,,
evo-2025-26-soc-incl-lfit-107-dem-269-window:any:all,evo-2025-26-soc-incl-lfit-107-dem-269-window,,
evo-2025-26-soc-incl-lfit-108-dem-278-window:high:months-not-stated,evo-2025-26-soc-incl-lfit-108-dem-278-window,high,summer and spring months
evo-2025-26-soc-incl-lfit-108-dem-279-window:low:months-not-stated,evo-2025-26-soc-incl-lfit-108-dem-279-window,low,winter and autumn months
evo-2025-26-soc-incl-lfit-109-dem-290-window:high:months-not-stated,evo-2025-26-soc-incl-lfit-109-dem-290-window,high,summer and spring months
evo-2025-26-soc-incl-lfit-109-dem-291-window:low:months-not-stated,evo-2025-26-soc-incl-lfit-109-dem-291-window,low,winter and autumn months
evo-2025-26-soc-incl-lfit-111-dem-325-window:any:all,evo-2025-26-soc-incl-lfit-111-dem-325-window,,
evo-2025-26-soc-incl-lfit-111-energy:any:all,evo-2025-26-soc-incl-lfit-111-energy,,
evo-2025-26-soc-incl-lfit-121-dem-337-window:any:all,evo-2025-26-soc-incl-lfit-121-dem-337-window,,
evo-2025-26-soc-incl-lfit-121-energy:any:all,evo-2025-26-soc-incl-lfit-121-energy,,
evo-2025-26-soc-incl-lfit-122-dem-349-window:any:all,evo-2025-26-soc-incl-lfit-122-dem-349-window,,
evo-2025-26-soc-incl-lfit-122-energy:any:all,evo-2025-26-soc-incl-lfit-122-energy,,
evo-2025-26-soc-incl-lfit-123-dem-362-window:high:months-not-stated,evo-2025-26-soc-incl-lfit-123-dem-362-window,high,summer and spring months
evo-2025-26-soc-incl-lfit-123-dem-363-window:low:months-not-stated,evo-2025-26-soc-incl-lfit-123-dem-363-window,low,winter and autumn months
evo-2025-26-soc-incl-lfit-124-dem-374-window:high:months-not-stated,evo-2025-26-soc-incl-lfit-124-dem-374-window,high,spring and summer months
evo-2025-26-soc-incl-lfit-124-dem-375-window:low:months-not-stated,evo-2025-26-soc-incl-lfit-124-dem-375-window,low,autumn and winter months
evo-2026-27-soc-aer-approved-015-energy:any:all,evo-2026-27-soc-aer-approved-015-energy,,
evo-2026-27-soc-aer-approved-016-energy:any:all,evo-2026-27-soc-aer-approved-016-energy,,
evo-2026-27-soc-aer-approved-017-energy:any:all,evo-2026-27-soc-aer-approved-017-energy,,
evo-2026-27-soc-aer-approved-018-energy:any:all,evo-2026-27-soc-aer-approved-018-energy,,
evo-2026-27-soc-aer-approved-023-dem-100-window:high:months-not-stated,evo-2026-27-soc-aer-approved-023-dem-100-window,high,winter months
evo-2026-27-soc-aer-approved-023-dem-101-window:low:months-not-stated,evo-2026-27-soc-aer-approved-023-dem-101-window,low,non-winter months
evo-2026-27-soc-aer-approved-023-dem-102-window:any:all,evo-2026-27-soc-aer-approved-023-dem-102-window,,
evo-2026-27-soc-aer-approved-023-energy:any:all,evo-2026-27-soc-aer-approved-023-energy,,
evo-2026-27-soc-aer-approved-024-dem-112-window:high:months-not-stated,evo-2026-27-soc-aer-approved-024-dem-112-window,high,winter months
evo-2026-27-soc-aer-approved-024-dem-113-window:low:months-not-stated,evo-2026-27-soc-aer-approved-024-dem-113-window,low,non-winter months
evo-2026-27-soc-aer-approved-024-dem-114-window:any:all,evo-2026-27-soc-aer-approved-024-dem-114-window,,
evo-2026-27-soc-aer-approved-024-energy:any:all,evo-2026-27-soc-aer-approved-024-energy,,
evo-2026-27-soc-aer-approved-025-dem-123-window:any:all,evo-2026-27-soc-aer-approved-025-dem-123-window,,
evo-2026-27-soc-aer-approved-026-dem-132-window:any:all,evo-2026-27-soc-aer-approved-026-dem-132-window,,
evo-2026-27-soc-aer-approved-060-controlled-load:any:all,evo-2026-27-soc-aer-approved-060-controlled-load,,
evo-2026-27-soc-aer-approved-065-controlled-load:any:all,evo-2026-27-soc-aer-approved-065-controlled-load,,
evo-2026-27-soc-aer-approved-070-controlled-load:any:all,evo-2026-27-soc-aer-approved-070-controlled-load,,
evo-2026-27-soc-aer-approved-090-energy:any:all,evo-2026-27-soc-aer-approved-090-energy,,
evo-2026-27-soc-aer-approved-091-energy:any:all,evo-2026-27-soc-aer-approved-091-energy,,
evo-2026-27-soc-aer-approved-101-dem-220-window:any:all,evo-2026-27-soc-aer-approved-101-dem-220-window,,
evo-2026-27-soc-aer-approved-101-energy:any:all,evo-2026-27-soc-aer-approved-101-energy,,
evo-2026-27-soc-aer-approved-103-dem-242-window:any:all,evo-2026-27-soc-aer-approved-103-dem-242-window,,
evo-2026-27-soc-aer-approved-103-energy:any:all,evo-2026-27-soc-aer-approved-103-energy,,
evo-2026-27-soc-aer-approved-104-dem-231-window:any:all,evo-2026-27-soc-aer-approved-104-dem-231-window,,
evo-2026-27-soc-aer-approved-104-energy:any:all,evo-2026-27-soc-aer-approved-104-energy,,
evo-2026-27-soc-aer-approved-105-dem-254-window:any:all,evo-2026-27-soc-aer-approved-105-dem-254-window,,
evo-2026-27-soc-aer-approved-105-energy:any:all,evo-2026-27-soc-aer-approved-105-energy,,
evo-2026-27-soc-aer-approved-106-dem-267-window:any:all,evo-2026-27-soc-aer-approved-106-dem-267-window,,
evo-2026-27-soc-aer-approved-107-dem-276-window:any:all,evo-2026-27-soc-aer-approved-107-dem-276-window,,
evo-2026-27-soc-aer-approved-108-dem-285-window:high:months-not-stated,evo-2026-27-soc-aer-approved-108-dem-285-window,high,summer and spring months
evo-2026-27-soc-aer-approved-108-dem-286-window:low:months-not-stated,evo-2026-27-soc-aer-approved-108-dem-286-window,low,winter and autumn months
evo-2026-27-soc-aer-approved-108-r302-dem-308-window:high:months-not-stated,evo-2026-27-soc-aer-approved-108-r302-dem-308-window,high,summer and spring months
evo-2026-27-soc-aer-approved-108-r302-dem-309-window:low:months-not-stated,evo-2026-27-soc-aer-approved-108-r302-dem-309-window,low,winter and autumn months
evo-2026-27-soc-aer-approved-109-dem-297-window:high:months-not-stated,evo-2026-27-soc-aer-approved-109-dem-297-window,high,summer and spring months
evo-2026-27-soc-aer-approved-109-dem-298-window:low:months-not-stated,evo-2026-27-soc-aer-approved-109-dem-298-window,low,winter and autumn months
evo-2026-27-soc-aer-approved-109-r314-dem-320-window:high:months-not-stated,evo-2026-27-soc-aer-approved-109-r314-dem-320-window,high,summer and spring months
evo-2026-27-soc-aer-approved-109-r314-dem-321-window:low:months-not-stated,evo-2026-27-soc-aer-approved-109-r314-dem-321-window,low,winter and autumn months
evo-2026-27-soc-aer-approved-111-dem-355-window:any:all,evo-2026-27-soc-aer-approved-111-dem-355-window,,
evo-2026-27-soc-aer-approved-111-energy:any:all,evo-2026-27-soc-aer-approved-111-energy,,
evo-2026-27-soc-aer-approved-121-dem-367-window:any:all,evo-2026-27-soc-aer-approved-121-dem-367-window,,
evo-2026-27-soc-aer-approved-121-energy:any:all,evo-2026-27-soc-aer-approved-121-energy,,
evo-2026-27-soc-aer-approved-122-dem-379-window:any:all,evo-2026-27-soc-aer-approved-122-dem-379-window,,
evo-2026-27-soc-aer-approved-122-energy:any:all,evo-2026-27-soc-aer-approved-122-energy,,
evo-2026-27-soc-aer-approved-123-dem-392-window:high:months-not-stated,evo-2026-27-soc-aer-approved-123-dem-392-window,high,summer and spring months
evo-2026-27-soc-aer-approved-123-dem-393-window:low:months-not-stated,evo-2026-27-soc-aer-approved-123-dem-393-window,low,winter and autumn months
evo-2026-27-soc-aer-approved-124-dem-404-window:high:months-not-stated,evo-2026-27-soc-aer-approved-124-dem-404-window,high,spring and summer months
evo-2026-27-soc-aer-approved-124-dem-405-window:low:months-not-stated,evo-2026-27-soc-aer-approved-124-dem-405-window,low,autumn and winter months
evo-2026-27-soc-incl-lfit-015-energy:any:all,evo-2026-27-soc-incl-lfit-015-energy,,
evo-2026-27-soc-incl-lfit-016-energy:any:all,evo-2026-27-soc-incl-lfit-016-energy,,
evo-2026-27-soc-incl-lfit-017-energy:any:all,evo-2026-27-soc-incl-lfit-017-energy,,
evo-2026-27-soc-incl-lfit-018-energy:any:all,evo-2026-27-soc-incl-lfit-018-energy,,
evo-2026-27-soc-incl-lfit-023-dem-100-window:high:months-not-stated,evo-2026-27-soc-incl-lfit-023-dem-100-window,high,winter months
evo-2026-27-soc-incl-lfit-023-dem-101-window:low:months-not-stated,evo-2026-27-soc-incl-lfit-023-dem-101-window,low,non-winter months
evo-2026-27-soc-incl-lfit-023-dem-102-window:any:all,evo-2026-27-soc-incl-lfit-023-dem-102-window,,
evo-2026-27-soc-incl-lfit-023-energy:any:all,evo-2026-27-soc-incl-lfit-023-energy,,
evo-2026-27-soc-incl-lfit-024-dem-112-window:high:months-not-stated,evo-2026-27-soc-incl-lfit-024-dem-112-window,high,winter months
evo-2026-27-soc-incl-lfit-024-dem-113-window:low:months-not-stated,evo-2026-27-soc-incl-lfit-024-dem-113-window,low,non-winter months
evo-2026-27-soc-incl-lfit-024-dem-114-window:any:all,evo-2026-27-soc-incl-lfit-024-dem-114-window,,
evo-2026-27-soc-incl-lfit-024-energy:any:all,evo-2026-27-soc-incl-lfit-024-energy,,
evo-2026-27-soc-incl-lfit-025-dem-123-window:any:all,evo-2026-27-soc-incl-lfit-025-dem-123-window,,
evo-2026-27-soc-incl-lfit-026-dem-132-window:any:all,evo-2026-27-soc-incl-lfit-026-dem-132-window,,
evo-2026-27-soc-incl-lfit-060-controlled-load:any:all,evo-2026-27-soc-incl-lfit-060-controlled-load,,
evo-2026-27-soc-incl-lfit-060-off-peak-energy:any:all,evo-2026-27-soc-incl-lfit-060-off-peak-energy,,
evo-2026-27-soc-incl-lfit-065-controlled-load:any:all,evo-2026-27-soc-incl-lfit-065-controlled-load,,
evo-2026-27-soc-incl-lfit-065-off-peak-energy:any:all,evo-2026-27-soc-incl-lfit-065-off-peak-energy,,
evo-2026-27-soc-incl-lfit-070-controlled-load:any:all,evo-2026-27-soc-incl-lfit-070-controlled-load,,
evo-2026-27-soc-incl-lfit-070-off-peak-energy:any:all,evo-2026-27-soc-incl-lfit-070-off-peak-energy,,
evo-2026-27-soc-incl-lfit-090-energy:any:all,evo-2026-27-soc-incl-lfit-090-energy,,
evo-2026-27-soc-incl-lfit-091-energy:any:all,evo-2026-27-soc-incl-lfit-091-energy,,
evo-2026-27-soc-incl-lfit-101-dem-220-window:any:all,evo-2026-27-soc-incl-lfit-101-dem-220-window,,
evo-2026-27-soc-incl-lfit-101-energy:any:all,evo-2026-27-soc-incl-lfit-101-energy,,
evo-2026-27-soc-incl-lfit-103-dem-242-window:any:all,evo-2026-27-soc-incl-lfit-103-dem-242-window,,
evo-2026-27-soc-incl-lfit-103-energy:any:all,evo-2026-27-soc-incl-lfit-103-energy,,
evo-2026-27-soc-incl-lfit-104-dem-231-window:any:all,evo-2026-27-soc-incl-lfit-104-dem-231-window,,
evo-2026-27-soc-incl-lfit-104-energy:any:all,evo-2026-27-soc-incl-lfit-104-energy,,
evo-2026-27-soc-incl-lfit-105-dem-254-window:any:all,evo-2026-27-soc-incl-lfit-105-dem-254-window,,
evo-2026-27-soc-incl-lfit-105-energy:any:all,evo-2026-27-soc-incl-lfit-105-energy,,
evo-2026-27-soc-incl-lfit-106-dem-267-window:any:all,evo-2026-27-soc-incl-lfit-106-dem-267-window,,
evo-2026-27-soc-incl-lfit-107-dem-276-window:any:all,evo-2026-27-soc-incl-lfit-107-dem-276-window,,
evo-2026-27-soc-incl-lfit-108-dem-285-window:high:months-not-stated,evo-2026-27-soc-incl-lfit-108-dem-285-window,high,summer and spring months
evo-2026-27-soc-incl-lfit-108-dem-286-window:low:months-not-stated,evo-2026-27-soc-incl-lfit-108-dem-286-window,low,winter and autumn months
evo-2026-27-soc-incl-lfit-108-r302-dem-308-window:high:months-not-stated,evo-2026-27-soc-incl-lfit-108-r302-dem-308-window,high,summer and spring months
evo-2026-27-soc-incl-lfit-108-r302-dem-309-window:low:months-not-stated,evo-2026-27-soc-incl-lfit-108-r302-dem-309-window,low,winter and autumn months
evo-2026-27-soc-incl-lfit-109-dem-297-window:high:months-not-stated,evo-2026-27-soc-incl-lfit-109-dem-297-window,high,summer and spring months
evo-2026-27-soc-incl-lfit-109-dem-298-window:low:months-not-stated,evo-2026-27-soc-incl-lfit-109-dem-298-window,low,winter and autumn months
evo-2026-27-soc-incl-lfit-109-r314-dem-320-window:high:months-not-stated,evo-2026-27-soc-incl-lfit-109-r314-dem-320-window,high,summer and spring months
evo-2026-27-soc-incl-lfit-109-r314-dem-321-window:low:months-not-stated,evo-2026-27-soc-incl-lfit-109-r314-dem-321-window,low,winter and autumn months
evo-2026-27-soc-incl-lfit-111-dem-355-window:any:all,evo-2026-27-soc-incl-lfit-111-dem-355-window,,
evo-2026-27-soc-incl-lfit-111-energy:any:all,evo-2026-27-soc-incl-lfit-111-energy,,
evo-2026-27-soc-incl-lfit-121-dem-367-window:any:all,evo-2026-27-soc-incl-lfit-121-dem-367-window,,
evo-2026-27-soc-incl-lfit-121-energy:any:all,evo-2026-27-soc-incl-lfit-121-energy,,
evo-2026-27-soc-incl-lfit-122-dem-379-window:any:all,evo-2026-27-soc-incl-lfit-122-dem-379-window,,
evo-2026-27-soc-incl-lfit-122-energy:any:all,evo-2026-27-soc-incl-lfit-122-energy,,
evo-2026-27-soc-incl-lfit-123-dem-392-window:high:months-not-stated,evo-2026-27-soc-incl-lfit-123-dem-392-window,high,summer and spring months
evo-2026-27-soc-incl-lfit-123-dem-393-window:low:months-not-stated,evo-2026-27-soc-incl-lfit-123-dem-393-window,low,winter and autumn months
evo-2026-27-soc-incl-lfit-124-dem-404-window:high:months-not-stated,evo-2026-27-soc-incl-lfit-124-dem-404-window,high,spring and summer months
evo-2026-27-soc-incl-lfit-124-dem-405-window:low:months-not-stated,evo-2026-27-soc-incl-lfit-124-dem-405-window,low,autumn and winter months
jemena-2017-dnsp-dedicated-circuit:any:all,jemena-2017-dnsp-dedicated-circuit,,
jemena-2017-dnsp-flexible:non_summer:not-dst,jemena-2017-dnsp-flexible,non_summer,Non-summer period: All other times
jemena-2017-dnsp-flexible:summer:dst,jemena-2017-dnsp-flexible,summer,Summer period: is the daylight savings period
jemena-2017-dnsp-res-demand-window:any:all,jemena-2017-dnsp-res-demand-window,,
jemena-2017-dnsp-sb-demand-window:any:all,jemena-2017-dnsp-sb-demand-window,,
jemena-2017-dnsp-tou-7-23-mon-fri:any:all,jemena-2017-dnsp-tou-7-23-mon-fri,,
jemena-2017-dnsp-tou-7-23-mon-sun:any:all,jemena-2017-dnsp-tou-7-23-mon-sun,,
jemena-2018-aerhosted-dedicated-circuit:any:all,jemena-2018-aerhosted-dedicated-circuit,,
jemena-2018-aerhosted-flexible:non_summer:not-dst,jemena-2018-aerhosted-flexible,non_summer,Non-summer period: All other times
jemena-2018-aerhosted-flexible:summer:dst,jemena-2018-aerhosted-flexible,summer,Summer period: is the daylight savings period
jemena-2018-aerhosted-res-demand-window:any:all,jemena-2018-aerhosted-res-demand-window,,
jemena-2018-aerhosted-sb-demand-window:any:all,jemena-2018-aerhosted-sb-demand-window,,
jemena-2018-aerhosted-tou-7-23-mon-fri:any:all,jemena-2018-aerhosted-tou-7-23-mon-fri,,
jemena-2018-aerhosted-tou-7-23-mon-sun:any:all,jemena-2018-aerhosted-tou-7-23-mon-sun,,
jemena-2019-aerhosted-dedicated-circuit:any:all,jemena-2019-aerhosted-dedicated-circuit,,
jemena-2019-aerhosted-flexible:non_summer:not-dst,jemena-2019-aerhosted-flexible,non_summer,Non-summer period: All other times
jemena-2019-aerhosted-flexible:summer:dst,jemena-2019-aerhosted-flexible,summer,Summer period: is the daylight savings period
jemena-2019-aerhosted-res-demand-window:any:all,jemena-2019-aerhosted-res-demand-window,,
jemena-2019-aerhosted-sb-demand-window:any:all,jemena-2019-aerhosted-sb-demand-window,,
jemena-2019-aerhosted-tou-7-23-mon-fri:any:all,jemena-2019-aerhosted-tou-7-23-mon-fri,,
jemena-2019-aerhosted-tou-7-23-mon-sun:any:all,jemena-2019-aerhosted-tou-7-23-mon-sun,,
jemena-2020-dnsp-dedicated-circuit:any:all,jemena-2020-dnsp-dedicated-circuit,,
jemena-2020-dnsp-flexible:non_summer:not-dst,jemena-2020-dnsp-flexible,non_summer,Non-summer period: All other times
jemena-2020-dnsp-flexible:summer:dst,jemena-2020-dnsp-flexible,summer,Summer period: is the daylight savings period
jemena-2020-dnsp-res-demand-window:any:all,jemena-2020-dnsp-res-demand-window,,
jemena-2020-dnsp-sb-demand-window:any:all,jemena-2020-dnsp-sb-demand-window,,
jemena-2020-dnsp-tou-7-23-mon-fri:any:all,jemena-2020-dnsp-tou-7-23-mon-fri,,
jemena-2020-dnsp-tou-7-23-mon-sun:any:all,jemena-2020-dnsp-tou-7-23-mon-sun,,
jemena-2021-22-dnsp-anytime-demand-window:any:all,jemena-2021-22-dnsp-anytime-demand-window,,
jemena-2021-22-dnsp-dedicated-circuit:any:all,jemena-2021-22-dnsp-dedicated-circuit,,
jemena-2021-22-dnsp-lb-annual-demand-window:any:all,jemena-2021-22-dnsp-lb-annual-demand-window,,
jemena-2021-22-dnsp-lb-tou:any:all,jemena-2021-22-dnsp-lb-tou,,
jemena-2021-22-dnsp-res-demand-window:any:all,jemena-2021-22-dnsp-res-demand-window,,
jemena-2021-22-dnsp-res-tou:any:all,jemena-2021-22-dnsp-res-tou,,
jemena-2021-22-dnsp-sb-demand-window:any:all,jemena-2021-22-dnsp-sb-demand-window,,
jemena-2021-22-dnsp-sdic-window:summer:12-3,jemena-2021-22-dnsp-sdic-window,summer,December to March
jemena-2021-22-dnsp-tou-7-23-every-day:any:all,jemena-2021-22-dnsp-tou-7-23-every-day,,
jemena-2021-22-dnsp-tou-7-23-weekdays:any:all,jemena-2021-22-dnsp-tou-7-23-weekdays,,
jemena-2021-22-dnsp-tou-9-21-weekdays:any:all,jemena-2021-22-dnsp-tou-9-21-weekdays,,
jemena-2021-h1-aerhosted-a34m-tou:any:all,jemena-2021-h1-aerhosted-a34m-tou,,
jemena-2021-h1-dnsp-dedicated-circuit:any:all,jemena-2021-h1-dnsp-dedicated-circuit,,
jemena-2021-h1-dnsp-flexible:non_summer:not-dst,jemena-2021-h1-dnsp-flexible,non_summer,Non-summer period: All other times
jemena-2021-h1-dnsp-flexible:summer:dst,jemena-2021-h1-dnsp-flexible,summer,Summer period: is the daylight savings period
jemena-2021-h1-dnsp-res-demand-window:any:all,jemena-2021-h1-dnsp-res-demand-window,,
jemena-2021-h1-dnsp-sb-demand-window:any:all,jemena-2021-h1-dnsp-sb-demand-window,,
jemena-2021-h1-dnsp-tou-7-23-mon-fri:any:all,jemena-2021-h1-dnsp-tou-7-23-mon-fri,,
jemena-2021-h1-dnsp-tou-7-23-mon-sun:any:all,jemena-2021-h1-dnsp-tou-7-23-mon-sun,,
jemena-2022-23-aerhosted-anytime-demand-window:any:all,jemena-2022-23-aerhosted-anytime-demand-window,,
jemena-2022-23-aerhosted-dedicated-circuit:any:all,jemena-2022-23-aerhosted-dedicated-circuit,,
jemena-2022-23-aerhosted-lb-annual-demand-window:any:all,jemena-2022-23-aerhosted-lb-annual-demand-window,,
jemena-2022-23-aerhosted-lb-tou:any:all,jemena-2022-23-aerhosted-lb-tou,,
jemena-2022-23-aerhosted-res-demand-window:any:all,jemena-2022-23-aerhosted-res-demand-window,,
jemena-2022-23-aerhosted-res-tou:any:all,jemena-2022-23-aerhosted-res-tou,,
jemena-2022-23-aerhosted-sb-demand-window:any:all,jemena-2022-23-aerhosted-sb-demand-window,,
jemena-2022-23-aerhosted-sdic-window:summer:12-3,jemena-2022-23-aerhosted-sdic-window,summer,December to March
jemena-2022-23-aerhosted-tou-7-23-every-day:any:all,jemena-2022-23-aerhosted-tou-7-23-every-day,,
jemena-2022-23-aerhosted-tou-7-23-weekdays:any:all,jemena-2022-23-aerhosted-tou-7-23-weekdays,,
jemena-2022-23-aerhosted-tou-9-21-weekdays:any:all,jemena-2022-23-aerhosted-tou-9-21-weekdays,,
jemena-2023-24-aerhosted-anytime-demand-window:any:all,jemena-2023-24-aerhosted-anytime-demand-window,,
jemena-2023-24-aerhosted-dedicated-circuit:any:all,jemena-2023-24-aerhosted-dedicated-circuit,,
jemena-2023-24-aerhosted-lb-annual-demand-window:any:all,jemena-2023-24-aerhosted-lb-annual-demand-window,,
jemena-2023-24-aerhosted-lb-tou:any:all,jemena-2023-24-aerhosted-lb-tou,,
jemena-2023-24-aerhosted-res-demand-window:any:all,jemena-2023-24-aerhosted-res-demand-window,,
jemena-2023-24-aerhosted-res-tou:any:all,jemena-2023-24-aerhosted-res-tou,,
jemena-2023-24-aerhosted-sb-demand-window:any:all,jemena-2023-24-aerhosted-sb-demand-window,,
jemena-2023-24-aerhosted-sdic-window:summer:12-3,jemena-2023-24-aerhosted-sdic-window,summer,December to March
jemena-2023-24-aerhosted-tou-7-23-every-day:any:all,jemena-2023-24-aerhosted-tou-7-23-every-day,,
jemena-2023-24-aerhosted-tou-7-23-weekdays:any:all,jemena-2023-24-aerhosted-tou-7-23-weekdays,,
jemena-2023-24-aerhosted-tou-9-21-weekdays:any:all,jemena-2023-24-aerhosted-tou-9-21-weekdays,,
jemena-2023-24-dnsp-anytime-demand-window:any:all,jemena-2023-24-dnsp-anytime-demand-window,,
jemena-2023-24-dnsp-dedicated-circuit:any:all,jemena-2023-24-dnsp-dedicated-circuit,,
jemena-2023-24-dnsp-lb-annual-demand-window:any:all,jemena-2023-24-dnsp-lb-annual-demand-window,,
jemena-2023-24-dnsp-lb-tou:any:all,jemena-2023-24-dnsp-lb-tou,,
jemena-2023-24-dnsp-res-demand-window:any:all,jemena-2023-24-dnsp-res-demand-window,,
jemena-2023-24-dnsp-res-tou:any:all,jemena-2023-24-dnsp-res-tou,,
jemena-2023-24-dnsp-sb-demand-window:any:all,jemena-2023-24-dnsp-sb-demand-window,,
jemena-2023-24-dnsp-sdic-window:summer:12-3,jemena-2023-24-dnsp-sdic-window,summer,December to March
jemena-2023-24-dnsp-tou-7-23-every-day:any:all,jemena-2023-24-dnsp-tou-7-23-every-day,,
jemena-2023-24-dnsp-tou-7-23-weekdays:any:all,jemena-2023-24-dnsp-tou-7-23-weekdays,,
jemena-2023-24-dnsp-tou-9-21-weekdays:any:all,jemena-2023-24-dnsp-tou-9-21-weekdays,,
jemena-2024-25-aerhosted-anytime-demand-window:any:all,jemena-2024-25-aerhosted-anytime-demand-window,,
jemena-2024-25-aerhosted-dedicated-circuit:any:all,jemena-2024-25-aerhosted-dedicated-circuit,,
jemena-2024-25-aerhosted-lb-annual-demand-window:any:all,jemena-2024-25-aerhosted-lb-annual-demand-window,,
jemena-2024-25-aerhosted-lb-tou:any:all,jemena-2024-25-aerhosted-lb-tou,,
jemena-2024-25-aerhosted-res-demand-window:any:all,jemena-2024-25-aerhosted-res-demand-window,,
jemena-2024-25-aerhosted-res-tou:any:all,jemena-2024-25-aerhosted-res-tou,,
jemena-2024-25-aerhosted-sb-demand-window:any:all,jemena-2024-25-aerhosted-sb-demand-window,,
jemena-2024-25-aerhosted-sdic-window:summer:12-3,jemena-2024-25-aerhosted-sdic-window,summer,December to March
jemena-2024-25-aerhosted-tou-7-23-every-day:any:all,jemena-2024-25-aerhosted-tou-7-23-every-day,,
jemena-2024-25-aerhosted-tou-7-23-weekdays:any:all,jemena-2024-25-aerhosted-tou-7-23-weekdays,,
jemena-2024-25-aerhosted-tou-9-21-weekdays:any:all,jemena-2024-25-aerhosted-tou-9-21-weekdays,,
jemena-2024-25-dnsp-anytime-demand-window:any:all,jemena-2024-25-dnsp-anytime-demand-window,,
jemena-2024-25-dnsp-dedicated-circuit:any:all,jemena-2024-25-dnsp-dedicated-circuit,,
jemena-2024-25-dnsp-lb-annual-demand-window:any:all,jemena-2024-25-dnsp-lb-annual-demand-window,,
jemena-2024-25-dnsp-lb-tou:any:all,jemena-2024-25-dnsp-lb-tou,,
jemena-2024-25-dnsp-res-demand-window:any:all,jemena-2024-25-dnsp-res-demand-window,,
jemena-2024-25-dnsp-res-tou:any:all,jemena-2024-25-dnsp-res-tou,,
jemena-2024-25-dnsp-sb-demand-window:any:all,jemena-2024-25-dnsp-sb-demand-window,,
jemena-2024-25-dnsp-sdic-window:summer:12-3,jemena-2024-25-dnsp-sdic-window,summer,December to March
jemena-2024-25-dnsp-tou-7-23-every-day:any:all,jemena-2024-25-dnsp-tou-7-23-every-day,,
jemena-2024-25-dnsp-tou-7-23-weekdays:any:all,jemena-2024-25-dnsp-tou-7-23-weekdays,,
jemena-2024-25-dnsp-tou-9-21-weekdays:any:all,jemena-2024-25-dnsp-tou-9-21-weekdays,,
jemena-2025-26-dnsp-anytime-demand-window:any:all,jemena-2025-26-dnsp-anytime-demand-window,,
jemena-2025-26-dnsp-dedicated-circuit:any:all,jemena-2025-26-dnsp-dedicated-circuit,,
jemena-2025-26-dnsp-lb-annual-demand-window:any:all,jemena-2025-26-dnsp-lb-annual-demand-window,,
jemena-2025-26-dnsp-lb-tou:any:all,jemena-2025-26-dnsp-lb-tou,,
jemena-2025-26-dnsp-res-demand-window:any:all,jemena-2025-26-dnsp-res-demand-window,,
jemena-2025-26-dnsp-res-tou:any:all,jemena-2025-26-dnsp-res-tou,,
jemena-2025-26-dnsp-sb-demand-window:any:all,jemena-2025-26-dnsp-sb-demand-window,,
jemena-2025-26-dnsp-sdic-window:summer:12-3,jemena-2025-26-dnsp-sdic-window,summer,December to March
jemena-2025-26-dnsp-tou-7-23-every-day:any:all,jemena-2025-26-dnsp-tou-7-23-every-day,,
jemena-2025-26-dnsp-tou-7-23-weekdays:any:all,jemena-2025-26-dnsp-tou-7-23-weekdays,,
jemena-2025-26-dnsp-tou-9-21-weekdays:any:all,jemena-2025-26-dnsp-tou-9-21-weekdays,,
jemena-2026-27-dnsp-anytime-demand-window:any:all,jemena-2026-27-dnsp-anytime-demand-window,,
jemena-2026-27-dnsp-daytime-saver:any:all,jemena-2026-27-dnsp-daytime-saver,,
jemena-2026-27-dnsp-dedicated-circuit:any:all,jemena-2026-27-dnsp-dedicated-circuit,,
jemena-2026-27-dnsp-export:any:all,jemena-2026-27-dnsp-export,,
jemena-2026-27-dnsp-lb-annual-demand-window:any:all,jemena-2026-27-dnsp-lb-annual-demand-window,,
jemena-2026-27-dnsp-lb-tou:any:all,jemena-2026-27-dnsp-lb-tou,,
jemena-2026-27-dnsp-sdic-window:summer:12-3,jemena-2026-27-dnsp-sdic-window,summer,December to March
jemena-2026-27-dnsp-storage-tou:any:all,jemena-2026-27-dnsp-storage-tou,,
jemena-2026-27-dnsp-tou-7-23-every-day:any:all,jemena-2026-27-dnsp-tou-7-23-every-day,,
jemena-2026-27-dnsp-tou-7-23-weekdays:any:all,jemena-2026-27-dnsp-tou-7-23-weekdays,,
jemena-2026-27-dnsp-tou-9-21-weekdays:any:all,jemena-2026-27-dnsp-tou-9-21-weekdays,,
powercor-2017-pdf-bus-flexible:non_summer:3-11,powercor-2017-pdf-bus-flexible,non_summer,non-summer
powercor-2017-pdf-bus-flexible:summer:12-2,powercor-2017-pdf-bus-flexible,summer,summer
powercor-2017-pdf-climate-saver:any:11-3,powercor-2017-pdf-climate-saver,,
powercor-2017-pdf-climate-saver:any:4-10,powercor-2017-pdf-climate-saver,,
powercor-2017-pdf-dedicated:any:all,powercor-2017-pdf-dedicated,,
powercor-2017-pdf-large:any:all,powercor-2017-pdf-large,,
powercor-2017-pdf-ndd-demand:non_summer:4-11,powercor-2017-pdf-ndd-demand,non_summer,non-summer
powercor-2017-pdf-ndd-demand:summer:12-3,powercor-2017-pdf-ndd-demand,summer,summer
powercor-2017-pdf-ndm-energy:any:all,powercor-2017-pdf-ndm-energy,,
powercor-2017-pdf-pl2:any:all,powercor-2017-pdf-pl2,,
powercor-2017-pdf-res-demand:non_summer:4-11,powercor-2017-pdf-res-demand,non_summer,non-summer
powercor-2017-pdf-res-demand:summer:12-3,powercor-2017-pdf-res-demand,summer,summer
powercor-2017-pdf-res-flexible:non_summer:3-11,powercor-2017-pdf-res-flexible,non_summer,non-summer
powercor-2017-pdf-res-flexible:summer:12-2,powercor-2017-pdf-res-flexible,summer,summer
powercor-2017-pdf-two-rate-5d:any:all,powercor-2017-pdf-two-rate-5d,,
powercor-2017-pdf-two-rate-7d:any:all,powercor-2017-pdf-two-rate-7d,,
powercor-2018-pdf-bus-flexible:non_summer:3-11,powercor-2018-pdf-bus-flexible,non_summer,non-summer
powercor-2018-pdf-bus-flexible:summer:12-2,powercor-2018-pdf-bus-flexible,summer,summer
powercor-2018-pdf-climate-saver:any:11-3,powercor-2018-pdf-climate-saver,,
powercor-2018-pdf-climate-saver:any:4-10,powercor-2018-pdf-climate-saver,,
powercor-2018-pdf-dedicated:any:all,powercor-2018-pdf-dedicated,,
powercor-2018-pdf-large:any:all,powercor-2018-pdf-large,,
powercor-2018-pdf-ndd-demand:non_summer:4-11,powercor-2018-pdf-ndd-demand,non_summer,non-summer
powercor-2018-pdf-ndd-demand:summer:12-3,powercor-2018-pdf-ndd-demand,summer,summer
powercor-2018-pdf-ndm-demand:non_summer:4-11,powercor-2018-pdf-ndm-demand,non_summer,non-summer
powercor-2018-pdf-ndm-demand:summer:12-3,powercor-2018-pdf-ndm-demand,summer,summer
powercor-2018-pdf-ndm-energy:any:all,powercor-2018-pdf-ndm-energy,,
powercor-2018-pdf-pl2:any:all,powercor-2018-pdf-pl2,,
powercor-2018-pdf-res-demand:non_summer:4-11,powercor-2018-pdf-res-demand,non_summer,non-summer
powercor-2018-pdf-res-demand:summer:12-3,powercor-2018-pdf-res-demand,summer,summer
powercor-2018-pdf-res-flexible:non_summer:3-11,powercor-2018-pdf-res-flexible,non_summer,non-summer
powercor-2018-pdf-res-flexible:summer:12-2,powercor-2018-pdf-res-flexible,summer,summer
powercor-2018-pdf-two-rate-5d:any:all,powercor-2018-pdf-two-rate-5d,,
powercor-2018-pdf-two-rate-7d:any:all,powercor-2018-pdf-two-rate-7d,,
powercor-2019-pdf-bus-flexible:non_summer:3-11,powercor-2019-pdf-bus-flexible,non_summer,non-summer
powercor-2019-pdf-bus-flexible:summer:12-2,powercor-2019-pdf-bus-flexible,summer,summer
powercor-2019-pdf-climate-saver:non_summer:4-10,powercor-2019-pdf-climate-saver,non_summer,non-summer
powercor-2019-pdf-climate-saver:summer:11-3,powercor-2019-pdf-climate-saver,summer,summer
powercor-2019-pdf-dedicated:any:all,powercor-2019-pdf-dedicated,,
powercor-2019-pdf-large:any:all,powercor-2019-pdf-large,,
powercor-2019-pdf-ndd-demand:non_summer:4-11,powercor-2019-pdf-ndd-demand,non_summer,non-summer
powercor-2019-pdf-ndd-demand:summer:12-3,powercor-2019-pdf-ndd-demand,summer,summer
powercor-2019-pdf-ndm-demand:non_summer:4-11,powercor-2019-pdf-ndm-demand,non_summer,non-summer
powercor-2019-pdf-ndm-demand:summer:12-3,powercor-2019-pdf-ndm-demand,summer,summer
powercor-2019-pdf-ndm-energy:any:all,powercor-2019-pdf-ndm-energy,,
powercor-2019-pdf-pl2:any:all,powercor-2019-pdf-pl2,,
powercor-2019-pdf-res-demand:non_summer:4-11,powercor-2019-pdf-res-demand,non_summer,non-summer
powercor-2019-pdf-res-demand:summer:12-3,powercor-2019-pdf-res-demand,summer,summer
powercor-2019-pdf-res-flexible:non_summer:3-11,powercor-2019-pdf-res-flexible,non_summer,non-summer
powercor-2019-pdf-res-flexible:summer:12-2,powercor-2019-pdf-res-flexible,summer,summer
powercor-2019-pdf-two-rate-5d:any:all,powercor-2019-pdf-two-rate-5d,,
powercor-2019-pdf-two-rate-7d:any:all,powercor-2019-pdf-two-rate-7d,,
powercor-2019-pdf-two-rate-res:any:all,powercor-2019-pdf-two-rate-res,,
powercor-2020-pdf-bus-flexible:non_summer:3-11,powercor-2020-pdf-bus-flexible,non_summer,non-summer
powercor-2020-pdf-bus-flexible:summer:12-2,powercor-2020-pdf-bus-flexible,summer,summer
powercor-2020-pdf-climate-saver:non_summer:4-10,powercor-2020-pdf-climate-saver,non_summer,non-summer
powercor-2020-pdf-climate-saver:summer:11-3,powercor-2020-pdf-climate-saver,summer,summer
powercor-2020-pdf-dedicated:any:all,powercor-2020-pdf-dedicated,,
powercor-2020-pdf-large:any:all,powercor-2020-pdf-large,,
powercor-2020-pdf-ndd-demand:non_summer:4-11,powercor-2020-pdf-ndd-demand,non_summer,non-summer
powercor-2020-pdf-ndd-demand:summer:12-3,powercor-2020-pdf-ndd-demand,summer,summer
powercor-2020-pdf-ndm-demand:non_summer:4-11,powercor-2020-pdf-ndm-demand,non_summer,non-summer
powercor-2020-pdf-ndm-demand:summer:12-3,powercor-2020-pdf-ndm-demand,summer,summer
powercor-2020-pdf-ndm-energy:any:all,powercor-2020-pdf-ndm-energy,,
powercor-2020-pdf-pl2:any:all,powercor-2020-pdf-pl2,,
powercor-2020-pdf-res-demand:non_summer:4-11,powercor-2020-pdf-res-demand,non_summer,non-summer
powercor-2020-pdf-res-demand:summer:12-3,powercor-2020-pdf-res-demand,summer,summer
powercor-2020-pdf-res-flexible:non_summer:3-11,powercor-2020-pdf-res-flexible,non_summer,non-summer
powercor-2020-pdf-res-flexible:summer:12-2,powercor-2020-pdf-res-flexible,summer,summer
powercor-2020-pdf-two-rate-5d:any:all,powercor-2020-pdf-two-rate-5d,,
powercor-2020-pdf-two-rate-7d:any:all,powercor-2020-pdf-two-rate-7d,,
powercor-2020-pdf-two-rate-res:any:all,powercor-2020-pdf-two-rate-res,,
powercor-2021-22-pdf-dd-demand:non_summer:4-11,powercor-2021-22-pdf-dd-demand,non_summer,non-summer
powercor-2021-22-pdf-dd-demand:summer:12-3,powercor-2021-22-pdf-dd-demand,summer,summer
powercor-2021-22-pdf-large-energy:any:all,powercor-2021-22-pdf-large-energy,,
powercor-2021-22-pdf-large-incentive-1:summer:12-3,powercor-2021-22-pdf-large-incentive-1,summer,summer
powercor-2021-22-pdf-large-incentive-2:summer:12-3,powercor-2021-22-pdf-large-incentive-2,summer,summer
powercor-2021-22-pdf-large-rolling:any:all,powercor-2021-22-pdf-large-rolling,,
powercor-2021-22-pdf-ndd-ndm-demand:non_summer:4-11,powercor-2021-22-pdf-ndd-ndm-demand,non_summer,non-summer
powercor-2021-22-pdf-ndd-ndm-demand:summer:12-3,powercor-2021-22-pdf-ndd-ndm-demand,summer,summer
powercor-2021-22-pdf-ndmo21-tou:any:all,powercor-2021-22-pdf-ndmo21-tou,,
powercor-2021-22-pdf-pl2-tou:any:all,powercor-2021-22-pdf-pl2-tou,,
powercor-2021-22-pdf-prtou:any:all,powercor-2021-22-pdf-prtou,,
powercor-2021-22-pdf-sb-tou:any:all,powercor-2021-22-pdf-sb-tou,,
powercor-2021-22-tss-ddnew-demand:non_summer:4-11,powercor-2021-22-tss-ddnew-demand,non_summer,non-summer
powercor-2021-22-tss-ddnew-demand:summer:12-3,powercor-2021-22-tss-ddnew-demand,summer,summer
powercor-2021-H1-pdf-bus-flexible:non_summer:3-11,powercor-2021-H1-pdf-bus-flexible,non_summer,non-summer
powercor-2021-H1-pdf-bus-flexible:summer:12-2,powercor-2021-H1-pdf-bus-flexible,summer,summer
powercor-2021-H1-pdf-climate-saver:non_summer:4-10,powercor-2021-H1-pdf-climate-saver,non_summer,non-summer
powercor-2021-H1-pdf-climate-saver:summer:11-3,powercor-2021-H1-pdf-climate-saver,summer,summer
powercor-2021-H1-pdf-dedicated:any:all,powercor-2021-H1-pdf-dedicated,,
powercor-2021-H1-pdf-large:any:all,powercor-2021-H1-pdf-large,,
powercor-2021-H1-pdf-ndd-demand:non_summer:4-11,powercor-2021-H1-pdf-ndd-demand,non_summer,non-summer
powercor-2021-H1-pdf-ndd-demand:summer:12-3,powercor-2021-H1-pdf-ndd-demand,summer,summer
powercor-2021-H1-pdf-ndm-demand:non_summer:4-11,powercor-2021-H1-pdf-ndm-demand,non_summer,non-summer
powercor-2021-H1-pdf-ndm-demand:summer:12-3,powercor-2021-H1-pdf-ndm-demand,summer,summer
powercor-2021-H1-pdf-ndm-energy:any:all,powercor-2021-H1-pdf-ndm-energy,,
powercor-2021-H1-pdf-pl2:any:all,powercor-2021-H1-pdf-pl2,,
powercor-2021-H1-pdf-res-demand:non_summer:4-11,powercor-2021-H1-pdf-res-demand,non_summer,non-summer
powercor-2021-H1-pdf-res-demand:summer:12-3,powercor-2021-H1-pdf-res-demand,summer,summer
powercor-2021-H1-pdf-res-flexible:non_summer:3-11,powercor-2021-H1-pdf-res-flexible,non_summer,non-summer
powercor-2021-H1-pdf-res-flexible:summer:12-2,powercor-2021-H1-pdf-res-flexible,summer,summer
powercor-2021-H1-pdf-two-rate-5d:any:all,powercor-2021-H1-pdf-two-rate-5d,,
powercor-2021-H1-pdf-two-rate-7d:any:all,powercor-2021-H1-pdf-two-rate-7d,,
powercor-2021-H1-pdf-two-rate-res:any:all,powercor-2021-H1-pdf-two-rate-res,,
powercor-2022-23-pdf-dd-demand:non_summer:4-11,powercor-2022-23-pdf-dd-demand,non_summer,non-summer
powercor-2022-23-pdf-dd-demand:summer:12-3,powercor-2022-23-pdf-dd-demand,summer,summer
powercor-2022-23-pdf-large-energy:any:all,powercor-2022-23-pdf-large-energy,,
powercor-2022-23-pdf-large-incentive-1:summer:12-3,powercor-2022-23-pdf-large-incentive-1,summer,summer
powercor-2022-23-pdf-large-incentive-2:summer:12-3,powercor-2022-23-pdf-large-incentive-2,summer,summer
powercor-2022-23-pdf-large-rolling:any:all,powercor-2022-23-pdf-large-rolling,,
powercor-2022-23-pdf-ndd-ndm-demand:non_summer:4-11,powercor-2022-23-pdf-ndd-ndm-demand,non_summer,non-summer
powercor-2022-23-pdf-ndd-ndm-demand:summer:12-3,powercor-2022-23-pdf-ndd-ndm-demand,summer,summer
powercor-2022-23-pdf-ndmo21-tou:any:all,powercor-2022-23-pdf-ndmo21-tou,,
powercor-2022-23-pdf-pl2-tou:any:all,powercor-2022-23-pdf-pl2-tou,,
powercor-2022-23-pdf-prtou:any:all,powercor-2022-23-pdf-prtou,,
powercor-2022-23-pdf-sb-tou:any:all,powercor-2022-23-pdf-sb-tou,,
powercor-2425-pdf-dd-demand:non_summer:4-11,powercor-2425-pdf-dd-demand,non_summer,non-summer
powercor-2425-pdf-dd-demand:summer:12-3,powercor-2425-pdf-dd-demand,summer,summer
powercor-2425-pdf-gt-demand-a:any:all,powercor-2425-pdf-gt-demand-a,,
powercor-2425-pdf-gt-demand-b:any:all,powercor-2425-pdf-gt-demand-b,,
powercor-2425-pdf-large-energy:any:all,powercor-2425-pdf-large-energy,,
powercor-2425-pdf-large-incentive-1:summer:12-3,powercor-2425-pdf-large-incentive-1,summer,summer
powercor-2425-pdf-large-incentive-2:summer:12-3,powercor-2425-pdf-large-incentive-2,summer,summer
powercor-2425-pdf-large-rolling:any:all,powercor-2425-pdf-large-rolling,,
powercor-2425-pdf-ndd-ndm-demand:non_summer:4-11,powercor-2425-pdf-ndd-ndm-demand,non_summer,non-summer
powercor-2425-pdf-ndd-ndm-demand:summer:12-3,powercor-2425-pdf-ndd-ndm-demand,summer,summer
powercor-2425-pdf-ndm-energy-bill:any:all,powercor-2425-pdf-ndm-energy-bill,,
powercor-2425-pdf-ndmo21-tou:any:all,powercor-2425-pdf-ndmo21-tou,,
powercor-2425-pdf-pl2-tou:any:all,powercor-2425-pdf-pl2-tou,,
powercor-2425-pdf-prds:any:all,powercor-2425-pdf-prds,,
powercor-2425-pdf-prtou:any:all,powercor-2425-pdf-prtou,,
powercor-2425-pdf-sb-tou:any:all,powercor-2425-pdf-sb-tou,,
powercor-2425-pdf-slab-heating:any:all,powercor-2425-pdf-slab-heating,,
powercor-2526-pdf-dd-demand:non_summer:4-11,powercor-2526-pdf-dd-demand,non_summer,non-summer
powercor-2526-pdf-dd-demand:summer:12-3,powercor-2526-pdf-dd-demand,summer,summer
powercor-2526-pdf-large-energy:any:all,powercor-2526-pdf-large-energy,,
powercor-2526-pdf-large-incentive-1:summer:12-3,powercor-2526-pdf-large-incentive-1,summer,summer
powercor-2526-pdf-large-incentive-2:summer:12-3,powercor-2526-pdf-large-incentive-2,summer,summer
powercor-2526-pdf-large-rolling:any:all,powercor-2526-pdf-large-rolling,,
powercor-2526-pdf-ndd-ndm-demand:non_summer:4-11,powercor-2526-pdf-ndd-ndm-demand,non_summer,non-summer
powercor-2526-pdf-ndd-ndm-demand:summer:12-3,powercor-2526-pdf-ndd-ndm-demand,summer,summer
powercor-2526-pdf-ndm-energy-bill:any:all,powercor-2526-pdf-ndm-energy-bill,,
powercor-2526-pdf-ndmo21-tou:any:all,powercor-2526-pdf-ndmo21-tou,,
powercor-2526-pdf-pl2-tou:any:all,powercor-2526-pdf-pl2-tou,,
powercor-2526-pdf-prtou:any:all,powercor-2526-pdf-prtou,,
powercor-2526-pdf-sb-tou:any:all,powercor-2526-pdf-sb-tou,,
powercor-2526-pdf-slab-heating:any:all,powercor-2526-pdf-slab-heating,,
powercor-2526-xlsx-gt-demand-a:any:all,powercor-2526-xlsx-gt-demand-a,,
powercor-2526-xlsx-gt-demand-b:any:all,powercor-2526-xlsx-gt-demand-b,,
powercor-2526-xlsx-prds:any:all,powercor-2526-xlsx-prds,,
powercor-2627-pdf-large-energy:any:all,powercor-2627-pdf-large-energy,,
powercor-2627-pdf-large-incentive-1:summer:12-3,powercor-2627-pdf-large-incentive-1,summer,summer
powercor-2627-pdf-large-incentive-2:summer:12-3,powercor-2627-pdf-large-incentive-2,summer,summer
powercor-2627-pdf-large-incentive-3:winter:5-8,powercor-2627-pdf-large-incentive-3,winter,winter
powercor-2627-pdf-large-rolling:any:all,powercor-2627-pdf-large-rolling,,
powercor-2627-pdf-ndd-ndm-demand:non_summer:4-11,powercor-2627-pdf-ndd-ndm-demand,non_summer,non-summer
powercor-2627-pdf-ndd-ndm-demand:summer:12-3,powercor-2627-pdf-ndd-ndm-demand,summer,summer
powercor-2627-pdf-ndm-energy-bill:any:all,powercor-2627-pdf-ndm-energy-bill,,
powercor-2627-pdf-ndmo-tou:any:all,powercor-2627-pdf-ndmo-tou,,
powercor-2627-pdf-pfl:any:3-5.9-11,powercor-2627-pdf-pfl,,
powercor-2627-pdf-pfl:any:6-8.12-2,powercor-2627-pdf-pfl,,
powercor-2627-pdf-pfs-bel:any:9-5,powercor-2627-pdf-pfs-bel,,
powercor-2627-pdf-pfs-export-credit:any:6-8.12-2,powercor-2627-pdf-pfs-export-credit,,
powercor-2627-pdf-pfs-import:any:3-5.9-11,powercor-2627-pdf-pfs-import,,
powercor-2627-pdf-pfs-import:any:6-8.12-2,powercor-2627-pdf-pfs-import,,
powercor-2627-pdf-pl2-tou:any:all,powercor-2627-pdf-pl2-tou,,
powercor-2627-pdf-prcer-bel:any:9-5,powercor-2627-pdf-prcer-bel,,
powercor-2627-pdf-prcer-export-credit:any:6-8.12-2,powercor-2627-pdf-prcer-export-credit,,
powercor-2627-pdf-prcer-import:any:3-5.9-11,powercor-2627-pdf-prcer-import,,
powercor-2627-pdf-prcer-import:any:6-8.12-2,powercor-2627-pdf-prcer-import,,
powercor-2627-pdf-prcer-import:any:all,powercor-2627-pdf-prcer-import,,
powercor-2627-pdf-prstou:any:all,powercor-2627-pdf-prstou,,
powercor-2627-pdf-sb-tou:any:all,powercor-2627-pdf-sb-tou,,
powercor-2627-pdf-slab-heating:any:all,powercor-2627-pdf-slab-heating,,
pwc-1617-a-tou:any:all,pwc-1617-a-tou,,
pwc-1617-b-tou:any:all,pwc-1617-b-tou,,
pwc-1718-a-tou:any:all,pwc-1718-a-tou,,
pwc-1718-b-tou:any:all,pwc-1718-b-tou,,
pwc-1819-a-tou:any:all,pwc-1819-a-tou,,
pwc-1819-b-tou:any:all,pwc-1819-b-tou,,
pwc-1920-np-annual-demand:any:all,pwc-1920-np-annual-demand,,full year
pwc-1920-np-t3-demand:any:10-3,pwc-1920-np-t3-demand,,1 October – 31 March
pwc-2021-np-annual-demand:any:all,pwc-2021-np-annual-demand,,full year
pwc-2021-np-t3-demand:any:10-3,pwc-2021-np-t3-demand,,1 October – 31 March
pwc-2122-np-annual-demand:any:all,pwc-2122-np-annual-demand,,full year
pwc-2122-np-t3-demand:any:10-3,pwc-2122-np-t3-demand,,1 October – 31 March
pwc-2223-np-annual-demand:any:all,pwc-2223-np-annual-demand,,full year
pwc-2223-np-t3-demand:any:10-3,pwc-2223-np-t3-demand,,1 October – 31 March
pwc-2324-np-annual-demand:any:all,pwc-2324-np-annual-demand,,full year
pwc-2324-np-t3-demand:any:10-3,pwc-2324-np-t3-demand,,1 October – 31 March
pwc-2324-sc-annual-demand:any:all,pwc-2324-sc-annual-demand,,annual
pwc-2324-sc-t3-demand:any:10-3,pwc-2324-sc-t3-demand,,1 October – 31 March
pwc-2425-np-anytime-energy:any:all,pwc-2425-np-anytime-energy,,
pwc-2425-np-seasonal-demand:high:10-3,pwc-2425-np-seasonal-demand,high,On Season
pwc-2425-np-seasonal-demand:low:4-9,pwc-2425-np-seasonal-demand,low,Off Season
pwc-2425-np-tou-energy:any:10-3,pwc-2425-np-tou-energy,,1 October – 31 March
pwc-2425-np-tou-energy:any:4-9,pwc-2425-np-tou-energy,,1 April – 30 September
pwc-2425-sc-anytime-energy:any:all,pwc-2425-sc-anytime-energy,,
pwc-2425-sc-seasonal-demand:high:10-3,pwc-2425-sc-seasonal-demand,high,On Season
pwc-2425-sc-seasonal-demand:low:4-9,pwc-2425-sc-seasonal-demand,low,Off Season
pwc-2425-sc-tou-energy:any:10-3,pwc-2425-sc-tou-energy,,1 October – 31 March
pwc-2425-sc-tou-energy:any:4-9,pwc-2425-sc-tou-energy,,1 April – 30 September
pwc-2526-np-anytime-energy:any:all,pwc-2526-np-anytime-energy,,
pwc-2526-np-seasonal-demand:high:10-3,pwc-2526-np-seasonal-demand,high,On Season
pwc-2526-np-seasonal-demand:low:4-9,pwc-2526-np-seasonal-demand,low,Off Season
pwc-2526-np-tou-energy:any:10-3,pwc-2526-np-tou-energy,,1 October – 31 March
pwc-2526-np-tou-energy:any:4-9,pwc-2526-np-tou-energy,,1 April – 30 September
pwc-2526-sc-anytime-energy:any:all,pwc-2526-sc-anytime-energy,,
pwc-2526-sc-seasonal-demand:high:10-3,pwc-2526-sc-seasonal-demand,high,On Season
pwc-2526-sc-seasonal-demand:low:4-9,pwc-2526-sc-seasonal-demand,low,Off Season
pwc-2526-sc-tou-energy:any:10-3,pwc-2526-sc-tou-energy,,1 October – 31 March
pwc-2526-sc-tou-energy:any:4-9,pwc-2526-sc-tou-energy,,1 April – 30 September
pwc-2627-np-anytime-energy:any:all,pwc-2627-np-anytime-energy,,
pwc-2627-np-seasonal-demand:high:10-3,pwc-2627-np-seasonal-demand,high,On Season
pwc-2627-np-seasonal-demand:low:4-9,pwc-2627-np-seasonal-demand,low,Off Season
pwc-2627-np-tou-energy:any:10-3,pwc-2627-np-tou-energy,,1 October – 31 March
pwc-2627-np-tou-energy:any:4-9,pwc-2627-np-tou-energy,,1 April – 30 September
sapn-1617-actual-demand:any:all,sapn-1617-actual-demand,,Year-round
sapn-1617-actual-demand:summer:11-3,sapn-1617-actual-demand,summer,November to March
sapn-1617-mrd-demand:summer:11-3,sapn-1617-mrd-demand,summer,November to March
sapn-1617-mrd-demand:winter:4-10,sapn-1617-mrd-demand,winter,April to October
sapn-1617-two-rate-energy:any:all,sapn-1617-two-rate-energy,,
sapn-1718-actual-demand:any:all,sapn-1718-actual-demand,,12 months
sapn-1718-actual-demand:summer:11-3,sapn-1718-actual-demand,summer,Nov-March
sapn-1718-mrd-demand:summer:11-3,sapn-1718-mrd-demand,summer,November to March
sapn-1718-mrd-demand:winter:4-10,sapn-1718-mrd-demand,winter,April to October
sapn-1718-two-rate-energy:any:all,sapn-1718-two-rate-energy,,
sapn-1819-actual-demand:any:all,sapn-1819-actual-demand,,12 months
sapn-1819-actual-demand:summer:11-3,sapn-1819-actual-demand,summer,Nov-March
sapn-1819-mrd-demand:summer:11-3,sapn-1819-mrd-demand,summer,November to March
sapn-1819-mrd-demand:winter:4-10,sapn-1819-mrd-demand,winter,April to October
sapn-1819-two-rate-energy:any:all,sapn-1819-two-rate-energy,,
sapn-1920-actual-demand:any:all,sapn-1920-actual-demand,,12 months
sapn-1920-actual-demand:summer:11-3,sapn-1920-actual-demand,summer,Nov-March
sapn-1920-mrd-demand:summer:11-3,sapn-1920-mrd-demand,summer,November to March
sapn-1920-mrd-demand:winter:4-10,sapn-1920-mrd-demand,winter,April to October
sapn-1920-two-rate-energy:any:all,sapn-1920-two-rate-energy,,
sapn-2021-res-tou-energy:any:all,sapn-2021-res-tou-energy,,
sapn-2021-rpro-demand:any:11-3,sapn-2021-rpro-demand,,November to March
sapn-2021-sbd-demand:any:all,sapn-2021-sbd-demand,,12 months
sapn-2021-sbd-demand:summer:11-3,sapn-2021-sbd-demand,summer,Nov-March
sapn-2122-res-tou-energy:any:all,sapn-2122-res-tou-energy,,
sapn-2122-rpro-demand:any:11-3,sapn-2122-rpro-demand,,November to March
sapn-2122-sbd-demand:any:all,sapn-2122-sbd-demand,,12 months
sapn-2122-sbd-demand:summer:11-3,sapn-2122-sbd-demand,summer,Nov-March
sapn-2223-cbd-peak-demand:any:11-3,sapn-2223-cbd-peak-demand,,November – March
sapn-2223-cl-tou:any:all,sapn-2223-cl-tou,,
sapn-2223-electrify-energy:any:all,sapn-2223-electrify-energy,,
sapn-2223-large-energy:any:all,sapn-2223-large-energy,,
sapn-2223-noncbd-peak-demand:any:11-3,sapn-2223-noncbd-peak-demand,,November – March
sapn-2223-res-tou-energy:any:all,sapn-2223-res-tou-energy,,
sapn-2223-rpro-demand:any:11-3,sapn-2223-rpro-demand,,November – March
sapn-2223-sbtou-energy:any:11-3,sapn-2223-sbtou-energy,,November – March
sapn-2223-sbtou-energy:any:4-10,sapn-2223-sbtou-energy,,April – October
sapn-2223-transition-demand:any:all,sapn-2223-transition-demand,,12 months
sapn-2223-transition-demand:summer:11-3,sapn-2223-transition-demand,summer,November – March
sapn-2324-app-b2r:any:all,sapn-2324-app-b2r,,
sapn-2324-app-b2rt:any:all,sapn-2324-app-b2rt,,
sapn-2324-app-cbd-peak-demand:any:11-3,sapn-2324-app-cbd-peak-demand,,November – March
sapn-2324-app-cl-tou:any:all,sapn-2324-app-cl-tou,,
sapn-2324-app-electrify-energy:any:all,sapn-2324-app-electrify-energy,,
sapn-2324-app-large-energy:any:all,sapn-2324-app-large-energy,,
sapn-2324-app-noncbd-peak-demand:any:11-3,sapn-2324-app-noncbd-peak-demand,,November – March
sapn-2324-app-opcl-supply:any:all,sapn-2324-app-opcl-supply,,
sapn-2324-app-rele2w-export:any:11-3,sapn-2324-app-rele2w-export,,
sapn-2324-app-rele2w-export:any:all,sapn-2324-app-rele2w-export,,
sapn-2324-app-res-tou-energy:any:all,sapn-2324-app-res-tou-energy,,
sapn-2324-app-rpro-demand:any:11-3,sapn-2324-app-rpro-demand,,
sapn-2324-app-sbtou-energy:any:11-3,sapn-2324-app-sbtou-energy,,November – March
sapn-2324-app-sbtou-energy:any:4-10,sapn-2324-app-sbtou-energy,,April – October
sapn-2324-app-sbtoue-energy:any:all,sapn-2324-app-sbtoue-energy,,
sapn-2324-app-transition-demand:any:all,sapn-2324-app-transition-demand,,12 months
sapn-2324-app-transition-demand:summer:11-3,sapn-2324-app-transition-demand,summer,November – March
sapn-2425-app-b2r:any:all,sapn-2425-app-b2r,,
sapn-2425-app-b2rt:any:all,sapn-2425-app-b2rt,,
sapn-2425-app-cbd-peak-demand:any:11-3,sapn-2425-app-cbd-peak-demand,,November – March
sapn-2425-app-cl-tou:any:all,sapn-2425-app-cl-tou,,
sapn-2425-app-electrify-energy:any:all,sapn-2425-app-electrify-energy,,
sapn-2425-app-large-energy:any:all,sapn-2425-app-large-energy,,
sapn-2425-app-noncbd-peak-demand:any:11-3,sapn-2425-app-noncbd-peak-demand,,November – March
sapn-2425-app-opcl-supply:any:all,sapn-2425-app-opcl-supply,,
sapn-2425-app-rele2w-export:any:11-3,sapn-2425-app-rele2w-export,,
sapn-2425-app-rele2w-export:any:all,sapn-2425-app-rele2w-export,,
sapn-2425-app-res-tou-energy:any:all,sapn-2425-app-res-tou-energy,,
sapn-2425-app-rpro-demand:any:11-3,sapn-2425-app-rpro-demand,,
sapn-2425-app-sbtou-energy:any:11-3,sapn-2425-app-sbtou-energy,,November – March
sapn-2425-app-sbtou-energy:any:4-10,sapn-2425-app-sbtou-energy,,April – October
sapn-2425-app-sbtoue-energy:any:all,sapn-2425-app-sbtoue-energy,,
sapn-2425-app-transition-demand:any:all,sapn-2425-app-transition-demand,,12 months
sapn-2425-app-transition-demand:summer:11-3,sapn-2425-app-transition-demand,summer,November – March
sapn-2526-aer-b2r:any:all,sapn-2526-aer-b2r,,
sapn-2526-aer-cbd-peak-demand:any:11-3,sapn-2526-aer-cbd-peak-demand,,November – March
sapn-2526-aer-cl-tou:any:all,sapn-2526-aer-cl-tou,,
sapn-2526-aer-large-energy:any:all,sapn-2526-aer-large-energy,,
sapn-2526-aer-noncbd-peak-demand:any:11-3,sapn-2526-aer-noncbd-peak-demand,,November – March
sapn-2526-aer-opcl-supply:any:all,sapn-2526-aer-opcl-supply,,
sapn-2526-aer-res-tou-energy:any:all,sapn-2526-aer-res-tou-energy,,
sapn-2526-aer-resele-energy:any:all,sapn-2526-aer-resele-energy,,
sapn-2526-aer-resele-export:any:11-3,sapn-2526-aer-resele-export,,November – March
sapn-2526-aer-resele-export:any:all,sapn-2526-aer-resele-export,,
sapn-2526-aer-rtou-export:any:all,sapn-2526-aer-rtou-export,,
sapn-2526-aer-sb-export:any:all,sapn-2526-aer-sb-export,,
sapn-2526-aer-sbele-energy:any:all,sapn-2526-aer-sbele-energy,,
sapn-2526-aer-sbele-export:any:11-3,sapn-2526-aer-sbele-export,,November – March
sapn-2526-aer-sbele-export:any:all,sapn-2526-aer-sbele-export,,
sapn-2526-aer-sbtou-energy:any:11-3,sapn-2526-aer-sbtou-energy,,November – March
sapn-2526-aer-sbtou-energy:any:4-10,sapn-2526-aer-sbtou-energy,,April – October
sapn-2526-dnsp-b2r:any:all,sapn-2526-dnsp-b2r,,
sapn-2526-dnsp-cbd-peak-demand:any:11-3,sapn-2526-dnsp-cbd-peak-demand,,November – March
sapn-2526-dnsp-cl-tou:any:all,sapn-2526-dnsp-cl-tou,,
sapn-2526-dnsp-large-energy:any:all,sapn-2526-dnsp-large-energy,,
sapn-2526-dnsp-noncbd-peak-demand:any:11-3,sapn-2526-dnsp-noncbd-peak-demand,,November – March
sapn-2526-dnsp-opcl-supply:any:all,sapn-2526-dnsp-opcl-supply,,
sapn-2526-dnsp-res-tou-energy:any:all,sapn-2526-dnsp-res-tou-energy,,
sapn-2526-dnsp-resele-energy:any:all,sapn-2526-dnsp-resele-energy,,
sapn-2526-dnsp-resele-export:any:11-3,sapn-2526-dnsp-resele-export,,November – March
sapn-2526-dnsp-resele-export:any:all,sapn-2526-dnsp-resele-export,,
sapn-2526-dnsp-rtou-export:any:all,sapn-2526-dnsp-rtou-export,,
sapn-2526-dnsp-sb-export:any:all,sapn-2526-dnsp-sb-export,,
sapn-2526-dnsp-sbele-energy:any:all,sapn-2526-dnsp-sbele-energy,,
sapn-2526-dnsp-sbele-export:any:11-3,sapn-2526-dnsp-sbele-export,,November – March
sapn-2526-dnsp-sbele-export:any:all,sapn-2526-dnsp-sbele-export,,
sapn-2526-dnsp-sbtou-energy:any:11-3,sapn-2526-dnsp-sbtou-energy,,November – March
sapn-2526-dnsp-sbtou-energy:any:4-10,sapn-2526-dnsp-sbtou-energy,,April – October
sapn-2627-b2r:any:all,sapn-2627-b2r,,
sapn-2627-cbd-peak-demand:summer:11-3,sapn-2627-cbd-peak-demand,summer,November – March
sapn-2627-cl-tou:any:all,sapn-2627-cl-tou,,
sapn-2627-large-energy:any:all,sapn-2627-large-energy,,
sapn-2627-noncbd-peak-demand:summer:11-3,sapn-2627-noncbd-peak-demand,summer,November – March
sapn-2627-opcl-supply:any:all,sapn-2627-opcl-supply,,
sapn-2627-res-tou-energy:any:all,sapn-2627-res-tou-energy,,
sapn-2627-resele-energy:any:all,sapn-2627-resele-energy,,
sapn-2627-resele-export:any:11-3,sapn-2627-resele-export,,November – March
sapn-2627-resele-export:any:all,sapn-2627-resele-export,,
sapn-2627-rtou-export:any:all,sapn-2627-rtou-export,,
sapn-2627-sb-export:any:all,sapn-2627-sb-export,,
sapn-2627-sbele-energy:any:all,sapn-2627-sbele-energy,,
sapn-2627-sbele-export:any:11-3,sapn-2627-sbele-export,,November – March
sapn-2627-sbele-export:any:all,sapn-2627-sbele-export,,
sapn-2627-sbtou-energy:any:11-3,sapn-2627-sbtou-energy,,November – March
sapn-2627-sbtou-energy:any:4-10,sapn-2627-sbtou-energy,,April – October
tasnetworks-2016-17-guide-bus-tou:any:all,tasnetworks-2016-17-guide-bus-tou,,
tasnetworks-2016-17-guide-res-tou:any:all,tasnetworks-2016-17-guide-res-tou,,
tasnetworks-2016-17-guide-seas-tou:any:10-3,tasnetworks-2016-17-guide-seas-tou,,Summer (1 Oct – 31 Mar)
tasnetworks-2016-17-guide-seas-tou:any:4-9,tasnetworks-2016-17-guide-seas-tou,,Winter (1 Apr – 30 Sep)
tasnetworks-2017-18-guide-bus-tou:any:all,tasnetworks-2017-18-guide-bus-tou,,
tasnetworks-2017-18-guide-res-tou:any:all,tasnetworks-2017-18-guide-res-tou,,
tasnetworks-2017-18-guide-seas-tou:any:10-3,tasnetworks-2017-18-guide-seas-tou,,Summer (1 Oct – 31 Mar)
tasnetworks-2017-18-guide-seas-tou:any:4-9,tasnetworks-2017-18-guide-seas-tou,,Winter (1 Apr – 30 Sep)
tasnetworks-2018-19-guide-bus-tou:any:all,tasnetworks-2018-19-guide-bus-tou,,
tasnetworks-2018-19-guide-res-tou:any:all,tasnetworks-2018-19-guide-res-tou,,
tasnetworks-2018-19-guide-seas-tou:any:10-3,tasnetworks-2018-19-guide-seas-tou,,Summer (1 Oct – 31 Mar)
tasnetworks-2018-19-guide-seas-tou:any:4-9,tasnetworks-2018-19-guide-seas-tou,,Winter (1 Apr – 30 Sep)
tasnetworks-2019-20-guide-bus-tou:any:all,tasnetworks-2019-20-guide-bus-tou,,
tasnetworks-2019-20-guide-res-tou:any:all,tasnetworks-2019-20-guide-res-tou,,
tasnetworks-2019-20-guide-seas-tou:any:10-3,tasnetworks-2019-20-guide-seas-tou,,Summer (1 Oct – 31 Mar)
tasnetworks-2019-20-guide-seas-tou:any:4-9,tasnetworks-2019-20-guide-seas-tou,,Winter (1 Apr – 30 Sep)
tasnetworks-2020-21-guide-bus-tou:any:all,tasnetworks-2020-21-guide-bus-tou,,
tasnetworks-2020-21-guide-res-tou:any:all,tasnetworks-2020-21-guide-res-tou,,
tasnetworks-2020-21-guide-seas-tou:any:10-3,tasnetworks-2020-21-guide-seas-tou,,Summer (1 Oct – 31 Mar)
tasnetworks-2020-21-guide-seas-tou:any:4-9,tasnetworks-2020-21-guide-seas-tou,,Winter (1 Apr – 30 Sep)
tasnetworks-2021-22-guide-bus-tou:any:all,tasnetworks-2021-22-guide-bus-tou,,
tasnetworks-2021-22-guide-res-tou:any:all,tasnetworks-2021-22-guide-res-tou,,
tasnetworks-2021-22-guide-seas-tou:any:10-3,tasnetworks-2021-22-guide-seas-tou,,Summer (1 Oct – 31 Mar)
tasnetworks-2021-22-guide-seas-tou:any:4-9,tasnetworks-2021-22-guide-seas-tou,,Winter (1 Apr – 30 Sep)
tasnetworks-2022-23-guide-bus-tou:any:all,tasnetworks-2022-23-guide-bus-tou,,
tasnetworks-2022-23-guide-res-tou:any:all,tasnetworks-2022-23-guide-res-tou,,
tasnetworks-2022-23-guide-seas-tou:any:10-3,tasnetworks-2022-23-guide-seas-tou,,Summer (1 Oct – 31 Mar)
tasnetworks-2022-23-guide-seas-tou:any:4-9,tasnetworks-2022-23-guide-seas-tou,,Winter (1 Apr – 30 Sep)
tasnetworks-2023-24-guide-res-tou:any:all,tasnetworks-2023-24-guide-res-tou,,
tasnetworks-2023-24-guide-sb-tou:any:all,tasnetworks-2023-24-guide-sb-tou,,
tasnetworks-2023-24-guide-seasonal-tou:any:10-3,tasnetworks-2023-24-guide-seasonal-tou,,Summer (1 Oct – 31 Mar)
tasnetworks-2023-24-guide-seasonal-tou:any:4-9,tasnetworks-2023-24-guide-seasonal-tou,,Winter (1 Apr – 30 Sep)
tasnetworks-2023-24-guide-tas61-supply:any:all,tasnetworks-2023-24-guide-tas61-supply,,
tasnetworks-2023-24-guide-tas63-supply:any:all,tasnetworks-2023-24-guide-tas63-supply,,
tasnetworks-2024-25-guide-embedded-peak-demand:any:all,tasnetworks-2024-25-guide-embedded-peak-demand,,
tasnetworks-2024-25-guide-res-tou:any:all,tasnetworks-2024-25-guide-res-tou,,
tasnetworks-2024-25-guide-sb-tou:any:all,tasnetworks-2024-25-guide-sb-tou,,
tasnetworks-2024-25-guide-seasonal-tou:any:10-3,tasnetworks-2024-25-guide-seasonal-tou,,Summer (1 Oct to 31 Mar)
tasnetworks-2024-25-guide-seasonal-tou:any:4-9,tasnetworks-2024-25-guide-seasonal-tou,,Winter (1 Apr to 30 Sep)
tasnetworks-2024-25-guide-tas61-supply:any:all,tasnetworks-2024-25-guide-tas61-supply,,
tasnetworks-2024-25-guide-tas63-supply:any:all,tasnetworks-2024-25-guide-tas63-supply,,
tasnetworks-2024-25-guide-tas97-tou:any:all,tasnetworks-2024-25-guide-tas97-tou,,
tasnetworks-2025-26-guide-embedded-peak-demand:any:all,tasnetworks-2025-26-guide-embedded-peak-demand,,
tasnetworks-2025-26-guide-res-tou:any:all,tasnetworks-2025-26-guide-res-tou,,
tasnetworks-2025-26-guide-sb-tou:any:all,tasnetworks-2025-26-guide-sb-tou,,
tasnetworks-2025-26-guide-seasonal-tou:any:10-3,tasnetworks-2025-26-guide-seasonal-tou,,Summer (1 Oct to 31 Mar)
tasnetworks-2025-26-guide-seasonal-tou:any:4-9,tasnetworks-2025-26-guide-seasonal-tou,,Winter (1 Apr to 30 Sep)
tasnetworks-2025-26-guide-tas61-supply:any:all,tasnetworks-2025-26-guide-tas61-supply,,
tasnetworks-2025-26-guide-tas63-supply:any:all,tasnetworks-2025-26-guide-tas63-supply,,
tasnetworks-2025-26-guide-tas97-tou:any:all,tasnetworks-2025-26-guide-tas97-tou,,
tasnetworks-2026-27-guide-embedded-peak-demand:any:all,tasnetworks-2026-27-guide-embedded-peak-demand,,
tasnetworks-2026-27-guide-res-tou:any:all,tasnetworks-2026-27-guide-res-tou,,
tasnetworks-2026-27-guide-sb-tou:any:all,tasnetworks-2026-27-guide-sb-tou,,
tasnetworks-2026-27-guide-seasonal-tou:any:10-3,tasnetworks-2026-27-guide-seasonal-tou,,Summer (1 Oct to 31 Mar)
tasnetworks-2026-27-guide-seasonal-tou:any:4-9,tasnetworks-2026-27-guide-seasonal-tou,,Winter (1 Apr to 30 Sep)
tasnetworks-2026-27-guide-tas61-supply:any:all,tasnetworks-2026-27-guide-tas61-supply,,
tasnetworks-2026-27-guide-tas63-supply:any:all,tasnetworks-2026-27-guide-tas63-supply,,
tasnetworks-2026-27-guide-tas97-tou:any:all,tasnetworks-2026-27-guide-tas97-tou,,
ue-2017-pdf-kva-energy:non_summer:4-10,ue-2017-pdf-kva-energy,non_summer,non-summer
ue-2017-pdf-kva-energy:summer:11-3,ue-2017-pdf-kva-energy,summer,summer
ue-2017-pdf-kva-rolling:any:all,ue-2017-pdf-kva-rolling,,
ue-2017-pdf-kva-summer-incentive:summer:11-3,ue-2017-pdf-kva-summer-incentive,summer,summer
ue-2017-pdf-lvded:any:all,ue-2017-pdf-lvded,,
ue-2017-pdf-lvm1r:non_summer:4-10,ue-2017-pdf-lvm1r,non_summer,non-summer
ue-2017-pdf-lvm1r:summer:11-3,ue-2017-pdf-lvm1r,summer,summer
ue-2017-pdf-lvmkwtou-demand:non_summer:4-11,ue-2017-pdf-lvmkwtou-demand,non_summer,non-summer
ue-2017-pdf-lvmkwtou-demand:summer:12-3,ue-2017-pdf-lvmkwtou-demand,summer,summer
ue-2017-pdf-lvs1r:non_summer:4-10,ue-2017-pdf-lvs1r,non_summer,non-summer
ue-2017-pdf-lvs1r:summer:11-3,ue-2017-pdf-lvs1r,summer,summer
ue-2017-pdf-reskw1r-demand:non_summer:4-11,ue-2017-pdf-reskw1r-demand,non_summer,non-summer
ue-2017-pdf-reskw1r-demand:summer:12-3,ue-2017-pdf-reskw1r-demand,summer,summer
ue-2017-pdf-tod9:non_summer:4-10,ue-2017-pdf-tod9,non_summer,non-summer
ue-2017-pdf-tod9:summer:11-3,ue-2017-pdf-tod9,summer,summer
ue-2017-pdf-tod:non_summer:4-10,ue-2017-pdf-tod,non_summer,non-summer
ue-2017-pdf-tod:summer:11-3,ue-2017-pdf-tod,summer,summer
ue-2017-pdf-tou-demand:summer:11-3,ue-2017-pdf-tou-demand,summer,summer
ue-2017-pdf-tou:non_summer:4-10,ue-2017-pdf-tou,non_summer,non-summer
ue-2017-pdf-tou:summer:11-3,ue-2017-pdf-tou,summer,summer
ue-2017-tariff-schedule-single-rate:non_summer:4-10,ue-2017-tariff-schedule-single-rate,non_summer,non-summer
ue-2017-tariff-schedule-single-rate:summer:11-3,ue-2017-tariff-schedule-single-rate,summer,summer
ue-2018-pdf-kva-energy:non_summer:4-10,ue-2018-pdf-kva-energy,non_summer,non-summer
ue-2018-pdf-kva-energy:summer:11-3,ue-2018-pdf-kva-energy,summer,summer
ue-2018-pdf-kva-rolling:any:all,ue-2018-pdf-kva-rolling,,
ue-2018-pdf-kva-summer-incentive:summer:11-3,ue-2018-pdf-kva-summer-incentive,summer,summer
ue-2018-pdf-lvded:any:all,ue-2018-pdf-lvded,,
ue-2018-pdf-lvmkwtou-demand:non_summer:4-11,ue-2018-pdf-lvmkwtou-demand,non_summer,non-summer
ue-2018-pdf-lvmkwtou-demand:summer:12-3,ue-2018-pdf-lvmkwtou-demand,summer,summer
ue-2018-pdf-lvs1r:non_summer:4-10,ue-2018-pdf-lvs1r,non_summer,non-summer
ue-2018-pdf-lvs1r:summer:11-3,ue-2018-pdf-lvs1r,summer,summer
ue-2018-pdf-reskw1r-demand:non_summer:4-11,ue-2018-pdf-reskw1r-demand,non_summer,non-summer
ue-2018-pdf-reskw1r-demand:summer:12-3,ue-2018-pdf-reskw1r-demand,summer,summer
ue-2018-pdf-tod9:non_summer:4-10,ue-2018-pdf-tod9,non_summer,non-summer
ue-2018-pdf-tod9:summer:11-3,ue-2018-pdf-tod9,summer,summer
ue-2018-pdf-tod:non_summer:4-10,ue-2018-pdf-tod,non_summer,non-summer
ue-2018-pdf-tod:summer:11-3,ue-2018-pdf-tod,summer,summer
ue-2018-pdf-tou-demand:summer:11-3,ue-2018-pdf-tou-demand,summer,summer
ue-2018-pdf-tou:non_summer:4-10,ue-2018-pdf-tou,non_summer,non-summer
ue-2018-pdf-tou:summer:11-3,ue-2018-pdf-tou,summer,summer
ue-2018-tariff-schedule-single-rate:non_summer:4-10,ue-2018-tariff-schedule-single-rate,non_summer,non-summer
ue-2018-tariff-schedule-single-rate:summer:11-3,ue-2018-tariff-schedule-single-rate,summer,summer
ue-2019-pdf-kva-energy:non_summer:4-10,ue-2019-pdf-kva-energy,non_summer,non-summer
ue-2019-pdf-kva-energy:summer:11-3,ue-2019-pdf-kva-energy,summer,summer
ue-2019-pdf-kva-rolling:any:all,ue-2019-pdf-kva-rolling,,
ue-2019-pdf-kva-summer-incentive:summer:11-3,ue-2019-pdf-kva-summer-incentive,summer,summer
ue-2019-pdf-lvded:any:all,ue-2019-pdf-lvded,,
ue-2019-pdf-lvkwtou-demand:summer:11-3,ue-2019-pdf-lvkwtou-demand,summer,summer
ue-2019-pdf-lvkwtou:non_summer:4-10,ue-2019-pdf-lvkwtou,non_summer,non-summer
ue-2019-pdf-lvkwtou:summer:11-3,ue-2019-pdf-lvkwtou,summer,summer
ue-2019-pdf-lvm1r-lvl1r:non_summer:4-10,ue-2019-pdf-lvm1r-lvl1r,non_summer,non-summer
ue-2019-pdf-lvm1r-lvl1r:summer:11-3,ue-2019-pdf-lvm1r-lvl1r,summer,summer
ue-2019-pdf-lvm2r5d-lvl2r:non_summer:4-10,ue-2019-pdf-lvm2r5d-lvl2r,non_summer,non-summer
ue-2019-pdf-lvm2r5d-lvl2r:summer:11-3,ue-2019-pdf-lvm2r5d-lvl2r,summer,summer
ue-2019-pdf-lvm2r7d:non_summer:4-10,ue-2019-pdf-lvm2r7d,non_summer,non-summer
ue-2019-pdf-lvm2r7d:summer:11-3,ue-2019-pdf-lvm2r7d,summer,summer
ue-2019-pdf-lvmkwtou-demand:non_summer:4-11,ue-2019-pdf-lvmkwtou-demand,non_summer,non-summer
ue-2019-pdf-lvmkwtou-demand:summer:12-3,ue-2019-pdf-lvmkwtou-demand,summer,summer
ue-2019-pdf-lvmkwtou-energy:non_summer:4-11,ue-2019-pdf-lvmkwtou-energy,non_summer,non-summer
ue-2019-pdf-lvmkwtou-energy:summer:12-3,ue-2019-pdf-lvmkwtou-energy,summer,summer
ue-2019-pdf-lvs1r:non_summer:4-10,ue-2019-pdf-lvs1r,non_summer,non-summer
ue-2019-pdf-lvs1r:summer:11-3,ue-2019-pdf-lvs1r,summer,summer
ue-2019-pdf-lvs2r:non_summer:4-10,ue-2019-pdf-lvs2r,non_summer,non-summer
ue-2019-pdf-lvs2r:summer:11-3,ue-2019-pdf-lvs2r,summer,summer
ue-2019-pdf-reskw1r-demand:non_summer:4-11,ue-2019-pdf-reskw1r-demand,non_summer,non-summer
ue-2019-pdf-reskw1r-demand:summer:12-3,ue-2019-pdf-reskw1r-demand,summer,summer
ue-2019-pdf-tod9:non_summer:4-10,ue-2019-pdf-tod9,non_summer,non-summer
ue-2019-pdf-tod9:summer:11-3,ue-2019-pdf-tod9,summer,summer
ue-2019-pdf-tod:non_summer:4-10,ue-2019-pdf-tod,non_summer,non-summer
ue-2019-pdf-tod:summer:11-3,ue-2019-pdf-tod,summer,summer
ue-2019-pdf-tou-demand:summer:11-3,ue-2019-pdf-tou-demand,summer,summer
ue-2019-pdf-tou:non_summer:4-10,ue-2019-pdf-tou,non_summer,non-summer
ue-2019-pdf-tou:summer:11-3,ue-2019-pdf-tou,summer,summer
ue-2019-pdf-unmet:non_summer:4-10,ue-2019-pdf-unmet,non_summer,non-summer
ue-2019-pdf-unmet:summer:11-3,ue-2019-pdf-unmet,summer,summer
ue-2020-pdf-kva-energy:non_summer:4-10,ue-2020-pdf-kva-energy,non_summer,non-summer
ue-2020-pdf-kva-energy:summer:11-3,ue-2020-pdf-kva-energy,summer,summer
ue-2020-pdf-kva-rolling:any:all,ue-2020-pdf-kva-rolling,,
ue-2020-pdf-kva-summer-incentive:summer:11-3,ue-2020-pdf-kva-summer-incentive,summer,summer
ue-2020-pdf-lvded:any:all,ue-2020-pdf-lvded,,
ue-2020-pdf-lvkwtou-demand:summer:11-3,ue-2020-pdf-lvkwtou-demand,summer,summer
ue-2020-pdf-lvkwtou:non_summer:4-10,ue-2020-pdf-lvkwtou,non_summer,non-summer
ue-2020-pdf-lvkwtou:summer:11-3,ue-2020-pdf-lvkwtou,summer,summer
ue-2020-pdf-lvm1r-lvl1r:non_summer:4-10,ue-2020-pdf-lvm1r-lvl1r,non_summer,non-summer
ue-2020-pdf-lvm1r-lvl1r:summer:11-3,ue-2020-pdf-lvm1r-lvl1r,summer,summer
ue-2020-pdf-lvm2r5d-lvl2r:non_summer:4-10,ue-2020-pdf-lvm2r5d-lvl2r,non_summer,non-summer
ue-2020-pdf-lvm2r5d-lvl2r:summer:11-3,ue-2020-pdf-lvm2r5d-lvl2r,summer,summer
ue-2020-pdf-lvm2r7d:non_summer:4-10,ue-2020-pdf-lvm2r7d,non_summer,non-summer
ue-2020-pdf-lvm2r7d:summer:11-3,ue-2020-pdf-lvm2r7d,summer,summer
ue-2020-pdf-lvmkwtou-demand:non_summer:4-11,ue-2020-pdf-lvmkwtou-demand,non_summer,non-summer
ue-2020-pdf-lvmkwtou-demand:summer:12-3,ue-2020-pdf-lvmkwtou-demand,summer,summer
ue-2020-pdf-lvmkwtou-energy:non_summer:4-11,ue-2020-pdf-lvmkwtou-energy,non_summer,non-summer
ue-2020-pdf-lvmkwtou-energy:summer:12-3,ue-2020-pdf-lvmkwtou-energy,summer,summer
ue-2020-pdf-lvs1r:non_summer:4-10,ue-2020-pdf-lvs1r,non_summer,non-summer
ue-2020-pdf-lvs1r:summer:11-3,ue-2020-pdf-lvs1r,summer,summer
ue-2020-pdf-lvs2r:non_summer:4-10,ue-2020-pdf-lvs2r,non_summer,non-summer
ue-2020-pdf-lvs2r:summer:11-3,ue-2020-pdf-lvs2r,summer,summer
ue-2020-pdf-reskw1r-demand:non_summer:4-11,ue-2020-pdf-reskw1r-demand,non_summer,non-summer
ue-2020-pdf-reskw1r-demand:summer:12-3,ue-2020-pdf-reskw1r-demand,summer,summer
ue-2020-pdf-reskw1r-energy:non_summer:4-11,ue-2020-pdf-reskw1r-energy,non_summer,non-summer
ue-2020-pdf-reskw1r-energy:summer:12-3,ue-2020-pdf-reskw1r-energy,summer,summer
ue-2020-pdf-tod9:non_summer:4-10,ue-2020-pdf-tod9,non_summer,non-summer
ue-2020-pdf-tod9:summer:11-3,ue-2020-pdf-tod9,summer,summer
ue-2020-pdf-tod:non_summer:4-10,ue-2020-pdf-tod,non_summer,non-summer
ue-2020-pdf-tod:summer:11-3,ue-2020-pdf-tod,summer,summer
ue-2020-pdf-tou-demand:summer:11-3,ue-2020-pdf-tou-demand,summer,summer
ue-2020-pdf-tou:non_summer:4-10,ue-2020-pdf-tou,non_summer,non-summer
ue-2020-pdf-tou:summer:11-3,ue-2020-pdf-tou,summer,summer
ue-2020-pdf-unmet:non_summer:4-10,ue-2020-pdf-unmet,non_summer,non-summer
ue-2020-pdf-unmet:summer:11-3,ue-2020-pdf-unmet,summer,summer
ue-2021-h1-pdf-kva-energy:non_summer:4-10,ue-2021-h1-pdf-kva-energy,non_summer,non-summer
ue-2021-h1-pdf-kva-energy:summer:11-3,ue-2021-h1-pdf-kva-energy,summer,summer
ue-2021-h1-pdf-kva-rolling:any:all,ue-2021-h1-pdf-kva-rolling,,
ue-2021-h1-pdf-kva-summer-incentive:summer:11-3,ue-2021-h1-pdf-kva-summer-incentive,summer,summer
ue-2021-h1-pdf-lvded:any:all,ue-2021-h1-pdf-lvded,,
ue-2021-h1-pdf-lvkwtou-demand:summer:11-3,ue-2021-h1-pdf-lvkwtou-demand,summer,summer
ue-2021-h1-pdf-lvkwtou:non_summer:4-10,ue-2021-h1-pdf-lvkwtou,non_summer,non-summer
ue-2021-h1-pdf-lvkwtou:summer:11-3,ue-2021-h1-pdf-lvkwtou,summer,summer
ue-2021-h1-pdf-lvm1r-lvl1r:non_summer:4-10,ue-2021-h1-pdf-lvm1r-lvl1r,non_summer,non-summer
ue-2021-h1-pdf-lvm1r-lvl1r:summer:11-3,ue-2021-h1-pdf-lvm1r-lvl1r,summer,summer
ue-2021-h1-pdf-lvm2r5d-lvl2r:non_summer:4-10,ue-2021-h1-pdf-lvm2r5d-lvl2r,non_summer,non-summer
ue-2021-h1-pdf-lvm2r5d-lvl2r:summer:11-3,ue-2021-h1-pdf-lvm2r5d-lvl2r,summer,summer
ue-2021-h1-pdf-lvm2r7d:non_summer:4-10,ue-2021-h1-pdf-lvm2r7d,non_summer,non-summer
ue-2021-h1-pdf-lvm2r7d:summer:11-3,ue-2021-h1-pdf-lvm2r7d,summer,summer
ue-2021-h1-pdf-lvmkwtou-demand:non_summer:4-11,ue-2021-h1-pdf-lvmkwtou-demand,non_summer,non-summer
ue-2021-h1-pdf-lvmkwtou-demand:summer:12-3,ue-2021-h1-pdf-lvmkwtou-demand,summer,summer
ue-2021-h1-pdf-lvmkwtou-energy:non_summer:4-11,ue-2021-h1-pdf-lvmkwtou-energy,non_summer,non-summer
ue-2021-h1-pdf-lvmkwtou-energy:summer:12-3,ue-2021-h1-pdf-lvmkwtou-energy,summer,summer
ue-2021-h1-pdf-lvs1r:non_summer:4-10,ue-2021-h1-pdf-lvs1r,non_summer,non-summer
ue-2021-h1-pdf-lvs1r:summer:11-3,ue-2021-h1-pdf-lvs1r,summer,summer
ue-2021-h1-pdf-lvs2r:non_summer:4-10,ue-2021-h1-pdf-lvs2r,non_summer,non-summer
ue-2021-h1-pdf-lvs2r:summer:11-3,ue-2021-h1-pdf-lvs2r,summer,summer
ue-2021-h1-pdf-reskw1r-demand:non_summer:4-11,ue-2021-h1-pdf-reskw1r-demand,non_summer,non-summer
ue-2021-h1-pdf-reskw1r-demand:summer:12-3,ue-2021-h1-pdf-reskw1r-demand,summer,summer
ue-2021-h1-pdf-reskw1r-energy:non_summer:4-11,ue-2021-h1-pdf-reskw1r-energy,non_summer,non-summer
ue-2021-h1-pdf-reskw1r-energy:summer:12-3,ue-2021-h1-pdf-reskw1r-energy,summer,summer
ue-2021-h1-pdf-tod9:non_summer:4-10,ue-2021-h1-pdf-tod9,non_summer,non-summer
ue-2021-h1-pdf-tod9:summer:11-3,ue-2021-h1-pdf-tod9,summer,summer
ue-2021-h1-pdf-tod:non_summer:4-10,ue-2021-h1-pdf-tod,non_summer,non-summer
ue-2021-h1-pdf-tod:summer:11-3,ue-2021-h1-pdf-tod,summer,summer
ue-2021-h1-pdf-tou-demand:summer:11-3,ue-2021-h1-pdf-tou-demand,summer,summer
ue-2021-h1-pdf-tou:non_summer:4-10,ue-2021-h1-pdf-tou,non_summer,non-summer
ue-2021-h1-pdf-tou:summer:11-3,ue-2021-h1-pdf-tou,summer,summer
ue-2021-h1-pdf-unmet:non_summer:4-10,ue-2021-h1-pdf-unmet,non_summer,non-summer
ue-2021-h1-pdf-unmet:summer:11-3,ue-2021-h1-pdf-unmet,summer,summer
ue-2122-pdf-ocr-kva-energy:any:all,ue-2122-pdf-ocr-kva-energy,,
ue-2122-pdf-ocr-kva-rolling:any:all,ue-2122-pdf-ocr-kva-rolling,,
ue-2122-pdf-ocr-kva-summer-incentive-1pm-4pm:summer:12-3,ue-2122-pdf-ocr-kva-summer-incentive-1pm-4pm,summer,summer
ue-2122-pdf-ocr-kva-summer-incentive-4pm-7pm:summer:12-3,ue-2122-pdf-ocr-kva-summer-incentive-4pm-7pm,summer,summer
ue-2122-pdf-ocr-unmet:any:all,ue-2122-pdf-ocr-unmet,,
ue-2122-tss2126-lvtou:any:all,ue-2122-tss2126-lvtou,,
ue-2122-tss2126-urtou:any:all,ue-2122-tss2126-urtou,,
ue-2223-pdf-kva-energy:any:all,ue-2223-pdf-kva-energy,,
ue-2223-pdf-kva-rolling:any:all,ue-2223-pdf-kva-rolling,,
ue-2223-pdf-kva-summer-incentive-1pm-4pm:summer:12-3,ue-2223-pdf-kva-summer-incentive-1pm-4pm,summer,summer
ue-2223-pdf-kva-summer-incentive-4pm-7pm:summer:12-3,ue-2223-pdf-kva-summer-incentive-4pm-7pm,summer,summer
ue-2223-pdf-lvtou:any:all,ue-2223-pdf-lvtou,,
ue-2223-pdf-unmet:any:all,ue-2223-pdf-unmet,,
ue-2223-pdf-urtou:any:all,ue-2223-pdf-urtou,,
ue-2324-pdf-gt-demand-11am-4pm:any:all,ue-2324-pdf-gt-demand-11am-4pm,,
ue-2324-pdf-gt-demand-4-9pm:any:all,ue-2324-pdf-gt-demand-4-9pm,,
ue-2324-pdf-kva-energy:any:all,ue-2324-pdf-kva-energy,,
ue-2324-pdf-kva-rolling:any:all,ue-2324-pdf-kva-rolling,,
ue-2324-pdf-kva-summer-incentive-1-4pm:summer:12-3,ue-2324-pdf-kva-summer-incentive-1-4pm,summer,summer
ue-2324-pdf-kva-summer-incentive-4-7pm:summer:12-3,ue-2324-pdf-kva-summer-incentive-4-7pm,summer,summer
ue-2324-pdf-lvmkw1r-demand:non_summer:months-not-stated,ue-2324-pdf-lvmkw1r-demand,non_summer,non-summer
ue-2324-pdf-lvmkw1r-demand:summer:12-3,ue-2324-pdf-lvmkw1r-demand,summer,summer
ue-2324-pdf-lvtou:any:all,ue-2324-pdf-lvtou,,
ue-2324-pdf-reskw1r-demand:non_summer:months-not-stated,ue-2324-pdf-reskw1r-demand,non_summer,non-summer
ue-2324-pdf-reskw1r-demand:summer:12-3,ue-2324-pdf-reskw1r-demand,summer,summer
ue-2324-pdf-trial-saver:any:all,ue-2324-pdf-trial-saver,,
ue-2324-pdf-unmet:any:all,ue-2324-pdf-unmet,,
ue-2324-pdf-urtou:any:all,ue-2324-pdf-urtou,,
ue-2324-xlsx-gt-demand-11am-4pm:any:all,ue-2324-xlsx-gt-demand-11am-4pm,,
ue-2324-xlsx-gt-demand-4-9pm:any:all,ue-2324-xlsx-gt-demand-4-9pm,,
ue-2324-xlsx-trial-saver:any:all,ue-2324-xlsx-trial-saver,,
ue-2425-xlsx-gt-demand-11am-4pm:any:all,ue-2425-xlsx-gt-demand-11am-4pm,,
ue-2425-xlsx-gt-demand-4-9pm:any:all,ue-2425-xlsx-gt-demand-4-9pm,,
ue-2425-xlsx-trial-saver:any:all,ue-2425-xlsx-trial-saver,,
ue-2526-pdf-kva-energy:any:all,ue-2526-pdf-kva-energy,,
ue-2526-pdf-kva-rolling:any:all,ue-2526-pdf-kva-rolling,,
ue-2526-pdf-kva-summer-incentive-1-4pm:summer:12-3,ue-2526-pdf-kva-summer-incentive-1-4pm,summer,summer
ue-2526-pdf-kva-summer-incentive-4-7pm:summer:12-3,ue-2526-pdf-kva-summer-incentive-4-7pm,summer,summer
ue-2526-pdf-lvded-slab:any:all,ue-2526-pdf-lvded-slab,,
ue-2526-pdf-lvmkw1r-demand:non_summer:4-11,ue-2526-pdf-lvmkw1r-demand,non_summer,non-summer
ue-2526-pdf-lvmkw1r-demand:summer:12-3,ue-2526-pdf-lvmkw1r-demand,summer,summer
ue-2526-pdf-lvtou:any:all,ue-2526-pdf-lvtou,,
ue-2526-pdf-reskw1r-demand:non_summer:4-11,ue-2526-pdf-reskw1r-demand,non_summer,non-summer
ue-2526-pdf-reskw1r-demand:summer:12-3,ue-2526-pdf-reskw1r-demand,summer,summer
ue-2526-pdf-unmet:any:all,ue-2526-pdf-unmet,,
ue-2526-pdf-urtou:any:all,ue-2526-pdf-urtou,,
ue-2627-pdf-evutou:any:6-8.12-2,ue-2627-pdf-evutou,,"Dec, Jan, Feb, Jun, Jul, Aug"
ue-2627-pdf-evutou:any:all,ue-2627-pdf-evutou,,
ue-2627-pdf-kva-energy:any:all,ue-2627-pdf-kva-energy,,
ue-2627-pdf-kva-incentive-1-4pm-summer:summer:12-3,ue-2627-pdf-kva-incentive-1-4pm-summer,summer,summer (Dec-Mar)
ue-2627-pdf-kva-incentive-4-7pm-summer:summer:12-3,ue-2627-pdf-kva-incentive-4-7pm-summer,summer,summer (Dec-Mar)
ue-2627-pdf-kva-incentive-4-7pm-winter:winter:5-8,ue-2627-pdf-kva-incentive-4-7pm-winter,winter,winter (May-Aug)
ue-2627-pdf-kva-rolling:any:all,ue-2627-pdf-kva-rolling,,
ue-2627-pdf-lvded-slab:any:all,ue-2627-pdf-lvded-slab,,
ue-2627-pdf-lvmkw1r-umbd-demand:non_summer:4-11,ue-2627-pdf-lvmkw1r-umbd-demand,non_summer,non-summer
ue-2627-pdf-lvmkw1r-umbd-demand:summer:12-3,ue-2627-pdf-lvmkw1r-umbd-demand,summer,summer
ue-2627-pdf-lvtou:any:all,ue-2627-pdf-lvtou,,
ue-2627-pdf-ufl:any:3-5.9-11,ue-2627-pdf-ufl,,Mar-May and Sep-Nov
ue-2627-pdf-ufl:any:6-8.12-2,ue-2627-pdf-ufl,,Dec-Feb and Jun-Aug
ue-2627-pdf-ufs-export:any:6-8.12-2,ue-2627-pdf-ufs-export,,Dec-Feb and Jun-Aug
ue-2627-pdf-ufs-export:any:9-5,ue-2627-pdf-ufs-export,,Sep-May
ue-2627-pdf-ufs-import:any:3-5.9-11,ue-2627-pdf-ufs-import,,Mar-May and Sep-Nov
ue-2627-pdf-ufs-import:any:6-8.12-2,ue-2627-pdf-ufs-import,,Dec-Feb and Jun-Aug
ue-2627-pdf-umbo:any:all,ue-2627-pdf-umbo,,
ue-2627-pdf-unmet:any:all,ue-2627-pdf-unmet,,
ue-2627-pdf-urcer-export:any:6-8.12-2,ue-2627-pdf-urcer-export,,Dec-Feb and Jun-Aug
ue-2627-pdf-urcer-export:any:9-5,ue-2627-pdf-urcer-export,,Sep-May
ue-2627-pdf-urcer-import:any:3-5.9-11,ue-2627-pdf-urcer-import,,Mar-May and Sep-Nov
ue-2627-pdf-urcer-import:any:6-8.12-2,ue-2627-pdf-urcer-import,,Dec-Feb and Jun-Aug
ue-2627-pdf-urcer-import:any:all,ue-2627-pdf-urcer-import,,
ue-2627-pdf-urstou:any:all,ue-2627-pdf-urstou,,
ue-tss2126-pdf-reskw1r-demand:non_summer:4-11,ue-tss2126-pdf-reskw1r-demand,non_summer,non-summer
ue-tss2126-pdf-reskw1r-demand:summer:12-3,ue-tss2126-pdf-reskw1r-demand,summer,summer
