tariff_demand_rule_id,tariff_id,demand_rule_id,time_band,season,effective_from,effective_to,document_id
ausgrid:EA111|ausgrid-2023-24-demand-kw-high-season||high,ausgrid:EA111,ausgrid-2023-24-demand-kw-high-season,,high,2023-07-01,2024-06-30,ausgrid-2023-24-annual-scs-pricing-proposal-31mar2023
ausgrid:EA111|ausgrid-2023-24-demand-kw-low-season||low,ausgrid:EA111,ausgrid-2023-24-demand-kw-low-season,,low,2023-07-01,2024-06-30,ausgrid-2023-24-annual-scs-pricing-proposal-31mar2023
ausgrid:EA111|ausgrid-2024-25-aer-peak-demand-kw||high,ausgrid:EA111,ausgrid-2024-25-aer-peak-demand-kw,,high,2024-07-01,2025-06-30,aer-stakeholder-report-ausgrid-2024-25
ausgrid:EA111|ausgrid-2024-25-demand-kw||high,ausgrid:EA111,ausgrid-2024-25-demand-kw,,high,2024-07-01,2025-06-30,ausgrid-network-price-list-2024-25-wayback20250806
ausgrid:EA111|ausgrid-2025-26-aer-peak-demand-kw||high,ausgrid:EA111,ausgrid-2025-26-aer-peak-demand-kw,,high,2025-07-01,2026-06-30,aer-consolidated-2025-26-v5
ausgrid:EA111|ausgrid-2025-26-demand-kw||high,ausgrid:EA111,ausgrid-2025-26-demand-kw,,high,2025-07-01,2026-06-30,ausgrid-network-price-list-2025-26
ausgrid:EA111|ausgrid-2026-27-aer-peak-demand-kw||high,ausgrid:EA111,ausgrid-2026-27-aer-peak-demand-kw,,high,2026-07-01,2027-06-30,aer-consolidated-2026-27-v5
ausgrid:EA111|ausgrid-2026-27-demand-kw||high,ausgrid:EA111,ausgrid-2026-27-demand-kw,,high,2026-07-01,2027-06-30,ausgrid-network-price-list-2026-27
ausgrid:EA115|ausgrid-2023-24-demand-kw-high-season||high,ausgrid:EA115,ausgrid-2023-24-demand-kw-high-season,,high,2023-07-01,2024-06-30,ausgrid-2023-24-annual-scs-pricing-proposal-31mar2023
ausgrid:EA115|ausgrid-2023-24-demand-kw-low-season||low,ausgrid:EA115,ausgrid-2023-24-demand-kw-low-season,,low,2023-07-01,2024-06-30,ausgrid-2023-24-annual-scs-pricing-proposal-31mar2023
ausgrid:EA116|ausgrid-2023-24-demand-kw-high-season||high,ausgrid:EA116,ausgrid-2023-24-demand-kw-high-season,,high,2023-07-01,2024-06-30,ausgrid-2023-24-annual-scs-pricing-proposal-31mar2023
ausgrid:EA116|ausgrid-2023-24-demand-kw-low-season||low,ausgrid:EA116,ausgrid-2023-24-demand-kw-low-season,,low,2023-07-01,2024-06-30,ausgrid-2023-24-annual-scs-pricing-proposal-31mar2023
ausgrid:EA116|ausgrid-2024-25-aer-peak-demand-kw||high,ausgrid:EA116,ausgrid-2024-25-aer-peak-demand-kw,,high,2024-07-01,2025-06-30,aer-stakeholder-report-ausgrid-2024-25
ausgrid:EA116|ausgrid-2024-25-demand-kw||high,ausgrid:EA116,ausgrid-2024-25-demand-kw,,high,2024-07-01,2025-06-30,ausgrid-network-price-list-2024-25-wayback20250806
ausgrid:EA116|ausgrid-2025-26-aer-peak-demand-kw||high,ausgrid:EA116,ausgrid-2025-26-aer-peak-demand-kw,,high,2025-07-01,2026-06-30,aer-consolidated-2025-26-v5
ausgrid:EA116|ausgrid-2025-26-demand-kw||high,ausgrid:EA116,ausgrid-2025-26-demand-kw,,high,2025-07-01,2026-06-30,ausgrid-network-price-list-2025-26
ausgrid:EA116|ausgrid-2026-27-aer-peak-demand-kw||high,ausgrid:EA116,ausgrid-2026-27-aer-peak-demand-kw,,high,2026-07-01,2027-06-30,aer-consolidated-2026-27-v5
ausgrid:EA116|ausgrid-2026-27-demand-kw||high,ausgrid:EA116,ausgrid-2026-27-demand-kw,,high,2026-07-01,2027-06-30,ausgrid-network-price-list-2026-27
ausgrid:EA251|ausgrid-2023-24-demand-kw-high-season||high,ausgrid:EA251,ausgrid-2023-24-demand-kw-high-season,,high,2023-07-01,2024-06-30,ausgrid-2023-24-annual-scs-pricing-proposal-31mar2023
ausgrid:EA251|ausgrid-2023-24-demand-kw-low-season||low,ausgrid:EA251,ausgrid-2023-24-demand-kw-low-season,,low,2023-07-01,2024-06-30,ausgrid-2023-24-annual-scs-pricing-proposal-31mar2023
ausgrid:EA251|ausgrid-2024-25-aer-peak-demand-kw||high,ausgrid:EA251,ausgrid-2024-25-aer-peak-demand-kw,,high,2024-07-01,2025-06-30,aer-stakeholder-report-ausgrid-2024-25
ausgrid:EA251|ausgrid-2024-25-demand-kw||high,ausgrid:EA251,ausgrid-2024-25-demand-kw,,high,2024-07-01,2025-06-30,ausgrid-network-price-list-2024-25-wayback20250806
ausgrid:EA251|ausgrid-2025-26-aer-peak-demand-kw||high,ausgrid:EA251,ausgrid-2025-26-aer-peak-demand-kw,,high,2025-07-01,2026-06-30,aer-consolidated-2025-26-v5
ausgrid:EA251|ausgrid-2025-26-demand-kw||high,ausgrid:EA251,ausgrid-2025-26-demand-kw,,high,2025-07-01,2026-06-30,ausgrid-network-price-list-2025-26
ausgrid:EA251|ausgrid-2026-27-aer-peak-demand-kw||high,ausgrid:EA251,ausgrid-2026-27-aer-peak-demand-kw,,high,2026-07-01,2027-06-30,aer-consolidated-2026-27-v5
ausgrid:EA251|ausgrid-2026-27-demand-kw||high,ausgrid:EA251,ausgrid-2026-27-demand-kw,,high,2026-07-01,2027-06-30,ausgrid-network-price-list-2026-27
ausgrid:EA255|ausgrid-2023-24-demand-kw-high-season||high,ausgrid:EA255,ausgrid-2023-24-demand-kw-high-season,,high,2023-07-01,2024-06-30,ausgrid-2023-24-annual-scs-pricing-proposal-31mar2023
ausgrid:EA255|ausgrid-2023-24-demand-kw-low-season||low,ausgrid:EA255,ausgrid-2023-24-demand-kw-low-season,,low,2023-07-01,2024-06-30,ausgrid-2023-24-annual-scs-pricing-proposal-31mar2023
ausgrid:EA256|ausgrid-2023-24-demand-kw-high-season||high,ausgrid:EA256,ausgrid-2023-24-demand-kw-high-season,,high,2023-07-01,2024-06-30,ausgrid-2023-24-annual-scs-pricing-proposal-31mar2023
ausgrid:EA256|ausgrid-2023-24-demand-kw-low-season||low,ausgrid:EA256,ausgrid-2023-24-demand-kw-low-season,,low,2023-07-01,2024-06-30,ausgrid-2023-24-annual-scs-pricing-proposal-31mar2023
ausgrid:EA256|ausgrid-2024-25-aer-peak-demand-kw||high,ausgrid:EA256,ausgrid-2024-25-aer-peak-demand-kw,,high,2024-07-01,2025-06-30,aer-stakeholder-report-ausgrid-2024-25
ausgrid:EA256|ausgrid-2024-25-demand-kw||high,ausgrid:EA256,ausgrid-2024-25-demand-kw,,high,2024-07-01,2025-06-30,ausgrid-network-price-list-2024-25-wayback20250806
ausgrid:EA256|ausgrid-2025-26-aer-peak-demand-kw||high,ausgrid:EA256,ausgrid-2025-26-aer-peak-demand-kw,,high,2025-07-01,2026-06-30,aer-consolidated-2025-26-v5
ausgrid:EA256|ausgrid-2025-26-demand-kw||high,ausgrid:EA256,ausgrid-2025-26-demand-kw,,high,2025-07-01,2026-06-30,ausgrid-network-price-list-2025-26
ausgrid:EA256|ausgrid-2026-27-aer-peak-demand-kw||high,ausgrid:EA256,ausgrid-2026-27-aer-peak-demand-kw,,high,2026-07-01,2027-06-30,aer-consolidated-2026-27-v5
ausgrid:EA256|ausgrid-2026-27-demand-kw||high,ausgrid:EA256,ausgrid-2026-27-demand-kw,,high,2026-07-01,2027-06-30,ausgrid-network-price-list-2026-27
ausgrid:EA302|ausgrid-2023-24-capacity-kw|peak|,ausgrid:EA302,ausgrid-2023-24-capacity-kw,peak,,2023-07-01,2024-06-30,ausgrid-2023-24-annual-scs-pricing-proposal-31mar2023
ausgrid:EA302|ausgrid-2024-25-aer-real-capacity-kw|peak|,ausgrid:EA302,ausgrid-2024-25-aer-real-capacity-kw,peak,,2024-07-01,2025-06-30,aer-stakeholder-report-ausgrid-2024-25
ausgrid:EA302|ausgrid-2024-25-demand-kw|peak|,ausgrid:EA302,ausgrid-2024-25-demand-kw,peak,,2024-07-01,2025-06-30,ausgrid-network-price-list-2024-25-wayback20250806
ausgrid:EA302|ausgrid-2025-26-aer-real-capacity-kw|peak|,ausgrid:EA302,ausgrid-2025-26-aer-real-capacity-kw,peak,,2025-07-01,2026-06-30,aer-consolidated-2025-26-v5
ausgrid:EA302|ausgrid-2025-26-demand-kw|peak|,ausgrid:EA302,ausgrid-2025-26-demand-kw,peak,,2025-07-01,2026-06-30,ausgrid-network-price-list-2025-26
ausgrid:EA302|ausgrid-2026-27-aer-real-capacity-kw|peak|,ausgrid:EA302,ausgrid-2026-27-aer-real-capacity-kw,peak,,2026-07-01,2027-06-30,aer-consolidated-2026-27-v5
ausgrid:EA302|ausgrid-2026-27-demand-kw|peak|,ausgrid:EA302,ausgrid-2026-27-demand-kw,peak,,2026-07-01,2027-06-30,ausgrid-network-price-list-2026-27
ausgrid:EA305|ausgrid-2023-24-capacity-kva|peak|,ausgrid:EA305,ausgrid-2023-24-capacity-kva,peak,,2023-07-01,2024-06-30,ausgrid-2023-24-annual-scs-pricing-proposal-31mar2023
ausgrid:EA305|ausgrid-2024-25-aer-apparent-capacity-kva|peak|,ausgrid:EA305,ausgrid-2024-25-aer-apparent-capacity-kva,peak,,2024-07-01,2025-06-30,aer-stakeholder-report-ausgrid-2024-25
ausgrid:EA305|ausgrid-2024-25-capacity-kva|peak|,ausgrid:EA305,ausgrid-2024-25-capacity-kva,peak,,2024-07-01,2025-06-30,ausgrid-network-price-list-2024-25-wayback20250806
ausgrid:EA305|ausgrid-2025-26-aer-apparent-capacity-kva|peak|,ausgrid:EA305,ausgrid-2025-26-aer-apparent-capacity-kva,peak,,2025-07-01,2026-06-30,aer-consolidated-2025-26-v5
ausgrid:EA305|ausgrid-2025-26-capacity-kva|peak|,ausgrid:EA305,ausgrid-2025-26-capacity-kva,peak,,2025-07-01,2026-06-30,ausgrid-network-price-list-2025-26
ausgrid:EA305|ausgrid-2026-27-aer-apparent-capacity-kva|peak|,ausgrid:EA305,ausgrid-2026-27-aer-apparent-capacity-kva,peak,,2026-07-01,2027-06-30,aer-consolidated-2026-27-v5
ausgrid:EA305|ausgrid-2026-27-capacity-kva|peak|,ausgrid:EA305,ausgrid-2026-27-capacity-kva,peak,,2026-07-01,2027-06-30,ausgrid-network-price-list-2026-27
ausgrid:EA310|ausgrid-2023-24-capacity-kva|peak|,ausgrid:EA310,ausgrid-2023-24-capacity-kva,peak,,2023-07-01,2024-06-30,ausgrid-2023-24-annual-scs-pricing-proposal-31mar2023
ausgrid:EA310|ausgrid-2024-25-aer-apparent-capacity-kva|peak|,ausgrid:EA310,ausgrid-2024-25-aer-apparent-capacity-kva,peak,,2024-07-01,2025-06-30,aer-stakeholder-report-ausgrid-2024-25
ausgrid:EA310|ausgrid-2024-25-capacity-kva|peak|,ausgrid:EA310,ausgrid-2024-25-capacity-kva,peak,,2024-07-01,2025-06-30,ausgrid-network-price-list-2024-25-wayback20250806
ausgrid:EA310|ausgrid-2025-26-aer-apparent-capacity-kva|peak|,ausgrid:EA310,ausgrid-2025-26-aer-apparent-capacity-kva,peak,,2025-07-01,2026-06-30,aer-consolidated-2025-26-v5
ausgrid:EA310|ausgrid-2025-26-capacity-kva|peak|,ausgrid:EA310,ausgrid-2025-26-capacity-kva,peak,,2025-07-01,2026-06-30,ausgrid-network-price-list-2025-26
ausgrid:EA310|ausgrid-2026-27-aer-apparent-capacity-kva|peak|,ausgrid:EA310,ausgrid-2026-27-aer-apparent-capacity-kva,peak,,2026-07-01,2027-06-30,aer-consolidated-2026-27-v5
ausgrid:EA310|ausgrid-2026-27-capacity-kva|peak|,ausgrid:EA310,ausgrid-2026-27-capacity-kva,peak,,2026-07-01,2027-06-30,ausgrid-network-price-list-2026-27
ausgrid:EA314|ausgrid-2024-25-aer-apparent-capacity-kva|peak|,ausgrid:EA314,ausgrid-2024-25-aer-apparent-capacity-kva,peak,,2024-07-01,2025-06-30,aer-stakeholder-report-ausgrid-2024-25
ausgrid:EA314|ausgrid-2024-25-capacity-kva|peak|,ausgrid:EA314,ausgrid-2024-25-capacity-kva,peak,,2024-07-01,2025-06-30,ausgrid-network-price-list-2024-25-wayback20250806
ausgrid:EA314|ausgrid-2025-26-aer-apparent-capacity-kva|peak|,ausgrid:EA314,ausgrid-2025-26-aer-apparent-capacity-kva,peak,,2025-07-01,2026-06-30,aer-consolidated-2025-26-v5
ausgrid:EA314|ausgrid-2025-26-capacity-kva|peak|,ausgrid:EA314,ausgrid-2025-26-capacity-kva,peak,,2025-07-01,2026-06-30,ausgrid-network-price-list-2025-26
ausgrid:EA314|ausgrid-2026-27-aer-apparent-capacity-kva|peak|,ausgrid:EA314,ausgrid-2026-27-aer-apparent-capacity-kva,peak,,2026-07-01,2027-06-30,aer-consolidated-2026-27-v5
ausgrid:EA314|ausgrid-2026-27-capacity-kva|peak|,ausgrid:EA314,ausgrid-2026-27-capacity-kva,peak,,2026-07-01,2027-06-30,ausgrid-network-price-list-2026-27
ausgrid:EA315|ausgrid-2024-25-aer-apparent-capacity-kva|peak|,ausgrid:EA315,ausgrid-2024-25-aer-apparent-capacity-kva,peak,,2024-07-01,2025-06-30,aer-stakeholder-report-ausgrid-2024-25
ausgrid:EA315|ausgrid-2024-25-capacity-kva|peak|,ausgrid:EA315,ausgrid-2024-25-capacity-kva,peak,,2024-07-01,2025-06-30,ausgrid-network-price-list-2024-25-wayback20250806
ausgrid:EA315|ausgrid-2025-26-aer-apparent-capacity-kva|peak|,ausgrid:EA315,ausgrid-2025-26-aer-apparent-capacity-kva,peak,,2025-07-01,2026-06-30,aer-consolidated-2025-26-v5
ausgrid:EA315|ausgrid-2025-26-capacity-kva|peak|,ausgrid:EA315,ausgrid-2025-26-capacity-kva,peak,,2025-07-01,2026-06-30,ausgrid-network-price-list-2025-26
ausgrid:EA315|ausgrid-2026-27-aer-apparent-capacity-kva|peak|,ausgrid:EA315,ausgrid-2026-27-aer-apparent-capacity-kva,peak,,2026-07-01,2027-06-30,aer-consolidated-2026-27-v5
ausgrid:EA315|ausgrid-2026-27-capacity-kva|peak|,ausgrid:EA315,ausgrid-2026-27-capacity-kva,peak,,2026-07-01,2027-06-30,ausgrid-network-price-list-2026-27
ausgrid:EA316|ausgrid-2023-24-capacity-kw|peak|,ausgrid:EA316,ausgrid-2023-24-capacity-kw,peak,,2023-07-01,2024-06-30,ausgrid-2023-24-annual-scs-pricing-proposal-31mar2023
ausgrid:EA317|ausgrid-2023-24-capacity-kva|peak|,ausgrid:EA317,ausgrid-2023-24-capacity-kva,peak,,2023-07-01,2024-06-30,ausgrid-2023-24-annual-scs-pricing-proposal-31mar2023
ausgrid:EA325|ausgrid-2023-24-capacity-kva|peak|,ausgrid:EA325,ausgrid-2023-24-capacity-kva,peak,,2023-07-01,2024-06-30,ausgrid-2023-24-annual-scs-pricing-proposal-31mar2023
ausgrid:EA360|ausgrid-2023-24-capacity-kva|peak|,ausgrid:EA360,ausgrid-2023-24-capacity-kva,peak,,2023-07-01,2024-06-30,ausgrid-2023-24-annual-scs-pricing-proposal-31mar2023
ausgrid:EA365|ausgrid-2024-25-aer-apparent-capacity-kva|peak|,ausgrid:EA365,ausgrid-2024-25-aer-apparent-capacity-kva,peak,,2024-07-01,2025-06-30,aer-stakeholder-report-ausgrid-2024-25
ausgrid:EA365|ausgrid-2024-25-capacity-kva|peak|,ausgrid:EA365,ausgrid-2024-25-capacity-kva,peak,,2024-07-01,2025-06-30,ausgrid-network-price-list-2024-25-wayback20250806
ausgrid:EA365|ausgrid-2025-26-aer-apparent-capacity-kva|peak|,ausgrid:EA365,ausgrid-2025-26-aer-apparent-capacity-kva,peak,,2025-07-01,2026-06-30,aer-consolidated-2025-26-v5
ausgrid:EA365|ausgrid-2025-26-capacity-kva|peak|,ausgrid:EA365,ausgrid-2025-26-capacity-kva,peak,,2025-07-01,2026-06-30,ausgrid-network-price-list-2025-26
ausgrid:EA365|ausgrid-2026-27-aer-apparent-capacity-kva|peak|,ausgrid:EA365,ausgrid-2026-27-aer-apparent-capacity-kva,peak,,2026-07-01,2027-06-30,aer-consolidated-2026-27-v5
ausgrid:EA365|ausgrid-2026-27-capacity-kva|peak|,ausgrid:EA365,ausgrid-2026-27-capacity-kva,peak,,2026-07-01,2027-06-30,ausgrid-network-price-list-2026-27
ausgrid:EA370|ausgrid-2023-24-capacity-kva|peak|,ausgrid:EA370,ausgrid-2023-24-capacity-kva,peak,,2023-07-01,2024-06-30,ausgrid-2023-24-annual-scs-pricing-proposal-31mar2023
ausgrid:EA370|ausgrid-2024-25-aer-apparent-capacity-kva|peak|,ausgrid:EA370,ausgrid-2024-25-aer-apparent-capacity-kva,peak,,2024-07-01,2025-06-30,aer-stakeholder-report-ausgrid-2024-25
ausgrid:EA370|ausgrid-2024-25-capacity-kva|peak|,ausgrid:EA370,ausgrid-2024-25-capacity-kva,peak,,2024-07-01,2025-06-30,ausgrid-network-price-list-2024-25-wayback20250806
ausgrid:EA370|ausgrid-2025-26-aer-apparent-capacity-kva|peak|,ausgrid:EA370,ausgrid-2025-26-aer-apparent-capacity-kva,peak,,2025-07-01,2026-06-30,aer-consolidated-2025-26-v5
ausgrid:EA370|ausgrid-2025-26-capacity-kva|peak|,ausgrid:EA370,ausgrid-2025-26-capacity-kva,peak,,2025-07-01,2026-06-30,ausgrid-network-price-list-2025-26
ausgrid:EA370|ausgrid-2026-27-aer-apparent-capacity-kva|peak|,ausgrid:EA370,ausgrid-2026-27-aer-apparent-capacity-kva,peak,,2026-07-01,2027-06-30,aer-consolidated-2026-27-v5
ausgrid:EA370|ausgrid-2026-27-capacity-kva|peak|,ausgrid:EA370,ausgrid-2026-27-capacity-kva,peak,,2026-07-01,2027-06-30,ausgrid-network-price-list-2026-27
ausgrid:EA380|ausgrid-2023-24-capacity-kva|peak|,ausgrid:EA380,ausgrid-2023-24-capacity-kva,peak,,2023-07-01,2024-06-30,ausgrid-2023-24-annual-scs-pricing-proposal-31mar2023
ausgrid:EA390|ausgrid-2023-24-capacity-kva|peak|,ausgrid:EA390,ausgrid-2023-24-capacity-kva,peak,,2023-07-01,2024-06-30,ausgrid-2023-24-annual-scs-pricing-proposal-31mar2023
ausgrid:EA390|ausgrid-2024-25-aer-apparent-capacity-kva|peak|,ausgrid:EA390,ausgrid-2024-25-aer-apparent-capacity-kva,peak,,2024-07-01,2025-06-30,aer-stakeholder-report-ausgrid-2024-25
ausgrid:EA390|ausgrid-2024-25-capacity-kva|peak|,ausgrid:EA390,ausgrid-2024-25-capacity-kva,peak,,2024-07-01,2025-06-30,ausgrid-network-price-list-2024-25-wayback20250806
ausgrid:EA390|ausgrid-2025-26-aer-apparent-capacity-kva|peak|,ausgrid:EA390,ausgrid-2025-26-aer-apparent-capacity-kva,peak,,2025-07-01,2026-06-30,aer-consolidated-2025-26-v5
ausgrid:EA390|ausgrid-2025-26-capacity-kva|peak|,ausgrid:EA390,ausgrid-2025-26-capacity-kva,peak,,2025-07-01,2026-06-30,ausgrid-network-price-list-2025-26
ausgrid:EA390|ausgrid-2026-27-aer-apparent-capacity-kva|peak|,ausgrid:EA390,ausgrid-2026-27-aer-apparent-capacity-kva,peak,,2026-07-01,2027-06-30,aer-consolidated-2026-27-v5
ausgrid:EA390|ausgrid-2026-27-capacity-kva|peak|,ausgrid:EA390,ausgrid-2026-27-capacity-kva,peak,,2026-07-01,2027-06-30,ausgrid-network-price-list-2026-27
ausgrid:EA391|ausgrid-2023-24-capacity-kva|peak|,ausgrid:EA391,ausgrid-2023-24-capacity-kva,peak,,2023-07-01,2024-06-30,ausgrid-2023-24-annual-scs-pricing-proposal-31mar2023
ausgrid:EA394|ausgrid-2024-25-aer-tuos-demand-kw||,ausgrid:EA394,ausgrid-2024-25-aer-tuos-demand-kw,,,2024-07-01,2025-06-30,aer-stakeholder-report-ausgrid-2024-25
ausgrid:EA394|ausgrid-2024-25-tuos-demand-kw||,ausgrid:EA394,ausgrid-2024-25-tuos-demand-kw,,,2024-07-01,2025-06-30,ausgrid-network-price-list-2024-25-wayback20250806
ausgrid:EA394|ausgrid-2025-26-aer-tuos-demand-kw||,ausgrid:EA394,ausgrid-2025-26-aer-tuos-demand-kw,,,2025-07-01,2026-06-30,aer-consolidated-2025-26-v5
ausgrid:EA394|ausgrid-2025-26-tuos-demand-kw||,ausgrid:EA394,ausgrid-2025-26-tuos-demand-kw,,,2025-07-01,2026-06-30,ausgrid-network-price-list-2025-26
ausgrid:EA394|ausgrid-2026-27-aer-tuos-demand-kw||,ausgrid:EA394,ausgrid-2026-27-aer-tuos-demand-kw,,,2026-07-01,2027-06-30,aer-consolidated-2026-27-v5
ausgrid:EA394|ausgrid-2026-27-tuos-demand-kw||,ausgrid:EA394,ausgrid-2026-27-tuos-demand-kw,,,2026-07-01,2027-06-30,ausgrid-network-price-list-2026-27
ausgrid:EA501|ausgrid-2023-24-capacity-kva-transmission|peak|,ausgrid:EA501,ausgrid-2023-24-capacity-kva-transmission,peak,,2023-07-01,2024-06-30,ausgrid-2023-24-annual-scs-pricing-proposal-31mar2023
ausgrid:EA501|ausgrid-2024-25-aer-apparent-capacity-kva|peak|,ausgrid:EA501,ausgrid-2024-25-aer-apparent-capacity-kva,peak,,2024-07-01,2025-06-30,aer-stakeholder-report-ausgrid-2024-25
ausgrid:EA501|ausgrid-2024-25-capacity-kva|peak|,ausgrid:EA501,ausgrid-2024-25-capacity-kva,peak,,2024-07-01,2025-06-30,ausgrid-network-price-list-2024-25-wayback20250806
ausgrid:EA501|ausgrid-2025-26-aer-apparent-capacity-kva|peak|,ausgrid:EA501,ausgrid-2025-26-aer-apparent-capacity-kva,peak,,2025-07-01,2026-06-30,aer-consolidated-2025-26-v5
ausgrid:EA501|ausgrid-2025-26-capacity-kva|peak|,ausgrid:EA501,ausgrid-2025-26-capacity-kva,peak,,2025-07-01,2026-06-30,ausgrid-network-price-list-2025-26
ausgrid:EA501|ausgrid-2026-27-capacity-kva|peak|,ausgrid:EA501,ausgrid-2026-27-capacity-kva,peak,,2026-07-01,2027-06-30,ausgrid-network-price-list-2026-27
ausgrid:EA976|ausgrid-2026-27-ea976-capacity-kva|block1|,ausgrid:EA976,ausgrid-2026-27-ea976-capacity-kva,block1,,2026-07-01,2027-06-30,ausgrid-network-price-list-2026-27
ausgrid:EA976|ausgrid-2026-27-ea976-capacity-kva|block2|,ausgrid:EA976,ausgrid-2026-27-ea976-capacity-kva,block2,,2026-07-01,2027-06-30,ausgrid-network-price-list-2026-27
ausnet:NAL84|ausnet-2026-27-xlsx-capacity|capacity|,ausnet:NAL84,ausnet-2026-27-xlsx-capacity,capacity,,2026-07-01,2027-06-30,ausnet-network-tariff-schedule-2026-27-20260515
ausnet:NAL84|ausnet-2026-27-xlsx-critical-peak-demand|critical_peak_demand|,ausnet:NAL84,ausnet-2026-27-xlsx-critical-peak-demand,critical_peak_demand,,2026-07-01,2027-06-30,ausnet-network-tariff-schedule-2026-27-20260515
ausnet:NAL96|ausnet-2026-27-xlsx-capacity|capacity|,ausnet:NAL96,ausnet-2026-27-xlsx-capacity,capacity,,2026-07-01,2027-06-30,ausnet-network-tariff-schedule-2026-27-20260515
ausnet:NAL96|ausnet-2026-27-xlsx-critical-peak-demand|critical_peak_demand|,ausnet:NAL96,ausnet-2026-27-xlsx-critical-peak-demand,critical_peak_demand,,2026-07-01,2027-06-30,ausnet-network-tariff-schedule-2026-27-20260515
ausnet:NASN11P|ausnet-2023-24-app-monthly-demand||,ausnet:NASN11P,ausnet-2023-24-app-monthly-demand,,,2023-07-01,2024-06-30,ausnet-annual-pricing-proposal-2023-24
ausnet:NASN11P|ausnet-2024-25-xlsx-monthly-demand||,ausnet:NASN11P,ausnet-2024-25-xlsx-monthly-demand,,,2024-07-01,2025-06-30,ausnet-2024-25-schedule-of-tariffs-28mar2024
ausnet:NASN11S|ausnet-2023-24-app-monthly-demand||,ausnet:NASN11S,ausnet-2023-24-app-monthly-demand,,,2023-07-01,2024-06-30,ausnet-annual-pricing-proposal-2023-24
ausnet:NASN11S|ausnet-2024-25-xlsx-monthly-demand||,ausnet:NASN11S,ausnet-2024-25-xlsx-monthly-demand,,,2024-07-01,2025-06-30,ausnet-2024-25-schedule-of-tariffs-28mar2024
ausnet:NASN11S|ausnet-2025-26-xlsx-monthly-demand||,ausnet:NASN11S,ausnet-2025-26-xlsx-monthly-demand,,,2025-07-01,2026-06-30,ausnet-network-tariff-schedule-2025-26
ausnet:NASN11|ausnet-2023-24-app-monthly-demand||,ausnet:NASN11,ausnet-2023-24-app-monthly-demand,,,2023-07-01,2024-06-30,ausnet-annual-pricing-proposal-2023-24
ausnet:NASN11|ausnet-2024-25-xlsx-monthly-demand||,ausnet:NASN11,ausnet-2024-25-xlsx-monthly-demand,,,2024-07-01,2025-06-30,ausnet-2024-25-schedule-of-tariffs-28mar2024
ausnet:NASN11|ausnet-2025-26-xlsx-monthly-demand||,ausnet:NASN11,ausnet-2025-26-xlsx-monthly-demand,,,2025-07-01,2026-06-30,ausnet-network-tariff-schedule-2025-26
ausnet:NASN12P|ausnet-2023-24-app-monthly-demand||,ausnet:NASN12P,ausnet-2023-24-app-monthly-demand,,,2023-07-01,2024-06-30,ausnet-annual-pricing-proposal-2023-24
ausnet:NASN12P|ausnet-2024-25-xlsx-monthly-demand||,ausnet:NASN12P,ausnet-2024-25-xlsx-monthly-demand,,,2024-07-01,2025-06-30,ausnet-2024-25-schedule-of-tariffs-28mar2024
ausnet:NASN12S|ausnet-2023-24-app-monthly-demand||,ausnet:NASN12S,ausnet-2023-24-app-monthly-demand,,,2023-07-01,2024-06-30,ausnet-annual-pricing-proposal-2023-24
ausnet:NASN12S|ausnet-2024-25-xlsx-monthly-demand||,ausnet:NASN12S,ausnet-2024-25-xlsx-monthly-demand,,,2024-07-01,2025-06-30,ausnet-2024-25-schedule-of-tariffs-28mar2024
ausnet:NASN12S|ausnet-2025-26-xlsx-monthly-demand||,ausnet:NASN12S,ausnet-2025-26-xlsx-monthly-demand,,,2025-07-01,2026-06-30,ausnet-network-tariff-schedule-2025-26
ausnet:NASN12S|ausnet-2026-27-xlsx-monthly-demand||,ausnet:NASN12S,ausnet-2026-27-xlsx-monthly-demand,,,2026-07-01,2027-06-30,ausnet-network-tariff-schedule-2026-27-20260515
ausnet:NASN12|ausnet-2023-24-app-monthly-demand||,ausnet:NASN12,ausnet-2023-24-app-monthly-demand,,,2023-07-01,2024-06-30,ausnet-annual-pricing-proposal-2023-24
ausnet:NASN12|ausnet-2024-25-xlsx-monthly-demand||,ausnet:NASN12,ausnet-2024-25-xlsx-monthly-demand,,,2024-07-01,2025-06-30,ausnet-2024-25-schedule-of-tariffs-28mar2024
ausnet:NASN12|ausnet-2025-26-xlsx-monthly-demand||,ausnet:NASN12,ausnet-2025-26-xlsx-monthly-demand,,,2025-07-01,2026-06-30,ausnet-network-tariff-schedule-2025-26
ausnet:NASN12|ausnet-2026-27-xlsx-monthly-demand||,ausnet:NASN12,ausnet-2026-27-xlsx-monthly-demand,,,2026-07-01,2027-06-30,ausnet-network-tariff-schedule-2026-27-20260515
ausnet:NASN19|ausnet-2023-24-app-monthly-demand||,ausnet:NASN19,ausnet-2023-24-app-monthly-demand,,,2023-07-01,2024-06-30,ausnet-annual-pricing-proposal-2023-24
ausnet:NASN19|ausnet-2024-25-xlsx-monthly-demand||,ausnet:NASN19,ausnet-2024-25-xlsx-monthly-demand,,,2024-07-01,2025-06-30,ausnet-2024-25-schedule-of-tariffs-28mar2024
ausnet:NASN19|ausnet-2025-26-xlsx-monthly-demand||,ausnet:NASN19,ausnet-2025-26-xlsx-monthly-demand,,,2025-07-01,2026-06-30,ausnet-network-tariff-schedule-2025-26
ausnet:NASN19|ausnet-2026-27-xlsx-monthly-demand||,ausnet:NASN19,ausnet-2026-27-xlsx-monthly-demand,,,2026-07-01,2027-06-30,ausnet-network-tariff-schedule-2026-27-20260515
ausnet:NASN21|ausnet-2023-24-app-monthly-demand||,ausnet:NASN21,ausnet-2023-24-app-monthly-demand,,,2023-07-01,2024-06-30,ausnet-annual-pricing-proposal-2023-24
ausnet:NASN21|ausnet-2024-25-xlsx-monthly-demand||,ausnet:NASN21,ausnet-2024-25-xlsx-monthly-demand,,,2024-07-01,2025-06-30,ausnet-2024-25-schedule-of-tariffs-28mar2024
ausnet:NASN21|ausnet-2025-26-xlsx-monthly-demand||,ausnet:NASN21,ausnet-2025-26-xlsx-monthly-demand,,,2025-07-01,2026-06-30,ausnet-network-tariff-schedule-2025-26
ausnet:NASN21|ausnet-2026-27-xlsx-monthly-demand||,ausnet:NASN21,ausnet-2026-27-xlsx-monthly-demand,,,2026-07-01,2027-06-30,ausnet-network-tariff-schedule-2026-27-20260515
ausnet:NASN2P|ausnet-2023-24-app-monthly-demand||,ausnet:NASN2P,ausnet-2023-24-app-monthly-demand,,,2023-07-01,2024-06-30,ausnet-annual-pricing-proposal-2023-24
ausnet:NASN2P|ausnet-2024-25-xlsx-monthly-demand||,ausnet:NASN2P,ausnet-2024-25-xlsx-monthly-demand,,,2024-07-01,2025-06-30,ausnet-2024-25-schedule-of-tariffs-28mar2024
ausnet:NASN2S|ausnet-2023-24-app-monthly-demand||,ausnet:NASN2S,ausnet-2023-24-app-monthly-demand,,,2023-07-01,2024-06-30,ausnet-annual-pricing-proposal-2023-24
ausnet:NASN2S|ausnet-2024-25-xlsx-monthly-demand||,ausnet:NASN2S,ausnet-2024-25-xlsx-monthly-demand,,,2024-07-01,2025-06-30,ausnet-2024-25-schedule-of-tariffs-28mar2024
ausnet:NASN2S|ausnet-2025-26-xlsx-monthly-demand||,ausnet:NASN2S,ausnet-2025-26-xlsx-monthly-demand,,,2025-07-01,2026-06-30,ausnet-network-tariff-schedule-2025-26
ausnet:NASN2S|ausnet-2026-27-xlsx-monthly-demand||,ausnet:NASN2S,ausnet-2026-27-xlsx-monthly-demand,,,2026-07-01,2027-06-30,ausnet-network-tariff-schedule-2026-27-20260515
ausnet:NAT56|ausnet-2026-27-xlsx-capacity|capacity|,ausnet:NAT56,ausnet-2026-27-xlsx-capacity,capacity,,2026-07-01,2027-06-30,ausnet-network-tariff-schedule-2026-27-20260515
ausnet:NAT56|ausnet-2026-27-xlsx-critical-peak-demand|critical_peak_demand|,ausnet:NAT56,ausnet-2026-27-xlsx-critical-peak-demand,critical_peak_demand,,2026-07-01,2027-06-30,ausnet-network-tariff-schedule-2026-27-20260515
ausnet:NAT75|ausnet-2026-27-xlsx-capacity|capacity|,ausnet:NAT75,ausnet-2026-27-xlsx-capacity,capacity,,2026-07-01,2027-06-30,ausnet-network-tariff-schedule-2026-27-20260515
ausnet:NAT75|ausnet-2026-27-xlsx-critical-peak-demand|critical_peak_demand|,ausnet:NAT75,ausnet-2026-27-xlsx-critical-peak-demand,critical_peak_demand,,2026-07-01,2027-06-30,ausnet-network-tariff-schedule-2026-27-20260515
ausnet:NEN56|ausnet-2023-24-app-capacity|capacity|,ausnet:NEN56,ausnet-2023-24-app-capacity,capacity,,2023-07-01,2024-06-30,ausnet-annual-pricing-proposal-2023-24
ausnet:NEN56|ausnet-2023-24-app-critical-peak-demand|critical_peak_demand|,ausnet:NEN56,ausnet-2023-24-app-critical-peak-demand,critical_peak_demand,,2023-07-01,2024-06-30,ausnet-annual-pricing-proposal-2023-24
ausnet:NEN56|ausnet-2024-25-app-capacity|capacity|,ausnet:NEN56,ausnet-2024-25-app-capacity,capacity,,2024-07-01,2025-06-30,ausnet-annual-pricing-proposal-2024-25
ausnet:NEN56|ausnet-2024-25-app-critical-peak-demand|critical_peak_demand|,ausnet:NEN56,ausnet-2024-25-app-critical-peak-demand,critical_peak_demand,,2024-07-01,2025-06-30,ausnet-annual-pricing-proposal-2024-25
ausnet:NEN56|ausnet-2024-25-xlsx-capacity|capacity|,ausnet:NEN56,ausnet-2024-25-xlsx-capacity,capacity,,2024-07-01,2025-06-30,ausnet-2024-25-schedule-of-tariffs-28mar2024
ausnet:NEN56|ausnet-2024-25-xlsx-critical-peak-demand|critical_peak_demand|,ausnet:NEN56,ausnet-2024-25-xlsx-critical-peak-demand,critical_peak_demand,,2024-07-01,2025-06-30,ausnet-2024-25-schedule-of-tariffs-28mar2024
ausnet:NEN56|ausnet-2025-26-xlsx-capacity|capacity|,ausnet:NEN56,ausnet-2025-26-xlsx-capacity,capacity,,2025-07-01,2026-06-30,ausnet-network-tariff-schedule-2025-26
ausnet:NEN56|ausnet-2025-26-xlsx-critical-peak-demand|critical_peak_demand|,ausnet:NEN56,ausnet-2025-26-xlsx-critical-peak-demand,critical_peak_demand,,2025-07-01,2026-06-30,ausnet-network-tariff-schedule-2025-26
ausnet:NEN56|ausnet-2026-27-xlsx-capacity|capacity|,ausnet:NEN56,ausnet-2026-27-xlsx-capacity,capacity,,2026-07-01,2027-06-30,ausnet-network-tariff-schedule-2026-27-20260515
ausnet:NEN56|ausnet-2026-27-xlsx-critical-peak-demand|critical_peak_demand|,ausnet:NEN56,ausnet-2026-27-xlsx-critical-peak-demand,critical_peak_demand,,2026-07-01,2027-06-30,ausnet-network-tariff-schedule-2026-27-20260515
ausnet:NSP56|ausnet-2023-24-app-capacity|capacity|,ausnet:NSP56,ausnet-2023-24-app-capacity,capacity,,2023-07-01,2024-06-30,ausnet-annual-pricing-proposal-2023-24
ausnet:NSP56|ausnet-2023-24-app-critical-peak-demand|critical_peak_demand|,ausnet:NSP56,ausnet-2023-24-app-critical-peak-demand,critical_peak_demand,,2023-07-01,2024-06-30,ausnet-annual-pricing-proposal-2023-24
ausnet:NSP56|ausnet-2024-25-app-capacity|capacity|,ausnet:NSP56,ausnet-2024-25-app-capacity,capacity,,2024-07-01,2025-06-30,ausnet-annual-pricing-proposal-2024-25
ausnet:NSP56|ausnet-2024-25-app-critical-peak-demand|critical_peak_demand|,ausnet:NSP56,ausnet-2024-25-app-critical-peak-demand,critical_peak_demand,,2024-07-01,2025-06-30,ausnet-annual-pricing-proposal-2024-25
ausnet:NSP56|ausnet-2024-25-xlsx-capacity|capacity|,ausnet:NSP56,ausnet-2024-25-xlsx-capacity,capacity,,2024-07-01,2025-06-30,ausnet-2024-25-schedule-of-tariffs-28mar2024
ausnet:NSP56|ausnet-2024-25-xlsx-critical-peak-demand|critical_peak_demand|,ausnet:NSP56,ausnet-2024-25-xlsx-critical-peak-demand,critical_peak_demand,,2024-07-01,2025-06-30,ausnet-2024-25-schedule-of-tariffs-28mar2024
ausnet:NSP56|ausnet-2025-26-xlsx-capacity|capacity|,ausnet:NSP56,ausnet-2025-26-xlsx-capacity,capacity,,2025-07-01,2026-06-30,ausnet-network-tariff-schedule-2025-26
ausnet:NSP56|ausnet-2025-26-xlsx-critical-peak-demand|critical_peak_demand|,ausnet:NSP56,ausnet-2025-26-xlsx-critical-peak-demand,critical_peak_demand,,2025-07-01,2026-06-30,ausnet-network-tariff-schedule-2025-26
ausnet:NSP56|ausnet-2026-27-xlsx-capacity|capacity|,ausnet:NSP56,ausnet-2026-27-xlsx-capacity,capacity,,2026-07-01,2027-06-30,ausnet-network-tariff-schedule-2026-27-20260515
ausnet:NSP56|ausnet-2026-27-xlsx-critical-peak-demand|critical_peak_demand|,ausnet:NSP56,ausnet-2026-27-xlsx-critical-peak-demand,critical_peak_demand,,2026-07-01,2027-06-30,ausnet-network-tariff-schedule-2026-27-20260515
ausnet:NSP75|ausnet-2023-24-app-capacity|capacity|,ausnet:NSP75,ausnet-2023-24-app-capacity,capacity,,2023-07-01,2024-06-30,ausnet-annual-pricing-proposal-2023-24
ausnet:NSP75|ausnet-2023-24-app-critical-peak-demand|critical_peak_demand|,ausnet:NSP75,ausnet-2023-24-app-critical-peak-demand,critical_peak_demand,,2023-07-01,2024-06-30,ausnet-annual-pricing-proposal-2023-24
ausnet:NSP75|ausnet-2024-25-app-capacity|capacity|,ausnet:NSP75,ausnet-2024-25-app-capacity,capacity,,2024-07-01,2025-06-30,ausnet-annual-pricing-proposal-2024-25
ausnet:NSP75|ausnet-2024-25-app-critical-peak-demand|critical_peak_demand|,ausnet:NSP75,ausnet-2024-25-app-critical-peak-demand,critical_peak_demand,,2024-07-01,2025-06-30,ausnet-annual-pricing-proposal-2024-25
ausnet:NSP75|ausnet-2024-25-xlsx-capacity|capacity|,ausnet:NSP75,ausnet-2024-25-xlsx-capacity,capacity,,2024-07-01,2025-06-30,ausnet-2024-25-schedule-of-tariffs-28mar2024
ausnet:NSP75|ausnet-2024-25-xlsx-critical-peak-demand|critical_peak_demand|,ausnet:NSP75,ausnet-2024-25-xlsx-critical-peak-demand,critical_peak_demand,,2024-07-01,2025-06-30,ausnet-2024-25-schedule-of-tariffs-28mar2024
ausnet:NSP75|ausnet-2025-26-xlsx-capacity|capacity|,ausnet:NSP75,ausnet-2025-26-xlsx-capacity,capacity,,2025-07-01,2026-06-30,ausnet-network-tariff-schedule-2025-26
ausnet:NSP75|ausnet-2025-26-xlsx-critical-peak-demand|critical_peak_demand|,ausnet:NSP75,ausnet-2025-26-xlsx-critical-peak-demand,critical_peak_demand,,2025-07-01,2026-06-30,ausnet-network-tariff-schedule-2025-26
ausnet:NSP75|ausnet-2026-27-xlsx-capacity|capacity|,ausnet:NSP75,ausnet-2026-27-xlsx-capacity,capacity,,2026-07-01,2027-06-30,ausnet-network-tariff-schedule-2026-27-20260515
ausnet:NSP75|ausnet-2026-27-xlsx-critical-peak-demand|critical_peak_demand|,ausnet:NSP75,ausnet-2026-27-xlsx-critical-peak-demand,critical_peak_demand,,2026-07-01,2027-06-30,ausnet-network-tariff-schedule-2026-27-20260515
ausnet:NSP76|ausnet-2023-24-app-capacity|capacity|,ausnet:NSP76,ausnet-2023-24-app-capacity,capacity,,2023-07-01,2024-06-30,ausnet-annual-pricing-proposal-2023-24
ausnet:NSP76|ausnet-2023-24-app-critical-peak-demand|critical_peak_demand|,ausnet:NSP76,ausnet-2023-24-app-critical-peak-demand,critical_peak_demand,,2023-07-01,2024-06-30,ausnet-annual-pricing-proposal-2023-24
ausnet:NSP76|ausnet-2024-25-app-capacity|capacity|,ausnet:NSP76,ausnet-2024-25-app-capacity,capacity,,2024-07-01,2025-06-30,ausnet-annual-pricing-proposal-2024-25
ausnet:NSP76|ausnet-2024-25-app-critical-peak-demand|critical_peak_demand|,ausnet:NSP76,ausnet-2024-25-app-critical-peak-demand,critical_peak_demand,,2024-07-01,2025-06-30,ausnet-annual-pricing-proposal-2024-25
ausnet:NSP76|ausnet-2024-25-xlsx-capacity|capacity|,ausnet:NSP76,ausnet-2024-25-xlsx-capacity,capacity,,2024-07-01,2025-06-30,ausnet-2024-25-schedule-of-tariffs-28mar2024
ausnet:NSP76|ausnet-2024-25-xlsx-critical-peak-demand|critical_peak_demand|,ausnet:NSP76,ausnet-2024-25-xlsx-critical-peak-demand,critical_peak_demand,,2024-07-01,2025-06-30,ausnet-2024-25-schedule-of-tariffs-28mar2024
ausnet:NSP76|ausnet-2025-26-xlsx-capacity|capacity|,ausnet:NSP76,ausnet-2025-26-xlsx-capacity,capacity,,2025-07-01,2026-06-30,ausnet-network-tariff-schedule-2025-26
ausnet:NSP76|ausnet-2025-26-xlsx-critical-peak-demand|critical_peak_demand|,ausnet:NSP76,ausnet-2025-26-xlsx-critical-peak-demand,critical_peak_demand,,2025-07-01,2026-06-30,ausnet-network-tariff-schedule-2025-26
ausnet:NSP76|ausnet-2026-27-xlsx-capacity|capacity|,ausnet:NSP76,ausnet-2026-27-xlsx-capacity,capacity,,2026-07-01,2027-06-30,ausnet-network-tariff-schedule-2026-27-20260515
ausnet:NSP76|ausnet-2026-27-xlsx-critical-peak-demand|critical_peak_demand|,ausnet:NSP76,ausnet-2026-27-xlsx-critical-peak-demand,critical_peak_demand,,2026-07-01,2027-06-30,ausnet-network-tariff-schedule-2026-27-20260515
ausnet:NSP77|ausnet-2023-24-app-capacity|capacity|,ausnet:NSP77,ausnet-2023-24-app-capacity,capacity,,2023-07-01,2024-06-30,ausnet-annual-pricing-proposal-2023-24
ausnet:NSP77|ausnet-2023-24-app-critical-peak-demand|critical_peak_demand|,ausnet:NSP77,ausnet-2023-24-app-critical-peak-demand,critical_peak_demand,,2023-07-01,2024-06-30,ausnet-annual-pricing-proposal-2023-24
ausnet:NSP77|ausnet-2024-25-app-capacity|capacity|,ausnet:NSP77,ausnet-2024-25-app-capacity,capacity,,2024-07-01,2025-06-30,ausnet-annual-pricing-proposal-2024-25
ausnet:NSP77|ausnet-2024-25-app-critical-peak-demand|critical_peak_demand|,ausnet:NSP77,ausnet-2024-25-app-critical-peak-demand,critical_peak_demand,,2024-07-01,2025-06-30,ausnet-annual-pricing-proposal-2024-25
ausnet:NSP77|ausnet-2024-25-xlsx-capacity|capacity|,ausnet:NSP77,ausnet-2024-25-xlsx-capacity,capacity,,2024-07-01,2025-06-30,ausnet-2024-25-schedule-of-tariffs-28mar2024
ausnet:NSP77|ausnet-2024-25-xlsx-critical-peak-demand|critical_peak_demand|,ausnet:NSP77,ausnet-2024-25-xlsx-critical-peak-demand,critical_peak_demand,,2024-07-01,2025-06-30,ausnet-2024-25-schedule-of-tariffs-28mar2024
ausnet:NSP77|ausnet-2025-26-xlsx-capacity|capacity|,ausnet:NSP77,ausnet-2025-26-xlsx-capacity,capacity,,2025-07-01,2026-06-30,ausnet-network-tariff-schedule-2025-26
ausnet:NSP77|ausnet-2025-26-xlsx-critical-peak-demand|critical_peak_demand|,ausnet:NSP77,ausnet-2025-26-xlsx-critical-peak-demand,critical_peak_demand,,2025-07-01,2026-06-30,ausnet-network-tariff-schedule-2025-26
ausnet:NSP77|ausnet-2026-27-xlsx-capacity|capacity|,ausnet:NSP77,ausnet-2026-27-xlsx-capacity,capacity,,2026-07-01,2027-06-30,ausnet-network-tariff-schedule-2026-27-20260515
ausnet:NSP77|ausnet-2026-27-xlsx-critical-peak-demand|critical_peak_demand|,ausnet:NSP77,ausnet-2026-27-xlsx-critical-peak-demand,critical_peak_demand,,2026-07-01,2027-06-30,ausnet-network-tariff-schedule-2026-27-20260515
ausnet:NSP78|ausnet-2023-24-app-capacity|capacity|,ausnet:NSP78,ausnet-2023-24-app-capacity,capacity,,2023-07-01,2024-06-30,ausnet-annual-pricing-proposal-2023-24
ausnet:NSP78|ausnet-2023-24-app-critical-peak-demand|critical_peak_demand|,ausnet:NSP78,ausnet-2023-24-app-critical-peak-demand,critical_peak_demand,,2023-07-01,2024-06-30,ausnet-annual-pricing-proposal-2023-24
ausnet:NSP78|ausnet-2024-25-app-capacity|capacity|,ausnet:NSP78,ausnet-2024-25-app-capacity,capacity,,2024-07-01,2025-06-30,ausnet-annual-pricing-proposal-2024-25
ausnet:NSP78|ausnet-2024-25-app-critical-peak-demand|critical_peak_demand|,ausnet:NSP78,ausnet-2024-25-app-critical-peak-demand,critical_peak_demand,,2024-07-01,2025-06-30,ausnet-annual-pricing-proposal-2024-25
ausnet:NSP78|ausnet-2024-25-xlsx-capacity|capacity|,ausnet:NSP78,ausnet-2024-25-xlsx-capacity,capacity,,2024-07-01,2025-06-30,ausnet-2024-25-schedule-of-tariffs-28mar2024
ausnet:NSP78|ausnet-2024-25-xlsx-critical-peak-demand|critical_peak_demand|,ausnet:NSP78,ausnet-2024-25-xlsx-critical-peak-demand,critical_peak_demand,,2024-07-01,2025-06-30,ausnet-2024-25-schedule-of-tariffs-28mar2024
ausnet:NSP78|ausnet-2025-26-xlsx-capacity|capacity|,ausnet:NSP78,ausnet-2025-26-xlsx-capacity,capacity,,2025-07-01,2026-06-30,ausnet-network-tariff-schedule-2025-26
ausnet:NSP78|ausnet-2025-26-xlsx-critical-peak-demand|critical_peak_demand|,ausnet:NSP78,ausnet-2025-26-xlsx-critical-peak-demand,critical_peak_demand,,2025-07-01,2026-06-30,ausnet-network-tariff-schedule-2025-26
ausnet:NSP78|ausnet-2026-27-xlsx-capacity|capacity|,ausnet:NSP78,ausnet-2026-27-xlsx-capacity,capacity,,2026-07-01,2027-06-30,ausnet-network-tariff-schedule-2026-27-20260515
ausnet:NSP78|ausnet-2026-27-xlsx-critical-peak-demand|critical_peak_demand|,ausnet:NSP78,ausnet-2026-27-xlsx-critical-peak-demand,critical_peak_demand,,2026-07-01,2027-06-30,ausnet-network-tariff-schedule-2026-27-20260515
ausnet:NSP81|ausnet-2023-24-app-capacity|capacity|,ausnet:NSP81,ausnet-2023-24-app-capacity,capacity,,2023-07-01,2024-06-30,ausnet-annual-pricing-proposal-2023-24
ausnet:NSP81|ausnet-2023-24-app-critical-peak-demand|critical_peak_demand|,ausnet:NSP81,ausnet-2023-24-app-critical-peak-demand,critical_peak_demand,,2023-07-01,2024-06-30,ausnet-annual-pricing-proposal-2023-24
ausnet:NSP81|ausnet-2024-25-app-capacity|capacity|,ausnet:NSP81,ausnet-2024-25-app-capacity,capacity,,2024-07-01,2025-06-30,ausnet-annual-pricing-proposal-2024-25
ausnet:NSP81|ausnet-2024-25-app-critical-peak-demand|critical_peak_demand|,ausnet:NSP81,ausnet-2024-25-app-critical-peak-demand,critical_peak_demand,,2024-07-01,2025-06-30,ausnet-annual-pricing-proposal-2024-25
ausnet:NSP81|ausnet-2024-25-xlsx-capacity|capacity|,ausnet:NSP81,ausnet-2024-25-xlsx-capacity,capacity,,2024-07-01,2025-06-30,ausnet-2024-25-schedule-of-tariffs-28mar2024
ausnet:NSP81|ausnet-2024-25-xlsx-critical-peak-demand|critical_peak_demand|,ausnet:NSP81,ausnet-2024-25-xlsx-critical-peak-demand,critical_peak_demand,,2024-07-01,2025-06-30,ausnet-2024-25-schedule-of-tariffs-28mar2024
ausnet:NSP81|ausnet-2025-26-xlsx-capacity|capacity|,ausnet:NSP81,ausnet-2025-26-xlsx-capacity,capacity,,2025-07-01,2026-06-30,ausnet-network-tariff-schedule-2025-26
ausnet:NSP81|ausnet-2025-26-xlsx-critical-peak-demand|critical_peak_demand|,ausnet:NSP81,ausnet-2025-26-xlsx-critical-peak-demand,critical_peak_demand,,2025-07-01,2026-06-30,ausnet-network-tariff-schedule-2025-26
ausnet:NSP81|ausnet-2026-27-xlsx-capacity|capacity|,ausnet:NSP81,ausnet-2026-27-xlsx-capacity,capacity,,2026-07-01,2027-06-30,ausnet-network-tariff-schedule-2026-27-20260515
ausnet:NSP81|ausnet-2026-27-xlsx-critical-peak-demand|critical_peak_demand|,ausnet:NSP81,ausnet-2026-27-xlsx-critical-peak-demand,critical_peak_demand,,2026-07-01,2027-06-30,ausnet-network-tariff-schedule-2026-27-20260515
ausnet:NSP82|ausnet-2023-24-app-capacity|capacity|,ausnet:NSP82,ausnet-2023-24-app-capacity,capacity,,2023-07-01,2024-06-30,ausnet-annual-pricing-proposal-2023-24
ausnet:NSP82|ausnet-2023-24-app-critical-peak-demand|critical_peak_demand|,ausnet:NSP82,ausnet-2023-24-app-critical-peak-demand,critical_peak_demand,,2023-07-01,2024-06-30,ausnet-annual-pricing-proposal-2023-24
ausnet:NSP82|ausnet-2024-25-app-capacity|capacity|,ausnet:NSP82,ausnet-2024-25-app-capacity,capacity,,2024-07-01,2025-06-30,ausnet-annual-pricing-proposal-2024-25
ausnet:NSP82|ausnet-2024-25-app-critical-peak-demand|critical_peak_demand|,ausnet:NSP82,ausnet-2024-25-app-critical-peak-demand,critical_peak_demand,,2024-07-01,2025-06-30,ausnet-annual-pricing-proposal-2024-25
ausnet:NSP82|ausnet-2024-25-xlsx-capacity|capacity|,ausnet:NSP82,ausnet-2024-25-xlsx-capacity,capacity,,2024-07-01,2025-06-30,ausnet-2024-25-schedule-of-tariffs-28mar2024
ausnet:NSP82|ausnet-2024-25-xlsx-critical-peak-demand|critical_peak_demand|,ausnet:NSP82,ausnet-2024-25-xlsx-critical-peak-demand,critical_peak_demand,,2024-07-01,2025-06-30,ausnet-2024-25-schedule-of-tariffs-28mar2024
ausnet:NSP82|ausnet-2025-26-xlsx-capacity|capacity|,ausnet:NSP82,ausnet-2025-26-xlsx-capacity,capacity,,2025-07-01,2026-06-30,ausnet-network-tariff-schedule-2025-26
ausnet:NSP82|ausnet-2025-26-xlsx-critical-peak-demand|critical_peak_demand|,ausnet:NSP82,ausnet-2025-26-xlsx-critical-peak-demand,critical_peak_demand,,2025-07-01,2026-06-30,ausnet-network-tariff-schedule-2025-26
ausnet:NSP82|ausnet-2026-27-xlsx-capacity|capacity|,ausnet:NSP82,ausnet-2026-27-xlsx-capacity,capacity,,2026-07-01,2027-06-30,ausnet-network-tariff-schedule-2026-27-20260515
ausnet:NSP82|ausnet-2026-27-xlsx-critical-peak-demand|critical_peak_demand|,ausnet:NSP82,ausnet-2026-27-xlsx-critical-peak-demand,critical_peak_demand,,2026-07-01,2027-06-30,ausnet-network-tariff-schedule-2026-27-20260515
ausnet:NSP83|ausnet-2023-24-app-capacity|capacity|,ausnet:NSP83,ausnet-2023-24-app-capacity,capacity,,2023-07-01,2024-06-30,ausnet-annual-pricing-proposal-2023-24
ausnet:NSP83|ausnet-2023-24-app-critical-peak-demand|critical_peak_demand|,ausnet:NSP83,ausnet-2023-24-app-critical-peak-demand,critical_peak_demand,,2023-07-01,2024-06-30,ausnet-annual-pricing-proposal-2023-24
ausnet:NSP83|ausnet-2024-25-app-capacity|capacity|,ausnet:NSP83,ausnet-2024-25-app-capacity,capacity,,2024-07-01,2025-06-30,ausnet-annual-pricing-proposal-2024-25
ausnet:NSP83|ausnet-2024-25-app-critical-peak-demand|critical_peak_demand|,ausnet:NSP83,ausnet-2024-25-app-critical-peak-demand,critical_peak_demand,,2024-07-01,2025-06-30,ausnet-annual-pricing-proposal-2024-25
ausnet:NSP83|ausnet-2024-25-xlsx-capacity|capacity|,ausnet:NSP83,ausnet-2024-25-xlsx-capacity,capacity,,2024-07-01,2025-06-30,ausnet-2024-25-schedule-of-tariffs-28mar2024
ausnet:NSP83|ausnet-2024-25-xlsx-critical-peak-demand|critical_peak_demand|,ausnet:NSP83,ausnet-2024-25-xlsx-critical-peak-demand,critical_peak_demand,,2024-07-01,2025-06-30,ausnet-2024-25-schedule-of-tariffs-28mar2024
ausnet:NSP83|ausnet-2025-26-xlsx-capacity|capacity|,ausnet:NSP83,ausnet-2025-26-xlsx-capacity,capacity,,2025-07-01,2026-06-30,ausnet-network-tariff-schedule-2025-26
ausnet:NSP83|ausnet-2025-26-xlsx-critical-peak-demand|critical_peak_demand|,ausnet:NSP83,ausnet-2025-26-xlsx-critical-peak-demand,critical_peak_demand,,2025-07-01,2026-06-30,ausnet-network-tariff-schedule-2025-26
ausnet:NSP83|ausnet-2026-27-xlsx-capacity|capacity|,ausnet:NSP83,ausnet-2026-27-xlsx-capacity,capacity,,2026-07-01,2027-06-30,ausnet-network-tariff-schedule-2026-27-20260515
ausnet:NSP83|ausnet-2026-27-xlsx-critical-peak-demand|critical_peak_demand|,ausnet:NSP83,ausnet-2026-27-xlsx-critical-peak-demand,critical_peak_demand,,2026-07-01,2027-06-30,ausnet-network-tariff-schedule-2026-27-20260515
ausnet:NSP91|ausnet-2023-24-app-capacity|capacity|,ausnet:NSP91,ausnet-2023-24-app-capacity,capacity,,2023-07-01,2024-06-30,ausnet-annual-pricing-proposal-2023-24
ausnet:NSP91|ausnet-2023-24-app-critical-peak-demand|critical_peak_demand|,ausnet:NSP91,ausnet-2023-24-app-critical-peak-demand,critical_peak_demand,,2023-07-01,2024-06-30,ausnet-annual-pricing-proposal-2023-24
ausnet:NSP91|ausnet-2024-25-app-capacity|capacity|,ausnet:NSP91,ausnet-2024-25-app-capacity,capacity,,2024-07-01,2025-06-30,ausnet-annual-pricing-proposal-2024-25
ausnet:NSP91|ausnet-2024-25-app-critical-peak-demand|critical_peak_demand|,ausnet:NSP91,ausnet-2024-25-app-critical-peak-demand,critical_peak_demand,,2024-07-01,2025-06-30,ausnet-annual-pricing-proposal-2024-25
ausnet:NSP91|ausnet-2024-25-xlsx-capacity|capacity|,ausnet:NSP91,ausnet-2024-25-xlsx-capacity,capacity,,2024-07-01,2025-06-30,ausnet-2024-25-schedule-of-tariffs-28mar2024
ausnet:NSP91|ausnet-2024-25-xlsx-critical-peak-demand|critical_peak_demand|,ausnet:NSP91,ausnet-2024-25-xlsx-critical-peak-demand,critical_peak_demand,,2024-07-01,2025-06-30,ausnet-2024-25-schedule-of-tariffs-28mar2024
ausnet:NSP91|ausnet-2025-26-xlsx-capacity|capacity|,ausnet:NSP91,ausnet-2025-26-xlsx-capacity,capacity,,2025-07-01,2026-06-30,ausnet-network-tariff-schedule-2025-26
ausnet:NSP91|ausnet-2025-26-xlsx-critical-peak-demand|critical_peak_demand|,ausnet:NSP91,ausnet-2025-26-xlsx-critical-peak-demand,critical_peak_demand,,2025-07-01,2026-06-30,ausnet-network-tariff-schedule-2025-26
ausnet:NSP91|ausnet-2026-27-xlsx-capacity|capacity|,ausnet:NSP91,ausnet-2026-27-xlsx-capacity,capacity,,2026-07-01,2027-06-30,ausnet-network-tariff-schedule-2026-27-20260515
ausnet:NSP91|ausnet-2026-27-xlsx-critical-peak-demand|critical_peak_demand|,ausnet:NSP91,ausnet-2026-27-xlsx-critical-peak-demand,critical_peak_demand,,2026-07-01,2027-06-30,ausnet-network-tariff-schedule-2026-27-20260515
ausnet:NSP94|ausnet-2023-24-app-capacity|capacity|,ausnet:NSP94,ausnet-2023-24-app-capacity,capacity,,2023-07-01,2024-06-30,ausnet-annual-pricing-proposal-2023-24
ausnet:NSP94|ausnet-2023-24-app-critical-peak-demand|critical_peak_demand|,ausnet:NSP94,ausnet-2023-24-app-critical-peak-demand,critical_peak_demand,,2023-07-01,2024-06-30,ausnet-annual-pricing-proposal-2023-24
ausnet:NSP94|ausnet-2024-25-app-capacity|capacity|,ausnet:NSP94,ausnet-2024-25-app-capacity,capacity,,2024-07-01,2025-06-30,ausnet-annual-pricing-proposal-2024-25
ausnet:NSP94|ausnet-2024-25-app-critical-peak-demand|critical_peak_demand|,ausnet:NSP94,ausnet-2024-25-app-critical-peak-demand,critical_peak_demand,,2024-07-01,2025-06-30,ausnet-annual-pricing-proposal-2024-25
ausnet:NSP94|ausnet-2024-25-xlsx-capacity|capacity|,ausnet:NSP94,ausnet-2024-25-xlsx-capacity,capacity,,2024-07-01,2025-06-30,ausnet-2024-25-schedule-of-tariffs-28mar2024
ausnet:NSP94|ausnet-2024-25-xlsx-critical-peak-demand|critical_peak_demand|,ausnet:NSP94,ausnet-2024-25-xlsx-critical-peak-demand,critical_peak_demand,,2024-07-01,2025-06-30,ausnet-2024-25-schedule-of-tariffs-28mar2024
ausnet:NSP94|ausnet-2025-26-xlsx-capacity|capacity|,ausnet:NSP94,ausnet-2025-26-xlsx-capacity,capacity,,2025-07-01,2026-06-30,ausnet-network-tariff-schedule-2025-26
ausnet:NSP94|ausnet-2025-26-xlsx-critical-peak-demand|critical_peak_demand|,ausnet:NSP94,ausnet-2025-26-xlsx-critical-peak-demand,critical_peak_demand,,2025-07-01,2026-06-30,ausnet-network-tariff-schedule-2025-26
ausnet:NSP94|ausnet-2026-27-xlsx-capacity|capacity|,ausnet:NSP94,ausnet-2026-27-xlsx-capacity,capacity,,2026-07-01,2027-06-30,ausnet-network-tariff-schedule-2026-27-20260515
ausnet:NSP94|ausnet-2026-27-xlsx-critical-peak-demand|critical_peak_demand|,ausnet:NSP94,ausnet-2026-27-xlsx-critical-peak-demand,critical_peak_demand,,2026-07-01,2027-06-30,ausnet-network-tariff-schedule-2026-27-20260515
ausnet:NSP95|ausnet-2023-24-app-capacity|capacity|,ausnet:NSP95,ausnet-2023-24-app-capacity,capacity,,2023-07-01,2024-06-30,ausnet-annual-pricing-proposal-2023-24
ausnet:NSP95|ausnet-2023-24-app-critical-peak-demand|critical_peak_demand|,ausnet:NSP95,ausnet-2023-24-app-critical-peak-demand,critical_peak_demand,,2023-07-01,2024-06-30,ausnet-annual-pricing-proposal-2023-24
ausnet:NSP95|ausnet-2024-25-app-capacity|capacity|,ausnet:NSP95,ausnet-2024-25-app-capacity,capacity,,2024-07-01,2025-06-30,ausnet-annual-pricing-proposal-2024-25
ausnet:NSP95|ausnet-2024-25-app-critical-peak-demand|critical_peak_demand|,ausnet:NSP95,ausnet-2024-25-app-critical-peak-demand,critical_peak_demand,,2024-07-01,2025-06-30,ausnet-annual-pricing-proposal-2024-25
ausnet:NSP95|ausnet-2024-25-xlsx-capacity|capacity|,ausnet:NSP95,ausnet-2024-25-xlsx-capacity,capacity,,2024-07-01,2025-06-30,ausnet-2024-25-schedule-of-tariffs-28mar2024
ausnet:NSP95|ausnet-2024-25-xlsx-critical-peak-demand|critical_peak_demand|,ausnet:NSP95,ausnet-2024-25-xlsx-critical-peak-demand,critical_peak_demand,,2024-07-01,2025-06-30,ausnet-2024-25-schedule-of-tariffs-28mar2024
ausnet:NSP95|ausnet-2025-26-xlsx-capacity|capacity|,ausnet:NSP95,ausnet-2025-26-xlsx-capacity,capacity,,2025-07-01,2026-06-30,ausnet-network-tariff-schedule-2025-26
ausnet:NSP95|ausnet-2025-26-xlsx-critical-peak-demand|critical_peak_demand|,ausnet:NSP95,ausnet-2025-26-xlsx-critical-peak-demand,critical_peak_demand,,2025-07-01,2026-06-30,ausnet-network-tariff-schedule-2025-26
ausnet:NSP95|ausnet-2026-27-xlsx-capacity|capacity|,ausnet:NSP95,ausnet-2026-27-xlsx-capacity,capacity,,2026-07-01,2027-06-30,ausnet-network-tariff-schedule-2026-27-20260515
ausnet:NSP95|ausnet-2026-27-xlsx-critical-peak-demand|critical_peak_demand|,ausnet:NSP95,ausnet-2026-27-xlsx-critical-peak-demand,critical_peak_demand,,2026-07-01,2027-06-30,ausnet-network-tariff-schedule-2026-27-20260515
citipower:CFS|citipower-2627-pdf-cfs-capacity|capacity|,citipower:CFS,citipower-2627-pdf-cfs-capacity,capacity,,2026-07-01,2027-06-30,citipower-pricing-proposal-2026-27-07may2026
citipower:CG|citipower-2324-pdf-cg-cmg-demand||non-summer,citipower:CG,citipower-2324-pdf-cg-cmg-demand,,non-summer,2023-07-01,2024-06-30,citipower-pricing-proposal-2023-24-wayback
citipower:CG|citipower-2324-pdf-cg-cmg-demand||summer,citipower:CG,citipower-2324-pdf-cg-cmg-demand,,summer,2023-07-01,2024-06-30,citipower-pricing-proposal-2023-24-wayback
citipower:CG|citipower-2425-pdf-cg-cmg-demand||non-summer,citipower:CG,citipower-2425-pdf-cg-cmg-demand,,non-summer,2024-07-01,2025-06-30,citipower-pricing-proposal-2024-25-28mar2024-wayback
citipower:CG|citipower-2425-pdf-cg-cmg-demand||summer,citipower:CG,citipower-2425-pdf-cg-cmg-demand,,summer,2024-07-01,2025-06-30,citipower-pricing-proposal-2024-25-28mar2024-wayback
citipower:CG|citipower-2526-pdf-cg-cmg-demand||non-summer,citipower:CG,citipower-2526-pdf-cg-cmg-demand,,non-summer,2025-07-01,2026-06-30,citipower-pricing-proposal-2025-26-31mar2025-wayback
citipower:CG|citipower-2526-pdf-cg-cmg-demand||summer,citipower:CG,citipower-2526-pdf-cg-cmg-demand,,summer,2025-07-01,2026-06-30,citipower-pricing-proposal-2025-26-31mar2025-wayback
citipower:CG|citipower-2627-pdf-cg-cmg-demand||non-summer,citipower:CG,citipower-2627-pdf-cg-cmg-demand,,non-summer,2026-07-01,2027-06-30,citipower-pricing-proposal-2026-27-07may2026
citipower:CG|citipower-2627-pdf-cg-cmg-demand||summer,citipower:CG,citipower-2627-pdf-cg-cmg-demand,,summer,2026-07-01,2027-06-30,citipower-pricing-proposal-2026-27-07may2026
citipower:CHV1|citipower-2324-pdf-large-incentive-1|summer incentive|summer,citipower:CHV1,citipower-2324-pdf-large-incentive-1,summer incentive,summer,2023-07-01,2024-06-30,citipower-pricing-proposal-2023-24-wayback
citipower:CHV1|citipower-2324-pdf-large-rolling-hv|rolling|,citipower:CHV1,citipower-2324-pdf-large-rolling-hv,rolling,,2023-07-01,2024-06-30,citipower-pricing-proposal-2023-24-wayback
citipower:CHV1|citipower-2425-pdf-large-incentive-1|summer incentive|summer,citipower:CHV1,citipower-2425-pdf-large-incentive-1,summer incentive,summer,2024-07-01,2025-06-30,citipower-pricing-proposal-2024-25-28mar2024-wayback
citipower:CHV1|citipower-2425-pdf-large-rolling-hv|rolling|,citipower:CHV1,citipower-2425-pdf-large-rolling-hv,rolling,,2024-07-01,2025-06-30,citipower-pricing-proposal-2024-25-28mar2024-wayback
citipower:CHV1|citipower-2526-pdf-large-incentive-1|summer incentive|summer,citipower:CHV1,citipower-2526-pdf-large-incentive-1,summer incentive,summer,2025-07-01,2026-06-30,citipower-pricing-proposal-2025-26-31mar2025-wayback
citipower:CHV1|citipower-2526-pdf-large-rolling-hv|rolling|,citipower:CHV1,citipower-2526-pdf-large-rolling-hv,rolling,,2025-07-01,2026-06-30,citipower-pricing-proposal-2025-26-31mar2025-wayback
citipower:CHV1|citipower-2627-pdf-large-incentive-1|incentive|summer,citipower:CHV1,citipower-2627-pdf-large-incentive-1,incentive,summer,2026-07-01,2027-06-30,citipower-pricing-proposal-2026-27-07may2026
citipower:CHV1|citipower-2627-pdf-large-rolling-hv|rolling|,citipower:CHV1,citipower-2627-pdf-large-rolling-hv,rolling,,2026-07-01,2027-06-30,citipower-pricing-proposal-2026-27-07may2026
citipower:CHV2|citipower-2324-pdf-large-incentive-2|summer incentive|summer,citipower:CHV2,citipower-2324-pdf-large-incentive-2,summer incentive,summer,2023-07-01,2024-06-30,citipower-pricing-proposal-2023-24-wayback
citipower:CHV2|citipower-2324-pdf-large-rolling-hv|rolling|,citipower:CHV2,citipower-2324-pdf-large-rolling-hv,rolling,,2023-07-01,2024-06-30,citipower-pricing-proposal-2023-24-wayback
citipower:CHV2|citipower-2425-pdf-large-incentive-2|summer incentive|summer,citipower:CHV2,citipower-2425-pdf-large-incentive-2,summer incentive,summer,2024-07-01,2025-06-30,citipower-pricing-proposal-2024-25-28mar2024-wayback
citipower:CHV2|citipower-2425-pdf-large-rolling-hv|rolling|,citipower:CHV2,citipower-2425-pdf-large-rolling-hv,rolling,,2024-07-01,2025-06-30,citipower-pricing-proposal-2024-25-28mar2024-wayback
citipower:CHV2|citipower-2526-pdf-large-incentive-2|summer incentive|summer,citipower:CHV2,citipower-2526-pdf-large-incentive-2,summer incentive,summer,2025-07-01,2026-06-30,citipower-pricing-proposal-2025-26-31mar2025-wayback
citipower:CHV2|citipower-2526-pdf-large-rolling-hv|rolling|,citipower:CHV2,citipower-2526-pdf-large-rolling-hv,rolling,,2025-07-01,2026-06-30,citipower-pricing-proposal-2025-26-31mar2025-wayback
citipower:CHV2|citipower-2627-pdf-large-incentive-2|incentive|summer,citipower:CHV2,citipower-2627-pdf-large-incentive-2,incentive,summer,2026-07-01,2027-06-30,citipower-pricing-proposal-2026-27-07may2026
citipower:CHV2|citipower-2627-pdf-large-rolling-hv|rolling|,citipower:CHV2,citipower-2627-pdf-large-rolling-hv,rolling,,2026-07-01,2027-06-30,citipower-pricing-proposal-2026-27-07may2026
citipower:CHV3|citipower-2627-pdf-large-incentive-3|incentive|winter,citipower:CHV3,citipower-2627-pdf-large-incentive-3,incentive,winter,2026-07-01,2027-06-30,citipower-pricing-proposal-2026-27-07may2026
citipower:CHV3|citipower-2627-pdf-large-rolling-hv|rolling|,citipower:CHV3,citipower-2627-pdf-large-rolling-hv,rolling,,2026-07-01,2027-06-30,citipower-pricing-proposal-2026-27-07may2026
citipower:CHVT1|citipower-2324-pdf-large-incentive-1|summer incentive|summer,citipower:CHVT1,citipower-2324-pdf-large-incentive-1,summer incentive,summer,2023-07-01,2024-06-30,citipower-pricing-proposal-2023-24-wayback
citipower:CHVT1|citipower-2324-pdf-large-rolling-hv|rolling|,citipower:CHVT1,citipower-2324-pdf-large-rolling-hv,rolling,,2023-07-01,2024-06-30,citipower-pricing-proposal-2023-24-wayback
citipower:CHVT1|citipower-2425-pdf-large-incentive-1|summer incentive|summer,citipower:CHVT1,citipower-2425-pdf-large-incentive-1,summer incentive,summer,2024-07-01,2025-06-30,citipower-pricing-proposal-2024-25-28mar2024-wayback
citipower:CHVT1|citipower-2425-pdf-large-rolling-hv|rolling|,citipower:CHVT1,citipower-2425-pdf-large-rolling-hv,rolling,,2024-07-01,2025-06-30,citipower-pricing-proposal-2024-25-28mar2024-wayback
citipower:CHVT2|citipower-2324-pdf-large-incentive-2|summer incentive|summer,citipower:CHVT2,citipower-2324-pdf-large-incentive-2,summer incentive,summer,2023-07-01,2024-06-30,citipower-pricing-proposal-2023-24-wayback
citipower:CHVT2|citipower-2324-pdf-large-rolling-hv|rolling|,citipower:CHVT2,citipower-2324-pdf-large-rolling-hv,rolling,,2023-07-01,2024-06-30,citipower-pricing-proposal-2023-24-wayback
citipower:CHVT2|citipower-2425-pdf-large-incentive-2|summer incentive|summer,citipower:CHVT2,citipower-2425-pdf-large-incentive-2,summer incentive,summer,2024-07-01,2025-06-30,citipower-pricing-proposal-2024-25-28mar2024-wayback
citipower:CHVT2|citipower-2425-pdf-large-rolling-hv|rolling|,citipower:CHVT2,citipower-2425-pdf-large-rolling-hv,rolling,,2024-07-01,2025-06-30,citipower-pricing-proposal-2024-25-28mar2024-wayback
citipower:CLLV1|citipower-2324-pdf-large-incentive-1|summer incentive|summer,citipower:CLLV1,citipower-2324-pdf-large-incentive-1,summer incentive,summer,2023-07-01,2024-06-30,citipower-pricing-proposal-2023-24-wayback
citipower:CLLV1|citipower-2324-pdf-large-rolling-lv|rolling|,citipower:CLLV1,citipower-2324-pdf-large-rolling-lv,rolling,,2023-07-01,2024-06-30,citipower-pricing-proposal-2023-24-wayback
citipower:CLLV1|citipower-2425-pdf-large-incentive-1|summer incentive|summer,citipower:CLLV1,citipower-2425-pdf-large-incentive-1,summer incentive,summer,2024-07-01,2025-06-30,citipower-pricing-proposal-2024-25-28mar2024-wayback
citipower:CLLV1|citipower-2425-pdf-large-rolling-lv|rolling|,citipower:CLLV1,citipower-2425-pdf-large-rolling-lv,rolling,,2024-07-01,2025-06-30,citipower-pricing-proposal-2024-25-28mar2024-wayback
citipower:CLLV1|citipower-2526-pdf-large-incentive-1|summer incentive|summer,citipower:CLLV1,citipower-2526-pdf-large-incentive-1,summer incentive,summer,2025-07-01,2026-06-30,citipower-pricing-proposal-2025-26-31mar2025-wayback
citipower:CLLV1|citipower-2526-pdf-large-rolling-lv|rolling|,citipower:CLLV1,citipower-2526-pdf-large-rolling-lv,rolling,,2025-07-01,2026-06-30,citipower-pricing-proposal-2025-26-31mar2025-wayback
citipower:CLLV1|citipower-2627-pdf-large-incentive-1|incentive|summer,citipower:CLLV1,citipower-2627-pdf-large-incentive-1,incentive,summer,2026-07-01,2027-06-30,citipower-pricing-proposal-2026-27-07may2026
citipower:CLLV1|citipower-2627-pdf-large-rolling-lv|rolling|,citipower:CLLV1,citipower-2627-pdf-large-rolling-lv,rolling,,2026-07-01,2027-06-30,citipower-pricing-proposal-2026-27-07may2026
citipower:CLLV2|citipower-2324-pdf-large-incentive-2|summer incentive|summer,citipower:CLLV2,citipower-2324-pdf-large-incentive-2,summer incentive,summer,2023-07-01,2024-06-30,citipower-pricing-proposal-2023-24-wayback
citipower:CLLV2|citipower-2324-pdf-large-rolling-lv|rolling|,citipower:CLLV2,citipower-2324-pdf-large-rolling-lv,rolling,,2023-07-01,2024-06-30,citipower-pricing-proposal-2023-24-wayback
citipower:CLLV2|citipower-2425-pdf-large-incentive-2|summer incentive|summer,citipower:CLLV2,citipower-2425-pdf-large-incentive-2,summer incentive,summer,2024-07-01,2025-06-30,citipower-pricing-proposal-2024-25-28mar2024-wayback
citipower:CLLV2|citipower-2425-pdf-large-rolling-lv|rolling|,citipower:CLLV2,citipower-2425-pdf-large-rolling-lv,rolling,,2024-07-01,2025-06-30,citipower-pricing-proposal-2024-25-28mar2024-wayback
citipower:CLLV2|citipower-2526-pdf-large-incentive-2|summer incentive|summer,citipower:CLLV2,citipower-2526-pdf-large-incentive-2,summer incentive,summer,2025-07-01,2026-06-30,citipower-pricing-proposal-2025-26-31mar2025-wayback
citipower:CLLV2|citipower-2526-pdf-large-rolling-lv|rolling|,citipower:CLLV2,citipower-2526-pdf-large-rolling-lv,rolling,,2025-07-01,2026-06-30,citipower-pricing-proposal-2025-26-31mar2025-wayback
citipower:CLLV2|citipower-2627-pdf-large-incentive-2|incentive|summer,citipower:CLLV2,citipower-2627-pdf-large-incentive-2,incentive,summer,2026-07-01,2027-06-30,citipower-pricing-proposal-2026-27-07may2026
citipower:CLLV2|citipower-2627-pdf-large-rolling-lv|rolling|,citipower:CLLV2,citipower-2627-pdf-large-rolling-lv,rolling,,2026-07-01,2027-06-30,citipower-pricing-proposal-2026-27-07may2026
citipower:CLLV3|citipower-2627-pdf-large-incentive-3|incentive|winter,citipower:CLLV3,citipower-2627-pdf-large-incentive-3,incentive,winter,2026-07-01,2027-06-30,citipower-pricing-proposal-2026-27-07may2026
citipower:CLLV3|citipower-2627-pdf-large-rolling-lv|rolling|,citipower:CLLV3,citipower-2627-pdf-large-rolling-lv,rolling,,2026-07-01,2027-06-30,citipower-pricing-proposal-2026-27-07may2026
citipower:CLLVT1|citipower-2324-pdf-large-incentive-1|summer incentive|summer,citipower:CLLVT1,citipower-2324-pdf-large-incentive-1,summer incentive,summer,2023-07-01,2024-06-30,citipower-pricing-proposal-2023-24-wayback
citipower:CLLVT1|citipower-2324-pdf-large-rolling-lv|rolling|,citipower:CLLVT1,citipower-2324-pdf-large-rolling-lv,rolling,,2023-07-01,2024-06-30,citipower-pricing-proposal-2023-24-wayback
citipower:CLLVT1|citipower-2425-pdf-large-incentive-1|summer incentive|summer,citipower:CLLVT1,citipower-2425-pdf-large-incentive-1,summer incentive,summer,2024-07-01,2025-06-30,citipower-pricing-proposal-2024-25-28mar2024-wayback
citipower:CLLVT1|citipower-2425-pdf-large-rolling-lv|rolling|,citipower:CLLVT1,citipower-2425-pdf-large-rolling-lv,rolling,,2024-07-01,2025-06-30,citipower-pricing-proposal-2024-25-28mar2024-wayback
citipower:CLLVT2|citipower-2324-pdf-large-incentive-2|summer incentive|summer,citipower:CLLVT2,citipower-2324-pdf-large-incentive-2,summer incentive,summer,2023-07-01,2024-06-30,citipower-pricing-proposal-2023-24-wayback
citipower:CLLVT2|citipower-2324-pdf-large-rolling-lv|rolling|,citipower:CLLVT2,citipower-2324-pdf-large-rolling-lv,rolling,,2023-07-01,2024-06-30,citipower-pricing-proposal-2023-24-wayback
citipower:CLLVT2|citipower-2425-pdf-large-incentive-2|summer incentive|summer,citipower:CLLVT2,citipower-2425-pdf-large-incentive-2,summer incentive,summer,2024-07-01,2025-06-30,citipower-pricing-proposal-2024-25-28mar2024-wayback
citipower:CLLVT2|citipower-2425-pdf-large-rolling-lv|rolling|,citipower:CLLVT2,citipower-2425-pdf-large-rolling-lv,rolling,,2024-07-01,2025-06-30,citipower-pricing-proposal-2024-25-28mar2024-wayback
citipower:CMG|citipower-2025-26-cmg-demand-table-rule||,citipower:CMG,citipower-2025-26-cmg-demand-table-rule,,,2025-07-01,2026-06-30,citipower-pricing-proposal-2025-26-31mar2025-wayback
citipower:CMG|citipower-2026-27-cmg-demand-table-rule||,citipower:CMG,citipower-2026-27-cmg-demand-table-rule,,,2026-07-01,2027-06-30,citipower-pricing-proposal-2026-27-07may2026
citipower:CMG|citipower-2324-pdf-cg-cmg-demand||non-summer,citipower:CMG,citipower-2324-pdf-cg-cmg-demand,,non-summer,2023-07-01,2024-06-30,citipower-pricing-proposal-2023-24-wayback
citipower:CMG|citipower-2324-pdf-cg-cmg-demand||summer,citipower:CMG,citipower-2324-pdf-cg-cmg-demand,,summer,2023-07-01,2024-06-30,citipower-pricing-proposal-2023-24-wayback
citipower:CMG|citipower-2425-pdf-cg-cmg-demand||non-summer,citipower:CMG,citipower-2425-pdf-cg-cmg-demand,,non-summer,2024-07-01,2025-06-30,citipower-pricing-proposal-2024-25-28mar2024-wayback
citipower:CMG|citipower-2425-pdf-cg-cmg-demand||summer,citipower:CMG,citipower-2425-pdf-cg-cmg-demand,,summer,2024-07-01,2025-06-30,citipower-pricing-proposal-2024-25-28mar2024-wayback
citipower:CMG|citipower-2526-pdf-cg-cmg-demand||non-summer,citipower:CMG,citipower-2526-pdf-cg-cmg-demand,,non-summer,2025-07-01,2026-06-30,citipower-pricing-proposal-2025-26-31mar2025-wayback
citipower:CMG|citipower-2526-pdf-cg-cmg-demand||summer,citipower:CMG,citipower-2526-pdf-cg-cmg-demand,,summer,2025-07-01,2026-06-30,citipower-pricing-proposal-2025-26-31mar2025-wayback
citipower:CMG|citipower-2627-pdf-cg-cmg-demand||non-summer,citipower:CMG,citipower-2627-pdf-cg-cmg-demand,,non-summer,2026-07-01,2027-06-30,citipower-pricing-proposal-2026-27-07may2026
citipower:CMG|citipower-2627-pdf-cg-cmg-demand||summer,citipower:CMG,citipower-2627-pdf-cg-cmg-demand,,summer,2026-07-01,2027-06-30,citipower-pricing-proposal-2026-27-07may2026
citipower:CR|citipower-2324-pdf-cr-demand||non-summer,citipower:CR,citipower-2324-pdf-cr-demand,,non-summer,2023-07-01,2024-06-30,citipower-pricing-proposal-2023-24-wayback
citipower:CR|citipower-2324-pdf-cr-demand||summer,citipower:CR,citipower-2324-pdf-cr-demand,,summer,2023-07-01,2024-06-30,citipower-pricing-proposal-2023-24-wayback
citipower:CR|citipower-2425-pdf-cr-demand||non-summer,citipower:CR,citipower-2425-pdf-cr-demand,,non-summer,2024-07-01,2025-06-30,citipower-pricing-proposal-2024-25-28mar2024-wayback
citipower:CR|citipower-2425-pdf-cr-demand||summer,citipower:CR,citipower-2425-pdf-cr-demand,,summer,2024-07-01,2025-06-30,citipower-pricing-proposal-2024-25-28mar2024-wayback
citipower:CR|citipower-2526-pdf-cr-demand||non-summer,citipower:CR,citipower-2526-pdf-cr-demand,,non-summer,2025-07-01,2026-06-30,citipower-pricing-proposal-2025-26-31mar2025-wayback
citipower:CR|citipower-2526-pdf-cr-demand||summer,citipower:CR,citipower-2526-pdf-cr-demand,,summer,2025-07-01,2026-06-30,citipower-pricing-proposal-2025-26-31mar2025-wayback
citipower:CST2|citipower-2324-pdf-large-incentive-2|summer incentive|summer,citipower:CST2,citipower-2324-pdf-large-incentive-2,summer incentive,summer,2023-07-01,2024-06-30,citipower-pricing-proposal-2023-24-wayback
citipower:CST2|citipower-2324-pdf-large-rolling-st|rolling|,citipower:CST2,citipower-2324-pdf-large-rolling-st,rolling,,2023-07-01,2024-06-30,citipower-pricing-proposal-2023-24-wayback
citipower:CST2|citipower-2425-pdf-large-rolling-st|rolling|,citipower:CST2,citipower-2425-pdf-large-rolling-st,rolling,,2024-07-01,2025-06-30,citipower-pricing-proposal-2024-25-28mar2024-wayback
citipower:CST2|citipower-2526-pdf-large-rolling-st|rolling|,citipower:CST2,citipower-2526-pdf-large-rolling-st,rolling,,2025-07-01,2026-06-30,citipower-pricing-proposal-2025-26-31mar2025-wayback
citipower:CST2|citipower-2627-pdf-large-rolling-st|rolling|,citipower:CST2,citipower-2627-pdf-large-rolling-st,rolling,,2026-07-01,2027-06-30,citipower-pricing-proposal-2026-27-07may2026
citipower:GT|citipower-2324-pdf-gt-demand-a||,citipower:GT,citipower-2324-pdf-gt-demand-a,,,2023-07-01,2024-06-30,citipower-pricing-proposal-2023-24-wayback
citipower:GT|citipower-2324-pdf-gt-demand-b||,citipower:GT,citipower-2324-pdf-gt-demand-b,,,2023-07-01,2024-06-30,citipower-pricing-proposal-2023-24-wayback
citipower:GT|citipower-2425-pdf-gt-demand-a||,citipower:GT,citipower-2425-pdf-gt-demand-a,,,2024-07-01,2025-06-30,citipower-pricing-proposal-2024-25-28mar2024-wayback
citipower:GT|citipower-2425-pdf-gt-demand-b||,citipower:GT,citipower-2425-pdf-gt-demand-b,,,2024-07-01,2025-06-30,citipower-pricing-proposal-2024-25-28mar2024-wayback
endeavour:N19|endeavour-2023-24-demand-kva||,endeavour:N19,endeavour-2023-24-demand-kva,,,2023-07-01,2024-06-30,endeavour-2023-24-pricing-proposal-31mar2023
endeavour:N19|endeavour-2024-25-demand-kva||,endeavour:N19,endeavour-2024-25-demand-kva,,,2024-07-01,2025-06-30,endeavour-nuos-price-list-2024-25-v10
endeavour:N19|endeavour-2025-26-demand-kva||,endeavour:N19,endeavour-2025-26-demand-kva,,,2025-07-01,2026-06-30,endeavour-nuos-price-list-2025-26-v11
endeavour:N19|endeavour-2026-27-demand-kva||,endeavour:N19,endeavour-2026-27-demand-kva,,,2026-07-01,2027-06-30,endeavour-nuos-price-list-2026-27
endeavour:N20|endeavour-2024-25-demand-kva||,endeavour:N20,endeavour-2024-25-demand-kva,,,2024-07-01,2025-06-30,endeavour-nuos-price-list-2024-25-v10
endeavour:N20|endeavour-2025-26-demand-kva||,endeavour:N20,endeavour-2025-26-demand-kva,,,2025-07-01,2026-06-30,endeavour-nuos-price-list-2025-26-v11
endeavour:N20|endeavour-2026-27-demand-kva||,endeavour:N20,endeavour-2026-27-demand-kva,,,2026-07-01,2027-06-30,endeavour-nuos-price-list-2026-27
endeavour:N29|endeavour-2023-24-demand-kva||,endeavour:N29,endeavour-2023-24-demand-kva,,,2023-07-01,2024-06-30,endeavour-2023-24-pricing-proposal-31mar2023
endeavour:N29|endeavour-2024-25-demand-kva||,endeavour:N29,endeavour-2024-25-demand-kva,,,2024-07-01,2025-06-30,endeavour-nuos-price-list-2024-25-v10
endeavour:N29|endeavour-2025-26-demand-kva||,endeavour:N29,endeavour-2025-26-demand-kva,,,2025-07-01,2026-06-30,endeavour-nuos-price-list-2025-26-v11
endeavour:N29|endeavour-2026-27-demand-kva||,endeavour:N29,endeavour-2026-27-demand-kva,,,2026-07-01,2027-06-30,endeavour-nuos-price-list-2026-27
endeavour:N39|endeavour-2023-24-demand-kva||,endeavour:N39,endeavour-2023-24-demand-kva,,,2023-07-01,2024-06-30,endeavour-2023-24-pricing-proposal-31mar2023
endeavour:N39|endeavour-2024-25-demand-kva||,endeavour:N39,endeavour-2024-25-demand-kva,,,2024-07-01,2025-06-30,endeavour-nuos-price-list-2024-25-v10
endeavour:N39|endeavour-2025-26-demand-kva||,endeavour:N39,endeavour-2025-26-demand-kva,,,2025-07-01,2026-06-30,endeavour-nuos-price-list-2025-26-v11
endeavour:N39|endeavour-2026-27-demand-kva||,endeavour:N39,endeavour-2026-27-demand-kva,,,2026-07-01,2027-06-30,endeavour-nuos-price-list-2026-27
endeavour:N72|endeavour-2023-24-demand-kw||,endeavour:N72,endeavour-2023-24-demand-kw,,,2023-07-01,2024-06-30,endeavour-2023-24-pricing-proposal-31mar2023
endeavour:N72|endeavour-2024-25-demand-kw||,endeavour:N72,endeavour-2024-25-demand-kw,,,2024-07-01,2025-06-30,endeavour-nuos-price-list-2024-25-v10
endeavour:N72|endeavour-2025-26-demand-kw||,endeavour:N72,endeavour-2025-26-demand-kw,,,2025-07-01,2026-06-30,endeavour-nuos-price-list-2025-26-v11
endeavour:N72|endeavour-2026-27-demand-kw||,endeavour:N72,endeavour-2026-27-demand-kw,,,2026-07-01,2027-06-30,endeavour-nuos-price-list-2026-27
endeavour:N73|endeavour-2023-24-demand-kw||,endeavour:N73,endeavour-2023-24-demand-kw,,,2023-07-01,2024-06-30,endeavour-2023-24-pricing-proposal-31mar2023
endeavour:N73|endeavour-2024-25-demand-kw||,endeavour:N73,endeavour-2024-25-demand-kw,,,2024-07-01,2025-06-30,endeavour-nuos-price-list-2024-25-v10
endeavour:N73|endeavour-2025-26-demand-kw||,endeavour:N73,endeavour-2025-26-demand-kw,,,2025-07-01,2026-06-30,endeavour-nuos-price-list-2025-26-v11
endeavour:N73|endeavour-2026-27-demand-kw||,endeavour:N73,endeavour-2026-27-demand-kw,,,2026-07-01,2027-06-30,endeavour-nuos-price-list-2026-27
endeavour:N92|endeavour-2023-24-demand-kw||,endeavour:N92,endeavour-2023-24-demand-kw,,,2023-07-01,2024-06-30,endeavour-2023-24-pricing-proposal-31mar2023
endeavour:N92|endeavour-2024-25-demand-kw||,endeavour:N92,endeavour-2024-25-demand-kw,,,2024-07-01,2025-06-30,endeavour-nuos-price-list-2024-25-v10
endeavour:N92|endeavour-2025-26-demand-kw||,endeavour:N92,endeavour-2025-26-demand-kw,,,2025-07-01,2026-06-30,endeavour-nuos-price-list-2025-26-v11
endeavour:N92|endeavour-2026-27-demand-kw||,endeavour:N92,endeavour-2026-27-demand-kw,,,2026-07-01,2027-06-30,endeavour-nuos-price-list-2026-27
endeavour:N93|endeavour-2023-24-demand-kw||,endeavour:N93,endeavour-2023-24-demand-kw,,,2023-07-01,2024-06-30,endeavour-2023-24-pricing-proposal-31mar2023
endeavour:N93|endeavour-2024-25-demand-kw||,endeavour:N93,endeavour-2024-25-demand-kw,,,2024-07-01,2025-06-30,endeavour-nuos-price-list-2024-25-v10
endeavour:N93|endeavour-2025-26-demand-kw||,endeavour:N93,endeavour-2025-26-demand-kw,,,2025-07-01,2026-06-30,endeavour-nuos-price-list-2025-26-v11
endeavour:N93|endeavour-2026-27-demand-kw||,endeavour:N93,endeavour-2026-27-demand-kw,,,2026-07-01,2027-06-30,endeavour-nuos-price-list-2026-27
endeavour:NS19|endeavour-2024-25-demand-kw-obsolete-large||,endeavour:NS19,endeavour-2024-25-demand-kw-obsolete-large,,,2024-07-01,2025-06-30,endeavour-nuos-price-list-2024-25-v10
endeavour:NS29|endeavour-2024-25-demand-kw-obsolete-large||,endeavour:NS29,endeavour-2024-25-demand-kw-obsolete-large,,,2024-07-01,2025-06-30,endeavour-nuos-price-list-2024-25-v10
endeavour:NS39|endeavour-2024-25-demand-kw-obsolete-large||,endeavour:NS39,endeavour-2024-25-demand-kw-obsolete-large,,,2024-07-01,2025-06-30,endeavour-nuos-price-list-2024-25-v10
essential:BHND1CO|essential-2023-24-bhnd1co-demand||,essential:BHND1CO,essential-2023-24-bhnd1co-demand,,,2023-07-01,2024-06-30,essential-2023-24-network-price-list-31mar2023
essential:BHND3AO|essential-2024-25-three-rate-demand|off_peak|,essential:BHND3AO,essential-2024-25-three-rate-demand,off_peak,,2024-07-01,2025-06-30,essential-price-list-and-explanatory-notes-2024-25
essential:BHND3AO|essential-2024-25-three-rate-demand|peak|,essential:BHND3AO,essential-2024-25-three-rate-demand,peak,,2024-07-01,2025-06-30,essential-price-list-and-explanatory-notes-2024-25
essential:BHND3AO|essential-2024-25-three-rate-demand|shoulder|,essential:BHND3AO,essential-2024-25-three-rate-demand,shoulder,,2024-07-01,2025-06-30,essential-price-list-and-explanatory-notes-2024-25
essential:BHND3AO|essential-2025-26-three-rate-demand|off_peak|,essential:BHND3AO,essential-2025-26-three-rate-demand,off_peak,,2025-07-01,2026-06-30,essential-price-list-and-explanatory-notes-2025-26
essential:BHND3AO|essential-2025-26-three-rate-demand|peak|,essential:BHND3AO,essential-2025-26-three-rate-demand,peak,,2025-07-01,2026-06-30,essential-price-list-and-explanatory-notes-2025-26
essential:BHND3AO|essential-2025-26-three-rate-demand|shoulder|,essential:BHND3AO,essential-2025-26-three-rate-demand,shoulder,,2025-07-01,2026-06-30,essential-price-list-and-explanatory-notes-2025-26
essential:BHND3AO|essential-2026-27-three-rate-demand|off_peak|,essential:BHND3AO,essential-2026-27-three-rate-demand,off_peak,,2026-07-01,2027-06-30,essential-price-list-and-explanatory-notes-2026-27
essential:BHND3AO|essential-2026-27-three-rate-demand|peak|,essential:BHND3AO,essential-2026-27-three-rate-demand,peak,,2026-07-01,2027-06-30,essential-price-list-and-explanatory-notes-2026-27
essential:BHND3AO|essential-2026-27-three-rate-demand|shoulder|,essential:BHND3AO,essential-2026-27-three-rate-demand,shoulder,,2026-07-01,2027-06-30,essential-price-list-and-explanatory-notes-2026-27
essential:BHND4LS|essential-2024-25-storage-three-rate-demand|off_peak|,essential:BHND4LS,essential-2024-25-storage-three-rate-demand,off_peak,,2024-07-01,2025-06-30,essential-price-list-and-explanatory-notes-2024-25
essential:BHND4LS|essential-2024-25-storage-three-rate-demand|peak|,essential:BHND4LS,essential-2024-25-storage-three-rate-demand,peak,,2024-07-01,2025-06-30,essential-price-list-and-explanatory-notes-2024-25
essential:BHND4LS|essential-2024-25-storage-three-rate-demand|shoulder|,essential:BHND4LS,essential-2024-25-storage-three-rate-demand,shoulder,,2024-07-01,2025-06-30,essential-price-list-and-explanatory-notes-2024-25
essential:BHND4LS|essential-2025-26-storage-three-rate-demand|off_peak|,essential:BHND4LS,essential-2025-26-storage-three-rate-demand,off_peak,,2025-07-01,2026-06-30,essential-price-list-and-explanatory-notes-2025-26
essential:BHND4LS|essential-2025-26-storage-three-rate-demand|peak|,essential:BHND4LS,essential-2025-26-storage-three-rate-demand,peak,,2025-07-01,2026-06-30,essential-price-list-and-explanatory-notes-2025-26
essential:BHND4LS|essential-2025-26-storage-three-rate-demand|shoulder|,essential:BHND4LS,essential-2025-26-storage-three-rate-demand,shoulder,,2025-07-01,2026-06-30,essential-price-list-and-explanatory-notes-2025-26
essential:BHND4LS|essential-2026-27-storage-three-rate-demand|off_peak|,essential:BHND4LS,essential-2026-27-storage-three-rate-demand,off_peak,,2026-07-01,2027-06-30,essential-price-list-and-explanatory-notes-2026-27
essential:BHND4LS|essential-2026-27-storage-three-rate-demand|peak|,essential:BHND4LS,essential-2026-27-storage-three-rate-demand,peak,,2026-07-01,2027-06-30,essential-price-list-and-explanatory-notes-2026-27
essential:BHND4LS|essential-2026-27-storage-three-rate-demand|shoulder|,essential:BHND4LS,essential-2026-27-storage-three-rate-demand,shoulder,,2026-07-01,2027-06-30,essential-price-list-and-explanatory-notes-2026-27
essential:BHNS1AO|essential-2023-24-bhns1ao-avg-daily-demand|off_peak|,essential:BHNS1AO,essential-2023-24-bhns1ao-avg-daily-demand,off_peak,,2023-07-01,2024-06-30,essential-2023-24-network-price-list-31mar2023
essential:BHNS1AO|essential-2023-24-bhns1ao-avg-daily-demand|peak|,essential:BHNS1AO,essential-2023-24-bhns1ao-avg-daily-demand,peak,,2023-07-01,2024-06-30,essential-2023-24-network-price-list-31mar2023
essential:BHNS1AO|essential-2023-24-bhns1ao-avg-daily-demand|shoulder|,essential:BHNS1AO,essential-2023-24-bhns1ao-avg-daily-demand,shoulder,,2023-07-01,2024-06-30,essential-2023-24-network-price-list-31mar2023
essential:BHNS1AO|essential-2024-25-bhns1ao-avg-daily-demand|off_peak|,essential:BHNS1AO,essential-2024-25-bhns1ao-avg-daily-demand,off_peak,,2024-07-01,2025-06-30,essential-price-list-and-explanatory-notes-2024-25
essential:BHNS1AO|essential-2024-25-bhns1ao-avg-daily-demand|peak|,essential:BHNS1AO,essential-2024-25-bhns1ao-avg-daily-demand,peak,,2024-07-01,2025-06-30,essential-price-list-and-explanatory-notes-2024-25
essential:BHNS1AO|essential-2024-25-bhns1ao-avg-daily-demand|shoulder|,essential:BHNS1AO,essential-2024-25-bhns1ao-avg-daily-demand,shoulder,,2024-07-01,2025-06-30,essential-price-list-and-explanatory-notes-2024-25
essential:BHNS1AO|essential-2025-26-bhns1ao-avg-daily-demand|off_peak|,essential:BHNS1AO,essential-2025-26-bhns1ao-avg-daily-demand,off_peak,,2025-07-01,2026-06-30,essential-price-list-and-explanatory-notes-2025-26
essential:BHNS1AO|essential-2025-26-bhns1ao-avg-daily-demand|peak|,essential:BHNS1AO,essential-2025-26-bhns1ao-avg-daily-demand,peak,,2025-07-01,2026-06-30,essential-price-list-and-explanatory-notes-2025-26
essential:BHNS1AO|essential-2025-26-bhns1ao-avg-daily-demand|shoulder|,essential:BHNS1AO,essential-2025-26-bhns1ao-avg-daily-demand,shoulder,,2025-07-01,2026-06-30,essential-price-list-and-explanatory-notes-2025-26
essential:BHNS1AO|essential-2026-27-bhns1ao-avg-daily-demand|off_peak|,essential:BHNS1AO,essential-2026-27-bhns1ao-avg-daily-demand,off_peak,,2026-07-01,2027-06-30,essential-price-list-and-explanatory-notes-2026-27
essential:BHNS1AO|essential-2026-27-bhns1ao-avg-daily-demand|peak|,essential:BHNS1AO,essential-2026-27-bhns1ao-avg-daily-demand,peak,,2026-07-01,2027-06-30,essential-price-list-and-explanatory-notes-2026-27
essential:BHNS1AO|essential-2026-27-bhns1ao-avg-daily-demand|shoulder|,essential:BHNS1AO,essential-2026-27-bhns1ao-avg-daily-demand,shoulder,,2026-07-01,2027-06-30,essential-price-list-and-explanatory-notes-2026-27
essential:BLND1AB|essential-2024-25-opt-in-demand|peak|,essential:BLND1AB,essential-2024-25-opt-in-demand,peak,,2024-07-01,2025-06-30,essential-price-list-and-explanatory-notes-2024-25
essential:BLND1AB|essential-2025-26-opt-in-demand|peak|,essential:BLND1AB,essential-2025-26-opt-in-demand,peak,,2025-07-01,2026-06-30,essential-price-list-and-explanatory-notes-2025-26
essential:BLND1AB|essential-2026-27-opt-in-demand|peak|,essential:BLND1AB,essential-2026-27-opt-in-demand,peak,,2026-07-01,2027-06-30,essential-price-list-and-explanatory-notes-2026-27
essential:BLND1AR|essential-2024-25-opt-in-demand|peak|,essential:BLND1AR,essential-2024-25-opt-in-demand,peak,,2024-07-01,2025-06-30,essential-price-list-and-explanatory-notes-2024-25
essential:BLND1AR|essential-2025-26-opt-in-demand|peak|,essential:BLND1AR,essential-2025-26-opt-in-demand,peak,,2025-07-01,2026-06-30,essential-price-list-and-explanatory-notes-2025-26
essential:BLND1AR|essential-2026-27-opt-in-demand|peak|,essential:BLND1AR,essential-2026-27-opt-in-demand,peak,,2026-07-01,2027-06-30,essential-price-list-and-explanatory-notes-2026-27
essential:BLND1CO|essential-2023-24-blnd1co-demand||,essential:BLND1CO,essential-2023-24-blnd1co-demand,,,2023-07-01,2024-06-30,essential-2023-24-network-price-list-31mar2023
essential:BLND1NO|essential-2023-24-blnd1co-demand||,essential:BLND1NO,essential-2023-24-blnd1co-demand,,,2023-07-01,2024-06-30,essential-2023-24-network-price-list-31mar2023
essential:BLND3AO|essential-2024-25-three-rate-demand|off_peak|,essential:BLND3AO,essential-2024-25-three-rate-demand,off_peak,,2024-07-01,2025-06-30,essential-price-list-and-explanatory-notes-2024-25
essential:BLND3AO|essential-2024-25-three-rate-demand|peak|,essential:BLND3AO,essential-2024-25-three-rate-demand,peak,,2024-07-01,2025-06-30,essential-price-list-and-explanatory-notes-2024-25
essential:BLND3AO|essential-2024-25-three-rate-demand|shoulder|,essential:BLND3AO,essential-2024-25-three-rate-demand,shoulder,,2024-07-01,2025-06-30,essential-price-list-and-explanatory-notes-2024-25
essential:BLND3AO|essential-2025-26-three-rate-demand|off_peak|,essential:BLND3AO,essential-2025-26-three-rate-demand,off_peak,,2025-07-01,2026-06-30,essential-price-list-and-explanatory-notes-2025-26
essential:BLND3AO|essential-2025-26-three-rate-demand|peak|,essential:BLND3AO,essential-2025-26-three-rate-demand,peak,,2025-07-01,2026-06-30,essential-price-list-and-explanatory-notes-2025-26
essential:BLND3AO|essential-2025-26-three-rate-demand|shoulder|,essential:BLND3AO,essential-2025-26-three-rate-demand,shoulder,,2025-07-01,2026-06-30,essential-price-list-and-explanatory-notes-2025-26
essential:BLND3AO|essential-2026-27-three-rate-demand|off_peak|,essential:BLND3AO,essential-2026-27-three-rate-demand,off_peak,,2026-07-01,2027-06-30,essential-price-list-and-explanatory-notes-2026-27
essential:BLND3AO|essential-2026-27-three-rate-demand|peak|,essential:BLND3AO,essential-2026-27-three-rate-demand,peak,,2026-07-01,2027-06-30,essential-price-list-and-explanatory-notes-2026-27
essential:BLND3AO|essential-2026-27-three-rate-demand|shoulder|,essential:BLND3AO,essential-2026-27-three-rate-demand,shoulder,,2026-07-01,2027-06-30,essential-price-list-and-explanatory-notes-2026-27
essential:BLND3TO|essential-2023-24-blnd3to-demand||,essential:BLND3TO,essential-2023-24-blnd3to-demand,,,2023-07-01,2024-06-30,essential-2023-24-network-price-list-31mar2023
essential:BLND3TO|essential-2024-25-blnd3to-demand||,essential:BLND3TO,essential-2024-25-blnd3to-demand,,,2024-07-01,2025-06-30,essential-price-list-and-explanatory-notes-2024-25
essential:BLND3TO|essential-2025-26-blnd3to-demand||,essential:BLND3TO,essential-2025-26-blnd3to-demand,,,2025-07-01,2026-06-30,essential-price-list-and-explanatory-notes-2025-26
essential:BLND3TO|essential-2026-27-blnd3to-demand||,essential:BLND3TO,essential-2026-27-blnd3to-demand,,,2026-07-01,2027-06-30,essential-price-list-and-explanatory-notes-2026-27
essential:BLND4LS|essential-2024-25-storage-three-rate-demand|off_peak|,essential:BLND4LS,essential-2024-25-storage-three-rate-demand,off_peak,,2024-07-01,2025-06-30,essential-price-list-and-explanatory-notes-2024-25
essential:BLND4LS|essential-2024-25-storage-three-rate-demand|peak|,essential:BLND4LS,essential-2024-25-storage-three-rate-demand,peak,,2024-07-01,2025-06-30,essential-price-list-and-explanatory-notes-2024-25
essential:BLND4LS|essential-2024-25-storage-three-rate-demand|shoulder|,essential:BLND4LS,essential-2024-25-storage-three-rate-demand,shoulder,,2024-07-01,2025-06-30,essential-price-list-and-explanatory-notes-2024-25
essential:BLND4LS|essential-2025-26-storage-three-rate-demand|off_peak|,essential:BLND4LS,essential-2025-26-storage-three-rate-demand,off_peak,,2025-07-01,2026-06-30,essential-price-list-and-explanatory-notes-2025-26
essential:BLND4LS|essential-2025-26-storage-three-rate-demand|peak|,essential:BLND4LS,essential-2025-26-storage-three-rate-demand,peak,,2025-07-01,2026-06-30,essential-price-list-and-explanatory-notes-2025-26
essential:BLND4LS|essential-2025-26-storage-three-rate-demand|shoulder|,essential:BLND4LS,essential-2025-26-storage-three-rate-demand,shoulder,,2025-07-01,2026-06-30,essential-price-list-and-explanatory-notes-2025-26
essential:BLND4LS|essential-2026-27-storage-three-rate-demand|off_peak|,essential:BLND4LS,essential-2026-27-storage-three-rate-demand,off_peak,,2026-07-01,2027-06-30,essential-price-list-and-explanatory-notes-2026-27
essential:BLND4LS|essential-2026-27-storage-three-rate-demand|peak|,essential:BLND4LS,essential-2026-27-storage-three-rate-demand,peak,,2026-07-01,2027-06-30,essential-price-list-and-explanatory-notes-2026-27
essential:BLND4LS|essential-2026-27-storage-three-rate-demand|shoulder|,essential:BLND4LS,essential-2026-27-storage-three-rate-demand,shoulder,,2026-07-01,2027-06-30,essential-price-list-and-explanatory-notes-2026-27
essential:BLND4SB|essential-2024-25-storage-three-rate-demand|off_peak|,essential:BLND4SB,essential-2024-25-storage-three-rate-demand,off_peak,,2024-07-01,2025-06-30,essential-price-list-and-explanatory-notes-2024-25
essential:BLND4SB|essential-2024-25-storage-three-rate-demand|peak|,essential:BLND4SB,essential-2024-25-storage-three-rate-demand,peak,,2024-07-01,2025-06-30,essential-price-list-and-explanatory-notes-2024-25
essential:BLND4SB|essential-2024-25-storage-three-rate-demand|shoulder|,essential:BLND4SB,essential-2024-25-storage-three-rate-demand,shoulder,,2024-07-01,2025-06-30,essential-price-list-and-explanatory-notes-2024-25
essential:BLND4SB|essential-2025-26-storage-three-rate-demand|off_peak|,essential:BLND4SB,essential-2025-26-storage-three-rate-demand,off_peak,,2025-07-01,2026-06-30,essential-price-list-and-explanatory-notes-2025-26
essential:BLND4SB|essential-2025-26-storage-three-rate-demand|peak|,essential:BLND4SB,essential-2025-26-storage-three-rate-demand,peak,,2025-07-01,2026-06-30,essential-price-list-and-explanatory-notes-2025-26
essential:BLND4SB|essential-2025-26-storage-three-rate-demand|shoulder|,essential:BLND4SB,essential-2025-26-storage-three-rate-demand,shoulder,,2025-07-01,2026-06-30,essential-price-list-and-explanatory-notes-2025-26
essential:BLND4SB|essential-2026-27-storage-three-rate-demand|off_peak|,essential:BLND4SB,essential-2026-27-storage-three-rate-demand,off_peak,,2026-07-01,2027-06-30,essential-price-list-and-explanatory-notes-2026-27
essential:BLND4SB|essential-2026-27-storage-three-rate-demand|peak|,essential:BLND4SB,essential-2026-27-storage-three-rate-demand,peak,,2026-07-01,2027-06-30,essential-price-list-and-explanatory-notes-2026-27
essential:BLND4SB|essential-2026-27-storage-three-rate-demand|shoulder|,essential:BLND4SB,essential-2026-27-storage-three-rate-demand,shoulder,,2026-07-01,2027-06-30,essential-price-list-and-explanatory-notes-2026-27
essential:BLNDTRS|essential-2024-25-three-rate-demand|off_peak|,essential:BLNDTRS,essential-2024-25-three-rate-demand,off_peak,,2024-07-01,2025-06-30,essential-price-list-and-explanatory-notes-2024-25
essential:BLNDTRS|essential-2024-25-three-rate-demand|peak|,essential:BLNDTRS,essential-2024-25-three-rate-demand,peak,,2024-07-01,2025-06-30,essential-price-list-and-explanatory-notes-2024-25
essential:BLNDTRS|essential-2024-25-three-rate-demand|shoulder|,essential:BLNDTRS,essential-2024-25-three-rate-demand,shoulder,,2024-07-01,2025-06-30,essential-price-list-and-explanatory-notes-2024-25
essential:BLNS1AO|essential-2023-24-blns1ao-avg-daily-demand|off_peak|,essential:BLNS1AO,essential-2023-24-blns1ao-avg-daily-demand,off_peak,,2023-07-01,2024-06-30,essential-2023-24-network-price-list-31mar2023
essential:BLNS1AO|essential-2023-24-blns1ao-avg-daily-demand|peak|,essential:BLNS1AO,essential-2023-24-blns1ao-avg-daily-demand,peak,,2023-07-01,2024-06-30,essential-2023-24-network-price-list-31mar2023
essential:BLNS1AO|essential-2023-24-blns1ao-avg-daily-demand|shoulder|,essential:BLNS1AO,essential-2023-24-blns1ao-avg-daily-demand,shoulder,,2023-07-01,2024-06-30,essential-2023-24-network-price-list-31mar2023
essential:BLNS1AO|essential-2024-25-blns1ao-avg-daily-demand|off_peak|,essential:BLNS1AO,essential-2024-25-blns1ao-avg-daily-demand,off_peak,,2024-07-01,2025-06-30,essential-price-list-and-explanatory-notes-2024-25
essential:BLNS1AO|essential-2024-25-blns1ao-avg-daily-demand|peak|,essential:BLNS1AO,essential-2024-25-blns1ao-avg-daily-demand,peak,,2024-07-01,2025-06-30,essential-price-list-and-explanatory-notes-2024-25
essential:BLNS1AO|essential-2024-25-blns1ao-avg-daily-demand|shoulder|,essential:BLNS1AO,essential-2024-25-blns1ao-avg-daily-demand,shoulder,,2024-07-01,2025-06-30,essential-price-list-and-explanatory-notes-2024-25
essential:BLNS1AO|essential-2025-26-blns1ao-avg-daily-demand|off_peak|,essential:BLNS1AO,essential-2025-26-blns1ao-avg-daily-demand,off_peak,,2025-07-01,2026-06-30,essential-price-list-and-explanatory-notes-2025-26
essential:BLNS1AO|essential-2025-26-blns1ao-avg-daily-demand|peak|,essential:BLNS1AO,essential-2025-26-blns1ao-avg-daily-demand,peak,,2025-07-01,2026-06-30,essential-price-list-and-explanatory-notes-2025-26
essential:BLNS1AO|essential-2025-26-blns1ao-avg-daily-demand|shoulder|,essential:BLNS1AO,essential-2025-26-blns1ao-avg-daily-demand,shoulder,,2025-07-01,2026-06-30,essential-price-list-and-explanatory-notes-2025-26
essential:BLNS1AO|essential-2026-27-blns1ao-avg-daily-demand|off_peak|,essential:BLNS1AO,essential-2026-27-blns1ao-avg-daily-demand,off_peak,,2026-07-01,2027-06-30,essential-price-list-and-explanatory-notes-2026-27
essential:BLNS1AO|essential-2026-27-blns1ao-avg-daily-demand|peak|,essential:BLNS1AO,essential-2026-27-blns1ao-avg-daily-demand,peak,,2026-07-01,2027-06-30,essential-price-list-and-explanatory-notes-2026-27
essential:BLNS1AO|essential-2026-27-blns1ao-avg-daily-demand|shoulder|,essential:BLNS1AO,essential-2026-27-blns1ao-avg-daily-demand,shoulder,,2026-07-01,2027-06-30,essential-price-list-and-explanatory-notes-2026-27
essential:BSSD3AO|essential-2024-25-three-rate-demand|off_peak|,essential:BSSD3AO,essential-2024-25-three-rate-demand,off_peak,,2024-07-01,2025-06-30,essential-price-list-and-explanatory-notes-2024-25
essential:BSSD3AO|essential-2024-25-three-rate-demand|peak|,essential:BSSD3AO,essential-2024-25-three-rate-demand,peak,,2024-07-01,2025-06-30,essential-price-list-and-explanatory-notes-2024-25
essential:BSSD3AO|essential-2024-25-three-rate-demand|shoulder|,essential:BSSD3AO,essential-2024-25-three-rate-demand,shoulder,,2024-07-01,2025-06-30,essential-price-list-and-explanatory-notes-2024-25
essential:BSSD3AO|essential-2025-26-three-rate-demand|off_peak|,essential:BSSD3AO,essential-2025-26-three-rate-demand,off_peak,,2025-07-01,2026-06-30,essential-price-list-and-explanatory-notes-2025-26
essential:BSSD3AO|essential-2025-26-three-rate-demand|peak|,essential:BSSD3AO,essential-2025-26-three-rate-demand,peak,,2025-07-01,2026-06-30,essential-price-list-and-explanatory-notes-2025-26
essential:BSSD3AO|essential-2025-26-three-rate-demand|shoulder|,essential:BSSD3AO,essential-2025-26-three-rate-demand,shoulder,,2025-07-01,2026-06-30,essential-price-list-and-explanatory-notes-2025-26
essential:BSSD3AO|essential-2026-27-three-rate-demand|off_peak|,essential:BSSD3AO,essential-2026-27-three-rate-demand,off_peak,,2026-07-01,2027-06-30,essential-price-list-and-explanatory-notes-2026-27
essential:BSSD3AO|essential-2026-27-three-rate-demand|peak|,essential:BSSD3AO,essential-2026-27-three-rate-demand,peak,,2026-07-01,2027-06-30,essential-price-list-and-explanatory-notes-2026-27
essential:BSSD3AO|essential-2026-27-three-rate-demand|shoulder|,essential:BSSD3AO,essential-2026-27-three-rate-demand,shoulder,,2026-07-01,2027-06-30,essential-price-list-and-explanatory-notes-2026-27
evoenergy:023|evo-2024-25-023-dem-76|peak|high,evoenergy:023,evo-2024-25-023-dem-76,peak,high,2024-07-01,2025-06-30,evoenergy-schedule-of-charges-2024-25-lfit-adjusted
evoenergy:023|evo-2024-25-023-dem-81|peak|low,evoenergy:023,evo-2024-25-023-dem-81,peak,low,2024-07-01,2025-06-30,evoenergy-schedule-of-charges-2024-25-lfit-adjusted
evoenergy:023|evo-2024-25-023-dem-86|off_peak|,evoenergy:023,evo-2024-25-023-dem-86,off_peak,,2024-07-01,2025-06-30,evoenergy-schedule-of-charges-2024-25-lfit-adjusted
evoenergy:023|evo-2025-26-soc-incl-lfit-023-dem-100|peak|high,evoenergy:023,evo-2025-26-soc-incl-lfit-023-dem-100,peak,high,2025-07-01,2026-06-30,evoenergy-schedule-of-charges-2025-26-incl-lfit-may2025
evoenergy:023|evo-2025-26-soc-incl-lfit-023-dem-101|peak|low,evoenergy:023,evo-2025-26-soc-incl-lfit-023-dem-101,peak,low,2025-07-01,2026-06-30,evoenergy-schedule-of-charges-2025-26-incl-lfit-may2025
evoenergy:023|evo-2025-26-soc-incl-lfit-023-dem-102|off_peak|,evoenergy:023,evo-2025-26-soc-incl-lfit-023-dem-102,off_peak,,2025-07-01,2026-06-30,evoenergy-schedule-of-charges-2025-26-incl-lfit-may2025
evoenergy:023|evo-2026-27-soc-aer-approved-023-dem-100|peak|high,evoenergy:023,evo-2026-27-soc-aer-approved-023-dem-100,peak,high,2026-07-01,2027-06-30,evoenergy-schedule-of-charges-2026-27-aer-approved-april2026
evoenergy:023|evo-2026-27-soc-aer-approved-023-dem-101|peak|low,evoenergy:023,evo-2026-27-soc-aer-approved-023-dem-101,peak,low,2026-07-01,2027-06-30,evoenergy-schedule-of-charges-2026-27-aer-approved-april2026
evoenergy:023|evo-2026-27-soc-aer-approved-023-dem-102|off_peak|,evoenergy:023,evo-2026-27-soc-aer-approved-023-dem-102,off_peak,,2026-07-01,2027-06-30,evoenergy-schedule-of-charges-2026-27-aer-approved-april2026
evoenergy:023|evo-2026-27-soc-incl-lfit-023-dem-100|peak|high,evoenergy:023,evo-2026-27-soc-incl-lfit-023-dem-100,peak,high,2026-07-01,2027-06-30,evoenergy-schedule-of-charges-2026-27-incl-lfit-june2026
evoenergy:023|evo-2026-27-soc-incl-lfit-023-dem-101|peak|low,evoenergy:023,evo-2026-27-soc-incl-lfit-023-dem-101,peak,low,2026-07-01,2027-06-30,evoenergy-schedule-of-charges-2026-27-incl-lfit-june2026
evoenergy:023|evo-2026-27-soc-incl-lfit-023-dem-102|off_peak|,evoenergy:023,evo-2026-27-soc-incl-lfit-023-dem-102,off_peak,,2026-07-01,2027-06-30,evoenergy-schedule-of-charges-2026-27-incl-lfit-june2026
evoenergy:024|evo-2024-25-024-dem-102|peak|low,evoenergy:024,evo-2024-25-024-dem-102,peak,low,2024-07-01,2025-06-30,evoenergy-schedule-of-charges-2024-25-lfit-adjusted
evoenergy:024|evo-2024-25-024-dem-107|off_peak|,evoenergy:024,evo-2024-25-024-dem-107,off_peak,,2024-07-01,2025-06-30,evoenergy-schedule-of-charges-2024-25-lfit-adjusted
evoenergy:024|evo-2024-25-024-dem-97|peak|high,evoenergy:024,evo-2024-25-024-dem-97,peak,high,2024-07-01,2025-06-30,evoenergy-schedule-of-charges-2024-25-lfit-adjusted
evoenergy:024|evo-2025-26-soc-incl-lfit-024-dem-112|peak|high,evoenergy:024,evo-2025-26-soc-incl-lfit-024-dem-112,peak,high,2025-07-01,2026-06-30,evoenergy-schedule-of-charges-2025-26-incl-lfit-may2025
evoenergy:024|evo-2025-26-soc-incl-lfit-024-dem-113|peak|low,evoenergy:024,evo-2025-26-soc-incl-lfit-024-dem-113,peak,low,2025-07-01,2026-06-30,evoenergy-schedule-of-charges-2025-26-incl-lfit-may2025
evoenergy:024|evo-2025-26-soc-incl-lfit-024-dem-114|off_peak|,evoenergy:024,evo-2025-26-soc-incl-lfit-024-dem-114,off_peak,,2025-07-01,2026-06-30,evoenergy-schedule-of-charges-2025-26-incl-lfit-may2025
evoenergy:024|evo-2026-27-soc-aer-approved-024-dem-112|peak|high,evoenergy:024,evo-2026-27-soc-aer-approved-024-dem-112,peak,high,2026-07-01,2027-06-30,evoenergy-schedule-of-charges-2026-27-aer-approved-april2026
evoenergy:024|evo-2026-27-soc-aer-approved-024-dem-113|peak|low,evoenergy:024,evo-2026-27-soc-aer-approved-024-dem-113,peak,low,2026-07-01,2027-06-30,evoenergy-schedule-of-charges-2026-27-aer-approved-april2026
evoenergy:024|evo-2026-27-soc-aer-approved-024-dem-114|off_peak|,evoenergy:024,evo-2026-27-soc-aer-approved-024-dem-114,off_peak,,2026-07-01,2027-06-30,evoenergy-schedule-of-charges-2026-27-aer-approved-april2026
evoenergy:024|evo-2026-27-soc-incl-lfit-024-dem-112|peak|high,evoenergy:024,evo-2026-27-soc-incl-lfit-024-dem-112,peak,high,2026-07-01,2027-06-30,evoenergy-schedule-of-charges-2026-27-incl-lfit-june2026
evoenergy:024|evo-2026-27-soc-incl-lfit-024-dem-113|peak|low,evoenergy:024,evo-2026-27-soc-incl-lfit-024-dem-113,peak,low,2026-07-01,2027-06-30,evoenergy-schedule-of-charges-2026-27-incl-lfit-june2026
evoenergy:024|evo-2026-27-soc-incl-lfit-024-dem-114|off_peak|,evoenergy:024,evo-2026-27-soc-incl-lfit-024-dem-114,off_peak,,2026-07-01,2027-06-30,evoenergy-schedule-of-charges-2026-27-incl-lfit-june2026
evoenergy:025|evo-2023-24-025-peak-kw|peak|,evoenergy:025,evo-2023-24-025-peak-kw,peak,,2023-07-01,2024-06-30,evoenergy-statement-of-tariff-classes-and-tariffs-2023-24
evoenergy:025|evo-2024-25-025-dem-117|peak|,evoenergy:025,evo-2024-25-025-dem-117,peak,,2024-07-01,2025-06-30,evoenergy-schedule-of-charges-2024-25-lfit-adjusted
evoenergy:025|evo-2025-26-soc-incl-lfit-025-dem-123|peak|,evoenergy:025,evo-2025-26-soc-incl-lfit-025-dem-123,peak,,2025-07-01,2026-06-30,evoenergy-schedule-of-charges-2025-26-incl-lfit-may2025
evoenergy:025|evo-2026-27-soc-aer-approved-025-dem-123|peak|,evoenergy:025,evo-2026-27-soc-aer-approved-025-dem-123,peak,,2026-07-01,2027-06-30,evoenergy-schedule-of-charges-2026-27-aer-approved-april2026
evoenergy:025|evo-2026-27-soc-incl-lfit-025-dem-123|peak|,evoenergy:025,evo-2026-27-soc-incl-lfit-025-dem-123,peak,,2026-07-01,2027-06-30,evoenergy-schedule-of-charges-2026-27-incl-lfit-june2026
evoenergy:026|evo-2023-24-025-peak-kw|peak|,evoenergy:026,evo-2023-24-025-peak-kw,peak,,2023-07-01,2024-06-30,evoenergy-statement-of-tariff-classes-and-tariffs-2023-24
evoenergy:026|evo-2024-25-026-dem-127|peak|,evoenergy:026,evo-2024-25-026-dem-127,peak,,2024-07-01,2025-06-30,evoenergy-schedule-of-charges-2024-25-lfit-adjusted
evoenergy:026|evo-2025-26-soc-incl-lfit-026-dem-132|peak|,evoenergy:026,evo-2025-26-soc-incl-lfit-026-dem-132,peak,,2025-07-01,2026-06-30,evoenergy-schedule-of-charges-2025-26-incl-lfit-may2025
evoenergy:026|evo-2026-27-soc-aer-approved-026-dem-132|peak|,evoenergy:026,evo-2026-27-soc-aer-approved-026-dem-132,peak,,2026-07-01,2027-06-30,evoenergy-schedule-of-charges-2026-27-aer-approved-april2026
evoenergy:026|evo-2026-27-soc-incl-lfit-026-dem-132|peak|,evoenergy:026,evo-2026-27-soc-incl-lfit-026-dem-132,peak,,2026-07-01,2027-06-30,evoenergy-schedule-of-charges-2026-27-incl-lfit-june2026
evoenergy:027|evo-2023-24-027-seasonal-kw|peak|high,evoenergy:027,evo-2023-24-027-seasonal-kw,peak,high,2023-07-01,2024-06-30,evoenergy-statement-of-tariff-classes-and-tariffs-2023-24
evoenergy:027|evo-2023-24-027-seasonal-kw|peak|low,evoenergy:027,evo-2023-24-027-seasonal-kw,peak,low,2023-07-01,2024-06-30,evoenergy-statement-of-tariff-classes-and-tariffs-2023-24
evoenergy:028|evo-2023-24-027-seasonal-kw|peak|high,evoenergy:028,evo-2023-24-027-seasonal-kw,peak,high,2023-07-01,2024-06-30,evoenergy-statement-of-tariff-classes-and-tariffs-2023-24
evoenergy:028|evo-2023-24-027-seasonal-kw|peak|low,evoenergy:028,evo-2023-24-027-seasonal-kw,peak,low,2023-07-01,2024-06-30,evoenergy-statement-of-tariff-classes-and-tariffs-2023-24
evoenergy:101|evo-2023-24-101-business-kva|peak|,evoenergy:101,evo-2023-24-101-business-kva,peak,,2023-07-01,2024-06-30,evoenergy-statement-of-tariff-classes-and-tariffs-2023-24
evoenergy:101|evo-2024-25-101-dem-203|peak|,evoenergy:101,evo-2024-25-101-dem-203,peak,,2024-07-01,2025-06-30,evoenergy-schedule-of-charges-2024-25-lfit-adjusted
evoenergy:101|evo-2025-26-soc-incl-lfit-101-dem-213|peak|,evoenergy:101,evo-2025-26-soc-incl-lfit-101-dem-213,peak,,2025-07-01,2026-06-30,evoenergy-schedule-of-charges-2025-26-incl-lfit-may2025
evoenergy:101|evo-2026-27-soc-aer-approved-101-dem-220|peak|,evoenergy:101,evo-2026-27-soc-aer-approved-101-dem-220,peak,,2026-07-01,2027-06-30,evoenergy-schedule-of-charges-2026-27-aer-approved-april2026
evoenergy:101|evo-2026-27-soc-incl-lfit-101-dem-220|peak|,evoenergy:101,evo-2026-27-soc-incl-lfit-101-dem-220,peak,,2026-07-01,2027-06-30,evoenergy-schedule-of-charges-2026-27-incl-lfit-june2026
evoenergy:103|evo-2023-24-103-business-kva|peak|,evoenergy:103,evo-2023-24-103-business-kva,peak,,2023-07-01,2024-06-30,evoenergy-statement-of-tariff-classes-and-tariffs-2023-24
evoenergy:103|evo-2023-24-capacity-kva|capacity|,evoenergy:103,evo-2023-24-capacity-kva,capacity,,2023-07-01,2024-06-30,evoenergy-statement-of-tariff-classes-and-tariffs-2023-24
evoenergy:103|evo-2024-25-103-dem-226|peak|,evoenergy:103,evo-2024-25-103-dem-226,peak,,2024-07-01,2025-06-30,evoenergy-schedule-of-charges-2024-25-lfit-adjusted
evoenergy:103|evo-2024-25-103-dem-229|capacity|,evoenergy:103,evo-2024-25-103-dem-229,capacity,,2024-07-01,2025-06-30,evoenergy-schedule-of-charges-2024-25-lfit-adjusted
evoenergy:103|evo-2025-26-soc-incl-lfit-103-dem-235|peak|,evoenergy:103,evo-2025-26-soc-incl-lfit-103-dem-235,peak,,2025-07-01,2026-06-30,evoenergy-schedule-of-charges-2025-26-incl-lfit-may2025
evoenergy:103|evo-2025-26-soc-incl-lfit-103-dem-236|capacity|,evoenergy:103,evo-2025-26-soc-incl-lfit-103-dem-236,capacity,,2025-07-01,2026-06-30,evoenergy-schedule-of-charges-2025-26-incl-lfit-may2025
evoenergy:103|evo-2026-27-soc-aer-approved-103-dem-242|peak|,evoenergy:103,evo-2026-27-soc-aer-approved-103-dem-242,peak,,2026-07-01,2027-06-30,evoenergy-schedule-of-charges-2026-27-aer-approved-april2026
evoenergy:103|evo-2026-27-soc-aer-approved-103-dem-243|capacity|,evoenergy:103,evo-2026-27-soc-aer-approved-103-dem-243,capacity,,2026-07-01,2027-06-30,evoenergy-schedule-of-charges-2026-27-aer-approved-april2026
evoenergy:103|evo-2026-27-soc-incl-lfit-103-dem-242|peak|,evoenergy:103,evo-2026-27-soc-incl-lfit-103-dem-242,peak,,2026-07-01,2027-06-30,evoenergy-schedule-of-charges-2026-27-incl-lfit-june2026
evoenergy:103|evo-2026-27-soc-incl-lfit-103-dem-243|capacity|,evoenergy:103,evo-2026-27-soc-incl-lfit-103-dem-243,capacity,,2026-07-01,2027-06-30,evoenergy-schedule-of-charges-2026-27-incl-lfit-june2026
evoenergy:104|evo-2023-24-101-business-kva|peak|,evoenergy:104,evo-2023-24-101-business-kva,peak,,2023-07-01,2024-06-30,evoenergy-statement-of-tariff-classes-and-tariffs-2023-24
evoenergy:104|evo-2024-25-104-dem-214|peak|,evoenergy:104,evo-2024-25-104-dem-214,peak,,2024-07-01,2025-06-30,evoenergy-schedule-of-charges-2024-25-lfit-adjusted
evoenergy:104|evo-2025-26-soc-incl-lfit-104-dem-224|peak|,evoenergy:104,evo-2025-26-soc-incl-lfit-104-dem-224,peak,,2025-07-01,2026-06-30,evoenergy-schedule-of-charges-2025-26-incl-lfit-may2025
evoenergy:104|evo-2026-27-soc-aer-approved-104-dem-231|peak|,evoenergy:104,evo-2026-27-soc-aer-approved-104-dem-231,peak,,2026-07-01,2027-06-30,evoenergy-schedule-of-charges-2026-27-aer-approved-april2026
evoenergy:104|evo-2026-27-soc-incl-lfit-104-dem-231|peak|,evoenergy:104,evo-2026-27-soc-incl-lfit-104-dem-231,peak,,2026-07-01,2027-06-30,evoenergy-schedule-of-charges-2026-27-incl-lfit-june2026
evoenergy:105|evo-2023-24-103-business-kva|peak|,evoenergy:105,evo-2023-24-103-business-kva,peak,,2023-07-01,2024-06-30,evoenergy-statement-of-tariff-classes-and-tariffs-2023-24
evoenergy:105|evo-2023-24-capacity-kva|capacity|,evoenergy:105,evo-2023-24-capacity-kva,capacity,,2023-07-01,2024-06-30,evoenergy-statement-of-tariff-classes-and-tariffs-2023-24
evoenergy:105|evo-2024-25-105-dem-240|peak|,evoenergy:105,evo-2024-25-105-dem-240,peak,,2024-07-01,2025-06-30,evoenergy-schedule-of-charges-2024-25-lfit-adjusted
evoenergy:105|evo-2024-25-105-dem-243|capacity|,evoenergy:105,evo-2024-25-105-dem-243,capacity,,2024-07-01,2025-06-30,evoenergy-schedule-of-charges-2024-25-lfit-adjusted
evoenergy:105|evo-2025-26-soc-incl-lfit-105-dem-247|peak|,evoenergy:105,evo-2025-26-soc-incl-lfit-105-dem-247,peak,,2025-07-01,2026-06-30,evoenergy-schedule-of-charges-2025-26-incl-lfit-may2025
evoenergy:105|evo-2025-26-soc-incl-lfit-105-dem-248|capacity|,evoenergy:105,evo-2025-26-soc-incl-lfit-105-dem-248,capacity,,2025-07-01,2026-06-30,evoenergy-schedule-of-charges-2025-26-incl-lfit-may2025
evoenergy:105|evo-2026-27-soc-aer-approved-105-dem-254|peak|,evoenergy:105,evo-2026-27-soc-aer-approved-105-dem-254,peak,,2026-07-01,2027-06-30,evoenergy-schedule-of-charges-2026-27-aer-approved-april2026
evoenergy:105|evo-2026-27-soc-aer-approved-105-dem-255|capacity|,evoenergy:105,evo-2026-27-soc-aer-approved-105-dem-255,capacity,,2026-07-01,2027-06-30,evoenergy-schedule-of-charges-2026-27-aer-approved-april2026
evoenergy:105|evo-2026-27-soc-incl-lfit-105-dem-254|peak|,evoenergy:105,evo-2026-27-soc-incl-lfit-105-dem-254,peak,,2026-07-01,2027-06-30,evoenergy-schedule-of-charges-2026-27-incl-lfit-june2026
evoenergy:105|evo-2026-27-soc-incl-lfit-105-dem-255|capacity|,evoenergy:105,evo-2026-27-soc-incl-lfit-105-dem-255,capacity,,2026-07-01,2027-06-30,evoenergy-schedule-of-charges-2026-27-incl-lfit-june2026
evoenergy:106|evo-2023-24-106-business-kw|peak|,evoenergy:106,evo-2023-24-106-business-kw,peak,,2023-07-01,2024-06-30,evoenergy-statement-of-tariff-classes-and-tariffs-2023-24
evoenergy:106|evo-2024-25-106-dem-256|peak|,evoenergy:106,evo-2024-25-106-dem-256,peak,,2024-07-01,2025-06-30,evoenergy-schedule-of-charges-2024-25-lfit-adjusted
evoenergy:106|evo-2025-26-soc-incl-lfit-106-dem-260|peak|,evoenergy:106,evo-2025-26-soc-incl-lfit-106-dem-260,peak,,2025-07-01,2026-06-30,evoenergy-schedule-of-charges-2025-26-incl-lfit-may2025
evoenergy:106|evo-2026-27-soc-aer-approved-106-dem-267|peak|,evoenergy:106,evo-2026-27-soc-aer-approved-106-dem-267,peak,,2026-07-01,2027-06-30,evoenergy-schedule-of-charges-2026-27-aer-approved-april2026
evoenergy:106|evo-2026-27-soc-incl-lfit-106-dem-267|peak|,evoenergy:106,evo-2026-27-soc-incl-lfit-106-dem-267,peak,,2026-07-01,2027-06-30,evoenergy-schedule-of-charges-2026-27-incl-lfit-june2026
evoenergy:107|evo-2023-24-106-business-kw|peak|,evoenergy:107,evo-2023-24-106-business-kw,peak,,2023-07-01,2024-06-30,evoenergy-statement-of-tariff-classes-and-tariffs-2023-24
evoenergy:107|evo-2024-25-107-dem-265|peak|,evoenergy:107,evo-2024-25-107-dem-265,peak,,2024-07-01,2025-06-30,evoenergy-schedule-of-charges-2024-25-lfit-adjusted
evoenergy:107|evo-2025-26-soc-incl-lfit-107-dem-269|peak|,evoenergy:107,evo-2025-26-soc-incl-lfit-107-dem-269,peak,,2025-07-01,2026-06-30,evoenergy-schedule-of-charges-2025-26-incl-lfit-may2025
evoenergy:107|evo-2026-27-soc-aer-approved-107-dem-276|peak|,evoenergy:107,evo-2026-27-soc-aer-approved-107-dem-276,peak,,2026-07-01,2027-06-30,evoenergy-schedule-of-charges-2026-27-aer-approved-april2026
evoenergy:107|evo-2026-27-soc-incl-lfit-107-dem-276|peak|,evoenergy:107,evo-2026-27-soc-incl-lfit-107-dem-276,peak,,2026-07-01,2027-06-30,evoenergy-schedule-of-charges-2026-27-incl-lfit-june2026
evoenergy:108|evo-2023-24-108-seasonal-kva|peak|high,evoenergy:108,evo-2023-24-108-seasonal-kva,peak,high,2023-07-01,2024-06-30,evoenergy-statement-of-tariff-classes-and-tariffs-2023-24
evoenergy:108|evo-2023-24-108-seasonal-kva|peak|low,evoenergy:108,evo-2023-24-108-seasonal-kva,peak,low,2023-07-01,2024-06-30,evoenergy-statement-of-tariff-classes-and-tariffs-2023-24
evoenergy:108|evo-2023-24-capacity-kva|capacity|,evoenergy:108,evo-2023-24-capacity-kva,capacity,,2023-07-01,2024-06-30,evoenergy-statement-of-tariff-classes-and-tariffs-2023-24
evoenergy:108|evo-2024-25-108-dem-272|capacity|,evoenergy:108,evo-2024-25-108-dem-272,capacity,,2024-07-01,2025-06-30,evoenergy-schedule-of-charges-2024-25-lfit-adjusted
evoenergy:108|evo-2024-25-108-dem-278|peak|high,evoenergy:108,evo-2024-25-108-dem-278,peak,high,2024-07-01,2025-06-30,evoenergy-schedule-of-charges-2024-25-lfit-adjusted
evoenergy:108|evo-2024-25-108-dem-283|peak|low,evoenergy:108,evo-2024-25-108-dem-283,peak,low,2024-07-01,2025-06-30,evoenergy-schedule-of-charges-2024-25-lfit-adjusted
evoenergy:108|evo-2025-26-soc-incl-lfit-108-dem-276|capacity|,evoenergy:108,evo-2025-26-soc-incl-lfit-108-dem-276,capacity,,2025-07-01,2026-06-30,evoenergy-schedule-of-charges-2025-26-incl-lfit-may2025
evoenergy:108|evo-2025-26-soc-incl-lfit-108-dem-278|peak|high,evoenergy:108,evo-2025-26-soc-incl-lfit-108-dem-278,peak,high,2025-07-01,2026-06-30,evoenergy-schedule-of-charges-2025-26-incl-lfit-may2025
evoenergy:108|evo-2025-26-soc-incl-lfit-108-dem-279|peak|low,evoenergy:108,evo-2025-26-soc-incl-lfit-108-dem-279,peak,low,2025-07-01,2026-06-30,evoenergy-schedule-of-charges-2025-26-incl-lfit-may2025
evoenergy:108|evo-2026-27-soc-aer-approved-108-dem-283|capacity|,evoenergy:108,evo-2026-27-soc-aer-approved-108-dem-283,capacity,,2026-07-01,2027-06-30,evoenergy-schedule-of-charges-2026-27-aer-approved-april2026
evoenergy:108|evo-2026-27-soc-aer-approved-108-dem-285|peak|high,evoenergy:108,evo-2026-27-soc-aer-approved-108-dem-285,peak,high,2026-07-01,2027-06-30,evoenergy-schedule-of-charges-2026-27-aer-approved-april2026
evoenergy:108|evo-2026-27-soc-aer-approved-108-dem-286|peak|low,evoenergy:108,evo-2026-27-soc-aer-approved-108-dem-286,peak,low,2026-07-01,2027-06-30,evoenergy-schedule-of-charges-2026-27-aer-approved-april2026
evoenergy:108|evo-2026-27-soc-aer-approved-108-r302-dem-306|capacity|,evoenergy:108,evo-2026-27-soc-aer-approved-108-r302-dem-306,capacity,,2026-07-01,2027-06-30,evoenergy-schedule-of-charges-2026-27-aer-approved-april2026
evoenergy:108|evo-2026-27-soc-aer-approved-108-r302-dem-308|peak|high,evoenergy:108,evo-2026-27-soc-aer-approved-108-r302-dem-308,peak,high,2026-07-01,2027-06-30,evoenergy-schedule-of-charges-2026-27-aer-approved-april2026
evoenergy:108|evo-2026-27-soc-aer-approved-108-r302-dem-309|peak|low,evoenergy:108,evo-2026-27-soc-aer-approved-108-r302-dem-309,peak,low,2026-07-01,2027-06-30,evoenergy-schedule-of-charges-2026-27-aer-approved-april2026
evoenergy:108|evo-2026-27-soc-incl-lfit-108-dem-283|capacity|,evoenergy:108,evo-2026-27-soc-incl-lfit-108-dem-283,capacity,,2026-07-01,2027-06-30,evoenergy-schedule-of-charges-2026-27-incl-lfit-june2026
evoenergy:108|evo-2026-27-soc-incl-lfit-108-dem-285|peak|high,evoenergy:108,evo-2026-27-soc-incl-lfit-108-dem-285,peak,high,2026-07-01,2027-06-30,evoenergy-schedule-of-charges-2026-27-incl-lfit-june2026
evoenergy:108|evo-2026-27-soc-incl-lfit-108-dem-286|peak|low,evoenergy:108,evo-2026-27-soc-incl-lfit-108-dem-286,peak,low,2026-07-01,2027-06-30,evoenergy-schedule-of-charges-2026-27-incl-lfit-june2026
evoenergy:108|evo-2026-27-soc-incl-lfit-108-r302-dem-306|capacity|,evoenergy:108,evo-2026-27-soc-incl-lfit-108-r302-dem-306,capacity,,2026-07-01,2027-06-30,evoenergy-schedule-of-charges-2026-27-incl-lfit-june2026
evoenergy:108|evo-2026-27-soc-incl-lfit-108-r302-dem-308|peak|high,evoenergy:108,evo-2026-27-soc-incl-lfit-108-r302-dem-308,peak,high,2026-07-01,2027-06-30,evoenergy-schedule-of-charges-2026-27-incl-lfit-june2026
evoenergy:108|evo-2026-27-soc-incl-lfit-108-r302-dem-309|peak|low,evoenergy:108,evo-2026-27-soc-incl-lfit-108-r302-dem-309,peak,low,2026-07-01,2027-06-30,evoenergy-schedule-of-charges-2026-27-incl-lfit-june2026
evoenergy:109|evo-2023-24-109-seasonal-kva|peak|high,evoenergy:109,evo-2023-24-109-seasonal-kva,peak,high,2023-07-01,2024-06-30,evoenergy-statement-of-tariff-classes-and-tariffs-2023-24
evoenergy:109|evo-2023-24-109-seasonal-kva|peak|low,evoenergy:109,evo-2023-24-109-seasonal-kva,peak,low,2023-07-01,2024-06-30,evoenergy-statement-of-tariff-classes-and-tariffs-2023-24
evoenergy:109|evo-2023-24-capacity-kva|capacity|,evoenergy:109,evo-2023-24-capacity-kva,capacity,,2023-07-01,2024-06-30,evoenergy-statement-of-tariff-classes-and-tariffs-2023-24
evoenergy:109|evo-2024-25-109-dem-299|capacity|,evoenergy:109,evo-2024-25-109-dem-299,capacity,,2024-07-01,2025-06-30,evoenergy-schedule-of-charges-2024-25-lfit-adjusted
evoenergy:109|evo-2024-25-109-dem-305|peak|high,evoenergy:109,evo-2024-25-109-dem-305,peak,high,2024-07-01,2025-06-30,evoenergy-schedule-of-charges-2024-25-lfit-adjusted
evoenergy:109|evo-2024-25-109-dem-310|peak|low,evoenergy:109,evo-2024-25-109-dem-310,peak,low,2024-07-01,2025-06-30,evoenergy-schedule-of-charges-2024-25-lfit-adjusted
evoenergy:109|evo-2025-26-soc-incl-lfit-109-dem-288|capacity|,evoenergy:109,evo-2025-26-soc-incl-lfit-109-dem-288,capacity,,2025-07-01,2026-06-30,evoenergy-schedule-of-charges-2025-26-incl-lfit-may2025
evoenergy:109|evo-2025-26-soc-incl-lfit-109-dem-290|peak|high,evoenergy:109,evo-2025-26-soc-incl-lfit-109-dem-290,peak,high,2025-07-01,2026-06-30,evoenergy-schedule-of-charges-2025-26-incl-lfit-may2025
evoenergy:109|evo-2025-26-soc-incl-lfit-109-dem-291|peak|low,evoenergy:109,evo-2025-26-soc-incl-lfit-109-dem-291,peak,low,2025-07-01,2026-06-30,evoenergy-schedule-of-charges-2025-26-incl-lfit-may2025
evoenergy:109|evo-2026-27-soc-aer-approved-109-dem-295|capacity|,evoenergy:109,evo-2026-27-soc-aer-approved-109-dem-295,capacity,,2026-07-01,2027-06-30,evoenergy-schedule-of-charges-2026-27-aer-approved-april2026
evoenergy:109|evo-2026-27-soc-aer-approved-109-dem-297|peak|high,evoenergy:109,evo-2026-27-soc-aer-approved-109-dem-297,peak,high,2026-07-01,2027-06-30,evoenergy-schedule-of-charges-2026-27-aer-approved-april2026
evoenergy:109|evo-2026-27-soc-aer-approved-109-dem-298|peak|low,evoenergy:109,evo-2026-27-soc-aer-approved-109-dem-298,peak,low,2026-07-01,2027-06-30,evoenergy-schedule-of-charges-2026-27-aer-approved-april2026
evoenergy:109|evo-2026-27-soc-aer-approved-109-r314-dem-318|capacity|,evoenergy:109,evo-2026-27-soc-aer-approved-109-r314-dem-318,capacity,,2026-07-01,2027-06-30,evoenergy-schedule-of-charges-2026-27-aer-approved-april2026
evoenergy:109|evo-2026-27-soc-aer-approved-109-r314-dem-320|peak|high,evoenergy:109,evo-2026-27-soc-aer-approved-109-r314-dem-320,peak,high,2026-07-01,2027-06-30,evoenergy-schedule-of-charges-2026-27-aer-approved-april2026
evoenergy:109|evo-2026-27-soc-aer-approved-109-r314-dem-321|peak|low,evoenergy:109,evo-2026-27-soc-aer-approved-109-r314-dem-321,peak,low,2026-07-01,2027-06-30,evoenergy-schedule-of-charges-2026-27-aer-approved-april2026
evoenergy:109|evo-2026-27-soc-incl-lfit-109-dem-295|capacity|,evoenergy:109,evo-2026-27-soc-incl-lfit-109-dem-295,capacity,,2026-07-01,2027-06-30,evoenergy-schedule-of-charges-2026-27-incl-lfit-june2026
evoenergy:109|evo-2026-27-soc-incl-lfit-109-dem-297|peak|high,evoenergy:109,evo-2026-27-soc-incl-lfit-109-dem-297,peak,high,2026-07-01,2027-06-30,evoenergy-schedule-of-charges-2026-27-incl-lfit-june2026
evoenergy:109|evo-2026-27-soc-incl-lfit-109-dem-298|peak|low,evoenergy:109,evo-2026-27-soc-incl-lfit-109-dem-298,peak,low,2026-07-01,2027-06-30,evoenergy-schedule-of-charges-2026-27-incl-lfit-june2026
evoenergy:109|evo-2026-27-soc-incl-lfit-109-r314-dem-318|capacity|,evoenergy:109,evo-2026-27-soc-incl-lfit-109-r314-dem-318,capacity,,2026-07-01,2027-06-30,evoenergy-schedule-of-charges-2026-27-incl-lfit-june2026
evoenergy:109|evo-2026-27-soc-incl-lfit-109-r314-dem-320|peak|high,evoenergy:109,evo-2026-27-soc-incl-lfit-109-r314-dem-320,peak,high,2026-07-01,2027-06-30,evoenergy-schedule-of-charges-2026-27-incl-lfit-june2026
evoenergy:109|evo-2026-27-soc-incl-lfit-109-r314-dem-321|peak|low,evoenergy:109,evo-2026-27-soc-incl-lfit-109-r314-dem-321,peak,low,2026-07-01,2027-06-30,evoenergy-schedule-of-charges-2026-27-incl-lfit-june2026
evoenergy:111|evo-2023-24-capacity-kva|capacity|,evoenergy:111,evo-2023-24-capacity-kva,capacity,,2023-07-01,2024-06-30,evoenergy-statement-of-tariff-classes-and-tariffs-2023-24
evoenergy:111|evo-2023-24-hv-business-kva|peak|,evoenergy:111,evo-2023-24-hv-business-kva,peak,,2023-07-01,2024-06-30,evoenergy-statement-of-tariff-classes-and-tariffs-2023-24
evoenergy:111|evo-2024-25-111-dem-345|peak|,evoenergy:111,evo-2024-25-111-dem-345,peak,,2024-07-01,2025-06-30,evoenergy-schedule-of-charges-2024-25-lfit-adjusted
evoenergy:111|evo-2024-25-111-dem-348|capacity|,evoenergy:111,evo-2024-25-111-dem-348,capacity,,2024-07-01,2025-06-30,evoenergy-schedule-of-charges-2024-25-lfit-adjusted
evoenergy:111|evo-2025-26-soc-incl-lfit-111-dem-325|peak|,evoenergy:111,evo-2025-26-soc-incl-lfit-111-dem-325,peak,,2025-07-01,2026-06-30,evoenergy-schedule-of-charges-2025-26-incl-lfit-may2025
evoenergy:111|evo-2025-26-soc-incl-lfit-111-dem-326|capacity|,evoenergy:111,evo-2025-26-soc-incl-lfit-111-dem-326,capacity,,2025-07-01,2026-06-30,evoenergy-schedule-of-charges-2025-26-incl-lfit-may2025
evoenergy:111|evo-2026-27-soc-aer-approved-111-dem-355|peak|,evoenergy:111,evo-2026-27-soc-aer-approved-111-dem-355,peak,,2026-07-01,2027-06-30,evoenergy-schedule-of-charges-2026-27-aer-approved-april2026
evoenergy:111|evo-2026-27-soc-aer-approved-111-dem-356|capacity|,evoenergy:111,evo-2026-27-soc-aer-approved-111-dem-356,capacity,,2026-07-01,2027-06-30,evoenergy-schedule-of-charges-2026-27-aer-approved-april2026
evoenergy:111|evo-2026-27-soc-incl-lfit-111-dem-355|peak|,evoenergy:111,evo-2026-27-soc-incl-lfit-111-dem-355,peak,,2026-07-01,2027-06-30,evoenergy-schedule-of-charges-2026-27-incl-lfit-june2026
evoenergy:111|evo-2026-27-soc-incl-lfit-111-dem-356|capacity|,evoenergy:111,evo-2026-27-soc-incl-lfit-111-dem-356,capacity,,2026-07-01,2027-06-30,evoenergy-schedule-of-charges-2026-27-incl-lfit-june2026
evoenergy:121|evo-2023-24-capacity-kva|capacity|,evoenergy:121,evo-2023-24-capacity-kva,capacity,,2023-07-01,2024-06-30,evoenergy-statement-of-tariff-classes-and-tariffs-2023-24
evoenergy:121|evo-2023-24-hv-business-kva|peak|,evoenergy:121,evo-2023-24-hv-business-kva,peak,,2023-07-01,2024-06-30,evoenergy-statement-of-tariff-classes-and-tariffs-2023-24
evoenergy:121|evo-2024-25-121-dem-360|peak|,evoenergy:121,evo-2024-25-121-dem-360,peak,,2024-07-01,2025-06-30,evoenergy-schedule-of-charges-2024-25-lfit-adjusted
evoenergy:121|evo-2024-25-121-dem-363|capacity|,evoenergy:121,evo-2024-25-121-dem-363,capacity,,2024-07-01,2025-06-30,evoenergy-schedule-of-charges-2024-25-lfit-adjusted
evoenergy:121|evo-2025-26-soc-incl-lfit-121-dem-337|peak|,evoenergy:121,evo-2025-26-soc-incl-lfit-121-dem-337,peak,,2025-07-01,2026-06-30,evoenergy-schedule-of-charges-2025-26-incl-lfit-may2025
evoenergy:121|evo-2025-26-soc-incl-lfit-121-dem-338|capacity|,evoenergy:121,evo-2025-26-soc-incl-lfit-121-dem-338,capacity,,2025-07-01,2026-06-30,evoenergy-schedule-of-charges-2025-26-incl-lfit-may2025
evoenergy:121|evo-2026-27-soc-aer-approved-121-dem-367|peak|,evoenergy:121,evo-2026-27-soc-aer-approved-121-dem-367,peak,,2026-07-01,2027-06-30,evoenergy-schedule-of-charges-2026-27-aer-approved-april2026
evoenergy:121|evo-2026-27-soc-aer-approved-121-dem-368|capacity|,evoenergy:121,evo-2026-27-soc-aer-approved-121-dem-368,capacity,,2026-07-01,2027-06-30,evoenergy-schedule-of-charges-2026-27-aer-approved-april2026
evoenergy:121|evo-2026-27-soc-incl-lfit-121-dem-367|peak|,evoenergy:121,evo-2026-27-soc-incl-lfit-121-dem-367,peak,,2026-07-01,2027-06-30,evoenergy-schedule-of-charges-2026-27-incl-lfit-june2026
evoenergy:121|evo-2026-27-soc-incl-lfit-121-dem-368|capacity|,evoenergy:121,evo-2026-27-soc-incl-lfit-121-dem-368,capacity,,2026-07-01,2027-06-30,evoenergy-schedule-of-charges-2026-27-incl-lfit-june2026
evoenergy:122|evo-2023-24-capacity-kva|capacity|,evoenergy:122,evo-2023-24-capacity-kva,capacity,,2023-07-01,2024-06-30,evoenergy-statement-of-tariff-classes-and-tariffs-2023-24
evoenergy:122|evo-2023-24-hv-business-kva|peak|,evoenergy:122,evo-2023-24-hv-business-kva,peak,,2023-07-01,2024-06-30,evoenergy-statement-of-tariff-classes-and-tariffs-2023-24
evoenergy:122|evo-2024-25-122-dem-375|peak|,evoenergy:122,evo-2024-25-122-dem-375,peak,,2024-07-01,2025-06-30,evoenergy-schedule-of-charges-2024-25-lfit-adjusted
evoenergy:122|evo-2024-25-122-dem-378|capacity|,evoenergy:122,evo-2024-25-122-dem-378,capacity,,2024-07-01,2025-06-30,evoenergy-schedule-of-charges-2024-25-lfit-adjusted
evoenergy:122|evo-2025-26-soc-incl-lfit-122-dem-349|peak|,evoenergy:122,evo-2025-26-soc-incl-lfit-122-dem-349,peak,,2025-07-01,2026-06-30,evoenergy-schedule-of-charges-2025-26-incl-lfit-may2025
evoenergy:122|evo-2025-26-soc-incl-lfit-122-dem-350|capacity|,evoenergy:122,evo-2025-26-soc-incl-lfit-122-dem-350,capacity,,2025-07-01,2026-06-30,evoenergy-schedule-of-charges-2025-26-incl-lfit-may2025
evoenergy:122|evo-2026-27-soc-aer-approved-122-dem-379|peak|,evoenergy:122,evo-2026-27-soc-aer-approved-122-dem-379,peak,,2026-07-01,2027-06-30,evoenergy-schedule-of-charges-2026-27-aer-approved-april2026
evoenergy:122|evo-2026-27-soc-aer-approved-122-dem-380|capacity|,evoenergy:122,evo-2026-27-soc-aer-approved-122-dem-380,capacity,,2026-07-01,2027-06-30,evoenergy-schedule-of-charges-2026-27-aer-approved-april2026
evoenergy:122|evo-2026-27-soc-incl-lfit-122-dem-379|peak|,evoenergy:122,evo-2026-27-soc-incl-lfit-122-dem-379,peak,,2026-07-01,2027-06-30,evoenergy-schedule-of-charges-2026-27-incl-lfit-june2026
evoenergy:122|evo-2026-27-soc-incl-lfit-122-dem-380|capacity|,evoenergy:122,evo-2026-27-soc-incl-lfit-122-dem-380,capacity,,2026-07-01,2027-06-30,evoenergy-schedule-of-charges-2026-27-incl-lfit-june2026
evoenergy:123|evo-2023-24-123-seasonal-kva|peak|high,evoenergy:123,evo-2023-24-123-seasonal-kva,peak,high,2023-07-01,2024-06-30,evoenergy-statement-of-tariff-classes-and-tariffs-2023-24
evoenergy:123|evo-2023-24-123-seasonal-kva|peak|low,evoenergy:123,evo-2023-24-123-seasonal-kva,peak,low,2023-07-01,2024-06-30,evoenergy-statement-of-tariff-classes-and-tariffs-2023-24
evoenergy:123|evo-2023-24-capacity-kva|capacity|,evoenergy:123,evo-2023-24-capacity-kva,capacity,,2023-07-01,2024-06-30,evoenergy-statement-of-tariff-classes-and-tariffs-2023-24
evoenergy:123|evo-2024-25-123-dem-388|capacity|,evoenergy:123,evo-2024-25-123-dem-388,capacity,,2024-07-01,2025-06-30,evoenergy-schedule-of-charges-2024-25-lfit-adjusted
evoenergy:123|evo-2024-25-123-dem-394|peak|high,evoenergy:123,evo-2024-25-123-dem-394,peak,high,2024-07-01,2025-06-30,evoenergy-schedule-of-charges-2024-25-lfit-adjusted
evoenergy:123|evo-2024-25-123-dem-399|peak|low,evoenergy:123,evo-2024-25-123-dem-399,peak,low,2024-07-01,2025-06-30,evoenergy-schedule-of-charges-2024-25-lfit-adjusted
evoenergy:123|evo-2025-26-soc-incl-lfit-123-dem-360|capacity|,evoenergy:123,evo-2025-26-soc-incl-lfit-123-dem-360,capacity,,2025-07-01,2026-06-30,evoenergy-schedule-of-charges-2025-26-incl-lfit-may2025
evoenergy:123|evo-2025-26-soc-incl-lfit-123-dem-362|peak|high,evoenergy:123,evo-2025-26-soc-incl-lfit-123-dem-362,peak,high,2025-07-01,2026-06-30,evoenergy-schedule-of-charges-2025-26-incl-lfit-may2025
evoenergy:123|evo-2025-26-soc-incl-lfit-123-dem-363|peak|low,evoenergy:123,evo-2025-26-soc-incl-lfit-123-dem-363,peak,low,2025-07-01,2026-06-30,evoenergy-schedule-of-charges-2025-26-incl-lfit-may2025
evoenergy:123|evo-2026-27-soc-aer-approved-123-dem-390|capacity|,evoenergy:123,evo-2026-27-soc-aer-approved-123-dem-390,capacity,,2026-07-01,2027-06-30,evoenergy-schedule-of-charges-2026-27-aer-approved-april2026
evoenergy:123|evo-2026-27-soc-aer-approved-123-dem-392|peak|high,evoenergy:123,evo-2026-27-soc-aer-approved-123-dem-392,peak,high,2026-07-01,2027-06-30,evoenergy-schedule-of-charges-2026-27-aer-approved-april2026
evoenergy:123|evo-2026-27-soc-aer-approved-123-dem-393|peak|low,evoenergy:123,evo-2026-27-soc-aer-approved-123-dem-393,peak,low,2026-07-01,2027-06-30,evoenergy-schedule-of-charges-2026-27-aer-approved-april2026
evoenergy:123|evo-2026-27-soc-incl-lfit-123-dem-390|capacity|,evoenergy:123,evo-2026-27-soc-incl-lfit-123-dem-390,capacity,,2026-07-01,2027-06-30,evoenergy-schedule-of-charges-2026-27-incl-lfit-june2026
evoenergy:123|evo-2026-27-soc-incl-lfit-123-dem-392|peak|high,evoenergy:123,evo-2026-27-soc-incl-lfit-123-dem-392,peak,high,2026-07-01,2027-06-30,evoenergy-schedule-of-charges-2026-27-incl-lfit-june2026
evoenergy:123|evo-2026-27-soc-incl-lfit-123-dem-393|peak|low,evoenergy:123,evo-2026-27-soc-incl-lfit-123-dem-393,peak,low,2026-07-01,2027-06-30,evoenergy-schedule-of-charges-2026-27-incl-lfit-june2026
evoenergy:124|evo-2023-24-124-seasonal-kva|peak|high,evoenergy:124,evo-2023-24-124-seasonal-kva,peak,high,2023-07-01,2024-06-30,evoenergy-statement-of-tariff-classes-and-tariffs-2023-24
evoenergy:124|evo-2023-24-124-seasonal-kva|peak|low,evoenergy:124,evo-2023-24-124-seasonal-kva,peak,low,2023-07-01,2024-06-30,evoenergy-statement-of-tariff-classes-and-tariffs-2023-24
evoenergy:124|evo-2023-24-capacity-kva|capacity|,evoenergy:124,evo-2023-24-capacity-kva,capacity,,2023-07-01,2024-06-30,evoenergy-statement-of-tariff-classes-and-tariffs-2023-24
evoenergy:124|evo-2024-25-124-dem-415|capacity|,evoenergy:124,evo-2024-25-124-dem-415,capacity,,2024-07-01,2025-06-30,evoenergy-schedule-of-charges-2024-25-lfit-adjusted
evoenergy:124|evo-2024-25-124-dem-421|peak|high,evoenergy:124,evo-2024-25-124-dem-421,peak,high,2024-07-01,2025-06-30,evoenergy-schedule-of-charges-2024-25-lfit-adjusted
evoenergy:124|evo-2024-25-124-dem-426|peak|low,evoenergy:124,evo-2024-25-124-dem-426,peak,low,2024-07-01,2025-06-30,evoenergy-schedule-of-charges-2024-25-lfit-adjusted
evoenergy:124|evo-2025-26-soc-incl-lfit-124-dem-372|capacity|,evoenergy:124,evo-2025-26-soc-incl-lfit-124-dem-372,capacity,,2025-07-01,2026-06-30,evoenergy-schedule-of-charges-2025-26-incl-lfit-may2025
evoenergy:124|evo-2025-26-soc-incl-lfit-124-dem-374|peak|high,evoenergy:124,evo-2025-26-soc-incl-lfit-124-dem-374,peak,high,2025-07-01,2026-06-30,evoenergy-schedule-of-charges-2025-26-incl-lfit-may2025
evoenergy:124|evo-2025-26-soc-incl-lfit-124-dem-375|peak|low,evoenergy:124,evo-2025-26-soc-incl-lfit-124-dem-375,peak,low,2025-07-01,2026-06-30,evoenergy-schedule-of-charges-2025-26-incl-lfit-may2025
evoenergy:124|evo-2026-27-soc-aer-approved-124-dem-402|capacity|,evoenergy:124,evo-2026-27-soc-aer-approved-124-dem-402,capacity,,2026-07-01,2027-06-30,evoenergy-schedule-of-charges-2026-27-aer-approved-april2026
evoenergy:124|evo-2026-27-soc-aer-approved-124-dem-404|peak|high,evoenergy:124,evo-2026-27-soc-aer-approved-124-dem-404,peak,high,2026-07-01,2027-06-30,evoenergy-schedule-of-charges-2026-27-aer-approved-april2026
evoenergy:124|evo-2026-27-soc-aer-approved-124-dem-405|peak|low,evoenergy:124,evo-2026-27-soc-aer-approved-124-dem-405,peak,low,2026-07-01,2027-06-30,evoenergy-schedule-of-charges-2026-27-aer-approved-april2026
evoenergy:124|evo-2026-27-soc-incl-lfit-124-dem-402|capacity|,evoenergy:124,evo-2026-27-soc-incl-lfit-124-dem-402,capacity,,2026-07-01,2027-06-30,evoenergy-schedule-of-charges-2026-27-incl-lfit-june2026
evoenergy:124|evo-2026-27-soc-incl-lfit-124-dem-404|peak|high,evoenergy:124,evo-2026-27-soc-incl-lfit-124-dem-404,peak,high,2026-07-01,2027-06-30,evoenergy-schedule-of-charges-2026-27-incl-lfit-june2026
evoenergy:124|evo-2026-27-soc-incl-lfit-124-dem-405|peak|low,evoenergy:124,evo-2026-27-soc-incl-lfit-124-dem-405,peak,low,2026-07-01,2027-06-30,evoenergy-schedule-of-charges-2026-27-incl-lfit-june2026
jemena:A10D|jemena-2023-24-aerhosted-res-demand||,jemena:A10D,jemena-2023-24-aerhosted-res-demand,,,2023-07-01,2024-06-30,jemena-2023-24-network-tariff-schedule-31mar2023
jemena:A10D|jemena-2023-24-dnsp-res-demand||,jemena:A10D,jemena-2023-24-dnsp-res-demand,,,2023-07-01,2024-06-30,jemena-network-tariff-schedule-2023-24
jemena:A10D|jemena-2024-25-aerhosted-res-demand||,jemena:A10D,jemena-2024-25-aerhosted-res-demand,,,2024-07-01,2025-06-30,jemena-2024-25-network-tariff-schedule-28mar2024
jemena:A10D|jemena-2024-25-dnsp-res-demand||,jemena:A10D,jemena-2024-25-dnsp-res-demand,,,2024-07-01,2025-06-30,jemena-network-tariff-schedule-2024-25
jemena:A10D|jemena-2025-26-dnsp-res-demand||,jemena:A10D,jemena-2025-26-dnsp-res-demand,,,2025-07-01,2026-06-30,jemena-network-tariff-schedule-2025-26
jemena:A20D|jemena-2023-24-aerhosted-sb-demand||,jemena:A20D,jemena-2023-24-aerhosted-sb-demand,,,2023-07-01,2024-06-30,jemena-2023-24-network-tariff-schedule-31mar2023
jemena:A20D|jemena-2023-24-dnsp-sb-demand||,jemena:A20D,jemena-2023-24-dnsp-sb-demand,,,2023-07-01,2024-06-30,jemena-network-tariff-schedule-2023-24
jemena:A20D|jemena-2024-25-aerhosted-sb-demand||,jemena:A20D,jemena-2024-25-aerhosted-sb-demand,,,2024-07-01,2025-06-30,jemena-2024-25-network-tariff-schedule-28mar2024
jemena:A20D|jemena-2024-25-dnsp-sb-demand||,jemena:A20D,jemena-2024-25-dnsp-sb-demand,,,2024-07-01,2025-06-30,jemena-network-tariff-schedule-2024-25
jemena:A20D|jemena-2025-26-dnsp-sb-demand||,jemena:A20D,jemena-2025-26-dnsp-sb-demand,,,2025-07-01,2026-06-30,jemena-network-tariff-schedule-2025-26
jemena:A230|jemena-2023-24-aerhosted-any-demand||,jemena:A230,jemena-2023-24-aerhosted-any-demand,,,2023-07-01,2024-06-30,jemena-2023-24-network-tariff-schedule-31mar2023
jemena:A230|jemena-2023-24-dnsp-any-demand||,jemena:A230,jemena-2023-24-dnsp-any-demand,,,2023-07-01,2024-06-30,jemena-network-tariff-schedule-2023-24
jemena:A230|jemena-2024-25-aerhosted-any-demand||,jemena:A230,jemena-2024-25-aerhosted-any-demand,,,2024-07-01,2025-06-30,jemena-2024-25-network-tariff-schedule-28mar2024
jemena:A230|jemena-2024-25-dnsp-any-demand||,jemena:A230,jemena-2024-25-dnsp-any-demand,,,2024-07-01,2025-06-30,jemena-network-tariff-schedule-2024-25
jemena:A230|jemena-2025-26-dnsp-any-demand||,jemena:A230,jemena-2025-26-dnsp-any-demand,,,2025-07-01,2026-06-30,jemena-network-tariff-schedule-2025-26
jemena:A230|jemena-2026-27-dnsp-any-demand||,jemena:A230,jemena-2026-27-dnsp-any-demand,,,2026-07-01,2027-06-30,jemena-network-tariff-schedule-2026-27
jemena:A23N|jemena-2023-24-aerhosted-any-demand||,jemena:A23N,jemena-2023-24-aerhosted-any-demand,,,2023-07-01,2024-06-30,jemena-2023-24-network-tariff-schedule-31mar2023
jemena:A23N|jemena-2023-24-dnsp-any-demand||,jemena:A23N,jemena-2023-24-dnsp-any-demand,,,2023-07-01,2024-06-30,jemena-network-tariff-schedule-2023-24
jemena:A23N|jemena-2024-25-aerhosted-any-demand||,jemena:A23N,jemena-2024-25-aerhosted-any-demand,,,2024-07-01,2025-06-30,jemena-2024-25-network-tariff-schedule-28mar2024
jemena:A23N|jemena-2024-25-dnsp-any-demand||,jemena:A23N,jemena-2024-25-dnsp-any-demand,,,2024-07-01,2025-06-30,jemena-network-tariff-schedule-2024-25
jemena:A23N|jemena-2025-26-dnsp-any-demand||,jemena:A23N,jemena-2025-26-dnsp-any-demand,,,2025-07-01,2026-06-30,jemena-network-tariff-schedule-2025-26
jemena:A23N|jemena-2026-27-dnsp-any-demand||,jemena:A23N,jemena-2026-27-dnsp-any-demand,,,2026-07-01,2027-06-30,jemena-network-tariff-schedule-2026-27
jemena:A270|jemena-2023-24-aerhosted-any-demand-min60kW||,jemena:A270,jemena-2023-24-aerhosted-any-demand-min60kW,,,2023-07-01,2024-06-30,jemena-2023-24-network-tariff-schedule-31mar2023
jemena:A270|jemena-2023-24-dnsp-any-demand-min60kW||,jemena:A270,jemena-2023-24-dnsp-any-demand-min60kW,,,2023-07-01,2024-06-30,jemena-network-tariff-schedule-2023-24
jemena:A270|jemena-2024-25-aerhosted-any-demand-min60kW||,jemena:A270,jemena-2024-25-aerhosted-any-demand-min60kW,,,2024-07-01,2025-06-30,jemena-2024-25-network-tariff-schedule-28mar2024
jemena:A270|jemena-2024-25-dnsp-any-demand-min60kW||,jemena:A270,jemena-2024-25-dnsp-any-demand-min60kW,,,2024-07-01,2025-06-30,jemena-network-tariff-schedule-2024-25
jemena:A270|jemena-2025-26-dnsp-any-demand-min60kW||,jemena:A270,jemena-2025-26-dnsp-any-demand-min60kW,,,2025-07-01,2026-06-30,jemena-network-tariff-schedule-2025-26
jemena:A270|jemena-2026-27-dnsp-any-demand-min60kW||,jemena:A270,jemena-2026-27-dnsp-any-demand-min60kW,,,2026-07-01,2027-06-30,jemena-network-tariff-schedule-2026-27
jemena:A300|jemena-2023-24-aerhosted-annual-demand-min120kVA||,jemena:A300,jemena-2023-24-aerhosted-annual-demand-min120kVA,,,2023-07-01,2024-06-30,jemena-2023-24-network-tariff-schedule-31mar2023
jemena:A300|jemena-2023-24-aerhosted-sdic-demand|summer_demand_incentive|summer,jemena:A300,jemena-2023-24-aerhosted-sdic-demand,summer_demand_incentive,summer,2023-07-01,2024-06-30,jemena-2023-24-network-tariff-schedule-31mar2023
jemena:A300|jemena-2023-24-dnsp-annual-demand-min120kVA||,jemena:A300,jemena-2023-24-dnsp-annual-demand-min120kVA,,,2023-07-01,2024-06-30,jemena-network-tariff-schedule-2023-24
jemena:A300|jemena-2023-24-dnsp-sdic-demand|summer_demand_incentive|summer,jemena:A300,jemena-2023-24-dnsp-sdic-demand,summer_demand_incentive,summer,2023-07-01,2024-06-30,jemena-network-tariff-schedule-2023-24
jemena:A300|jemena-2024-25-aerhosted-annual-demand-min120kVA||,jemena:A300,jemena-2024-25-aerhosted-annual-demand-min120kVA,,,2024-07-01,2025-06-30,jemena-2024-25-network-tariff-schedule-28mar2024
jemena:A300|jemena-2024-25-aerhosted-sdic-demand|summer_demand_incentive|summer,jemena:A300,jemena-2024-25-aerhosted-sdic-demand,summer_demand_incentive,summer,2024-07-01,2025-06-30,jemena-2024-25-network-tariff-schedule-28mar2024
jemena:A300|jemena-2024-25-dnsp-annual-demand-min120kVA||,jemena:A300,jemena-2024-25-dnsp-annual-demand-min120kVA,,,2024-07-01,2025-06-30,jemena-network-tariff-schedule-2024-25
jemena:A300|jemena-2024-25-dnsp-sdic-demand|summer_demand_incentive|summer,jemena:A300,jemena-2024-25-dnsp-sdic-demand,summer_demand_incentive,summer,2024-07-01,2025-06-30,jemena-network-tariff-schedule-2024-25
jemena:A300|jemena-2025-26-dnsp-annual-demand-min120kVA||,jemena:A300,jemena-2025-26-dnsp-annual-demand-min120kVA,,,2025-07-01,2026-06-30,jemena-network-tariff-schedule-2025-26
jemena:A300|jemena-2025-26-dnsp-sdic-demand|summer_demand_incentive|summer,jemena:A300,jemena-2025-26-dnsp-sdic-demand,summer_demand_incentive,summer,2025-07-01,2026-06-30,jemena-network-tariff-schedule-2025-26
jemena:A30B|jemena-2026-27-dnsp-sdic-demand|summer_demand_incentive|summer,jemena:A30B,jemena-2026-27-dnsp-sdic-demand,summer_demand_incentive,summer,2026-07-01,2027-06-30,jemena-network-tariff-schedule-2026-27
jemena:A30C|jemena-2023-24-aerhosted-annual-demand-min120kVA||,jemena:A30C,jemena-2023-24-aerhosted-annual-demand-min120kVA,,,2023-07-01,2024-06-30,jemena-2023-24-network-tariff-schedule-31mar2023
jemena:A30C|jemena-2023-24-aerhosted-sdic-demand|summer_demand_incentive|summer,jemena:A30C,jemena-2023-24-aerhosted-sdic-demand,summer_demand_incentive,summer,2023-07-01,2024-06-30,jemena-2023-24-network-tariff-schedule-31mar2023
jemena:A30C|jemena-2023-24-dnsp-annual-demand-min120kVA||,jemena:A30C,jemena-2023-24-dnsp-annual-demand-min120kVA,,,2023-07-01,2024-06-30,jemena-network-tariff-schedule-2023-24
jemena:A30C|jemena-2023-24-dnsp-sdic-demand|summer_demand_incentive|summer,jemena:A30C,jemena-2023-24-dnsp-sdic-demand,summer_demand_incentive,summer,2023-07-01,2024-06-30,jemena-network-tariff-schedule-2023-24
jemena:A30C|jemena-2024-25-aerhosted-annual-demand-min120kVA||,jemena:A30C,jemena-2024-25-aerhosted-annual-demand-min120kVA,,,2024-07-01,2025-06-30,jemena-2024-25-network-tariff-schedule-28mar2024
jemena:A30C|jemena-2024-25-aerhosted-sdic-demand|summer_demand_incentive|summer,jemena:A30C,jemena-2024-25-aerhosted-sdic-demand,summer_demand_incentive,summer,2024-07-01,2025-06-30,jemena-2024-25-network-tariff-schedule-28mar2024
jemena:A30C|jemena-2024-25-dnsp-annual-demand-min120kVA||,jemena:A30C,jemena-2024-25-dnsp-annual-demand-min120kVA,,,2024-07-01,2025-06-30,jemena-network-tariff-schedule-2024-25
jemena:A30C|jemena-2024-25-dnsp-sdic-demand|summer_demand_incentive|summer,jemena:A30C,jemena-2024-25-dnsp-sdic-demand,summer_demand_incentive,summer,2024-07-01,2025-06-30,jemena-network-tariff-schedule-2024-25
jemena:A30C|jemena-2025-26-dnsp-annual-demand-min120kVA||,jemena:A30C,jemena-2025-26-dnsp-annual-demand-min120kVA,,,2025-07-01,2026-06-30,jemena-network-tariff-schedule-2025-26
jemena:A30C|jemena-2025-26-dnsp-sdic-demand|summer_demand_incentive|summer,jemena:A30C,jemena-2025-26-dnsp-sdic-demand,summer_demand_incentive,summer,2025-07-01,2026-06-30,jemena-network-tariff-schedule-2025-26
jemena:A30C|jemena-2026-27-dnsp-annual-demand-min120kVA||,jemena:A30C,jemena-2026-27-dnsp-annual-demand-min120kVA,,,2026-07-01,2027-06-30,jemena-network-tariff-schedule-2026-27
jemena:A30C|jemena-2026-27-dnsp-sdic-demand|summer_demand_incentive|summer,jemena:A30C,jemena-2026-27-dnsp-sdic-demand,summer_demand_incentive,summer,2026-07-01,2027-06-30,jemena-network-tariff-schedule-2026-27
jemena:A30E|jemena-2023-24-aerhosted-annual-demand-min120kVA||,jemena:A30E,jemena-2023-24-aerhosted-annual-demand-min120kVA,,,2023-07-01,2024-06-30,jemena-2023-24-network-tariff-schedule-31mar2023
jemena:A30E|jemena-2023-24-aerhosted-sdic-demand|summer_demand_incentive|summer,jemena:A30E,jemena-2023-24-aerhosted-sdic-demand,summer_demand_incentive,summer,2023-07-01,2024-06-30,jemena-2023-24-network-tariff-schedule-31mar2023
jemena:A30E|jemena-2023-24-dnsp-annual-demand-min120kVA||,jemena:A30E,jemena-2023-24-dnsp-annual-demand-min120kVA,,,2023-07-01,2024-06-30,jemena-network-tariff-schedule-2023-24
jemena:A30E|jemena-2023-24-dnsp-sdic-demand|summer_demand_incentive|summer,jemena:A30E,jemena-2023-24-dnsp-sdic-demand,summer_demand_incentive,summer,2023-07-01,2024-06-30,jemena-network-tariff-schedule-2023-24
jemena:A30E|jemena-2024-25-aerhosted-annual-demand-min120kVA||,jemena:A30E,jemena-2024-25-aerhosted-annual-demand-min120kVA,,,2024-07-01,2025-06-30,jemena-2024-25-network-tariff-schedule-28mar2024
jemena:A30E|jemena-2024-25-aerhosted-sdic-demand|summer_demand_incentive|summer,jemena:A30E,jemena-2024-25-aerhosted-sdic-demand,summer_demand_incentive,summer,2024-07-01,2025-06-30,jemena-2024-25-network-tariff-schedule-28mar2024
jemena:A30E|jemena-2024-25-dnsp-annual-demand-min120kVA||,jemena:A30E,jemena-2024-25-dnsp-annual-demand-min120kVA,,,2024-07-01,2025-06-30,jemena-network-tariff-schedule-2024-25
jemena:A30E|jemena-2024-25-dnsp-sdic-demand|summer_demand_incentive|summer,jemena:A30E,jemena-2024-25-dnsp-sdic-demand,summer_demand_incentive,summer,2024-07-01,2025-06-30,jemena-network-tariff-schedule-2024-25
jemena:A30E|jemena-2025-26-dnsp-annual-demand-min120kVA||,jemena:A30E,jemena-2025-26-dnsp-annual-demand-min120kVA,,,2025-07-01,2026-06-30,jemena-network-tariff-schedule-2025-26
jemena:A30E|jemena-2025-26-dnsp-sdic-demand|summer_demand_incentive|summer,jemena:A30E,jemena-2025-26-dnsp-sdic-demand,summer_demand_incentive,summer,2025-07-01,2026-06-30,jemena-network-tariff-schedule-2025-26
jemena:A320|jemena-2023-24-aerhosted-annual-demand-min250kVA||,jemena:A320,jemena-2023-24-aerhosted-annual-demand-min250kVA,,,2023-07-01,2024-06-30,jemena-2023-24-network-tariff-schedule-31mar2023
jemena:A320|jemena-2023-24-aerhosted-sdic-demand|summer_demand_incentive|summer,jemena:A320,jemena-2023-24-aerhosted-sdic-demand,summer_demand_incentive,summer,2023-07-01,2024-06-30,jemena-2023-24-network-tariff-schedule-31mar2023
jemena:A320|jemena-2023-24-dnsp-annual-demand-min250kVA||,jemena:A320,jemena-2023-24-dnsp-annual-demand-min250kVA,,,2023-07-01,2024-06-30,jemena-network-tariff-schedule-2023-24
jemena:A320|jemena-2023-24-dnsp-sdic-demand|summer_demand_incentive|summer,jemena:A320,jemena-2023-24-dnsp-sdic-demand,summer_demand_incentive,summer,2023-07-01,2024-06-30,jemena-network-tariff-schedule-2023-24
jemena:A320|jemena-2024-25-aerhosted-annual-demand-min250kVA||,jemena:A320,jemena-2024-25-aerhosted-annual-demand-min250kVA,,,2024-07-01,2025-06-30,jemena-2024-25-network-tariff-schedule-28mar2024
jemena:A320|jemena-2024-25-aerhosted-sdic-demand|summer_demand_incentive|summer,jemena:A320,jemena-2024-25-aerhosted-sdic-demand,summer_demand_incentive,summer,2024-07-01,2025-06-30,jemena-2024-25-network-tariff-schedule-28mar2024
jemena:A320|jemena-2024-25-dnsp-annual-demand-min250kVA||,jemena:A320,jemena-2024-25-dnsp-annual-demand-min250kVA,,,2024-07-01,2025-06-30,jemena-network-tariff-schedule-2024-25
jemena:A320|jemena-2024-25-dnsp-sdic-demand|summer_demand_incentive|summer,jemena:A320,jemena-2024-25-dnsp-sdic-demand,summer_demand_incentive,summer,2024-07-01,2025-06-30,jemena-network-tariff-schedule-2024-25
jemena:A320|jemena-2025-26-dnsp-annual-demand-min250kVA||,jemena:A320,jemena-2025-26-dnsp-annual-demand-min250kVA,,,2025-07-01,2026-06-30,jemena-network-tariff-schedule-2025-26
jemena:A320|jemena-2025-26-dnsp-sdic-demand|summer_demand_incentive|summer,jemena:A320,jemena-2025-26-dnsp-sdic-demand,summer_demand_incentive,summer,2025-07-01,2026-06-30,jemena-network-tariff-schedule-2025-26
jemena:A32C|jemena-2023-24-aerhosted-annual-demand-min250kVA||,jemena:A32C,jemena-2023-24-aerhosted-annual-demand-min250kVA,,,2023-07-01,2024-06-30,jemena-2023-24-network-tariff-schedule-31mar2023
jemena:A32C|jemena-2023-24-aerhosted-sdic-demand|summer_demand_incentive|summer,jemena:A32C,jemena-2023-24-aerhosted-sdic-demand,summer_demand_incentive,summer,2023-07-01,2024-06-30,jemena-2023-24-network-tariff-schedule-31mar2023
jemena:A32C|jemena-2023-24-dnsp-annual-demand-min250kVA||,jemena:A32C,jemena-2023-24-dnsp-annual-demand-min250kVA,,,2023-07-01,2024-06-30,jemena-network-tariff-schedule-2023-24
jemena:A32C|jemena-2023-24-dnsp-sdic-demand|summer_demand_incentive|summer,jemena:A32C,jemena-2023-24-dnsp-sdic-demand,summer_demand_incentive,summer,2023-07-01,2024-06-30,jemena-network-tariff-schedule-2023-24
jemena:A32C|jemena-2024-25-aerhosted-annual-demand-min250kVA||,jemena:A32C,jemena-2024-25-aerhosted-annual-demand-min250kVA,,,2024-07-01,2025-06-30,jemena-2024-25-network-tariff-schedule-28mar2024
jemena:A32C|jemena-2024-25-aerhosted-sdic-demand|summer_demand_incentive|summer,jemena:A32C,jemena-2024-25-aerhosted-sdic-demand,summer_demand_incentive,summer,2024-07-01,2025-06-30,jemena-2024-25-network-tariff-schedule-28mar2024
jemena:A32C|jemena-2024-25-dnsp-annual-demand-min250kVA||,jemena:A32C,jemena-2024-25-dnsp-annual-demand-min250kVA,,,2024-07-01,2025-06-30,jemena-network-tariff-schedule-2024-25
jemena:A32C|jemena-2024-25-dnsp-sdic-demand|summer_demand_incentive|summer,jemena:A32C,jemena-2024-25-dnsp-sdic-demand,summer_demand_incentive,summer,2024-07-01,2025-06-30,jemena-network-tariff-schedule-2024-25
jemena:A32C|jemena-2025-26-dnsp-annual-demand-min250kVA||,jemena:A32C,jemena-2025-26-dnsp-annual-demand-min250kVA,,,2025-07-01,2026-06-30,jemena-network-tariff-schedule-2025-26
jemena:A32C|jemena-2025-26-dnsp-sdic-demand|summer_demand_incentive|summer,jemena:A32C,jemena-2025-26-dnsp-sdic-demand,summer_demand_incentive,summer,2025-07-01,2026-06-30,jemena-network-tariff-schedule-2025-26
jemena:A32C|jemena-2026-27-dnsp-annual-demand-min250kVA||,jemena:A32C,jemena-2026-27-dnsp-annual-demand-min250kVA,,,2026-07-01,2027-06-30,jemena-network-tariff-schedule-2026-27
jemena:A32C|jemena-2026-27-dnsp-sdic-demand|summer_demand_incentive|summer,jemena:A32C,jemena-2026-27-dnsp-sdic-demand,summer_demand_incentive,summer,2026-07-01,2027-06-30,jemena-network-tariff-schedule-2026-27
jemena:A32E|jemena-2023-24-aerhosted-annual-demand-min250kVA||,jemena:A32E,jemena-2023-24-aerhosted-annual-demand-min250kVA,,,2023-07-01,2024-06-30,jemena-2023-24-network-tariff-schedule-31mar2023
jemena:A32E|jemena-2023-24-aerhosted-sdic-demand|summer_demand_incentive|summer,jemena:A32E,jemena-2023-24-aerhosted-sdic-demand,summer_demand_incentive,summer,2023-07-01,2024-06-30,jemena-2023-24-network-tariff-schedule-31mar2023
jemena:A32E|jemena-2023-24-dnsp-annual-demand-min250kVA||,jemena:A32E,jemena-2023-24-dnsp-annual-demand-min250kVA,,,2023-07-01,2024-06-30,jemena-network-tariff-schedule-2023-24
jemena:A32E|jemena-2023-24-dnsp-sdic-demand|summer_demand_incentive|summer,jemena:A32E,jemena-2023-24-dnsp-sdic-demand,summer_demand_incentive,summer,2023-07-01,2024-06-30,jemena-network-tariff-schedule-2023-24
jemena:A32E|jemena-2024-25-aerhosted-annual-demand-min250kVA||,jemena:A32E,jemena-2024-25-aerhosted-annual-demand-min250kVA,,,2024-07-01,2025-06-30,jemena-2024-25-network-tariff-schedule-28mar2024
jemena:A32E|jemena-2024-25-aerhosted-sdic-demand|summer_demand_incentive|summer,jemena:A32E,jemena-2024-25-aerhosted-sdic-demand,summer_demand_incentive,summer,2024-07-01,2025-06-30,jemena-2024-25-network-tariff-schedule-28mar2024
jemena:A32E|jemena-2024-25-dnsp-annual-demand-min250kVA||,jemena:A32E,jemena-2024-25-dnsp-annual-demand-min250kVA,,,2024-07-01,2025-06-30,jemena-network-tariff-schedule-2024-25
jemena:A32E|jemena-2024-25-dnsp-sdic-demand|summer_demand_incentive|summer,jemena:A32E,jemena-2024-25-dnsp-sdic-demand,summer_demand_incentive,summer,2024-07-01,2025-06-30,jemena-network-tariff-schedule-2024-25
jemena:A32E|jemena-2025-26-dnsp-annual-demand-min250kVA||,jemena:A32E,jemena-2025-26-dnsp-annual-demand-min250kVA,,,2025-07-01,2026-06-30,jemena-network-tariff-schedule-2025-26
jemena:A32E|jemena-2025-26-dnsp-sdic-demand|summer_demand_incentive|summer,jemena:A32E,jemena-2025-26-dnsp-sdic-demand,summer_demand_incentive,summer,2025-07-01,2026-06-30,jemena-network-tariff-schedule-2025-26
jemena:A340|jemena-2023-24-aerhosted-annual-demand-min250kVA||,jemena:A340,jemena-2023-24-aerhosted-annual-demand-min250kVA,,,2023-07-01,2024-06-30,jemena-2023-24-network-tariff-schedule-31mar2023
jemena:A340|jemena-2023-24-aerhosted-sdic-demand|summer_demand_incentive|summer,jemena:A340,jemena-2023-24-aerhosted-sdic-demand,summer_demand_incentive,summer,2023-07-01,2024-06-30,jemena-2023-24-network-tariff-schedule-31mar2023
jemena:A340|jemena-2023-24-dnsp-annual-demand-min250kVA||,jemena:A340,jemena-2023-24-dnsp-annual-demand-min250kVA,,,2023-07-01,2024-06-30,jemena-network-tariff-schedule-2023-24
jemena:A340|jemena-2023-24-dnsp-sdic-demand|summer_demand_incentive|summer,jemena:A340,jemena-2023-24-dnsp-sdic-demand,summer_demand_incentive,summer,2023-07-01,2024-06-30,jemena-network-tariff-schedule-2023-24
jemena:A340|jemena-2024-25-aerhosted-annual-demand-min250kVA||,jemena:A340,jemena-2024-25-aerhosted-annual-demand-min250kVA,,,2024-07-01,2025-06-30,jemena-2024-25-network-tariff-schedule-28mar2024
jemena:A340|jemena-2024-25-aerhosted-sdic-demand|summer_demand_incentive|summer,jemena:A340,jemena-2024-25-aerhosted-sdic-demand,summer_demand_incentive,summer,2024-07-01,2025-06-30,jemena-2024-25-network-tariff-schedule-28mar2024
jemena:A340|jemena-2024-25-dnsp-annual-demand-min250kVA||,jemena:A340,jemena-2024-25-dnsp-annual-demand-min250kVA,,,2024-07-01,2025-06-30,jemena-network-tariff-schedule-2024-25
jemena:A340|jemena-2024-25-dnsp-sdic-demand|summer_demand_incentive|summer,jemena:A340,jemena-2024-25-dnsp-sdic-demand,summer_demand_incentive,summer,2024-07-01,2025-06-30,jemena-network-tariff-schedule-2024-25
jemena:A340|jemena-2025-26-dnsp-annual-demand-min250kVA||,jemena:A340,jemena-2025-26-dnsp-annual-demand-min250kVA,,,2025-07-01,2026-06-30,jemena-network-tariff-schedule-2025-26
jemena:A340|jemena-2025-26-dnsp-sdic-demand|summer_demand_incentive|summer,jemena:A340,jemena-2025-26-dnsp-sdic-demand,summer_demand_incentive,summer,2025-07-01,2026-06-30,jemena-network-tariff-schedule-2025-26
jemena:A34C|jemena-2023-24-aerhosted-annual-demand-min250kVA||,jemena:A34C,jemena-2023-24-aerhosted-annual-demand-min250kVA,,,2023-07-01,2024-06-30,jemena-2023-24-network-tariff-schedule-31mar2023
jemena:A34C|jemena-2023-24-aerhosted-sdic-demand|summer_demand_incentive|summer,jemena:A34C,jemena-2023-24-aerhosted-sdic-demand,summer_demand_incentive,summer,2023-07-01,2024-06-30,jemena-2023-24-network-tariff-schedule-31mar2023
jemena:A34C|jemena-2023-24-dnsp-annual-demand-min250kVA||,jemena:A34C,jemena-2023-24-dnsp-annual-demand-min250kVA,,,2023-07-01,2024-06-30,jemena-network-tariff-schedule-2023-24
jemena:A34C|jemena-2023-24-dnsp-sdic-demand|summer_demand_incentive|summer,jemena:A34C,jemena-2023-24-dnsp-sdic-demand,summer_demand_incentive,summer,2023-07-01,2024-06-30,jemena-network-tariff-schedule-2023-24
jemena:A34C|jemena-2024-25-aerhosted-annual-demand-min250kVA||,jemena:A34C,jemena-2024-25-aerhosted-annual-demand-min250kVA,,,2024-07-01,2025-06-30,jemena-2024-25-network-tariff-schedule-28mar2024
jemena:A34C|jemena-2024-25-aerhosted-sdic-demand|summer_demand_incentive|summer,jemena:A34C,jemena-2024-25-aerhosted-sdic-demand,summer_demand_incentive,summer,2024-07-01,2025-06-30,jemena-2024-25-network-tariff-schedule-28mar2024
jemena:A34C|jemena-2024-25-dnsp-annual-demand-min250kVA||,jemena:A34C,jemena-2024-25-dnsp-annual-demand-min250kVA,,,2024-07-01,2025-06-30,jemena-network-tariff-schedule-2024-25
jemena:A34C|jemena-2024-25-dnsp-sdic-demand|summer_demand_incentive|summer,jemena:A34C,jemena-2024-25-dnsp-sdic-demand,summer_demand_incentive,summer,2024-07-01,2025-06-30,jemena-network-tariff-schedule-2024-25
jemena:A34C|jemena-2025-26-dnsp-annual-demand-min250kVA||,jemena:A34C,jemena-2025-26-dnsp-annual-demand-min250kVA,,,2025-07-01,2026-06-30,jemena-network-tariff-schedule-2025-26
jemena:A34C|jemena-2025-26-dnsp-sdic-demand|summer_demand_incentive|summer,jemena:A34C,jemena-2025-26-dnsp-sdic-demand,summer_demand_incentive,summer,2025-07-01,2026-06-30,jemena-network-tariff-schedule-2025-26
jemena:A34C|jemena-2026-27-dnsp-annual-demand-min250kVA||,jemena:A34C,jemena-2026-27-dnsp-annual-demand-min250kVA,,,2026-07-01,2027-06-30,jemena-network-tariff-schedule-2026-27
jemena:A34C|jemena-2026-27-dnsp-sdic-demand|summer_demand_incentive|summer,jemena:A34C,jemena-2026-27-dnsp-sdic-demand,summer_demand_incentive,summer,2026-07-01,2027-06-30,jemena-network-tariff-schedule-2026-27
jemena:A34E|jemena-2023-24-aerhosted-annual-demand-min250kVA||,jemena:A34E,jemena-2023-24-aerhosted-annual-demand-min250kVA,,,2023-07-01,2024-06-30,jemena-2023-24-network-tariff-schedule-31mar2023
jemena:A34E|jemena-2023-24-aerhosted-sdic-demand|summer_demand_incentive|summer,jemena:A34E,jemena-2023-24-aerhosted-sdic-demand,summer_demand_incentive,summer,2023-07-01,2024-06-30,jemena-2023-24-network-tariff-schedule-31mar2023
jemena:A34E|jemena-2023-24-dnsp-annual-demand-min250kVA||,jemena:A34E,jemena-2023-24-dnsp-annual-demand-min250kVA,,,2023-07-01,2024-06-30,jemena-network-tariff-schedule-2023-24
jemena:A34E|jemena-2023-24-dnsp-sdic-demand|summer_demand_incentive|summer,jemena:A34E,jemena-2023-24-dnsp-sdic-demand,summer_demand_incentive,summer,2023-07-01,2024-06-30,jemena-network-tariff-schedule-2023-24
jemena:A34E|jemena-2024-25-aerhosted-annual-demand-min250kVA||,jemena:A34E,jemena-2024-25-aerhosted-annual-demand-min250kVA,,,2024-07-01,2025-06-30,jemena-2024-25-network-tariff-schedule-28mar2024
jemena:A34E|jemena-2024-25-aerhosted-sdic-demand|summer_demand_incentive|summer,jemena:A34E,jemena-2024-25-aerhosted-sdic-demand,summer_demand_incentive,summer,2024-07-01,2025-06-30,jemena-2024-25-network-tariff-schedule-28mar2024
jemena:A34E|jemena-2024-25-dnsp-annual-demand-min250kVA||,jemena:A34E,jemena-2024-25-dnsp-annual-demand-min250kVA,,,2024-07-01,2025-06-30,jemena-network-tariff-schedule-2024-25
jemena:A34E|jemena-2024-25-dnsp-sdic-demand|summer_demand_incentive|summer,jemena:A34E,jemena-2024-25-dnsp-sdic-demand,summer_demand_incentive,summer,2024-07-01,2025-06-30,jemena-network-tariff-schedule-2024-25
jemena:A34E|jemena-2025-26-dnsp-annual-demand-min250kVA||,jemena:A34E,jemena-2025-26-dnsp-annual-demand-min250kVA,,,2025-07-01,2026-06-30,jemena-network-tariff-schedule-2025-26
jemena:A34E|jemena-2025-26-dnsp-sdic-demand|summer_demand_incentive|summer,jemena:A34E,jemena-2025-26-dnsp-sdic-demand,summer_demand_incentive,summer,2025-07-01,2026-06-30,jemena-network-tariff-schedule-2025-26
jemena:A34M|jemena-2023-24-aerhosted-annual-demand-min250kVA||,jemena:A34M,jemena-2023-24-aerhosted-annual-demand-min250kVA,,,2023-07-01,2024-06-30,jemena-2023-24-network-tariff-schedule-31mar2023
jemena:A34M|jemena-2023-24-aerhosted-sdic-demand|summer_demand_incentive|summer,jemena:A34M,jemena-2023-24-aerhosted-sdic-demand,summer_demand_incentive,summer,2023-07-01,2024-06-30,jemena-2023-24-network-tariff-schedule-31mar2023
jemena:A34M|jemena-2023-24-dnsp-annual-demand-min250kVA||,jemena:A34M,jemena-2023-24-dnsp-annual-demand-min250kVA,,,2023-07-01,2024-06-30,jemena-network-tariff-schedule-2023-24
jemena:A34M|jemena-2023-24-dnsp-sdic-demand|summer_demand_incentive|summer,jemena:A34M,jemena-2023-24-dnsp-sdic-demand,summer_demand_incentive,summer,2023-07-01,2024-06-30,jemena-network-tariff-schedule-2023-24
jemena:A34M|jemena-2024-25-aerhosted-annual-demand-min250kVA||,jemena:A34M,jemena-2024-25-aerhosted-annual-demand-min250kVA,,,2024-07-01,2025-06-30,jemena-2024-25-network-tariff-schedule-28mar2024
jemena:A34M|jemena-2024-25-aerhosted-sdic-demand|summer_demand_incentive|summer,jemena:A34M,jemena-2024-25-aerhosted-sdic-demand,summer_demand_incentive,summer,2024-07-01,2025-06-30,jemena-2024-25-network-tariff-schedule-28mar2024
jemena:A34M|jemena-2024-25-dnsp-annual-demand-min250kVA||,jemena:A34M,jemena-2024-25-dnsp-annual-demand-min250kVA,,,2024-07-01,2025-06-30,jemena-network-tariff-schedule-2024-25
jemena:A34M|jemena-2024-25-dnsp-sdic-demand|summer_demand_incentive|summer,jemena:A34M,jemena-2024-25-dnsp-sdic-demand,summer_demand_incentive,summer,2024-07-01,2025-06-30,jemena-network-tariff-schedule-2024-25
jemena:A34M|jemena-2025-26-dnsp-annual-demand-min250kVA||,jemena:A34M,jemena-2025-26-dnsp-annual-demand-min250kVA,,,2025-07-01,2026-06-30,jemena-network-tariff-schedule-2025-26
jemena:A34M|jemena-2025-26-dnsp-sdic-demand|summer_demand_incentive|summer,jemena:A34M,jemena-2025-26-dnsp-sdic-demand,summer_demand_incentive,summer,2025-07-01,2026-06-30,jemena-network-tariff-schedule-2025-26
jemena:A34T|jemena-2023-24-aerhosted-annual-demand-min250kVA||,jemena:A34T,jemena-2023-24-aerhosted-annual-demand-min250kVA,,,2023-07-01,2024-06-30,jemena-2023-24-network-tariff-schedule-31mar2023
jemena:A34T|jemena-2023-24-aerhosted-sdic-demand|summer_demand_incentive|summer,jemena:A34T,jemena-2023-24-aerhosted-sdic-demand,summer_demand_incentive,summer,2023-07-01,2024-06-30,jemena-2023-24-network-tariff-schedule-31mar2023
jemena:A34T|jemena-2023-24-dnsp-annual-demand-min250kVA||,jemena:A34T,jemena-2023-24-dnsp-annual-demand-min250kVA,,,2023-07-01,2024-06-30,jemena-network-tariff-schedule-2023-24
jemena:A34T|jemena-2023-24-dnsp-sdic-demand|summer_demand_incentive|summer,jemena:A34T,jemena-2023-24-dnsp-sdic-demand,summer_demand_incentive,summer,2023-07-01,2024-06-30,jemena-network-tariff-schedule-2023-24
jemena:A34T|jemena-2024-25-aerhosted-annual-demand-min250kVA||,jemena:A34T,jemena-2024-25-aerhosted-annual-demand-min250kVA,,,2024-07-01,2025-06-30,jemena-2024-25-network-tariff-schedule-28mar2024
jemena:A34T|jemena-2024-25-aerhosted-sdic-demand|summer_demand_incentive|summer,jemena:A34T,jemena-2024-25-aerhosted-sdic-demand,summer_demand_incentive,summer,2024-07-01,2025-06-30,jemena-2024-25-network-tariff-schedule-28mar2024
jemena:A34T|jemena-2024-25-dnsp-annual-demand-min250kVA||,jemena:A34T,jemena-2024-25-dnsp-annual-demand-min250kVA,,,2024-07-01,2025-06-30,jemena-network-tariff-schedule-2024-25
jemena:A34T|jemena-2024-25-dnsp-sdic-demand|summer_demand_incentive|summer,jemena:A34T,jemena-2024-25-dnsp-sdic-demand,summer_demand_incentive,summer,2024-07-01,2025-06-30,jemena-network-tariff-schedule-2024-25
jemena:A34T|jemena-2025-26-dnsp-annual-demand-min250kVA||,jemena:A34T,jemena-2025-26-dnsp-annual-demand-min250kVA,,,2025-07-01,2026-06-30,jemena-network-tariff-schedule-2025-26
jemena:A34T|jemena-2025-26-dnsp-sdic-demand|summer_demand_incentive|summer,jemena:A34T,jemena-2025-26-dnsp-sdic-demand,summer_demand_incentive,summer,2025-07-01,2026-06-30,jemena-network-tariff-schedule-2025-26
jemena:A34T|jemena-2026-27-dnsp-annual-demand-min250kVA||,jemena:A34T,jemena-2026-27-dnsp-annual-demand-min250kVA,,,2026-07-01,2027-06-30,jemena-network-tariff-schedule-2026-27
jemena:A34T|jemena-2026-27-dnsp-sdic-demand|summer_demand_incentive|summer,jemena:A34T,jemena-2026-27-dnsp-sdic-demand,summer_demand_incentive,summer,2026-07-01,2027-06-30,jemena-network-tariff-schedule-2026-27
jemena:A370|jemena-2023-24-aerhosted-annual-demand-min450kVA||,jemena:A370,jemena-2023-24-aerhosted-annual-demand-min450kVA,,,2023-07-01,2024-06-30,jemena-2023-24-network-tariff-schedule-31mar2023
jemena:A370|jemena-2023-24-aerhosted-sdic-demand|summer_demand_incentive|summer,jemena:A370,jemena-2023-24-aerhosted-sdic-demand,summer_demand_incentive,summer,2023-07-01,2024-06-30,jemena-2023-24-network-tariff-schedule-31mar2023
jemena:A370|jemena-2023-24-dnsp-annual-demand-min450kVA||,jemena:A370,jemena-2023-24-dnsp-annual-demand-min450kVA,,,2023-07-01,2024-06-30,jemena-network-tariff-schedule-2023-24
jemena:A370|jemena-2023-24-dnsp-sdic-demand|summer_demand_incentive|summer,jemena:A370,jemena-2023-24-dnsp-sdic-demand,summer_demand_incentive,summer,2023-07-01,2024-06-30,jemena-network-tariff-schedule-2023-24
jemena:A370|jemena-2024-25-aerhosted-annual-demand-min450kVA||,jemena:A370,jemena-2024-25-aerhosted-annual-demand-min450kVA,,,2024-07-01,2025-06-30,jemena-2024-25-network-tariff-schedule-28mar2024
jemena:A370|jemena-2024-25-aerhosted-sdic-demand|summer_demand_incentive|summer,jemena:A370,jemena-2024-25-aerhosted-sdic-demand,summer_demand_incentive,summer,2024-07-01,2025-06-30,jemena-2024-25-network-tariff-schedule-28mar2024
jemena:A370|jemena-2024-25-dnsp-annual-demand-min450kVA||,jemena:A370,jemena-2024-25-dnsp-annual-demand-min450kVA,,,2024-07-01,2025-06-30,jemena-network-tariff-schedule-2024-25
jemena:A370|jemena-2024-25-dnsp-sdic-demand|summer_demand_incentive|summer,jemena:A370,jemena-2024-25-dnsp-sdic-demand,summer_demand_incentive,summer,2024-07-01,2025-06-30,jemena-network-tariff-schedule-2024-25
jemena:A370|jemena-2025-26-dnsp-annual-demand-min450kVA||,jemena:A370,jemena-2025-26-dnsp-annual-demand-min450kVA,,,2025-07-01,2026-06-30,jemena-network-tariff-schedule-2025-26
jemena:A370|jemena-2025-26-dnsp-sdic-demand|summer_demand_incentive|summer,jemena:A370,jemena-2025-26-dnsp-sdic-demand,summer_demand_incentive,summer,2025-07-01,2026-06-30,jemena-network-tariff-schedule-2025-26
jemena:A37C|jemena-2023-24-aerhosted-annual-demand-min450kVA||,jemena:A37C,jemena-2023-24-aerhosted-annual-demand-min450kVA,,,2023-07-01,2024-06-30,jemena-2023-24-network-tariff-schedule-31mar2023
jemena:A37C|jemena-2023-24-aerhosted-sdic-demand|summer_demand_incentive|summer,jemena:A37C,jemena-2023-24-aerhosted-sdic-demand,summer_demand_incentive,summer,2023-07-01,2024-06-30,jemena-2023-24-network-tariff-schedule-31mar2023
jemena:A37C|jemena-2023-24-dnsp-annual-demand-min450kVA||,jemena:A37C,jemena-2023-24-dnsp-annual-demand-min450kVA,,,2023-07-01,2024-06-30,jemena-network-tariff-schedule-2023-24
jemena:A37C|jemena-2023-24-dnsp-sdic-demand|summer_demand_incentive|summer,jemena:A37C,jemena-2023-24-dnsp-sdic-demand,summer_demand_incentive,summer,2023-07-01,2024-06-30,jemena-network-tariff-schedule-2023-24
jemena:A37C|jemena-2024-25-aerhosted-annual-demand-min450kVA||,jemena:A37C,jemena-2024-25-aerhosted-annual-demand-min450kVA,,,2024-07-01,2025-06-30,jemena-2024-25-network-tariff-schedule-28mar2024
jemena:A37C|jemena-2024-25-aerhosted-sdic-demand|summer_demand_incentive|summer,jemena:A37C,jemena-2024-25-aerhosted-sdic-demand,summer_demand_incentive,summer,2024-07-01,2025-06-30,jemena-2024-25-network-tariff-schedule-28mar2024
jemena:A37C|jemena-2024-25-dnsp-annual-demand-min450kVA||,jemena:A37C,jemena-2024-25-dnsp-annual-demand-min450kVA,,,2024-07-01,2025-06-30,jemena-network-tariff-schedule-2024-25
jemena:A37C|jemena-2024-25-dnsp-sdic-demand|summer_demand_incentive|summer,jemena:A37C,jemena-2024-25-dnsp-sdic-demand,summer_demand_incentive,summer,2024-07-01,2025-06-30,jemena-network-tariff-schedule-2024-25
jemena:A37C|jemena-2025-26-dnsp-annual-demand-min450kVA||,jemena:A37C,jemena-2025-26-dnsp-annual-demand-min450kVA,,,2025-07-01,2026-06-30,jemena-network-tariff-schedule-2025-26
jemena:A37C|jemena-2025-26-dnsp-sdic-demand|summer_demand_incentive|summer,jemena:A37C,jemena-2025-26-dnsp-sdic-demand,summer_demand_incentive,summer,2025-07-01,2026-06-30,jemena-network-tariff-schedule-2025-26
jemena:A37C|jemena-2026-27-dnsp-annual-demand-min450kVA||,jemena:A37C,jemena-2026-27-dnsp-annual-demand-min450kVA,,,2026-07-01,2027-06-30,jemena-network-tariff-schedule-2026-27
jemena:A37C|jemena-2026-27-dnsp-sdic-demand|summer_demand_incentive|summer,jemena:A37C,jemena-2026-27-dnsp-sdic-demand,summer_demand_incentive,summer,2026-07-01,2027-06-30,jemena-network-tariff-schedule-2026-27
jemena:A37M|jemena-2023-24-aerhosted-annual-demand-min450kVA||,jemena:A37M,jemena-2023-24-aerhosted-annual-demand-min450kVA,,,2023-07-01,2024-06-30,jemena-2023-24-network-tariff-schedule-31mar2023
jemena:A37M|jemena-2023-24-aerhosted-sdic-demand|summer_demand_incentive|summer,jemena:A37M,jemena-2023-24-aerhosted-sdic-demand,summer_demand_incentive,summer,2023-07-01,2024-06-30,jemena-2023-24-network-tariff-schedule-31mar2023
jemena:A37M|jemena-2023-24-dnsp-annual-demand-min450kVA||,jemena:A37M,jemena-2023-24-dnsp-annual-demand-min450kVA,,,2023-07-01,2024-06-30,jemena-network-tariff-schedule-2023-24
jemena:A37M|jemena-2023-24-dnsp-sdic-demand|summer_demand_incentive|summer,jemena:A37M,jemena-2023-24-dnsp-sdic-demand,summer_demand_incentive,summer,2023-07-01,2024-06-30,jemena-network-tariff-schedule-2023-24
jemena:A37M|jemena-2024-25-aerhosted-annual-demand-min450kVA||,jemena:A37M,jemena-2024-25-aerhosted-annual-demand-min450kVA,,,2024-07-01,2025-06-30,jemena-2024-25-network-tariff-schedule-28mar2024
jemena:A37M|jemena-2024-25-aerhosted-sdic-demand|summer_demand_incentive|summer,jemena:A37M,jemena-2024-25-aerhosted-sdic-demand,summer_demand_incentive,summer,2024-07-01,2025-06-30,jemena-2024-25-network-tariff-schedule-28mar2024
jemena:A37M|jemena-2024-25-dnsp-annual-demand-min450kVA||,jemena:A37M,jemena-2024-25-dnsp-annual-demand-min450kVA,,,2024-07-01,2025-06-30,jemena-network-tariff-schedule-2024-25
jemena:A37M|jemena-2024-25-dnsp-sdic-demand|summer_demand_incentive|summer,jemena:A37M,jemena-2024-25-dnsp-sdic-demand,summer_demand_incentive,summer,2024-07-01,2025-06-30,jemena-network-tariff-schedule-2024-25
jemena:A37M|jemena-2025-26-dnsp-annual-demand-min450kVA||,jemena:A37M,jemena-2025-26-dnsp-annual-demand-min450kVA,,,2025-07-01,2026-06-30,jemena-network-tariff-schedule-2025-26
jemena:A37M|jemena-2025-26-dnsp-sdic-demand|summer_demand_incentive|summer,jemena:A37M,jemena-2025-26-dnsp-sdic-demand,summer_demand_incentive,summer,2025-07-01,2026-06-30,jemena-network-tariff-schedule-2025-26
jemena:A37T|jemena-2023-24-aerhosted-annual-demand-min450kVA||,jemena:A37T,jemena-2023-24-aerhosted-annual-demand-min450kVA,,,2023-07-01,2024-06-30,jemena-2023-24-network-tariff-schedule-31mar2023
jemena:A37T|jemena-2023-24-aerhosted-sdic-demand|summer_demand_incentive|summer,jemena:A37T,jemena-2023-24-aerhosted-sdic-demand,summer_demand_incentive,summer,2023-07-01,2024-06-30,jemena-2023-24-network-tariff-schedule-31mar2023
jemena:A37T|jemena-2023-24-dnsp-annual-demand-min450kVA||,jemena:A37T,jemena-2023-24-dnsp-annual-demand-min450kVA,,,2023-07-01,2024-06-30,jemena-network-tariff-schedule-2023-24
jemena:A37T|jemena-2023-24-dnsp-sdic-demand|summer_demand_incentive|summer,jemena:A37T,jemena-2023-24-dnsp-sdic-demand,summer_demand_incentive,summer,2023-07-01,2024-06-30,jemena-network-tariff-schedule-2023-24
jemena:A37T|jemena-2024-25-aerhosted-annual-demand-min450kVA||,jemena:A37T,jemena-2024-25-aerhosted-annual-demand-min450kVA,,,2024-07-01,2025-06-30,jemena-2024-25-network-tariff-schedule-28mar2024
jemena:A37T|jemena-2024-25-aerhosted-sdic-demand|summer_demand_incentive|summer,jemena:A37T,jemena-2024-25-aerhosted-sdic-demand,summer_demand_incentive,summer,2024-07-01,2025-06-30,jemena-2024-25-network-tariff-schedule-28mar2024
jemena:A37T|jemena-2024-25-dnsp-annual-demand-min450kVA||,jemena:A37T,jemena-2024-25-dnsp-annual-demand-min450kVA,,,2024-07-01,2025-06-30,jemena-network-tariff-schedule-2024-25
jemena:A37T|jemena-2024-25-dnsp-sdic-demand|summer_demand_incentive|summer,jemena:A37T,jemena-2024-25-dnsp-sdic-demand,summer_demand_incentive,summer,2024-07-01,2025-06-30,jemena-network-tariff-schedule-2024-25
jemena:A37T|jemena-2025-26-dnsp-annual-demand-min450kVA||,jemena:A37T,jemena-2025-26-dnsp-annual-demand-min450kVA,,,2025-07-01,2026-06-30,jemena-network-tariff-schedule-2025-26
jemena:A37T|jemena-2025-26-dnsp-sdic-demand|summer_demand_incentive|summer,jemena:A37T,jemena-2025-26-dnsp-sdic-demand,summer_demand_incentive,summer,2025-07-01,2026-06-30,jemena-network-tariff-schedule-2025-26
jemena:A37T|jemena-2026-27-dnsp-annual-demand-min450kVA||,jemena:A37T,jemena-2026-27-dnsp-annual-demand-min450kVA,,,2026-07-01,2027-06-30,jemena-network-tariff-schedule-2026-27
jemena:A37T|jemena-2026-27-dnsp-sdic-demand|summer_demand_incentive|summer,jemena:A37T,jemena-2026-27-dnsp-sdic-demand,summer_demand_incentive,summer,2026-07-01,2027-06-30,jemena-network-tariff-schedule-2026-27
jemena:A400|jemena-2023-24-aerhosted-annual-demand-min1000kVA||,jemena:A400,jemena-2023-24-aerhosted-annual-demand-min1000kVA,,,2023-07-01,2024-06-30,jemena-2023-24-network-tariff-schedule-31mar2023
jemena:A400|jemena-2023-24-aerhosted-sdic-demand|summer_demand_incentive|summer,jemena:A400,jemena-2023-24-aerhosted-sdic-demand,summer_demand_incentive,summer,2023-07-01,2024-06-30,jemena-2023-24-network-tariff-schedule-31mar2023
jemena:A400|jemena-2023-24-dnsp-annual-demand-min1000kVA||,jemena:A400,jemena-2023-24-dnsp-annual-demand-min1000kVA,,,2023-07-01,2024-06-30,jemena-network-tariff-schedule-2023-24
jemena:A400|jemena-2023-24-dnsp-sdic-demand|summer_demand_incentive|summer,jemena:A400,jemena-2023-24-dnsp-sdic-demand,summer_demand_incentive,summer,2023-07-01,2024-06-30,jemena-network-tariff-schedule-2023-24
jemena:A400|jemena-2024-25-aerhosted-annual-demand-min1000kVA||,jemena:A400,jemena-2024-25-aerhosted-annual-demand-min1000kVA,,,2024-07-01,2025-06-30,jemena-2024-25-network-tariff-schedule-28mar2024
jemena:A400|jemena-2024-25-aerhosted-sdic-demand|summer_demand_incentive|summer,jemena:A400,jemena-2024-25-aerhosted-sdic-demand,summer_demand_incentive,summer,2024-07-01,2025-06-30,jemena-2024-25-network-tariff-schedule-28mar2024
jemena:A400|jemena-2024-25-dnsp-annual-demand-min1000kVA||,jemena:A400,jemena-2024-25-dnsp-annual-demand-min1000kVA,,,2024-07-01,2025-06-30,jemena-network-tariff-schedule-2024-25
jemena:A400|jemena-2024-25-dnsp-sdic-demand|summer_demand_incentive|summer,jemena:A400,jemena-2024-25-dnsp-sdic-demand,summer_demand_incentive,summer,2024-07-01,2025-06-30,jemena-network-tariff-schedule-2024-25
jemena:A400|jemena-2025-26-dnsp-annual-demand-min1000kVA||,jemena:A400,jemena-2025-26-dnsp-annual-demand-min1000kVA,,,2025-07-01,2026-06-30,jemena-network-tariff-schedule-2025-26
jemena:A400|jemena-2025-26-dnsp-sdic-demand|summer_demand_incentive|summer,jemena:A400,jemena-2025-26-dnsp-sdic-demand,summer_demand_incentive,summer,2025-07-01,2026-06-30,jemena-network-tariff-schedule-2025-26
jemena:A40C|jemena-2023-24-aerhosted-annual-demand-min1000kVA||,jemena:A40C,jemena-2023-24-aerhosted-annual-demand-min1000kVA,,,2023-07-01,2024-06-30,jemena-2023-24-network-tariff-schedule-31mar2023
jemena:A40C|jemena-2023-24-aerhosted-sdic-demand|summer_demand_incentive|summer,jemena:A40C,jemena-2023-24-aerhosted-sdic-demand,summer_demand_incentive,summer,2023-07-01,2024-06-30,jemena-2023-24-network-tariff-schedule-31mar2023
jemena:A40C|jemena-2023-24-dnsp-annual-demand-min1000kVA||,jemena:A40C,jemena-2023-24-dnsp-annual-demand-min1000kVA,,,2023-07-01,2024-06-30,jemena-network-tariff-schedule-2023-24
jemena:A40C|jemena-2023-24-dnsp-sdic-demand|summer_demand_incentive|summer,jemena:A40C,jemena-2023-24-dnsp-sdic-demand,summer_demand_incentive,summer,2023-07-01,2024-06-30,jemena-network-tariff-schedule-2023-24
jemena:A40C|jemena-2024-25-aerhosted-annual-demand-min1000kVA||,jemena:A40C,jemena-2024-25-aerhosted-annual-demand-min1000kVA,,,2024-07-01,2025-06-30,jemena-2024-25-network-tariff-schedule-28mar2024
jemena:A40C|jemena-2024-25-aerhosted-sdic-demand|summer_demand_incentive|summer,jemena:A40C,jemena-2024-25-aerhosted-sdic-demand,summer_demand_incentive,summer,2024-07-01,2025-06-30,jemena-2024-25-network-tariff-schedule-28mar2024
jemena:A40C|jemena-2024-25-dnsp-annual-demand-min1000kVA||,jemena:A40C,jemena-2024-25-dnsp-annual-demand-min1000kVA,,,2024-07-01,2025-06-30,jemena-network-tariff-schedule-2024-25
jemena:A40C|jemena-2024-25-dnsp-sdic-demand|summer_demand_incentive|summer,jemena:A40C,jemena-2024-25-dnsp-sdic-demand,summer_demand_incentive,summer,2024-07-01,2025-06-30,jemena-network-tariff-schedule-2024-25
jemena:A40C|jemena-2025-26-dnsp-annual-demand-min1000kVA||,jemena:A40C,jemena-2025-26-dnsp-annual-demand-min1000kVA,,,2025-07-01,2026-06-30,jemena-network-tariff-schedule-2025-26
jemena:A40C|jemena-2025-26-dnsp-sdic-demand|summer_demand_incentive|summer,jemena:A40C,jemena-2025-26-dnsp-sdic-demand,summer_demand_incentive,summer,2025-07-01,2026-06-30,jemena-network-tariff-schedule-2025-26
jemena:A40C|jemena-2026-27-dnsp-annual-demand-min1000kVA||,jemena:A40C,jemena-2026-27-dnsp-annual-demand-min1000kVA,,,2026-07-01,2027-06-30,jemena-network-tariff-schedule-2026-27
jemena:A40C|jemena-2026-27-dnsp-sdic-demand|summer_demand_incentive|summer,jemena:A40C,jemena-2026-27-dnsp-sdic-demand,summer_demand_incentive,summer,2026-07-01,2027-06-30,jemena-network-tariff-schedule-2026-27
jemena:A40E|jemena-2023-24-aerhosted-annual-demand-min1000kVA||,jemena:A40E,jemena-2023-24-aerhosted-annual-demand-min1000kVA,,,2023-07-01,2024-06-30,jemena-2023-24-network-tariff-schedule-31mar2023
jemena:A40E|jemena-2023-24-aerhosted-sdic-demand|summer_demand_incentive|summer,jemena:A40E,jemena-2023-24-aerhosted-sdic-demand,summer_demand_incentive,summer,2023-07-01,2024-06-30,jemena-2023-24-network-tariff-schedule-31mar2023
jemena:A40E|jemena-2023-24-dnsp-annual-demand-min1000kVA||,jemena:A40E,jemena-2023-24-dnsp-annual-demand-min1000kVA,,,2023-07-01,2024-06-30,jemena-network-tariff-schedule-2023-24
jemena:A40E|jemena-2023-24-dnsp-sdic-demand|summer_demand_incentive|summer,jemena:A40E,jemena-2023-24-dnsp-sdic-demand,summer_demand_incentive,summer,2023-07-01,2024-06-30,jemena-network-tariff-schedule-2023-24
jemena:A40E|jemena-2024-25-aerhosted-annual-demand-min1000kVA||,jemena:A40E,jemena-2024-25-aerhosted-annual-demand-min1000kVA,,,2024-07-01,2025-06-30,jemena-2024-25-network-tariff-schedule-28mar2024
jemena:A40E|jemena-2024-25-aerhosted-sdic-demand|summer_demand_incentive|summer,jemena:A40E,jemena-2024-25-aerhosted-sdic-demand,summer_demand_incentive,summer,2024-07-01,2025-06-30,jemena-2024-25-network-tariff-schedule-28mar2024
jemena:A40E|jemena-2024-25-dnsp-annual-demand-min1000kVA||,jemena:A40E,jemena-2024-25-dnsp-annual-demand-min1000kVA,,,2024-07-01,2025-06-30,jemena-network-tariff-schedule-2024-25
jemena:A40E|jemena-2024-25-dnsp-sdic-demand|summer_demand_incentive|summer,jemena:A40E,jemena-2024-25-dnsp-sdic-demand,summer_demand_incentive,summer,2024-07-01,2025-06-30,jemena-network-tariff-schedule-2024-25
jemena:A40E|jemena-2025-26-dnsp-annual-demand-min1000kVA||,jemena:A40E,jemena-2025-26-dnsp-annual-demand-min1000kVA,,,2025-07-01,2026-06-30,jemena-network-tariff-schedule-2025-26
jemena:A40E|jemena-2025-26-dnsp-sdic-demand|summer_demand_incentive|summer,jemena:A40E,jemena-2025-26-dnsp-sdic-demand,summer_demand_incentive,summer,2025-07-01,2026-06-30,jemena-network-tariff-schedule-2025-26
jemena:A40R|jemena-2023-24-aerhosted-annual-demand-min1000kVA||,jemena:A40R,jemena-2023-24-aerhosted-annual-demand-min1000kVA,,,2023-07-01,2024-06-30,jemena-2023-24-network-tariff-schedule-31mar2023
jemena:A40R|jemena-2023-24-aerhosted-sdic-demand|summer_demand_incentive|summer,jemena:A40R,jemena-2023-24-aerhosted-sdic-demand,summer_demand_incentive,summer,2023-07-01,2024-06-30,jemena-2023-24-network-tariff-schedule-31mar2023
jemena:A40R|jemena-2023-24-dnsp-annual-demand-min1000kVA||,jemena:A40R,jemena-2023-24-dnsp-annual-demand-min1000kVA,,,2023-07-01,2024-06-30,jemena-network-tariff-schedule-2023-24
jemena:A40R|jemena-2023-24-dnsp-sdic-demand|summer_demand_incentive|summer,jemena:A40R,jemena-2023-24-dnsp-sdic-demand,summer_demand_incentive,summer,2023-07-01,2024-06-30,jemena-network-tariff-schedule-2023-24
jemena:A40R|jemena-2024-25-aerhosted-annual-demand-min1000kVA||,jemena:A40R,jemena-2024-25-aerhosted-annual-demand-min1000kVA,,,2024-07-01,2025-06-30,jemena-2024-25-network-tariff-schedule-28mar2024
jemena:A40R|jemena-2024-25-aerhosted-sdic-demand|summer_demand_incentive|summer,jemena:A40R,jemena-2024-25-aerhosted-sdic-demand,summer_demand_incentive,summer,2024-07-01,2025-06-30,jemena-2024-25-network-tariff-schedule-28mar2024
jemena:A40R|jemena-2024-25-dnsp-annual-demand-min1000kVA||,jemena:A40R,jemena-2024-25-dnsp-annual-demand-min1000kVA,,,2024-07-01,2025-06-30,jemena-network-tariff-schedule-2024-25
jemena:A40R|jemena-2024-25-dnsp-sdic-demand|summer_demand_incentive|summer,jemena:A40R,jemena-2024-25-dnsp-sdic-demand,summer_demand_incentive,summer,2024-07-01,2025-06-30,jemena-network-tariff-schedule-2024-25
jemena:A40R|jemena-2025-26-dnsp-annual-demand-min1000kVA||,jemena:A40R,jemena-2025-26-dnsp-annual-demand-min1000kVA,,,2025-07-01,2026-06-30,jemena-network-tariff-schedule-2025-26
jemena:A40R|jemena-2025-26-dnsp-sdic-demand|summer_demand_incentive|summer,jemena:A40R,jemena-2025-26-dnsp-sdic-demand,summer_demand_incentive,summer,2025-07-01,2026-06-30,jemena-network-tariff-schedule-2025-26
jemena:A40T|jemena-2023-24-aerhosted-annual-demand-min1000kVA||,jemena:A40T,jemena-2023-24-aerhosted-annual-demand-min1000kVA,,,2023-07-01,2024-06-30,jemena-2023-24-network-tariff-schedule-31mar2023
jemena:A40T|jemena-2023-24-aerhosted-sdic-demand|summer_demand_incentive|summer,jemena:A40T,jemena-2023-24-aerhosted-sdic-demand,summer_demand_incentive,summer,2023-07-01,2024-06-30,jemena-2023-24-network-tariff-schedule-31mar2023
jemena:A40T|jemena-2023-24-dnsp-annual-demand-min1000kVA||,jemena:A40T,jemena-2023-24-dnsp-annual-demand-min1000kVA,,,2023-07-01,2024-06-30,jemena-network-tariff-schedule-2023-24
jemena:A40T|jemena-2023-24-dnsp-sdic-demand|summer_demand_incentive|summer,jemena:A40T,jemena-2023-24-dnsp-sdic-demand,summer_demand_incentive,summer,2023-07-01,2024-06-30,jemena-network-tariff-schedule-2023-24
jemena:A40T|jemena-2024-25-aerhosted-annual-demand-min1000kVA||,jemena:A40T,jemena-2024-25-aerhosted-annual-demand-min1000kVA,,,2024-07-01,2025-06-30,jemena-2024-25-network-tariff-schedule-28mar2024
jemena:A40T|jemena-2024-25-aerhosted-sdic-demand|summer_demand_incentive|summer,jemena:A40T,jemena-2024-25-aerhosted-sdic-demand,summer_demand_incentive,summer,2024-07-01,2025-06-30,jemena-2024-25-network-tariff-schedule-28mar2024
jemena:A40T|jemena-2024-25-dnsp-annual-demand-min1000kVA||,jemena:A40T,jemena-2024-25-dnsp-annual-demand-min1000kVA,,,2024-07-01,2025-06-30,jemena-network-tariff-schedule-2024-25
jemena:A40T|jemena-2024-25-dnsp-sdic-demand|summer_demand_incentive|summer,jemena:A40T,jemena-2024-25-dnsp-sdic-demand,summer_demand_incentive,summer,2024-07-01,2025-06-30,jemena-network-tariff-schedule-2024-25
jemena:A40T|jemena-2025-26-dnsp-annual-demand-min1000kVA||,jemena:A40T,jemena-2025-26-dnsp-annual-demand-min1000kVA,,,2025-07-01,2026-06-30,jemena-network-tariff-schedule-2025-26
jemena:A40T|jemena-2025-26-dnsp-sdic-demand|summer_demand_incentive|summer,jemena:A40T,jemena-2025-26-dnsp-sdic-demand,summer_demand_incentive,summer,2025-07-01,2026-06-30,jemena-network-tariff-schedule-2025-26
jemena:A40T|jemena-2026-27-dnsp-annual-demand-min1000kVA||,jemena:A40T,jemena-2026-27-dnsp-annual-demand-min1000kVA,,,2026-07-01,2027-06-30,jemena-network-tariff-schedule-2026-27
jemena:A40T|jemena-2026-27-dnsp-sdic-demand|summer_demand_incentive|summer,jemena:A40T,jemena-2026-27-dnsp-sdic-demand,summer_demand_incentive,summer,2026-07-01,2027-06-30,jemena-network-tariff-schedule-2026-27
jemena:A480|jemena-2023-24-aerhosted-annual-demand-min10000kVA||,jemena:A480,jemena-2023-24-aerhosted-annual-demand-min10000kVA,,,2023-07-01,2024-06-30,jemena-2023-24-network-tariff-schedule-31mar2023
jemena:A480|jemena-2023-24-aerhosted-sdic-demand|summer_demand_incentive|summer,jemena:A480,jemena-2023-24-aerhosted-sdic-demand,summer_demand_incentive,summer,2023-07-01,2024-06-30,jemena-2023-24-network-tariff-schedule-31mar2023
jemena:A480|jemena-2023-24-dnsp-annual-demand-min10000kVA||,jemena:A480,jemena-2023-24-dnsp-annual-demand-min10000kVA,,,2023-07-01,2024-06-30,jemena-network-tariff-schedule-2023-24
jemena:A480|jemena-2023-24-dnsp-sdic-demand|summer_demand_incentive|summer,jemena:A480,jemena-2023-24-dnsp-sdic-demand,summer_demand_incentive,summer,2023-07-01,2024-06-30,jemena-network-tariff-schedule-2023-24
jemena:A480|jemena-2024-25-aerhosted-annual-demand-min10000kVA||,jemena:A480,jemena-2024-25-aerhosted-annual-demand-min10000kVA,,,2024-07-01,2025-06-30,jemena-2024-25-network-tariff-schedule-28mar2024
jemena:A480|jemena-2024-25-aerhosted-sdic-demand|summer_demand_incentive|summer,jemena:A480,jemena-2024-25-aerhosted-sdic-demand,summer_demand_incentive,summer,2024-07-01,2025-06-30,jemena-2024-25-network-tariff-schedule-28mar2024
jemena:A480|jemena-2024-25-dnsp-annual-demand-min10000kVA||,jemena:A480,jemena-2024-25-dnsp-annual-demand-min10000kVA,,,2024-07-01,2025-06-30,jemena-network-tariff-schedule-2024-25
jemena:A480|jemena-2024-25-dnsp-sdic-demand|summer_demand_incentive|summer,jemena:A480,jemena-2024-25-dnsp-sdic-demand,summer_demand_incentive,summer,2024-07-01,2025-06-30,jemena-network-tariff-schedule-2024-25
jemena:A480|jemena-2025-26-dnsp-annual-demand-min10000kVA||,jemena:A480,jemena-2025-26-dnsp-annual-demand-min10000kVA,,,2025-07-01,2026-06-30,jemena-network-tariff-schedule-2025-26
jemena:A480|jemena-2025-26-dnsp-sdic-demand|summer_demand_incentive|summer,jemena:A480,jemena-2025-26-dnsp-sdic-demand,summer_demand_incentive,summer,2025-07-01,2026-06-30,jemena-network-tariff-schedule-2025-26
jemena:A48C|jemena-2023-24-aerhosted-annual-demand-min10000kVA||,jemena:A48C,jemena-2023-24-aerhosted-annual-demand-min10000kVA,,,2023-07-01,2024-06-30,jemena-2023-24-network-tariff-schedule-31mar2023
jemena:A48C|jemena-2023-24-aerhosted-sdic-demand|summer_demand_incentive|summer,jemena:A48C,jemena-2023-24-aerhosted-sdic-demand,summer_demand_incentive,summer,2023-07-01,2024-06-30,jemena-2023-24-network-tariff-schedule-31mar2023
jemena:A48C|jemena-2023-24-dnsp-annual-demand-min10000kVA||,jemena:A48C,jemena-2023-24-dnsp-annual-demand-min10000kVA,,,2023-07-01,2024-06-30,jemena-network-tariff-schedule-2023-24
jemena:A48C|jemena-2023-24-dnsp-sdic-demand|summer_demand_incentive|summer,jemena:A48C,jemena-2023-24-dnsp-sdic-demand,summer_demand_incentive,summer,2023-07-01,2024-06-30,jemena-network-tariff-schedule-2023-24
jemena:A48C|jemena-2024-25-aerhosted-annual-demand-min10000kVA||,jemena:A48C,jemena-2024-25-aerhosted-annual-demand-min10000kVA,,,2024-07-01,2025-06-30,jemena-2024-25-network-tariff-schedule-28mar2024
jemena:A48C|jemena-2024-25-aerhosted-sdic-demand|summer_demand_incentive|summer,jemena:A48C,jemena-2024-25-aerhosted-sdic-demand,summer_demand_incentive,summer,2024-07-01,2025-06-30,jemena-2024-25-network-tariff-schedule-28mar2024
jemena:A48C|jemena-2024-25-dnsp-annual-demand-min10000kVA||,jemena:A48C,jemena-2024-25-dnsp-annual-demand-min10000kVA,,,2024-07-01,2025-06-30,jemena-network-tariff-schedule-2024-25
jemena:A48C|jemena-2024-25-dnsp-sdic-demand|summer_demand_incentive|summer,jemena:A48C,jemena-2024-25-dnsp-sdic-demand,summer_demand_incentive,summer,2024-07-01,2025-06-30,jemena-network-tariff-schedule-2024-25
jemena:A48C|jemena-2025-26-dnsp-annual-demand-min10000kVA||,jemena:A48C,jemena-2025-26-dnsp-annual-demand-min10000kVA,,,2025-07-01,2026-06-30,jemena-network-tariff-schedule-2025-26
jemena:A48C|jemena-2025-26-dnsp-sdic-demand|summer_demand_incentive|summer,jemena:A48C,jemena-2025-26-dnsp-sdic-demand,summer_demand_incentive,summer,2025-07-01,2026-06-30,jemena-network-tariff-schedule-2025-26
jemena:A48C|jemena-2026-27-dnsp-annual-demand-min10000kVA||,jemena:A48C,jemena-2026-27-dnsp-annual-demand-min10000kVA,,,2026-07-01,2027-06-30,jemena-network-tariff-schedule-2026-27
jemena:A48C|jemena-2026-27-dnsp-sdic-demand|summer_demand_incentive|summer,jemena:A48C,jemena-2026-27-dnsp-sdic-demand,summer_demand_incentive,summer,2026-07-01,2027-06-30,jemena-network-tariff-schedule-2026-27
jemena:A500|jemena-2023-24-aerhosted-annual-demand-min15000kVA||,jemena:A500,jemena-2023-24-aerhosted-annual-demand-min15000kVA,,,2023-07-01,2024-06-30,jemena-2023-24-network-tariff-schedule-31mar2023
jemena:A500|jemena-2023-24-aerhosted-sdic-demand|summer_demand_incentive|summer,jemena:A500,jemena-2023-24-aerhosted-sdic-demand,summer_demand_incentive,summer,2023-07-01,2024-06-30,jemena-2023-24-network-tariff-schedule-31mar2023
jemena:A500|jemena-2023-24-dnsp-annual-demand-min15000kVA||,jemena:A500,jemena-2023-24-dnsp-annual-demand-min15000kVA,,,2023-07-01,2024-06-30,jemena-network-tariff-schedule-2023-24
jemena:A500|jemena-2023-24-dnsp-sdic-demand|summer_demand_incentive|summer,jemena:A500,jemena-2023-24-dnsp-sdic-demand,summer_demand_incentive,summer,2023-07-01,2024-06-30,jemena-network-tariff-schedule-2023-24
jemena:A500|jemena-2024-25-aerhosted-annual-demand-min15000kVA||,jemena:A500,jemena-2024-25-aerhosted-annual-demand-min15000kVA,,,2024-07-01,2025-06-30,jemena-2024-25-network-tariff-schedule-28mar2024
jemena:A500|jemena-2024-25-aerhosted-sdic-demand|summer_demand_incentive|summer,jemena:A500,jemena-2024-25-aerhosted-sdic-demand,summer_demand_incentive,summer,2024-07-01,2025-06-30,jemena-2024-25-network-tariff-schedule-28mar2024
jemena:A500|jemena-2024-25-dnsp-annual-demand-min15000kVA||,jemena:A500,jemena-2024-25-dnsp-annual-demand-min15000kVA,,,2024-07-01,2025-06-30,jemena-network-tariff-schedule-2024-25
jemena:A500|jemena-2024-25-dnsp-sdic-demand|summer_demand_incentive|summer,jemena:A500,jemena-2024-25-dnsp-sdic-demand,summer_demand_incentive,summer,2024-07-01,2025-06-30,jemena-network-tariff-schedule-2024-25
jemena:A500|jemena-2025-26-dnsp-annual-demand-min15000kVA||,jemena:A500,jemena-2025-26-dnsp-annual-demand-min15000kVA,,,2025-07-01,2026-06-30,jemena-network-tariff-schedule-2025-26
jemena:A500|jemena-2025-26-dnsp-sdic-demand|summer_demand_incentive|summer,jemena:A500,jemena-2025-26-dnsp-sdic-demand,summer_demand_incentive,summer,2025-07-01,2026-06-30,jemena-network-tariff-schedule-2025-26
jemena:A50A|jemena-2023-24-aerhosted-annual-demand-min15000kVA||,jemena:A50A,jemena-2023-24-aerhosted-annual-demand-min15000kVA,,,2023-07-01,2024-06-30,jemena-2023-24-network-tariff-schedule-31mar2023
jemena:A50A|jemena-2023-24-aerhosted-sdic-demand|summer_demand_incentive|summer,jemena:A50A,jemena-2023-24-aerhosted-sdic-demand,summer_demand_incentive,summer,2023-07-01,2024-06-30,jemena-2023-24-network-tariff-schedule-31mar2023
jemena:A50A|jemena-2023-24-dnsp-annual-demand-min15000kVA||,jemena:A50A,jemena-2023-24-dnsp-annual-demand-min15000kVA,,,2023-07-01,2024-06-30,jemena-network-tariff-schedule-2023-24
jemena:A50A|jemena-2023-24-dnsp-sdic-demand|summer_demand_incentive|summer,jemena:A50A,jemena-2023-24-dnsp-sdic-demand,summer_demand_incentive,summer,2023-07-01,2024-06-30,jemena-network-tariff-schedule-2023-24
jemena:A50A|jemena-2024-25-aerhosted-annual-demand-min15000kVA||,jemena:A50A,jemena-2024-25-aerhosted-annual-demand-min15000kVA,,,2024-07-01,2025-06-30,jemena-2024-25-network-tariff-schedule-28mar2024
jemena:A50A|jemena-2024-25-aerhosted-sdic-demand|summer_demand_incentive|summer,jemena:A50A,jemena-2024-25-aerhosted-sdic-demand,summer_demand_incentive,summer,2024-07-01,2025-06-30,jemena-2024-25-network-tariff-schedule-28mar2024
jemena:A50A|jemena-2024-25-dnsp-annual-demand-min15000kVA||,jemena:A50A,jemena-2024-25-dnsp-annual-demand-min15000kVA,,,2024-07-01,2025-06-30,jemena-network-tariff-schedule-2024-25
jemena:A50A|jemena-2024-25-dnsp-sdic-demand|summer_demand_incentive|summer,jemena:A50A,jemena-2024-25-dnsp-sdic-demand,summer_demand_incentive,summer,2024-07-01,2025-06-30,jemena-network-tariff-schedule-2024-25
jemena:A50A|jemena-2025-26-dnsp-annual-demand-min15000kVA||,jemena:A50A,jemena-2025-26-dnsp-annual-demand-min15000kVA,,,2025-07-01,2026-06-30,jemena-network-tariff-schedule-2025-26
jemena:A50A|jemena-2025-26-dnsp-sdic-demand|summer_demand_incentive|summer,jemena:A50A,jemena-2025-26-dnsp-sdic-demand,summer_demand_incentive,summer,2025-07-01,2026-06-30,jemena-network-tariff-schedule-2025-26
jemena:A50C|jemena-2023-24-aerhosted-annual-demand-min15000kVA||,jemena:A50C,jemena-2023-24-aerhosted-annual-demand-min15000kVA,,,2023-07-01,2024-06-30,jemena-2023-24-network-tariff-schedule-31mar2023
jemena:A50C|jemena-2023-24-aerhosted-sdic-demand|summer_demand_incentive|summer,jemena:A50C,jemena-2023-24-aerhosted-sdic-demand,summer_demand_incentive,summer,2023-07-01,2024-06-30,jemena-2023-24-network-tariff-schedule-31mar2023
jemena:A50C|jemena-2023-24-dnsp-annual-demand-min15000kVA||,jemena:A50C,jemena-2023-24-dnsp-annual-demand-min15000kVA,,,2023-07-01,2024-06-30,jemena-network-tariff-schedule-2023-24
jemena:A50C|jemena-2023-24-dnsp-sdic-demand|summer_demand_incentive|summer,jemena:A50C,jemena-2023-24-dnsp-sdic-demand,summer_demand_incentive,summer,2023-07-01,2024-06-30,jemena-network-tariff-schedule-2023-24
jemena:A50C|jemena-2024-25-aerhosted-annual-demand-min15000kVA||,jemena:A50C,jemena-2024-25-aerhosted-annual-demand-min15000kVA,,,2024-07-01,2025-06-30,jemena-2024-25-network-tariff-schedule-28mar2024
jemena:A50C|jemena-2024-25-aerhosted-sdic-demand|summer_demand_incentive|summer,jemena:A50C,jemena-2024-25-aerhosted-sdic-demand,summer_demand_incentive,summer,2024-07-01,2025-06-30,jemena-2024-25-network-tariff-schedule-28mar2024
jemena:A50C|jemena-2024-25-dnsp-annual-demand-min15000kVA||,jemena:A50C,jemena-2024-25-dnsp-annual-demand-min15000kVA,,,2024-07-01,2025-06-30,jemena-network-tariff-schedule-2024-25
jemena:A50C|jemena-2024-25-dnsp-sdic-demand|summer_demand_incentive|summer,jemena:A50C,jemena-2024-25-dnsp-sdic-demand,summer_demand_incentive,summer,2024-07-01,2025-06-30,jemena-network-tariff-schedule-2024-25
jemena:A50C|jemena-2025-26-dnsp-annual-demand-min15000kVA||,jemena:A50C,jemena-2025-26-dnsp-annual-demand-min15000kVA,,,2025-07-01,2026-06-30,jemena-network-tariff-schedule-2025-26
jemena:A50C|jemena-2025-26-dnsp-sdic-demand|summer_demand_incentive|summer,jemena:A50C,jemena-2025-26-dnsp-sdic-demand,summer_demand_incentive,summer,2025-07-01,2026-06-30,jemena-network-tariff-schedule-2025-26
jemena:A50C|jemena-2026-27-dnsp-annual-demand-min15000kVA||,jemena:A50C,jemena-2026-27-dnsp-annual-demand-min15000kVA,,,2026-07-01,2027-06-30,jemena-network-tariff-schedule-2026-27
jemena:A50C|jemena-2026-27-dnsp-sdic-demand|summer_demand_incentive|summer,jemena:A50C,jemena-2026-27-dnsp-sdic-demand,summer_demand_incentive,summer,2026-07-01,2027-06-30,jemena-network-tariff-schedule-2026-27
jemena:A50E|jemena-2023-24-aerhosted-annual-demand-min15000kVA||,jemena:A50E,jemena-2023-24-aerhosted-annual-demand-min15000kVA,,,2023-07-01,2024-06-30,jemena-2023-24-network-tariff-schedule-31mar2023
jemena:A50E|jemena-2023-24-aerhosted-sdic-demand|summer_demand_incentive|summer,jemena:A50E,jemena-2023-24-aerhosted-sdic-demand,summer_demand_incentive,summer,2023-07-01,2024-06-30,jemena-2023-24-network-tariff-schedule-31mar2023
jemena:A50E|jemena-2023-24-dnsp-annual-demand-min15000kVA||,jemena:A50E,jemena-2023-24-dnsp-annual-demand-min15000kVA,,,2023-07-01,2024-06-30,jemena-network-tariff-schedule-2023-24
jemena:A50E|jemena-2023-24-dnsp-sdic-demand|summer_demand_incentive|summer,jemena:A50E,jemena-2023-24-dnsp-sdic-demand,summer_demand_incentive,summer,2023-07-01,2024-06-30,jemena-network-tariff-schedule-2023-24
jemena:A50E|jemena-2024-25-aerhosted-annual-demand-min15000kVA||,jemena:A50E,jemena-2024-25-aerhosted-annual-demand-min15000kVA,,,2024-07-01,2025-06-30,jemena-2024-25-network-tariff-schedule-28mar2024
jemena:A50E|jemena-2024-25-aerhosted-sdic-demand|summer_demand_incentive|summer,jemena:A50E,jemena-2024-25-aerhosted-sdic-demand,summer_demand_incentive,summer,2024-07-01,2025-06-30,jemena-2024-25-network-tariff-schedule-28mar2024
jemena:A50E|jemena-2024-25-dnsp-annual-demand-min15000kVA||,jemena:A50E,jemena-2024-25-dnsp-annual-demand-min15000kVA,,,2024-07-01,2025-06-30,jemena-network-tariff-schedule-2024-25
jemena:A50E|jemena-2024-25-dnsp-sdic-demand|summer_demand_incentive|summer,jemena:A50E,jemena-2024-25-dnsp-sdic-demand,summer_demand_incentive,summer,2024-07-01,2025-06-30,jemena-network-tariff-schedule-2024-25
jemena:A50E|jemena-2025-26-dnsp-annual-demand-min15000kVA||,jemena:A50E,jemena-2025-26-dnsp-annual-demand-min15000kVA,,,2025-07-01,2026-06-30,jemena-network-tariff-schedule-2025-26
jemena:A50E|jemena-2025-26-dnsp-sdic-demand|summer_demand_incentive|summer,jemena:A50E,jemena-2025-26-dnsp-sdic-demand,summer_demand_incentive,summer,2025-07-01,2026-06-30,jemena-network-tariff-schedule-2025-26
jemena:A50M|jemena-2023-24-aerhosted-annual-demand-min15000kVA||,jemena:A50M,jemena-2023-24-aerhosted-annual-demand-min15000kVA,,,2023-07-01,2024-06-30,jemena-2023-24-network-tariff-schedule-31mar2023
jemena:A50M|jemena-2023-24-aerhosted-sdic-demand|summer_demand_incentive|summer,jemena:A50M,jemena-2023-24-aerhosted-sdic-demand,summer_demand_incentive,summer,2023-07-01,2024-06-30,jemena-2023-24-network-tariff-schedule-31mar2023
jemena:A50M|jemena-2023-24-dnsp-annual-demand-min15000kVA||,jemena:A50M,jemena-2023-24-dnsp-annual-demand-min15000kVA,,,2023-07-01,2024-06-30,jemena-network-tariff-schedule-2023-24
jemena:A50M|jemena-2023-24-dnsp-sdic-demand|summer_demand_incentive|summer,jemena:A50M,jemena-2023-24-dnsp-sdic-demand,summer_demand_incentive,summer,2023-07-01,2024-06-30,jemena-network-tariff-schedule-2023-24
jemena:A50M|jemena-2024-25-aerhosted-annual-demand-min15000kVA||,jemena:A50M,jemena-2024-25-aerhosted-annual-demand-min15000kVA,,,2024-07-01,2025-06-30,jemena-2024-25-network-tariff-schedule-28mar2024
jemena:A50M|jemena-2024-25-aerhosted-sdic-demand|summer_demand_incentive|summer,jemena:A50M,jemena-2024-25-aerhosted-sdic-demand,summer_demand_incentive,summer,2024-07-01,2025-06-30,jemena-2024-25-network-tariff-schedule-28mar2024
jemena:A50M|jemena-2024-25-dnsp-annual-demand-min15000kVA||,jemena:A50M,jemena-2024-25-dnsp-annual-demand-min15000kVA,,,2024-07-01,2025-06-30,jemena-network-tariff-schedule-2024-25
jemena:A50M|jemena-2024-25-dnsp-sdic-demand|summer_demand_incentive|summer,jemena:A50M,jemena-2024-25-dnsp-sdic-demand,summer_demand_incentive,summer,2024-07-01,2025-06-30,jemena-network-tariff-schedule-2024-25
jemena:A50M|jemena-2025-26-dnsp-annual-demand-min15000kVA||,jemena:A50M,jemena-2025-26-dnsp-annual-demand-min15000kVA,,,2025-07-01,2026-06-30,jemena-network-tariff-schedule-2025-26
jemena:A50M|jemena-2025-26-dnsp-sdic-demand|summer_demand_incentive|summer,jemena:A50M,jemena-2025-26-dnsp-sdic-demand,summer_demand_incentive,summer,2025-07-01,2026-06-30,jemena-network-tariff-schedule-2025-26
jemena:A50M|jemena-2026-27-dnsp-annual-demand-min15000kVA||,jemena:A50M,jemena-2026-27-dnsp-annual-demand-min15000kVA,,,2026-07-01,2027-06-30,jemena-network-tariff-schedule-2026-27
jemena:A50M|jemena-2026-27-dnsp-sdic-demand|summer_demand_incentive|summer,jemena:A50M,jemena-2026-27-dnsp-sdic-demand,summer_demand_incentive,summer,2026-07-01,2027-06-30,jemena-network-tariff-schedule-2026-27
jemena:A50T|jemena-2023-24-aerhosted-annual-demand-min15000kVA||,jemena:A50T,jemena-2023-24-aerhosted-annual-demand-min15000kVA,,,2023-07-01,2024-06-30,jemena-2023-24-network-tariff-schedule-31mar2023
jemena:A50T|jemena-2023-24-aerhosted-sdic-demand|summer_demand_incentive|summer,jemena:A50T,jemena-2023-24-aerhosted-sdic-demand,summer_demand_incentive,summer,2023-07-01,2024-06-30,jemena-2023-24-network-tariff-schedule-31mar2023
jemena:A50T|jemena-2023-24-dnsp-annual-demand-min15000kVA||,jemena:A50T,jemena-2023-24-dnsp-annual-demand-min15000kVA,,,2023-07-01,2024-06-30,jemena-network-tariff-schedule-2023-24
jemena:A50T|jemena-2023-24-dnsp-sdic-demand|summer_demand_incentive|summer,jemena:A50T,jemena-2023-24-dnsp-sdic-demand,summer_demand_incentive,summer,2023-07-01,2024-06-30,jemena-network-tariff-schedule-2023-24
jemena:A50T|jemena-2024-25-aerhosted-annual-demand-min15000kVA||,jemena:A50T,jemena-2024-25-aerhosted-annual-demand-min15000kVA,,,2024-07-01,2025-06-30,jemena-2024-25-network-tariff-schedule-28mar2024
jemena:A50T|jemena-2024-25-aerhosted-sdic-demand|summer_demand_incentive|summer,jemena:A50T,jemena-2024-25-aerhosted-sdic-demand,summer_demand_incentive,summer,2024-07-01,2025-06-30,jemena-2024-25-network-tariff-schedule-28mar2024
jemena:A50T|jemena-2024-25-dnsp-annual-demand-min15000kVA||,jemena:A50T,jemena-2024-25-dnsp-annual-demand-min15000kVA,,,2024-07-01,2025-06-30,jemena-network-tariff-schedule-2024-25
jemena:A50T|jemena-2024-25-dnsp-sdic-demand|summer_demand_incentive|summer,jemena:A50T,jemena-2024-25-dnsp-sdic-demand,summer_demand_incentive,summer,2024-07-01,2025-06-30,jemena-network-tariff-schedule-2024-25
jemena:A50T|jemena-2025-26-dnsp-annual-demand-min15000kVA||,jemena:A50T,jemena-2025-26-dnsp-annual-demand-min15000kVA,,,2025-07-01,2026-06-30,jemena-network-tariff-schedule-2025-26
jemena:A50T|jemena-2025-26-dnsp-sdic-demand|summer_demand_incentive|summer,jemena:A50T,jemena-2025-26-dnsp-sdic-demand,summer_demand_incentive,summer,2025-07-01,2026-06-30,jemena-network-tariff-schedule-2025-26
jemena:A50T|jemena-2026-27-dnsp-annual-demand-min15000kVA||,jemena:A50T,jemena-2026-27-dnsp-annual-demand-min15000kVA,,,2026-07-01,2027-06-30,jemena-network-tariff-schedule-2026-27
jemena:A50T|jemena-2026-27-dnsp-sdic-demand|summer_demand_incentive|summer,jemena:A50T,jemena-2026-27-dnsp-sdic-demand,summer_demand_incentive,summer,2026-07-01,2027-06-30,jemena-network-tariff-schedule-2026-27
jemena:A50X|jemena-2023-24-aerhosted-annual-demand-min15000kVA||,jemena:A50X,jemena-2023-24-aerhosted-annual-demand-min15000kVA,,,2023-07-01,2024-06-30,jemena-2023-24-network-tariff-schedule-31mar2023
jemena:A50X|jemena-2023-24-aerhosted-sdic-demand|summer_demand_incentive|summer,jemena:A50X,jemena-2023-24-aerhosted-sdic-demand,summer_demand_incentive,summer,2023-07-01,2024-06-30,jemena-2023-24-network-tariff-schedule-31mar2023
jemena:A50X|jemena-2023-24-dnsp-annual-demand-min15000kVA||,jemena:A50X,jemena-2023-24-dnsp-annual-demand-min15000kVA,,,2023-07-01,2024-06-30,jemena-network-tariff-schedule-2023-24
jemena:A50X|jemena-2023-24-dnsp-sdic-demand|summer_demand_incentive|summer,jemena:A50X,jemena-2023-24-dnsp-sdic-demand,summer_demand_incentive,summer,2023-07-01,2024-06-30,jemena-network-tariff-schedule-2023-24
jemena:A50X|jemena-2024-25-aerhosted-annual-demand-min15000kVA||,jemena:A50X,jemena-2024-25-aerhosted-annual-demand-min15000kVA,,,2024-07-01,2025-06-30,jemena-2024-25-network-tariff-schedule-28mar2024
jemena:A50X|jemena-2024-25-aerhosted-sdic-demand|summer_demand_incentive|summer,jemena:A50X,jemena-2024-25-aerhosted-sdic-demand,summer_demand_incentive,summer,2024-07-01,2025-06-30,jemena-2024-25-network-tariff-schedule-28mar2024
jemena:A50X|jemena-2024-25-dnsp-annual-demand-min15000kVA||,jemena:A50X,jemena-2024-25-dnsp-annual-demand-min15000kVA,,,2024-07-01,2025-06-30,jemena-network-tariff-schedule-2024-25
jemena:A50X|jemena-2024-25-dnsp-sdic-demand|summer_demand_incentive|summer,jemena:A50X,jemena-2024-25-dnsp-sdic-demand,summer_demand_incentive,summer,2024-07-01,2025-06-30,jemena-network-tariff-schedule-2024-25
jemena:A50X|jemena-2025-26-dnsp-annual-demand-min15000kVA||,jemena:A50X,jemena-2025-26-dnsp-annual-demand-min15000kVA,,,2025-07-01,2026-06-30,jemena-network-tariff-schedule-2025-26
jemena:A50X|jemena-2025-26-dnsp-sdic-demand|summer_demand_incentive|summer,jemena:A50X,jemena-2025-26-dnsp-sdic-demand,summer_demand_incentive,summer,2025-07-01,2026-06-30,jemena-network-tariff-schedule-2025-26
jemena:A50X|jemena-2026-27-dnsp-annual-demand-min15000kVA||,jemena:A50X,jemena-2026-27-dnsp-annual-demand-min15000kVA,,,2026-07-01,2027-06-30,jemena-network-tariff-schedule-2026-27
jemena:A50X|jemena-2026-27-dnsp-sdic-demand|summer_demand_incentive|summer,jemena:A50X,jemena-2026-27-dnsp-sdic-demand,summer_demand_incentive,summer,2026-07-01,2027-06-30,jemena-network-tariff-schedule-2026-27
jemena:F10D|jemena-2023-24-aerhosted-res-demand||,jemena:F10D,jemena-2023-24-aerhosted-res-demand,,,2023-07-01,2024-06-30,jemena-2023-24-network-tariff-schedule-31mar2023
jemena:F10D|jemena-2023-24-dnsp-res-demand||,jemena:F10D,jemena-2023-24-dnsp-res-demand,,,2023-07-01,2024-06-30,jemena-network-tariff-schedule-2023-24
jemena:F10D|jemena-2024-25-aerhosted-res-demand||,jemena:F10D,jemena-2024-25-aerhosted-res-demand,,,2024-07-01,2025-06-30,jemena-2024-25-network-tariff-schedule-28mar2024
jemena:F10D|jemena-2024-25-dnsp-res-demand||,jemena:F10D,jemena-2024-25-dnsp-res-demand,,,2024-07-01,2025-06-30,jemena-network-tariff-schedule-2024-25
jemena:F20D|jemena-2023-24-aerhosted-sb-demand||,jemena:F20D,jemena-2023-24-aerhosted-sb-demand,,,2023-07-01,2024-06-30,jemena-2023-24-network-tariff-schedule-31mar2023
jemena:F20D|jemena-2023-24-dnsp-sb-demand||,jemena:F20D,jemena-2023-24-dnsp-sb-demand,,,2023-07-01,2024-06-30,jemena-network-tariff-schedule-2023-24
jemena:F20D|jemena-2024-25-aerhosted-sb-demand||,jemena:F20D,jemena-2024-25-aerhosted-sb-demand,,,2024-07-01,2025-06-30,jemena-2024-25-network-tariff-schedule-28mar2024
jemena:F20D|jemena-2024-25-dnsp-sb-demand||,jemena:F20D,jemena-2024-25-dnsp-sb-demand,,,2024-07-01,2025-06-30,jemena-network-tariff-schedule-2024-25
jemena:F230|jemena-2023-24-aerhosted-any-demand||,jemena:F230,jemena-2023-24-aerhosted-any-demand,,,2023-07-01,2024-06-30,jemena-2023-24-network-tariff-schedule-31mar2023
jemena:F230|jemena-2023-24-dnsp-any-demand||,jemena:F230,jemena-2023-24-dnsp-any-demand,,,2023-07-01,2024-06-30,jemena-network-tariff-schedule-2023-24
jemena:F230|jemena-2024-25-aerhosted-any-demand||,jemena:F230,jemena-2024-25-aerhosted-any-demand,,,2024-07-01,2025-06-30,jemena-2024-25-network-tariff-schedule-28mar2024
jemena:F230|jemena-2024-25-dnsp-any-demand||,jemena:F230,jemena-2024-25-dnsp-any-demand,,,2024-07-01,2025-06-30,jemena-network-tariff-schedule-2024-25
jemena:F23N|jemena-2023-24-aerhosted-any-demand||,jemena:F23N,jemena-2023-24-aerhosted-any-demand,,,2023-07-01,2024-06-30,jemena-2023-24-network-tariff-schedule-31mar2023
jemena:F23N|jemena-2023-24-dnsp-any-demand||,jemena:F23N,jemena-2023-24-dnsp-any-demand,,,2023-07-01,2024-06-30,jemena-network-tariff-schedule-2023-24
jemena:F23N|jemena-2024-25-aerhosted-any-demand||,jemena:F23N,jemena-2024-25-aerhosted-any-demand,,,2024-07-01,2025-06-30,jemena-2024-25-network-tariff-schedule-28mar2024
jemena:F23N|jemena-2024-25-dnsp-any-demand||,jemena:F23N,jemena-2024-25-dnsp-any-demand,,,2024-07-01,2025-06-30,jemena-network-tariff-schedule-2024-25
jemena:F270|jemena-2023-24-aerhosted-any-demand-min60kW||,jemena:F270,jemena-2023-24-aerhosted-any-demand-min60kW,,,2023-07-01,2024-06-30,jemena-2023-24-network-tariff-schedule-31mar2023
jemena:F270|jemena-2023-24-dnsp-any-demand-min60kW||,jemena:F270,jemena-2023-24-dnsp-any-demand-min60kW,,,2023-07-01,2024-06-30,jemena-network-tariff-schedule-2023-24
jemena:F270|jemena-2024-25-aerhosted-any-demand-min60kW||,jemena:F270,jemena-2024-25-aerhosted-any-demand-min60kW,,,2024-07-01,2025-06-30,jemena-2024-25-network-tariff-schedule-28mar2024
jemena:F270|jemena-2024-25-dnsp-any-demand-min60kW||,jemena:F270,jemena-2024-25-dnsp-any-demand-min60kW,,,2024-07-01,2025-06-30,jemena-network-tariff-schedule-2024-25
jemena:F300|jemena-2023-24-aerhosted-annual-demand-min120kVA||,jemena:F300,jemena-2023-24-aerhosted-annual-demand-min120kVA,,,2023-07-01,2024-06-30,jemena-2023-24-network-tariff-schedule-31mar2023
jemena:F300|jemena-2023-24-aerhosted-sdic-demand|summer_demand_incentive|summer,jemena:F300,jemena-2023-24-aerhosted-sdic-demand,summer_demand_incentive,summer,2023-07-01,2024-06-30,jemena-2023-24-network-tariff-schedule-31mar2023
jemena:F300|jemena-2023-24-dnsp-annual-demand-min120kVA||,jemena:F300,jemena-2023-24-dnsp-annual-demand-min120kVA,,,2023-07-01,2024-06-30,jemena-network-tariff-schedule-2023-24
jemena:F300|jemena-2023-24-dnsp-sdic-demand|summer_demand_incentive|summer,jemena:F300,jemena-2023-24-dnsp-sdic-demand,summer_demand_incentive,summer,2023-07-01,2024-06-30,jemena-network-tariff-schedule-2023-24
jemena:F300|jemena-2024-25-aerhosted-annual-demand-min120kVA||,jemena:F300,jemena-2024-25-aerhosted-annual-demand-min120kVA,,,2024-07-01,2025-06-30,jemena-2024-25-network-tariff-schedule-28mar2024
jemena:F300|jemena-2024-25-aerhosted-sdic-demand|summer_demand_incentive|summer,jemena:F300,jemena-2024-25-aerhosted-sdic-demand,summer_demand_incentive,summer,2024-07-01,2025-06-30,jemena-2024-25-network-tariff-schedule-28mar2024
jemena:F300|jemena-2024-25-dnsp-annual-demand-min120kVA||,jemena:F300,jemena-2024-25-dnsp-annual-demand-min120kVA,,,2024-07-01,2025-06-30,jemena-network-tariff-schedule-2024-25
jemena:F300|jemena-2024-25-dnsp-sdic-demand|summer_demand_incentive|summer,jemena:F300,jemena-2024-25-dnsp-sdic-demand,summer_demand_incentive,summer,2024-07-01,2025-06-30,jemena-network-tariff-schedule-2024-25
powercor:DD|powercor-2324-xlsx-kw-apr-nov||non-summer,powercor:DD,powercor-2324-xlsx-kw-apr-nov,,non-summer,2023-07-01,2024-06-30,powercor-2023-24-tariff-summary-31mar2023
powercor:DD|powercor-2324-xlsx-kw-dec-mar||summer,powercor:DD,powercor-2324-xlsx-kw-dec-mar,,summer,2023-07-01,2024-06-30,powercor-2023-24-tariff-summary-31mar2023
powercor:DD|powercor-2425-pdf-dd-demand||non-summer,powercor:DD,powercor-2425-pdf-dd-demand,,non-summer,2024-07-01,2025-06-30,powercor-pricing-proposal-2024-25-28mar2024-wayback
powercor:DD|powercor-2425-pdf-dd-demand||summer,powercor:DD,powercor-2425-pdf-dd-demand,,summer,2024-07-01,2025-06-30,powercor-pricing-proposal-2024-25-28mar2024-wayback
powercor:DD|powercor-2526-pdf-dd-demand||non-summer,powercor:DD,powercor-2526-pdf-dd-demand,,non-summer,2025-07-01,2026-06-30,powercor-pricing-proposal-2025-26-31mar2025-wayback
powercor:DD|powercor-2526-pdf-dd-demand||summer,powercor:DD,powercor-2526-pdf-dd-demand,,summer,2025-07-01,2026-06-30,powercor-pricing-proposal-2025-26-31mar2025-wayback
powercor:GT|powercor-2425-pdf-gt-demand-a||,powercor:GT,powercor-2425-pdf-gt-demand-a,,,2024-07-01,2025-06-30,powercor-pricing-proposal-2024-25-28mar2024-wayback
powercor:GT|powercor-2425-pdf-gt-demand-b||,powercor:GT,powercor-2425-pdf-gt-demand-b,,,2024-07-01,2025-06-30,powercor-pricing-proposal-2024-25-28mar2024-wayback
powercor:GT|powercor-2526-xlsx-gt-demand-a||,powercor:GT,powercor-2526-xlsx-gt-demand-a,,,2025-07-01,2026-06-30,powercor-tariff-summary-2025-26-31mar2025-wayback
powercor:GT|powercor-2526-xlsx-gt-demand-b||,powercor:GT,powercor-2526-xlsx-gt-demand-b,,,2025-07-01,2026-06-30,powercor-tariff-summary-2025-26-31mar2025-wayback
powercor:HV1|powercor-2324-xlsx-large-kva-dec-mar||summer,powercor:HV1,powercor-2324-xlsx-large-kva-dec-mar,,summer,2023-07-01,2024-06-30,powercor-2023-24-tariff-summary-31mar2023
powercor:HV1|powercor-2324-xlsx-large-kva-jul-jun||,powercor:HV1,powercor-2324-xlsx-large-kva-jul-jun,,,2023-07-01,2024-06-30,powercor-2023-24-tariff-summary-31mar2023
powercor:HV1|powercor-2425-pdf-large-incentive-1|summer incentive|summer,powercor:HV1,powercor-2425-pdf-large-incentive-1,summer incentive,summer,2024-07-01,2025-06-30,powercor-pricing-proposal-2024-25-28mar2024-wayback
powercor:HV1|powercor-2425-pdf-large-rolling-hv|rolling|,powercor:HV1,powercor-2425-pdf-large-rolling-hv,rolling,,2024-07-01,2025-06-30,powercor-pricing-proposal-2024-25-28mar2024-wayback
powercor:HV1|powercor-2526-pdf-large-incentive-1|summer incentive|summer,powercor:HV1,powercor-2526-pdf-large-incentive-1,summer incentive,summer,2025-07-01,2026-06-30,powercor-pricing-proposal-2025-26-31mar2025-wayback
powercor:HV1|powercor-2526-pdf-large-rolling-hv|rolling|,powercor:HV1,powercor-2526-pdf-large-rolling-hv,rolling,,2025-07-01,2026-06-30,powercor-pricing-proposal-2025-26-31mar2025-wayback
powercor:HV1|powercor-2627-pdf-large-incentive-1|incentive|summer,powercor:HV1,powercor-2627-pdf-large-incentive-1,incentive,summer,2026-07-01,2027-06-30,powercor-pricing-proposal-2026-27-07may2026
powercor:HV1|powercor-2627-pdf-large-rolling-hv|rolling|,powercor:HV1,powercor-2627-pdf-large-rolling-hv,rolling,,2026-07-01,2027-06-30,powercor-pricing-proposal-2026-27-07may2026
powercor:HV2|powercor-2324-xlsx-large-kva-dec-mar||summer,powercor:HV2,powercor-2324-xlsx-large-kva-dec-mar,,summer,2023-07-01,2024-06-30,powercor-2023-24-tariff-summary-31mar2023
powercor:HV2|powercor-2324-xlsx-large-kva-jul-jun||,powercor:HV2,powercor-2324-xlsx-large-kva-jul-jun,,,2023-07-01,2024-06-30,powercor-2023-24-tariff-summary-31mar2023
powercor:HV2|powercor-2425-pdf-large-incentive-2|summer incentive|summer,powercor:HV2,powercor-2425-pdf-large-incentive-2,summer incentive,summer,2024-07-01,2025-06-30,powercor-pricing-proposal-2024-25-28mar2024-wayback
powercor:HV2|powercor-2425-pdf-large-rolling-hv|rolling|,powercor:HV2,powercor-2425-pdf-large-rolling-hv,rolling,,2024-07-01,2025-06-30,powercor-pricing-proposal-2024-25-28mar2024-wayback
powercor:HV2|powercor-2526-pdf-large-incentive-2|summer incentive|summer,powercor:HV2,powercor-2526-pdf-large-incentive-2,summer incentive,summer,2025-07-01,2026-06-30,powercor-pricing-proposal-2025-26-31mar2025-wayback
powercor:HV2|powercor-2526-pdf-large-rolling-hv|rolling|,powercor:HV2,powercor-2526-pdf-large-rolling-hv,rolling,,2025-07-01,2026-06-30,powercor-pricing-proposal-2025-26-31mar2025-wayback
powercor:HV2|powercor-2627-pdf-large-incentive-2|incentive|summer,powercor:HV2,powercor-2627-pdf-large-incentive-2,incentive,summer,2026-07-01,2027-06-30,powercor-pricing-proposal-2026-27-07may2026
powercor:HV2|powercor-2627-pdf-large-rolling-hv|rolling|,powercor:HV2,powercor-2627-pdf-large-rolling-hv,rolling,,2026-07-01,2027-06-30,powercor-pricing-proposal-2026-27-07may2026
powercor:HV3|powercor-2627-pdf-large-incentive-3|incentive|winter,powercor:HV3,powercor-2627-pdf-large-incentive-3,incentive,winter,2026-07-01,2027-06-30,powercor-pricing-proposal-2026-27-07may2026
powercor:HV3|powercor-2627-pdf-large-rolling-hv|rolling|,powercor:HV3,powercor-2627-pdf-large-rolling-hv,rolling,,2026-07-01,2027-06-30,powercor-pricing-proposal-2026-27-07may2026
powercor:HVT1|powercor-2324-xlsx-large-kva-dec-mar||summer,powercor:HVT1,powercor-2324-xlsx-large-kva-dec-mar,,summer,2023-07-01,2024-06-30,powercor-2023-24-tariff-summary-31mar2023
powercor:HVT1|powercor-2324-xlsx-large-kva-jul-jun||,powercor:HVT1,powercor-2324-xlsx-large-kva-jul-jun,,,2023-07-01,2024-06-30,powercor-2023-24-tariff-summary-31mar2023
powercor:HVT1|powercor-2425-pdf-large-incentive-1|summer incentive|summer,powercor:HVT1,powercor-2425-pdf-large-incentive-1,summer incentive,summer,2024-07-01,2025-06-30,powercor-pricing-proposal-2024-25-28mar2024-wayback
powercor:HVT1|powercor-2425-pdf-large-rolling-hv|rolling|,powercor:HVT1,powercor-2425-pdf-large-rolling-hv,rolling,,2024-07-01,2025-06-30,powercor-pricing-proposal-2024-25-28mar2024-wayback
powercor:HVT1|powercor-2526-pdf-large-incentive-1|summer incentive|summer,powercor:HVT1,powercor-2526-pdf-large-incentive-1,summer incentive,summer,2025-07-01,2026-06-30,powercor-pricing-proposal-2025-26-31mar2025-wayback
powercor:HVT1|powercor-2526-pdf-large-rolling-hv|rolling|,powercor:HVT1,powercor-2526-pdf-large-rolling-hv,rolling,,2025-07-01,2026-06-30,powercor-pricing-proposal-2025-26-31mar2025-wayback
powercor:HVT2|powercor-2324-xlsx-large-kva-dec-mar||summer,powercor:HVT2,powercor-2324-xlsx-large-kva-dec-mar,,summer,2023-07-01,2024-06-30,powercor-2023-24-tariff-summary-31mar2023
powercor:HVT2|powercor-2324-xlsx-large-kva-jul-jun||,powercor:HVT2,powercor-2324-xlsx-large-kva-jul-jun,,,2023-07-01,2024-06-30,powercor-2023-24-tariff-summary-31mar2023
powercor:HVT2|powercor-2425-pdf-large-incentive-2|summer incentive|summer,powercor:HVT2,powercor-2425-pdf-large-incentive-2,summer incentive,summer,2024-07-01,2025-06-30,powercor-pricing-proposal-2024-25-28mar2024-wayback
powercor:HVT2|powercor-2425-pdf-large-rolling-hv|rolling|,powercor:HVT2,powercor-2425-pdf-large-rolling-hv,rolling,,2024-07-01,2025-06-30,powercor-pricing-proposal-2024-25-28mar2024-wayback
powercor:HVT2|powercor-2526-pdf-large-incentive-2|summer incentive|summer,powercor:HVT2,powercor-2526-pdf-large-incentive-2,summer incentive,summer,2025-07-01,2026-06-30,powercor-pricing-proposal-2025-26-31mar2025-wayback
powercor:HVT2|powercor-2526-pdf-large-rolling-hv|rolling|,powercor:HVT2,powercor-2526-pdf-large-rolling-hv,rolling,,2025-07-01,2026-06-30,powercor-pricing-proposal-2025-26-31mar2025-wayback
powercor:LLV1|powercor-2324-xlsx-large-kva-dec-mar||summer,powercor:LLV1,powercor-2324-xlsx-large-kva-dec-mar,,summer,2023-07-01,2024-06-30,powercor-2023-24-tariff-summary-31mar2023
powercor:LLV1|powercor-2324-xlsx-large-kva-jul-jun||,powercor:LLV1,powercor-2324-xlsx-large-kva-jul-jun,,,2023-07-01,2024-06-30,powercor-2023-24-tariff-summary-31mar2023
powercor:LLV1|powercor-2425-pdf-large-incentive-1|summer incentive|summer,powercor:LLV1,powercor-2425-pdf-large-incentive-1,summer incentive,summer,2024-07-01,2025-06-30,powercor-pricing-proposal-2024-25-28mar2024-wayback
powercor:LLV1|powercor-2425-pdf-large-rolling-lv|rolling|,powercor:LLV1,powercor-2425-pdf-large-rolling-lv,rolling,,2024-07-01,2025-06-30,powercor-pricing-proposal-2024-25-28mar2024-wayback
powercor:LLV1|powercor-2526-pdf-large-incentive-1|summer incentive|summer,powercor:LLV1,powercor-2526-pdf-large-incentive-1,summer incentive,summer,2025-07-01,2026-06-30,powercor-pricing-proposal-2025-26-31mar2025-wayback
powercor:LLV1|powercor-2526-pdf-large-rolling-lv|rolling|,powercor:LLV1,powercor-2526-pdf-large-rolling-lv,rolling,,2025-07-01,2026-06-30,powercor-pricing-proposal-2025-26-31mar2025-wayback
powercor:LLV1|powercor-2627-pdf-large-incentive-1|incentive|summer,powercor:LLV1,powercor-2627-pdf-large-incentive-1,incentive,summer,2026-07-01,2027-06-30,powercor-pricing-proposal-2026-27-07may2026
powercor:LLV1|powercor-2627-pdf-large-rolling-lv|rolling|,powercor:LLV1,powercor-2627-pdf-large-rolling-lv,rolling,,2026-07-01,2027-06-30,powercor-pricing-proposal-2026-27-07may2026
powercor:LLV2|powercor-2324-xlsx-large-kva-dec-mar||summer,powercor:LLV2,powercor-2324-xlsx-large-kva-dec-mar,,summer,2023-07-01,2024-06-30,powercor-2023-24-tariff-summary-31mar2023
powercor:LLV2|powercor-2324-xlsx-large-kva-jul-jun||,powercor:LLV2,powercor-2324-xlsx-large-kva-jul-jun,,,2023-07-01,2024-06-30,powercor-2023-24-tariff-summary-31mar2023
powercor:LLV2|powercor-2425-pdf-large-incentive-2|summer incentive|summer,powercor:LLV2,powercor-2425-pdf-large-incentive-2,summer incentive,summer,2024-07-01,2025-06-30,powercor-pricing-proposal-2024-25-28mar2024-wayback
powercor:LLV2|powercor-2425-pdf-large-rolling-lv|rolling|,powercor:LLV2,powercor-2425-pdf-large-rolling-lv,rolling,,2024-07-01,2025-06-30,powercor-pricing-proposal-2024-25-28mar2024-wayback
powercor:LLV2|powercor-2526-pdf-large-incentive-2|summer incentive|summer,powercor:LLV2,powercor-2526-pdf-large-incentive-2,summer incentive,summer,2025-07-01,2026-06-30,powercor-pricing-proposal-2025-26-31mar2025-wayback
powercor:LLV2|powercor-2526-pdf-large-rolling-lv|rolling|,powercor:LLV2,powercor-2526-pdf-large-rolling-lv,rolling,,2025-07-01,2026-06-30,powercor-pricing-proposal-2025-26-31mar2025-wayback
powercor:LLV2|powercor-2627-pdf-large-incentive-2|incentive|summer,powercor:LLV2,powercor-2627-pdf-large-incentive-2,incentive,summer,2026-07-01,2027-06-30,powercor-pricing-proposal-2026-27-07may2026
powercor:LLV2|powercor-2627-pdf-large-rolling-lv|rolling|,powercor:LLV2,powercor-2627-pdf-large-rolling-lv,rolling,,2026-07-01,2027-06-30,powercor-pricing-proposal-2026-27-07may2026
powercor:LLV3|powercor-2627-pdf-large-incentive-3|incentive|winter,powercor:LLV3,powercor-2627-pdf-large-incentive-3,incentive,winter,2026-07-01,2027-06-30,powercor-pricing-proposal-2026-27-07may2026
powercor:LLV3|powercor-2627-pdf-large-rolling-lv|rolling|,powercor:LLV3,powercor-2627-pdf-large-rolling-lv,rolling,,2026-07-01,2027-06-30,powercor-pricing-proposal-2026-27-07may2026
powercor:LLVT1|powercor-2324-xlsx-large-kva-dec-mar||summer,powercor:LLVT1,powercor-2324-xlsx-large-kva-dec-mar,,summer,2023-07-01,2024-06-30,powercor-2023-24-tariff-summary-31mar2023
powercor:LLVT1|powercor-2324-xlsx-large-kva-jul-jun||,powercor:LLVT1,powercor-2324-xlsx-large-kva-jul-jun,,,2023-07-01,2024-06-30,powercor-2023-24-tariff-summary-31mar2023
powercor:LLVT1|powercor-2425-pdf-large-incentive-1|summer incentive|summer,powercor:LLVT1,powercor-2425-pdf-large-incentive-1,summer incentive,summer,2024-07-01,2025-06-30,powercor-pricing-proposal-2024-25-28mar2024-wayback
powercor:LLVT1|powercor-2425-pdf-large-rolling-lv|rolling|,powercor:LLVT1,powercor-2425-pdf-large-rolling-lv,rolling,,2024-07-01,2025-06-30,powercor-pricing-proposal-2024-25-28mar2024-wayback
powercor:LLVT1|powercor-2526-pdf-large-incentive-1|summer incentive|summer,powercor:LLVT1,powercor-2526-pdf-large-incentive-1,summer incentive,summer,2025-07-01,2026-06-30,powercor-pricing-proposal-2025-26-31mar2025-wayback
powercor:LLVT1|powercor-2526-pdf-large-rolling-lv|rolling|,powercor:LLVT1,powercor-2526-pdf-large-rolling-lv,rolling,,2025-07-01,2026-06-30,powercor-pricing-proposal-2025-26-31mar2025-wayback
powercor:LLVT2|powercor-2324-xlsx-large-kva-dec-mar||summer,powercor:LLVT2,powercor-2324-xlsx-large-kva-dec-mar,,summer,2023-07-01,2024-06-30,powercor-2023-24-tariff-summary-31mar2023
powercor:LLVT2|powercor-2324-xlsx-large-kva-jul-jun||,powercor:LLVT2,powercor-2324-xlsx-large-kva-jul-jun,,,2023-07-01,2024-06-30,powercor-2023-24-tariff-summary-31mar2023
powercor:LLVT2|powercor-2425-pdf-large-incentive-2|summer incentive|summer,powercor:LLVT2,powercor-2425-pdf-large-incentive-2,summer incentive,summer,2024-07-01,2025-06-30,powercor-pricing-proposal-2024-25-28mar2024-wayback
powercor:LLVT2|powercor-2425-pdf-large-rolling-lv|rolling|,powercor:LLVT2,powercor-2425-pdf-large-rolling-lv,rolling,,2024-07-01,2025-06-30,powercor-pricing-proposal-2024-25-28mar2024-wayback
powercor:LLVT2|powercor-2526-pdf-large-incentive-2|summer incentive|summer,powercor:LLVT2,powercor-2526-pdf-large-incentive-2,summer incentive,summer,2025-07-01,2026-06-30,powercor-pricing-proposal-2025-26-31mar2025-wayback
powercor:LLVT2|powercor-2526-pdf-large-rolling-lv|rolling|,powercor:LLVT2,powercor-2526-pdf-large-rolling-lv,rolling,,2025-07-01,2026-06-30,powercor-pricing-proposal-2025-26-31mar2025-wayback
powercor:NDD|powercor-2324-xlsx-kw-apr-nov||non-summer,powercor:NDD,powercor-2324-xlsx-kw-apr-nov,,non-summer,2023-07-01,2024-06-30,powercor-2023-24-tariff-summary-31mar2023
powercor:NDD|powercor-2324-xlsx-kw-dec-mar||summer,powercor:NDD,powercor-2324-xlsx-kw-dec-mar,,summer,2023-07-01,2024-06-30,powercor-2023-24-tariff-summary-31mar2023
powercor:NDD|powercor-2425-pdf-ndd-ndm-demand||non-summer,powercor:NDD,powercor-2425-pdf-ndd-ndm-demand,,non-summer,2024-07-01,2025-06-30,powercor-pricing-proposal-2024-25-28mar2024-wayback
powercor:NDD|powercor-2425-pdf-ndd-ndm-demand||summer,powercor:NDD,powercor-2425-pdf-ndd-ndm-demand,,summer,2024-07-01,2025-06-30,powercor-pricing-proposal-2024-25-28mar2024-wayback
powercor:NDD|powercor-2526-pdf-ndd-ndm-demand||non-summer,powercor:NDD,powercor-2526-pdf-ndd-ndm-demand,,non-summer,2025-07-01,2026-06-30,powercor-pricing-proposal-2025-26-31mar2025-wayback
powercor:NDD|powercor-2526-pdf-ndd-ndm-demand||summer,powercor:NDD,powercor-2526-pdf-ndd-ndm-demand,,summer,2025-07-01,2026-06-30,powercor-pricing-proposal-2025-26-31mar2025-wayback
powercor:NDD|powercor-2627-pdf-ndd-ndm-demand||non-summer,powercor:NDD,powercor-2627-pdf-ndd-ndm-demand,,non-summer,2026-07-01,2027-06-30,powercor-pricing-proposal-2026-27-07may2026
powercor:NDD|powercor-2627-pdf-ndd-ndm-demand||summer,powercor:NDD,powercor-2627-pdf-ndd-ndm-demand,,summer,2026-07-01,2027-06-30,powercor-pricing-proposal-2026-27-07may2026
powercor:NDM|powercor-2324-xlsx-kw-apr-nov||non-summer,powercor:NDM,powercor-2324-xlsx-kw-apr-nov,,non-summer,2023-07-01,2024-06-30,powercor-2023-24-tariff-summary-31mar2023
powercor:NDM|powercor-2324-xlsx-kw-dec-mar||summer,powercor:NDM,powercor-2324-xlsx-kw-dec-mar,,summer,2023-07-01,2024-06-30,powercor-2023-24-tariff-summary-31mar2023
powercor:NDM|powercor-2425-pdf-ndd-ndm-demand||non-summer,powercor:NDM,powercor-2425-pdf-ndd-ndm-demand,,non-summer,2024-07-01,2025-06-30,powercor-pricing-proposal-2024-25-28mar2024-wayback
powercor:NDM|powercor-2425-pdf-ndd-ndm-demand||summer,powercor:NDM,powercor-2425-pdf-ndd-ndm-demand,,summer,2024-07-01,2025-06-30,powercor-pricing-proposal-2024-25-28mar2024-wayback
powercor:NDM|powercor-2526-pdf-ndd-ndm-demand||non-summer,powercor:NDM,powercor-2526-pdf-ndd-ndm-demand,,non-summer,2025-07-01,2026-06-30,powercor-pricing-proposal-2025-26-31mar2025-wayback
powercor:NDM|powercor-2526-pdf-ndd-ndm-demand||summer,powercor:NDM,powercor-2526-pdf-ndd-ndm-demand,,summer,2025-07-01,2026-06-30,powercor-pricing-proposal-2025-26-31mar2025-wayback
powercor:NDM|powercor-2627-pdf-ndd-ndm-demand||non-summer,powercor:NDM,powercor-2627-pdf-ndd-ndm-demand,,non-summer,2026-07-01,2027-06-30,powercor-pricing-proposal-2026-27-07may2026
powercor:NDM|powercor-2627-pdf-ndd-ndm-demand||summer,powercor:NDM,powercor-2627-pdf-ndd-ndm-demand,,summer,2026-07-01,2027-06-30,powercor-pricing-proposal-2026-27-07may2026
powercor:PFS|powercor-2627-pdf-pfs-capacity|capacity|,powercor:PFS,powercor-2627-pdf-pfs-capacity,capacity,,2026-07-01,2027-06-30,powercor-pricing-proposal-2026-27-07may2026
powercor:ST2|powercor-2324-xlsx-large-kva-jul-jun||,powercor:ST2,powercor-2324-xlsx-large-kva-jul-jun,,,2023-07-01,2024-06-30,powercor-2023-24-tariff-summary-31mar2023
powercor:ST2|powercor-2425-pdf-large-rolling-st|rolling|,powercor:ST2,powercor-2425-pdf-large-rolling-st,rolling,,2024-07-01,2025-06-30,powercor-pricing-proposal-2024-25-28mar2024-wayback
powercor:ST2|powercor-2526-pdf-large-rolling-st|rolling|,powercor:ST2,powercor-2526-pdf-large-rolling-st,rolling,,2025-07-01,2026-06-30,powercor-pricing-proposal-2025-26-31mar2025-wayback
powercor:ST2|powercor-2627-pdf-large-rolling-st|rolling|,powercor:ST2,powercor-2627-pdf-large-rolling-st,rolling,,2026-07-01,2027-06-30,powercor-pricing-proposal-2026-27-07may2026
powerwater:TARIFF3|pwc-2324-np-t3-demand||,powerwater:TARIFF3,pwc-2324-np-t3-demand,,,2023-07-01,2024-06-30,pwc-2023-24-network-pricing-proposal-30mar2023
powerwater:TARIFF3|pwc-2324-sc-t3-demand||,powerwater:TARIFF3,pwc-2324-sc-t3-demand,,,2023-07-01,2024-06-30,pwc-scs-tariffs-2023-24-wayback
powerwater:TARIFF5|pwc-2324-np-annual-demand||,powerwater:TARIFF5,pwc-2324-np-annual-demand,,,2023-07-01,2024-06-30,pwc-2023-24-network-pricing-proposal-30mar2023
powerwater:TARIFF5|pwc-2324-sc-annual-demand||,powerwater:TARIFF5,pwc-2324-sc-annual-demand,,,2023-07-01,2024-06-30,pwc-scs-tariffs-2023-24-wayback
powerwater:TARIFF5|pwc-2425-np-off-season-demand||Off Season,powerwater:TARIFF5,pwc-2425-np-off-season-demand,,Off Season,2024-07-01,2025-06-30,pwc-2024-25-pricing-proposal-8may2024
powerwater:TARIFF5|pwc-2425-np-on-season-demand||On Season,powerwater:TARIFF5,pwc-2425-np-on-season-demand,,On Season,2024-07-01,2025-06-30,pwc-2024-25-pricing-proposal-8may2024
powerwater:TARIFF5|pwc-2425-sc-off-season-demand||Off Season,powerwater:TARIFF5,pwc-2425-sc-off-season-demand,,Off Season,2024-07-01,2025-06-30,pwc-scs-tariffs-2024-25-wayback
powerwater:TARIFF5|pwc-2425-sc-on-season-demand||On Season,powerwater:TARIFF5,pwc-2425-sc-on-season-demand,,On Season,2024-07-01,2025-06-30,pwc-scs-tariffs-2024-25-wayback
powerwater:TARIFF5|pwc-2526-np-off-season-demand||Off Season,powerwater:TARIFF5,pwc-2526-np-off-season-demand,,Off Season,2025-07-01,2026-06-30,pwc-2025-26-network-pricing-proposal-23may2025
powerwater:TARIFF5|pwc-2526-np-on-season-demand||On Season,powerwater:TARIFF5,pwc-2526-np-on-season-demand,,On Season,2025-07-01,2026-06-30,pwc-2025-26-network-pricing-proposal-23may2025
powerwater:TARIFF5|pwc-2526-sc-off-season-demand||Off Season,powerwater:TARIFF5,pwc-2526-sc-off-season-demand,,Off Season,2025-07-01,2026-06-30,pwc-scs-tariffs-2025-26-210525-wayback
powerwater:TARIFF5|pwc-2526-sc-on-season-demand||On Season,powerwater:TARIFF5,pwc-2526-sc-on-season-demand,,On Season,2025-07-01,2026-06-30,pwc-scs-tariffs-2025-26-210525-wayback
powerwater:TARIFF5|pwc-2627-np-off-season-demand||Off Season,powerwater:TARIFF5,pwc-2627-np-off-season-demand,,Off Season,2026-07-01,2027-06-30,pwc-2026-27-network-pricing-proposal-31mar2026
powerwater:TARIFF5|pwc-2627-np-on-season-demand||On Season,powerwater:TARIFF5,pwc-2627-np-on-season-demand,,On Season,2026-07-01,2027-06-30,pwc-2026-27-network-pricing-proposal-31mar2026
powerwater:TARIFF6|pwc-2324-np-annual-demand||,powerwater:TARIFF6,pwc-2324-np-annual-demand,,,2023-07-01,2024-06-30,pwc-2023-24-network-pricing-proposal-30mar2023
powerwater:TARIFF6|pwc-2324-sc-annual-demand||,powerwater:TARIFF6,pwc-2324-sc-annual-demand,,,2023-07-01,2024-06-30,pwc-scs-tariffs-2023-24-wayback
powerwater:TARIFF6|pwc-2425-np-off-season-demand||Off Season,powerwater:TARIFF6,pwc-2425-np-off-season-demand,,Off Season,2024-07-01,2025-06-30,pwc-2024-25-pricing-proposal-8may2024
powerwater:TARIFF6|pwc-2425-np-on-season-demand||On Season,powerwater:TARIFF6,pwc-2425-np-on-season-demand,,On Season,2024-07-01,2025-06-30,pwc-2024-25-pricing-proposal-8may2024
powerwater:TARIFF6|pwc-2425-sc-off-season-demand||Off Season,powerwater:TARIFF6,pwc-2425-sc-off-season-demand,,Off Season,2024-07-01,2025-06-30,pwc-scs-tariffs-2024-25-wayback
powerwater:TARIFF6|pwc-2425-sc-on-season-demand||On Season,powerwater:TARIFF6,pwc-2425-sc-on-season-demand,,On Season,2024-07-01,2025-06-30,pwc-scs-tariffs-2024-25-wayback
powerwater:TARIFF6|pwc-2526-np-off-season-demand||Off Season,powerwater:TARIFF6,pwc-2526-np-off-season-demand,,Off Season,2025-07-01,2026-06-30,pwc-2025-26-network-pricing-proposal-23may2025
powerwater:TARIFF6|pwc-2526-np-on-season-demand||On Season,powerwater:TARIFF6,pwc-2526-np-on-season-demand,,On Season,2025-07-01,2026-06-30,pwc-2025-26-network-pricing-proposal-23may2025
powerwater:TARIFF6|pwc-2526-sc-off-season-demand||Off Season,powerwater:TARIFF6,pwc-2526-sc-off-season-demand,,Off Season,2025-07-01,2026-06-30,pwc-scs-tariffs-2025-26-210525-wayback
powerwater:TARIFF6|pwc-2526-sc-on-season-demand||On Season,powerwater:TARIFF6,pwc-2526-sc-on-season-demand,,On Season,2025-07-01,2026-06-30,pwc-scs-tariffs-2025-26-210525-wayback
powerwater:TARIFF6|pwc-2627-np-off-season-demand||Off Season,powerwater:TARIFF6,pwc-2627-np-off-season-demand,,Off Season,2026-07-01,2027-06-30,pwc-2026-27-network-pricing-proposal-31mar2026
powerwater:TARIFF6|pwc-2627-np-on-season-demand||On Season,powerwater:TARIFF6,pwc-2627-np-on-season-demand,,On Season,2026-07-01,2027-06-30,pwc-2026-27-network-pricing-proposal-31mar2026
powerwater:TARIFF7|pwc-2324-np-annual-demand||,powerwater:TARIFF7,pwc-2324-np-annual-demand,,,2023-07-01,2024-06-30,pwc-2023-24-network-pricing-proposal-30mar2023
powerwater:TARIFF7|pwc-2324-sc-annual-demand||,powerwater:TARIFF7,pwc-2324-sc-annual-demand,,,2023-07-01,2024-06-30,pwc-scs-tariffs-2023-24-wayback
sapn:BD|sapn-2324-app-bd-hbd-peak-actual|peak|,sapn:BD,sapn-2324-app-bd-hbd-peak-actual,peak,,2023-07-01,2024-06-30,sapn-2023-24-annual-pricing-proposal-revised-8may2023
sapn:BD|sapn-2324-app-bd-hbd-shoulder-actual|shoulder|,sapn:BD,sapn-2324-app-bd-hbd-shoulder-actual,shoulder,,2023-07-01,2024-06-30,sapn-2023-24-annual-pricing-proposal-revised-8may2023
sapn:BD|sapn-2425-app-bd-hbd-peak-actual|peak|,sapn:BD,sapn-2425-app-bd-hbd-peak-actual,peak,,2024-07-01,2025-06-30,sapn-2024-25-annual-pricing-proposal-19apr2024
sapn:BD|sapn-2425-app-bd-hbd-shoulder-actual|shoulder|,sapn:BD,sapn-2425-app-bd-hbd-shoulder-actual,shoulder,,2024-07-01,2025-06-30,sapn-2024-25-annual-pricing-proposal-19apr2024
sapn:HBD|sapn-2324-app-bd-hbd-peak-actual|peak|,sapn:HBD,sapn-2324-app-bd-hbd-peak-actual,peak,,2023-07-01,2024-06-30,sapn-2023-24-annual-pricing-proposal-revised-8may2023
sapn:HBD|sapn-2324-app-bd-hbd-shoulder-actual|shoulder|,sapn:HBD,sapn-2324-app-bd-hbd-shoulder-actual,shoulder,,2023-07-01,2024-06-30,sapn-2023-24-annual-pricing-proposal-revised-8may2023
sapn:HBD|sapn-2425-app-bd-hbd-peak-actual|peak|,sapn:HBD,sapn-2425-app-bd-hbd-peak-actual,peak,,2024-07-01,2025-06-30,sapn-2024-25-annual-pricing-proposal-19apr2024
sapn:HBD|sapn-2425-app-bd-hbd-shoulder-actual|shoulder|,sapn:HBD,sapn-2425-app-bd-hbd-shoulder-actual,shoulder,,2024-07-01,2025-06-30,sapn-2024-25-annual-pricing-proposal-19apr2024
sapn:HVAD276|sapn-2627-dnsp-site-annual-demand|anytime|,sapn:HVAD276,sapn-2627-dnsp-site-annual-demand,anytime,,2026-07-01,2027-06-30,sapn-tariff-price-list-2026-27-id338674
sapn:HVAD276|sapn-2627-dnsp-site-annual-demand|peak|,sapn:HVAD276,sapn-2627-dnsp-site-annual-demand,peak,,2026-07-01,2027-06-30,sapn-tariff-price-list-2026-27-id338674
sapn:HVAD381|sapn-2627-dnsp-site-annual-demand|anytime|,sapn:HVAD381,sapn-2627-dnsp-site-annual-demand,anytime,,2026-07-01,2027-06-30,sapn-tariff-price-list-2026-27-id338674
sapn:HVAD381|sapn-2627-dnsp-site-annual-demand|peak|,sapn:HVAD381,sapn-2627-dnsp-site-annual-demand,peak,,2026-07-01,2027-06-30,sapn-tariff-price-list-2026-27-id338674
sapn:HVAD500CBD|sapn-2324-app-annual-anytime|anytime|,sapn:HVAD500CBD,sapn-2324-app-annual-anytime,anytime,,2023-07-01,2024-06-30,sapn-2023-24-annual-pricing-proposal-revised-8may2023
sapn:HVAD500CBD|sapn-2324-app-annual-peak-cbd|peak|,sapn:HVAD500CBD,sapn-2324-app-annual-peak-cbd,peak,,2023-07-01,2024-06-30,sapn-2023-24-annual-pricing-proposal-revised-8may2023
sapn:HVAD500CBD|sapn-2425-app-annual-anytime|anytime|,sapn:HVAD500CBD,sapn-2425-app-annual-anytime,anytime,,2024-07-01,2025-06-30,sapn-2024-25-annual-pricing-proposal-19apr2024
sapn:HVAD500CBD|sapn-2425-app-annual-peak-cbd|peak|,sapn:HVAD500CBD,sapn-2425-app-annual-peak-cbd,peak,,2024-07-01,2025-06-30,sapn-2024-25-annual-pricing-proposal-19apr2024
sapn:HVAD500CBD|sapn-2526-aer-hv-annual-peak-cbd|peak|,sapn:HVAD500CBD,sapn-2526-aer-hv-annual-peak-cbd,peak,,2025-07-01,2026-06-30,sapn-2025-26-pricing-proposal-overview-14may2025
sapn:HVAD500CBD|sapn-2526-aer-hv-anytime|anytime|,sapn:HVAD500CBD,sapn-2526-aer-hv-anytime,anytime,,2025-07-01,2026-06-30,sapn-2025-26-pricing-proposal-overview-14may2025
sapn:HVAD500CBD|sapn-2526-dnsp-hv-annual-peak-cbd|peak|,sapn:HVAD500CBD,sapn-2526-dnsp-hv-annual-peak-cbd,peak,,2025-07-01,2026-06-30,sapn-initial-pricing-proposal-overview-2025-26-id333252
sapn:HVAD500CBD|sapn-2526-dnsp-hv-anytime|anytime|,sapn:HVAD500CBD,sapn-2526-dnsp-hv-anytime,anytime,,2025-07-01,2026-06-30,sapn-initial-pricing-proposal-overview-2025-26-id333252
sapn:HVAD500CBD|sapn-2627-dnsp-annual-demand|anytime|,sapn:HVAD500CBD,sapn-2627-dnsp-annual-demand,anytime,,2026-07-01,2027-06-30,sapn-tariff-price-list-2026-27-id338674
sapn:HVAD500CBD|sapn-2627-dnsp-annual-demand|peak|,sapn:HVAD500CBD,sapn-2627-dnsp-annual-demand,peak,,2026-07-01,2027-06-30,sapn-tariff-price-list-2026-27-id338674
sapn:HVAD500|sapn-2324-app-annual-anytime|anytime|,sapn:HVAD500,sapn-2324-app-annual-anytime,anytime,,2023-07-01,2024-06-30,sapn-2023-24-annual-pricing-proposal-revised-8may2023
sapn:HVAD500|sapn-2324-app-annual-peak-noncbd|peak|,sapn:HVAD500,sapn-2324-app-annual-peak-noncbd,peak,,2023-07-01,2024-06-30,sapn-2023-24-annual-pricing-proposal-revised-8may2023
sapn:HVAD500|sapn-2425-app-annual-anytime|anytime|,sapn:HVAD500,sapn-2425-app-annual-anytime,anytime,,2024-07-01,2025-06-30,sapn-2024-25-annual-pricing-proposal-19apr2024
sapn:HVAD500|sapn-2425-app-annual-peak-noncbd|peak|,sapn:HVAD500,sapn-2425-app-annual-peak-noncbd,peak,,2024-07-01,2025-06-30,sapn-2024-25-annual-pricing-proposal-19apr2024
sapn:HVAD500|sapn-2526-aer-hv-annual-peak-noncbd|peak|,sapn:HVAD500,sapn-2526-aer-hv-annual-peak-noncbd,peak,,2025-07-01,2026-06-30,sapn-2025-26-pricing-proposal-overview-14may2025
sapn:HVAD500|sapn-2526-aer-hv-anytime|anytime|,sapn:HVAD500,sapn-2526-aer-hv-anytime,anytime,,2025-07-01,2026-06-30,sapn-2025-26-pricing-proposal-overview-14may2025
sapn:HVAD500|sapn-2526-dnsp-hv-annual-peak-noncbd|peak|,sapn:HVAD500,sapn-2526-dnsp-hv-annual-peak-noncbd,peak,,2025-07-01,2026-06-30,sapn-initial-pricing-proposal-overview-2025-26-id333252
sapn:HVAD500|sapn-2526-dnsp-hv-anytime|anytime|,sapn:HVAD500,sapn-2526-dnsp-hv-anytime,anytime,,2025-07-01,2026-06-30,sapn-initial-pricing-proposal-overview-2025-26-id333252
sapn:HVAD500|sapn-2627-dnsp-annual-demand|anytime|,sapn:HVAD500,sapn-2627-dnsp-annual-demand,anytime,,2026-07-01,2027-06-30,sapn-tariff-price-list-2026-27-id338674
sapn:HVAD500|sapn-2627-dnsp-annual-demand|peak|,sapn:HVAD500,sapn-2627-dnsp-annual-demand,peak,,2026-07-01,2027-06-30,sapn-tariff-price-list-2026-27-id338674
sapn:HVADCBD|sapn-2324-app-annual-anytime|anytime|,sapn:HVADCBD,sapn-2324-app-annual-anytime,anytime,,2023-07-01,2024-06-30,sapn-2023-24-annual-pricing-proposal-revised-8may2023
sapn:HVADCBD|sapn-2324-app-annual-peak-cbd|peak|,sapn:HVADCBD,sapn-2324-app-annual-peak-cbd,peak,,2023-07-01,2024-06-30,sapn-2023-24-annual-pricing-proposal-revised-8may2023
sapn:HVADCBD|sapn-2425-app-annual-anytime|anytime|,sapn:HVADCBD,sapn-2425-app-annual-anytime,anytime,,2024-07-01,2025-06-30,sapn-2024-25-annual-pricing-proposal-19apr2024
sapn:HVADCBD|sapn-2425-app-annual-peak-cbd|peak|,sapn:HVADCBD,sapn-2425-app-annual-peak-cbd,peak,,2024-07-01,2025-06-30,sapn-2024-25-annual-pricing-proposal-19apr2024
sapn:HVADCBD|sapn-2526-aer-hv-annual-peak-cbd|peak|,sapn:HVADCBD,sapn-2526-aer-hv-annual-peak-cbd,peak,,2025-07-01,2026-06-30,sapn-2025-26-pricing-proposal-overview-14may2025
sapn:HVADCBD|sapn-2526-aer-hv-anytime|anytime|,sapn:HVADCBD,sapn-2526-aer-hv-anytime,anytime,,2025-07-01,2026-06-30,sapn-2025-26-pricing-proposal-overview-14may2025
sapn:HVADCBD|sapn-2526-dnsp-hv-annual-peak-cbd|peak|,sapn:HVADCBD,sapn-2526-dnsp-hv-annual-peak-cbd,peak,,2025-07-01,2026-06-30,sapn-initial-pricing-proposal-overview-2025-26-id333252
sapn:HVADCBD|sapn-2526-dnsp-hv-anytime|anytime|,sapn:HVADCBD,sapn-2526-dnsp-hv-anytime,anytime,,2025-07-01,2026-06-30,sapn-initial-pricing-proposal-overview-2025-26-id333252
sapn:HVADCBD|sapn-2627-dnsp-annual-demand|anytime|,sapn:HVADCBD,sapn-2627-dnsp-annual-demand,anytime,,2026-07-01,2027-06-30,sapn-tariff-price-list-2026-27-id338674
sapn:HVADCBD|sapn-2627-dnsp-annual-demand|peak|,sapn:HVADCBD,sapn-2627-dnsp-annual-demand,peak,,2026-07-01,2027-06-30,sapn-tariff-price-list-2026-27-id338674
sapn:HVADFCBD|sapn-2324-app-flex-anytime|anytime|,sapn:HVADFCBD,sapn-2324-app-flex-anytime,anytime,,2023-07-01,2024-06-30,sapn-2023-24-annual-pricing-proposal-revised-8may2023
sapn:HVADFCBD|sapn-2324-app-flex-peak-firm-cbd|peak|,sapn:HVADFCBD,sapn-2324-app-flex-peak-firm-cbd,peak,,2023-07-01,2024-06-30,sapn-2023-24-annual-pricing-proposal-revised-8may2023
sapn:HVADFCBD|sapn-2425-app-flex-anytime|anytime|,sapn:HVADFCBD,sapn-2425-app-flex-anytime,anytime,,2024-07-01,2025-06-30,sapn-2024-25-annual-pricing-proposal-19apr2024
sapn:HVADFCBD|sapn-2425-app-flex-peak-firm-cbd|peak|,sapn:HVADFCBD,sapn-2425-app-flex-peak-firm-cbd,peak,,2024-07-01,2025-06-30,sapn-2024-25-annual-pricing-proposal-19apr2024
sapn:HVADFCBD|sapn-2526-aer-hv-flex-anytime|anytime|,sapn:HVADFCBD,sapn-2526-aer-hv-flex-anytime,anytime,,2025-07-01,2026-06-30,sapn-2025-26-pricing-proposal-overview-14may2025
sapn:HVADFCBD|sapn-2526-aer-hv-flex-peak-firm-cbd|peak|,sapn:HVADFCBD,sapn-2526-aer-hv-flex-peak-firm-cbd,peak,,2025-07-01,2026-06-30,sapn-2025-26-pricing-proposal-overview-14may2025
sapn:HVADFCBD|sapn-2526-dnsp-hv-flex-anytime|anytime|,sapn:HVADFCBD,sapn-2526-dnsp-hv-flex-anytime,anytime,,2025-07-01,2026-06-30,sapn-initial-pricing-proposal-overview-2025-26-id333252
sapn:HVADFCBD|sapn-2526-dnsp-hv-flex-peak-firm-cbd|peak|,sapn:HVADFCBD,sapn-2526-dnsp-hv-flex-peak-firm-cbd,peak,,2025-07-01,2026-06-30,sapn-initial-pricing-proposal-overview-2025-26-id333252
sapn:HVADFCBD|sapn-2627-dnsp-annual-demand-flex|anytime|,sapn:HVADFCBD,sapn-2627-dnsp-annual-demand-flex,anytime,,2026-07-01,2027-06-30,sapn-tariff-price-list-2026-27-id338674
sapn:HVADFCBD|sapn-2627-dnsp-annual-demand|anytime|,sapn:HVADFCBD,sapn-2627-dnsp-annual-demand,anytime,,2026-07-01,2027-06-30,sapn-tariff-price-list-2026-27-id338674
sapn:HVADFCBD|sapn-2627-dnsp-annual-demand|peak|,sapn:HVADFCBD,sapn-2627-dnsp-annual-demand,peak,,2026-07-01,2027-06-30,sapn-tariff-price-list-2026-27-id338674
sapn:HVADF|sapn-2324-app-flex-anytime|anytime|,sapn:HVADF,sapn-2324-app-flex-anytime,anytime,,2023-07-01,2024-06-30,sapn-2023-24-annual-pricing-proposal-revised-8may2023
sapn:HVADF|sapn-2324-app-flex-peak-firm-noncbd|peak|,sapn:HVADF,sapn-2324-app-flex-peak-firm-noncbd,peak,,2023-07-01,2024-06-30,sapn-2023-24-annual-pricing-proposal-revised-8may2023
sapn:HVADF|sapn-2425-app-flex-anytime|anytime|,sapn:HVADF,sapn-2425-app-flex-anytime,anytime,,2024-07-01,2025-06-30,sapn-2024-25-annual-pricing-proposal-19apr2024
sapn:HVADF|sapn-2425-app-flex-peak-firm-noncbd|peak|,sapn:HVADF,sapn-2425-app-flex-peak-firm-noncbd,peak,,2024-07-01,2025-06-30,sapn-2024-25-annual-pricing-proposal-19apr2024
sapn:HVADF|sapn-2526-aer-hv-flex-anytime|anytime|,sapn:HVADF,sapn-2526-aer-hv-flex-anytime,anytime,,2025-07-01,2026-06-30,sapn-2025-26-pricing-proposal-overview-14may2025
sapn:HVADF|sapn-2526-aer-hv-flex-peak-firm-noncbd|peak|,sapn:HVADF,sapn-2526-aer-hv-flex-peak-firm-noncbd,peak,,2025-07-01,2026-06-30,sapn-2025-26-pricing-proposal-overview-14may2025
sapn:HVADF|sapn-2526-dnsp-hv-flex-anytime|anytime|,sapn:HVADF,sapn-2526-dnsp-hv-flex-anytime,anytime,,2025-07-01,2026-06-30,sapn-initial-pricing-proposal-overview-2025-26-id333252
sapn:HVADF|sapn-2526-dnsp-hv-flex-peak-firm-noncbd|peak|,sapn:HVADF,sapn-2526-dnsp-hv-flex-peak-firm-noncbd,peak,,2025-07-01,2026-06-30,sapn-initial-pricing-proposal-overview-2025-26-id333252
sapn:HVADF|sapn-2627-dnsp-annual-demand-flex|anytime|,sapn:HVADF,sapn-2627-dnsp-annual-demand-flex,anytime,,2026-07-01,2027-06-30,sapn-tariff-price-list-2026-27-id338674
sapn:HVADF|sapn-2627-dnsp-annual-demand|anytime|,sapn:HVADF,sapn-2627-dnsp-annual-demand,anytime,,2026-07-01,2027-06-30,sapn-tariff-price-list-2026-27-id338674
sapn:HVADF|sapn-2627-dnsp-annual-demand|peak|,sapn:HVADF,sapn-2627-dnsp-annual-demand,peak,,2026-07-01,2027-06-30,sapn-tariff-price-list-2026-27-id338674
sapn:HVAD|sapn-2324-app-annual-anytime|anytime|,sapn:HVAD,sapn-2324-app-annual-anytime,anytime,,2023-07-01,2024-06-30,sapn-2023-24-annual-pricing-proposal-revised-8may2023
sapn:HVAD|sapn-2324-app-annual-peak-noncbd|peak|,sapn:HVAD,sapn-2324-app-annual-peak-noncbd,peak,,2023-07-01,2024-06-30,sapn-2023-24-annual-pricing-proposal-revised-8may2023
sapn:HVAD|sapn-2425-app-annual-anytime|anytime|,sapn:HVAD,sapn-2425-app-annual-anytime,anytime,,2024-07-01,2025-06-30,sapn-2024-25-annual-pricing-proposal-19apr2024
sapn:HVAD|sapn-2425-app-annual-peak-noncbd|peak|,sapn:HVAD,sapn-2425-app-annual-peak-noncbd,peak,,2024-07-01,2025-06-30,sapn-2024-25-annual-pricing-proposal-19apr2024
sapn:HVAD|sapn-2526-aer-hv-annual-peak-noncbd|peak|,sapn:HVAD,sapn-2526-aer-hv-annual-peak-noncbd,peak,,2025-07-01,2026-06-30,sapn-2025-26-pricing-proposal-overview-14may2025
sapn:HVAD|sapn-2526-aer-hv-anytime|anytime|,sapn:HVAD,sapn-2526-aer-hv-anytime,anytime,,2025-07-01,2026-06-30,sapn-2025-26-pricing-proposal-overview-14may2025
sapn:HVAD|sapn-2526-dnsp-hv-annual-peak-noncbd|peak|,sapn:HVAD,sapn-2526-dnsp-hv-annual-peak-noncbd,peak,,2025-07-01,2026-06-30,sapn-initial-pricing-proposal-overview-2025-26-id333252
sapn:HVAD|sapn-2526-dnsp-hv-anytime|anytime|,sapn:HVAD,sapn-2526-dnsp-hv-anytime,anytime,,2025-07-01,2026-06-30,sapn-initial-pricing-proposal-overview-2025-26-id333252
sapn:HVAD|sapn-2627-dnsp-annual-demand|anytime|,sapn:HVAD,sapn-2627-dnsp-annual-demand,anytime,,2026-07-01,2027-06-30,sapn-tariff-price-list-2026-27-id338674
sapn:HVAD|sapn-2627-dnsp-annual-demand|peak|,sapn:HVAD,sapn-2627-dnsp-annual-demand,peak,,2026-07-01,2027-06-30,sapn-tariff-price-list-2026-27-id338674
sapn:HVBGCBD|sapn-2324-app-gen-anytime|anytime|,sapn:HVBGCBD,sapn-2324-app-gen-anytime,anytime,,2023-07-01,2024-06-30,sapn-2023-24-annual-pricing-proposal-revised-8may2023
sapn:HVBGCBD|sapn-2324-app-gen-peak-agreed-cbd|peak|,sapn:HVBGCBD,sapn-2324-app-gen-peak-agreed-cbd,peak,,2023-07-01,2024-06-30,sapn-2023-24-annual-pricing-proposal-revised-8may2023
sapn:HVBGCBD|sapn-2425-app-gen-anytime|anytime|,sapn:HVBGCBD,sapn-2425-app-gen-anytime,anytime,,2024-07-01,2025-06-30,sapn-2024-25-annual-pricing-proposal-19apr2024
sapn:HVBGCBD|sapn-2425-app-gen-peak-agreed-cbd|peak|,sapn:HVBGCBD,sapn-2425-app-gen-peak-agreed-cbd,peak,,2024-07-01,2025-06-30,sapn-2024-25-annual-pricing-proposal-19apr2024
sapn:HVBGCBD|sapn-2526-aer-gen-anytime|anytime|,sapn:HVBGCBD,sapn-2526-aer-gen-anytime,anytime,,2025-07-01,2026-06-30,sapn-2025-26-pricing-proposal-overview-14may2025
sapn:HVBGCBD|sapn-2526-aer-gen-peak-cbd|peak|,sapn:HVBGCBD,sapn-2526-aer-gen-peak-cbd,peak,,2025-07-01,2026-06-30,sapn-2025-26-pricing-proposal-overview-14may2025
sapn:HVBGCBD|sapn-2526-dnsp-gen-anytime|anytime|,sapn:HVBGCBD,sapn-2526-dnsp-gen-anytime,anytime,,2025-07-01,2026-06-30,sapn-initial-pricing-proposal-overview-2025-26-id333252
sapn:HVBGCBD|sapn-2526-dnsp-gen-peak-cbd|peak|,sapn:HVBGCBD,sapn-2526-dnsp-gen-peak-cbd,peak,,2025-07-01,2026-06-30,sapn-initial-pricing-proposal-overview-2025-26-id333252
sapn:HVBGCBD|sapn-2627-dnsp-annual-demand|anytime|,sapn:HVBGCBD,sapn-2627-dnsp-annual-demand,anytime,,2026-07-01,2027-06-30,sapn-tariff-price-list-2026-27-id338674
sapn:HVBGCBD|sapn-2627-dnsp-annual-demand|peak|,sapn:HVBGCBD,sapn-2627-dnsp-annual-demand,peak,,2026-07-01,2027-06-30,sapn-tariff-price-list-2026-27-id338674
sapn:HVBGFCBD|sapn-2324-app-genflex-anytime|anytime|,sapn:HVBGFCBD,sapn-2324-app-genflex-anytime,anytime,,2023-07-01,2024-06-30,sapn-2023-24-annual-pricing-proposal-revised-8may2023
sapn:HVBGFCBD|sapn-2324-app-genflex-peak-firm-cbd|peak|,sapn:HVBGFCBD,sapn-2324-app-genflex-peak-firm-cbd,peak,,2023-07-01,2024-06-30,sapn-2023-24-annual-pricing-proposal-revised-8may2023
sapn:HVBGFCBD|sapn-2425-app-genflex-anytime|anytime|,sapn:HVBGFCBD,sapn-2425-app-genflex-anytime,anytime,,2024-07-01,2025-06-30,sapn-2024-25-annual-pricing-proposal-19apr2024
sapn:HVBGFCBD|sapn-2425-app-genflex-peak-firm-cbd|peak|,sapn:HVBGFCBD,sapn-2425-app-genflex-peak-firm-cbd,peak,,2024-07-01,2025-06-30,sapn-2024-25-annual-pricing-proposal-19apr2024
sapn:HVBGFCBD|sapn-2526-aer-genflex-anytime|anytime|,sapn:HVBGFCBD,sapn-2526-aer-genflex-anytime,anytime,,2025-07-01,2026-06-30,sapn-2025-26-pricing-proposal-overview-14may2025
sapn:HVBGFCBD|sapn-2526-aer-genflex-peak-firm-cbd|peak|,sapn:HVBGFCBD,sapn-2526-aer-genflex-peak-firm-cbd,peak,,2025-07-01,2026-06-30,sapn-2025-26-pricing-proposal-overview-14may2025
sapn:HVBGFCBD|sapn-2526-dnsp-genflex-anytime|anytime|,sapn:HVBGFCBD,sapn-2526-dnsp-genflex-anytime,anytime,,2025-07-01,2026-06-30,sapn-initial-pricing-proposal-overview-2025-26-id333252
sapn:HVBGFCBD|sapn-2526-dnsp-genflex-peak-firm-cbd|peak|,sapn:HVBGFCBD,sapn-2526-dnsp-genflex-peak-firm-cbd,peak,,2025-07-01,2026-06-30,sapn-initial-pricing-proposal-overview-2025-26-id333252
sapn:HVBGFCBD|sapn-2627-dnsp-annual-demand-flex|anytime|,sapn:HVBGFCBD,sapn-2627-dnsp-annual-demand-flex,anytime,,2026-07-01,2027-06-30,sapn-tariff-price-list-2026-27-id338674
sapn:HVBGFCBD|sapn-2627-dnsp-annual-demand|anytime|,sapn:HVBGFCBD,sapn-2627-dnsp-annual-demand,anytime,,2026-07-01,2027-06-30,sapn-tariff-price-list-2026-27-id338674
sapn:HVBGFCBD|sapn-2627-dnsp-annual-demand|peak|,sapn:HVBGFCBD,sapn-2627-dnsp-annual-demand,peak,,2026-07-01,2027-06-30,sapn-tariff-price-list-2026-27-id338674
sapn:HVBGF|sapn-2324-app-genflex-anytime|anytime|,sapn:HVBGF,sapn-2324-app-genflex-anytime,anytime,,2023-07-01,2024-06-30,sapn-2023-24-annual-pricing-proposal-revised-8may2023
sapn:HVBGF|sapn-2324-app-genflex-peak-firm-noncbd|peak|,sapn:HVBGF,sapn-2324-app-genflex-peak-firm-noncbd,peak,,2023-07-01,2024-06-30,sapn-2023-24-annual-pricing-proposal-revised-8may2023
sapn:HVBGF|sapn-2425-app-genflex-anytime|anytime|,sapn:HVBGF,sapn-2425-app-genflex-anytime,anytime,,2024-07-01,2025-06-30,sapn-2024-25-annual-pricing-proposal-19apr2024
sapn:HVBGF|sapn-2425-app-genflex-peak-firm-noncbd|peak|,sapn:HVBGF,sapn-2425-app-genflex-peak-firm-noncbd,peak,,2024-07-01,2025-06-30,sapn-2024-25-annual-pricing-proposal-19apr2024
sapn:HVBGF|sapn-2526-aer-genflex-anytime|anytime|,sapn:HVBGF,sapn-2526-aer-genflex-anytime,anytime,,2025-07-01,2026-06-30,sapn-2025-26-pricing-proposal-overview-14may2025
sapn:HVBGF|sapn-2526-aer-genflex-peak-firm-noncbd|peak|,sapn:HVBGF,sapn-2526-aer-genflex-peak-firm-noncbd,peak,,2025-07-01,2026-06-30,sapn-2025-26-pricing-proposal-overview-14may2025
sapn:HVBGF|sapn-2526-dnsp-genflex-anytime|anytime|,sapn:HVBGF,sapn-2526-dnsp-genflex-anytime,anytime,,2025-07-01,2026-06-30,sapn-initial-pricing-proposal-overview-2025-26-id333252
sapn:HVBGF|sapn-2526-dnsp-genflex-peak-firm-noncbd|peak|,sapn:HVBGF,sapn-2526-dnsp-genflex-peak-firm-noncbd,peak,,2025-07-01,2026-06-30,sapn-initial-pricing-proposal-overview-2025-26-id333252
sapn:HVBGF|sapn-2627-dnsp-annual-demand-flex|anytime|,sapn:HVBGF,sapn-2627-dnsp-annual-demand-flex,anytime,,2026-07-01,2027-06-30,sapn-tariff-price-list-2026-27-id338674
sapn:HVBGF|sapn-2627-dnsp-annual-demand|anytime|,sapn:HVBGF,sapn-2627-dnsp-annual-demand,anytime,,2026-07-01,2027-06-30,sapn-tariff-price-list-2026-27-id338674
sapn:HVBGF|sapn-2627-dnsp-annual-demand|peak|,sapn:HVBGF,sapn-2627-dnsp-annual-demand,peak,,2026-07-01,2027-06-30,sapn-tariff-price-list-2026-27-id338674
sapn:HVBG|sapn-2324-app-gen-anytime|anytime|,sapn:HVBG,sapn-2324-app-gen-anytime,anytime,,2023-07-01,2024-06-30,sapn-2023-24-annual-pricing-proposal-revised-8may2023
sapn:HVBG|sapn-2324-app-gen-peak-agreed-noncbd|peak|,sapn:HVBG,sapn-2324-app-gen-peak-agreed-noncbd,peak,,2023-07-01,2024-06-30,sapn-2023-24-annual-pricing-proposal-revised-8may2023
sapn:HVBG|sapn-2425-app-gen-anytime|anytime|,sapn:HVBG,sapn-2425-app-gen-anytime,anytime,,2024-07-01,2025-06-30,sapn-2024-25-annual-pricing-proposal-19apr2024
sapn:HVBG|sapn-2425-app-gen-peak-agreed-noncbd|peak|,sapn:HVBG,sapn-2425-app-gen-peak-agreed-noncbd,peak,,2024-07-01,2025-06-30,sapn-2024-25-annual-pricing-proposal-19apr2024
sapn:HVBG|sapn-2526-aer-gen-anytime|anytime|,sapn:HVBG,sapn-2526-aer-gen-anytime,anytime,,2025-07-01,2026-06-30,sapn-2025-26-pricing-proposal-overview-14may2025
sapn:HVBG|sapn-2526-aer-gen-peak-noncbd|peak|,sapn:HVBG,sapn-2526-aer-gen-peak-noncbd,peak,,2025-07-01,2026-06-30,sapn-2025-26-pricing-proposal-overview-14may2025
sapn:HVBG|sapn-2526-dnsp-gen-anytime|anytime|,sapn:HVBG,sapn-2526-dnsp-gen-anytime,anytime,,2025-07-01,2026-06-30,sapn-initial-pricing-proposal-overview-2025-26-id333252
sapn:HVBG|sapn-2526-dnsp-gen-peak-noncbd|peak|,sapn:HVBG,sapn-2526-dnsp-gen-peak-noncbd,peak,,2025-07-01,2026-06-30,sapn-initial-pricing-proposal-overview-2025-26-id333252
sapn:HVBG|sapn-2627-dnsp-annual-demand|anytime|,sapn:HVBG,sapn-2627-dnsp-annual-demand,anytime,,2026-07-01,2027-06-30,sapn-tariff-price-list-2026-27-id338674
sapn:HVBG|sapn-2627-dnsp-annual-demand|peak|,sapn:HVBG,sapn-2627-dnsp-annual-demand,peak,,2026-07-01,2027-06-30,sapn-tariff-price-list-2026-27-id338674
sapn:HVMDCBD|sapn-2324-app-monthly-anytime|anytime|,sapn:HVMDCBD,sapn-2324-app-monthly-anytime,anytime,,2023-07-01,2024-06-30,sapn-2023-24-annual-pricing-proposal-revised-8may2023
sapn:HVMDCBD|sapn-2324-app-monthly-peak-cbd|peak|,sapn:HVMDCBD,sapn-2324-app-monthly-peak-cbd,peak,,2023-07-01,2024-06-30,sapn-2023-24-annual-pricing-proposal-revised-8may2023
sapn:HVMDCBD|sapn-2425-app-monthly-anytime|anytime|,sapn:HVMDCBD,sapn-2425-app-monthly-anytime,anytime,,2024-07-01,2025-06-30,sapn-2024-25-annual-pricing-proposal-19apr2024
sapn:HVMDCBD|sapn-2425-app-monthly-peak-cbd|peak|,sapn:HVMDCBD,sapn-2425-app-monthly-peak-cbd,peak,,2024-07-01,2025-06-30,sapn-2024-25-annual-pricing-proposal-19apr2024
sapn:HVMDCBD|sapn-2526-aer-hv-anytime|anytime|,sapn:HVMDCBD,sapn-2526-aer-hv-anytime,anytime,,2025-07-01,2026-06-30,sapn-2025-26-pricing-proposal-overview-14may2025
sapn:HVMDCBD|sapn-2526-aer-hv-monthly-peak-cbd|peak|,sapn:HVMDCBD,sapn-2526-aer-hv-monthly-peak-cbd,peak,,2025-07-01,2026-06-30,sapn-2025-26-pricing-proposal-overview-14may2025
sapn:HVMDCBD|sapn-2526-dnsp-hv-anytime|anytime|,sapn:HVMDCBD,sapn-2526-dnsp-hv-anytime,anytime,,2025-07-01,2026-06-30,sapn-initial-pricing-proposal-overview-2025-26-id333252
sapn:HVMDCBD|sapn-2526-dnsp-hv-monthly-peak-cbd|peak|,sapn:HVMDCBD,sapn-2526-dnsp-hv-monthly-peak-cbd,peak,,2025-07-01,2026-06-30,sapn-initial-pricing-proposal-overview-2025-26-id333252
sapn:HVMDCBD|sapn-2627-dnsp-annual-demand|anytime|,sapn:HVMDCBD,sapn-2627-dnsp-annual-demand,anytime,,2026-07-01,2027-06-30,sapn-tariff-price-list-2026-27-id338674
sapn:HVMDCBD|sapn-2627-dnsp-monthly-demand|peak|summer,sapn:HVMDCBD,sapn-2627-dnsp-monthly-demand,peak,summer,2026-07-01,2027-06-30,sapn-tariff-price-list-2026-27-id338674
sapn:HVMD|sapn-2324-app-monthly-anytime|anytime|,sapn:HVMD,sapn-2324-app-monthly-anytime,anytime,,2023-07-01,2024-06-30,sapn-2023-24-annual-pricing-proposal-revised-8may2023
sapn:HVMD|sapn-2324-app-monthly-peak-noncbd|peak|,sapn:HVMD,sapn-2324-app-monthly-peak-noncbd,peak,,2023-07-01,2024-06-30,sapn-2023-24-annual-pricing-proposal-revised-8may2023
sapn:HVMD|sapn-2425-app-monthly-anytime|anytime|,sapn:HVMD,sapn-2425-app-monthly-anytime,anytime,,2024-07-01,2025-06-30,sapn-2024-25-annual-pricing-proposal-19apr2024
sapn:HVMD|sapn-2425-app-monthly-peak-noncbd|peak|,sapn:HVMD,sapn-2425-app-monthly-peak-noncbd,peak,,2024-07-01,2025-06-30,sapn-2024-25-annual-pricing-proposal-19apr2024
sapn:HVMD|sapn-2526-aer-hv-anytime|anytime|,sapn:HVMD,sapn-2526-aer-hv-anytime,anytime,,2025-07-01,2026-06-30,sapn-2025-26-pricing-proposal-overview-14may2025
sapn:HVMD|sapn-2526-aer-hv-monthly-peak-noncbd|peak|,sapn:HVMD,sapn-2526-aer-hv-monthly-peak-noncbd,peak,,2025-07-01,2026-06-30,sapn-2025-26-pricing-proposal-overview-14may2025
sapn:HVMD|sapn-2526-dnsp-hv-anytime|anytime|,sapn:HVMD,sapn-2526-dnsp-hv-anytime,anytime,,2025-07-01,2026-06-30,sapn-initial-pricing-proposal-overview-2025-26-id333252
sapn:HVMD|sapn-2526-dnsp-hv-monthly-peak-noncbd|peak|,sapn:HVMD,sapn-2526-dnsp-hv-monthly-peak-noncbd,peak,,2025-07-01,2026-06-30,sapn-initial-pricing-proposal-overview-2025-26-id333252
sapn:HVMD|sapn-2627-dnsp-annual-demand|anytime|,sapn:HVMD,sapn-2627-dnsp-annual-demand,anytime,,2026-07-01,2027-06-30,sapn-tariff-price-list-2026-27-id338674
sapn:HVMD|sapn-2627-dnsp-monthly-demand|peak|summer,sapn:HVMD,sapn-2627-dnsp-monthly-demand,peak,summer,2026-07-01,2027-06-30,sapn-tariff-price-list-2026-27-id338674
sapn:LBAD305|sapn-2627-dnsp-site-annual-demand|anytime|,sapn:LBAD305,sapn-2627-dnsp-site-annual-demand,anytime,,2026-07-01,2027-06-30,sapn-tariff-price-list-2026-27-id338674
sapn:LBAD305|sapn-2627-dnsp-site-annual-demand|peak|,sapn:LBAD305,sapn-2627-dnsp-site-annual-demand,peak,,2026-07-01,2027-06-30,sapn-tariff-price-list-2026-27-id338674
sapn:LBAD342|sapn-2627-dnsp-site-annual-demand|anytime|,sapn:LBAD342,sapn-2627-dnsp-site-annual-demand,anytime,,2026-07-01,2027-06-30,sapn-tariff-price-list-2026-27-id338674
sapn:LBAD342|sapn-2627-dnsp-site-annual-demand|peak|,sapn:LBAD342,sapn-2627-dnsp-site-annual-demand,peak,,2026-07-01,2027-06-30,sapn-tariff-price-list-2026-27-id338674
sapn:LBAD422|sapn-2627-dnsp-site-annual-demand|anytime|,sapn:LBAD422,sapn-2627-dnsp-site-annual-demand,anytime,,2026-07-01,2027-06-30,sapn-tariff-price-list-2026-27-id338674
sapn:LBAD422|sapn-2627-dnsp-site-annual-demand|peak|,sapn:LBAD422,sapn-2627-dnsp-site-annual-demand,peak,,2026-07-01,2027-06-30,sapn-tariff-price-list-2026-27-id338674
sapn:LBAD977|sapn-2627-dnsp-site-annual-demand|anytime|,sapn:LBAD977,sapn-2627-dnsp-site-annual-demand,anytime,,2026-07-01,2027-06-30,sapn-tariff-price-list-2026-27-id338674
sapn:LBAD977|sapn-2627-dnsp-site-annual-demand|peak|,sapn:LBAD977,sapn-2627-dnsp-site-annual-demand,peak,,2026-07-01,2027-06-30,sapn-tariff-price-list-2026-27-id338674
sapn:LBADCBD|sapn-2324-app-annual-anytime|anytime|,sapn:LBADCBD,sapn-2324-app-annual-anytime,anytime,,2023-07-01,2024-06-30,sapn-2023-24-annual-pricing-proposal-revised-8may2023
sapn:LBADCBD|sapn-2324-app-annual-peak-cbd|peak|,sapn:LBADCBD,sapn-2324-app-annual-peak-cbd,peak,,2023-07-01,2024-06-30,sapn-2023-24-annual-pricing-proposal-revised-8may2023
sapn:LBADCBD|sapn-2425-app-annual-anytime|anytime|,sapn:LBADCBD,sapn-2425-app-annual-anytime,anytime,,2024-07-01,2025-06-30,sapn-2024-25-annual-pricing-proposal-19apr2024
sapn:LBADCBD|sapn-2425-app-annual-peak-cbd|peak|,sapn:LBADCBD,sapn-2425-app-annual-peak-cbd,peak,,2024-07-01,2025-06-30,sapn-2024-25-annual-pricing-proposal-19apr2024
sapn:LBADCBD|sapn-2526-aer-lv-annual-peak-cbd|peak|,sapn:LBADCBD,sapn-2526-aer-lv-annual-peak-cbd,peak,,2025-07-01,2026-06-30,sapn-2025-26-pricing-proposal-overview-14may2025
sapn:LBADCBD|sapn-2526-aer-lv-anytime|anytime|,sapn:LBADCBD,sapn-2526-aer-lv-anytime,anytime,,2025-07-01,2026-06-30,sapn-2025-26-pricing-proposal-overview-14may2025
sapn:LBADCBD|sapn-2526-dnsp-lv-annual-peak-cbd|peak|,sapn:LBADCBD,sapn-2526-dnsp-lv-annual-peak-cbd,peak,,2025-07-01,2026-06-30,sapn-initial-pricing-proposal-overview-2025-26-id333252
sapn:LBADCBD|sapn-2526-dnsp-lv-anytime|anytime|,sapn:LBADCBD,sapn-2526-dnsp-lv-anytime,anytime,,2025-07-01,2026-06-30,sapn-initial-pricing-proposal-overview-2025-26-id333252
sapn:LBADCBD|sapn-2627-dnsp-annual-demand|anytime|,sapn:LBADCBD,sapn-2627-dnsp-annual-demand,anytime,,2026-07-01,2027-06-30,sapn-tariff-price-list-2026-27-id338674
sapn:LBADCBD|sapn-2627-dnsp-annual-demand|peak|,sapn:LBADCBD,sapn-2627-dnsp-annual-demand,peak,,2026-07-01,2027-06-30,sapn-tariff-price-list-2026-27-id338674
sapn:LBADFCBD|sapn-2324-app-flex-anytime|anytime|,sapn:LBADFCBD,sapn-2324-app-flex-anytime,anytime,,2023-07-01,2024-06-30,sapn-2023-24-annual-pricing-proposal-revised-8may2023
sapn:LBADFCBD|sapn-2324-app-flex-peak-firm-cbd|peak|,sapn:LBADFCBD,sapn-2324-app-flex-peak-firm-cbd,peak,,2023-07-01,2024-06-30,sapn-2023-24-annual-pricing-proposal-revised-8may2023
sapn:LBADFCBD|sapn-2425-app-flex-anytime|anytime|,sapn:LBADFCBD,sapn-2425-app-flex-anytime,anytime,,2024-07-01,2025-06-30,sapn-2024-25-annual-pricing-proposal-19apr2024
sapn:LBADFCBD|sapn-2425-app-flex-peak-firm-cbd|peak|,sapn:LBADFCBD,sapn-2425-app-flex-peak-firm-cbd,peak,,2024-07-01,2025-06-30,sapn-2024-25-annual-pricing-proposal-19apr2024
sapn:LBADFCBD|sapn-2526-aer-lv-flex-anytime|anytime|,sapn:LBADFCBD,sapn-2526-aer-lv-flex-anytime,anytime,,2025-07-01,2026-06-30,sapn-2025-26-pricing-proposal-overview-14may2025
sapn:LBADFCBD|sapn-2526-aer-lv-flex-peak-firm-cbd|peak|,sapn:LBADFCBD,sapn-2526-aer-lv-flex-peak-firm-cbd,peak,,2025-07-01,2026-06-30,sapn-2025-26-pricing-proposal-overview-14may2025
sapn:LBADFCBD|sapn-2526-dnsp-lv-flex-anytime|anytime|,sapn:LBADFCBD,sapn-2526-dnsp-lv-flex-anytime,anytime,,2025-07-01,2026-06-30,sapn-initial-pricing-proposal-overview-2025-26-id333252
sapn:LBADFCBD|sapn-2526-dnsp-lv-flex-peak-firm-cbd|peak|,sapn:LBADFCBD,sapn-2526-dnsp-lv-flex-peak-firm-cbd,peak,,2025-07-01,2026-06-30,sapn-initial-pricing-proposal-overview-2025-26-id333252
sapn:LBADFCBD|sapn-2627-dnsp-annual-demand-flex|anytime|,sapn:LBADFCBD,sapn-2627-dnsp-annual-demand-flex,anytime,,2026-07-01,2027-06-30,sapn-tariff-price-list-2026-27-id338674
sapn:LBADFCBD|sapn-2627-dnsp-annual-demand|anytime|,sapn:LBADFCBD,sapn-2627-dnsp-annual-demand,anytime,,2026-07-01,2027-06-30,sapn-tariff-price-list-2026-27-id338674
sapn:LBADFCBD|sapn-2627-dnsp-annual-demand|peak|,sapn:LBADFCBD,sapn-2627-dnsp-annual-demand,peak,,2026-07-01,2027-06-30,sapn-tariff-price-list-2026-27-id338674
sapn:LBADF|sapn-2324-app-flex-anytime|anytime|,sapn:LBADF,sapn-2324-app-flex-anytime,anytime,,2023-07-01,2024-06-30,sapn-2023-24-annual-pricing-proposal-revised-8may2023
sapn:LBADF|sapn-2324-app-flex-peak-firm-noncbd|peak|,sapn:LBADF,sapn-2324-app-flex-peak-firm-noncbd,peak,,2023-07-01,2024-06-30,sapn-2023-24-annual-pricing-proposal-revised-8may2023
sapn:LBADF|sapn-2425-app-flex-anytime|anytime|,sapn:LBADF,sapn-2425-app-flex-anytime,anytime,,2024-07-01,2025-06-30,sapn-2024-25-annual-pricing-proposal-19apr2024
sapn:LBADF|sapn-2425-app-flex-peak-firm-noncbd|peak|,sapn:LBADF,sapn-2425-app-flex-peak-firm-noncbd,peak,,2024-07-01,2025-06-30,sapn-2024-25-annual-pricing-proposal-19apr2024
sapn:LBADF|sapn-2526-aer-lv-flex-anytime|anytime|,sapn:LBADF,sapn-2526-aer-lv-flex-anytime,anytime,,2025-07-01,2026-06-30,sapn-2025-26-pricing-proposal-overview-14may2025
sapn:LBADF|sapn-2526-aer-lv-flex-peak-firm-noncbd|peak|,sapn:LBADF,sapn-2526-aer-lv-flex-peak-firm-noncbd,peak,,2025-07-01,2026-06-30,sapn-2025-26-pricing-proposal-overview-14may2025
sapn:LBADF|sapn-2526-dnsp-lv-flex-anytime|anytime|,sapn:LBADF,sapn-2526-dnsp-lv-flex-anytime,anytime,,2025-07-01,2026-06-30,sapn-initial-pricing-proposal-overview-2025-26-id333252
sapn:LBADF|sapn-2526-dnsp-lv-flex-peak-firm-noncbd|peak|,sapn:LBADF,sapn-2526-dnsp-lv-flex-peak-firm-noncbd,peak,,2025-07-01,2026-06-30,sapn-initial-pricing-proposal-overview-2025-26-id333252
sapn:LBADF|sapn-2627-dnsp-annual-demand-flex|anytime|,sapn:LBADF,sapn-2627-dnsp-annual-demand-flex,anytime,,2026-07-01,2027-06-30,sapn-tariff-price-list-2026-27-id338674
sapn:LBADF|sapn-2627-dnsp-annual-demand|anytime|,sapn:LBADF,sapn-2627-dnsp-annual-demand,anytime,,2026-07-01,2027-06-30,sapn-tariff-price-list-2026-27-id338674
sapn:LBADF|sapn-2627-dnsp-annual-demand|peak|,sapn:LBADF,sapn-2627-dnsp-annual-demand,peak,,2026-07-01,2027-06-30,sapn-tariff-price-list-2026-27-id338674
sapn:LBAD|sapn-2324-app-annual-anytime|anytime|,sapn:LBAD,sapn-2324-app-annual-anytime,anytime,,2023-07-01,2024-06-30,sapn-2023-24-annual-pricing-proposal-revised-8may2023
sapn:LBAD|sapn-2324-app-annual-peak-noncbd|peak|,sapn:LBAD,sapn-2324-app-annual-peak-noncbd,peak,,2023-07-01,2024-06-30,sapn-2023-24-annual-pricing-proposal-revised-8may2023
sapn:LBAD|sapn-2425-app-annual-anytime|anytime|,sapn:LBAD,sapn-2425-app-annual-anytime,anytime,,2024-07-01,2025-06-30,sapn-2024-25-annual-pricing-proposal-19apr2024
sapn:LBAD|sapn-2425-app-annual-peak-noncbd|peak|,sapn:LBAD,sapn-2425-app-annual-peak-noncbd,peak,,2024-07-01,2025-06-30,sapn-2024-25-annual-pricing-proposal-19apr2024
sapn:LBAD|sapn-2526-aer-lv-annual-peak-noncbd|peak|,sapn:LBAD,sapn-2526-aer-lv-annual-peak-noncbd,peak,,2025-07-01,2026-06-30,sapn-2025-26-pricing-proposal-overview-14may2025
sapn:LBAD|sapn-2526-aer-lv-anytime|anytime|,sapn:LBAD,sapn-2526-aer-lv-anytime,anytime,,2025-07-01,2026-06-30,sapn-2025-26-pricing-proposal-overview-14may2025
sapn:LBAD|sapn-2526-dnsp-lv-annual-peak-noncbd|peak|,sapn:LBAD,sapn-2526-dnsp-lv-annual-peak-noncbd,peak,,2025-07-01,2026-06-30,sapn-initial-pricing-proposal-overview-2025-26-id333252
sapn:LBAD|sapn-2526-dnsp-lv-anytime|anytime|,sapn:LBAD,sapn-2526-dnsp-lv-anytime,anytime,,2025-07-01,2026-06-30,sapn-initial-pricing-proposal-overview-2025-26-id333252
sapn:LBAD|sapn-2627-dnsp-annual-demand|anytime|,sapn:LBAD,sapn-2627-dnsp-annual-demand,anytime,,2026-07-01,2027-06-30,sapn-tariff-price-list-2026-27-id338674
sapn:LBAD|sapn-2627-dnsp-annual-demand|peak|,sapn:LBAD,sapn-2627-dnsp-annual-demand,peak,,2026-07-01,2027-06-30,sapn-tariff-price-list-2026-27-id338674
sapn:LBGCBD|sapn-2324-app-gen-anytime|anytime|,sapn:LBGCBD,sapn-2324-app-gen-anytime,anytime,,2023-07-01,2024-06-30,sapn-2023-24-annual-pricing-proposal-revised-8may2023
sapn:LBGCBD|sapn-2324-app-gen-peak-agreed-cbd|peak|,sapn:LBGCBD,sapn-2324-app-gen-peak-agreed-cbd,peak,,2023-07-01,2024-06-30,sapn-2023-24-annual-pricing-proposal-revised-8may2023
sapn:LBGCBD|sapn-2425-app-gen-anytime|anytime|,sapn:LBGCBD,sapn-2425-app-gen-anytime,anytime,,2024-07-01,2025-06-30,sapn-2024-25-annual-pricing-proposal-19apr2024
sapn:LBGCBD|sapn-2425-app-gen-peak-agreed-cbd|peak|,sapn:LBGCBD,sapn-2425-app-gen-peak-agreed-cbd,peak,,2024-07-01,2025-06-30,sapn-2024-25-annual-pricing-proposal-19apr2024
sapn:LBGCBD|sapn-2526-aer-gen-anytime|anytime|,sapn:LBGCBD,sapn-2526-aer-gen-anytime,anytime,,2025-07-01,2026-06-30,sapn-2025-26-pricing-proposal-overview-14may2025
sapn:LBGCBD|sapn-2526-aer-gen-peak-cbd|peak|,sapn:LBGCBD,sapn-2526-aer-gen-peak-cbd,peak,,2025-07-01,2026-06-30,sapn-2025-26-pricing-proposal-overview-14may2025
sapn:LBGCBD|sapn-2526-dnsp-gen-anytime|anytime|,sapn:LBGCBD,sapn-2526-dnsp-gen-anytime,anytime,,2025-07-01,2026-06-30,sapn-initial-pricing-proposal-overview-2025-26-id333252
sapn:LBGCBD|sapn-2526-dnsp-gen-peak-cbd|peak|,sapn:LBGCBD,sapn-2526-dnsp-gen-peak-cbd,peak,,2025-07-01,2026-06-30,sapn-initial-pricing-proposal-overview-2025-26-id333252
sapn:LBGCBD|sapn-2627-dnsp-annual-demand|anytime|,sapn:LBGCBD,sapn-2627-dnsp-annual-demand,anytime,,2026-07-01,2027-06-30,sapn-tariff-price-list-2026-27-id338674
sapn:LBGCBD|sapn-2627-dnsp-annual-demand|peak|,sapn:LBGCBD,sapn-2627-dnsp-annual-demand,peak,,2026-07-01,2027-06-30,sapn-tariff-price-list-2026-27-id338674
sapn:LBGFCBD|sapn-2324-app-genflex-anytime|anytime|,sapn:LBGFCBD,sapn-2324-app-genflex-anytime,anytime,,2023-07-01,2024-06-30,sapn-2023-24-annual-pricing-proposal-revised-8may2023
sapn:LBGFCBD|sapn-2324-app-genflex-peak-firm-cbd|peak|,sapn:LBGFCBD,sapn-2324-app-genflex-peak-firm-cbd,peak,,2023-07-01,2024-06-30,sapn-2023-24-annual-pricing-proposal-revised-8may2023
sapn:LBGFCBD|sapn-2425-app-genflex-anytime|anytime|,sapn:LBGFCBD,sapn-2425-app-genflex-anytime,anytime,,2024-07-01,2025-06-30,sapn-2024-25-annual-pricing-proposal-19apr2024
sapn:LBGFCBD|sapn-2425-app-genflex-peak-firm-cbd|peak|,sapn:LBGFCBD,sapn-2425-app-genflex-peak-firm-cbd,peak,,2024-07-01,2025-06-30,sapn-2024-25-annual-pricing-proposal-19apr2024
sapn:LBGFCBD|sapn-2526-aer-genflex-anytime|anytime|,sapn:LBGFCBD,sapn-2526-aer-genflex-anytime,anytime,,2025-07-01,2026-06-30,sapn-2025-26-pricing-proposal-overview-14may2025
sapn:LBGFCBD|sapn-2526-aer-genflex-peak-firm-cbd|peak|,sapn:LBGFCBD,sapn-2526-aer-genflex-peak-firm-cbd,peak,,2025-07-01,2026-06-30,sapn-2025-26-pricing-proposal-overview-14may2025
sapn:LBGFCBD|sapn-2526-dnsp-genflex-anytime|anytime|,sapn:LBGFCBD,sapn-2526-dnsp-genflex-anytime,anytime,,2025-07-01,2026-06-30,sapn-initial-pricing-proposal-overview-2025-26-id333252
sapn:LBGFCBD|sapn-2526-dnsp-genflex-peak-firm-cbd|peak|,sapn:LBGFCBD,sapn-2526-dnsp-genflex-peak-firm-cbd,peak,,2025-07-01,2026-06-30,sapn-initial-pricing-proposal-overview-2025-26-id333252
sapn:LBGFCBD|sapn-2627-dnsp-annual-demand-flex|anytime|,sapn:LBGFCBD,sapn-2627-dnsp-annual-demand-flex,anytime,,2026-07-01,2027-06-30,sapn-tariff-price-list-2026-27-id338674
sapn:LBGFCBD|sapn-2627-dnsp-annual-demand|anytime|,sapn:LBGFCBD,sapn-2627-dnsp-annual-demand,anytime,,2026-07-01,2027-06-30,sapn-tariff-price-list-2026-27-id338674
sapn:LBGFCBD|sapn-2627-dnsp-annual-demand|peak|,sapn:LBGFCBD,sapn-2627-dnsp-annual-demand,peak,,2026-07-01,2027-06-30,sapn-tariff-price-list-2026-27-id338674
sapn:LBGF|sapn-2324-app-genflex-anytime|anytime|,sapn:LBGF,sapn-2324-app-genflex-anytime,anytime,,2023-07-01,2024-06-30,sapn-2023-24-annual-pricing-proposal-revised-8may2023
sapn:LBGF|sapn-2324-app-genflex-peak-firm-noncbd|peak|,sapn:LBGF,sapn-2324-app-genflex-peak-firm-noncbd,peak,,2023-07-01,2024-06-30,sapn-2023-24-annual-pricing-proposal-revised-8may2023
sapn:LBGF|sapn-2425-app-genflex-anytime|anytime|,sapn:LBGF,sapn-2425-app-genflex-anytime,anytime,,2024-07-01,2025-06-30,sapn-2024-25-annual-pricing-proposal-19apr2024
sapn:LBGF|sapn-2425-app-genflex-peak-firm-noncbd|peak|,sapn:LBGF,sapn-2425-app-genflex-peak-firm-noncbd,peak,,2024-07-01,2025-06-30,sapn-2024-25-annual-pricing-proposal-19apr2024
sapn:LBGF|sapn-2526-aer-genflex-anytime|anytime|,sapn:LBGF,sapn-2526-aer-genflex-anytime,anytime,,2025-07-01,2026-06-30,sapn-2025-26-pricing-proposal-overview-14may2025
sapn:LBGF|sapn-2526-aer-genflex-peak-firm-noncbd|peak|,sapn:LBGF,sapn-2526-aer-genflex-peak-firm-noncbd,peak,,2025-07-01,2026-06-30,sapn-2025-26-pricing-proposal-overview-14may2025
sapn:LBGF|sapn-2526-dnsp-genflex-anytime|anytime|,sapn:LBGF,sapn-2526-dnsp-genflex-anytime,anytime,,2025-07-01,2026-06-30,sapn-initial-pricing-proposal-overview-2025-26-id333252
sapn:LBGF|sapn-2526-dnsp-genflex-peak-firm-noncbd|peak|,sapn:LBGF,sapn-2526-dnsp-genflex-peak-firm-noncbd,peak,,2025-07-01,2026-06-30,sapn-initial-pricing-proposal-overview-2025-26-id333252
sapn:LBGF|sapn-2627-dnsp-annual-demand-flex|anytime|,sapn:LBGF,sapn-2627-dnsp-annual-demand-flex,anytime,,2026-07-01,2027-06-30,sapn-tariff-price-list-2026-27-id338674
sapn:LBGF|sapn-2627-dnsp-annual-demand|anytime|,sapn:LBGF,sapn-2627-dnsp-annual-demand,anytime,,2026-07-01,2027-06-30,sapn-tariff-price-list-2026-27-id338674
sapn:LBGF|sapn-2627-dnsp-annual-demand|peak|,sapn:LBGF,sapn-2627-dnsp-annual-demand,peak,,2026-07-01,2027-06-30,sapn-tariff-price-list-2026-27-id338674
sapn:LBG|sapn-2324-app-gen-anytime|anytime|,sapn:LBG,sapn-2324-app-gen-anytime,anytime,,2023-07-01,2024-06-30,sapn-2023-24-annual-pricing-proposal-revised-8may2023
sapn:LBG|sapn-2324-app-gen-peak-agreed-noncbd|peak|,sapn:LBG,sapn-2324-app-gen-peak-agreed-noncbd,peak,,2023-07-01,2024-06-30,sapn-2023-24-annual-pricing-proposal-revised-8may2023
sapn:LBG|sapn-2425-app-gen-anytime|anytime|,sapn:LBG,sapn-2425-app-gen-anytime,anytime,,2024-07-01,2025-06-30,sapn-2024-25-annual-pricing-proposal-19apr2024
sapn:LBG|sapn-2425-app-gen-peak-agreed-noncbd|peak|,sapn:LBG,sapn-2425-app-gen-peak-agreed-noncbd,peak,,2024-07-01,2025-06-30,sapn-2024-25-annual-pricing-proposal-19apr2024
sapn:LBG|sapn-2526-aer-gen-anytime|anytime|,sapn:LBG,sapn-2526-aer-gen-anytime,anytime,,2025-07-01,2026-06-30,sapn-2025-26-pricing-proposal-overview-14may2025
sapn:LBG|sapn-2526-aer-gen-peak-noncbd|peak|,sapn:LBG,sapn-2526-aer-gen-peak-noncbd,peak,,2025-07-01,2026-06-30,sapn-2025-26-pricing-proposal-overview-14may2025
sapn:LBG|sapn-2526-dnsp-gen-anytime|anytime|,sapn:LBG,sapn-2526-dnsp-gen-anytime,anytime,,2025-07-01,2026-06-30,sapn-initial-pricing-proposal-overview-2025-26-id333252
sapn:LBG|sapn-2526-dnsp-gen-peak-noncbd|peak|,sapn:LBG,sapn-2526-dnsp-gen-peak-noncbd,peak,,2025-07-01,2026-06-30,sapn-initial-pricing-proposal-overview-2025-26-id333252
sapn:LBG|sapn-2627-dnsp-annual-demand|anytime|,sapn:LBG,sapn-2627-dnsp-annual-demand,anytime,,2026-07-01,2027-06-30,sapn-tariff-price-list-2026-27-id338674
sapn:LBG|sapn-2627-dnsp-annual-demand|peak|,sapn:LBG,sapn-2627-dnsp-annual-demand,peak,,2026-07-01,2027-06-30,sapn-tariff-price-list-2026-27-id338674
sapn:LBMD979|sapn-2627-dnsp-site-annual-demand|anytime|,sapn:LBMD979,sapn-2627-dnsp-site-annual-demand,anytime,,2026-07-01,2027-06-30,sapn-tariff-price-list-2026-27-id338674
sapn:LBMD979|sapn-2627-dnsp-site-monthly-demand|peak|summer,sapn:LBMD979,sapn-2627-dnsp-site-monthly-demand,peak,summer,2026-07-01,2027-06-30,sapn-tariff-price-list-2026-27-id338674
sapn:LBMDCBD|sapn-2324-app-monthly-anytime|anytime|,sapn:LBMDCBD,sapn-2324-app-monthly-anytime,anytime,,2023-07-01,2024-06-30,sapn-2023-24-annual-pricing-proposal-revised-8may2023
sapn:LBMDCBD|sapn-2324-app-monthly-peak-cbd|peak|,sapn:LBMDCBD,sapn-2324-app-monthly-peak-cbd,peak,,2023-07-01,2024-06-30,sapn-2023-24-annual-pricing-proposal-revised-8may2023
sapn:LBMDCBD|sapn-2425-app-monthly-anytime|anytime|,sapn:LBMDCBD,sapn-2425-app-monthly-anytime,anytime,,2024-07-01,2025-06-30,sapn-2024-25-annual-pricing-proposal-19apr2024
sapn:LBMDCBD|sapn-2425-app-monthly-peak-cbd|peak|,sapn:LBMDCBD,sapn-2425-app-monthly-peak-cbd,peak,,2024-07-01,2025-06-30,sapn-2024-25-annual-pricing-proposal-19apr2024
sapn:LBMDCBD|sapn-2526-aer-lv-anytime|anytime|,sapn:LBMDCBD,sapn-2526-aer-lv-anytime,anytime,,2025-07-01,2026-06-30,sapn-2025-26-pricing-proposal-overview-14may2025
sapn:LBMDCBD|sapn-2526-aer-lv-monthly-peak-cbd|peak|,sapn:LBMDCBD,sapn-2526-aer-lv-monthly-peak-cbd,peak,,2025-07-01,2026-06-30,sapn-2025-26-pricing-proposal-overview-14may2025
sapn:LBMDCBD|sapn-2526-dnsp-lv-anytime|anytime|,sapn:LBMDCBD,sapn-2526-dnsp-lv-anytime,anytime,,2025-07-01,2026-06-30,sapn-initial-pricing-proposal-overview-2025-26-id333252
sapn:LBMDCBD|sapn-2526-dnsp-lv-monthly-peak-cbd|peak|,sapn:LBMDCBD,sapn-2526-dnsp-lv-monthly-peak-cbd,peak,,2025-07-01,2026-06-30,sapn-initial-pricing-proposal-overview-2025-26-id333252
sapn:LBMDCBD|sapn-2627-dnsp-annual-demand|anytime|,sapn:LBMDCBD,sapn-2627-dnsp-annual-demand,anytime,,2026-07-01,2027-06-30,sapn-tariff-price-list-2026-27-id338674
sapn:LBMDCBD|sapn-2627-dnsp-monthly-demand|peak|summer,sapn:LBMDCBD,sapn-2627-dnsp-monthly-demand,peak,summer,2026-07-01,2027-06-30,sapn-tariff-price-list-2026-27-id338674
sapn:LBMD|sapn-2324-app-monthly-anytime|anytime|,sapn:LBMD,sapn-2324-app-monthly-anytime,anytime,,2023-07-01,2024-06-30,sapn-2023-24-annual-pricing-proposal-revised-8may2023
sapn:LBMD|sapn-2324-app-monthly-peak-noncbd|peak|,sapn:LBMD,sapn-2324-app-monthly-peak-noncbd,peak,,2023-07-01,2024-06-30,sapn-2023-24-annual-pricing-proposal-revised-8may2023
sapn:LBMD|sapn-2425-app-monthly-anytime|anytime|,sapn:LBMD,sapn-2425-app-monthly-anytime,anytime,,2024-07-01,2025-06-30,sapn-2024-25-annual-pricing-proposal-19apr2024
sapn:LBMD|sapn-2425-app-monthly-peak-noncbd|peak|,sapn:LBMD,sapn-2425-app-monthly-peak-noncbd,peak,,2024-07-01,2025-06-30,sapn-2024-25-annual-pricing-proposal-19apr2024
sapn:LBMD|sapn-2526-aer-lv-anytime|anytime|,sapn:LBMD,sapn-2526-aer-lv-anytime,anytime,,2025-07-01,2026-06-30,sapn-2025-26-pricing-proposal-overview-14may2025
sapn:LBMD|sapn-2526-aer-lv-monthly-peak-noncbd|peak|,sapn:LBMD,sapn-2526-aer-lv-monthly-peak-noncbd,peak,,2025-07-01,2026-06-30,sapn-2025-26-pricing-proposal-overview-14may2025
sapn:LBMD|sapn-2526-dnsp-lv-anytime|anytime|,sapn:LBMD,sapn-2526-dnsp-lv-anytime,anytime,,2025-07-01,2026-06-30,sapn-initial-pricing-proposal-overview-2025-26-id333252
sapn:LBMD|sapn-2526-dnsp-lv-monthly-peak-noncbd|peak|,sapn:LBMD,sapn-2526-dnsp-lv-monthly-peak-noncbd,peak,,2025-07-01,2026-06-30,sapn-initial-pricing-proposal-overview-2025-26-id333252
sapn:LBMD|sapn-2627-dnsp-annual-demand|anytime|,sapn:LBMD,sapn-2627-dnsp-annual-demand,anytime,,2026-07-01,2027-06-30,sapn-tariff-price-list-2026-27-id338674
sapn:LBMD|sapn-2627-dnsp-monthly-demand|peak|summer,sapn:LBMD,sapn-2627-dnsp-monthly-demand,peak,summer,2026-07-01,2027-06-30,sapn-tariff-price-list-2026-27-id338674
sapn:MBTOUDNE|sapn-2526-aer-mbtoud-annual||,sapn:MBTOUDNE,sapn-2526-aer-mbtoud-annual,,,2025-07-01,2026-06-30,sapn-2025-26-pricing-proposal-overview-14may2025
sapn:MBTOUDNE|sapn-2526-dnsp-mbtoud-annual||,sapn:MBTOUDNE,sapn-2526-dnsp-mbtoud-annual,,,2025-07-01,2026-06-30,sapn-initial-pricing-proposal-overview-2025-26-id333252
sapn:MBTOUDNE|sapn-2627-dnsp-annual-demand|anytime|,sapn:MBTOUDNE,sapn-2627-dnsp-annual-demand,anytime,,2026-07-01,2027-06-30,sapn-tariff-price-list-2026-27-id338674
sapn:MBTOUD|sapn-2526-aer-mbtoud-annual||,sapn:MBTOUD,sapn-2526-aer-mbtoud-annual,,,2025-07-01,2026-06-30,sapn-2025-26-pricing-proposal-overview-14may2025
sapn:MBTOUD|sapn-2526-dnsp-mbtoud-annual||,sapn:MBTOUD,sapn-2526-dnsp-mbtoud-annual,,,2025-07-01,2026-06-30,sapn-initial-pricing-proposal-overview-2025-26-id333252
sapn:MBTOUD|sapn-2627-dnsp-annual-demand|anytime|,sapn:MBTOUD,sapn-2627-dnsp-annual-demand,anytime,,2026-07-01,2027-06-30,sapn-tariff-price-list-2026-27-id338674
sapn:RPRO|sapn-2324-app-rpro-summer-demand||summer,sapn:RPRO,sapn-2324-app-rpro-summer-demand,,summer,2023-07-01,2024-06-30,sapn-2023-24-annual-pricing-proposal-revised-8may2023
sapn:RPRO|sapn-2425-app-rpro-summer-demand||summer,sapn:RPRO,sapn-2425-app-rpro-summer-demand,,summer,2024-07-01,2025-06-30,sapn-2024-25-annual-pricing-proposal-19apr2024
sapn:SBD|sapn-2324-app-sbd-peak-actual|peak|,sapn:SBD,sapn-2324-app-sbd-peak-actual,peak,,2023-07-01,2024-06-30,sapn-2023-24-annual-pricing-proposal-revised-8may2023
sapn:SBD|sapn-2324-app-sbd-shoulder-actual|shoulder|,sapn:SBD,sapn-2324-app-sbd-shoulder-actual,shoulder,,2023-07-01,2024-06-30,sapn-2023-24-annual-pricing-proposal-revised-8may2023
sapn:SBD|sapn-2425-app-sbd-peak-actual|peak|,sapn:SBD,sapn-2425-app-sbd-peak-actual,peak,,2024-07-01,2025-06-30,sapn-2024-25-annual-pricing-proposal-19apr2024
sapn:SBD|sapn-2425-app-sbd-shoulder-actual|shoulder|,sapn:SBD,sapn-2425-app-sbd-shoulder-actual,shoulder,,2024-07-01,2025-06-30,sapn-2024-25-annual-pricing-proposal-19apr2024
sapn:SBTOUD|sapn-2324-app-sbtoud-annual||,sapn:SBTOUD,sapn-2324-app-sbtoud-annual,,,2023-07-01,2024-06-30,sapn-2023-24-annual-pricing-proposal-revised-8may2023
sapn:SBTOUD|sapn-2425-app-sbtoud-annual||,sapn:SBTOUD,sapn-2425-app-sbtoud-annual,,,2024-07-01,2025-06-30,sapn-2024-25-annual-pricing-proposal-19apr2024
sapn:STN018|sapn-2627-dnsp-site-annual-demand|anytime|,sapn:STN018,sapn-2627-dnsp-site-annual-demand,anytime,,2026-07-01,2027-06-30,sapn-tariff-price-list-2026-27-id338674
sapn:STN018|sapn-2627-dnsp-site-annual-demand|peak|,sapn:STN018,sapn-2627-dnsp-site-annual-demand,peak,,2026-07-01,2027-06-30,sapn-tariff-price-list-2026-27-id338674
sapn:STN084|sapn-2627-dnsp-site-annual-demand|anytime|,sapn:STN084,sapn-2627-dnsp-site-annual-demand,anytime,,2026-07-01,2027-06-30,sapn-tariff-price-list-2026-27-id338674
sapn:STN084|sapn-2627-dnsp-site-annual-demand|peak|,sapn:STN084,sapn-2627-dnsp-site-annual-demand,peak,,2026-07-01,2027-06-30,sapn-tariff-price-list-2026-27-id338674
sapn:STN161|sapn-2627-dnsp-site-annual-demand|anytime|,sapn:STN161,sapn-2627-dnsp-site-annual-demand,anytime,,2026-07-01,2027-06-30,sapn-tariff-price-list-2026-27-id338674
sapn:STN161|sapn-2627-dnsp-site-annual-demand|peak|,sapn:STN161,sapn-2627-dnsp-site-annual-demand,peak,,2026-07-01,2027-06-30,sapn-tariff-price-list-2026-27-id338674
sapn:STN378|sapn-2627-dnsp-site-annual-demand|anytime|,sapn:STN378,sapn-2627-dnsp-site-annual-demand,anytime,,2026-07-01,2027-06-30,sapn-tariff-price-list-2026-27-id338674
sapn:STN378|sapn-2627-dnsp-site-annual-demand|peak|,sapn:STN378,sapn-2627-dnsp-site-annual-demand,peak,,2026-07-01,2027-06-30,sapn-tariff-price-list-2026-27-id338674
sapn:STN528|sapn-2627-dnsp-site-annual-demand|anytime|,sapn:STN528,sapn-2627-dnsp-site-annual-demand,anytime,,2026-07-01,2027-06-30,sapn-tariff-price-list-2026-27-id338674
sapn:STN528|sapn-2627-dnsp-site-annual-demand|peak|,sapn:STN528,sapn-2627-dnsp-site-annual-demand,peak,,2026-07-01,2027-06-30,sapn-tariff-price-list-2026-27-id338674
sapn:STN557|sapn-2627-dnsp-site-annual-demand|anytime|,sapn:STN557,sapn-2627-dnsp-site-annual-demand,anytime,,2026-07-01,2027-06-30,sapn-tariff-price-list-2026-27-id338674
sapn:STN557|sapn-2627-dnsp-site-annual-demand|peak|,sapn:STN557,sapn-2627-dnsp-site-annual-demand,peak,,2026-07-01,2027-06-30,sapn-tariff-price-list-2026-27-id338674
sapn:STN609|sapn-2627-dnsp-site-annual-demand|anytime|,sapn:STN609,sapn-2627-dnsp-site-annual-demand,anytime,,2026-07-01,2027-06-30,sapn-tariff-price-list-2026-27-id338674
sapn:STN609|sapn-2627-dnsp-site-annual-demand|peak|,sapn:STN609,sapn-2627-dnsp-site-annual-demand,peak,,2026-07-01,2027-06-30,sapn-tariff-price-list-2026-27-id338674
sapn:STN788|sapn-2627-dnsp-site-annual-demand|anytime|,sapn:STN788,sapn-2627-dnsp-site-annual-demand,anytime,,2026-07-01,2027-06-30,sapn-tariff-price-list-2026-27-id338674
sapn:STN788|sapn-2627-dnsp-site-annual-demand|peak|,sapn:STN788,sapn-2627-dnsp-site-annual-demand,peak,,2026-07-01,2027-06-30,sapn-tariff-price-list-2026-27-id338674
sapn:STN984|sapn-2627-dnsp-site-annual-demand|anytime|,sapn:STN984,sapn-2627-dnsp-site-annual-demand,anytime,,2026-07-01,2027-06-30,sapn-tariff-price-list-2026-27-id338674
sapn:STN984|sapn-2627-dnsp-site-annual-demand|peak|,sapn:STN984,sapn-2627-dnsp-site-annual-demand,peak,,2026-07-01,2027-06-30,sapn-tariff-price-list-2026-27-id338674
sapn:STNF|sapn-2324-app-major-flex-anytime|anytime|,sapn:STNF,sapn-2324-app-major-flex-anytime,anytime,,2023-07-01,2024-06-30,sapn-2023-24-annual-pricing-proposal-revised-8may2023
sapn:STNF|sapn-2324-app-major-flex-peak|peak|,sapn:STNF,sapn-2324-app-major-flex-peak,peak,,2023-07-01,2024-06-30,sapn-2023-24-annual-pricing-proposal-revised-8may2023
sapn:STNF|sapn-2425-app-major-flex-anytime|anytime|,sapn:STNF,sapn-2425-app-major-flex-anytime,anytime,,2024-07-01,2025-06-30,sapn-2024-25-annual-pricing-proposal-19apr2024
sapn:STNF|sapn-2425-app-major-flex-peak|peak|,sapn:STNF,sapn-2425-app-major-flex-peak,peak,,2024-07-01,2025-06-30,sapn-2024-25-annual-pricing-proposal-19apr2024
sapn:STNGF|sapn-2324-app-major-flex-anytime|anytime|,sapn:STNGF,sapn-2324-app-major-flex-anytime,anytime,,2023-07-01,2024-06-30,sapn-2023-24-annual-pricing-proposal-revised-8may2023
sapn:STNGF|sapn-2324-app-major-flex-peak|peak|,sapn:STNGF,sapn-2324-app-major-flex-peak,peak,,2023-07-01,2024-06-30,sapn-2023-24-annual-pricing-proposal-revised-8may2023
sapn:STNGF|sapn-2425-app-major-flex-anytime|anytime|,sapn:STNGF,sapn-2425-app-major-flex-anytime,anytime,,2024-07-01,2025-06-30,sapn-2024-25-annual-pricing-proposal-19apr2024
sapn:STNGF|sapn-2425-app-major-flex-peak|peak|,sapn:STNGF,sapn-2425-app-major-flex-peak,peak,,2024-07-01,2025-06-30,sapn-2024-25-annual-pricing-proposal-19apr2024
sapn:STN|sapn-2324-app-major-anytime|anytime|,sapn:STN,sapn-2324-app-major-anytime,anytime,,2023-07-01,2024-06-30,sapn-2023-24-annual-pricing-proposal-revised-8may2023
sapn:STN|sapn-2324-app-major-peak-agreed|peak|,sapn:STN,sapn-2324-app-major-peak-agreed,peak,,2023-07-01,2024-06-30,sapn-2023-24-annual-pricing-proposal-revised-8may2023
sapn:STN|sapn-2425-app-major-anytime|anytime|,sapn:STN,sapn-2425-app-major-anytime,anytime,,2024-07-01,2025-06-30,sapn-2024-25-annual-pricing-proposal-19apr2024
sapn:STN|sapn-2425-app-major-peak-agreed|peak|,sapn:STN,sapn-2425-app-major-peak-agreed,peak,,2024-07-01,2025-06-30,sapn-2024-25-annual-pricing-proposal-19apr2024
sapn:STR483|sapn-2627-dnsp-site-annual-demand|anytime|,sapn:STR483,sapn-2627-dnsp-site-annual-demand,anytime,,2026-07-01,2027-06-30,sapn-tariff-price-list-2026-27-id338674
sapn:STR483|sapn-2627-dnsp-site-annual-demand|peak|,sapn:STR483,sapn-2627-dnsp-site-annual-demand,peak,,2026-07-01,2027-06-30,sapn-tariff-price-list-2026-27-id338674
sapn:STR610|sapn-2627-dnsp-site-annual-demand|anytime|,sapn:STR610,sapn-2627-dnsp-site-annual-demand,anytime,,2026-07-01,2027-06-30,sapn-tariff-price-list-2026-27-id338674
sapn:STR610|sapn-2627-dnsp-site-annual-demand|peak|,sapn:STR610,sapn-2627-dnsp-site-annual-demand,peak,,2026-07-01,2027-06-30,sapn-tariff-price-list-2026-27-id338674
sapn:STR749|sapn-2627-dnsp-site-annual-demand|anytime|,sapn:STR749,sapn-2627-dnsp-site-annual-demand,anytime,,2026-07-01,2027-06-30,sapn-tariff-price-list-2026-27-id338674
sapn:STR749|sapn-2627-dnsp-site-annual-demand|peak|,sapn:STR749,sapn-2627-dnsp-site-annual-demand,peak,,2026-07-01,2027-06-30,sapn-tariff-price-list-2026-27-id338674
sapn:STRF|sapn-2526-aer-major-flex-anytime|anytime|,sapn:STRF,sapn-2526-aer-major-flex-anytime,anytime,,2025-07-01,2026-06-30,sapn-2025-26-pricing-proposal-overview-14may2025
sapn:STRF|sapn-2526-aer-major-flex-peak-firm|peak|,sapn:STRF,sapn-2526-aer-major-flex-peak-firm,peak,,2025-07-01,2026-06-30,sapn-2025-26-pricing-proposal-overview-14may2025
sapn:STRF|sapn-2526-dnsp-major-flex-anytime|anytime|,sapn:STRF,sapn-2526-dnsp-major-flex-anytime,anytime,,2025-07-01,2026-06-30,sapn-initial-pricing-proposal-overview-2025-26-id333252
sapn:STRF|sapn-2526-dnsp-major-flex-peak-firm|peak|,sapn:STRF,sapn-2526-dnsp-major-flex-peak-firm,peak,,2025-07-01,2026-06-30,sapn-initial-pricing-proposal-overview-2025-26-id333252
sapn:STRF|sapn-2627-dnsp-annual-demand-flex|anytime|,sapn:STRF,sapn-2627-dnsp-annual-demand-flex,anytime,,2026-07-01,2027-06-30,sapn-tariff-price-list-2026-27-id338674
sapn:STRF|sapn-2627-dnsp-annual-demand|anytime|,sapn:STRF,sapn-2627-dnsp-annual-demand,anytime,,2026-07-01,2027-06-30,sapn-tariff-price-list-2026-27-id338674
sapn:STRF|sapn-2627-dnsp-annual-demand|peak|,sapn:STRF,sapn-2627-dnsp-annual-demand,peak,,2026-07-01,2027-06-30,sapn-tariff-price-list-2026-27-id338674
sapn:STRGF|sapn-2526-aer-major-gen-flex-anytime|anytime|,sapn:STRGF,sapn-2526-aer-major-gen-flex-anytime,anytime,,2025-07-01,2026-06-30,sapn-2025-26-pricing-proposal-overview-14may2025
sapn:STRGF|sapn-2526-aer-major-gen-flex-peak-firm|peak|,sapn:STRGF,sapn-2526-aer-major-gen-flex-peak-firm,peak,,2025-07-01,2026-06-30,sapn-2025-26-pricing-proposal-overview-14may2025
sapn:STRGF|sapn-2526-dnsp-major-gen-flex-anytime|anytime|,sapn:STRGF,sapn-2526-dnsp-major-gen-flex-anytime,anytime,,2025-07-01,2026-06-30,sapn-initial-pricing-proposal-overview-2025-26-id333252
sapn:STRGF|sapn-2526-dnsp-major-gen-flex-peak-firm|peak|,sapn:STRGF,sapn-2526-dnsp-major-gen-flex-peak-firm,peak,,2025-07-01,2026-06-30,sapn-initial-pricing-proposal-overview-2025-26-id333252
sapn:STRGF|sapn-2627-dnsp-annual-demand-flex|anytime|,sapn:STRGF,sapn-2627-dnsp-annual-demand-flex,anytime,,2026-07-01,2027-06-30,sapn-tariff-price-list-2026-27-id338674
sapn:STRGF|sapn-2627-dnsp-annual-demand|anytime|,sapn:STRGF,sapn-2627-dnsp-annual-demand,anytime,,2026-07-01,2027-06-30,sapn-tariff-price-list-2026-27-id338674
sapn:STRGF|sapn-2627-dnsp-annual-demand|peak|,sapn:STRGF,sapn-2627-dnsp-annual-demand,peak,,2026-07-01,2027-06-30,sapn-tariff-price-list-2026-27-id338674
sapn:STRG|sapn-2526-aer-major-gen-anytime-agreed|anytime|,sapn:STRG,sapn-2526-aer-major-gen-anytime-agreed,anytime,,2025-07-01,2026-06-30,sapn-2025-26-pricing-proposal-overview-14may2025
sapn:STRG|sapn-2526-aer-major-gen-peak-agreed|peak|,sapn:STRG,sapn-2526-aer-major-gen-peak-agreed,peak,,2025-07-01,2026-06-30,sapn-2025-26-pricing-proposal-overview-14may2025
sapn:STRG|sapn-2526-dnsp-major-gen-anytime-agreed|anytime|,sapn:STRG,sapn-2526-dnsp-major-gen-anytime-agreed,anytime,,2025-07-01,2026-06-30,sapn-initial-pricing-proposal-overview-2025-26-id333252
sapn:STRG|sapn-2526-dnsp-major-gen-peak-agreed|peak|,sapn:STRG,sapn-2526-dnsp-major-gen-peak-agreed,peak,,2025-07-01,2026-06-30,sapn-initial-pricing-proposal-overview-2025-26-id333252
sapn:STRG|sapn-2627-dnsp-annual-demand|anytime|,sapn:STRG,sapn-2627-dnsp-annual-demand,anytime,,2026-07-01,2027-06-30,sapn-tariff-price-list-2026-27-id338674
sapn:STRG|sapn-2627-dnsp-annual-demand|peak|,sapn:STRG,sapn-2627-dnsp-annual-demand,peak,,2026-07-01,2027-06-30,sapn-tariff-price-list-2026-27-id338674
sapn:STR|sapn-2526-aer-major-anytime-agreed|anytime|,sapn:STR,sapn-2526-aer-major-anytime-agreed,anytime,,2025-07-01,2026-06-30,sapn-2025-26-pricing-proposal-overview-14may2025
sapn:STR|sapn-2526-aer-major-peak-agreed|peak|,sapn:STR,sapn-2526-aer-major-peak-agreed,peak,,2025-07-01,2026-06-30,sapn-2025-26-pricing-proposal-overview-14may2025
sapn:STR|sapn-2526-dnsp-major-anytime-agreed|anytime|,sapn:STR,sapn-2526-dnsp-major-anytime-agreed,anytime,,2025-07-01,2026-06-30,sapn-initial-pricing-proposal-overview-2025-26-id333252
sapn:STR|sapn-2526-dnsp-major-peak-agreed|peak|,sapn:STR,sapn-2526-dnsp-major-peak-agreed,peak,,2025-07-01,2026-06-30,sapn-initial-pricing-proposal-overview-2025-26-id333252
sapn:STR|sapn-2627-dnsp-annual-demand|anytime|,sapn:STR,sapn-2627-dnsp-annual-demand,anytime,,2026-07-01,2027-06-30,sapn-tariff-price-list-2026-27-id338674
sapn:STR|sapn-2627-dnsp-annual-demand|peak|,sapn:STR,sapn-2627-dnsp-annual-demand,peak,,2026-07-01,2027-06-30,sapn-tariff-price-list-2026-27-id338674
sapn:ZSN021|sapn-2627-dnsp-site-annual-demand|anytime|,sapn:ZSN021,sapn-2627-dnsp-site-annual-demand,anytime,,2026-07-01,2027-06-30,sapn-tariff-price-list-2026-27-id338674
sapn:ZSN021|sapn-2627-dnsp-site-annual-demand|peak|,sapn:ZSN021,sapn-2627-dnsp-site-annual-demand,peak,,2026-07-01,2027-06-30,sapn-tariff-price-list-2026-27-id338674
sapn:ZSN024|sapn-2627-dnsp-site-annual-demand|anytime|,sapn:ZSN024,sapn-2627-dnsp-site-annual-demand,anytime,,2026-07-01,2027-06-30,sapn-tariff-price-list-2026-27-id338674
sapn:ZSN024|sapn-2627-dnsp-site-annual-demand|peak|,sapn:ZSN024,sapn-2627-dnsp-site-annual-demand,peak,,2026-07-01,2027-06-30,sapn-tariff-price-list-2026-27-id338674
sapn:ZSN228|sapn-2627-dnsp-site-annual-demand|anytime|,sapn:ZSN228,sapn-2627-dnsp-site-annual-demand,anytime,,2026-07-01,2027-06-30,sapn-tariff-price-list-2026-27-id338674
sapn:ZSN228|sapn-2627-dnsp-site-annual-demand|peak|,sapn:ZSN228,sapn-2627-dnsp-site-annual-demand,peak,,2026-07-01,2027-06-30,sapn-tariff-price-list-2026-27-id338674
sapn:ZSN408|sapn-2627-dnsp-site-annual-demand|anytime|,sapn:ZSN408,sapn-2627-dnsp-site-annual-demand,anytime,,2026-07-01,2027-06-30,sapn-tariff-price-list-2026-27-id338674
sapn:ZSN408|sapn-2627-dnsp-site-annual-demand|peak|,sapn:ZSN408,sapn-2627-dnsp-site-annual-demand,peak,,2026-07-01,2027-06-30,sapn-tariff-price-list-2026-27-id338674
sapn:ZSN438|sapn-2627-dnsp-site-annual-demand|anytime|,sapn:ZSN438,sapn-2627-dnsp-site-annual-demand,anytime,,2026-07-01,2027-06-30,sapn-tariff-price-list-2026-27-id338674
sapn:ZSN438|sapn-2627-dnsp-site-annual-demand|peak|,sapn:ZSN438,sapn-2627-dnsp-site-annual-demand,peak,,2026-07-01,2027-06-30,sapn-tariff-price-list-2026-27-id338674
sapn:ZSN608|sapn-2627-dnsp-site-annual-demand|anytime|,sapn:ZSN608,sapn-2627-dnsp-site-annual-demand,anytime,,2026-07-01,2027-06-30,sapn-tariff-price-list-2026-27-id338674
sapn:ZSN608|sapn-2627-dnsp-site-annual-demand|peak|,sapn:ZSN608,sapn-2627-dnsp-site-annual-demand,peak,,2026-07-01,2027-06-30,sapn-tariff-price-list-2026-27-id338674
sapn:ZSNF|sapn-2324-app-major-flex-anytime|anytime|,sapn:ZSNF,sapn-2324-app-major-flex-anytime,anytime,,2023-07-01,2024-06-30,sapn-2023-24-annual-pricing-proposal-revised-8may2023
sapn:ZSNF|sapn-2324-app-major-flex-peak|peak|,sapn:ZSNF,sapn-2324-app-major-flex-peak,peak,,2023-07-01,2024-06-30,sapn-2023-24-annual-pricing-proposal-revised-8may2023
sapn:ZSNF|sapn-2425-app-major-flex-anytime|anytime|,sapn:ZSNF,sapn-2425-app-major-flex-anytime,anytime,,2024-07-01,2025-06-30,sapn-2024-25-annual-pricing-proposal-19apr2024
sapn:ZSNF|sapn-2425-app-major-flex-peak|peak|,sapn:ZSNF,sapn-2425-app-major-flex-peak,peak,,2024-07-01,2025-06-30,sapn-2024-25-annual-pricing-proposal-19apr2024
sapn:ZSNGF|sapn-2324-app-major-flex-anytime|anytime|,sapn:ZSNGF,sapn-2324-app-major-flex-anytime,anytime,,2023-07-01,2024-06-30,sapn-2023-24-annual-pricing-proposal-revised-8may2023
sapn:ZSNGF|sapn-2324-app-major-flex-peak|peak|,sapn:ZSNGF,sapn-2324-app-major-flex-peak,peak,,2023-07-01,2024-06-30,sapn-2023-24-annual-pricing-proposal-revised-8may2023
sapn:ZSNGF|sapn-2425-app-major-flex-anytime|anytime|,sapn:ZSNGF,sapn-2425-app-major-flex-anytime,anytime,,2024-07-01,2025-06-30,sapn-2024-25-annual-pricing-proposal-19apr2024
sapn:ZSNGF|sapn-2425-app-major-flex-peak|peak|,sapn:ZSNGF,sapn-2425-app-major-flex-peak,peak,,2024-07-01,2025-06-30,sapn-2024-25-annual-pricing-proposal-19apr2024
sapn:ZSN|sapn-2324-app-major-anytime|anytime|,sapn:ZSN,sapn-2324-app-major-anytime,anytime,,2023-07-01,2024-06-30,sapn-2023-24-annual-pricing-proposal-revised-8may2023
sapn:ZSN|sapn-2324-app-major-peak-agreed|peak|,sapn:ZSN,sapn-2324-app-major-peak-agreed,peak,,2023-07-01,2024-06-30,sapn-2023-24-annual-pricing-proposal-revised-8may2023
sapn:ZSN|sapn-2425-app-major-anytime|anytime|,sapn:ZSN,sapn-2425-app-major-anytime,anytime,,2024-07-01,2025-06-30,sapn-2024-25-annual-pricing-proposal-19apr2024
sapn:ZSN|sapn-2425-app-major-peak-agreed|peak|,sapn:ZSN,sapn-2425-app-major-peak-agreed,peak,,2024-07-01,2025-06-30,sapn-2024-25-annual-pricing-proposal-19apr2024
sapn:ZSS104|sapn-2627-dnsp-site-annual-demand|anytime|,sapn:ZSS104,sapn-2627-dnsp-site-annual-demand,anytime,,2026-07-01,2027-06-30,sapn-tariff-price-list-2026-27-id338674
sapn:ZSS104|sapn-2627-dnsp-site-annual-demand|peak|,sapn:ZSS104,sapn-2627-dnsp-site-annual-demand,peak,,2026-07-01,2027-06-30,sapn-tariff-price-list-2026-27-id338674
sapn:ZSS296|sapn-2627-dnsp-site-annual-demand|anytime|,sapn:ZSS296,sapn-2627-dnsp-site-annual-demand,anytime,,2026-07-01,2027-06-30,sapn-tariff-price-list-2026-27-id338674
sapn:ZSS296|sapn-2627-dnsp-site-annual-demand|peak|,sapn:ZSS296,sapn-2627-dnsp-site-annual-demand,peak,,2026-07-01,2027-06-30,sapn-tariff-price-list-2026-27-id338674
sapn:ZSS550|sapn-2627-dnsp-site-annual-demand|anytime|,sapn:ZSS550,sapn-2627-dnsp-site-annual-demand,anytime,,2026-07-01,2027-06-30,sapn-tariff-price-list-2026-27-id338674
sapn:ZSS550|sapn-2627-dnsp-site-annual-demand|peak|,sapn:ZSS550,sapn-2627-dnsp-site-annual-demand,peak,,2026-07-01,2027-06-30,sapn-tariff-price-list-2026-27-id338674
sapn:ZSS951|sapn-2627-dnsp-site-annual-demand|anytime|,sapn:ZSS951,sapn-2627-dnsp-site-annual-demand,anytime,,2026-07-01,2027-06-30,sapn-tariff-price-list-2026-27-id338674
sapn:ZSS951|sapn-2627-dnsp-site-annual-demand|peak|,sapn:ZSS951,sapn-2627-dnsp-site-annual-demand,peak,,2026-07-01,2027-06-30,sapn-tariff-price-list-2026-27-id338674
sapn:ZSSF|sapn-2526-aer-major-flex-anytime|anytime|,sapn:ZSSF,sapn-2526-aer-major-flex-anytime,anytime,,2025-07-01,2026-06-30,sapn-2025-26-pricing-proposal-overview-14may2025
sapn:ZSSF|sapn-2526-aer-major-flex-peak-firm|peak|,sapn:ZSSF,sapn-2526-aer-major-flex-peak-firm,peak,,2025-07-01,2026-06-30,sapn-2025-26-pricing-proposal-overview-14may2025
sapn:ZSSF|sapn-2526-dnsp-major-flex-anytime|anytime|,sapn:ZSSF,sapn-2526-dnsp-major-flex-anytime,anytime,,2025-07-01,2026-06-30,sapn-initial-pricing-proposal-overview-2025-26-id333252
sapn:ZSSF|sapn-2526-dnsp-major-flex-peak-firm|peak|,sapn:ZSSF,sapn-2526-dnsp-major-flex-peak-firm,peak,,2025-07-01,2026-06-30,sapn-initial-pricing-proposal-overview-2025-26-id333252
sapn:ZSSF|sapn-2627-dnsp-annual-demand-flex|anytime|,sapn:ZSSF,sapn-2627-dnsp-annual-demand-flex,anytime,,2026-07-01,2027-06-30,sapn-tariff-price-list-2026-27-id338674
sapn:ZSSF|sapn-2627-dnsp-annual-demand|anytime|,sapn:ZSSF,sapn-2627-dnsp-annual-demand,anytime,,2026-07-01,2027-06-30,sapn-tariff-price-list-2026-27-id338674
sapn:ZSSF|sapn-2627-dnsp-annual-demand|peak|,sapn:ZSSF,sapn-2627-dnsp-annual-demand,peak,,2026-07-01,2027-06-30,sapn-tariff-price-list-2026-27-id338674
sapn:ZSSGF|sapn-2526-aer-major-gen-flex-anytime|anytime|,sapn:ZSSGF,sapn-2526-aer-major-gen-flex-anytime,anytime,,2025-07-01,2026-06-30,sapn-2025-26-pricing-proposal-overview-14may2025
sapn:ZSSGF|sapn-2526-aer-major-gen-flex-peak-firm|peak|,sapn:ZSSGF,sapn-2526-aer-major-gen-flex-peak-firm,peak,,2025-07-01,2026-06-30,sapn-2025-26-pricing-proposal-overview-14may2025
sapn:ZSSGF|sapn-2526-dnsp-major-gen-flex-anytime|anytime|,sapn:ZSSGF,sapn-2526-dnsp-major-gen-flex-anytime,anytime,,2025-07-01,2026-06-30,sapn-initial-pricing-proposal-overview-2025-26-id333252
sapn:ZSSGF|sapn-2526-dnsp-major-gen-flex-peak-firm|peak|,sapn:ZSSGF,sapn-2526-dnsp-major-gen-flex-peak-firm,peak,,2025-07-01,2026-06-30,sapn-initial-pricing-proposal-overview-2025-26-id333252
sapn:ZSSGF|sapn-2627-dnsp-annual-demand-flex|anytime|,sapn:ZSSGF,sapn-2627-dnsp-annual-demand-flex,anytime,,2026-07-01,2027-06-30,sapn-tariff-price-list-2026-27-id338674
sapn:ZSSGF|sapn-2627-dnsp-annual-demand|anytime|,sapn:ZSSGF,sapn-2627-dnsp-annual-demand,anytime,,2026-07-01,2027-06-30,sapn-tariff-price-list-2026-27-id338674
sapn:ZSSGF|sapn-2627-dnsp-annual-demand|peak|,sapn:ZSSGF,sapn-2627-dnsp-annual-demand,peak,,2026-07-01,2027-06-30,sapn-tariff-price-list-2026-27-id338674
sapn:ZSSG|sapn-2526-aer-major-gen-anytime-agreed|anytime|,sapn:ZSSG,sapn-2526-aer-major-gen-anytime-agreed,anytime,,2025-07-01,2026-06-30,sapn-2025-26-pricing-proposal-overview-14may2025
sapn:ZSSG|sapn-2526-aer-major-gen-peak-agreed|peak|,sapn:ZSSG,sapn-2526-aer-major-gen-peak-agreed,peak,,2025-07-01,2026-06-30,sapn-2025-26-pricing-proposal-overview-14may2025
sapn:ZSSG|sapn-2526-dnsp-major-gen-anytime-agreed|anytime|,sapn:ZSSG,sapn-2526-dnsp-major-gen-anytime-agreed,anytime,,2025-07-01,2026-06-30,sapn-initial-pricing-proposal-overview-2025-26-id333252
sapn:ZSSG|sapn-2526-dnsp-major-gen-peak-agreed|peak|,sapn:ZSSG,sapn-2526-dnsp-major-gen-peak-agreed,peak,,2025-07-01,2026-06-30,sapn-initial-pricing-proposal-overview-2025-26-id333252
sapn:ZSSG|sapn-2627-dnsp-annual-demand|anytime|,sapn:ZSSG,sapn-2627-dnsp-annual-demand,anytime,,2026-07-01,2027-06-30,sapn-tariff-price-list-2026-27-id338674
sapn:ZSSG|sapn-2627-dnsp-annual-demand|peak|,sapn:ZSSG,sapn-2627-dnsp-annual-demand,peak,,2026-07-01,2027-06-30,sapn-tariff-price-list-2026-27-id338674
sapn:ZSS|sapn-2526-aer-major-anytime-agreed|anytime|,sapn:ZSS,sapn-2526-aer-major-anytime-agreed,anytime,,2025-07-01,2026-06-30,sapn-2025-26-pricing-proposal-overview-14may2025
sapn:ZSS|sapn-2526-aer-major-peak-agreed|peak|,sapn:ZSS,sapn-2526-aer-major-peak-agreed,peak,,2025-07-01,2026-06-30,sapn-2025-26-pricing-proposal-overview-14may2025
sapn:ZSS|sapn-2526-dnsp-major-anytime-agreed|anytime|,sapn:ZSS,sapn-2526-dnsp-major-anytime-agreed,anytime,,2025-07-01,2026-06-30,sapn-initial-pricing-proposal-overview-2025-26-id333252
sapn:ZSS|sapn-2526-dnsp-major-peak-agreed|peak|,sapn:ZSS,sapn-2526-dnsp-major-peak-agreed,peak,,2025-07-01,2026-06-30,sapn-initial-pricing-proposal-overview-2025-26-id333252
sapn:ZSS|sapn-2627-dnsp-annual-demand|anytime|,sapn:ZSS,sapn-2627-dnsp-annual-demand,anytime,,2026-07-01,2027-06-30,sapn-tariff-price-list-2026-27-id338674
sapn:ZSS|sapn-2627-dnsp-annual-demand|peak|,sapn:ZSS,sapn-2627-dnsp-annual-demand,peak,,2026-07-01,2027-06-30,sapn-tariff-price-list-2026-27-id338674
tasnetworks:TAS15|tasnetworks-2023-24-tas15-specified-demand||,tasnetworks:TAS15,tasnetworks-2023-24-tas15-specified-demand,,,2023-07-01,2024-06-30,tasnetworks-2023-24-network-tariff-application-and-price-guide-4apr2023
tasnetworks:TAS82|tasnetworks-2023-24-tas82-demand||,tasnetworks:TAS82,tasnetworks-2023-24-tas82-demand,,,2023-07-01,2024-06-30,tasnetworks-2023-24-network-tariff-application-and-price-guide-4apr2023
tasnetworks:TAS87|tasnetworks-2023-24-tas87-offpeak-demand|off_peak|,tasnetworks:TAS87,tasnetworks-2023-24-tas87-offpeak-demand,off_peak,,2023-07-01,2024-06-30,tasnetworks-2023-24-network-tariff-application-and-price-guide-4apr2023
tasnetworks:TAS87|tasnetworks-2023-24-tas87-peak-demand|peak|,tasnetworks:TAS87,tasnetworks-2023-24-tas87-peak-demand,peak,,2023-07-01,2024-06-30,tasnetworks-2023-24-network-tariff-application-and-price-guide-4apr2023
tasnetworks:TAS88|tasnetworks-2023-24-tas88-offpeak-demand|off_peak|,tasnetworks:TAS88,tasnetworks-2023-24-tas88-offpeak-demand,off_peak,,2023-07-01,2024-06-30,tasnetworks-2023-24-network-tariff-application-and-price-guide-4apr2023
tasnetworks:TAS88|tasnetworks-2023-24-tas88-peak-demand|peak|,tasnetworks:TAS88,tasnetworks-2023-24-tas88-peak-demand,peak,,2023-07-01,2024-06-30,tasnetworks-2023-24-network-tariff-application-and-price-guide-4apr2023
tasnetworks:TAS89|tasnetworks-2023-24-tas89-offpeak-demand|off_peak|,tasnetworks:TAS89,tasnetworks-2023-24-tas89-offpeak-demand,off_peak,,2023-07-01,2024-06-30,tasnetworks-2023-24-network-tariff-application-and-price-guide-4apr2023
tasnetworks:TAS89|tasnetworks-2023-24-tas89-peak-demand|peak|,tasnetworks:TAS89,tasnetworks-2023-24-tas89-peak-demand,peak,,2023-07-01,2024-06-30,tasnetworks-2023-24-network-tariff-application-and-price-guide-4apr2023
tasnetworks:TAS97|tasnetworks-2023-24-tas97-offpeak-demand|off_peak|,tasnetworks:TAS97,tasnetworks-2023-24-tas97-offpeak-demand,off_peak,,2023-07-01,2024-06-30,tasnetworks-2023-24-network-tariff-application-and-price-guide-4apr2023
tasnetworks:TAS97|tasnetworks-2023-24-tas97-peak-demand|peak|,tasnetworks:TAS97,tasnetworks-2023-24-tas97-peak-demand,peak,,2023-07-01,2024-06-30,tasnetworks-2023-24-network-tariff-application-and-price-guide-4apr2023
tasnetworks:TAS98|tasnetworks-2023-24-tas98-offpeak-demand|off_peak|,tasnetworks:TAS98,tasnetworks-2023-24-tas98-offpeak-demand,off_peak,,2023-07-01,2024-06-30,tasnetworks-2023-24-network-tariff-application-and-price-guide-4apr2023
tasnetworks:TAS98|tasnetworks-2023-24-tas98-peak-demand|peak|,tasnetworks:TAS98,tasnetworks-2023-24-tas98-peak-demand,peak,,2023-07-01,2024-06-30,tasnetworks-2023-24-network-tariff-application-and-price-guide-4apr2023
tasnetworks:TASSDM|tasnetworks-2023-24-tassdm-specified-demand||,tasnetworks:TASSDM,tasnetworks-2023-24-tassdm-specified-demand,,,2023-07-01,2024-06-30,tasnetworks-2023-24-network-tariff-application-and-price-guide-4apr2023
unitedenergy:GT|ue-2324-pdf-gt-demand-11am-4pm|option 11am-4pm|,unitedenergy:GT,ue-2324-pdf-gt-demand-11am-4pm,option 11am-4pm,,2023-07-01,2024-06-30,ue-pricing-proposal-2023-24-wayback
unitedenergy:GT|ue-2324-pdf-gt-demand-4-9pm|option 4-9pm|,unitedenergy:GT,ue-2324-pdf-gt-demand-4-9pm,option 4-9pm,,2023-07-01,2024-06-30,ue-pricing-proposal-2023-24-wayback
unitedenergy:GT|ue-2324-xlsx-gt-demand-11am-4pm|option 11am-4pm|,unitedenergy:GT,ue-2324-xlsx-gt-demand-11am-4pm,option 11am-4pm,,2023-07-01,2024-06-30,unitedenergy-2023-24-tariff-summary-31mar2023
unitedenergy:GT|ue-2324-xlsx-gt-demand-4-9pm|option 4-9pm|,unitedenergy:GT,ue-2324-xlsx-gt-demand-4-9pm,option 4-9pm,,2023-07-01,2024-06-30,unitedenergy-2023-24-tariff-summary-31mar2023
unitedenergy:GT|ue-2425-xlsx-gt-demand-11am-4pm|option 11am-4pm|,unitedenergy:GT,ue-2425-xlsx-gt-demand-11am-4pm,option 11am-4pm,,2024-07-01,2025-06-30,unitedenergy-2024-25-tariff-summary-28mar2024
unitedenergy:GT|ue-2425-xlsx-gt-demand-4-9pm|option 4-9pm|,unitedenergy:GT,ue-2425-xlsx-gt-demand-4-9pm,option 4-9pm,,2024-07-01,2025-06-30,unitedenergy-2024-25-tariff-summary-28mar2024
unitedenergy:HVKVATOU1|ue-2324-pdf-kva-rolling-hv|rolling|,unitedenergy:HVKVATOU1,ue-2324-pdf-kva-rolling-hv,rolling,,2023-07-01,2024-06-30,ue-pricing-proposal-2023-24-wayback
unitedenergy:HVKVATOU1|ue-2324-pdf-kva-summer-incentive-1-4pm|summer incentive|,unitedenergy:HVKVATOU1,ue-2324-pdf-kva-summer-incentive-1-4pm,summer incentive,,2023-07-01,2024-06-30,ue-pricing-proposal-2023-24-wayback
unitedenergy:HVKVATOU1|ue-2526-pdf-kva-rolling-hv|12-month rolling|,unitedenergy:HVKVATOU1,ue-2526-pdf-kva-rolling-hv,12-month rolling,,2025-07-01,2026-06-30,unitedenergy-2025-26-final-pricing-31mar2025
unitedenergy:HVKVATOU1|ue-2526-pdf-kva-summer-incentive-1-4pm|summer incentive|,unitedenergy:HVKVATOU1,ue-2526-pdf-kva-summer-incentive-1-4pm,summer incentive,,2025-07-01,2026-06-30,unitedenergy-2025-26-final-pricing-31mar2025
unitedenergy:HVKVATOU1|ue-2627-pdf-kva-incentive-1-4pm-summer|incentive|,unitedenergy:HVKVATOU1,ue-2627-pdf-kva-incentive-1-4pm-summer,incentive,,2026-07-01,2027-06-30,ue-pricing-proposal-2026-27-07may2026
unitedenergy:HVKVATOU1|ue-2627-pdf-kva-rolling-hv|12-month rolling|,unitedenergy:HVKVATOU1,ue-2627-pdf-kva-rolling-hv,12-month rolling,,2026-07-01,2027-06-30,ue-pricing-proposal-2026-27-07may2026
unitedenergy:HVKVATOU2|ue-2324-pdf-kva-rolling-hv|rolling|,unitedenergy:HVKVATOU2,ue-2324-pdf-kva-rolling-hv,rolling,,2023-07-01,2024-06-30,ue-pricing-proposal-2023-24-wayback
unitedenergy:HVKVATOU2|ue-2324-pdf-kva-summer-incentive-4-7pm|summer incentive|,unitedenergy:HVKVATOU2,ue-2324-pdf-kva-summer-incentive-4-7pm,summer incentive,,2023-07-01,2024-06-30,ue-pricing-proposal-2023-24-wayback
unitedenergy:HVKVATOU2|ue-2526-pdf-kva-rolling-hv|12-month rolling|,unitedenergy:HVKVATOU2,ue-2526-pdf-kva-rolling-hv,12-month rolling,,2025-07-01,2026-06-30,unitedenergy-2025-26-final-pricing-31mar2025
unitedenergy:HVKVATOU2|ue-2526-pdf-kva-summer-incentive-4-7pm|summer incentive|,unitedenergy:HVKVATOU2,ue-2526-pdf-kva-summer-incentive-4-7pm,summer incentive,,2025-07-01,2026-06-30,unitedenergy-2025-26-final-pricing-31mar2025
unitedenergy:HVKVATOU2|ue-2627-pdf-kva-incentive-4-7pm-summer|incentive|,unitedenergy:HVKVATOU2,ue-2627-pdf-kva-incentive-4-7pm-summer,incentive,,2026-07-01,2027-06-30,ue-pricing-proposal-2026-27-07may2026
unitedenergy:HVKVATOU2|ue-2627-pdf-kva-rolling-hv|12-month rolling|,unitedenergy:HVKVATOU2,ue-2627-pdf-kva-rolling-hv,12-month rolling,,2026-07-01,2027-06-30,ue-pricing-proposal-2026-27-07may2026
unitedenergy:HVKVATOU3|ue-2627-pdf-kva-incentive-4-7pm-winter|incentive|,unitedenergy:HVKVATOU3,ue-2627-pdf-kva-incentive-4-7pm-winter,incentive,,2026-07-01,2027-06-30,ue-pricing-proposal-2026-27-07may2026
unitedenergy:HVKVATOU3|ue-2627-pdf-kva-rolling-hv|12-month rolling|,unitedenergy:HVKVATOU3,ue-2627-pdf-kva-rolling-hv,12-month rolling,,2026-07-01,2027-06-30,ue-pricing-proposal-2026-27-07may2026
unitedenergy:LVKVATOU1|ue-2324-pdf-kva-rolling-lv|rolling|,unitedenergy:LVKVATOU1,ue-2324-pdf-kva-rolling-lv,rolling,,2023-07-01,2024-06-30,ue-pricing-proposal-2023-24-wayback
unitedenergy:LVKVATOU1|ue-2324-pdf-kva-summer-incentive-1-4pm|summer incentive|,unitedenergy:LVKVATOU1,ue-2324-pdf-kva-summer-incentive-1-4pm,summer incentive,,2023-07-01,2024-06-30,ue-pricing-proposal-2023-24-wayback
unitedenergy:LVKVATOU1|ue-2526-pdf-kva-rolling-lv|12-month rolling|,unitedenergy:LVKVATOU1,ue-2526-pdf-kva-rolling-lv,12-month rolling,,2025-07-01,2026-06-30,unitedenergy-2025-26-final-pricing-31mar2025
unitedenergy:LVKVATOU1|ue-2526-pdf-kva-summer-incentive-1-4pm|summer incentive|,unitedenergy:LVKVATOU1,ue-2526-pdf-kva-summer-incentive-1-4pm,summer incentive,,2025-07-01,2026-06-30,unitedenergy-2025-26-final-pricing-31mar2025
unitedenergy:LVKVATOU1|ue-2627-pdf-kva-incentive-1-4pm-summer|incentive|,unitedenergy:LVKVATOU1,ue-2627-pdf-kva-incentive-1-4pm-summer,incentive,,2026-07-01,2027-06-30,ue-pricing-proposal-2026-27-07may2026
unitedenergy:LVKVATOU1|ue-2627-pdf-kva-rolling-lv|12-month rolling|,unitedenergy:LVKVATOU1,ue-2627-pdf-kva-rolling-lv,12-month rolling,,2026-07-01,2027-06-30,ue-pricing-proposal-2026-27-07may2026
unitedenergy:LVKVATOU2|ue-2324-pdf-kva-rolling-lv|rolling|,unitedenergy:LVKVATOU2,ue-2324-pdf-kva-rolling-lv,rolling,,2023-07-01,2024-06-30,ue-pricing-proposal-2023-24-wayback
unitedenergy:LVKVATOU2|ue-2324-pdf-kva-summer-incentive-4-7pm|summer incentive|,unitedenergy:LVKVATOU2,ue-2324-pdf-kva-summer-incentive-4-7pm,summer incentive,,2023-07-01,2024-06-30,ue-pricing-proposal-2023-24-wayback
unitedenergy:LVKVATOU2|ue-2526-pdf-kva-rolling-lv|12-month rolling|,unitedenergy:LVKVATOU2,ue-2526-pdf-kva-rolling-lv,12-month rolling,,2025-07-01,2026-06-30,unitedenergy-2025-26-final-pricing-31mar2025
unitedenergy:LVKVATOU2|ue-2526-pdf-kva-summer-incentive-4-7pm|summer incentive|,unitedenergy:LVKVATOU2,ue-2526-pdf-kva-summer-incentive-4-7pm,summer incentive,,2025-07-01,2026-06-30,unitedenergy-2025-26-final-pricing-31mar2025
unitedenergy:LVKVATOU2|ue-2627-pdf-kva-incentive-4-7pm-summer|incentive|,unitedenergy:LVKVATOU2,ue-2627-pdf-kva-incentive-4-7pm-summer,incentive,,2026-07-01,2027-06-30,ue-pricing-proposal-2026-27-07may2026
unitedenergy:LVKVATOU2|ue-2627-pdf-kva-rolling-lv|12-month rolling|,unitedenergy:LVKVATOU2,ue-2627-pdf-kva-rolling-lv,12-month rolling,,2026-07-01,2027-06-30,ue-pricing-proposal-2026-27-07may2026
unitedenergy:LVKVATOU3|ue-2627-pdf-kva-incentive-4-7pm-winter|incentive|,unitedenergy:LVKVATOU3,ue-2627-pdf-kva-incentive-4-7pm-winter,incentive,,2026-07-01,2027-06-30,ue-pricing-proposal-2026-27-07may2026
unitedenergy:LVKVATOU3|ue-2627-pdf-kva-rolling-lv|12-month rolling|,unitedenergy:LVKVATOU3,ue-2627-pdf-kva-rolling-lv,12-month rolling,,2026-07-01,2027-06-30,ue-pricing-proposal-2026-27-07may2026
unitedenergy:LVMKW1R|ue-2324-pdf-lvmkw1r-demand||non-summer,unitedenergy:LVMKW1R,ue-2324-pdf-lvmkw1r-demand,,non-summer,2023-07-01,2024-06-30,ue-pricing-proposal-2023-24-wayback
unitedenergy:LVMKW1R|ue-2324-pdf-lvmkw1r-demand||summer,unitedenergy:LVMKW1R,ue-2324-pdf-lvmkw1r-demand,,summer,2023-07-01,2024-06-30,ue-pricing-proposal-2023-24-wayback
unitedenergy:LVMKW1R|ue-2526-pdf-lvmkw1r-demand||non-summer,unitedenergy:LVMKW1R,ue-2526-pdf-lvmkw1r-demand,,non-summer,2025-07-01,2026-06-30,unitedenergy-2025-26-final-pricing-31mar2025
unitedenergy:LVMKW1R|ue-2526-pdf-lvmkw1r-demand||summer,unitedenergy:LVMKW1R,ue-2526-pdf-lvmkw1r-demand,,summer,2025-07-01,2026-06-30,unitedenergy-2025-26-final-pricing-31mar2025
unitedenergy:LVMKW1R|ue-2627-pdf-lvmkw1r-umbd-demand||non-summer,unitedenergy:LVMKW1R,ue-2627-pdf-lvmkw1r-umbd-demand,,non-summer,2026-07-01,2027-06-30,ue-pricing-proposal-2026-27-07may2026
unitedenergy:LVMKW1R|ue-2627-pdf-lvmkw1r-umbd-demand||summer,unitedenergy:LVMKW1R,ue-2627-pdf-lvmkw1r-umbd-demand,,summer,2026-07-01,2027-06-30,ue-pricing-proposal-2026-27-07may2026
unitedenergy:RESKW1R|ue-2324-pdf-reskw1r-demand||non-summer,unitedenergy:RESKW1R,ue-2324-pdf-reskw1r-demand,,non-summer,2023-07-01,2024-06-30,ue-pricing-proposal-2023-24-wayback
unitedenergy:RESKW1R|ue-2324-pdf-reskw1r-demand||summer,unitedenergy:RESKW1R,ue-2324-pdf-reskw1r-demand,,summer,2023-07-01,2024-06-30,ue-pricing-proposal-2023-24-wayback
unitedenergy:RESKW1R|ue-2526-pdf-reskw1r-demand||non-summer,unitedenergy:RESKW1R,ue-2526-pdf-reskw1r-demand,,non-summer,2025-07-01,2026-06-30,unitedenergy-2025-26-final-pricing-31mar2025
unitedenergy:RESKW1R|ue-2526-pdf-reskw1r-demand||summer,unitedenergy:RESKW1R,ue-2526-pdf-reskw1r-demand,,summer,2025-07-01,2026-06-30,unitedenergy-2025-26-final-pricing-31mar2025
unitedenergy:SUBTKVATOU|ue-2324-pdf-kva-rolling-st|rolling|,unitedenergy:SUBTKVATOU,ue-2324-pdf-kva-rolling-st,rolling,,2023-07-01,2024-06-30,ue-pricing-proposal-2023-24-wayback
unitedenergy:SUBTKVATOU|ue-2324-pdf-kva-summer-incentive-4-7pm|summer incentive|,unitedenergy:SUBTKVATOU,ue-2324-pdf-kva-summer-incentive-4-7pm,summer incentive,,2023-07-01,2024-06-30,ue-pricing-proposal-2023-24-wayback
unitedenergy:SUBTKVATOU|ue-2526-pdf-kva-rolling-st|12-month rolling|,unitedenergy:SUBTKVATOU,ue-2526-pdf-kva-rolling-st,12-month rolling,,2025-07-01,2026-06-30,unitedenergy-2025-26-final-pricing-31mar2025
unitedenergy:SUBTKVATOU|ue-2526-pdf-kva-summer-incentive-4-7pm|summer incentive|,unitedenergy:SUBTKVATOU,ue-2526-pdf-kva-summer-incentive-4-7pm,summer incentive,,2025-07-01,2026-06-30,unitedenergy-2025-26-final-pricing-31mar2025
unitedenergy:SUBTKVATOU|ue-2627-pdf-kva-rolling-st|12-month rolling|,unitedenergy:SUBTKVATOU,ue-2627-pdf-kva-rolling-st,12-month rolling,,2026-07-01,2027-06-30,ue-pricing-proposal-2026-27-07may2026
unitedenergy:UFL|ue-2627-pdf-ufl-capacity|capacity|,unitedenergy:UFL,ue-2627-pdf-ufl-capacity,capacity,,2026-07-01,2027-06-30,ue-pricing-proposal-2026-27-07may2026
unitedenergy:UFS|ue-2627-pdf-ufs-capacity|capacity|,unitedenergy:UFS,ue-2627-pdf-ufs-capacity,capacity,,2026-07-01,2027-06-30,ue-pricing-proposal-2026-27-07may2026
unitedenergy:UFTUOS|ue-2627-xlsx-uftuos-capacity|capacity|,unitedenergy:UFTUOS,ue-2627-xlsx-uftuos-capacity,capacity,,2026-07-01,2027-06-30,ue-tariff-summary-2026-27-07may2026
unitedenergy:UMBD|ue-2627-pdf-lvmkw1r-umbd-demand||non-summer,unitedenergy:UMBD,ue-2627-pdf-lvmkw1r-umbd-demand,,non-summer,2026-07-01,2027-06-30,ue-pricing-proposal-2026-27-07may2026
unitedenergy:UMBD|ue-2627-pdf-lvmkw1r-umbd-demand||summer,unitedenergy:UMBD,ue-2627-pdf-lvmkw1r-umbd-demand,,summer,2026-07-01,2027-06-30,ue-pricing-proposal-2026-27-07may2026
