distributor_id,tariff_code,effective_from,effective_to,tariff_name,customer_class,status,document_id
ausgrid,EA010,2023-07-01,2024-06-30,Residential non-TOU closed,Low Voltage,provisional,ausgrid-2023-24-annual-scs-pricing-proposal-31mar2023
ausgrid,EA010,2024-07-01,2025-06-30,Residential flat Closed,Low Voltage,final,ausgrid-network-price-list-2024-25-wayback20250806
ausgrid,EA010,2025-07-01,2026-06-30,Residential flat Closed,Low Voltage,final,ausgrid-network-price-list-2025-26
ausgrid,EA010,2026-07-01,2027-06-30,Residential flat Closed,Low Voltage,final,ausgrid-network-price-list-2026-27
ausgrid,EA011,2023-07-01,2024-06-30,Residential transitional TOU closed,Low Voltage,provisional,ausgrid-2023-24-annual-scs-pricing-proposal-31mar2023
ausgrid,EA025,2023-07-01,2024-06-30,Residential TOU,Low Voltage,provisional,ausgrid-2023-24-annual-scs-pricing-proposal-31mar2023
ausgrid,EA025,2024-07-01,2025-06-30,Residential ToU,Low Voltage,final,ausgrid-network-price-list-2024-25-wayback20250806
ausgrid,EA025,2025-07-01,2026-06-30,Residential ToU,Low Voltage,final,ausgrid-network-price-list-2025-26
ausgrid,EA025,2026-07-01,2027-06-30,Residential ToU,Low Voltage,final,ausgrid-network-price-list-2026-27
ausgrid,EA029,2024-07-01,2025-06-30,Small customer export tariff,Low Voltage,final,ausgrid-network-price-list-2024-25-wayback20250806
ausgrid,EA029,2025-07-01,2026-06-30,Small customer export tariff,Low Voltage,final,ausgrid-network-price-list-2025-26
ausgrid,EA029,2026-07-01,2027-06-30,Small customer export tariff,Low Voltage,final,ausgrid-network-price-list-2026-27
ausgrid,EA030,2023-07-01,2024-06-30,Controlled load 1,Low Voltage,provisional,ausgrid-2023-24-annual-scs-pricing-proposal-31mar2023
ausgrid,EA030,2024-07-01,2025-06-30,Controlled Load 1,Low Voltage,final,ausgrid-network-price-list-2024-25-wayback20250806
ausgrid,EA030,2025-07-01,2026-06-30,Controlled Load 1,Low Voltage,final,ausgrid-network-price-list-2025-26
ausgrid,EA030,2026-07-01,2027-06-30,Controlled Load 1,Low Voltage,final,ausgrid-network-price-list-2026-27
ausgrid,EA040,2023-07-01,2024-06-30,Controlled load 2,Low Voltage,provisional,ausgrid-2023-24-annual-scs-pricing-proposal-31mar2023
ausgrid,EA040,2024-07-01,2025-06-30,Controlled Load 2,Low Voltage,final,ausgrid-network-price-list-2024-25-wayback20250806
ausgrid,EA040,2025-07-01,2026-06-30,Controlled Load 2,Low Voltage,final,ausgrid-network-price-list-2025-26
ausgrid,EA040,2026-07-01,2027-06-30,Controlled Load 2,Low Voltage,final,ausgrid-network-price-list-2026-27
ausgrid,EA050,2023-07-01,2024-06-30,Small business non-TOU closed,Low Voltage,provisional,ausgrid-2023-24-annual-scs-pricing-proposal-31mar2023
ausgrid,EA050,2024-07-01,2025-06-30,Small Business flat Closed,Low Voltage,final,ausgrid-network-price-list-2024-25-wayback20250806
ausgrid,EA050,2025-07-01,2026-06-30,Small Business flat Closed,Low Voltage,final,ausgrid-network-price-list-2025-26
ausgrid,EA050,2026-07-01,2027-06-30,Small Business flat Closed,Low Voltage,final,ausgrid-network-price-list-2026-27
ausgrid,EA051,2023-07-01,2024-06-30,Small business transitional TOU closed,Low Voltage,provisional,ausgrid-2023-24-annual-scs-pricing-proposal-31mar2023
ausgrid,EA111,2023-07-01,2024-06-30,Residential demand (introductory),Low Voltage,provisional,ausgrid-2023-24-annual-scs-pricing-proposal-31mar2023
ausgrid,EA111,2024-07-01,2025-06-30,Residential demand (introductory),Low Voltage,final,ausgrid-network-price-list-2024-25-wayback20250806
ausgrid,EA111,2025-07-01,2026-06-30,Residential demand (introductory),Low Voltage,final,ausgrid-network-price-list-2025-26
ausgrid,EA111,2026-07-01,2027-06-30,Residential demand (introductory),Low Voltage,final,ausgrid-network-price-list-2026-27
ausgrid,EA115,2023-07-01,2024-06-30,Residential TOU demand,Low Voltage,provisional,ausgrid-2023-24-annual-scs-pricing-proposal-31mar2023
ausgrid,EA116,2023-07-01,2024-06-30,Residential demand,Low Voltage,provisional,ausgrid-2023-24-annual-scs-pricing-proposal-31mar2023
ausgrid,EA116,2024-07-01,2025-06-30,Residential demand,Low Voltage,final,ausgrid-network-price-list-2024-25-wayback20250806
ausgrid,EA116,2025-07-01,2026-06-30,Residential demand,Low Voltage,final,ausgrid-network-price-list-2025-26
ausgrid,EA116,2026-07-01,2027-06-30,Residential demand,Low Voltage,final,ausgrid-network-price-list-2026-27
ausgrid,EA225,2023-07-01,2024-06-30,Small business TOU,Low Voltage,provisional,ausgrid-2023-24-annual-scs-pricing-proposal-31mar2023
ausgrid,EA225,2024-07-01,2025-06-30,Small Business ToU,Low Voltage,final,ausgrid-network-price-list-2024-25-wayback20250806
ausgrid,EA225,2025-07-01,2026-06-30,Small Business ToU,Low Voltage,final,ausgrid-network-price-list-2025-26
ausgrid,EA225,2026-07-01,2027-06-30,Small Business ToU,Low Voltage,final,ausgrid-network-price-list-2026-27
ausgrid,EA251,2023-07-01,2024-06-30,Small business demand (introductory),Low Voltage,provisional,ausgrid-2023-24-annual-scs-pricing-proposal-31mar2023
ausgrid,EA251,2024-07-01,2025-06-30,Small business demand (introductory),Low Voltage,final,ausgrid-network-price-list-2024-25-wayback20250806
ausgrid,EA251,2025-07-01,2026-06-30,Small business demand (introductory),Low Voltage,final,ausgrid-network-price-list-2025-26
ausgrid,EA251,2026-07-01,2027-06-30,Small business demand (introductory),Low Voltage,final,ausgrid-network-price-list-2026-27
ausgrid,EA255,2023-07-01,2024-06-30,Small business TOU demand,Low Voltage,provisional,ausgrid-2023-24-annual-scs-pricing-proposal-31mar2023
ausgrid,EA256,2023-07-01,2024-06-30,Small business demand,Low Voltage,provisional,ausgrid-2023-24-annual-scs-pricing-proposal-31mar2023
ausgrid,EA256,2024-07-01,2025-06-30,Small business demand,Low Voltage,final,ausgrid-network-price-list-2024-25-wayback20250806
ausgrid,EA256,2025-07-01,2026-06-30,Small business demand,Low Voltage,final,ausgrid-network-price-list-2025-26
ausgrid,EA256,2026-07-01,2027-06-30,Small business demand,Low Voltage,final,ausgrid-network-price-list-2026-27
ausgrid,EA302,2023-07-01,2024-06-30,LV 40-160 MWh,Low Voltage,provisional,ausgrid-2023-24-annual-scs-pricing-proposal-31mar2023
ausgrid,EA302,2024-07-01,2025-06-30,LV 60-160 MWh,Low Voltage,final,ausgrid-network-price-list-2024-25-wayback20250806
ausgrid,EA302,2025-07-01,2026-06-30,LV 80-160 MWh,Low Voltage,final,ausgrid-network-price-list-2025-26
ausgrid,EA302,2026-07-01,2027-06-30,LV 100-160 MWh,Low Voltage,final,ausgrid-network-price-list-2026-27
ausgrid,EA305,2023-07-01,2024-06-30,LV 160-750 MWh,Low Voltage,provisional,ausgrid-2023-24-annual-scs-pricing-proposal-31mar2023
ausgrid,EA305,2024-07-01,2025-06-30,LV 160-750 MWh (system),Low Voltage,final,ausgrid-network-price-list-2024-25-wayback20250806
ausgrid,EA305,2025-07-01,2026-06-30,LV 160-750 MWh (system),Low Voltage,final,ausgrid-network-price-list-2025-26
ausgrid,EA305,2026-07-01,2027-06-30,LV 160-750 MWh (system),Low Voltage,final,ausgrid-network-price-list-2026-27
ausgrid,EA310,2023-07-01,2024-06-30,LV >750 MWh,Low Voltage,provisional,ausgrid-2023-24-annual-scs-pricing-proposal-31mar2023
ausgrid,EA310,2024-07-01,2025-06-30,LV > 750 MWh (system),Low Voltage,final,ausgrid-network-price-list-2024-25-wayback20250806
ausgrid,EA310,2025-07-01,2026-06-30,LV > 750 MWh (system),Low Voltage,final,ausgrid-network-price-list-2025-26
ausgrid,EA310,2026-07-01,2027-06-30,LV > 750 MWh (system),Low Voltage,final,ausgrid-network-price-list-2026-27
ausgrid,EA314,2024-07-01,2025-06-30,LV 160-750 MWh (embedded network),Low Voltage,final,ausgrid-network-price-list-2024-25-wayback20250806
ausgrid,EA314,2025-07-01,2026-06-30,LV 160-750 MWh (embedded network),Low Voltage,final,ausgrid-network-price-list-2025-26
ausgrid,EA314,2026-07-01,2027-06-30,LV 160-750 MWh (embedded network),Low Voltage,final,ausgrid-network-price-list-2026-27
ausgrid,EA315,2024-07-01,2025-06-30,LV > 750 MWh (embedded network),Low Voltage,final,ausgrid-network-price-list-2024-25-wayback20250806
ausgrid,EA315,2025-07-01,2026-06-30,LV > 750 MWh (embedded network),Low Voltage,final,ausgrid-network-price-list-2025-26
ausgrid,EA315,2026-07-01,2027-06-30,LV > 750 MWh (embedded network),Low Voltage,final,ausgrid-network-price-list-2026-27
ausgrid,EA316,2023-07-01,2024-06-30,Transitional 40-160 MWh closed,Low Voltage,provisional,ausgrid-2023-24-annual-scs-pricing-proposal-31mar2023
ausgrid,EA317,2023-07-01,2024-06-30,Transitional 160-750 MWh closed,Low Voltage,provisional,ausgrid-2023-24-annual-scs-pricing-proposal-31mar2023
ausgrid,EA325,2023-07-01,2024-06-30,LV Connection (standby) closed,Low Voltage,provisional,ausgrid-2023-24-annual-scs-pricing-proposal-31mar2023
ausgrid,EA334,2024-07-01,2025-06-30,Storage (load),Low Voltage,final,ausgrid-network-price-list-2024-25-wayback20250806
ausgrid,EA334,2025-07-01,2026-06-30,Storage (load),Low Voltage,final,ausgrid-network-price-list-2025-26
ausgrid,EA334,2026-07-01,2027-06-30,Storage (load),Low Voltage,final,ausgrid-network-price-list-2026-27
ausgrid,EA335,2024-07-01,2025-06-30,Storage (generation),Low Voltage,final,ausgrid-network-price-list-2024-25-wayback20250806
ausgrid,EA335,2025-07-01,2026-06-30,Storage (generation),Low Voltage,final,ausgrid-network-price-list-2025-26
ausgrid,EA335,2026-07-01,2027-06-30,Storage (generation),Low Voltage,final,ausgrid-network-price-list-2026-27
ausgrid,EA360,2023-07-01,2024-06-30,HV Connection (standby) closed,High Voltage,provisional,ausgrid-2023-24-annual-scs-pricing-proposal-31mar2023
ausgrid,EA365,2024-07-01,2025-06-30,HV connection (embedded network),High Voltage,final,ausgrid-network-price-list-2024-25-wayback20250806
ausgrid,EA365,2025-07-01,2026-06-30,HV connection (embedded network),High Voltage,final,ausgrid-network-price-list-2025-26
ausgrid,EA365,2026-07-01,2027-06-30,HV connection (embedded network),High Voltage,final,ausgrid-network-price-list-2026-27
ausgrid,EA370,2023-07-01,2024-06-30,HV Connection (system),High Voltage,provisional,ausgrid-2023-24-annual-scs-pricing-proposal-31mar2023
ausgrid,EA370,2024-07-01,2025-06-30,HV connection (system),High Voltage,final,ausgrid-network-price-list-2024-25-wayback20250806
ausgrid,EA370,2025-07-01,2026-06-30,HV connection (system),High Voltage,final,ausgrid-network-price-list-2025-26
ausgrid,EA370,2026-07-01,2027-06-30,HV connection (system),High Voltage,final,ausgrid-network-price-list-2026-27
ausgrid,EA374,2024-07-01,2025-06-30,Storage (load),High voltage,final,ausgrid-network-price-list-2024-25-wayback20250806
ausgrid,EA374,2025-07-01,2026-06-30,Storage (load),High voltage,final,ausgrid-network-price-list-2025-26
ausgrid,EA374,2026-07-01,2027-06-30,Storage (load),High Voltage,final,ausgrid-network-price-list-2026-27
ausgrid,EA375,2024-07-01,2025-06-30,Storage (generation),High voltage,final,ausgrid-network-price-list-2024-25-wayback20250806
ausgrid,EA375,2025-07-01,2026-06-30,Storage (generation),High voltage,final,ausgrid-network-price-list-2025-26
ausgrid,EA375,2026-07-01,2027-06-30,Storage (generation),High Voltage,final,ausgrid-network-price-list-2026-27
ausgrid,EA380,2023-07-01,2024-06-30,HV Connection (substation),High Voltage,provisional,ausgrid-2023-24-annual-scs-pricing-proposal-31mar2023
ausgrid,EA390,2023-07-01,2024-06-30,ST Connection (system),Sub-transmission,provisional,ausgrid-2023-24-annual-scs-pricing-proposal-31mar2023
ausgrid,EA390,2024-07-01,2025-06-30,ST connection (system),Sub-transmission,final,ausgrid-network-price-list-2024-25-wayback20250806
ausgrid,EA390,2025-07-01,2026-06-30,ST connection (system),Sub-transmission,final,ausgrid-network-price-list-2025-26
ausgrid,EA390,2026-07-01,2027-06-30,ST connection (system),Sub-transmission,final,ausgrid-network-price-list-2026-27
ausgrid,EA391,2023-07-01,2024-06-30,ST Connection (substation),Sub-transmission,provisional,ausgrid-2023-24-annual-scs-pricing-proposal-31mar2023
ausgrid,EA394,2024-07-01,2025-06-30,Storage (load),Sub-transmission,final,ausgrid-network-price-list-2024-25-wayback20250806
ausgrid,EA394,2025-07-01,2026-06-30,Storage (load),Sub-transmission,final,ausgrid-network-price-list-2025-26
ausgrid,EA394,2026-07-01,2027-06-30,Storage (load),Sub-transmission,final,ausgrid-network-price-list-2026-27
ausgrid,EA395,2024-07-01,2025-06-30,Storage (generation),Sub-transmission,final,ausgrid-network-price-list-2024-25-wayback20250806
ausgrid,EA395,2025-07-01,2026-06-30,Storage (generation),Sub-transmission,final,ausgrid-network-price-list-2025-26
ausgrid,EA395,2026-07-01,2027-06-30,Storage (generation),Sub-transmission,final,ausgrid-network-price-list-2026-27
ausgrid,EA401,2023-07-01,2024-06-30,Public lighting,Unmetered,provisional,ausgrid-2023-24-annual-scs-pricing-proposal-31mar2023
ausgrid,EA401,2024-07-01,2025-06-30,Public Lighting,Unmetered,final,ausgrid-network-price-list-2024-25-wayback20250806
ausgrid,EA401,2025-07-01,2026-06-30,Public Lighting,Unmetered,final,ausgrid-network-price-list-2025-26
ausgrid,EA401,2026-07-01,2027-06-30,Public Lighting,Unmetered,final,ausgrid-network-price-list-2026-27
ausgrid,EA402,2023-07-01,2024-06-30,Constant unmetered,Unmetered,provisional,ausgrid-2023-24-annual-scs-pricing-proposal-31mar2023
ausgrid,EA402,2024-07-01,2025-06-30,Constant Unmetered,Unmetered,final,ausgrid-network-price-list-2024-25-wayback20250806
ausgrid,EA402,2025-07-01,2026-06-30,Constant Unmetered,Unmetered,final,ausgrid-network-price-list-2025-26
ausgrid,EA402,2026-07-01,2027-06-30,Constant Unmetered,Unmetered,final,ausgrid-network-price-list-2026-27
ausgrid,EA403,2023-07-01,2024-06-30,EnergyLight,Unmetered,provisional,ausgrid-2023-24-annual-scs-pricing-proposal-31mar2023
ausgrid,EA403,2024-07-01,2025-06-30,Energy Light,Unmetered,final,ausgrid-network-price-list-2024-25-wayback20250806
ausgrid,EA403,2025-07-01,2026-06-30,Energy Light,Unmetered,final,ausgrid-network-price-list-2025-26
ausgrid,EA403,2026-07-01,2027-06-30,Energy Light,Unmetered,final,ausgrid-network-price-list-2026-27
ausgrid,EA501,2023-07-01,2024-06-30,Transmission-connected,Transmission,provisional,ausgrid-2023-24-annual-scs-pricing-proposal-31mar2023
ausgrid,EA501,2024-07-01,2025-06-30,Transmission Connected,Transmission,final,ausgrid-network-price-list-2024-25-wayback20250806
ausgrid,EA501,2025-07-01,2026-06-30,Transmission Connected,Transmission,final,ausgrid-network-price-list-2025-26
ausgrid,EA501,2026-07-01,2027-06-30,Transmission Connected,Transmission,final,ausgrid-network-price-list-2026-27
ausgrid,EA905,2026-07-01,2027-06-30,Flexible load (LV large),Low Voltage,final,ausgrid-network-price-list-2026-27
ausgrid,EA955,2025-07-01,2026-06-30,Local use of system trial - small business,Low Voltage,final,ausgrid-network-price-list-2025-26
ausgrid,EA955,2026-07-01,2027-06-30,Local use of system trial - small business,Low Voltage,final,ausgrid-network-price-list-2026-27
ausgrid,EA956,2024-07-01,2025-06-30,Local use of system,Low Voltage,final,ausgrid-network-price-list-2024-25-wayback20250806
ausgrid,EA956,2025-07-01,2026-06-30,Local use of system trial - residential,Low Voltage,final,ausgrid-network-price-list-2025-26
ausgrid,EA956,2026-07-01,2027-06-30,Local use of system trial - residential,Low Voltage,final,ausgrid-network-price-list-2026-27
ausgrid,EA957,2024-07-01,2025-06-30,SAPS,Low Voltage,final,ausgrid-network-price-list-2024-25-wayback20250806
ausgrid,EA958,2024-07-01,2025-06-30,Super off-peak,Low Voltage,final,ausgrid-network-price-list-2024-25-wayback20250806
ausgrid,EA964,2024-07-01,2025-06-30,Flexible load (primary),Low Voltage,final,ausgrid-network-price-list-2024-25-wayback20250806
ausgrid,EA964,2025-07-01,2026-06-30,Flexible load (primary),Low Voltage,final,ausgrid-network-price-list-2025-26
ausgrid,EA964,2026-07-01,2027-06-30,Flexible load (primary),Low Voltage,final,ausgrid-network-price-list-2026-27
ausgrid,EA965,2024-07-01,2025-06-30,Flexible load (secondary),Low Voltage,final,ausgrid-network-price-list-2024-25-wayback20250806
ausgrid,EA965,2025-07-01,2026-06-30,Flexible load (secondary),Low Voltage,final,ausgrid-network-price-list-2025-26
ausgrid,EA965,2026-07-01,2027-06-30,Flexible load (secondary),Low Voltage,final,ausgrid-network-price-list-2026-27
ausgrid,EA974,2026-07-01,2027-06-30,Residential Dynamic Tariff (load),Low Voltage,final,ausgrid-network-price-list-2026-27
ausgrid,EA975,2026-07-01,2027-06-30,Residential Dynamic Tariff (generation),Low Voltage,final,ausgrid-network-price-list-2026-27
ausgrid,EA976,2026-07-01,2027-06-30,HV Dynamic Connection,High Voltage,final,ausgrid-network-price-list-2026-27
ausnet,CL,2025-07-01,2026-06-30,CL,,provisional,aer-consolidated-2025-26-v5
ausnet,NAL84,2026-07-01,2027-06-30,High voltage critical peak demand locational,High voltage,final,ausnet-network-tariff-schedule-2026-27-20260515
ausnet,NAL96,2026-07-01,2027-06-30,Sub transmission critical peak demand locational,Sub transmission,final,ausnet-network-tariff-schedule-2026-27-20260515
ausnet,NASN11,2023-07-01,2024-06-30,Small residential single rate demand,Residential,final,ausnet-annual-pricing-proposal-2023-24
ausnet,NASN11,2024-07-01,2025-06-30,Small residential single rate demand,Residential,provisional,aer-stakeholder-report-ausnet-2024-25
ausnet,NASN11,2025-07-01,2026-06-30,Small residential single rate demand,Residential,final,ausnet-network-tariff-schedule-2025-26
ausnet,NASN11P,2023-07-01,2024-06-30,Small residential single rate demand premium feed in,Residential,final,ausnet-annual-pricing-proposal-2023-24
ausnet,NASN11P,2024-07-01,2025-06-30,Small residential single rate demand premium feed in,Residential,provisional,aer-stakeholder-report-ausnet-2024-25
ausnet,NASN11P,2025-07-01,2026-06-30,Small residential single rate demand premium feed in,,provisional,aer-consolidated-2025-26-v5
ausnet,NASN11S,2023-07-01,2024-06-30,Small residential single rate demand standard feed in,Residential,final,ausnet-annual-pricing-proposal-2023-24
ausnet,NASN11S,2024-07-01,2025-06-30,Small residential single rate demand standard feed in,Residential,provisional,aer-stakeholder-report-ausnet-2024-25
ausnet,NASN11S,2025-07-01,2026-06-30,Small residential single rate demand standard feed in,Residential,final,ausnet-network-tariff-schedule-2025-26
ausnet,NASN12,2023-07-01,2024-06-30,Small business single rate demand,Small industrial & commercial,final,ausnet-annual-pricing-proposal-2023-24
ausnet,NASN12,2024-07-01,2025-06-30,Small business single rate demand,Small industrial & commercial,provisional,aer-stakeholder-report-ausnet-2024-25
ausnet,NASN12,2025-07-01,2026-06-30,Small business single rate demand,Small industrial & commercial,final,ausnet-network-tariff-schedule-2025-26
ausnet,NASN12,2026-07-01,2027-06-30,Small business single rate demand,Small industrial & commercial,final,ausnet-network-tariff-schedule-2026-27-20260515
ausnet,NASN12P,2023-07-01,2024-06-30,Small business single rate demand premium feed in,Small industrial & commercial,final,ausnet-annual-pricing-proposal-2023-24
ausnet,NASN12P,2024-07-01,2025-06-30,Small business single rate demand premium feed in,Small industrial & commercial,provisional,aer-stakeholder-report-ausnet-2024-25
ausnet,NASN12P,2025-07-01,2026-06-30,Small business single rate demand premium feed in,,provisional,aer-consolidated-2025-26-v5
ausnet,NASN12S,2023-07-01,2024-06-30,Small business single rate demand standard feed in,Small industrial & commercial,final,ausnet-annual-pricing-proposal-2023-24
ausnet,NASN12S,2024-07-01,2025-06-30,Small business single rate demand standard feed in,Small industrial & commercial,provisional,aer-stakeholder-report-ausnet-2024-25
ausnet,NASN12S,2025-07-01,2026-06-30,Small business single rate demand standard feed in,Small industrial & commercial,final,ausnet-network-tariff-schedule-2025-26
ausnet,NASN12S,2026-07-01,2027-06-30,Small business single rate demand standard feed in,Small industrial & commercial,final,ausnet-network-tariff-schedule-2026-27-20260515
ausnet,NASN19,2023-07-01,2024-06-30,Business > 40 MWh single rate demand,Small industrial & commercial,final,ausnet-annual-pricing-proposal-2023-24
ausnet,NASN19,2024-07-01,2025-06-30,Business > 40 MWh single rate demand,Small industrial & commercial,provisional,aer-stakeholder-report-ausnet-2024-25
ausnet,NASN19,2025-07-01,2026-06-30,Business > 40 MWh single rate demand,Small industrial & commercial,final,ausnet-network-tariff-schedule-2025-26
ausnet,NASN19,2026-07-01,2027-06-30,Business > 40 MWh single rate demand,Small industrial & commercial,final,ausnet-network-tariff-schedule-2026-27-20260515
ausnet,NASN21,2023-07-01,2024-06-30,Business > 40 MWh two rate demand,Small industrial & commercial,final,ausnet-annual-pricing-proposal-2023-24
ausnet,NASN21,2024-07-01,2025-06-30,Business > 40 MWh two rate demand,Small industrial & commercial,provisional,aer-stakeholder-report-ausnet-2024-25
ausnet,NASN21,2025-07-01,2026-06-30,Business > 40 MWh two rate demand,Small industrial & commercial,final,ausnet-network-tariff-schedule-2025-26
ausnet,NASN21,2026-07-01,2027-06-30,Business > 40 MWh two rate demand,Small industrial & commercial,final,ausnet-network-tariff-schedule-2026-27-20260515
ausnet,NASN2P,2023-07-01,2024-06-30,Business > 40 MWh two rate demand premium feed in,Small industrial & commercial,final,ausnet-annual-pricing-proposal-2023-24
ausnet,NASN2P,2024-07-01,2025-06-30,Business > 40 MWh two rate demand premium feed in,Small industrial & commercial,provisional,aer-stakeholder-report-ausnet-2024-25
ausnet,NASN2P,2025-07-01,2026-06-30,Business > 40 MWh two rate demand premium feed in,,provisional,aer-consolidated-2025-26-v5
ausnet,NASN2S,2023-07-01,2024-06-30,Business > 40 MWh two rate demand standard feed in,Small industrial & commercial,final,ausnet-annual-pricing-proposal-2023-24
ausnet,NASN2S,2024-07-01,2025-06-30,Business > 40 MWh two rate demand standard feed in,Small industrial & commercial,provisional,aer-stakeholder-report-ausnet-2024-25
ausnet,NASN2S,2025-07-01,2026-06-30,Business > 40 MWh two rate demand standard feed in,Small industrial & commercial,final,ausnet-network-tariff-schedule-2025-26
ausnet,NASN2S,2026-07-01,2027-06-30,Business > 40 MWh two rate demand standard feed in,Small industrial & commercial,final,ausnet-network-tariff-schedule-2026-27-20260515
ausnet,NASS11,2026-07-01,2027-06-30,Small residential time of use,Residential,final,ausnet-network-tariff-schedule-2026-27-20260515
ausnet,NASS11S,2026-07-01,2027-06-30,Small residential time of use standard feed in,Residential,final,ausnet-network-tariff-schedule-2026-27-20260515
ausnet,NAST11,2023-07-01,2024-06-30,Small residential time of use,Residential,final,ausnet-annual-pricing-proposal-2023-24
ausnet,NAST11,2024-07-01,2025-06-30,Small residential time of use,Residential,provisional,aer-stakeholder-report-ausnet-2024-25
ausnet,NAST11,2025-07-01,2026-06-30,Small residential time of use,Residential,final,ausnet-network-tariff-schedule-2025-26
ausnet,NAST11P,2023-07-01,2024-06-30,Small residential time of use premium feed in,Residential,final,ausnet-annual-pricing-proposal-2023-24
ausnet,NAST11P,2024-07-01,2025-06-30,Small residential time of use premium feed in,Residential,provisional,aer-stakeholder-report-ausnet-2024-25
ausnet,NAST11P,2025-07-01,2026-06-30,Small residential time of use premium feed in,,provisional,aer-consolidated-2025-26-v5
ausnet,NAST11S,2023-07-01,2024-06-30,Small residential time of use standard feed in,Residential,final,ausnet-annual-pricing-proposal-2023-24
ausnet,NAST11S,2024-07-01,2025-06-30,Small residential time of use standard feed in,Residential,provisional,aer-stakeholder-report-ausnet-2024-25
ausnet,NAST11S,2025-07-01,2026-06-30,Small residential time of use standard feed in,Residential,final,ausnet-network-tariff-schedule-2025-26
ausnet,NAST12,2023-07-01,2024-06-30,Small business time of use,Small industrial & commercial,final,ausnet-annual-pricing-proposal-2023-24
ausnet,NAST12,2024-07-01,2025-06-30,Small business time of use (business),Small industrial & commercial,provisional,aer-stakeholder-report-ausnet-2024-25
ausnet,NAST12,2025-07-01,2026-06-30,Small business time of use,Small industrial & commercial,final,ausnet-network-tariff-schedule-2025-26
ausnet,NAST12,2026-07-01,2027-06-30,Small business time of use,Small industrial & commercial,final,ausnet-network-tariff-schedule-2026-27-20260515
ausnet,NAST12P,2023-07-01,2024-06-30,Small business time of use premium feed in,Small industrial & commercial,final,ausnet-annual-pricing-proposal-2023-24
ausnet,NAST12P,2024-07-01,2025-06-30,Small business time of use premium feed in,Small industrial & commercial,provisional,aer-stakeholder-report-ausnet-2024-25
ausnet,NAST12P,2025-07-01,2026-06-30,Small business time of use premium feed in,,provisional,aer-consolidated-2025-26-v5
ausnet,NAST12S,2023-07-01,2024-06-30,Small business time of use standard feed in,Small industrial & commercial,final,ausnet-annual-pricing-proposal-2023-24
ausnet,NAST12S,2024-07-01,2025-06-30,Small business time of use standard feed in,Small industrial & commercial,provisional,aer-stakeholder-report-ausnet-2024-25
ausnet,NAST12S,2025-07-01,2026-06-30,Small business time of use standard feed in,Small industrial & commercial,final,ausnet-network-tariff-schedule-2025-26
ausnet,NAST12S,2026-07-01,2027-06-30,Small business time of use standard feed in,Small industrial & commercial,final,ausnet-network-tariff-schedule-2026-27-20260515
ausnet,NAST13,2023-07-01,2024-06-30,Small residential time of use & dedicated circuit,Residential,final,ausnet-annual-pricing-proposal-2023-24
ausnet,NAST13,2024-07-01,2025-06-30,Small residential time of use & dedicated circuit,Residential,provisional,aer-stakeholder-report-ausnet-2024-25
ausnet,NAST13,2025-07-01,2026-06-30,Small residential time of use & dedicated circuit,Residential,final,ausnet-network-tariff-schedule-2025-26
ausnet,NAST14,2023-07-01,2024-06-30,Small residential time of use & dedicated circuit with afternoon boost,Residential,final,ausnet-annual-pricing-proposal-2023-24
ausnet,NAST14,2024-07-01,2025-06-30,Small residential time of use & dedicated circuit with afternoon boost,Residential,provisional,aer-stakeholder-report-ausnet-2024-25
ausnet,NAST14,2025-07-01,2026-06-30,Small residential time of use & dedicated circuit with afternoon boost,Residential,final,ausnet-network-tariff-schedule-2025-26
ausnet,NAST15,2023-07-01,2024-06-30,Small residential time of use & dedicated circuit 8:00 to 8:00,Residential,final,ausnet-annual-pricing-proposal-2023-24
ausnet,NAST15,2024-07-01,2025-06-30,Small residential time of use & dedicated circuit 8:00 to 8:00,Residential,provisional,aer-stakeholder-report-ausnet-2024-25
ausnet,NAST15,2025-07-01,2026-06-30,Small residential time of use & dedicated circuit 8:00 to 8:00,Residential,final,ausnet-network-tariff-schedule-2025-26
ausnet,NAST16T,2024-07-01,2025-06-30,EV Dynamic,Tariff trial,final,ausnet-annual-pricing-proposal-2024-25
ausnet,NAST17,2026-07-01,2027-06-30,Small residential time of use & dedicated circuit 24 hour,Residential,final,ausnet-network-tariff-schedule-2026-27-20260515
ausnet,NAT56,2026-07-01,2027-06-30,Medium critical peak demand 160 MWh to 400 MWh (Transitional),Medium industrial & commercial,final,ausnet-network-tariff-schedule-2026-27-20260515
ausnet,NAT75,2026-07-01,2027-06-30,Large critical peak demand 400 MWh to 750 MWh (Transitional),Large industrial & commercial,final,ausnet-network-tariff-schedule-2026-27-20260515
ausnet,NEE11,2023-07-01,2024-06-30,Small single rate,Residential,final,ausnet-annual-pricing-proposal-2023-24
ausnet,NEE11,2024-07-01,2025-06-30,Small single rate,Residential,provisional,aer-stakeholder-report-ausnet-2024-25
ausnet,NEE11,2025-07-01,2026-06-30,Small single rate,Residential,final,ausnet-network-tariff-schedule-2025-26
ausnet,NEE11,2026-07-01,2027-06-30,Small single rate,Residential,final,ausnet-network-tariff-schedule-2026-27-20260515
ausnet,NEE11P,2023-07-01,2024-06-30,Small single rate premium feed in,Residential,final,ausnet-annual-pricing-proposal-2023-24
ausnet,NEE11P,2024-07-01,2025-06-30,Small single rate premium feed in,Residential,provisional,aer-stakeholder-report-ausnet-2024-25
ausnet,NEE11P,2025-07-01,2026-06-30,Small single rate premium feed in,,provisional,aer-consolidated-2025-26-v5
ausnet,NEE11S,2023-07-01,2024-06-30,Small single rate standard feed in,Residential,final,ausnet-annual-pricing-proposal-2023-24
ausnet,NEE11S,2024-07-01,2025-06-30,Small single rate standard feed in,Residential,provisional,aer-stakeholder-report-ausnet-2024-25
ausnet,NEE11S,2025-07-01,2026-06-30,Small single rate standard feed in,Residential,final,ausnet-network-tariff-schedule-2025-26
ausnet,NEE11S,2026-07-01,2027-06-30,Small single rate standard feed in,Residential,final,ausnet-network-tariff-schedule-2026-27-20260515
ausnet,NEE12,2023-07-01,2024-06-30,Small single rate,Small industrial & commercial,final,ausnet-annual-pricing-proposal-2023-24
ausnet,NEE12,2024-07-01,2025-06-30,Small single rate (business),Small industrial & commercial,provisional,aer-stakeholder-report-ausnet-2024-25
ausnet,NEE12,2025-07-01,2026-06-30,Small single rate,Small industrial & commercial,final,ausnet-network-tariff-schedule-2025-26
ausnet,NEE12,2026-07-01,2027-06-30,Small single rate,Small industrial & commercial,final,ausnet-network-tariff-schedule-2026-27-20260515
ausnet,NEE12P,2023-07-01,2024-06-30,Small single rate premium feed in,Small industrial & commercial,final,ausnet-annual-pricing-proposal-2023-24
ausnet,NEE12P,2024-07-01,2025-06-30,Small single rate premium feed in (business),Small industrial & commercial,provisional,aer-stakeholder-report-ausnet-2024-25
ausnet,NEE12P,2025-07-01,2026-06-30,Small single rate premium feed in (business),,provisional,aer-consolidated-2025-26-v5
ausnet,NEE12S,2023-07-01,2024-06-30,Small single rate standard feed in,Small industrial & commercial,final,ausnet-annual-pricing-proposal-2023-24
ausnet,NEE12S,2024-07-01,2025-06-30,Small single rate standard feed in (business),Small industrial & commercial,provisional,aer-stakeholder-report-ausnet-2024-25
ausnet,NEE12S,2025-07-01,2026-06-30,Small single rate standard feed in,Small industrial & commercial,final,ausnet-network-tariff-schedule-2025-26
ausnet,NEE12S,2026-07-01,2027-06-30,Small single rate standard feed in,Small industrial & commercial,final,ausnet-network-tariff-schedule-2026-27-20260515
ausnet,NEE13,2023-07-01,2024-06-30,Small single rate & dedicated circuit,Residential,final,ausnet-annual-pricing-proposal-2023-24
ausnet,NEE13,2024-07-01,2025-06-30,Small single rate & dedicated circuit,Residential,provisional,aer-stakeholder-report-ausnet-2024-25
ausnet,NEE13,2025-07-01,2026-06-30,Small single rate & dedicated circuit,Residential,final,ausnet-network-tariff-schedule-2025-26
ausnet,NEE14,2023-07-01,2024-06-30,Small single rate & dedicated circuit with afternoon boost,Residential,final,ausnet-annual-pricing-proposal-2023-24
ausnet,NEE14,2024-07-01,2025-06-30,Small single rate & dedicated circuit with afternoon boost,Residential,provisional,aer-stakeholder-report-ausnet-2024-25
ausnet,NEE14,2025-07-01,2026-06-30,Small single rate & dedicated circuit with afternoon boost,Residential,final,ausnet-network-tariff-schedule-2025-26
ausnet,NEE15,2023-07-01,2024-06-30,Small single rate & dedicated circuit 8:00 to 8:00,Residential,final,ausnet-annual-pricing-proposal-2023-24
ausnet,NEE15,2024-07-01,2025-06-30,Small single rate & dedicated circuit 8:00 to 8:00,Residential,provisional,aer-stakeholder-report-ausnet-2024-25
ausnet,NEE15,2025-07-01,2026-06-30,Small single rate & dedicated circuit 8:00 to 8:00,Residential,final,ausnet-network-tariff-schedule-2025-26
ausnet,NEE16,2023-07-01,2024-06-30,Small single rate & dedicated circuit,Small industrial & commercial,final,ausnet-annual-pricing-proposal-2023-24
ausnet,NEE16,2024-07-01,2025-06-30,Small single rate & dedicated circuit (business),Small industrial & commercial,provisional,aer-stakeholder-report-ausnet-2024-25
ausnet,NEE16,2025-07-01,2026-06-30,Small single rate & dedicated circuit,Small industrial & commercial,final,ausnet-network-tariff-schedule-2025-26
ausnet,NEE16,2026-07-01,2027-06-30,Small single rate & dedicated circuit,Small industrial & commercial,final,ausnet-network-tariff-schedule-2026-27-20260515
ausnet,NEE17,2023-07-01,2024-06-30,Small single rate & dedicated circuit with afternoon boost,Small industrial & commercial,final,ausnet-annual-pricing-proposal-2023-24
ausnet,NEE17,2024-07-01,2025-06-30,Small single rate & dedicated circuit with afternoon boost (business),Small industrial & commercial,provisional,aer-stakeholder-report-ausnet-2024-25
ausnet,NEE17,2025-07-01,2026-06-30,Small single rate & dedicated circuit with afternoon boost,Small industrial & commercial,final,ausnet-network-tariff-schedule-2025-26
ausnet,NEE17,2026-07-01,2027-06-30,Small single rate & dedicated circuit with afternoon boost,Small industrial & commercial,final,ausnet-network-tariff-schedule-2026-27-20260515
ausnet,NEE18,2023-07-01,2024-06-30,Small single rate & dedicated circuit 8:00 to 8:00,Small industrial & commercial,final,ausnet-annual-pricing-proposal-2023-24
ausnet,NEE18,2024-07-01,2025-06-30,Small single rate & dedicated circuit 8:00 to 8:00 (business),Small industrial & commercial,provisional,aer-stakeholder-report-ausnet-2024-25
ausnet,NEE18,2025-07-01,2026-06-30,Small single rate & dedicated circuit 8:00 to 8:00,Small industrial & commercial,final,ausnet-network-tariff-schedule-2025-26
ausnet,NEE18,2026-07-01,2027-06-30,Small single rate & dedicated circuit 8:00 to 8:00,Small industrial & commercial,final,ausnet-network-tariff-schedule-2026-27-20260515
ausnet,NEE19,2026-07-01,2027-06-30,Small single rate & dedicated circuit 24 hour,Residential,final,ausnet-network-tariff-schedule-2026-27-20260515
ausnet,NEE24,2023-07-01,2024-06-30,Small two rate 8:00 to 8:00*,Residential,final,ausnet-annual-pricing-proposal-2023-24
ausnet,NEE24,2024-07-01,2025-06-30,Small two rate 8:00 to 8:00*,Residential,provisional,aer-stakeholder-report-ausnet-2024-25
ausnet,NEE24,2025-07-01,2026-06-30,Small two rate 8:00 to 8:00*,Residential,final,ausnet-network-tariff-schedule-2025-26
ausnet,NEE24,2026-07-01,2027-06-30,Small two rate 8:00 to 8:00*,Residential,final,ausnet-network-tariff-schedule-2026-27-20260515
ausnet,NEE30,2023-07-01,2024-06-30,Small dedicated circuit,Residential,final,ausnet-annual-pricing-proposal-2023-24
ausnet,NEE30,2024-07-01,2025-06-30,Small dedicated circuit,Residential,provisional,aer-stakeholder-report-ausnet-2024-25
ausnet,NEE30,2025-07-01,2026-06-30,Small dedicated circuit,Residential,final,ausnet-network-tariff-schedule-2025-26
ausnet,NEE30,2026-07-01,2027-06-30,Small dedicated circuit,Residential,final,ausnet-network-tariff-schedule-2026-27-20260515
ausnet,NEE31,2023-07-01,2024-06-30,Small dedicated circuit with afternoon boost,Residential,final,ausnet-annual-pricing-proposal-2023-24
ausnet,NEE31,2024-07-01,2025-06-30,Small dedicated circuit with afternoon boost,Residential,provisional,aer-stakeholder-report-ausnet-2024-25
ausnet,NEE31,2025-07-01,2026-06-30,Small dedicated circuit with afternoon boost,Residential,final,ausnet-network-tariff-schedule-2025-26
ausnet,NEE31,2026-07-01,2027-06-30,Small dedicated circuit with afternoon boost,Residential,final,ausnet-network-tariff-schedule-2026-27-20260515
ausnet,NEE32,2023-07-01,2024-06-30,Small dedicated circuit 8:00 to 8:00,Residential,final,ausnet-annual-pricing-proposal-2023-24
ausnet,NEE32,2024-07-01,2025-06-30,Small dedicated circuit 8:00 to 8:00,Residential,provisional,aer-stakeholder-report-ausnet-2024-25
ausnet,NEE32,2025-07-01,2026-06-30,Small dedicated circuit 8:00 to 8:00,Residential,final,ausnet-network-tariff-schedule-2025-26
ausnet,NEE32,2026-07-01,2027-06-30,Small dedicated circuit 8:00 to 8:00,Residential,final,ausnet-network-tariff-schedule-2026-27-20260515
ausnet,NEE33,2026-07-01,2027-06-30,Small dedicated circuit 24 hour,Residential,final,ausnet-network-tariff-schedule-2026-27-20260515
ausnet,NEE40,2023-07-01,2024-06-30,Medium single rate,Medium industrial & commercial,final,ausnet-annual-pricing-proposal-2023-24
ausnet,NEE40,2024-07-01,2025-06-30,Medium single rate,Medium industrial & commercial,provisional,aer-stakeholder-report-ausnet-2024-25
ausnet,NEE40,2025-07-01,2026-06-30,Medium single rate,Medium industrial & commercial,final,ausnet-network-tariff-schedule-2025-26
ausnet,NEE41,2023-07-01,2024-06-30,Medium single rate & dedicated circuit,Medium industrial & commercial,final,ausnet-annual-pricing-proposal-2023-24
ausnet,NEE41,2024-07-01,2025-06-30,Medium single rate & dedicated circuit,Medium industrial & commercial,provisional,aer-stakeholder-report-ausnet-2024-25
ausnet,NEE41,2025-07-01,2026-06-30,Medium single rate & dedicated circuit,Medium industrial & commercial,final,ausnet-network-tariff-schedule-2025-26
ausnet,NEE42,2023-07-01,2024-06-30,Medium single rate & dedicated circuit with afternoon boost,Medium industrial & commercial,final,ausnet-annual-pricing-proposal-2023-24
ausnet,NEE42,2024-07-01,2025-06-30,Medium single rate & dedicated circuit with afternoon boost,Medium industrial & commercial,provisional,aer-stakeholder-report-ausnet-2024-25
ausnet,NEE42,2025-07-01,2026-06-30,Medium single rate & dedicated circuit with afternoon boost,Medium industrial & commercial,final,ausnet-network-tariff-schedule-2025-26
ausnet,NEE43,2023-07-01,2024-06-30,Medium single rate & dedicated circuit 8:00 to 8:00,Medium industrial & commercial,final,ausnet-annual-pricing-proposal-2023-24
ausnet,NEE43,2024-07-01,2025-06-30,Medium single rate & dedicated circuit 8:00 to 8:00,Medium industrial & commercial,provisional,aer-stakeholder-report-ausnet-2024-25
ausnet,NEE43,2025-07-01,2026-06-30,Medium single rate & dedicated circuit 8:00 to 8:00,Medium industrial & commercial,final,ausnet-network-tariff-schedule-2025-26
ausnet,NEE51,2023-07-01,2024-06-30,Medium two rate,Medium industrial & commercial,final,ausnet-annual-pricing-proposal-2023-24
ausnet,NEE51,2024-07-01,2025-06-30,Medium two rate,Medium industrial & commercial,provisional,aer-stakeholder-report-ausnet-2024-25
ausnet,NEE51,2025-07-01,2026-06-30,Medium two rate,Medium industrial & commercial,final,ausnet-network-tariff-schedule-2025-26
ausnet,NEE52,2023-07-01,2024-06-30,Medium unmetered,Medium industrial & commercial,final,ausnet-annual-pricing-proposal-2023-24
ausnet,NEE52,2024-07-01,2025-06-30,Medium unmetered,Medium industrial & commercial,provisional,aer-stakeholder-report-ausnet-2024-25
ausnet,NEE52,2025-07-01,2026-06-30,Medium unmetered,Medium industrial & commercial,final,ausnet-network-tariff-schedule-2025-26
ausnet,NEE52,2026-07-01,2027-06-30,Medium unmetered,Medium industrial & commercial,final,ausnet-network-tariff-schedule-2026-27-20260515
ausnet,NEE55,2023-07-01,2024-06-30,Medium snowfields,Medium industrial & commercial,final,ausnet-annual-pricing-proposal-2023-24
ausnet,NEE55,2024-07-01,2025-06-30,Medium snowfields,Medium industrial & commercial,provisional,aer-stakeholder-report-ausnet-2024-25
ausnet,NEE55,2025-07-01,2026-06-30,Medium snowfields,Medium industrial & commercial,final,ausnet-network-tariff-schedule-2025-26
ausnet,NEE55,2026-07-01,2027-06-30,Medium snowfields,Medium industrial & commercial,final,ausnet-network-tariff-schedule-2026-27-20260515
ausnet,NEE60,2023-07-01,2024-06-30,Medium seven day two rate,Medium industrial & commercial,final,ausnet-annual-pricing-proposal-2023-24
ausnet,NEE60,2024-07-01,2025-06-30,Medium seven day two rate,Medium industrial & commercial,provisional,aer-stakeholder-report-ausnet-2024-25
ausnet,NEE60,2025-07-01,2026-06-30,Medium seven day two rate,Medium industrial & commercial,final,ausnet-network-tariff-schedule-2025-26
ausnet,NEE74,2023-07-01,2024-06-30,Large two rate,Large industrial & commercial,final,ausnet-annual-pricing-proposal-2023-24
ausnet,NEE74,2024-07-01,2025-06-30,Large two rate,Large industrial & commercial,provisional,aer-stakeholder-report-ausnet-2024-25
ausnet,NEE74,2025-07-01,2026-06-30,Large two rate,Large industrial & commercial,final,ausnet-network-tariff-schedule-2025-26
ausnet,NEE93,2023-07-01,2024-06-30,Large Labtrobe Valley open cut supplies,Sub transmission,final,ausnet-annual-pricing-proposal-2023-24
ausnet,NEE93,2025-07-01,2026-06-30,Large Labtrobe Valley open cut supplies,Sub transmission,final,ausnet-network-tariff-schedule-2025-26
ausnet,NEE93,2026-07-01,2027-06-30,Large Labtrobe Valley open cut supplies,Sub transmission,final,ausnet-network-tariff-schedule-2026-27-20260515
ausnet,NEN11,2023-07-01,2024-06-30,Small single rate within embedded network,Residential,final,ausnet-annual-pricing-proposal-2023-24
ausnet,NEN11,2024-07-01,2025-06-30,Small single rate within embedded network,Residential,provisional,aer-stakeholder-report-ausnet-2024-25
ausnet,NEN11,2025-07-01,2026-06-30,Small single rate within embedded network,Residential,final,ausnet-network-tariff-schedule-2025-26
ausnet,NEN12,2023-07-01,2024-06-30,Small single rate within embedded network,Small industrial & commercial,final,ausnet-annual-pricing-proposal-2023-24
ausnet,NEN12,2024-07-01,2025-06-30,Small single rate within embedded network (business),Small industrial & commercial,provisional,aer-stakeholder-report-ausnet-2024-25
ausnet,NEN12,2025-07-01,2026-06-30,Small single rate within embedded network,Small industrial & commercial,final,ausnet-network-tariff-schedule-2025-26
ausnet,NEN20,2023-07-01,2024-06-30,Small two rate within embedded network,Residential,final,ausnet-annual-pricing-proposal-2023-24
ausnet,NEN20,2024-07-01,2025-06-30,Small two rate within embedded network,Residential,provisional,aer-stakeholder-report-ausnet-2024-25
ausnet,NEN20,2025-07-01,2026-06-30,Small two rate within embedded network,Residential,final,ausnet-network-tariff-schedule-2025-26
ausnet,NEN21,2023-07-01,2024-06-30,Small two rate within embedded network,Small industrial & commercial,final,ausnet-annual-pricing-proposal-2023-24
ausnet,NEN21,2024-07-01,2025-06-30,Small two rate within embedded network (business),Small industrial & commercial,provisional,aer-stakeholder-report-ausnet-2024-25
ausnet,NEN21,2025-07-01,2026-06-30,Small two rate within embedded network,Small industrial & commercial,final,ausnet-network-tariff-schedule-2025-26
ausnet,NEN56,2023-07-01,2024-06-30,Medium critical peak demand 160 MWh to 400 MWh within embedded,Medium industrial & commercial,final,ausnet-annual-pricing-proposal-2023-24
ausnet,NEN56,2024-07-01,2025-06-30,Medium critical peak demand 160 MWh to 400 MWh within embedded network,Medium industrial & commercial,provisional,aer-stakeholder-report-ausnet-2024-25
ausnet,NEN56,2025-07-01,2026-06-30,Medium critical peak demand 160 MWh to 400 MWh within embedded network,Medium industrial & commercial,final,ausnet-network-tariff-schedule-2025-26
ausnet,NEN56,2026-07-01,2027-06-30,Medium critical peak demand 160 MWh to 400 MWh within embedded network,Medium industrial & commercial,final,ausnet-network-tariff-schedule-2026-27-20260515
ausnet,NSP20,2023-07-01,2024-06-30,Small interval meter time of use,Residential,final,ausnet-annual-pricing-proposal-2023-24
ausnet,NSP20,2024-07-01,2025-06-30,Small interval meter time of use,Residential,provisional,aer-stakeholder-report-ausnet-2024-25
ausnet,NSP20,2025-07-01,2026-06-30,Small interval meter time of use,Residential,final,ausnet-network-tariff-schedule-2025-26
ausnet,NSP20,2026-07-01,2027-06-30,Small interval meter time of use,Residential,final,ausnet-network-tariff-schedule-2026-27-20260515
ausnet,NSP21,2023-07-01,2024-06-30,Small interval meter time of use,Small industrial & commercial,final,ausnet-annual-pricing-proposal-2023-24
ausnet,NSP21,2024-07-01,2025-06-30,Small interval meter time of use (business),Small industrial & commercial,provisional,aer-stakeholder-report-ausnet-2024-25
ausnet,NSP21,2025-07-01,2026-06-30,Small interval meter time of use,Small industrial & commercial,final,ausnet-network-tariff-schedule-2025-26
ausnet,NSP21,2026-07-01,2027-06-30,Small interval meter time of use,Small industrial & commercial,final,ausnet-network-tariff-schedule-2026-27-20260515
ausnet,NSP23,2023-07-01,2024-06-30,Small interval meter time of use solar installation standard feed in,Residential,final,ausnet-annual-pricing-proposal-2023-24
ausnet,NSP23,2024-07-01,2025-06-30,Small interval meter time of use solar installation standard feed in,Residential,provisional,aer-stakeholder-report-ausnet-2024-25
ausnet,NSP23,2025-07-01,2026-06-30,Small interval meter time of use solar installation standard feed in,Residential,final,ausnet-network-tariff-schedule-2025-26
ausnet,NSP23,2026-07-01,2027-06-30,Small interval meter time of use solar installation standard feed in,Residential,final,ausnet-network-tariff-schedule-2026-27-20260515
ausnet,NSP27,2023-07-01,2024-06-30,Small interval meter low peak time of use,Small industrial & commercial,final,ausnet-annual-pricing-proposal-2023-24
ausnet,NSP27,2024-07-01,2025-06-30,Small interval meter low peak time of use (business),Small industrial & commercial,provisional,aer-stakeholder-report-ausnet-2024-25
ausnet,NSP27,2025-07-01,2026-06-30,Small interval meter low peak time of use,Small industrial & commercial,final,ausnet-network-tariff-schedule-2025-26
ausnet,NSP27,2026-07-01,2027-06-30,Small interval meter low peak time of use,Small industrial & commercial,final,ausnet-network-tariff-schedule-2026-27-20260515
ausnet,NSP55,2023-07-01,2024-06-30,Medium interval meter time of use snowfields,Medium industrial & commercial,final,ausnet-annual-pricing-proposal-2023-24
ausnet,NSP55,2024-07-01,2025-06-30,Medium interval meter time of use snowfields,Medium industrial & commercial,provisional,aer-stakeholder-report-ausnet-2024-25
ausnet,NSP55,2025-07-01,2026-06-30,Medium interval meter time of use snowfields,Medium industrial & commercial,final,ausnet-network-tariff-schedule-2025-26
ausnet,NSP55,2026-07-01,2027-06-30,Medium interval meter time of use snowfields,Medium industrial & commercial,final,ausnet-network-tariff-schedule-2026-27-20260515
ausnet,NSP56,2023-07-01,2024-06-30,Medium critical peak demand 160 MWh to 400 MWh,Medium industrial & commercial,final,ausnet-annual-pricing-proposal-2023-24
ausnet,NSP56,2024-07-01,2025-06-30,Medium critical peak demand 160 MWh to 400 MWh,Medium industrial & commercial,provisional,aer-stakeholder-report-ausnet-2024-25
ausnet,NSP56,2025-07-01,2026-06-30,Medium critical peak demand 160 MWh to 400 MWh,Medium industrial & commercial,final,ausnet-network-tariff-schedule-2025-26
ausnet,NSP56,2026-07-01,2027-06-30,Medium critical peak demand 160 MWh to 400 MWh,Medium industrial & commercial,final,ausnet-network-tariff-schedule-2026-27-20260515
ausnet,NSP56T,2024-07-01,2025-06-30,CPD+,Tariff trial,final,ausnet-annual-pricing-proposal-2024-25
ausnet,NSP75,2023-07-01,2024-06-30,Large critical peak demand 400 MWh to 750 MWh,Large industrial & commercial,final,ausnet-annual-pricing-proposal-2023-24
ausnet,NSP75,2024-07-01,2025-06-30,Large critical peak demand 400 MWh to 750 MWh,Large industrial & commercial,provisional,aer-stakeholder-report-ausnet-2024-25
ausnet,NSP75,2025-07-01,2026-06-30,Large critical peak demand 400 MWh to 750 MWh,Large industrial & commercial,final,ausnet-network-tariff-schedule-2025-26
ausnet,NSP75,2026-07-01,2027-06-30,Large critical peak demand 400 MWh to 750 MWh,Large industrial & commercial,final,ausnet-network-tariff-schedule-2026-27-20260515
ausnet,NSP75T,2024-07-01,2025-06-30,CPD+,Tariff trial,final,ausnet-annual-pricing-proposal-2024-25
ausnet,NSP76,2023-07-01,2024-06-30,Large critical peak demand 750 MWh to 2000 MWh,Large industrial & commercial,final,ausnet-annual-pricing-proposal-2023-24
ausnet,NSP76,2024-07-01,2025-06-30,Large critical peak demand 750 MWh to 2000 MWh,Large industrial & commercial,provisional,aer-stakeholder-report-ausnet-2024-25
ausnet,NSP76,2025-07-01,2026-06-30,Large critical peak demand 750 MWh to 2000 MWh,Large industrial & commercial,final,ausnet-network-tariff-schedule-2025-26
ausnet,NSP76,2026-07-01,2027-06-30,Large critical peak demand 750 MWh to 2000 MWh,Large industrial & commercial,final,ausnet-network-tariff-schedule-2026-27-20260515
ausnet,NSP76T,2024-07-01,2025-06-30,CPD+,Tariff trial,final,ausnet-annual-pricing-proposal-2024-25
ausnet,NSP77,2023-07-01,2024-06-30,Large critical peak demand 2000 MWh to 4000 MWh,Large industrial & commercial,final,ausnet-annual-pricing-proposal-2023-24
ausnet,NSP77,2024-07-01,2025-06-30,Large critical peak demand 2000 MWh to 4000 MWh,Large industrial & commercial,provisional,aer-stakeholder-report-ausnet-2024-25
ausnet,NSP77,2025-07-01,2026-06-30,Large critical peak demand 2000 MWh to 4000 MWh,Large industrial & commercial,final,ausnet-network-tariff-schedule-2025-26
ausnet,NSP77,2026-07-01,2027-06-30,Large critical peak demand 2000 MWh to 4000 MWh,Large industrial & commercial,final,ausnet-network-tariff-schedule-2026-27-20260515
ausnet,NSP77T,2024-07-01,2025-06-30,CPD+,Tariff trial,final,ausnet-annual-pricing-proposal-2024-25
ausnet,NSP78,2023-07-01,2024-06-30,Large critical peak demand over 4000 MWh,Large industrial & commercial,final,ausnet-annual-pricing-proposal-2023-24
ausnet,NSP78,2024-07-01,2025-06-30,Large critical peak demand over 4000 MWh,Large industrial & commercial,provisional,aer-stakeholder-report-ausnet-2024-25
ausnet,NSP78,2025-07-01,2026-06-30,Large critical peak demand over 4000 MWh,Large industrial & commercial,final,ausnet-network-tariff-schedule-2025-26
ausnet,NSP78,2026-07-01,2027-06-30,Large critical peak demand over 4000 MWh,Large industrial & commercial,final,ausnet-network-tariff-schedule-2026-27-20260515
ausnet,NSP78T,2024-07-01,2025-06-30,CPD+,Tariff trial,final,ausnet-annual-pricing-proposal-2024-25
ausnet,NSP79T,2024-07-01,2025-06-30,CPD Flex,Tariff trial,final,ausnet-annual-pricing-proposal-2024-25
ausnet,NSP81,2023-07-01,2024-06-30,High voltage critical peak demand,High voltage,final,ausnet-annual-pricing-proposal-2023-24
ausnet,NSP81,2024-07-01,2025-06-30,High voltage critical peak demand,High voltage,provisional,aer-stakeholder-report-ausnet-2024-25
ausnet,NSP81,2025-07-01,2026-06-30,High voltage critical peak demand,High voltage,final,ausnet-network-tariff-schedule-2025-26
ausnet,NSP81,2026-07-01,2027-06-30,High voltage critical peak demand,High voltage,final,ausnet-network-tariff-schedule-2026-27-20260515
ausnet,NSP82,2023-07-01,2024-06-30,High voltage critical peak demand traction,High voltage,final,ausnet-annual-pricing-proposal-2023-24
ausnet,NSP82,2025-07-01,2026-06-30,High voltage critical peak demand traction,High voltage,final,ausnet-network-tariff-schedule-2025-26
ausnet,NSP82,2026-07-01,2027-06-30,High voltage critical peak demand traction,High voltage,final,ausnet-network-tariff-schedule-2026-27-20260515
ausnet,NSP83,2023-07-01,2024-06-30,High voltage critical peak demand low energy use,High voltage,final,ausnet-annual-pricing-proposal-2023-24
ausnet,NSP83,2024-07-01,2025-06-30,High voltage critical peak demand low energy use,High voltage,provisional,aer-stakeholder-report-ausnet-2024-25
ausnet,NSP83,2025-07-01,2026-06-30,High voltage critical peak demand low energy use,High voltage,final,ausnet-network-tariff-schedule-2025-26
ausnet,NSP83,2026-07-01,2027-06-30,High voltage critical peak demand low energy use,High voltage,final,ausnet-network-tariff-schedule-2026-27-20260515
ausnet,NSP91,2023-07-01,2024-06-30,Sub transmission critical peak demand < 25 MVA & < 20 km from ts,Sub transmission,final,ausnet-annual-pricing-proposal-2023-24
ausnet,NSP91,2025-07-01,2026-06-30,Sub transmission critical peak demand < 25 MVA & < 20 km from ts,Sub transmission,final,ausnet-network-tariff-schedule-2025-26
ausnet,NSP91,2026-07-01,2027-06-30,Sub transmission critical peak demand < 25 MVA & < 20 km from ts,Sub transmission,final,ausnet-network-tariff-schedule-2026-27-20260515
ausnet,NSP94,2023-07-01,2024-06-30,Sub transmission critical peak demand > 25 MVA & < 20 km from ts,Sub transmission,final,ausnet-annual-pricing-proposal-2023-24
ausnet,NSP94,2025-07-01,2026-06-30,Sub transmission critical peak demand > 25 MVA & < 20 km from ts,Sub transmission,final,ausnet-network-tariff-schedule-2025-26
ausnet,NSP94,2026-07-01,2027-06-30,Sub transmission critical peak demand > 25 MVA & < 20 km from ts,Sub transmission,final,ausnet-network-tariff-schedule-2026-27-20260515
ausnet,NSP95,2023-07-01,2024-06-30,Sub transmission critical peak demand < 25 MVA & > 20 km from ts,Sub transmission,final,ausnet-annual-pricing-proposal-2023-24
ausnet,NSP95,2025-07-01,2026-06-30,Sub transmission critical peak demand < 25 MVA & > 20 km from ts,Sub transmission,final,ausnet-network-tariff-schedule-2025-26
ausnet,NSP95,2026-07-01,2027-06-30,Sub transmission critical peak demand < 25 MVA & > 20 km from ts,Sub transmission,final,ausnet-network-tariff-schedule-2026-27-20260515
ausnet,NSSL01T,2024-07-01,2025-06-30,Neighbourhood storage tariff (large),Tariff trial,final,ausnet-annual-pricing-proposal-2024-25
ausnet,NSSM01T,2024-07-01,2025-06-30,Neighbourhood storage tariff (medium),Tariff trial,final,ausnet-annual-pricing-proposal-2024-25
ausnet,RCER11,2026-07-01,2027-06-30,Residential CER,Residential,final,ausnet-network-tariff-schedule-2026-27-20260515
ausnet,SSP21,2023-07-01,2024-06-30,Small interval meter time of use solar installation premium feed in,Small industrial & commercial,final,ausnet-annual-pricing-proposal-2023-24
ausnet,SSP21,2024-07-01,2025-06-30,Small interval meter time of use solar installation premium feed in (business),Small industrial & commercial,provisional,aer-stakeholder-report-ausnet-2024-25
ausnet,SSP21,2025-07-01,2026-06-30,Small interval meter time of use solar installation premium feed in (business),,provisional,aer-consolidated-2025-26-v5
ausnet,SSP23,2023-07-01,2024-06-30,Small interval meter time of use solar installation premium feed in,Residential,final,ausnet-annual-pricing-proposal-2023-24
ausnet,SSP23,2024-07-01,2025-06-30,Small interval meter time of use solar installation premium feed in,Residential,provisional,aer-stakeholder-report-ausnet-2024-25
ausnet,SSP23,2025-07-01,2026-06-30,Small interval meter time of use solar installation premium feed in,,provisional,aer-consolidated-2025-26-v5
ausnet,SSP27,2023-07-01,2024-06-30,Small interval meter time of use solar installation standard feed in,Small industrial & commercial,final,ausnet-annual-pricing-proposal-2023-24
ausnet,SSP27,2024-07-01,2025-06-30,Small interval meter time of use solar installation standard feed in (business),Small industrial & commercial,provisional,aer-stakeholder-report-ausnet-2024-25
ausnet,SSP27,2025-07-01,2026-06-30,Small interval meter time of use solar installation standard feed in,Small industrial & commercial,final,ausnet-network-tariff-schedule-2025-26
ausnet,SSP27,2026-07-01,2027-06-30,Small interval meter time of use solar installation standard feed in,Small industrial & commercial,final,ausnet-network-tariff-schedule-2026-27-20260515
ausnet,STSS,2026-07-01,2027-06-30,Sub transmission site specific critical peak demand > 50 MVA,Sub transmission,final,ausnet-network-tariff-schedule-2026-27-20260515
ausnet,UESH01T,2024-07-01,2025-06-30,Utility energy storge system (HV),Tariff trial,final,ausnet-annual-pricing-proposal-2024-25
ausnet,UESS01T,2024-07-01,2025-06-30,Utility energy storge system (Sub-Tx),Tariff trial,final,ausnet-annual-pricing-proposal-2024-25
citipower,C1G,2023-07-01,2024-06-30,Small Business Single Rate,,final,citipower-pricing-proposal-2023-24-wayback
citipower,C1G,2024-07-01,2025-06-30,Small Business Single Rate,,final,citipower-pricing-proposal-2024-25-28mar2024-wayback
citipower,C1G,2025-07-01,2026-06-30,Small Business Single Rate,,provisional,aer-consolidated-2025-26-v5
citipower,C1G,2026-07-01,2027-06-30,Small business single rate,,final,citipower-tariff-summary-2026-27-07may2026
citipower,C1R,2023-07-01,2024-06-30,Residential Single Rate,,final,citipower-pricing-proposal-2023-24-wayback
citipower,C1R,2024-07-01,2025-06-30,Residential Single Rate,,final,citipower-pricing-proposal-2024-25-28mar2024-wayback
citipower,C1R,2025-07-01,2026-06-30,Residential Single Rate,,provisional,aer-consolidated-2025-26-v5
citipower,C1R,2026-07-01,2027-06-30,Residential single rate,,final,citipower-tariff-summary-2026-27-07may2026
citipower,C2U,2023-07-01,2024-06-30,Unmetered Supply,,final,citipower-pricing-proposal-2023-24-wayback
citipower,C2U,2024-07-01,2025-06-30,Unmetered supply,,final,citipower-pricing-proposal-2024-25-28mar2024-wayback
citipower,C2U,2025-07-01,2026-06-30,Unmetered Supplies / Public Lighting,,provisional,aer-consolidated-2025-26-v5
citipower,C2U,2026-07-01,2027-06-30,Type 7 or 9 metering,,final,citipower-tariff-summary-2026-27-07may2026
citipower,CDBB,2023-07-01,2024-06-30,Distributor-owned community battery,,final,citipower-pricing-proposal-2023-24-wayback
citipower,CDBB,2024-07-01,2025-06-30,Distributor-owned community battery,,final,citipower-pricing-proposal-2024-25-28mar2024-wayback
citipower,CDS,2023-07-01,2024-06-30,Dedicated Circuit,,final,citipower-pricing-proposal-2023-24-wayback
citipower,CDS,2024-07-01,2025-06-30,Dedicated circuit,,final,citipower-pricing-proposal-2024-25-28mar2024-wayback
citipower,CDS,2025-07-01,2026-06-30,Residential Dedicated Circuit,,provisional,aer-consolidated-2025-26-v5
citipower,CDS,2026-07-01,2027-06-30,Dedicated circuit,,final,citipower-tariff-summary-2026-27-07may2026
citipower,CFL,2026-07-01,2027-06-30,Flexible large,,final,citipower-tariff-summary-2026-27-07may2026
citipower,CFS,2026-07-01,2027-06-30,Flexible small,,final,citipower-tariff-summary-2026-27-07may2026
citipower,CFTUOS,2026-07-01,2027-06-30,Flexible TUOS Pass-Through,,provisional,aer-consolidated-2026-27-v5
citipower,CG,2023-07-01,2024-06-30,Small Business Demand Tariff,,final,citipower-pricing-proposal-2023-24-wayback
citipower,CG,2024-07-01,2025-06-30,Small Business Demand,,final,citipower-pricing-proposal-2024-25-28mar2024-wayback
citipower,CG,2025-07-01,2026-06-30,Small Business Demand,,provisional,aer-consolidated-2025-26-v5
citipower,CG,2026-07-01,2027-06-30,Small business demand,,final,citipower-tariff-summary-2026-27-07may2026
citipower,CGTOU,2023-07-01,2024-06-30,Small Business ToU,,final,citipower-pricing-proposal-2023-24-wayback
citipower,CGTOU,2024-07-01,2025-06-30,Small Business ToU,,final,citipower-pricing-proposal-2024-25-28mar2024-wayback
citipower,CGTOU,2025-07-01,2026-06-30,Small Business ToU,,provisional,aer-consolidated-2025-26-v5
citipower,CGTOU,2026-07-01,2027-06-30,Small business ToU,,final,citipower-tariff-summary-2026-27-07may2026
citipower,CHV,2024-07-01,2025-06-30,High Voltage (opt-in),High voltage,provisional,aer-stakeholder-report-citipower-2024-25
citipower,CHV,2025-07-01,2026-06-30,High Voltage (opt-in),,provisional,aer-consolidated-2025-26-v5
citipower,CHV,2026-07-01,2027-06-30,High Voltage,,provisional,aer-consolidated-2026-27-v5
citipower,CHV1,2023-07-01,2024-06-30,High Voltage,,final,citipower-pricing-proposal-2023-24-wayback
citipower,CHV1,2024-07-01,2025-06-30,High Voltage,,final,citipower-pricing-proposal-2024-25-28mar2024-wayback
citipower,CHV1,2026-07-01,2027-06-30,High voltage 1,,final,citipower-tariff-summary-2026-27-07may2026
citipower,CHV2,2023-07-01,2024-06-30,High Voltage,,final,citipower-pricing-proposal-2023-24-wayback
citipower,CHV2,2024-07-01,2025-06-30,High Voltage,,final,citipower-pricing-proposal-2024-25-28mar2024-wayback
citipower,CHV2,2026-07-01,2027-06-30,High voltage 2,,final,citipower-tariff-summary-2026-27-07may2026
citipower,CHV3,2026-07-01,2027-06-30,High voltage 3,,final,citipower-tariff-summary-2026-27-07may2026
citipower,CHVT,2024-07-01,2025-06-30,High Voltage,High voltage,provisional,aer-stakeholder-report-citipower-2024-25
citipower,CHVT,2025-07-01,2026-06-30,High Voltage,,provisional,aer-consolidated-2025-26-v5
citipower,CHVT1,2023-07-01,2024-06-30,High Voltage Transitional,,final,citipower-pricing-proposal-2023-24-wayback
citipower,CHVT1,2024-07-01,2025-06-30,High Voltage Transitional,,final,citipower-pricing-proposal-2024-25-28mar2024-wayback
citipower,CHVT2,2023-07-01,2024-06-30,High Voltage Transitional,,final,citipower-pricing-proposal-2023-24-wayback
citipower,CHVT2,2024-07-01,2025-06-30,High Voltage Transitional,,final,citipower-pricing-proposal-2024-25-28mar2024-wayback
citipower,CLLV,2024-07-01,2025-06-30,Large low Voltage (opt-in),Large low voltage,provisional,aer-stakeholder-report-citipower-2024-25
citipower,CLLV,2025-07-01,2026-06-30,Large low Voltage (opt-in),,provisional,aer-consolidated-2025-26-v5
citipower,CLLV,2026-07-01,2027-06-30,Large low Voltage,,provisional,aer-consolidated-2026-27-v5
citipower,CLLV1,2023-07-01,2024-06-30,Large low Voltage,,final,citipower-pricing-proposal-2023-24-wayback
citipower,CLLV1,2024-07-01,2025-06-30,Large low Voltage,,final,citipower-pricing-proposal-2024-25-28mar2024-wayback
citipower,CLLV1,2026-07-01,2027-06-30,Large low voltage 1,,final,citipower-tariff-summary-2026-27-07may2026
citipower,CLLV2,2023-07-01,2024-06-30,Large low Voltage,,final,citipower-pricing-proposal-2023-24-wayback
citipower,CLLV2,2024-07-01,2025-06-30,Large low Voltage,,final,citipower-pricing-proposal-2024-25-28mar2024-wayback
citipower,CLLV2,2026-07-01,2027-06-30,Large low voltage 2,,final,citipower-tariff-summary-2026-27-07may2026
citipower,CLLV3,2026-07-01,2027-06-30,Large low voltage 3,,final,citipower-tariff-summary-2026-27-07may2026
citipower,CLLVT,2024-07-01,2025-06-30,Large low Voltage,Large low voltage,provisional,aer-stakeholder-report-citipower-2024-25
citipower,CLLVT,2025-07-01,2026-06-30,Large low Voltage,,provisional,aer-consolidated-2025-26-v5
citipower,CLLVT1,2023-07-01,2024-06-30,Large low Voltage Transitional,,final,citipower-pricing-proposal-2023-24-wayback
citipower,CLLVT1,2024-07-01,2025-06-30,Large low Voltage Transitional,,final,citipower-pricing-proposal-2024-25-28mar2024-wayback
citipower,CLLVT2,2023-07-01,2024-06-30,Large low Voltage Transitional,,final,citipower-pricing-proposal-2023-24-wayback
citipower,CLLVT2,2024-07-01,2025-06-30,Large low Voltage Transitional,,final,citipower-pricing-proposal-2024-25-28mar2024-wayback
citipower,CMG,2023-07-01,2024-06-30,Medium Business Demand,,final,citipower-pricing-proposal-2023-24-wayback
citipower,CMG,2024-07-01,2025-06-30,Medium Business Demand,,final,citipower-pricing-proposal-2024-25-28mar2024-wayback
citipower,CMG,2025-07-01,2026-06-30,Medium Business Demand,,provisional,aer-consolidated-2025-26-v5
citipower,CMG,2026-07-01,2027-06-30,Medium business demand,,final,citipower-tariff-summary-2026-27-07may2026
citipower,CMGO21,2023-07-01,2024-06-30,Medium Business Opt-out,,final,citipower-pricing-proposal-2023-24-wayback
citipower,CMGO21,2024-07-01,2025-06-30,Medium Business Opt-out,,final,citipower-pricing-proposal-2024-25-28mar2024-wayback
citipower,CMGO21,2025-07-01,2026-06-30,Medium Business Opt-out,,provisional,aer-consolidated-2025-26-v5
citipower,CMGO21,2026-07-01,2027-06-30,Medium business opt-out,,final,citipower-tariff-summary-2026-27-07may2026
citipower,CNDB,2023-07-01,2024-06-30,Community battery time of use,,final,citipower-pricing-proposal-2023-24-wayback
citipower,CNDB,2024-07-01,2025-06-30,Community battery time of use,,final,citipower-pricing-proposal-2024-25-28mar2024-wayback
citipower,CR,2023-07-01,2024-06-30,Residential Demand,,final,citipower-pricing-proposal-2023-24-wayback
citipower,CR,2024-07-01,2025-06-30,Residential Demand,,final,citipower-pricing-proposal-2024-25-28mar2024-wayback
citipower,CR,2025-07-01,2026-06-30,Residential Demand,,provisional,aer-consolidated-2025-26-v5
citipower,CRCER,2026-07-01,2027-06-30,Residential CER,,final,citipower-tariff-summary-2026-27-07may2026
citipower,CRDS,2023-07-01,2024-06-30,Residential daytime saver,,final,citipower-pricing-proposal-2023-24-wayback
citipower,CRDS,2024-07-01,2025-06-30,Residential daytime saver,,final,citipower-pricing-proposal-2024-25-28mar2024-wayback
citipower,CRSTOU,2026-07-01,2027-06-30,Residential ToU,,final,citipower-tariff-summary-2026-27-07may2026
citipower,CRTOU,2023-07-01,2024-06-30,Residential ToU,,final,citipower-pricing-proposal-2023-24-wayback
citipower,CRTOU,2024-07-01,2025-06-30,Residential ToU,,final,citipower-pricing-proposal-2024-25-28mar2024-wayback
citipower,CRTOU,2025-07-01,2026-06-30,Residential ToU,,provisional,aer-consolidated-2025-26-v5
citipower,CST2,2023-07-01,2024-06-30,Subtransmission,,final,citipower-pricing-proposal-2023-24-wayback
citipower,CST2,2024-07-01,2025-06-30,Subtransmission,,final,citipower-pricing-proposal-2024-25-28mar2024-wayback
citipower,CST2,2025-07-01,2026-06-30,Subtransmission,,provisional,aer-consolidated-2025-26-v5
citipower,CST2,2026-07-01,2027-06-30,Subtransmission,,final,citipower-tariff-summary-2026-27-07may2026
citipower,EVCTOU,2026-07-01,2027-06-30,Residential kerbside EV charger,,final,citipower-tariff-summary-2026-27-07may2026
citipower,GT,2023-07-01,2024-06-30,Generator storage,,final,citipower-pricing-proposal-2023-24-wayback
citipower,GT,2024-07-01,2025-06-30,Generator storage,,final,citipower-pricing-proposal-2024-25-28mar2024-wayback
endeavour,ENNW,2024-07-01,2025-06-30,Nightwatch,,final,endeavour-nuos-price-list-2024-25-v10
endeavour,ENNW,2025-07-01,2026-06-30,Nightwatch,,final,endeavour-nuos-price-list-2025-26-v11
endeavour,ENNW,2026-07-01,2027-06-30,Nightwatch,,final,endeavour-nuos-price-list-2026-27
endeavour,ENSL,2024-07-01,2025-06-30,Streetlighting,,final,endeavour-nuos-price-list-2024-25-v10
endeavour,ENSL,2025-07-01,2026-06-30,Streetlighting,,final,endeavour-nuos-price-list-2025-26-v11
endeavour,ENSL,2026-07-01,2027-06-30,Streetlighting,,final,endeavour-nuos-price-list-2026-27
endeavour,ENTL,2024-07-01,2025-06-30,Traffic Control Signal Lights,,final,endeavour-nuos-price-list-2024-25-v10
endeavour,ENTL,2025-07-01,2026-06-30,Traffic Control Signal Lights,,final,endeavour-nuos-price-list-2025-26-v11
endeavour,ENTL,2026-07-01,2027-06-30,Traffic Control Signal Lights,,final,endeavour-nuos-price-list-2026-27
endeavour,GENR,2024-07-01,2025-06-30,Generation(1) (2),,final,endeavour-nuos-price-list-2024-25-v10
endeavour,GENR,2025-07-01,2026-06-30,Generation(1) (2),,final,endeavour-nuos-price-list-2025-26-v11
endeavour,GENR,2026-07-01,2027-06-30,Generation (1) (2),,final,endeavour-nuos-price-list-2026-27
endeavour,N19,2023-07-01,2024-06-30,LV (TOU) Demand,,provisional,endeavour-2023-24-pricing-proposal-31mar2023
endeavour,N19,2024-07-01,2025-06-30,LV STOU Demand,,final,endeavour-nuos-price-list-2024-25-v10
endeavour,N19,2025-07-01,2026-06-30,LV STOU Demand,,final,endeavour-nuos-price-list-2025-26-v11
endeavour,N19,2026-07-01,2027-06-30,LV STOU Demand,,final,endeavour-nuos-price-list-2026-27
endeavour,N20,2024-07-01,2025-06-30,LV STOU Demand - Embedded NW,,final,endeavour-nuos-price-list-2024-25-v10
endeavour,N20,2025-07-01,2026-06-30,LV STOU Demand - Embedded,,final,endeavour-nuos-price-list-2025-26-v11
endeavour,N20,2026-07-01,2027-06-30,LV STOU Demand - Embedded,,final,endeavour-nuos-price-list-2026-27
endeavour,N29,2023-07-01,2024-06-30,HV (TOU) Demand,,provisional,endeavour-2023-24-pricing-proposal-31mar2023
endeavour,N29,2024-07-01,2025-06-30,HV STOU Demand,,final,endeavour-nuos-price-list-2024-25-v10
endeavour,N29,2025-07-01,2026-06-30,HV STOU Demand,,final,endeavour-nuos-price-list-2025-26-v11
endeavour,N29,2026-07-01,2027-06-30,HV STOU Demand,,final,endeavour-nuos-price-list-2026-27
endeavour,N39,2023-07-01,2024-06-30,ST (TOU) Demand,,provisional,endeavour-2023-24-pricing-proposal-31mar2023
endeavour,N39,2024-07-01,2025-06-30,ST STOU Demand,,final,endeavour-nuos-price-list-2024-25-v10
endeavour,N39,2025-07-01,2026-06-30,ST STOU Demand,,final,endeavour-nuos-price-list-2025-26-v11
endeavour,N39,2026-07-01,2027-06-30,ST STOU Demand,,final,endeavour-nuos-price-list-2026-27
endeavour,N50,2023-07-01,2024-06-30,Controlled Load 1,,provisional,endeavour-2023-24-pricing-proposal-31mar2023
endeavour,N50,2024-07-01,2025-06-30,Controlled Load 1,,final,endeavour-nuos-price-list-2024-25-v10
endeavour,N50,2025-07-01,2026-06-30,Controlled Load 1,,final,endeavour-nuos-price-list-2025-26-v11
endeavour,N50,2026-07-01,2027-06-30,Controlled Load 1,,final,endeavour-nuos-price-list-2026-27
endeavour,N54,2023-07-01,2024-06-30,Controlled Load 2,,provisional,endeavour-2023-24-pricing-proposal-31mar2023
endeavour,N54,2024-07-01,2025-06-30,Controlled Load 2,,final,endeavour-nuos-price-list-2024-25-v10
endeavour,N54,2025-07-01,2026-06-30,Controlled Load 2,,final,endeavour-nuos-price-list-2025-26-v11
endeavour,N54,2026-07-01,2027-06-30,Controlled Load 2,,final,endeavour-nuos-price-list-2026-27
endeavour,N61,2024-07-01,2025-06-30,Prosumer,,final,endeavour-nuos-price-list-2024-25-v10
endeavour,N61,2025-07-01,2026-06-30,Prosumer,,final,endeavour-nuos-price-list-2025-26-v11
endeavour,N61,2026-07-01,2027-06-30,Prosumer,,final,endeavour-nuos-price-list-2026-27
endeavour,N70,2023-07-01,2024-06-30,Residential Flat tariff,,provisional,endeavour-2023-24-pricing-proposal-31mar2023
endeavour,N70,2024-07-01,2025-06-30,Residential Flat,,final,endeavour-nuos-price-list-2024-25-v10
endeavour,N70,2025-07-01,2026-06-30,Residential Flat,,final,endeavour-nuos-price-list-2025-26-v11
endeavour,N70,2026-07-01,2027-06-30,Residential Flat,,final,endeavour-nuos-price-list-2026-27
endeavour,N705,2023-07-01,2024-06-30,Obsolete Residential (type 5) TOU,,provisional,endeavour-2023-24-pricing-proposal-31mar2023
endeavour,N706,2023-07-01,2024-06-30,Obsolete Residential TOU,,provisional,endeavour-2023-24-pricing-proposal-31mar2023
endeavour,N71,2023-07-01,2024-06-30,Residential STOU,,provisional,endeavour-2023-24-pricing-proposal-31mar2023
endeavour,N71,2024-07-01,2025-06-30,Residential STOU,,final,endeavour-nuos-price-list-2024-25-v10
endeavour,N71,2025-07-01,2026-06-30,Residential STOU,,final,endeavour-nuos-price-list-2025-26-v11
endeavour,N71,2026-07-01,2027-06-30,Residential STOU,,final,endeavour-nuos-price-list-2026-27
endeavour,N72,2023-07-01,2024-06-30,Residential Demand,,provisional,endeavour-2023-24-pricing-proposal-31mar2023
endeavour,N72,2024-07-01,2025-06-30,Residential Demand,,final,endeavour-nuos-price-list-2024-25-v10
endeavour,N72,2025-07-01,2026-06-30,Residential Demand,,final,endeavour-nuos-price-list-2025-26-v11
endeavour,N72,2026-07-01,2027-06-30,Residential Demand,,final,endeavour-nuos-price-list-2026-27
endeavour,N73,2023-07-01,2024-06-30,Residential Transitional Demand,,provisional,endeavour-2023-24-pricing-proposal-31mar2023
endeavour,N73,2024-07-01,2025-06-30,Residential Demand Transitional,,final,endeavour-nuos-price-list-2024-25-v10
endeavour,N73,2025-07-01,2026-06-30,Residential Demand Transitional,,final,endeavour-nuos-price-list-2025-26-v11
endeavour,N73,2026-07-01,2027-06-30,Residential Demand Transitional,,final,endeavour-nuos-price-list-2026-27
endeavour,N84,2023-07-01,2024-06-30,Obsolete General Supply TOU,,provisional,endeavour-2023-24-pricing-proposal-31mar2023
endeavour,N845,2023-07-01,2024-06-30,Obsolete General Supply (type 5) TOU,,provisional,endeavour-2023-24-pricing-proposal-31mar2023
endeavour,N89,2023-07-01,2024-06-30,LV Transitional (TOU) Tariff,,provisional,endeavour-2023-24-pricing-proposal-31mar2023
endeavour,N89,2024-07-01,2025-06-30,LV STOU Transitional,,final,endeavour-nuos-price-list-2024-25-v10
endeavour,N89,2025-07-01,2026-06-30,LV STOU Transitional,,final,endeavour-nuos-price-list-2025-26-v11
endeavour,N89,2026-07-01,2027-06-30,LV STOU Transitional,,final,endeavour-nuos-price-list-2026-27
endeavour,N90,2023-07-01,2024-06-30,General Supply Block Tariff,,provisional,endeavour-2023-24-pricing-proposal-31mar2023
endeavour,N90,2024-07-01,2025-06-30,General Supply Block,,final,endeavour-nuos-price-list-2024-25-v10
endeavour,N90,2025-07-01,2026-06-30,General Supply Block,,final,endeavour-nuos-price-list-2025-26-v11
endeavour,N90,2026-07-01,2027-06-30,General Supply Block,,final,endeavour-nuos-price-list-2026-27
endeavour,N91,2023-07-01,2024-06-30,General Supply STOU,,provisional,endeavour-2023-24-pricing-proposal-31mar2023
endeavour,N91,2024-07-01,2025-06-30,GS STOU,,final,endeavour-nuos-price-list-2024-25-v10
endeavour,N91,2025-07-01,2026-06-30,GS STOU,,final,endeavour-nuos-price-list-2025-26-v11
endeavour,N91,2026-07-01,2027-06-30,GS STOU,,final,endeavour-nuos-price-list-2026-27
endeavour,N92,2023-07-01,2024-06-30,General Supply (Seaonal) Demand,,provisional,endeavour-2023-24-pricing-proposal-31mar2023
endeavour,N92,2024-07-01,2025-06-30,GS Demand,,final,endeavour-nuos-price-list-2024-25-v10
endeavour,N92,2025-07-01,2026-06-30,GS Demand,,final,endeavour-nuos-price-list-2025-26-v11
endeavour,N92,2026-07-01,2027-06-30,GS Demand,,final,endeavour-nuos-price-list-2026-27
endeavour,N93,2023-07-01,2024-06-30,General Supply Transitional (Seasonal) Demand,,provisional,endeavour-2023-24-pricing-proposal-31mar2023
endeavour,N93,2024-07-01,2025-06-30,GS Demand Transitional,,final,endeavour-nuos-price-list-2024-25-v10
endeavour,N93,2025-07-01,2026-06-30,GS Demand Transitional,,final,endeavour-nuos-price-list-2025-26-v11
endeavour,N93,2026-07-01,2027-06-30,GS Demand Transitional,,final,endeavour-nuos-price-list-2026-27
endeavour,N95,2024-07-01,2025-06-30,Storage,,final,endeavour-nuos-price-list-2024-25-v10
endeavour,N95,2025-07-01,2026-06-30,Storage,,final,endeavour-nuos-price-list-2025-26-v11
endeavour,N95,2026-07-01,2027-06-30,Storage,,final,endeavour-nuos-price-list-2026-27
endeavour,N99,2023-07-01,2024-06-30,Unmetered Supply tariff,,provisional,endeavour-2023-24-pricing-proposal-31mar2023
endeavour,N99,2024-07-01,2025-06-30,Unmetered Supply,,final,endeavour-nuos-price-list-2024-25-v10
endeavour,N99,2025-07-01,2026-06-30,Unmetered Supply,,final,endeavour-nuos-price-list-2025-26-v11
endeavour,N99,2026-07-01,2027-06-30,Unmetered Supply,,final,endeavour-nuos-price-list-2026-27
endeavour,NC01,2024-07-01,2025-06-30,"Residential Flat, Controlled Load 1",,final,endeavour-nuos-price-list-2024-25-v10
endeavour,NC02,2024-07-01,2025-06-30,"Residential Flat, Controlled Load 2",,final,endeavour-nuos-price-list-2024-25-v10
endeavour,NC03,2024-07-01,2025-06-30,"General Supply Block, Controlled Load 1",,final,endeavour-nuos-price-list-2024-25-v10
endeavour,NC04,2024-07-01,2025-06-30,"General Supply Block, Controlled Load 2",,final,endeavour-nuos-price-list-2024-25-v10
endeavour,NC1,2023-07-01,2024-06-30,Residential / CL1,,provisional,endeavour-2023-24-pricing-proposal-31mar2023
endeavour,NC2,2023-07-01,2024-06-30,Residential / CL2,,provisional,endeavour-2023-24-pricing-proposal-31mar2023
endeavour,NC3,2023-07-01,2024-06-30,General Supply / CL1,,provisional,endeavour-2023-24-pricing-proposal-31mar2023
endeavour,NC4,2023-07-01,2024-06-30,General Supply / CL2,,provisional,endeavour-2023-24-pricing-proposal-31mar2023
endeavour,NESG,2024-07-01,2025-06-30,Generation Gross(1),,final,endeavour-nuos-price-list-2024-25-v10
endeavour,NESG,2025-07-01,2026-06-30,Generation Gross(1),,final,endeavour-nuos-price-list-2025-26-v11
endeavour,NESG,2026-07-01,2027-06-30,Generation Gross (1),,final,endeavour-nuos-price-list-2026-27
endeavour,NESN,2024-07-01,2025-06-30,Generation Net(1),,final,endeavour-nuos-price-list-2024-25-v10
endeavour,NESN,2025-07-01,2026-06-30,Generation Net(1),,final,endeavour-nuos-price-list-2025-26-v11
endeavour,NESN,2026-07-01,2027-06-30,Generation Net (1),,final,endeavour-nuos-price-list-2026-27
endeavour,NFIT,2024-07-01,2025-06-30,"Gen Gross Net meter, 'Detented'",,final,endeavour-nuos-price-list-2024-25-v10
endeavour,NFT0,2024-07-01,2025-06-30,"Residential Flat, Gen Net DR meter",,final,endeavour-nuos-price-list-2024-25-v10
endeavour,NFT2,2024-07-01,2025-06-30,"Gen Gross Net meter, 'Detented'",,final,endeavour-nuos-price-list-2024-25-v10
endeavour,NFT3,2024-07-01,2025-06-30,"Gen Net meter, 'Detented'",,final,endeavour-nuos-price-list-2024-25-v10
endeavour,NFT4,2024-07-01,2025-06-30,"Gen Net meter, 'Detented'",,final,endeavour-nuos-price-list-2024-25-v10
endeavour,NFT9,2024-07-01,2025-06-30,"Residential Flat, Gen Net DR meter",,final,endeavour-nuos-price-list-2024-25-v10
endeavour,NFTA,2024-07-01,2025-06-30,"General Supply Block, Gen Net",,final,endeavour-nuos-price-list-2024-25-v10
endeavour,NFTB,2024-07-01,2025-06-30,"General Supply Block, Gen Net",,final,endeavour-nuos-price-list-2024-25-v10
endeavour,NFTC,2024-07-01,2025-06-30,"Residential Flat, CL1, Gen Net",,final,endeavour-nuos-price-list-2024-25-v10
endeavour,NFTD,2024-07-01,2025-06-30,"Residential Flat, CL2, Gen Net",,final,endeavour-nuos-price-list-2024-25-v10
endeavour,NFTE,2024-07-01,2025-06-30,"General Supply Block, CL1, Gen Net",,final,endeavour-nuos-price-list-2024-25-v10
endeavour,NFTF,2024-07-01,2025-06-30,"General Supply Block, CL2, Gen Net",,final,endeavour-nuos-price-list-2024-25-v10
endeavour,NFTG,2024-07-01,2025-06-30,"Residential Flat, Gen Gross DR meter",,final,endeavour-nuos-price-list-2024-25-v10
endeavour,NFTH,2024-07-01,2025-06-30,"Residential Flat, Gen Gross DR meter",,final,endeavour-nuos-price-list-2024-25-v10
endeavour,NFTJ,2024-07-01,2025-06-30,"General Supply Block, Gen Gross DR meter",,final,endeavour-nuos-price-list-2024-25-v10
endeavour,NFTK,2024-07-01,2025-06-30,"General Supply Block, Gen Gross DR meter",,final,endeavour-nuos-price-list-2024-25-v10
endeavour,NG70,2024-07-01,2025-06-30,"Residential Flat, Gen Gross",,final,endeavour-nuos-price-list-2024-25-v10
endeavour,NG90,2024-07-01,2025-06-30,"General Supply Block, Gen Gross",,final,endeavour-nuos-price-list-2024-25-v10
endeavour,NS19,2024-07-01,2025-06-30,"LV STOU Demand, Gen Net",,final,endeavour-nuos-price-list-2024-25-v10
endeavour,NS29,2024-07-01,2025-06-30,"HV STOU Demand, Gen Net",,final,endeavour-nuos-price-list-2024-25-v10
endeavour,NS39,2024-07-01,2025-06-30,"ST STOU Demand, Gen Net",,final,endeavour-nuos-price-list-2024-25-v10
endeavour,NS70,2024-07-01,2025-06-30,"Residential Flat, Gen Net",,final,endeavour-nuos-price-list-2024-25-v10
endeavour,NS90,2024-07-01,2025-06-30,"General Supply Block, Gen Net",,final,endeavour-nuos-price-list-2024-25-v10
endeavour,NW,2023-07-01,2024-06-30,Nightwatch tariff,,provisional,endeavour-2023-24-pricing-proposal-31mar2023
endeavour,NW,2024-07-01,2025-06-30,Nightwatch,Unmetered,provisional,aer-stakeholder-report-endeavour-2024-25
endeavour,NW,2025-07-01,2026-06-30,Nightwatch,,provisional,aer-consolidated-2025-26-v5
endeavour,SL,2023-07-01,2024-06-30,Street Lighting Tariff,,provisional,endeavour-2023-24-pricing-proposal-31mar2023
endeavour,SL,2024-07-01,2025-06-30,Streetlighting,Unmetered,provisional,aer-stakeholder-report-endeavour-2024-25
endeavour,SL,2025-07-01,2026-06-30,Streetlighting,,provisional,aer-consolidated-2025-26-v5
endeavour,TL,2023-07-01,2024-06-30,Traffic Control Signal lights tariff,,provisional,endeavour-2023-24-pricing-proposal-31mar2023
endeavour,TL,2024-07-01,2025-06-30,Traffic Control Signal Lights,Unmetered,provisional,aer-stakeholder-report-endeavour-2024-25
endeavour,TL,2025-07-01,2026-06-30,Traffic Control Signal Lights,,provisional,aer-consolidated-2025-26-v5
energex,1000,2024-07-01,2025-06-30,ICC,ICC,provisional,aer-stakeholder-report-energex-2024-25
energex,1000,2025-07-01,2026-06-30,ICC,,provisional,aer-consolidated-2025-26-v5
energex,1000,2026-07-01,2027-06-30,ICC,,provisional,aer-consolidated-2026-27-v5
energex,3000,2023-07-01,2024-06-30,EG - 11kV,CAC,final,energex-network-price-list-2023-24-sch8-wayback
energex,3000,2024-07-01,2025-06-30,EG - 11kV,CAC,final,energex-network-price-list-2024-25-sch8-wayback
energex,3600,2023-07-01,2024-06-30,Small Business Demand,Small Business (<100MWh pa),final,energex-network-price-list-2023-24-sch8-wayback
energex,3600,2024-07-01,2025-06-30,Small Business Demand,Small Business (<100MWh pa),final,energex-network-price-list-2024-25-sch8-wayback
energex,3700,2023-07-01,2024-06-30,Residential Demand,Residential (<100MWh pa),final,energex-network-price-list-2023-24-sch8-wayback
energex,3700,2024-07-01,2025-06-30,Residential Demand,Residential (<100MWh pa),final,energex-network-price-list-2024-25-sch8-wayback
energex,3800,2023-07-01,2024-06-30,Small Business Transitional Demand,Small Business (<100MWh pa),final,energex-network-price-list-2023-24-sch8-wayback
energex,3800,2024-07-01,2025-06-30,Small Business Transitional Demand,Small Business (<100MWh pa),final,energex-network-price-list-2024-25-sch8-wayback
energex,3800,2025-07-01,2026-06-30,Small Business TOU Demand&Energy,Small Business (<100MWh pa),final,energex-network-price-list-2025-26-sch8-wayback
energex,3800,2026-07-01,2027-06-30,Small Business TOU Demand&Energy,Small Business (<100MWh pa),final,energex-network-price-list-2026-27-sch8-wayback
energex,3900,2023-07-01,2024-06-30,Residential Transitional Demand,Residential (<100MWh pa),final,energex-network-price-list-2023-24-sch8-wayback
energex,3900,2024-07-01,2025-06-30,Residential Transitional Demand,Residential (<100MWh pa),final,energex-network-price-list-2024-25-sch8-wayback
energex,3900,2025-07-01,2026-06-30,Residential TOU Demand&Energy,Residential (<100MWh pa),final,energex-network-price-list-2025-26-sch8-wayback
energex,3900,2026-07-01,2027-06-30,Residential TOU Demand&Energy,Residential (<100MWh pa),final,energex-network-price-list-2026-27-sch8-wayback
energex,4000,2023-07-01,2024-06-30,11kV Bus,CAC,final,energex-network-price-list-2023-24-sch8-wayback
energex,4000,2024-07-01,2025-06-30,11kV Bus,CAC,final,energex-network-price-list-2024-25-sch8-wayback
energex,4000,2025-07-01,2026-06-30,11kV Bus,CAC,final,energex-network-price-list-2025-26-sch8-wayback
energex,4000,2026-07-01,2027-06-30,11kV Bus,CAC,final,energex-network-price-list-2026-27-sch8-wayback
energex,4500,2023-07-01,2024-06-30,11kV Line,CAC,final,energex-network-price-list-2023-24-sch8-wayback
energex,4500,2024-07-01,2025-06-30,11kV Line,CAC,final,energex-network-price-list-2024-25-sch8-wayback
energex,5700,2023-07-01,2024-06-30,Small Business Primary Load Control,Controlled load (<100MWh pa),final,energex-network-price-list-2023-24-sch8-wayback
energex,5700,2024-07-01,2025-06-30,Small Business Primary Load Control,Controlled load (<100MWh pa),final,energex-network-price-list-2024-25-sch8-wayback
energex,5700,2025-07-01,2026-06-30,Small Business Primary Load Control,Controlled load (<100MWh pa),final,energex-network-price-list-2025-26-sch8-wayback
energex,5700,2026-07-01,2027-06-30,Small Business Primary Load Control,Controlled load (<100MWh pa),final,energex-network-price-list-2026-27-sch8-wayback
energex,5800,2023-07-01,2024-06-30,Large Business Primary Load Control,Large Controlled Load (>100MWh pa),final,energex-network-price-list-2023-24-sch8-wayback
energex,5800,2024-07-01,2025-06-30,Large Business Primary Load Control,Large Controlled Load (>100MWh pa),final,energex-network-price-list-2024-25-sch8-wayback
energex,5800,2025-07-01,2026-06-30,Large Business Primary Load Control,Large Controlled Load (>100MWh pa),final,energex-network-price-list-2025-26-sch8-wayback
energex,5800,2026-07-01,2027-06-30,Large Business Primary Load Control,Large Controlled Load (>100MWh pa),final,energex-network-price-list-2026-27-sch8-wayback
energex,5900,2023-07-01,2024-06-30,Large Business Secondary Load Control,Large Controlled Load (>100MWh pa),final,energex-network-price-list-2023-24-sch8-wayback
energex,5900,2024-07-01,2025-06-30,Large Business Secondary Load Control,Large Controlled Load (>100MWh pa),final,energex-network-price-list-2024-25-sch8-wayback
energex,5900,2025-07-01,2026-06-30,Large Business Secondary Load Control,Large Controlled Load (>100MWh pa),final,energex-network-price-list-2025-26-sch8-wayback
energex,5900,2026-07-01,2027-06-30,Large Business Secondary Load Control,Large Controlled Load (>100MWh pa),final,energex-network-price-list-2026-27-sch8-wayback
energex,6000,2023-07-01,2024-06-30,Small Business Wide IFT,Small Business (<100MWh pa),final,energex-network-price-list-2023-24-sch8-wayback
energex,6000,2024-07-01,2025-06-30,Small Business Wide IFT,Small Business (<100MWh pa),final,energex-network-price-list-2024-25-sch8-wayback
energex,6600,2023-07-01,2024-06-30,Large Residential Energy,Large (>100MWh pa),final,energex-network-price-list-2023-24-sch8-wayback
energex,6600,2024-07-01,2025-06-30,Large Residential Energy,Large (>100MWh pa),final,energex-network-price-list-2024-25-sch8-wayback
energex,6700,2023-07-01,2024-06-30,Large Business Energy,Large (>100MWh pa),final,energex-network-price-list-2023-24-sch8-wayback
energex,6700,2024-07-01,2025-06-30,Large Business Energy,Large (>100MWh pa),final,energex-network-price-list-2024-25-sch8-wayback
energex,6700,2025-07-01,2026-06-30,Large Business Energy,Large (>100MWh pa),final,energex-network-price-list-2025-26-sch8-wayback
energex,6700,2026-07-01,2027-06-30,Large Business Energy,Large (>100MWh pa),final,energex-network-price-list-2026-27-sch8-wayback
energex,6800,2023-07-01,2024-06-30,Small Business ToU Energy,Small Business (<100MWh pa),final,energex-network-price-list-2023-24-sch8-wayback
energex,6800,2024-07-01,2025-06-30,Small Business ToU Energy,Small Business (<100MWh pa),final,energex-network-price-list-2024-25-sch8-wayback
energex,6800,2025-07-01,2026-06-30,Small Business ToU Energy,Small Business (<100MWh pa),final,energex-network-price-list-2025-26-sch8-wayback
energex,6800,2026-07-01,2027-06-30,Small Business ToU Energy,Small Business (<100MWh pa),final,energex-network-price-list-2026-27-sch8-wayback
energex,6900,2023-07-01,2024-06-30,Residential ToU Energy,Residential (<100MWh pa),final,energex-network-price-list-2023-24-sch8-wayback
energex,6900,2024-07-01,2025-06-30,Residential ToU Energy,Residential (<100MWh pa),final,energex-network-price-list-2024-25-sch8-wayback
energex,6900,2025-07-01,2026-06-30,Residential ToU Energy,Residential (<100MWh pa),final,energex-network-price-list-2025-26-sch8-wayback
energex,6900,2026-07-01,2027-06-30,Residential ToU Energy,Residential (<100MWh pa),final,energex-network-price-list-2026-27-sch8-wayback
energex,7100,2023-07-01,2024-06-30,Business Demand,Small Business (<100MWh pa),final,energex-network-price-list-2023-24-sch8-wayback
energex,7100,2024-07-01,2025-06-30,Business Demand,Small Business (<100MWh pa),final,energex-network-price-list-2024-25-sch8-wayback
energex,7200,2023-07-01,2024-06-30,LV Demand Time-of-Use,Large (>100MWh pa),final,energex-network-price-list-2023-24-sch8-wayback
energex,7200,2024-07-01,2025-06-30,LV Demand Time-of-Use,Large (>100MWh pa),final,energex-network-price-list-2024-25-sch8-wayback
energex,7200,2025-07-01,2026-06-30,Large TOU Demand&Energy,Large (>100MWh pa),final,energex-network-price-list-2025-26-sch8-wayback
energex,7200,2026-07-01,2027-06-30,Large TOU Demand&Energy,Large (>100MWh pa),final,energex-network-price-list-2026-27-sch8-wayback
energex,7400,2023-07-01,2024-06-30,Demand ToU 11kV,CAC,final,energex-network-price-list-2023-24-sch8-wayback
energex,7400,2024-07-01,2025-06-30,Demand ToU 11kV,CAC,final,energex-network-price-list-2024-25-sch8-wayback
energex,7400,2025-07-01,2026-06-30,11kV ToU Demand,CAC,final,energex-network-price-list-2025-26-sch8-wayback
energex,7400,2026-07-01,2027-06-30,11kV ToU Demand,CAC,final,energex-network-price-list-2026-27-sch8-wayback
energex,8100,2023-07-01,2024-06-30,Demand Large,Large (>100MWh pa),final,energex-network-price-list-2023-24-sch8-wayback
energex,8100,2024-07-01,2025-06-30,Demand Large,Large (>100MWh pa),final,energex-network-price-list-2024-25-sch8-wayback
energex,8300,2023-07-01,2024-06-30,Demand Small,Large (>100MWh pa),final,energex-network-price-list-2023-24-sch8-wayback
energex,8300,2024-07-01,2025-06-30,Demand Small,Large (>100MWh pa),final,energex-network-price-list-2024-25-sch8-wayback
energex,8300,2025-07-01,2026-06-30,Demand Small,Large (>100MWh pa),final,energex-network-price-list-2025-26-sch8-wayback
energex,8300,2026-07-01,2027-06-30,Demand Small,Large (>100MWh pa),final,energex-network-price-list-2026-27-sch8-wayback
energex,8400,2023-07-01,2024-06-30,Residential Flat,Residential (<100MWh pa),final,energex-network-price-list-2023-24-sch8-wayback
energex,8400,2024-07-01,2025-06-30,Residential Flat,Residential (<100MWh pa),final,energex-network-price-list-2024-25-sch8-wayback
energex,8400,2025-07-01,2026-06-30,Residential Flat,Residential (<100MWh pa),final,energex-network-price-list-2025-26-sch8-wayback
energex,8400,2026-07-01,2027-06-30,Residential Flat,Residential (<100MWh pa),final,energex-network-price-list-2026-27-sch8-wayback
energex,8500,2023-07-01,2024-06-30,Business Flat,Small Business (<100MWh pa),final,energex-network-price-list-2023-24-sch8-wayback
energex,8500,2024-07-01,2025-06-30,Business Flat,Small Business (<100MWh pa),final,energex-network-price-list-2024-25-sch8-wayback
energex,8500,2025-07-01,2026-06-30,Business Flat,Small Business (<100MWh pa),final,energex-network-price-list-2025-26-sch8-wayback
energex,8500,2026-07-01,2027-06-30,Business Flat,Small Business (<100MWh pa),final,energex-network-price-list-2026-27-sch8-wayback
energex,8800,2023-07-01,2024-06-30,Business ToU,Small Business (<100MWh pa),final,energex-network-price-list-2023-24-sch8-wayback
energex,8800,2024-07-01,2025-06-30,Business ToU,Small Business (<100MWh pa),final,energex-network-price-list-2024-25-sch8-wayback
energex,8900,2023-07-01,2024-06-30,Residential ToU,Residential (<100MWh pa),final,energex-network-price-list-2023-24-sch8-wayback
energex,8900,2024-07-01,2025-06-30,Residential ToU,Residential (<100MWh pa),final,energex-network-price-list-2024-25-sch8-wayback
energex,9000,2023-07-01,2024-06-30,Super Economy,Controlled load (<100MWh pa),final,energex-network-price-list-2023-24-sch8-wayback
energex,9000,2024-07-01,2025-06-30,Super Economy,Controlled load (<100MWh pa),final,energex-network-price-list-2024-25-sch8-wayback
energex,9000,2025-07-01,2026-06-30,Super Economy,Controlled load (<100MWh pa),final,energex-network-price-list-2025-26-sch8-wayback
energex,9000,2026-07-01,2027-06-30,Super Economy,Controlled load (<100MWh pa),final,energex-network-price-list-2026-27-sch8-wayback
energex,9100,2023-07-01,2024-06-30,Economy,Controlled load (<100MWh pa),final,energex-network-price-list-2023-24-sch8-wayback
energex,9100,2024-07-01,2025-06-30,Economy,Controlled load (<100MWh pa),final,energex-network-price-list-2024-25-sch8-wayback
energex,9100,2025-07-01,2026-06-30,Economy,Controlled load (<100MWh pa),final,energex-network-price-list-2025-26-sch8-wayback
energex,9100,2026-07-01,2027-06-30,Economy,Controlled load (<100MWh pa),final,energex-network-price-list-2026-27-sch8-wayback
energex,92000,2024-07-01,2025-06-30,CAC Dynamic Flex Storage,Tariff Trials,final,energex-network-price-list-2024-25-sch8-wayback
energex,92000,2025-07-01,2026-06-30,CAC Dynamic Flex Storage,Storage,final,energex-network-price-list-2025-26-sch8-wayback
energex,92000,2026-07-01,2027-06-30,CAC Dynamic Flex Storage,Storage,final,energex-network-price-list-2026-27-sch8-wayback
energex,92100,2024-07-01,2025-06-30,CAC Dynamic Price Storage,Tariff Trials,final,energex-network-price-list-2024-25-sch8-wayback
energex,92100,2025-07-01,2026-06-30,CAC Dynamic Price Storage,Primary,final,energex-network-price-list-2025-26-sch8-wayback
energex,92200,2025-07-01,2026-06-30,CAC Secondary Dynamic Price Storage,Secondary,final,energex-network-price-list-2025-26-sch8-wayback
energex,92300,2025-07-01,2026-06-30,CAC HV Line TOU Demand,CAC,final,energex-network-price-list-2025-26-sch8-wayback
energex,92300,2026-07-01,2027-06-30,CAC HV Line TOU Demand,CAC,final,energex-network-price-list-2026-27-sch8-wayback
energex,92400,2025-07-01,2026-06-30,CAC HV Bus TOU Demand,CAC,final,energex-network-price-list-2025-26-sch8-wayback
energex,92400,2026-07-01,2027-06-30,CAC HV Bus TOU Demand,CAC,final,energex-network-price-list-2026-27-sch8-wayback
energex,92500,2026-07-01,2027-06-30,Dynamic Business HV Tariff Trial,CAC,final,energex-network-price-list-2026-27-sch8-wayback
energex,94000,2024-07-01,2025-06-30,Large Dynamic Flex Storage,Tariff Trials,final,energex-network-price-list-2024-25-sch8-wayback
energex,94000,2025-07-01,2026-06-30,Large Dynamic Flex Storage,Storage,final,energex-network-price-list-2025-26-sch8-wayback
energex,94000,2026-07-01,2027-06-30,Large Dynamic Flex Storage,Storage,final,energex-network-price-list-2026-27-sch8-wayback
energex,94100,2025-07-01,2026-06-30,SAC Dynamic Price Storage,Primary,final,energex-network-price-list-2025-26-sch8-wayback
energex,94200,2025-07-01,2026-06-30,SAC Secondary Dynamic Price Storage,Secondary,final,energex-network-price-list-2025-26-sch8-wayback
energex,94300,2025-07-01,2026-06-30,Large TOU Energy,Large (>100MWh pa),final,energex-network-price-list-2025-26-sch8-wayback
energex,94300,2026-07-01,2027-06-30,Large TOU Energy,Large (>100MWh pa),final,energex-network-price-list-2026-27-sch8-wayback
energex,94500,2026-07-01,2027-06-30,Dynamic Business LV Tariff Trial,SAC,final,energex-network-price-list-2026-27-sch8-wayback
energex,9600,2023-07-01,2024-06-30,Unmetered,Unmetered,final,energex-network-price-list-2023-24-sch8-wayback
energex,9600,2024-07-01,2025-06-30,Unmetered,Unmetered,final,energex-network-price-list-2024-25-sch8-wayback
energex,9600,2025-07-01,2026-06-30,Unmetered,Unmetered,final,energex-network-price-list-2025-26-sch8-wayback
energex,9600,2026-07-01,2027-06-30,Unmetered,Unmetered,final,energex-network-price-list-2026-27-sch8-wayback
energex,96200,2026-07-01,2027-06-30,Residential Two-Way Tariff Trial,SAC,final,energex-network-price-list-2026-27-sch8-wayback
energex,CSAC,2025-07-01,2026-06-30,Historic CAC,,provisional,aer-consolidated-2025-26-v5
energex,CSAC,2026-07-01,2027-06-30,Historic CAC,,provisional,aer-consolidated-2026-27-v5
energex,HSAC,2025-07-01,2026-06-30,Historic SAC,,provisional,aer-consolidated-2025-26-v5
energex,HSAC,2026-07-01,2027-06-30,Historic SAC,,provisional,aer-consolidated-2026-27-v5
energex,TBA (22/11kV Time of Use Export),2023-07-01,2024-06-30,22/11kV Time of Use Export,CAC,final,energex-network-price-list-2023-24-sch8-wayback
energex,TBA (33/66kV Time of Use Export),2023-07-01,2024-06-30,33/66kV Time of Use Export,CAC,final,energex-network-price-list-2023-24-sch8-wayback
energex,TBA10,2025-07-01,2026-06-30,Small Business Flexible Load,,provisional,aer-consolidated-2025-26-v5
energex,TBA10,2026-07-01,2027-06-30,Small Business Flexible Load,,provisional,aer-consolidated-2026-27-v5
energex,TBA11,2025-07-01,2026-06-30,Residential Demand,,provisional,aer-consolidated-2025-26-v5
energex,TBA11,2026-07-01,2027-06-30,Residential Demand,,provisional,aer-consolidated-2026-27-v5
energex,TBA13,2025-07-01,2026-06-30,Residential Flexible Load,,provisional,aer-consolidated-2025-26-v5
energex,TBA13,2026-07-01,2027-06-30,Residential Flexible Load,,provisional,aer-consolidated-2026-27-v5
energex,TBA8,2025-07-01,2026-06-30,Small Business Demand,,provisional,aer-consolidated-2025-26-v5
energex,TBA8,2026-07-01,2027-06-30,Small Business Demand,,provisional,aer-consolidated-2026-27-v5
ergon,EBDEM,2024-07-01,2025-06-30,East SAC<100MWhpa Business TOU Demand T1,SAC,provisional,aer-stakeholder-report-ergon-2024-25
ergon,EBDEMT1,2023-07-01,2024-06-30,Small Business Demand,Small Business (<100MWh pa),final,ergon-network-price-list-2023-24-sch8-wayback
ergon,EBDEMT1,2024-07-01,2025-06-30,Small Business Demand,Small Business (<100MWh pa),final,ergon-network-price-list-2024-25-sch8-wayback
ergon,EBDEMT2,2023-07-01,2024-06-30,Small Business Demand,Small Business (<100MWh pa),final,ergon-network-price-list-2023-24-sch8-wayback
ergon,EBDEMT2,2024-07-01,2025-06-30,Small Business Demand,Small Business (<100MWh pa),final,ergon-network-price-list-2024-25-sch8-wayback
ergon,EBDEMT3,2023-07-01,2024-06-30,Small Business Demand,Small Business (<100MWh pa),final,ergon-network-price-list-2023-24-sch8-wayback
ergon,EBDEMT3,2024-07-01,2025-06-30,Small Business Demand,Small Business (<100MWh pa),final,ergon-network-price-list-2024-25-sch8-wayback
ergon,EBEST,2024-07-01,2025-06-30,East SAC>100MWhpa Large Business Energy,SAC,provisional,aer-stakeholder-report-ergon-2024-25
ergon,EBESTT1,2023-07-01,2024-06-30,Large Business Energy,Large (>100MWh pa),final,ergon-network-price-list-2023-24-sch8-wayback
ergon,EBESTT1,2024-07-01,2025-06-30,Large Business Energy,Large (>100MWh pa),final,ergon-network-price-list-2024-25-sch8-wayback
ergon,EBESTT1,2025-07-01,2026-06-30,Large Business Energy,Large (>100MWh pa),final,ergon-network-price-list-2025-26-sch8-wayback
ergon,EBESTT1,2026-07-01,2027-06-30,Large Business Energy,Large (>100MWh pa),final,ergon-network-price-list-2026-27-sch8-wayback
ergon,EBESTT2,2023-07-01,2024-06-30,Large Business Energy,Large (>100MWh pa),final,ergon-network-price-list-2023-24-sch8-wayback
ergon,EBESTT2,2024-07-01,2025-06-30,Large Business Energy,Large (>100MWh pa),final,ergon-network-price-list-2024-25-sch8-wayback
ergon,EBESTT3,2023-07-01,2024-06-30,Large Business Energy,Large (>100MWh pa),final,ergon-network-price-list-2023-24-sch8-wayback
ergon,EBESTT3,2024-07-01,2025-06-30,Large Business Energy,Large (>100MWh pa),final,ergon-network-price-list-2024-25-sch8-wayback
ergon,EBFRM,2024-07-01,2025-06-30,East Transitional Network ToU Energy Tariff 1 T1,SAC,provisional,aer-stakeholder-report-ergon-2024-25
ergon,EBFRMT1,2023-07-01,2024-06-30,Transitional Network ToU Energy Tariff 1,Small Business (<100MWh pa),final,ergon-network-price-list-2023-24-sch8-wayback
ergon,EBFRMT1,2024-07-01,2025-06-30,Transitional Network ToU Energy Tariff 1,Small Business (<100MWh pa),final,ergon-network-price-list-2024-25-sch8-wayback
ergon,EBFRMT1,2025-07-01,2026-06-30,Transitional Network ToU Energy Tariff 1,Small Business (<100MWh pa),final,ergon-network-price-list-2025-26-sch8-wayback
ergon,EBFRMT1,2026-07-01,2027-06-30,East Transitional Network ToU Energy Tariff 1,,provisional,aer-consolidated-2026-27-v5
ergon,EBFRMT2,2023-07-01,2024-06-30,Transitional Network ToU Energy Tariff 1,Small Business (<100MWh pa),final,ergon-network-price-list-2023-24-sch8-wayback
ergon,EBFRMT2,2024-07-01,2025-06-30,Transitional Network ToU Energy Tariff 1,Small Business (<100MWh pa),final,ergon-network-price-list-2024-25-sch8-wayback
ergon,EBFRMT3,2023-07-01,2024-06-30,Transitional Network ToU Energy Tariff 1,Small Business (<100MWh pa),final,ergon-network-price-list-2023-24-sch8-wayback
ergon,EBFRMT3,2024-07-01,2025-06-30,Transitional Network ToU Energy Tariff 1,Small Business (<100MWh pa),final,ergon-network-price-list-2024-25-sch8-wayback
ergon,EBIB,2024-07-01,2025-06-30,East SAC<20MWhpa Business IBT T1,SAC,provisional,aer-stakeholder-report-ergon-2024-25
ergon,EBIBT1,2023-07-01,2024-06-30,IBT Business,Small Business (<100MWh pa),final,ergon-network-price-list-2023-24-sch8-wayback
ergon,EBIBT1,2024-07-01,2025-06-30,IBT Business,Small Business (<100MWh pa),final,ergon-network-price-list-2024-25-sch8-wayback
ergon,EBIBT1,2025-07-01,2026-06-30,Business Flat,Small Business (<100MWh pa),final,ergon-network-price-list-2025-26-sch8-wayback
ergon,EBIBT1,2026-07-01,2027-06-30,Business Flat,Small Business (<100MWh pa),final,ergon-network-price-list-2026-27-sch8-wayback
ergon,EBIBT2,2023-07-01,2024-06-30,IBT Business,Small Business (<100MWh pa),final,ergon-network-price-list-2023-24-sch8-wayback
ergon,EBIBT2,2024-07-01,2025-06-30,IBT Business,Small Business (<100MWh pa),final,ergon-network-price-list-2024-25-sch8-wayback
ergon,EBIBT3,2023-07-01,2024-06-30,IBT Business,Small Business (<100MWh pa),final,ergon-network-price-list-2023-24-sch8-wayback
ergon,EBIBT3,2024-07-01,2025-06-30,IBT Business,Small Business (<100MWh pa),final,ergon-network-price-list-2024-25-sch8-wayback
ergon,EBIRR,2024-07-01,2025-06-30,East Transitional Network ToU Energy Tariff 2 T1,SAC,provisional,aer-stakeholder-report-ergon-2024-25
ergon,EBIRRT1,2023-07-01,2024-06-30,Transitional Network ToU Energy Tariff 2,Small Business (<100MWh pa),final,ergon-network-price-list-2023-24-sch8-wayback
ergon,EBIRRT1,2024-07-01,2025-06-30,Transitional Network ToU Energy Tariff 2,Small Business (<100MWh pa),final,ergon-network-price-list-2024-25-sch8-wayback
ergon,EBIRRT1,2025-07-01,2026-06-30,Transitional Network ToU Energy Tariff 2,Small Business (<100MWh pa),final,ergon-network-price-list-2025-26-sch8-wayback
ergon,EBIRRT1,2026-07-01,2027-06-30,East Transitional Network ToU Energy Tariff 2,,provisional,aer-consolidated-2026-27-v5
ergon,EBIRRT2,2023-07-01,2024-06-30,Transitional Network ToU Energy Tariff 2,Small Business (<100MWh pa),final,ergon-network-price-list-2023-24-sch8-wayback
ergon,EBIRRT2,2024-07-01,2025-06-30,Transitional Network ToU Energy Tariff 2,Small Business (<100MWh pa),final,ergon-network-price-list-2024-25-sch8-wayback
ergon,EBIRRT3,2023-07-01,2024-06-30,Transitional Network ToU Energy Tariff 2,Small Business (<100MWh pa),final,ergon-network-price-list-2023-24-sch8-wayback
ergon,EBIRRT3,2024-07-01,2025-06-30,Transitional Network ToU Energy Tariff 2,Small Business (<100MWh pa),final,ergon-network-price-list-2024-25-sch8-wayback
ergon,EBPLC,2024-07-01,2025-06-30,East SAC<100MWhpa Small Business Primary Load Control  T1,SAC,provisional,aer-stakeholder-report-ergon-2024-25
ergon,EBPLCT1,2023-07-01,2024-06-30,Small Business Primary Load Control,Controlled load (<100MWh pa),final,ergon-network-price-list-2023-24-sch8-wayback
ergon,EBPLCT1,2024-07-01,2025-06-30,Small Business Primary Load Control,Controlled load (<100MWh pa),final,ergon-network-price-list-2024-25-sch8-wayback
ergon,EBPLCT1,2025-07-01,2026-06-30,Small Business Primary Load Control,Controlled load (<100MWh pa),final,ergon-network-price-list-2025-26-sch8-wayback
ergon,EBPLCT1,2026-07-01,2027-06-30,Small Business Primary Load Control,Controlled load (<100MWh pa),final,ergon-network-price-list-2026-27-sch8-wayback
ergon,EBPLCT2,2023-07-01,2024-06-30,Small Business Primary Load Control,Controlled load (<100MWh pa),final,ergon-network-price-list-2023-24-sch8-wayback
ergon,EBPLCT2,2024-07-01,2025-06-30,Small Business Primary Load Control,Controlled load (<100MWh pa),final,ergon-network-price-list-2024-25-sch8-wayback
ergon,EBPLCT3,2023-07-01,2024-06-30,Small Business Primary Load Control,Controlled load (<100MWh pa),final,ergon-network-price-list-2023-24-sch8-wayback
ergon,EBPLCT3,2024-07-01,2025-06-30,Small Business Primary Load Control,Controlled load (<100MWh pa),final,ergon-network-price-list-2024-25-sch8-wayback
ergon,EBPMP,2024-07-01,2025-06-30,East Transitional Network Dual Rate Demand Tariff 3 T1,SAC,provisional,aer-stakeholder-report-ergon-2024-25
ergon,EBPMPT1,2023-07-01,2024-06-30,Transitional Network Dual Rate Demand Tariff 3,Small Business (<100MWh pa),final,ergon-network-price-list-2023-24-sch8-wayback
ergon,EBPMPT1,2024-07-01,2025-06-30,Transitional Network Dual Rate Demand Tariff 3,Small Business (<100MWh pa),final,ergon-network-price-list-2024-25-sch8-wayback
ergon,EBPMPT1,2025-07-01,2026-06-30,Transitional Network Dual Rate Demand Tariff 3,Small Business (<100MWh pa),final,ergon-network-price-list-2025-26-sch8-wayback
ergon,EBPMPT1,2026-07-01,2027-06-30,East Transitional Network Dual Rate Demand Tariff 3,,provisional,aer-consolidated-2026-27-v5
ergon,EBPMPT2,2023-07-01,2024-06-30,Transitional Network Dual Rate Demand Tariff 3,Small Business (<100MWh pa),final,ergon-network-price-list-2023-24-sch8-wayback
ergon,EBPMPT2,2024-07-01,2025-06-30,Transitional Network Dual Rate Demand Tariff 3,Small Business (<100MWh pa),final,ergon-network-price-list-2024-25-sch8-wayback
ergon,EBPMPT3,2023-07-01,2024-06-30,Transitional Network Dual Rate Demand Tariff 3,Small Business (<100MWh pa),final,ergon-network-price-list-2023-24-sch8-wayback
ergon,EBPMPT3,2024-07-01,2025-06-30,Transitional Network Dual Rate Demand Tariff 3,Small Business (<100MWh pa),final,ergon-network-price-list-2024-25-sch8-wayback
ergon,EBTDEM,2024-07-01,2025-06-30,East SAC<100MWhpa Business TOU Transitional Demand T1,SAC,provisional,aer-stakeholder-report-ergon-2024-25
ergon,EBTDEMT1,2023-07-01,2024-06-30,Small Business Transitional Demand,Small Business (<100MWh pa),final,ergon-network-price-list-2023-24-sch8-wayback
ergon,EBTDEMT1,2024-07-01,2025-06-30,Small Business Transitional Demand,Small Business (<100MWh pa),final,ergon-network-price-list-2024-25-sch8-wayback
ergon,EBTDEMT1,2025-07-01,2026-06-30,Small Business ToU Demand&Energy,Small Business (<100MWh pa),final,ergon-network-price-list-2025-26-sch8-wayback
ergon,EBTDEMT1,2026-07-01,2027-06-30,Small Business ToU Demand&Energy,Small Business (<100MWh pa),final,ergon-network-price-list-2026-27-sch8-wayback
ergon,EBTDEMT2,2023-07-01,2024-06-30,Small Business Transitional Demand,Small Business (<100MWh pa),final,ergon-network-price-list-2023-24-sch8-wayback
ergon,EBTDEMT2,2024-07-01,2025-06-30,Small Business Transitional Demand,Small Business (<100MWh pa),final,ergon-network-price-list-2024-25-sch8-wayback
ergon,EBTDEMT3,2023-07-01,2024-06-30,Small Business Transitional Demand,Small Business (<100MWh pa),final,ergon-network-price-list-2023-24-sch8-wayback
ergon,EBTDEMT3,2024-07-01,2025-06-30,Small Business Transitional Demand,Small Business (<100MWh pa),final,ergon-network-price-list-2024-25-sch8-wayback
ergon,EBTOUE,2024-07-01,2025-06-30,East SAC<100MWhpa Business TOU Energy T1,SAC,provisional,aer-stakeholder-report-ergon-2024-25
ergon,EBTOUET1,2023-07-01,2024-06-30,Small Business ToU Energy,Small Business (<100MWh pa),final,ergon-network-price-list-2023-24-sch8-wayback
ergon,EBTOUET1,2024-07-01,2025-06-30,Small Business ToU Energy,Small Business (<100MWh pa),final,ergon-network-price-list-2024-25-sch8-wayback
ergon,EBTOUET1,2025-07-01,2026-06-30,Small Business ToU Energy,Small Business (<100MWh pa),final,ergon-network-price-list-2025-26-sch8-wayback
ergon,EBTOUET1,2026-07-01,2027-06-30,Small Business ToU Energy,Small Business (<100MWh pa),final,ergon-network-price-list-2026-27-sch8-wayback
ergon,EBTOUET2,2023-07-01,2024-06-30,Small Business ToU Energy,Small Business (<100MWh pa),final,ergon-network-price-list-2023-24-sch8-wayback
ergon,EBTOUET2,2024-07-01,2025-06-30,Small Business ToU Energy,Small Business (<100MWh pa),final,ergon-network-price-list-2024-25-sch8-wayback
ergon,EBTOUET3,2023-07-01,2024-06-30,Small Business ToU Energy,Small Business (<100MWh pa),final,ergon-network-price-list-2023-24-sch8-wayback
ergon,EBTOUET3,2024-07-01,2025-06-30,Small Business ToU Energy,Small Business (<100MWh pa),final,ergon-network-price-list-2024-25-sch8-wayback
ergon,EBWIF,2024-07-01,2025-06-30,East Wide Inclining Fixed  T1,SAC,provisional,aer-stakeholder-report-ergon-2024-25
ergon,EBWIFT1,2023-07-01,2024-06-30,Small Business Wide IFT,Small Business (<100MWh pa),final,ergon-network-price-list-2023-24-sch8-wayback
ergon,EBWIFT1,2024-07-01,2025-06-30,Small Business Wide IFT,Small Business (<100MWh pa),final,ergon-network-price-list-2024-25-sch8-wayback
ergon,EBWIFT2,2023-07-01,2024-06-30,Small Business Wide IFT,Small Business (<100MWh pa),final,ergon-network-price-list-2023-24-sch8-wayback
ergon,EBWIFT2,2024-07-01,2025-06-30,Small Business Wide IFT,Small Business (<100MWh pa),final,ergon-network-price-list-2024-25-sch8-wayback
ergon,EBWIFT3,2023-07-01,2024-06-30,Small Business Wide IFT,Small Business (<100MWh pa),final,ergon-network-price-list-2023-24-sch8-wayback
ergon,EBWIFT3,2024-07-01,2025-06-30,Small Business Wide IFT,Small Business (<100MWh pa),final,ergon-network-price-list-2024-25-sch8-wayback
ergon,EC22B,2024-07-01,2025-06-30,East CAC22/11kVBus Anytime,CAC,provisional,aer-stakeholder-report-ergon-2024-25
ergon,EC22BT1,2023-07-01,2024-06-30,CAC 22/11kV Bus,High Voltage,final,ergon-network-price-list-2023-24-sch8-wayback
ergon,EC22BT1,2024-07-01,2025-06-30,CAC 22/11kV Bus,High Voltage,final,ergon-network-price-list-2024-25-sch8-wayback
ergon,EC22BT1,2025-07-01,2026-06-30,CAC 22/11kV Bus Anytime,High Voltage,final,ergon-network-price-list-2025-26-sch8-wayback
ergon,EC22BT1,2026-07-01,2027-06-30,CAC 22/11kV Bus Anytime,High Voltage,final,ergon-network-price-list-2026-27-sch8-wayback
ergon,EC22BT2,2023-07-01,2024-06-30,CAC 22/11kV Bus,High Voltage,final,ergon-network-price-list-2023-24-sch8-wayback
ergon,EC22BT2,2024-07-01,2025-06-30,CAC 22/11kV Bus,High Voltage,final,ergon-network-price-list-2024-25-sch8-wayback
ergon,EC22BT3,2023-07-01,2024-06-30,CAC 22/11kV Bus,High Voltage,final,ergon-network-price-list-2023-24-sch8-wayback
ergon,EC22BT3,2024-07-01,2025-06-30,CAC 22/11kV Bus,High Voltage,final,ergon-network-price-list-2024-25-sch8-wayback
ergon,EC22BTOU,2024-07-01,2025-06-30,East CAC22/11kVBus STOUD,CAC,provisional,aer-stakeholder-report-ergon-2024-25
ergon,EC22BTOUT1,2023-07-01,2024-06-30,CAC 22/11kV Bus STOUD,High Voltage,final,ergon-network-price-list-2023-24-sch8-wayback
ergon,EC22BTOUT1,2024-07-01,2025-06-30,CAC 22/11kV Bus STOUD,High Voltage,final,ergon-network-price-list-2024-25-sch8-wayback
ergon,EC22BTOUT2,2023-07-01,2024-06-30,CAC 22/11kV Bus STOUD,High Voltage,final,ergon-network-price-list-2023-24-sch8-wayback
ergon,EC22BTOUT2,2024-07-01,2025-06-30,CAC 22/11kV Bus STOUD,High Voltage,final,ergon-network-price-list-2024-25-sch8-wayback
ergon,EC22BTOUT3,2023-07-01,2024-06-30,CAC 22/11kV Bus STOUD,High Voltage,final,ergon-network-price-list-2023-24-sch8-wayback
ergon,EC22BTOUT3,2024-07-01,2025-06-30,CAC 22/11kV Bus STOUD,High Voltage,final,ergon-network-price-list-2024-25-sch8-wayback
ergon,EC22L,2024-07-01,2025-06-30,East CAC22/11kVLine Anytime,CAC,provisional,aer-stakeholder-report-ergon-2024-25
ergon,EC22LT1,2023-07-01,2024-06-30,CAC 22/11kV Line,High Voltage,final,ergon-network-price-list-2023-24-sch8-wayback
ergon,EC22LT1,2024-07-01,2025-06-30,CAC 22/11kV Line,High Voltage,final,ergon-network-price-list-2024-25-sch8-wayback
ergon,EC22LT1,2025-07-01,2026-06-30,CAC 22/11kV Line Anytime,High Voltage,final,ergon-network-price-list-2025-26-sch8-wayback
ergon,EC22LT1,2026-07-01,2027-06-30,CAC 22/11kV Line Anytime,High Voltage,final,ergon-network-price-list-2026-27-sch8-wayback
ergon,EC22LT2,2023-07-01,2024-06-30,CAC 22/11kV Line,High Voltage,final,ergon-network-price-list-2023-24-sch8-wayback
ergon,EC22LT2,2024-07-01,2025-06-30,CAC 22/11kV Line,High Voltage,final,ergon-network-price-list-2024-25-sch8-wayback
ergon,EC22LT3,2023-07-01,2024-06-30,CAC 22/11kV Line,High Voltage,final,ergon-network-price-list-2023-24-sch8-wayback
ergon,EC22LT3,2024-07-01,2025-06-30,CAC 22/11kV Line,High Voltage,final,ergon-network-price-list-2024-25-sch8-wayback
ergon,EC22LTOU,2024-07-01,2025-06-30,East CAC22/11kVLine STOUD,CAC,provisional,aer-stakeholder-report-ergon-2024-25
ergon,EC22LTOUT1,2023-07-01,2024-06-30,CAC 22/11kV Line STOUD,High Voltage,final,ergon-network-price-list-2023-24-sch8-wayback
ergon,EC22LTOUT1,2024-07-01,2025-06-30,CAC 22/11kV Line STOUD,High Voltage,final,ergon-network-price-list-2024-25-sch8-wayback
ergon,EC22LTOUT2,2023-07-01,2024-06-30,CAC 22/11kV Line STOUD,High Voltage,final,ergon-network-price-list-2023-24-sch8-wayback
ergon,EC22LTOUT2,2024-07-01,2025-06-30,CAC 22/11kV Line STOUD,High Voltage,final,ergon-network-price-list-2024-25-sch8-wayback
ergon,EC22LTOUT3,2023-07-01,2024-06-30,CAC 22/11kV Line STOUD,High Voltage,final,ergon-network-price-list-2023-24-sch8-wayback
ergon,EC22LTOUT3,2024-07-01,2025-06-30,CAC 22/11kV Line STOUD,High Voltage,final,ergon-network-price-list-2024-25-sch8-wayback
ergon,EC33,2024-07-01,2025-06-30,East CAC33kV Anytime,CAC,provisional,aer-stakeholder-report-ergon-2024-25
ergon,EC33T1,2023-07-01,2024-06-30,CAC 33kV,Sub Transmission,final,ergon-network-price-list-2023-24-sch8-wayback
ergon,EC33T1,2024-07-01,2025-06-30,CAC 33kV,Sub Transmission,final,ergon-network-price-list-2024-25-sch8-wayback
ergon,EC33T1,2025-07-01,2026-06-30,CAC 33kV Anytime,Sub Transmission,final,ergon-network-price-list-2025-26-sch8-wayback
ergon,EC33T1,2026-07-01,2027-06-30,CAC 33kV Anytime,Sub Transmission,final,ergon-network-price-list-2026-27-sch8-wayback
ergon,EC33T2,2023-07-01,2024-06-30,CAC 33kV,Sub Transmission,final,ergon-network-price-list-2023-24-sch8-wayback
ergon,EC33T2,2024-07-01,2025-06-30,CAC 33kV,Sub Transmission,final,ergon-network-price-list-2024-25-sch8-wayback
ergon,EC33T3,2023-07-01,2024-06-30,CAC 33kV,Sub Transmission,final,ergon-network-price-list-2023-24-sch8-wayback
ergon,EC33T3,2024-07-01,2025-06-30,CAC 33kV,Sub Transmission,final,ergon-network-price-list-2024-25-sch8-wayback
ergon,EC33TOUDT1,2025-07-01,2026-06-30,CAC 33kV TOU Demand,Sub Transmission,final,ergon-network-price-list-2025-26-sch8-wayback
ergon,EC33TOUDT1,2026-07-01,2027-06-30,CAC 33kV TOU Demand,Sub Transmission,final,ergon-network-price-list-2026-27-sch8-wayback
ergon,EC66,2024-07-01,2025-06-30,East CAC66kV Anytime,CAC,provisional,aer-stakeholder-report-ergon-2024-25
ergon,EC66T1,2023-07-01,2024-06-30,CAC 66kV,Sub Transmission,final,ergon-network-price-list-2023-24-sch8-wayback
ergon,EC66T1,2024-07-01,2025-06-30,CAC 66kV,Sub Transmission,final,ergon-network-price-list-2024-25-sch8-wayback
ergon,EC66T1,2025-07-01,2026-06-30,CAC 66kV Anytime,Sub Transmission,final,ergon-network-price-list-2025-26-sch8-wayback
ergon,EC66T1,2026-07-01,2027-06-30,CAC 66kV Anytime,Sub Transmission,final,ergon-network-price-list-2026-27-sch8-wayback
ergon,EC66T2,2023-07-01,2024-06-30,CAC 66kV,Sub Transmission,final,ergon-network-price-list-2023-24-sch8-wayback
ergon,EC66T2,2024-07-01,2025-06-30,CAC 66kV,Sub Transmission,final,ergon-network-price-list-2024-25-sch8-wayback
ergon,EC66T3,2023-07-01,2024-06-30,CAC 66kV,Sub Transmission,final,ergon-network-price-list-2023-24-sch8-wayback
ergon,EC66T3,2024-07-01,2025-06-30,CAC 66kV,Sub Transmission,final,ergon-network-price-list-2024-25-sch8-wayback
ergon,EC66TOU,2024-07-01,2025-06-30,East CACHigherVoltage STOUD,CAC,provisional,aer-stakeholder-report-ergon-2024-25
ergon,EC66TOUDT1,2025-07-01,2026-06-30,CAC 66kV TOU Demand,Sub Transmission,final,ergon-network-price-list-2025-26-sch8-wayback
ergon,EC66TOUDT1,2026-07-01,2027-06-30,CAC 66kV TOU Demand,Sub Transmission,final,ergon-network-price-list-2026-27-sch8-wayback
ergon,EC66TOUT1,2023-07-01,2024-06-30,CAC 66/33kV STOUD,Sub Transmission,final,ergon-network-price-list-2023-24-sch8-wayback
ergon,EC66TOUT1,2024-07-01,2025-06-30,CAC 66/33kV STOUD,Sub Transmission,final,ergon-network-price-list-2024-25-sch8-wayback
ergon,EC66TOUT2,2023-07-01,2024-06-30,CAC 66/33kV STOUD,Sub Transmission,final,ergon-network-price-list-2023-24-sch8-wayback
ergon,EC66TOUT2,2024-07-01,2025-06-30,CAC 66/33kV STOUD,Sub Transmission,final,ergon-network-price-list-2024-25-sch8-wayback
ergon,EC66TOUT3,2023-07-01,2024-06-30,CAC 66/33kV STOUD,Sub Transmission,final,ergon-network-price-list-2023-24-sch8-wayback
ergon,EC66TOUT3,2024-07-01,2025-06-30,CAC 66/33kV STOUD,Sub Transmission,final,ergon-network-price-list-2024-25-sch8-wayback
ergon,ECFLEXT1,2024-07-01,2025-06-30,CAC Dynamic Flex Storage,High Voltage,final,ergon-network-price-list-2024-25-sch8-wayback
ergon,ECFLEXT1,2025-07-01,2026-06-30,CAC Dynamic Flex Storage,Storage,final,ergon-network-price-list-2025-26-sch8-wayback
ergon,ECFLEXT1,2026-07-01,2027-06-30,CAC Dynamic Flex Storage,Storage,final,ergon-network-price-list-2026-27-sch8-wayback
ergon,ECHBTOUDT1,2025-07-01,2026-06-30,CAC HV Bus TOU Demand,High Voltage,final,ergon-network-price-list-2025-26-sch8-wayback
ergon,ECHBTOUDT1,2026-07-01,2027-06-30,CAC HV Bus TOU Demand,High Voltage,final,ergon-network-price-list-2026-27-sch8-wayback
ergon,ECHLTOUDT1,2025-07-01,2026-06-30,CAC HV Line TOU Demand,High Voltage,final,ergon-network-price-list-2025-26-sch8-wayback
ergon,ECHLTOUDT1,2026-07-01,2027-06-30,CAC HV Line TOU Demand,High Voltage,final,ergon-network-price-list-2026-27-sch8-wayback
ergon,ECHVDBT1,2026-07-01,2027-06-30,Dynamic Business HV Tariff Trial,CAC,final,ergon-network-price-list-2026-27-sch8-wayback
ergon,ECPRCET1,2024-07-01,2025-06-30,CAC Dynamic Price Storage,High Voltage,final,ergon-network-price-list-2024-25-sch8-wayback
ergon,ECPRCET1,2025-07-01,2026-06-30,CAC Dynamic Price Storage,Primary,final,ergon-network-price-list-2025-26-sch8-wayback
ergon,EDLT,2024-07-01,2025-06-30,East SAC>100MWhpa DemandLarge,SAC,provisional,aer-stakeholder-report-ergon-2024-25
ergon,EDLTT1,2023-07-01,2024-06-30,Demand Large,Large (>100MWh pa),final,ergon-network-price-list-2023-24-sch8-wayback
ergon,EDLTT1,2024-07-01,2025-06-30,Demand Large,Large (>100MWh pa),final,ergon-network-price-list-2024-25-sch8-wayback
ergon,EDLTT2,2023-07-01,2024-06-30,Demand Large,Large (>100MWh pa),final,ergon-network-price-list-2023-24-sch8-wayback
ergon,EDLTT2,2024-07-01,2025-06-30,Demand Large,Large (>100MWh pa),final,ergon-network-price-list-2024-25-sch8-wayback
ergon,EDLTT3,2023-07-01,2024-06-30,Demand Large,Large (>100MWh pa),final,ergon-network-price-list-2023-24-sch8-wayback
ergon,EDLTT3,2024-07-01,2025-06-30,Demand Large,Large (>100MWh pa),final,ergon-network-price-list-2024-25-sch8-wayback
ergon,EDMT,2024-07-01,2025-06-30,East SAC>100MWhpa DemandMedium,SAC,provisional,aer-stakeholder-report-ergon-2024-25
ergon,EDMTT1,2023-07-01,2024-06-30,Demand Medium,Large (>100MWh pa),final,ergon-network-price-list-2023-24-sch8-wayback
ergon,EDMTT1,2024-07-01,2025-06-30,Demand Medium,Large (>100MWh pa),final,ergon-network-price-list-2024-25-sch8-wayback
ergon,EDMTT2,2023-07-01,2024-06-30,Demand Medium,Large (>100MWh pa),final,ergon-network-price-list-2023-24-sch8-wayback
ergon,EDMTT2,2024-07-01,2025-06-30,Demand Medium,Large (>100MWh pa),final,ergon-network-price-list-2024-25-sch8-wayback
ergon,EDMTT3,2023-07-01,2024-06-30,Demand Medium,Large (>100MWh pa),final,ergon-network-price-list-2023-24-sch8-wayback
ergon,EDMTT3,2024-07-01,2025-06-30,Demand Medium,Large (>100MWh pa),final,ergon-network-price-list-2024-25-sch8-wayback
ergon,EDST,2024-07-01,2025-06-30,East SAC>100MWhpa DemandSmall,SAC,provisional,aer-stakeholder-report-ergon-2024-25
ergon,EDSTT1,2023-07-01,2024-06-30,Demand Small,Large (>100MWh pa),final,ergon-network-price-list-2023-24-sch8-wayback
ergon,EDSTT1,2024-07-01,2025-06-30,Demand Small,Large (>100MWh pa),final,ergon-network-price-list-2024-25-sch8-wayback
ergon,EDSTT1,2025-07-01,2026-06-30,Demand Small,Large (>100MWh pa),final,ergon-network-price-list-2025-26-sch8-wayback
ergon,EDSTT1,2026-07-01,2027-06-30,Demand Small,Large (>100MWh pa),final,ergon-network-price-list-2026-27-sch8-wayback
ergon,EDSTT2,2023-07-01,2024-06-30,Demand Small,Large (>100MWh pa),final,ergon-network-price-list-2023-24-sch8-wayback
ergon,EDSTT2,2024-07-01,2025-06-30,Demand Small,Large (>100MWh pa),final,ergon-network-price-list-2024-25-sch8-wayback
ergon,EDSTT3,2023-07-01,2024-06-30,Demand Small,Large (>100MWh pa),final,ergon-network-price-list-2023-24-sch8-wayback
ergon,EDSTT3,2024-07-01,2025-06-30,Demand Small,Large (>100MWh pa),final,ergon-network-price-list-2024-25-sch8-wayback
ergon,EICCT1,2026-07-01,2027-06-30,East ICC,,provisional,aer-consolidated-2026-27-v5
ergon,ELFLEXT1,2024-07-01,2025-06-30,Large Dynamic Flex Storage,Low Voltage,final,ergon-network-price-list-2024-25-sch8-wayback
ergon,ELFLEXT1,2025-07-01,2026-06-30,Large Dynamic Flex Storage,Storage,final,ergon-network-price-list-2025-26-sch8-wayback
ergon,ELFLEXT1,2026-07-01,2027-06-30,Large Dynamic Flex Storage,Storage,final,ergon-network-price-list-2026-27-sch8-wayback
ergon,ELPLC,2024-07-01,2025-06-30,East SAC>100MWhpa Business Primary LC,SAC,provisional,aer-stakeholder-report-ergon-2024-25
ergon,ELPLCT1,2023-07-01,2024-06-30,Large Business Primary Load Control,Large Controlled Load (>100MWh pa),final,ergon-network-price-list-2023-24-sch8-wayback
ergon,ELPLCT1,2024-07-01,2025-06-30,Large Business Primary Load Control,Large Controlled Load (>100MWh pa),final,ergon-network-price-list-2024-25-sch8-wayback
ergon,ELPLCT1,2025-07-01,2026-06-30,Large Business Primary Load Control,Large Controlled Load (>100MWh pa),final,ergon-network-price-list-2025-26-sch8-wayback
ergon,ELPLCT1,2026-07-01,2027-06-30,Large Business Primary Load Control,Large Controlled Load (>100MWh pa),final,ergon-network-price-list-2026-27-sch8-wayback
ergon,ELPLCT2,2023-07-01,2024-06-30,Large Business Primary Load Control,Large Controlled Load (>100MWh pa),final,ergon-network-price-list-2023-24-sch8-wayback
ergon,ELPLCT2,2024-07-01,2025-06-30,Large Business Primary Load Control,Large Controlled Load (>100MWh pa),final,ergon-network-price-list-2024-25-sch8-wayback
ergon,ELPLCT3,2023-07-01,2024-06-30,Large Business Primary Load Control,Large Controlled Load (>100MWh pa),final,ergon-network-price-list-2023-24-sch8-wayback
ergon,ELPLCT3,2024-07-01,2025-06-30,Large Business Primary Load Control,Large Controlled Load (>100MWh pa),final,ergon-network-price-list-2024-25-sch8-wayback
ergon,ELSLC,2024-07-01,2025-06-30,East SAC>100MWhpa Business Secondary LC,SAC,provisional,aer-stakeholder-report-ergon-2024-25
ergon,ELSLCT1,2023-07-01,2024-06-30,Large Business Secondary Load Control,Large Controlled Load (>100MWh pa),final,ergon-network-price-list-2023-24-sch8-wayback
ergon,ELSLCT1,2024-07-01,2025-06-30,Large Business Secondary Load Control,Large Controlled Load (>100MWh pa),final,ergon-network-price-list-2024-25-sch8-wayback
ergon,ELSLCT1,2025-07-01,2026-06-30,Large Business Secondary Load Control,Large Controlled Load (>100MWh pa),final,ergon-network-price-list-2025-26-sch8-wayback
ergon,ELSLCT1,2026-07-01,2027-06-30,Large Business Secondary Load Control,Large Controlled Load (>100MWh pa),final,ergon-network-price-list-2026-27-sch8-wayback
ergon,ELSLCT2,2023-07-01,2024-06-30,Large Business Secondary Load Control,Large Controlled Load (>100MWh pa),final,ergon-network-price-list-2023-24-sch8-wayback
ergon,ELSLCT2,2024-07-01,2025-06-30,Large Business Secondary Load Control,Large Controlled Load (>100MWh pa),final,ergon-network-price-list-2024-25-sch8-wayback
ergon,ELSLCT3,2023-07-01,2024-06-30,Large Business Secondary Load Control,Large Controlled Load (>100MWh pa),final,ergon-network-price-list-2023-24-sch8-wayback
ergon,ELSLCT3,2024-07-01,2025-06-30,Large Business Secondary Load Control,Large Controlled Load (>100MWh pa),final,ergon-network-price-list-2024-25-sch8-wayback
ergon,ELTOUD,2024-07-01,2025-06-30,East SAC>100MWhpa TOUD,SAC,provisional,aer-stakeholder-report-ergon-2024-25
ergon,ELTOUDT1,2023-07-01,2024-06-30,ToU Demand,Large (>100MWh pa),final,ergon-network-price-list-2023-24-sch8-wayback
ergon,ELTOUDT1,2024-07-01,2025-06-30,ToU Demand,Large (>100MWh pa),final,ergon-network-price-list-2024-25-sch8-wayback
ergon,ELTOUDT1,2025-07-01,2026-06-30,Large ToU Demand&Energy,Large (>100MWh pa),final,ergon-network-price-list-2025-26-sch8-wayback
ergon,ELTOUDT1,2026-07-01,2027-06-30,Large ToU Demand&Energy,Large (>100MWh pa),final,ergon-network-price-list-2026-27-sch8-wayback
ergon,ELTOUDT2,2023-07-01,2024-06-30,ToU Demand,Large (>100MWh pa),final,ergon-network-price-list-2023-24-sch8-wayback
ergon,ELTOUDT2,2024-07-01,2025-06-30,ToU Demand,Large (>100MWh pa),final,ergon-network-price-list-2024-25-sch8-wayback
ergon,ELTOUDT3,2023-07-01,2024-06-30,ToU Demand,Large (>100MWh pa),final,ergon-network-price-list-2023-24-sch8-wayback
ergon,ELTOUDT3,2024-07-01,2025-06-30,ToU Demand,Large (>100MWh pa),final,ergon-network-price-list-2024-25-sch8-wayback
ergon,ELTOUET1,2025-07-01,2026-06-30,Large TOU Energy,Large (>100MWh pa),final,ergon-network-price-list-2025-26-sch8-wayback
ergon,ELTOUET1,2026-07-01,2027-06-30,Large TOU Energy,Large (>100MWh pa),final,ergon-network-price-list-2026-27-sch8-wayback
ergon,ERDEM,2024-07-01,2025-06-30,East SAC<100MWhpa Residential TOU Demand T1,SAC,provisional,aer-stakeholder-report-ergon-2024-25
ergon,ERDEMT1,2023-07-01,2024-06-30,Residential Demand,Residential (<100MWh pa),final,ergon-network-price-list-2023-24-sch8-wayback
ergon,ERDEMT1,2024-07-01,2025-06-30,Residential Demand,Residential (<100MWh pa),final,ergon-network-price-list-2024-25-sch8-wayback
ergon,ERDEMT2,2023-07-01,2024-06-30,Residential Demand,Residential (<100MWh pa),final,ergon-network-price-list-2023-24-sch8-wayback
ergon,ERDEMT2,2024-07-01,2025-06-30,Residential Demand,Residential (<100MWh pa),final,ergon-network-price-list-2024-25-sch8-wayback
ergon,ERDEMT3,2023-07-01,2024-06-30,Residential Demand,Residential (<100MWh pa),final,ergon-network-price-list-2023-24-sch8-wayback
ergon,ERDEMT3,2024-07-01,2025-06-30,Residential Demand,Residential (<100MWh pa),final,ergon-network-price-list-2024-25-sch8-wayback
ergon,EREST,2024-07-01,2025-06-30,East SAC>100MWhpa Large Residential Energy,SAC,provisional,aer-stakeholder-report-ergon-2024-25
ergon,ERESTT1,2023-07-01,2024-06-30,Large Residential Energy,Large (>100MWh pa),final,ergon-network-price-list-2023-24-sch8-wayback
ergon,ERESTT1,2024-07-01,2025-06-30,Large Residential Energy,Large (>100MWh pa),final,ergon-network-price-list-2024-25-sch8-wayback
ergon,ERESTT2,2023-07-01,2024-06-30,Large Residential Energy,Large (>100MWh pa),final,ergon-network-price-list-2023-24-sch8-wayback
ergon,ERESTT2,2024-07-01,2025-06-30,Large Residential Energy,Large (>100MWh pa),final,ergon-network-price-list-2024-25-sch8-wayback
ergon,ERESTT3,2023-07-01,2024-06-30,Large Residential Energy,Large (>100MWh pa),final,ergon-network-price-list-2023-24-sch8-wayback
ergon,ERESTT3,2024-07-01,2025-06-30,Large Residential Energy,Large (>100MWh pa),final,ergon-network-price-list-2024-25-sch8-wayback
ergon,ERIB,2024-07-01,2025-06-30,East SAC<100MWhpa Residential IBT T1,SAC,provisional,aer-stakeholder-report-ergon-2024-25
ergon,ERIBT1,2023-07-01,2024-06-30,IBT Residential,Residential (<100MWh pa),final,ergon-network-price-list-2023-24-sch8-wayback
ergon,ERIBT1,2024-07-01,2025-06-30,IBT Residential,Residential (<100MWh pa),final,ergon-network-price-list-2024-25-sch8-wayback
ergon,ERIBT1,2025-07-01,2026-06-30,Residential Flat,Residential (<100MWh pa),final,ergon-network-price-list-2025-26-sch8-wayback
ergon,ERIBT1,2026-07-01,2027-06-30,Residential Flat,Residential (<100MWh pa),final,ergon-network-price-list-2026-27-sch8-wayback
ergon,ERIBT2,2023-07-01,2024-06-30,IBT Residential,Residential (<100MWh pa),final,ergon-network-price-list-2023-24-sch8-wayback
ergon,ERIBT2,2024-07-01,2025-06-30,IBT Residential,Residential (<100MWh pa),final,ergon-network-price-list-2024-25-sch8-wayback
ergon,ERIBT3,2023-07-01,2024-06-30,IBT Residential,Residential (<100MWh pa),final,ergon-network-price-list-2023-24-sch8-wayback
ergon,ERIBT3,2024-07-01,2025-06-30,IBT Residential,Residential (<100MWh pa),final,ergon-network-price-list-2024-25-sch8-wayback
ergon,ERTDEM,2024-07-01,2025-06-30,East SAC<100MWhpa Residential TOU Transitional Demand T1,SAC,provisional,aer-stakeholder-report-ergon-2024-25
ergon,ERTDEMT1,2023-07-01,2024-06-30,Residential Transitional Demand,Residential (<100MWh pa),final,ergon-network-price-list-2023-24-sch8-wayback
ergon,ERTDEMT1,2024-07-01,2025-06-30,Residential Transitional Demand,Residential (<100MWh pa),final,ergon-network-price-list-2024-25-sch8-wayback
ergon,ERTDEMT1,2025-07-01,2026-06-30,Residential ToU Demand&Energy,Residential (<100MWh pa),final,ergon-network-price-list-2025-26-sch8-wayback
ergon,ERTDEMT1,2026-07-01,2027-06-30,Residential ToU Demand&Energy,Residential (<100MWh pa),final,ergon-network-price-list-2026-27-sch8-wayback
ergon,ERTDEMT2,2023-07-01,2024-06-30,Residential Transitional Demand,Residential (<100MWh pa),final,ergon-network-price-list-2023-24-sch8-wayback
ergon,ERTDEMT2,2024-07-01,2025-06-30,Residential Transitional Demand,Residential (<100MWh pa),final,ergon-network-price-list-2024-25-sch8-wayback
ergon,ERTDEMT3,2023-07-01,2024-06-30,Residential Transitional Demand,Residential (<100MWh pa),final,ergon-network-price-list-2023-24-sch8-wayback
ergon,ERTDEMT3,2024-07-01,2025-06-30,Residential Transitional Demand,Residential (<100MWh pa),final,ergon-network-price-list-2024-25-sch8-wayback
ergon,ERTOUE,2024-07-01,2025-06-30,East SAC<100MWhpa Residential TOU Energy T1,SAC,provisional,aer-stakeholder-report-ergon-2024-25
ergon,ERTOUET1,2023-07-01,2024-06-30,Residential ToU Energy,Residential (<100MWh pa),final,ergon-network-price-list-2023-24-sch8-wayback
ergon,ERTOUET1,2024-07-01,2025-06-30,Residential ToU Energy,Residential (<100MWh pa),final,ergon-network-price-list-2024-25-sch8-wayback
ergon,ERTOUET1,2025-07-01,2026-06-30,Residential ToU Energy,Residential (<100MWh pa),final,ergon-network-price-list-2025-26-sch8-wayback
ergon,ERTOUET1,2026-07-01,2027-06-30,Residential ToU Energy,Residential (<100MWh pa),final,ergon-network-price-list-2026-27-sch8-wayback
ergon,ERTOUET2,2023-07-01,2024-06-30,Residential ToU Energy,Residential (<100MWh pa),final,ergon-network-price-list-2023-24-sch8-wayback
ergon,ERTOUET2,2024-07-01,2025-06-30,Residential ToU Energy,Residential (<100MWh pa),final,ergon-network-price-list-2024-25-sch8-wayback
ergon,ERTOUET3,2023-07-01,2024-06-30,Residential ToU Energy,Residential (<100MWh pa),final,ergon-network-price-list-2023-24-sch8-wayback
ergon,ERTOUET3,2024-07-01,2025-06-30,Residential ToU Energy,Residential (<100MWh pa),final,ergon-network-price-list-2024-25-sch8-wayback
ergon,ESCPRCET1,2025-07-01,2026-06-30,CAC Secondary Dynamic Price Storage,Secondary,final,ergon-network-price-list-2025-26-sch8-wayback
ergon,ESLVDBT1,2026-07-01,2027-06-30,Dynamic Business LV Tariff Trial,SAC,final,ergon-network-price-list-2026-27-sch8-wayback
ergon,ESPRCET1,2025-07-01,2026-06-30,SAC Dynamic Price Storage,Primary,final,ergon-network-price-list-2025-26-sch8-wayback
ergon,ESSPRCET1,2025-07-01,2026-06-30,SAC Secondary Dynamic Price Storage,Secondary,final,ergon-network-price-list-2025-26-sch8-wayback
ergon,ESTOUD,2024-07-01,2025-06-30,East SAC>100MWhpa STOUD,SAC,provisional,aer-stakeholder-report-ergon-2024-25
ergon,ESTOUDT1,2023-07-01,2024-06-30,Seasonal TOU Demand,Large (>100MWh pa),final,ergon-network-price-list-2023-24-sch8-wayback
ergon,ESTOUDT1,2024-07-01,2025-06-30,Seasonal TOU Demand,Large (>100MWh pa),final,ergon-network-price-list-2024-25-sch8-wayback
ergon,ESTOUDT2,2023-07-01,2024-06-30,Seasonal TOU Demand,Large (>100MWh pa),final,ergon-network-price-list-2023-24-sch8-wayback
ergon,ESTOUDT2,2024-07-01,2025-06-30,Seasonal TOU Demand,Large (>100MWh pa),final,ergon-network-price-list-2024-25-sch8-wayback
ergon,ESTOUDT3,2023-07-01,2024-06-30,Seasonal TOU Demand,Large (>100MWh pa),final,ergon-network-price-list-2023-24-sch8-wayback
ergon,ESTOUDT3,2024-07-01,2025-06-30,Seasonal TOU Demand,Large (>100MWh pa),final,ergon-network-price-list-2024-25-sch8-wayback
ergon,ETBA10T1,2025-07-01,2026-06-30,East Small Business Demand,,provisional,aer-consolidated-2025-26-v5
ergon,ETBA10T1,2026-07-01,2027-06-30,East Small Business Demand,,provisional,aer-consolidated-2026-27-v5
ergon,ETBA12T1,2025-07-01,2026-06-30,East Small Business Flexible Load,,provisional,aer-consolidated-2025-26-v5
ergon,ETBA12T1,2026-07-01,2027-06-30,East Small Business Flexible Load,,provisional,aer-consolidated-2026-27-v5
ergon,ETBA13T1,2025-07-01,2026-06-30,East Residential Demand,,provisional,aer-consolidated-2025-26-v5
ergon,ETBA13T1,2026-07-01,2027-06-30,East Residential Demand,,provisional,aer-consolidated-2026-27-v5
ergon,ETBA15T1,2025-07-01,2026-06-30,East Residential Flexible Load,,provisional,aer-consolidated-2025-26-v5
ergon,ETBA15T1,2026-07-01,2027-06-30,East Residential Flexible Load,,provisional,aer-consolidated-2026-27-v5
ergon,EVC,2024-07-01,2025-06-30,East SAC<100MWhpa VolumeControlled T1,SAC,provisional,aer-stakeholder-report-ergon-2024-25
ergon,EVCT1,2023-07-01,2024-06-30,Volume Controlled,Controlled load (<100MWh pa),final,ergon-network-price-list-2023-24-sch8-wayback
ergon,EVCT1,2024-07-01,2025-06-30,Volume Controlled,Controlled load (<100MWh pa),final,ergon-network-price-list-2024-25-sch8-wayback
ergon,EVCT1,2025-07-01,2026-06-30,Volume Controlled,Controlled load (<100MWh pa),final,ergon-network-price-list-2025-26-sch8-wayback
ergon,EVCT1,2026-07-01,2027-06-30,Volume Controlled,Controlled load (<100MWh pa),final,ergon-network-price-list-2026-27-sch8-wayback
ergon,EVCT2,2023-07-01,2024-06-30,Volume Controlled,Controlled load (<100MWh pa),final,ergon-network-price-list-2023-24-sch8-wayback
ergon,EVCT2,2024-07-01,2025-06-30,Volume Controlled,Controlled load (<100MWh pa),final,ergon-network-price-list-2024-25-sch8-wayback
ergon,EVCT3,2023-07-01,2024-06-30,Volume Controlled,Controlled load (<100MWh pa),final,ergon-network-price-list-2023-24-sch8-wayback
ergon,EVCT3,2024-07-01,2025-06-30,Volume Controlled,Controlled load (<100MWh pa),final,ergon-network-price-list-2024-25-sch8-wayback
ergon,EVN,2024-07-01,2025-06-30,East SAC<100MWhpa Volume Night Controlled T1,SAC,provisional,aer-stakeholder-report-ergon-2024-25
ergon,EVNT1,2023-07-01,2024-06-30,Volume Night Controlled,Controlled load (<100MWh pa),final,ergon-network-price-list-2023-24-sch8-wayback
ergon,EVNT1,2024-07-01,2025-06-30,Volume Night Controlled,Controlled load (<100MWh pa),final,ergon-network-price-list-2024-25-sch8-wayback
ergon,EVNT1,2025-07-01,2026-06-30,Volume Night Controlled,Controlled load (<100MWh pa),final,ergon-network-price-list-2025-26-sch8-wayback
ergon,EVNT1,2026-07-01,2027-06-30,Volume Night Controlled,Controlled load (<100MWh pa),final,ergon-network-price-list-2026-27-sch8-wayback
ergon,EVNT2,2023-07-01,2024-06-30,Volume Night Controlled,Controlled load (<100MWh pa),final,ergon-network-price-list-2023-24-sch8-wayback
ergon,EVNT2,2024-07-01,2025-06-30,Volume Night Controlled,Controlled load (<100MWh pa),final,ergon-network-price-list-2024-25-sch8-wayback
ergon,EVNT3,2023-07-01,2024-06-30,Volume Night Controlled,Controlled load (<100MWh pa),final,ergon-network-price-list-2023-24-sch8-wayback
ergon,EVNT3,2024-07-01,2025-06-30,Volume Night Controlled,Controlled load (<100MWh pa),final,ergon-network-price-list-2024-25-sch8-wayback
ergon,EVU,2024-07-01,2025-06-30,East SAC<100MWhpa VolumeUnmetered T1,SAC,provisional,aer-stakeholder-report-ergon-2024-25
ergon,EVUT1,2023-07-01,2024-06-30,Unmetered,Unmetered,final,ergon-network-price-list-2023-24-sch8-wayback
ergon,EVUT1,2024-07-01,2025-06-30,Unmetered,Unmetered,final,ergon-network-price-list-2024-25-sch8-wayback
ergon,EVUT1,2025-07-01,2026-06-30,Unmetered,Unmetered,final,ergon-network-price-list-2025-26-sch8-wayback
ergon,EVUT1,2026-07-01,2027-06-30,Unmetered,Unmetered,final,ergon-network-price-list-2026-27-sch8-wayback
ergon,EVUT2,2023-07-01,2024-06-30,Unmetered,Unmetered,final,ergon-network-price-list-2023-24-sch8-wayback
ergon,EVUT2,2024-07-01,2025-06-30,Unmetered,Unmetered,final,ergon-network-price-list-2024-25-sch8-wayback
ergon,EVUT3,2023-07-01,2024-06-30,Unmetered,Unmetered,final,ergon-network-price-list-2023-24-sch8-wayback
ergon,EVUT3,2024-07-01,2025-06-30,Unmetered,Unmetered,final,ergon-network-price-list-2024-25-sch8-wayback
ergon,ICC,2024-07-01,2025-06-30,ICC,ICC,provisional,aer-stakeholder-report-ergon-2024-25
ergon,MBDEM,2024-07-01,2025-06-30,MtIsa SAC<100MWhpa Business TOU Demand T4,SAC,provisional,aer-stakeholder-report-ergon-2024-25
ergon,MBDEMT4,2023-07-01,2024-06-30,Small Business Demand,Small Business (<100MWh pa),final,ergon-network-price-list-2023-24-sch8-wayback
ergon,MBDEMT4,2024-07-01,2025-06-30,Small Business Demand,Small Business (<100MWh pa),final,ergon-network-price-list-2024-25-sch8-wayback
ergon,MBEST,2024-07-01,2025-06-30,MtIsa SAC>100MWhpa Large Business Energy,SAC,provisional,aer-stakeholder-report-ergon-2024-25
ergon,MBESTT4,2023-07-01,2024-06-30,Large Business Energy,Large (>100MWh pa),final,ergon-network-price-list-2023-24-sch8-wayback
ergon,MBESTT4,2024-07-01,2025-06-30,Large Business Energy,Large (>100MWh pa),final,ergon-network-price-list-2024-25-sch8-wayback
ergon,MBESTT4,2025-07-01,2026-06-30,Large Business Energy,Large (>100MWh pa),final,ergon-network-price-list-2025-26-sch8-wayback
ergon,MBESTT4,2026-07-01,2027-06-30,Large Business Energy,Large (>100MWh pa),final,ergon-network-price-list-2026-27-sch8-wayback
ergon,MBIB,2024-07-01,2025-06-30,MtIsa SAC<20MWhpa Business IBT T4,SAC,provisional,aer-stakeholder-report-ergon-2024-25
ergon,MBIBT4,2023-07-01,2024-06-30,IBT Business,Small Business (<100MWh pa),final,ergon-network-price-list-2023-24-sch8-wayback
ergon,MBIBT4,2024-07-01,2025-06-30,IBT Business,Small Business (<100MWh pa),final,ergon-network-price-list-2024-25-sch8-wayback
ergon,MBIBT4,2025-07-01,2026-06-30,Business Flat,Small Business (<100MWh pa),final,ergon-network-price-list-2025-26-sch8-wayback
ergon,MBIBT4,2026-07-01,2027-06-30,Business Flat,Small Business (<100MWh pa),final,ergon-network-price-list-2026-27-sch8-wayback
ergon,MBPLC,2024-07-01,2025-06-30,Mt Isa SAC<100MWhpa Small Business Primary Load Control  T4,SAC,provisional,aer-stakeholder-report-ergon-2024-25
ergon,MBPLCT4,2023-07-01,2024-06-30,Small Business Primary Load Control,Controlled load (<100MWh pa),final,ergon-network-price-list-2023-24-sch8-wayback
ergon,MBPLCT4,2024-07-01,2025-06-30,Small Business Primary Load Control,Controlled load (<100MWh pa),final,ergon-network-price-list-2024-25-sch8-wayback
ergon,MBPLCT4,2025-07-01,2026-06-30,Small Business Primary Load Control,Controlled load (<100MWh pa),final,ergon-network-price-list-2025-26-sch8-wayback
ergon,MBPLCT4,2026-07-01,2027-06-30,Small Business Primary Load Control,Controlled load (<100MWh pa),final,ergon-network-price-list-2026-27-sch8-wayback
ergon,MBTDEM,2024-07-01,2025-06-30,MtIsa SAC<100MWhpa Business TOU Transitional Demand T4,SAC,provisional,aer-stakeholder-report-ergon-2024-25
ergon,MBTDEMT4,2023-07-01,2024-06-30,Small Business Transitional Demand,Small Business (<100MWh pa),final,ergon-network-price-list-2023-24-sch8-wayback
ergon,MBTDEMT4,2024-07-01,2025-06-30,Small Business Transitional Demand,Small Business (<100MWh pa),final,ergon-network-price-list-2024-25-sch8-wayback
ergon,MBTDEMT4,2025-07-01,2026-06-30,Small Business ToU Demand&Energy,Small Business (<100MWh pa),final,ergon-network-price-list-2025-26-sch8-wayback
ergon,MBTDEMT4,2026-07-01,2027-06-30,Small Business ToU Demand&Energy,Small Business (<100MWh pa),final,ergon-network-price-list-2026-27-sch8-wayback
ergon,MBTOUE,2024-07-01,2025-06-30,MtIsa SAC<100MWhpa Business TOU Energy T4,SAC,provisional,aer-stakeholder-report-ergon-2024-25
ergon,MBTOUET4,2023-07-01,2024-06-30,Small Business ToU Energy,Small Business (<100MWh pa),final,ergon-network-price-list-2023-24-sch8-wayback
ergon,MBTOUET4,2024-07-01,2025-06-30,Small Business ToU Energy,Small Business (<100MWh pa),final,ergon-network-price-list-2024-25-sch8-wayback
ergon,MBTOUET4,2025-07-01,2026-06-30,Small Business ToU Energy,Small Business (<100MWh pa),final,ergon-network-price-list-2025-26-sch8-wayback
ergon,MBTOUET4,2026-07-01,2027-06-30,Small Business ToU Energy,Small Business (<100MWh pa),final,ergon-network-price-list-2026-27-sch8-wayback
ergon,MBWIF,2024-07-01,2025-06-30,MtIsa Wide Inclining Fixed T4,SAC,provisional,aer-stakeholder-report-ergon-2024-25
ergon,MBWIFT4,2023-07-01,2024-06-30,Small Business Wide IFT,Small Business (<100MWh pa),final,ergon-network-price-list-2023-24-sch8-wayback
ergon,MBWIFT4,2024-07-01,2025-06-30,Small Business Wide IFT,Small Business (<100MWh pa),final,ergon-network-price-list-2024-25-sch8-wayback
ergon,MDLT,2024-07-01,2025-06-30,MtIsa SAC>100MWhpa DemandLarge,SAC,provisional,aer-stakeholder-report-ergon-2024-25
ergon,MDLTT4,2023-07-01,2024-06-30,Demand Large,Large (>100MWh pa),final,ergon-network-price-list-2023-24-sch8-wayback
ergon,MDLTT4,2024-07-01,2025-06-30,Demand Large,Large (>100MWh pa),final,ergon-network-price-list-2024-25-sch8-wayback
ergon,MDMT,2024-07-01,2025-06-30,MtIsa SAC>100MWhpa DemandMedium,SAC,provisional,aer-stakeholder-report-ergon-2024-25
ergon,MDMTT4,2023-07-01,2024-06-30,Demand Medium,Large (>100MWh pa),final,ergon-network-price-list-2023-24-sch8-wayback
ergon,MDMTT4,2024-07-01,2025-06-30,Demand Medium,Large (>100MWh pa),final,ergon-network-price-list-2024-25-sch8-wayback
ergon,MDST,2024-07-01,2025-06-30,MtIsa SAC>100MWhpa DemandSmall,SAC,provisional,aer-stakeholder-report-ergon-2024-25
ergon,MDSTT4,2023-07-01,2024-06-30,Demand Small,Large (>100MWh pa),final,ergon-network-price-list-2023-24-sch8-wayback
ergon,MDSTT4,2024-07-01,2025-06-30,Demand Small,Large (>100MWh pa),final,ergon-network-price-list-2024-25-sch8-wayback
ergon,MDSTT4,2025-07-01,2026-06-30,Demand Small,Large (>100MWh pa),final,ergon-network-price-list-2025-26-sch8-wayback
ergon,MDSTT4,2026-07-01,2027-06-30,Demand Small,Large (>100MWh pa),final,ergon-network-price-list-2026-27-sch8-wayback
ergon,MLFLEXT4,2025-07-01,2026-06-30,Large Dynamic Flex Storage,Storage,final,ergon-network-price-list-2025-26-sch8-wayback
ergon,MLFLEXT4,2026-07-01,2027-06-30,Large Dynamic Flex Storage,Storage,final,ergon-network-price-list-2026-27-sch8-wayback
ergon,MLPLC,2024-07-01,2025-06-30,MtIsa SAC>100MWhpa Business Primary LC,SAC,provisional,aer-stakeholder-report-ergon-2024-25
ergon,MLPLCT4,2023-07-01,2024-06-30,Large Business Primary Load Control,Large Controlled Load (>100MWh pa),final,ergon-network-price-list-2023-24-sch8-wayback
ergon,MLPLCT4,2024-07-01,2025-06-30,Large Business Primary Load Control,Large Controlled Load (>100MWh pa),final,ergon-network-price-list-2024-25-sch8-wayback
ergon,MLPLCT4,2025-07-01,2026-06-30,Large Business Primary Load Control,Large Controlled Load (>100MWh pa),final,ergon-network-price-list-2025-26-sch8-wayback
ergon,MLPLCT4,2026-07-01,2027-06-30,Large Business Primary Load Control,Large Controlled Load (>100MWh pa),final,ergon-network-price-list-2026-27-sch8-wayback
ergon,MLSLC,2024-07-01,2025-06-30,MtIsa SAC>100MWhpa Business Secondary LC,SAC,provisional,aer-stakeholder-report-ergon-2024-25
ergon,MLSLCT4,2023-07-01,2024-06-30,Large Business Secondary Load Control,Large Controlled Load (>100MWh pa),final,ergon-network-price-list-2023-24-sch8-wayback
ergon,MLSLCT4,2024-07-01,2025-06-30,Large Business Secondary Load Control,Large Controlled Load (>100MWh pa),final,ergon-network-price-list-2024-25-sch8-wayback
ergon,MLSLCT4,2025-07-01,2026-06-30,Large Business Secondary Load Control,Large Controlled Load (>100MWh pa),final,ergon-network-price-list-2025-26-sch8-wayback
ergon,MLSLCT4,2026-07-01,2027-06-30,Large Business Secondary Load Control,Large Controlled Load (>100MWh pa),final,ergon-network-price-list-2026-27-sch8-wayback
ergon,MLTOUD,2024-07-01,2025-06-30,MtIsa SAC>100MWhpa TOUD,SAC,provisional,aer-stakeholder-report-ergon-2024-25
ergon,MLTOUDT4,2023-07-01,2024-06-30,ToU Demand,Large (>100MWh pa),final,ergon-network-price-list-2023-24-sch8-wayback
ergon,MLTOUDT4,2024-07-01,2025-06-30,ToU Demand,Large (>100MWh pa),final,ergon-network-price-list-2024-25-sch8-wayback
ergon,MLTOUDT4,2025-07-01,2026-06-30,Large ToU Demand&Energy,Large (>100MWh pa),final,ergon-network-price-list-2025-26-sch8-wayback
ergon,MLTOUDT4,2026-07-01,2027-06-30,Large ToU Demand&Energy,Large (>100MWh pa),final,ergon-network-price-list-2026-27-sch8-wayback
ergon,MLTOUET4,2025-07-01,2026-06-30,Large TOU Energy,Large (>100MWh pa),final,ergon-network-price-list-2025-26-sch8-wayback
ergon,MLTOUET4,2026-07-01,2027-06-30,Large TOU Energy,Large (>100MWh pa),final,ergon-network-price-list-2026-27-sch8-wayback
ergon,MRDEM,2024-07-01,2025-06-30,MtIsa SAC<100MWhpa Residential TOU Demand T4,SAC,provisional,aer-stakeholder-report-ergon-2024-25
ergon,MRDEMT4,2023-07-01,2024-06-30,Residential Demand,Residential (<100MWh pa),final,ergon-network-price-list-2023-24-sch8-wayback
ergon,MRDEMT4,2024-07-01,2025-06-30,Residential Demand,Residential (<100MWh pa),final,ergon-network-price-list-2024-25-sch8-wayback
ergon,MREST,2024-07-01,2025-06-30,MtIsa SAC>100MWhpa Large Residential Energy,SAC,provisional,aer-stakeholder-report-ergon-2024-25
ergon,MRESTT4,2023-07-01,2024-06-30,Large Residential Energy,Large (>100MWh pa),final,ergon-network-price-list-2023-24-sch8-wayback
ergon,MRESTT4,2024-07-01,2025-06-30,Large Residential Energy,Large (>100MWh pa),final,ergon-network-price-list-2024-25-sch8-wayback
ergon,MRIB,2024-07-01,2025-06-30,MtIsa SAC<100MWhpa Residential IBT T4,SAC,provisional,aer-stakeholder-report-ergon-2024-25
ergon,MRIBT4,2023-07-01,2024-06-30,IBT Residential,Residential (<100MWh pa),final,ergon-network-price-list-2023-24-sch8-wayback
ergon,MRIBT4,2024-07-01,2025-06-30,IBT Residential,Residential (<100MWh pa),final,ergon-network-price-list-2024-25-sch8-wayback
ergon,MRIBT4,2025-07-01,2026-06-30,Residential Flat,Residential (<100MWh pa),final,ergon-network-price-list-2025-26-sch8-wayback
ergon,MRIBT4,2026-07-01,2027-06-30,Residential Flat,Residential (<100MWh pa),final,ergon-network-price-list-2026-27-sch8-wayback
ergon,MRTDEM,2024-07-01,2025-06-30,MtIsa SAC<100MWhpa Residential TOU Transitional Demand T4,SAC,provisional,aer-stakeholder-report-ergon-2024-25
ergon,MRTDEMT4,2023-07-01,2024-06-30,Residential Transitional Demand,Residential (<100MWh pa),final,ergon-network-price-list-2023-24-sch8-wayback
ergon,MRTDEMT4,2024-07-01,2025-06-30,Residential Transitional Demand,Residential (<100MWh pa),final,ergon-network-price-list-2024-25-sch8-wayback
ergon,MRTDEMT4,2025-07-01,2026-06-30,Residential ToU Demand&Energy,Residential (<100MWh pa),final,ergon-network-price-list-2025-26-sch8-wayback
ergon,MRTDEMT4,2026-07-01,2027-06-30,Residential ToU Demand&Energy,Residential (<100MWh pa),final,ergon-network-price-list-2026-27-sch8-wayback
ergon,MRTOUE,2024-07-01,2025-06-30,MtIsa SAC<100MWhpa Residential TOU Energy T4,SAC,provisional,aer-stakeholder-report-ergon-2024-25
ergon,MRTOUET4,2023-07-01,2024-06-30,Residential ToU Energy,Residential (<100MWh pa),final,ergon-network-price-list-2023-24-sch8-wayback
ergon,MRTOUET4,2024-07-01,2025-06-30,Residential ToU Energy,Residential (<100MWh pa),final,ergon-network-price-list-2024-25-sch8-wayback
ergon,MRTOUET4,2025-07-01,2026-06-30,Residential ToU Energy,Residential (<100MWh pa),final,ergon-network-price-list-2025-26-sch8-wayback
ergon,MRTOUET4,2026-07-01,2027-06-30,Residential ToU Energy,Residential (<100MWh pa),final,ergon-network-price-list-2026-27-sch8-wayback
ergon,MSTOUD,2024-07-01,2025-06-30,MtIsa SAC>100MWhpa STOUD,SAC,provisional,aer-stakeholder-report-ergon-2024-25
ergon,MSTOUDT4,2023-07-01,2024-06-30,Seasonal TOU Demand,Large (>100MWh pa),final,ergon-network-price-list-2023-24-sch8-wayback
ergon,MSTOUDT4,2024-07-01,2025-06-30,Seasonal TOU Demand,Large (>100MWh pa),final,ergon-network-price-list-2024-25-sch8-wayback
ergon,MTBA10T4,2025-07-01,2026-06-30,MtIsa Small Business Flexible Load,,provisional,aer-consolidated-2025-26-v5
ergon,MTBA10T4,2026-07-01,2027-06-30,MtIsa Small Business Flexible Load,,provisional,aer-consolidated-2026-27-v5
ergon,MTBA11T4,2025-07-01,2026-06-30,MtIsa Residential Demand,,provisional,aer-consolidated-2025-26-v5
ergon,MTBA11T4,2026-07-01,2027-06-30,MtIsa Residential Demand,,provisional,aer-consolidated-2026-27-v5
ergon,MTBA13T4,2025-07-01,2026-06-30,MtIsa Residential Flexible Load,,provisional,aer-consolidated-2025-26-v5
ergon,MTBA13T4,2026-07-01,2027-06-30,MtIsa Residential Flexible Load,,provisional,aer-consolidated-2026-27-v5
ergon,MTBA8T4,2025-07-01,2026-06-30,Mt Isa Small Business Demand,,provisional,aer-consolidated-2025-26-v5
ergon,MTBA8T4,2026-07-01,2027-06-30,Mt Isa Small Business Demand,,provisional,aer-consolidated-2026-27-v5
ergon,MVC,2024-07-01,2025-06-30,MtIsa SAC<100MWhpa VolumeControlled T4,SAC,provisional,aer-stakeholder-report-ergon-2024-25
ergon,MVCT4,2023-07-01,2024-06-30,Volume Controlled,Controlled load (<100MWh pa),final,ergon-network-price-list-2023-24-sch8-wayback
ergon,MVCT4,2024-07-01,2025-06-30,Volume Controlled,Controlled load (<100MWh pa),final,ergon-network-price-list-2024-25-sch8-wayback
ergon,MVCT4,2025-07-01,2026-06-30,Volume Controlled,Controlled load (<100MWh pa),final,ergon-network-price-list-2025-26-sch8-wayback
ergon,MVCT4,2026-07-01,2027-06-30,Volume Controlled,Controlled load (<100MWh pa),final,ergon-network-price-list-2026-27-sch8-wayback
ergon,MVN,2024-07-01,2025-06-30,MtIsa SAC<100MWhpa VolumeNightControlled T4,SAC,provisional,aer-stakeholder-report-ergon-2024-25
ergon,MVNT4,2023-07-01,2024-06-30,Volume Night Controlled,Controlled load (<100MWh pa),final,ergon-network-price-list-2023-24-sch8-wayback
ergon,MVNT4,2024-07-01,2025-06-30,Volume Night Controlled,Controlled load (<100MWh pa),final,ergon-network-price-list-2024-25-sch8-wayback
ergon,MVNT4,2025-07-01,2026-06-30,Volume Night Controlled,Controlled load (<100MWh pa),final,ergon-network-price-list-2025-26-sch8-wayback
ergon,MVNT4,2026-07-01,2027-06-30,Volume Night Controlled,Controlled load (<100MWh pa),final,ergon-network-price-list-2026-27-sch8-wayback
ergon,MVU,2024-07-01,2025-06-30,MtIsa SAC<100MWhpa VolumeUnmetered T4,SAC,provisional,aer-stakeholder-report-ergon-2024-25
ergon,MVUT4,2023-07-01,2024-06-30,Unmetered,Unmetered,final,ergon-network-price-list-2023-24-sch8-wayback
ergon,MVUT4,2024-07-01,2025-06-30,Unmetered,Unmetered,final,ergon-network-price-list-2024-25-sch8-wayback
ergon,MVUT4,2025-07-01,2026-06-30,Unmetered,Unmetered,final,ergon-network-price-list-2025-26-sch8-wayback
ergon,MVUT4,2026-07-01,2027-06-30,Unmetered,Unmetered,final,ergon-network-price-list-2026-27-sch8-wayback
ergon,TBA T1 (CAC 22/11kV Time of Use Export),2023-07-01,2024-06-30,CAC 22/11kV Time of Use Export,High Voltage,final,ergon-network-price-list-2023-24-sch8-wayback
ergon,TBA T1 (CAC 33/66kV Time of Use Export),2023-07-01,2024-06-30,CAC 33/66kV Time of Use Export,Sub Transmission,final,ergon-network-price-list-2023-24-sch8-wayback
ergon,TBA T2 (CAC 22/11kV Time of Use Export),2023-07-01,2024-06-30,CAC 22/11kV Time of Use Export,High Voltage,final,ergon-network-price-list-2023-24-sch8-wayback
ergon,TBA T2 (CAC 33/66kV Time of Use Export),2023-07-01,2024-06-30,CAC 33/66kV Time of Use Export,Sub Transmission,final,ergon-network-price-list-2023-24-sch8-wayback
ergon,TBA T3 (CAC 22/11kV Time of Use Export),2023-07-01,2024-06-30,CAC 22/11kV Time of Use Export,High Voltage,final,ergon-network-price-list-2023-24-sch8-wayback
ergon,TBA T3 (CAC 33/66kV Time of Use Export),2023-07-01,2024-06-30,CAC 33/66kV Time of Use Export,Sub Transmission,final,ergon-network-price-list-2023-24-sch8-wayback
ergon,WBDEM,2024-07-01,2025-06-30,West SAC<100MWhpa Business TOU Demand T1,SAC,provisional,aer-stakeholder-report-ergon-2024-25
ergon,WBDEMT1,2023-07-01,2024-06-30,Small Business Demand,Small Business (<100MWh pa),final,ergon-network-price-list-2023-24-sch8-wayback
ergon,WBDEMT1,2024-07-01,2025-06-30,Small Business Demand,Small Business (<100MWh pa),final,ergon-network-price-list-2024-25-sch8-wayback
ergon,WBDEMT2,2023-07-01,2024-06-30,Small Business Demand,Small Business (<100MWh pa),final,ergon-network-price-list-2023-24-sch8-wayback
ergon,WBDEMT2,2024-07-01,2025-06-30,Small Business Demand,Small Business (<100MWh pa),final,ergon-network-price-list-2024-25-sch8-wayback
ergon,WBDEMT3,2023-07-01,2024-06-30,Small Business Demand,Small Business (<100MWh pa),final,ergon-network-price-list-2023-24-sch8-wayback
ergon,WBDEMT3,2024-07-01,2025-06-30,Small Business Demand,Small Business (<100MWh pa),final,ergon-network-price-list-2024-25-sch8-wayback
ergon,WBEST,2024-07-01,2025-06-30,West SAC>100MWhpa Large Business Energy,SAC,provisional,aer-stakeholder-report-ergon-2024-25
ergon,WBESTT1,2023-07-01,2024-06-30,Large Business Energy,Large (>100MWh pa),final,ergon-network-price-list-2023-24-sch8-wayback
ergon,WBESTT1,2024-07-01,2025-06-30,Large Business Energy,Large (>100MWh pa),final,ergon-network-price-list-2024-25-sch8-wayback
ergon,WBESTT1,2025-07-01,2026-06-30,Large Business Energy,Large (>100MWh pa),final,ergon-network-price-list-2025-26-sch8-wayback
ergon,WBESTT1,2026-07-01,2027-06-30,Large Business Energy,Large (>100MWh pa),final,ergon-network-price-list-2026-27-sch8-wayback
ergon,WBESTT2,2023-07-01,2024-06-30,Large Business Energy,Large (>100MWh pa),final,ergon-network-price-list-2023-24-sch8-wayback
ergon,WBESTT2,2024-07-01,2025-06-30,Large Business Energy,Large (>100MWh pa),final,ergon-network-price-list-2024-25-sch8-wayback
ergon,WBESTT3,2023-07-01,2024-06-30,Large Business Energy,Large (>100MWh pa),final,ergon-network-price-list-2023-24-sch8-wayback
ergon,WBESTT3,2024-07-01,2025-06-30,Large Business Energy,Large (>100MWh pa),final,ergon-network-price-list-2024-25-sch8-wayback
ergon,WBIB,2024-07-01,2025-06-30,West SAC<20MWhpa Business IBT T1,SAC,provisional,aer-stakeholder-report-ergon-2024-25
ergon,WBIBT1,2023-07-01,2024-06-30,IBT Business,Small Business (<100MWh pa),final,ergon-network-price-list-2023-24-sch8-wayback
ergon,WBIBT1,2024-07-01,2025-06-30,IBT Business,Small Business (<100MWh pa),final,ergon-network-price-list-2024-25-sch8-wayback
ergon,WBIBT1,2025-07-01,2026-06-30,Business Flat,Small Business (<100MWh pa),final,ergon-network-price-list-2025-26-sch8-wayback
ergon,WBIBT1,2026-07-01,2027-06-30,Business Flat,Small Business (<100MWh pa),final,ergon-network-price-list-2026-27-sch8-wayback
ergon,WBIBT2,2023-07-01,2024-06-30,IBT Business,Small Business (<100MWh pa),final,ergon-network-price-list-2023-24-sch8-wayback
ergon,WBIBT2,2024-07-01,2025-06-30,IBT Business,Small Business (<100MWh pa),final,ergon-network-price-list-2024-25-sch8-wayback
ergon,WBIBT3,2023-07-01,2024-06-30,IBT Business,Small Business (<100MWh pa),final,ergon-network-price-list-2023-24-sch8-wayback
ergon,WBIBT3,2024-07-01,2025-06-30,IBT Business,Small Business (<100MWh pa),final,ergon-network-price-list-2024-25-sch8-wayback
ergon,WBPLC,2024-07-01,2025-06-30,West SAC<100MWhpa Small Business Primary Load Control  T1,SAC,provisional,aer-stakeholder-report-ergon-2024-25
ergon,WBPLCT1,2023-07-01,2024-06-30,Small Business Primary Load Control,Controlled load (<100MWh pa),final,ergon-network-price-list-2023-24-sch8-wayback
ergon,WBPLCT1,2024-07-01,2025-06-30,Small Business Primary Load Control,Controlled load (<100MWh pa),final,ergon-network-price-list-2024-25-sch8-wayback
ergon,WBPLCT1,2025-07-01,2026-06-30,Small Business Primary Load Control,Controlled load (<100MWh pa),final,ergon-network-price-list-2025-26-sch8-wayback
ergon,WBPLCT1,2026-07-01,2027-06-30,Small Business Primary Load Control,Controlled load (<100MWh pa),final,ergon-network-price-list-2026-27-sch8-wayback
ergon,WBPLCT2,2023-07-01,2024-06-30,Small Business Primary Load Control,Controlled load (<100MWh pa),final,ergon-network-price-list-2023-24-sch8-wayback
ergon,WBPLCT2,2024-07-01,2025-06-30,Small Business Primary Load Control,Controlled load (<100MWh pa),final,ergon-network-price-list-2024-25-sch8-wayback
ergon,WBPLCT3,2023-07-01,2024-06-30,Small Business Primary Load Control,Controlled load (<100MWh pa),final,ergon-network-price-list-2023-24-sch8-wayback
ergon,WBPLCT3,2024-07-01,2025-06-30,Small Business Primary Load Control,Controlled load (<100MWh pa),final,ergon-network-price-list-2024-25-sch8-wayback
ergon,WBTDEM,2024-07-01,2025-06-30,West SAC<100MWhpa Business TOU Transitional Demand T1,SAC,provisional,aer-stakeholder-report-ergon-2024-25
ergon,WBTDEMT1,2023-07-01,2024-06-30,Small Business Transitional Demand,Small Business (<100MWh pa),final,ergon-network-price-list-2023-24-sch8-wayback
ergon,WBTDEMT1,2024-07-01,2025-06-30,Small Business Transitional Demand,Small Business (<100MWh pa),final,ergon-network-price-list-2024-25-sch8-wayback
ergon,WBTDEMT1,2025-07-01,2026-06-30,Small Business ToU Demand&Energy,Small Business (<100MWh pa),final,ergon-network-price-list-2025-26-sch8-wayback
ergon,WBTDEMT1,2026-07-01,2027-06-30,Small Business ToU Demand&Energy,Small Business (<100MWh pa),final,ergon-network-price-list-2026-27-sch8-wayback
ergon,WBTDEMT2,2023-07-01,2024-06-30,Small Business Transitional Demand,Small Business (<100MWh pa),final,ergon-network-price-list-2023-24-sch8-wayback
ergon,WBTDEMT2,2024-07-01,2025-06-30,Small Business Transitional Demand,Small Business (<100MWh pa),final,ergon-network-price-list-2024-25-sch8-wayback
ergon,WBTDEMT3,2023-07-01,2024-06-30,Small Business Transitional Demand,Small Business (<100MWh pa),final,ergon-network-price-list-2023-24-sch8-wayback
ergon,WBTDEMT3,2024-07-01,2025-06-30,Small Business Transitional Demand,Small Business (<100MWh pa),final,ergon-network-price-list-2024-25-sch8-wayback
ergon,WBTOUE,2024-07-01,2025-06-30,West SAC<100MWhpa Business TOU Energy T1,SAC,provisional,aer-stakeholder-report-ergon-2024-25
ergon,WBTOUET1,2023-07-01,2024-06-30,Small Business ToU Energy,Small Business (<100MWh pa),final,ergon-network-price-list-2023-24-sch8-wayback
ergon,WBTOUET1,2024-07-01,2025-06-30,Small Business ToU Energy,Small Business (<100MWh pa),final,ergon-network-price-list-2024-25-sch8-wayback
ergon,WBTOUET1,2025-07-01,2026-06-30,Small Business ToU Energy,Small Business (<100MWh pa),final,ergon-network-price-list-2025-26-sch8-wayback
ergon,WBTOUET1,2026-07-01,2027-06-30,Small Business ToU Energy,Small Business (<100MWh pa),final,ergon-network-price-list-2026-27-sch8-wayback
ergon,WBTOUET2,2023-07-01,2024-06-30,Small Business ToU Energy,Small Business (<100MWh pa),final,ergon-network-price-list-2023-24-sch8-wayback
ergon,WBTOUET2,2024-07-01,2025-06-30,Small Business ToU Energy,Small Business (<100MWh pa),final,ergon-network-price-list-2024-25-sch8-wayback
ergon,WBTOUET3,2023-07-01,2024-06-30,Small Business ToU Energy,Small Business (<100MWh pa),final,ergon-network-price-list-2023-24-sch8-wayback
ergon,WBTOUET3,2024-07-01,2025-06-30,Small Business ToU Energy,Small Business (<100MWh pa),final,ergon-network-price-list-2024-25-sch8-wayback
ergon,WBWIF,2024-07-01,2025-06-30,West Wide Inclining Fixed T1,SAC,provisional,aer-stakeholder-report-ergon-2024-25
ergon,WBWIFT1,2023-07-01,2024-06-30,Small Business Wide IFT,Small Business (<100MWh pa),final,ergon-network-price-list-2023-24-sch8-wayback
ergon,WBWIFT1,2024-07-01,2025-06-30,Small Business Wide IFT,Small Business (<100MWh pa),final,ergon-network-price-list-2024-25-sch8-wayback
ergon,WBWIFT2,2023-07-01,2024-06-30,Small Business Wide IFT,Small Business (<100MWh pa),final,ergon-network-price-list-2023-24-sch8-wayback
ergon,WBWIFT2,2024-07-01,2025-06-30,Small Business Wide IFT,Small Business (<100MWh pa),final,ergon-network-price-list-2024-25-sch8-wayback
ergon,WBWIFT3,2023-07-01,2024-06-30,Small Business Wide IFT,Small Business (<100MWh pa),final,ergon-network-price-list-2023-24-sch8-wayback
ergon,WBWIFT3,2024-07-01,2025-06-30,Small Business Wide IFT,Small Business (<100MWh pa),final,ergon-network-price-list-2024-25-sch8-wayback
ergon,WC22B,2024-07-01,2025-06-30,West CAC22/11kVBus Anytime,CAC,provisional,aer-stakeholder-report-ergon-2024-25
ergon,WC22BT1,2023-07-01,2024-06-30,CAC 22/11kV Bus,High Voltage,final,ergon-network-price-list-2023-24-sch8-wayback
ergon,WC22BT1,2024-07-01,2025-06-30,CAC 22/11kV Bus,High Voltage,final,ergon-network-price-list-2024-25-sch8-wayback
ergon,WC22BT1,2025-07-01,2026-06-30,CAC 22/11kV Bus Anytime,High Voltage,final,ergon-network-price-list-2025-26-sch8-wayback
ergon,WC22BT1,2026-07-01,2027-06-30,CAC 22/11kV Bus Anytime,High Voltage,final,ergon-network-price-list-2026-27-sch8-wayback
ergon,WC22BT2,2023-07-01,2024-06-30,CAC 22/11kV Bus,High Voltage,final,ergon-network-price-list-2023-24-sch8-wayback
ergon,WC22BT2,2024-07-01,2025-06-30,CAC 22/11kV Bus,High Voltage,final,ergon-network-price-list-2024-25-sch8-wayback
ergon,WC22BT3,2023-07-01,2024-06-30,CAC 22/11kV Bus,High Voltage,final,ergon-network-price-list-2023-24-sch8-wayback
ergon,WC22BT3,2024-07-01,2025-06-30,CAC 22/11kV Bus,High Voltage,final,ergon-network-price-list-2024-25-sch8-wayback
ergon,WC22BTOU,2024-07-01,2025-06-30,West CAC22/11kVBus STOUD,CAC,provisional,aer-stakeholder-report-ergon-2024-25
ergon,WC22BTOUT1,2023-07-01,2024-06-30,CAC 22/11kV Bus STOUD,High Voltage,final,ergon-network-price-list-2023-24-sch8-wayback
ergon,WC22BTOUT1,2024-07-01,2025-06-30,CAC 22/11kV Bus STOUD,High Voltage,final,ergon-network-price-list-2024-25-sch8-wayback
ergon,WC22BTOUT2,2023-07-01,2024-06-30,CAC 22/11kV Bus STOUD,High Voltage,final,ergon-network-price-list-2023-24-sch8-wayback
ergon,WC22BTOUT2,2024-07-01,2025-06-30,CAC 22/11kV Bus STOUD,High Voltage,final,ergon-network-price-list-2024-25-sch8-wayback
ergon,WC22BTOUT3,2023-07-01,2024-06-30,CAC 22/11kV Bus STOUD,High Voltage,final,ergon-network-price-list-2023-24-sch8-wayback
ergon,WC22BTOUT3,2024-07-01,2025-06-30,CAC 22/11kV Bus STOUD,High Voltage,final,ergon-network-price-list-2024-25-sch8-wayback
ergon,WC22L,2024-07-01,2025-06-30,West CAC22/11kVLine Anytime,CAC,provisional,aer-stakeholder-report-ergon-2024-25
ergon,WC22LT1,2023-07-01,2024-06-30,CAC 22/11kV Line,High Voltage,final,ergon-network-price-list-2023-24-sch8-wayback
ergon,WC22LT1,2024-07-01,2025-06-30,CAC 22/11kV Line,High Voltage,final,ergon-network-price-list-2024-25-sch8-wayback
ergon,WC22LT1,2025-07-01,2026-06-30,CAC 22/11kV Line Anytime,High Voltage,final,ergon-network-price-list-2025-26-sch8-wayback
ergon,WC22LT1,2026-07-01,2027-06-30,CAC 22/11kV Line Anytime,High Voltage,final,ergon-network-price-list-2026-27-sch8-wayback
ergon,WC22LT2,2023-07-01,2024-06-30,CAC 22/11kV Line,High Voltage,final,ergon-network-price-list-2023-24-sch8-wayback
ergon,WC22LT2,2024-07-01,2025-06-30,CAC 22/11kV Line,High Voltage,final,ergon-network-price-list-2024-25-sch8-wayback
ergon,WC22LT3,2023-07-01,2024-06-30,CAC 22/11kV Line,High Voltage,final,ergon-network-price-list-2023-24-sch8-wayback
ergon,WC22LT3,2024-07-01,2025-06-30,CAC 22/11kV Line,High Voltage,final,ergon-network-price-list-2024-25-sch8-wayback
ergon,WC22LTOU,2024-07-01,2025-06-30,West CAC22/11kVLine STOUD,CAC,provisional,aer-stakeholder-report-ergon-2024-25
ergon,WC22LTOUT1,2023-07-01,2024-06-30,CAC 22/11kV Line STOUD,High Voltage,final,ergon-network-price-list-2023-24-sch8-wayback
ergon,WC22LTOUT1,2024-07-01,2025-06-30,CAC 22/11kV Line STOUD,High Voltage,final,ergon-network-price-list-2024-25-sch8-wayback
ergon,WC22LTOUT2,2023-07-01,2024-06-30,CAC 22/11kV Line STOUD,High Voltage,final,ergon-network-price-list-2023-24-sch8-wayback
ergon,WC22LTOUT2,2024-07-01,2025-06-30,CAC 22/11kV Line STOUD,High Voltage,final,ergon-network-price-list-2024-25-sch8-wayback
ergon,WC22LTOUT3,2023-07-01,2024-06-30,CAC 22/11kV Line STOUD,High Voltage,final,ergon-network-price-list-2023-24-sch8-wayback
ergon,WC22LTOUT3,2024-07-01,2025-06-30,CAC 22/11kV Line STOUD,High Voltage,final,ergon-network-price-list-2024-25-sch8-wayback
ergon,WC33,2024-07-01,2025-06-30,West CAC33kV Anytime,CAC,provisional,aer-stakeholder-report-ergon-2024-25
ergon,WC33T1,2023-07-01,2024-06-30,CAC 33kV,Sub Transmission,final,ergon-network-price-list-2023-24-sch8-wayback
ergon,WC33T1,2024-07-01,2025-06-30,CAC 33kV,Sub Transmission,final,ergon-network-price-list-2024-25-sch8-wayback
ergon,WC33T1,2025-07-01,2026-06-30,CAC 33kV Anytime,Sub Transmission,final,ergon-network-price-list-2025-26-sch8-wayback
ergon,WC33T1,2026-07-01,2027-06-30,CAC 33kV Anytime,Sub Transmission,final,ergon-network-price-list-2026-27-sch8-wayback
ergon,WC33T2,2023-07-01,2024-06-30,CAC 33kV,Sub Transmission,final,ergon-network-price-list-2023-24-sch8-wayback
ergon,WC33T2,2024-07-01,2025-06-30,CAC 33kV,Sub Transmission,final,ergon-network-price-list-2024-25-sch8-wayback
ergon,WC33T3,2023-07-01,2024-06-30,CAC 33kV,Sub Transmission,final,ergon-network-price-list-2023-24-sch8-wayback
ergon,WC33T3,2024-07-01,2025-06-30,CAC 33kV,Sub Transmission,final,ergon-network-price-list-2024-25-sch8-wayback
ergon,WC33TOUDT1,2025-07-01,2026-06-30,CAC 33kV TOU Demand,Sub Transmission,final,ergon-network-price-list-2025-26-sch8-wayback
ergon,WC33TOUDT1,2026-07-01,2027-06-30,CAC 33kV TOU Demand,Sub Transmission,final,ergon-network-price-list-2026-27-sch8-wayback
ergon,WC66,2024-07-01,2025-06-30,West CAC66kV Anytime,CAC,provisional,aer-stakeholder-report-ergon-2024-25
ergon,WC66T1,2023-07-01,2024-06-30,CAC 66kV,Sub Transmission,final,ergon-network-price-list-2023-24-sch8-wayback
ergon,WC66T1,2024-07-01,2025-06-30,CAC 66kV,Sub Transmission,final,ergon-network-price-list-2024-25-sch8-wayback
ergon,WC66T1,2025-07-01,2026-06-30,CAC 66kV Anytime,Sub Transmission,final,ergon-network-price-list-2025-26-sch8-wayback
ergon,WC66T1,2026-07-01,2027-06-30,CAC 66kV Anytime,Sub Transmission,final,ergon-network-price-list-2026-27-sch8-wayback
ergon,WC66T2,2023-07-01,2024-06-30,CAC 66kV,Sub Transmission,final,ergon-network-price-list-2023-24-sch8-wayback
ergon,WC66T2,2024-07-01,2025-06-30,CAC 66kV,Sub Transmission,final,ergon-network-price-list-2024-25-sch8-wayback
ergon,WC66T3,2023-07-01,2024-06-30,CAC 66kV,Sub Transmission,final,ergon-network-price-list-2023-24-sch8-wayback
ergon,WC66T3,2024-07-01,2025-06-30,CAC 66kV,Sub Transmission,final,ergon-network-price-list-2024-25-sch8-wayback
ergon,WC66TOU,2024-07-01,2025-06-30,West CACHigherVoltage STOUD,CAC,provisional,aer-stakeholder-report-ergon-2024-25
ergon,WC66TOUDT1,2025-07-01,2026-06-30,CAC 66kV TOU Demand,Sub Transmission,final,ergon-network-price-list-2025-26-sch8-wayback
ergon,WC66TOUDT1,2026-07-01,2027-06-30,CAC 66kV TOU Demand,Sub Transmission,final,ergon-network-price-list-2026-27-sch8-wayback
ergon,WC66TOUT1,2023-07-01,2024-06-30,CAC 66/33kV STOUD,Sub Transmission,final,ergon-network-price-list-2023-24-sch8-wayback
ergon,WC66TOUT1,2024-07-01,2025-06-30,CAC 66/33kV STOUD,Sub Transmission,final,ergon-network-price-list-2024-25-sch8-wayback
ergon,WC66TOUT2,2023-07-01,2024-06-30,CAC 66/33kV STOUD,Sub Transmission,final,ergon-network-price-list-2023-24-sch8-wayback
ergon,WC66TOUT2,2024-07-01,2025-06-30,CAC 66/33kV STOUD,Sub Transmission,final,ergon-network-price-list-2024-25-sch8-wayback
ergon,WC66TOUT3,2023-07-01,2024-06-30,CAC 66/33kV STOUD,Sub Transmission,final,ergon-network-price-list-2023-24-sch8-wayback
ergon,WC66TOUT3,2024-07-01,2025-06-30,CAC 66/33kV STOUD,Sub Transmission,final,ergon-network-price-list-2024-25-sch8-wayback
ergon,WCFLEXT1,2025-07-01,2026-06-30,CAC Dynamic Flex Storage,Storage,final,ergon-network-price-list-2025-26-sch8-wayback
ergon,WCFLEXT1,2026-07-01,2027-06-30,CAC Dynamic Flex Storage,Storage,final,ergon-network-price-list-2026-27-sch8-wayback
ergon,WCHBTOUDT1,2025-07-01,2026-06-30,CAC HV Bus TOU Demand,High Voltage,final,ergon-network-price-list-2025-26-sch8-wayback
ergon,WCHBTOUDT1,2026-07-01,2027-06-30,CAC HV Bus TOU Demand,High Voltage,final,ergon-network-price-list-2026-27-sch8-wayback
ergon,WCHLTOUDT1,2025-07-01,2026-06-30,CAC HV Line TOU Demand,High Voltage,final,ergon-network-price-list-2025-26-sch8-wayback
ergon,WCHLTOUDT1,2026-07-01,2027-06-30,CAC HV Line TOU Demand,High Voltage,final,ergon-network-price-list-2026-27-sch8-wayback
ergon,WCHVDBT1,2026-07-01,2027-06-30,Dynamic Business HV Tariff Trial,CAC,final,ergon-network-price-list-2026-27-sch8-wayback
ergon,WDLT,2024-07-01,2025-06-30,West SAC>100MWhpa DemandLarge,SAC,provisional,aer-stakeholder-report-ergon-2024-25
ergon,WDLTT1,2023-07-01,2024-06-30,Demand Large,Large (>100MWh pa),final,ergon-network-price-list-2023-24-sch8-wayback
ergon,WDLTT1,2024-07-01,2025-06-30,Demand Large,Large (>100MWh pa),final,ergon-network-price-list-2024-25-sch8-wayback
ergon,WDLTT2,2023-07-01,2024-06-30,Demand Large,Large (>100MWh pa),final,ergon-network-price-list-2023-24-sch8-wayback
ergon,WDLTT2,2024-07-01,2025-06-30,Demand Large,Large (>100MWh pa),final,ergon-network-price-list-2024-25-sch8-wayback
ergon,WDLTT3,2023-07-01,2024-06-30,Demand Large,Large (>100MWh pa),final,ergon-network-price-list-2023-24-sch8-wayback
ergon,WDLTT3,2024-07-01,2025-06-30,Demand Large,Large (>100MWh pa),final,ergon-network-price-list-2024-25-sch8-wayback
ergon,WDMT,2024-07-01,2025-06-30,West SAC>100MWhpa DemandMedium,SAC,provisional,aer-stakeholder-report-ergon-2024-25
ergon,WDMTT1,2023-07-01,2024-06-30,Demand Medium,Large (>100MWh pa),final,ergon-network-price-list-2023-24-sch8-wayback
ergon,WDMTT1,2024-07-01,2025-06-30,Demand Medium,Large (>100MWh pa),final,ergon-network-price-list-2024-25-sch8-wayback
ergon,WDMTT2,2023-07-01,2024-06-30,Demand Medium,Large (>100MWh pa),final,ergon-network-price-list-2023-24-sch8-wayback
ergon,WDMTT2,2024-07-01,2025-06-30,Demand Medium,Large (>100MWh pa),final,ergon-network-price-list-2024-25-sch8-wayback
ergon,WDMTT3,2023-07-01,2024-06-30,Demand Medium,Large (>100MWh pa),final,ergon-network-price-list-2023-24-sch8-wayback
ergon,WDMTT3,2024-07-01,2025-06-30,Demand Medium,Large (>100MWh pa),final,ergon-network-price-list-2024-25-sch8-wayback
ergon,WDST,2024-07-01,2025-06-30,West SAC>100MWhpa DemandSmall,SAC,provisional,aer-stakeholder-report-ergon-2024-25
ergon,WDSTT1,2023-07-01,2024-06-30,Demand Small,Large (>100MWh pa),final,ergon-network-price-list-2023-24-sch8-wayback
ergon,WDSTT1,2024-07-01,2025-06-30,Demand Small,Large (>100MWh pa),final,ergon-network-price-list-2024-25-sch8-wayback
ergon,WDSTT1,2025-07-01,2026-06-30,Demand Small,Large (>100MWh pa),final,ergon-network-price-list-2025-26-sch8-wayback
ergon,WDSTT1,2026-07-01,2027-06-30,Demand Small,Large (>100MWh pa),final,ergon-network-price-list-2026-27-sch8-wayback
ergon,WDSTT2,2023-07-01,2024-06-30,Demand Small,Large (>100MWh pa),final,ergon-network-price-list-2023-24-sch8-wayback
ergon,WDSTT2,2024-07-01,2025-06-30,Demand Small,Large (>100MWh pa),final,ergon-network-price-list-2024-25-sch8-wayback
ergon,WDSTT3,2023-07-01,2024-06-30,Demand Small,Large (>100MWh pa),final,ergon-network-price-list-2023-24-sch8-wayback
ergon,WDSTT3,2024-07-01,2025-06-30,Demand Small,Large (>100MWh pa),final,ergon-network-price-list-2024-25-sch8-wayback
ergon,WICCT1,2026-07-01,2027-06-30,West ICC,,provisional,aer-consolidated-2026-27-v5
ergon,WLFLEXT1,2025-07-01,2026-06-30,Large Dynamic Flex Storage,Storage,final,ergon-network-price-list-2025-26-sch8-wayback
ergon,WLFLEXT1,2026-07-01,2027-06-30,Large Dynamic Flex Storage,Storage,final,ergon-network-price-list-2026-27-sch8-wayback
ergon,WLPLC,2024-07-01,2025-06-30,West SAC>100MWhpa Business Primary LC,SAC,provisional,aer-stakeholder-report-ergon-2024-25
ergon,WLPLCT1,2023-07-01,2024-06-30,Large Business Primary Load Control,Large Controlled Load (>100MWh pa),final,ergon-network-price-list-2023-24-sch8-wayback
ergon,WLPLCT1,2024-07-01,2025-06-30,Large Business Primary Load Control,Large Controlled Load (>100MWh pa),final,ergon-network-price-list-2024-25-sch8-wayback
ergon,WLPLCT1,2025-07-01,2026-06-30,Large Business Primary Load Control,Large Controlled Load (>100MWh pa),final,ergon-network-price-list-2025-26-sch8-wayback
ergon,WLPLCT1,2026-07-01,2027-06-30,Large Business Primary Load Control,Large Controlled Load (>100MWh pa),final,ergon-network-price-list-2026-27-sch8-wayback
ergon,WLPLCT2,2023-07-01,2024-06-30,Large Business Primary Load Control,Large Controlled Load (>100MWh pa),final,ergon-network-price-list-2023-24-sch8-wayback
ergon,WLPLCT2,2024-07-01,2025-06-30,Large Business Primary Load Control,Large Controlled Load (>100MWh pa),final,ergon-network-price-list-2024-25-sch8-wayback
ergon,WLPLCT3,2023-07-01,2024-06-30,Large Business Primary Load Control,Large Controlled Load (>100MWh pa),final,ergon-network-price-list-2023-24-sch8-wayback
ergon,WLPLCT3,2024-07-01,2025-06-30,Large Business Primary Load Control,Large Controlled Load (>100MWh pa),final,ergon-network-price-list-2024-25-sch8-wayback
ergon,WLSLC,2024-07-01,2025-06-30,West SAC>100MWhpa Business Secondary LC,SAC,provisional,aer-stakeholder-report-ergon-2024-25
ergon,WLSLCT1,2023-07-01,2024-06-30,Large Business Secondary Load Control,Large Controlled Load (>100MWh pa),final,ergon-network-price-list-2023-24-sch8-wayback
ergon,WLSLCT1,2024-07-01,2025-06-30,Large Business Secondary Load Control,Large Controlled Load (>100MWh pa),final,ergon-network-price-list-2024-25-sch8-wayback
ergon,WLSLCT1,2025-07-01,2026-06-30,Large Business Secondary Load Control,Large Controlled Load (>100MWh pa),final,ergon-network-price-list-2025-26-sch8-wayback
ergon,WLSLCT1,2026-07-01,2027-06-30,Large Business Secondary Load Control,Large Controlled Load (>100MWh pa),final,ergon-network-price-list-2026-27-sch8-wayback
ergon,WLSLCT2,2023-07-01,2024-06-30,Large Business Secondary Load Control,Large Controlled Load (>100MWh pa),final,ergon-network-price-list-2023-24-sch8-wayback
ergon,WLSLCT2,2024-07-01,2025-06-30,Large Business Secondary Load Control,Large Controlled Load (>100MWh pa),final,ergon-network-price-list-2024-25-sch8-wayback
ergon,WLSLCT3,2023-07-01,2024-06-30,Large Business Secondary Load Control,Large Controlled Load (>100MWh pa),final,ergon-network-price-list-2023-24-sch8-wayback
ergon,WLSLCT3,2024-07-01,2025-06-30,Large Business Secondary Load Control,Large Controlled Load (>100MWh pa),final,ergon-network-price-list-2024-25-sch8-wayback
ergon,WLTOUD,2024-07-01,2025-06-30,West SAC>100MWhpa TOUD,SAC,provisional,aer-stakeholder-report-ergon-2024-25
ergon,WLTOUDT1,2023-07-01,2024-06-30,ToU Demand,Large (>100MWh pa),final,ergon-network-price-list-2023-24-sch8-wayback
ergon,WLTOUDT1,2024-07-01,2025-06-30,ToU Demand,Large (>100MWh pa),final,ergon-network-price-list-2024-25-sch8-wayback
ergon,WLTOUDT1,2025-07-01,2026-06-30,Large ToU Demand&Energy,Large (>100MWh pa),final,ergon-network-price-list-2025-26-sch8-wayback
ergon,WLTOUDT1,2026-07-01,2027-06-30,Large ToU Demand&Energy,Large (>100MWh pa),final,ergon-network-price-list-2026-27-sch8-wayback
ergon,WLTOUDT2,2023-07-01,2024-06-30,ToU Demand,Large (>100MWh pa),final,ergon-network-price-list-2023-24-sch8-wayback
ergon,WLTOUDT2,2024-07-01,2025-06-30,ToU Demand,Large (>100MWh pa),final,ergon-network-price-list-2024-25-sch8-wayback
ergon,WLTOUDT3,2023-07-01,2024-06-30,ToU Demand,Large (>100MWh pa),final,ergon-network-price-list-2023-24-sch8-wayback
ergon,WLTOUDT3,2024-07-01,2025-06-30,ToU Demand,Large (>100MWh pa),final,ergon-network-price-list-2024-25-sch8-wayback
ergon,WLTOUET1,2025-07-01,2026-06-30,Large TOU Energy,Large (>100MWh pa),final,ergon-network-price-list-2025-26-sch8-wayback
ergon,WLTOUET1,2026-07-01,2027-06-30,Large TOU Energy,Large (>100MWh pa),final,ergon-network-price-list-2026-27-sch8-wayback
ergon,WRDEM,2024-07-01,2025-06-30,West SAC<100MWhpa Residential TOU Demand T1,SAC,provisional,aer-stakeholder-report-ergon-2024-25
ergon,WRDEMT1,2023-07-01,2024-06-30,Residential Demand,Residential (<100MWh pa),final,ergon-network-price-list-2023-24-sch8-wayback
ergon,WRDEMT1,2024-07-01,2025-06-30,Residential Demand,Residential (<100MWh pa),final,ergon-network-price-list-2024-25-sch8-wayback
ergon,WRDEMT2,2023-07-01,2024-06-30,Residential Demand,Residential (<100MWh pa),final,ergon-network-price-list-2023-24-sch8-wayback
ergon,WRDEMT2,2024-07-01,2025-06-30,Residential Demand,Residential (<100MWh pa),final,ergon-network-price-list-2024-25-sch8-wayback
ergon,WRDEMT3,2023-07-01,2024-06-30,Residential Demand,Residential (<100MWh pa),final,ergon-network-price-list-2023-24-sch8-wayback
ergon,WRDEMT3,2024-07-01,2025-06-30,Residential Demand,Residential (<100MWh pa),final,ergon-network-price-list-2024-25-sch8-wayback
ergon,WREST,2024-07-01,2025-06-30,West SAC>100MWhpa Large Residential Energy,SAC,provisional,aer-stakeholder-report-ergon-2024-25
ergon,WRESTT1,2023-07-01,2024-06-30,Large Residential Energy,Large (>100MWh pa),final,ergon-network-price-list-2023-24-sch8-wayback
ergon,WRESTT1,2024-07-01,2025-06-30,Large Residential Energy,Large (>100MWh pa),final,ergon-network-price-list-2024-25-sch8-wayback
ergon,WRESTT2,2023-07-01,2024-06-30,Large Residential Energy,Large (>100MWh pa),final,ergon-network-price-list-2023-24-sch8-wayback
ergon,WRESTT2,2024-07-01,2025-06-30,Large Residential Energy,Large (>100MWh pa),final,ergon-network-price-list-2024-25-sch8-wayback
ergon,WRESTT3,2023-07-01,2024-06-30,Large Residential Energy,Large (>100MWh pa),final,ergon-network-price-list-2023-24-sch8-wayback
ergon,WRESTT3,2024-07-01,2025-06-30,Large Residential Energy,Large (>100MWh pa),final,ergon-network-price-list-2024-25-sch8-wayback
ergon,WRIB,2024-07-01,2025-06-30,West SAC<100MWhpa Residential IBT T1,SAC,provisional,aer-stakeholder-report-ergon-2024-25
ergon,WRIBT1,2023-07-01,2024-06-30,IBT Residential,Residential (<100MWh pa),final,ergon-network-price-list-2023-24-sch8-wayback
ergon,WRIBT1,2024-07-01,2025-06-30,IBT Residential,Residential (<100MWh pa),final,ergon-network-price-list-2024-25-sch8-wayback
ergon,WRIBT1,2025-07-01,2026-06-30,Residential Flat,Residential (<100MWh pa),final,ergon-network-price-list-2025-26-sch8-wayback
ergon,WRIBT1,2026-07-01,2027-06-30,Residential Flat,Residential (<100MWh pa),final,ergon-network-price-list-2026-27-sch8-wayback
ergon,WRIBT2,2023-07-01,2024-06-30,IBT Residential,Residential (<100MWh pa),final,ergon-network-price-list-2023-24-sch8-wayback
ergon,WRIBT2,2024-07-01,2025-06-30,IBT Residential,Residential (<100MWh pa),final,ergon-network-price-list-2024-25-sch8-wayback
ergon,WRIBT3,2023-07-01,2024-06-30,IBT Residential,Residential (<100MWh pa),final,ergon-network-price-list-2023-24-sch8-wayback
ergon,WRIBT3,2024-07-01,2025-06-30,IBT Residential,Residential (<100MWh pa),final,ergon-network-price-list-2024-25-sch8-wayback
ergon,WRTDEM,2024-07-01,2025-06-30,West SAC<100MWhpa Residential TOU Transitional Demand T1,SAC,provisional,aer-stakeholder-report-ergon-2024-25
ergon,WRTDEMT1,2023-07-01,2024-06-30,Residential Transitional Demand,Residential (<100MWh pa),final,ergon-network-price-list-2023-24-sch8-wayback
ergon,WRTDEMT1,2024-07-01,2025-06-30,Residential Transitional Demand,Residential (<100MWh pa),final,ergon-network-price-list-2024-25-sch8-wayback
ergon,WRTDEMT1,2025-07-01,2026-06-30,Residential ToU Demand&Energy,Residential (<100MWh pa),final,ergon-network-price-list-2025-26-sch8-wayback
ergon,WRTDEMT1,2026-07-01,2027-06-30,Residential ToU Demand&Energy,Residential (<100MWh pa),final,ergon-network-price-list-2026-27-sch8-wayback
ergon,WRTDEMT2,2023-07-01,2024-06-30,Residential Transitional Demand,Residential (<100MWh pa),final,ergon-network-price-list-2023-24-sch8-wayback
ergon,WRTDEMT2,2024-07-01,2025-06-30,Residential Transitional Demand,Residential (<100MWh pa),final,ergon-network-price-list-2024-25-sch8-wayback
ergon,WRTDEMT3,2023-07-01,2024-06-30,Residential Transitional Demand,Residential (<100MWh pa),final,ergon-network-price-list-2023-24-sch8-wayback
ergon,WRTDEMT3,2024-07-01,2025-06-30,Residential Transitional Demand,Residential (<100MWh pa),final,ergon-network-price-list-2024-25-sch8-wayback
ergon,WRTOUE,2024-07-01,2025-06-30,West SAC<100MWhpa Residential TOU Energy T1,SAC,provisional,aer-stakeholder-report-ergon-2024-25
ergon,WRTOUET1,2023-07-01,2024-06-30,Residential ToU Energy,Residential (<100MWh pa),final,ergon-network-price-list-2023-24-sch8-wayback
ergon,WRTOUET1,2024-07-01,2025-06-30,Residential ToU Energy,Residential (<100MWh pa),final,ergon-network-price-list-2024-25-sch8-wayback
ergon,WRTOUET1,2025-07-01,2026-06-30,Residential ToU Energy,Residential (<100MWh pa),final,ergon-network-price-list-2025-26-sch8-wayback
ergon,WRTOUET1,2026-07-01,2027-06-30,Residential ToU Energy,Residential (<100MWh pa),final,ergon-network-price-list-2026-27-sch8-wayback
ergon,WRTOUET2,2023-07-01,2024-06-30,Residential ToU Energy,Residential (<100MWh pa),final,ergon-network-price-list-2023-24-sch8-wayback
ergon,WRTOUET2,2024-07-01,2025-06-30,Residential ToU Energy,Residential (<100MWh pa),final,ergon-network-price-list-2024-25-sch8-wayback
ergon,WRTOUET3,2023-07-01,2024-06-30,Residential ToU Energy,Residential (<100MWh pa),final,ergon-network-price-list-2023-24-sch8-wayback
ergon,WRTOUET3,2024-07-01,2025-06-30,Residential ToU Energy,Residential (<100MWh pa),final,ergon-network-price-list-2024-25-sch8-wayback
ergon,WSLVDBT1,2026-07-01,2027-06-30,Dynamic Business LV Tariff Trial,SAC,final,ergon-network-price-list-2026-27-sch8-wayback
ergon,WSTOUD,2024-07-01,2025-06-30,West SAC>100MWhpa STOUD,SAC,provisional,aer-stakeholder-report-ergon-2024-25
ergon,WSTOUDT1,2023-07-01,2024-06-30,Seasonal TOU Demand,Large (>100MWh pa),final,ergon-network-price-list-2023-24-sch8-wayback
ergon,WSTOUDT1,2024-07-01,2025-06-30,Seasonal TOU Demand,Large (>100MWh pa),final,ergon-network-price-list-2024-25-sch8-wayback
ergon,WSTOUDT2,2023-07-01,2024-06-30,Seasonal TOU Demand,Large (>100MWh pa),final,ergon-network-price-list-2023-24-sch8-wayback
ergon,WSTOUDT2,2024-07-01,2025-06-30,Seasonal TOU Demand,Large (>100MWh pa),final,ergon-network-price-list-2024-25-sch8-wayback
ergon,WSTOUDT3,2023-07-01,2024-06-30,Seasonal TOU Demand,Large (>100MWh pa),final,ergon-network-price-list-2023-24-sch8-wayback
ergon,WSTOUDT3,2024-07-01,2025-06-30,Seasonal TOU Demand,Large (>100MWh pa),final,ergon-network-price-list-2024-25-sch8-wayback
ergon,WTBA10T1,2025-07-01,2026-06-30,West Small Business Demand,,provisional,aer-consolidated-2025-26-v5
ergon,WTBA10T1,2026-07-01,2027-06-30,West Small Business Demand,,provisional,aer-consolidated-2026-27-v5
ergon,WTBA12T1,2025-07-01,2026-06-30,West Small Business Flexible Load,,provisional,aer-consolidated-2025-26-v5
ergon,WTBA12T1,2026-07-01,2027-06-30,West Small Business Flexible Load,,provisional,aer-consolidated-2026-27-v5
ergon,WTBA13T1,2025-07-01,2026-06-30,West Residential Demand,,provisional,aer-consolidated-2025-26-v5
ergon,WTBA13T1,2026-07-01,2027-06-30,West Residential Demand,,provisional,aer-consolidated-2026-27-v5
ergon,WTBA15T1,2025-07-01,2026-06-30,West Residential Flexible Load,,provisional,aer-consolidated-2025-26-v5
ergon,WTBA15T1,2026-07-01,2027-06-30,West Residential Flexible Load,,provisional,aer-consolidated-2026-27-v5
ergon,WVC,2024-07-01,2025-06-30,West SAC<100MWhpa VolumeControlled T1,SAC,provisional,aer-stakeholder-report-ergon-2024-25
ergon,WVCT1,2023-07-01,2024-06-30,Volume Controlled,Controlled load (<100MWh pa),final,ergon-network-price-list-2023-24-sch8-wayback
ergon,WVCT1,2024-07-01,2025-06-30,Volume Controlled,Controlled load (<100MWh pa),final,ergon-network-price-list-2024-25-sch8-wayback
ergon,WVCT1,2025-07-01,2026-06-30,Volume Controlled,Controlled load (<100MWh pa),final,ergon-network-price-list-2025-26-sch8-wayback
ergon,WVCT1,2026-07-01,2027-06-30,Volume Controlled,Controlled load (<100MWh pa),final,ergon-network-price-list-2026-27-sch8-wayback
ergon,WVCT2,2023-07-01,2024-06-30,Volume Controlled,Controlled load (<100MWh pa),final,ergon-network-price-list-2023-24-sch8-wayback
ergon,WVCT2,2024-07-01,2025-06-30,Volume Controlled,Controlled load (<100MWh pa),final,ergon-network-price-list-2024-25-sch8-wayback
ergon,WVCT3,2023-07-01,2024-06-30,Volume Controlled,Controlled load (<100MWh pa),final,ergon-network-price-list-2023-24-sch8-wayback
ergon,WVCT3,2024-07-01,2025-06-30,Volume Controlled,Controlled load (<100MWh pa),final,ergon-network-price-list-2024-25-sch8-wayback
ergon,WVN,2024-07-01,2025-06-30,West SAC<100MWhpa VolumeNightControlled T1,SAC,provisional,aer-stakeholder-report-ergon-2024-25
ergon,WVNT1,2023-07-01,2024-06-30,Volume Night Controlled,Controlled load (<100MWh pa),final,ergon-network-price-list-2023-24-sch8-wayback
ergon,WVNT1,2024-07-01,2025-06-30,Volume Night Controlled,Controlled load (<100MWh pa),final,ergon-network-price-list-2024-25-sch8-wayback
ergon,WVNT1,2025-07-01,2026-06-30,Volume Night Controlled,Controlled load (<100MWh pa),final,ergon-network-price-list-2025-26-sch8-wayback
ergon,WVNT1,2026-07-01,2027-06-30,Volume Night Controlled,Controlled load (<100MWh pa),final,ergon-network-price-list-2026-27-sch8-wayback
ergon,WVNT2,2023-07-01,2024-06-30,Volume Night Controlled,Controlled load (<100MWh pa),final,ergon-network-price-list-2023-24-sch8-wayback
ergon,WVNT2,2024-07-01,2025-06-30,Volume Night Controlled,Controlled load (<100MWh pa),final,ergon-network-price-list-2024-25-sch8-wayback
ergon,WVNT3,2023-07-01,2024-06-30,Volume Night Controlled,Controlled load (<100MWh pa),final,ergon-network-price-list-2023-24-sch8-wayback
ergon,WVNT3,2024-07-01,2025-06-30,Volume Night Controlled,Controlled load (<100MWh pa),final,ergon-network-price-list-2024-25-sch8-wayback
ergon,WVU,2024-07-01,2025-06-30,West SAC<100MWhpa VolumeUnmetered T1,SAC,provisional,aer-stakeholder-report-ergon-2024-25
ergon,WVUT1,2023-07-01,2024-06-30,Unmetered,Unmetered,final,ergon-network-price-list-2023-24-sch8-wayback
ergon,WVUT1,2024-07-01,2025-06-30,Unmetered,Unmetered,final,ergon-network-price-list-2024-25-sch8-wayback
ergon,WVUT1,2025-07-01,2026-06-30,Unmetered,Unmetered,final,ergon-network-price-list-2025-26-sch8-wayback
ergon,WVUT1,2026-07-01,2027-06-30,Unmetered,Unmetered,final,ergon-network-price-list-2026-27-sch8-wayback
ergon,WVUT2,2023-07-01,2024-06-30,Unmetered,Unmetered,final,ergon-network-price-list-2023-24-sch8-wayback
ergon,WVUT2,2024-07-01,2025-06-30,Unmetered,Unmetered,final,ergon-network-price-list-2024-25-sch8-wayback
ergon,WVUT3,2023-07-01,2024-06-30,Unmetered,Unmetered,final,ergon-network-price-list-2023-24-sch8-wayback
ergon,WVUT3,2024-07-01,2025-06-30,Unmetered,Unmetered,final,ergon-network-price-list-2024-25-sch8-wayback
essential,BHND1CO,2023-07-01,2024-06-30,HV 1 Rate Demand Cent Urban TOU,Obsolete Tariffs - Not applicable to new connections,provisional,essential-2023-24-network-price-list-31mar2023
essential,BHND1SO,2023-07-01,2024-06-30,HV 1 Rate Demand Sth Urban,Obsolete Tariffs - Not applicable to new connections,provisional,essential-2023-24-network-price-list-31mar2023
essential,BHND3AO,2023-07-01,2024-06-30,HV TOU mthly Demand,Business Tariffs,provisional,essential-2023-24-network-price-list-31mar2023
essential,BHND3AO,2024-07-01,2025-06-30,HV Business Demand,Business Tariffs,final,essential-price-list-and-explanatory-notes-2024-25
essential,BHND3AO,2025-07-01,2026-06-30,HV Business Demand,Business Tariffs,final,essential-price-list-and-explanatory-notes-2025-26
essential,BHND3AO,2026-07-01,2027-06-30,HV Business Demand,Business Tariffs,final,essential-price-list-and-explanatory-notes-2026-27
essential,BHND4LS,2024-07-01,2025-06-30,HV Storage/Hybrid,Business Tariffs,final,essential-price-list-and-explanatory-notes-2024-25
essential,BHND4LS,2025-07-01,2026-06-30,HV Storage/Hybrid,Business Tariffs,final,essential-price-list-and-explanatory-notes-2025-26
essential,BHND4LS,2026-07-01,2027-06-30,HV Storage/Hybrid,Business Tariffs,final,essential-price-list-and-explanatory-notes-2026-27
essential,BHNS1AO,2023-07-01,2024-06-30,HV TOU avg daily Demand,Obsolete Tariffs - Not applicable to new connections,provisional,essential-2023-24-network-price-list-31mar2023
essential,BHNS1AO,2024-07-01,2025-06-30,HV TOU Avg Daily Demand,Business Tariffs,final,essential-price-list-and-explanatory-notes-2024-25
essential,BHNS1AO,2025-07-01,2026-06-30,HV TOU Avg Daily Demand,Business Tariffs,final,essential-price-list-and-explanatory-notes-2025-26
essential,BHNS1AO,2026-07-01,2027-06-30,HV TOU Avg Daily Demand,Business Tariffs,final,essential-price-list-and-explanatory-notes-2026-27
essential,BHTD1SO,2023-07-01,2024-06-30,HV 1 Rate Demand Sth Urban,Obsolete Tariffs - Not applicable to new connections,provisional,essential-2023-24-network-price-list-31mar2023
essential,BLNBEX1,2024-07-01,2025-06-30,LV Small Business Solar Export,Export Tariffs,final,essential-price-list-and-explanatory-notes-2024-25
essential,BLNBEX1,2025-07-01,2026-06-30,LV Small Business Solar Export,Export Tariffs,final,essential-price-list-and-explanatory-notes-2025-26
essential,BLNBEX1,2026-07-01,2027-06-30,LV Small Business Solar Export,Export Tariffs,final,essential-price-list-and-explanatory-notes-2026-27
essential,BLNBSS1,2024-07-01,2025-06-30,LV Small Business ToU - Sun Soaker,Business Tariffs,final,essential-price-list-and-explanatory-notes-2024-25
essential,BLNBSS1,2025-07-01,2026-06-30,LV Small Business ToU - Sun Soaker,Business Tariffs,final,essential-price-list-and-explanatory-notes-2025-26
essential,BLNBSS1,2026-07-01,2027-06-30,LV Small Business ToU - Sun Soaker,Business Tariffs,final,essential-price-list-and-explanatory-notes-2026-27
essential,BLNC1AU,2023-07-01,2024-06-30,Controlled Load 1,Controlled Load Tariffs,provisional,essential-2023-24-network-price-list-31mar2023
essential,BLNC1AU,2024-07-01,2025-06-30,Controlled Load 1,Controlled Load Tariffs,final,essential-price-list-and-explanatory-notes-2024-25
essential,BLNC1AU,2025-07-01,2026-06-30,Controlled Load 1,Controlled Load Tariffs,final,essential-price-list-and-explanatory-notes-2025-26
essential,BLNC1AU,2026-07-01,2027-06-30,Controlled Load 1,Controlled Load Tariffs,final,essential-price-list-and-explanatory-notes-2026-27
essential,BLNC2AU,2023-07-01,2024-06-30,Controlled Load 2,Controlled Load Tariffs,provisional,essential-2023-24-network-price-list-31mar2023
essential,BLNC2AU,2024-07-01,2025-06-30,Controlled Load 2,Controlled Load Tariffs,final,essential-price-list-and-explanatory-notes-2024-25
essential,BLNC2AU,2025-07-01,2026-06-30,Controlled Load 2,Controlled Load Tariffs,final,essential-price-list-and-explanatory-notes-2025-26
essential,BLNC2AU,2026-07-01,2027-06-30,Controlled Load 2,Controlled Load Tariffs,final,essential-price-list-and-explanatory-notes-2026-27
essential,BLND1AB,2023-07-01,2024-06-30,Small Business - Opt in Demand,Business Tariffs,provisional,essential-2023-24-network-price-list-31mar2023
essential,BLND1AB,2024-07-01,2025-06-30,LV Small Business ToU - Opt in Demand,Business Tariffs,final,essential-price-list-and-explanatory-notes-2024-25
essential,BLND1AB,2025-07-01,2026-06-30,LV Small Business ToU Demand - Opt in,Business Tariffs,final,essential-price-list-and-explanatory-notes-2025-26
essential,BLND1AB,2026-07-01,2027-06-30,LV Small Business ToU Demand - Opt in,Business Tariffs,final,essential-price-list-and-explanatory-notes-2026-27
essential,BLND1AR,2023-07-01,2024-06-30,Small Residential - Opt in Demand,Residential Tariffs,provisional,essential-2023-24-network-price-list-31mar2023
essential,BLND1AR,2024-07-01,2025-06-30,LV Residential ToU - Opt in Demand,Residential Tariffs,final,essential-price-list-and-explanatory-notes-2024-25
essential,BLND1AR,2025-07-01,2026-06-30,LV Residential ToU Demand - Opt in,Residential Tariffs,final,essential-price-list-and-explanatory-notes-2025-26
essential,BLND1AR,2026-07-01,2027-06-30,LV Residential ToU Demand - Opt in,Residential Tariffs,final,essential-price-list-and-explanatory-notes-2026-27
essential,BLND1CO,2023-07-01,2024-06-30,LV TOU Demand 1 Rate,Obsolete Tariffs - Not applicable to new connections,provisional,essential-2023-24-network-price-list-31mar2023
essential,BLND1NO,2023-07-01,2024-06-30,LV TOU Demand 1 Rate,Obsolete Tariffs - Not applicable to new connections,provisional,essential-2023-24-network-price-list-31mar2023
essential,BLND1SR,2023-07-01,2024-06-30,LV 1 Rate Demand Sth Rural,Obsolete Tariffs - Not applicable to new connections,provisional,essential-2023-24-network-price-list-31mar2023
essential,BLND1SU,2023-07-01,2024-06-30,LV 1 Rate Demand Sth Urban,Obsolete Tariffs - Not applicable to new connections,provisional,essential-2023-24-network-price-list-31mar2023
essential,BLND3AO,2023-07-01,2024-06-30,LV TOU Demand 3 Rate,Business Tariffs,provisional,essential-2023-24-network-price-list-31mar2023
essential,BLND3AO,2024-07-01,2025-06-30,LV Large Business Demand,Business Tariffs,final,essential-price-list-and-explanatory-notes-2024-25
essential,BLND3AO,2025-07-01,2026-06-30,LV Large Business Demand,Business Tariffs,final,essential-price-list-and-explanatory-notes-2025-26
essential,BLND3AO,2026-07-01,2027-06-30,LV Large Business Demand,Business Tariffs,final,essential-price-list-and-explanatory-notes-2026-27
essential,BLND3TO,2023-07-01,2024-06-30,LV TOU Demand Alternative tariff,Business Tariffs,provisional,essential-2023-24-network-price-list-31mar2023
essential,BLND3TO,2024-07-01,2025-06-30,LV Demand - Alternative tariff,Business Tariffs,final,essential-price-list-and-explanatory-notes-2024-25
essential,BLND3TO,2025-07-01,2026-06-30,LV Demand - Alternative tariff,Business Tariffs,final,essential-price-list-and-explanatory-notes-2025-26
essential,BLND3TO,2026-07-01,2027-06-30,LV Demand - Alternative tariff,Business Tariffs,final,essential-price-list-and-explanatory-notes-2026-27
essential,BLND4LS,2024-07-01,2025-06-30,LV Large Storage/Hybrid,Business Tariffs,final,essential-price-list-and-explanatory-notes-2024-25
essential,BLND4LS,2025-07-01,2026-06-30,LV Large Storage/Hybrid,Business Tariffs,final,essential-price-list-and-explanatory-notes-2025-26
essential,BLND4LS,2026-07-01,2027-06-30,LV Large Storage/Hybrid,Business Tariffs,final,essential-price-list-and-explanatory-notes-2026-27
essential,BLND4SB,2024-07-01,2025-06-30,LV Small Scale Storage,Business Tariffs,final,essential-price-list-and-explanatory-notes-2024-25
essential,BLND4SB,2025-07-01,2026-06-30,LV Small Scale Storage,Business Tariffs,final,essential-price-list-and-explanatory-notes-2025-26
essential,BLND4SB,2026-07-01,2027-06-30,LV Small Scale Storage,Business Tariffs,final,essential-price-list-and-explanatory-notes-2026-27
essential,BLNDTRS,2023-07-01,2024-06-30,Transitional Demand,Business Tariffs,provisional,essential-2023-24-network-price-list-31mar2023
essential,BLNDTRS,2024-07-01,2025-06-30,Transitional Demand,Business Tariffs,final,essential-price-list-and-explanatory-notes-2024-25
essential,BLNDTRS,2025-07-01,2026-06-30,LV Transitional Demand,,provisional,aer-consolidated-2025-26-v5
essential,BLNDTRS,2026-07-01,2027-06-30,LV Transitional Demand,,provisional,aer-consolidated-2026-27-v5
essential,BLNE0AU,2023-07-01,2024-06-30,Ineligible Export,Export Tariffs,provisional,essential-2023-24-network-price-list-31mar2023
essential,BLNE0AU,2024-07-01,2025-06-30,Ineligible Export,Export Tariffs,final,essential-price-list-and-explanatory-notes-2024-25
essential,BLNE0AU,2025-07-01,2026-06-30,Ineligible Export,Export Tariffs,final,essential-price-list-and-explanatory-notes-2025-26
essential,BLNE0AU,2026-07-01,2027-06-30,Ineligible Export,Export Tariffs,final,essential-price-list-and-explanatory-notes-2026-27
essential,BLNE11AU,2023-07-01,2024-06-30,NSW Solar Bonus Scheme Net,Obsolete Tariffs - Not applicable to new connections,provisional,essential-2023-24-network-price-list-31mar2023
essential,BLNE11AU,2025-07-01,2026-06-30,NSW Solar Bonus Scheme Net,Export Tariffs,final,essential-price-list-and-explanatory-notes-2025-26
essential,BLNE11AU,2026-07-01,2027-06-30,NSW Solar Bonus Scheme Net,Export Tariffs,final,essential-price-list-and-explanatory-notes-2026-27
essential,BLNE12AU,2023-07-01,2024-06-30,NSW Solar Bonus Scheme Net,Obsolete Tariffs - Not applicable to new connections,provisional,essential-2023-24-network-price-list-31mar2023
essential,BLNE12AU,2025-07-01,2026-06-30,NSW Solar Bonus Scheme Net,Export Tariffs,final,essential-price-list-and-explanatory-notes-2025-26
essential,BLNE12AU,2026-07-01,2027-06-30,NSW Solar Bonus Scheme Net,Export Tariffs,final,essential-price-list-and-explanatory-notes-2026-27
essential,BLNE13AU,2023-07-01,2024-06-30,NSW Solar Bonus Scheme Gross,Obsolete Tariffs - Not applicable to new connections,provisional,essential-2023-24-network-price-list-31mar2023
essential,BLNE13AU,2025-07-01,2026-06-30,NSW Solar Bonus Scheme Gross,Export Tariffs,final,essential-price-list-and-explanatory-notes-2025-26
essential,BLNE13AU,2026-07-01,2027-06-30,NSW Solar Bonus Scheme Gross,Export Tariffs,final,essential-price-list-and-explanatory-notes-2026-27
essential,BLNE14AU,2023-07-01,2024-06-30,NSW Solar Bonus Scheme Gross,Obsolete Tariffs - Not applicable to new connections,provisional,essential-2023-24-network-price-list-31mar2023
essential,BLNE14AU,2025-07-01,2026-06-30,NSW Solar Bonus Scheme Gross,Export Tariffs,final,essential-price-list-and-explanatory-notes-2025-26
essential,BLNE14AU,2026-07-01,2027-06-30,NSW Solar Bonus Scheme Gross,Export Tariffs,final,essential-price-list-and-explanatory-notes-2026-27
essential,BLNE1AU,2023-07-01,2024-06-30,NSW Solar Bonus Scheme Net,Obsolete Tariffs - Not applicable to new connections,provisional,essential-2023-24-network-price-list-31mar2023
essential,BLNE1AU,2025-07-01,2026-06-30,NSW Solar Bonus Scheme Net,Export Tariffs,final,essential-price-list-and-explanatory-notes-2025-26
essential,BLNE1AU,2026-07-01,2027-06-30,NSW Solar Bonus Scheme Net,Export Tariffs,final,essential-price-list-and-explanatory-notes-2026-27
essential,BLNE20AU,2023-07-01,2024-06-30,Business Anytime Export gross metered,Export Tariffs,provisional,essential-2023-24-network-price-list-31mar2023
essential,BLNE20AU,2024-07-01,2025-06-30,Business Anytime Export gross metered,Export Tariffs,final,essential-price-list-and-explanatory-notes-2024-25
essential,BLNE20AU,2025-07-01,2026-06-30,Business Anytime Export gross metered,Export Tariffs,final,essential-price-list-and-explanatory-notes-2025-26
essential,BLNE20AU,2026-07-01,2027-06-30,Business Anytime Export gross metered,Export Tariffs,final,essential-price-list-and-explanatory-notes-2026-27
essential,BLNE21AU,2023-07-01,2024-06-30,Residential Anytime Export gross metered,Export Tariffs,provisional,essential-2023-24-network-price-list-31mar2023
essential,BLNE21AU,2024-07-01,2025-06-30,Residential Anytime Export gross metered,Export Tariffs,final,essential-price-list-and-explanatory-notes-2024-25
essential,BLNE21AU,2025-07-01,2026-06-30,Residential Anytime Export gross metered,Export Tariffs,final,essential-price-list-and-explanatory-notes-2025-26
essential,BLNE21AU,2026-07-01,2027-06-30,Residential Anytime Export gross metered,Export Tariffs,final,essential-price-list-and-explanatory-notes-2026-27
essential,BLNE22AU,2023-07-01,2024-06-30,Business Anytime Export net metered,Export Tariffs,provisional,essential-2023-24-network-price-list-31mar2023
essential,BLNE22AU,2024-07-01,2025-06-30,Business Anytime Export,Export Tariffs,final,essential-price-list-and-explanatory-notes-2024-25
essential,BLNE22AU,2025-07-01,2026-06-30,Business Anytime Export,Export Tariffs,final,essential-price-list-and-explanatory-notes-2025-26
essential,BLNE22AU,2026-07-01,2027-06-30,Business Anytime Export,Export Tariffs,final,essential-price-list-and-explanatory-notes-2026-27
essential,BLNE23AU,2023-07-01,2024-06-30,Residential Anytime Export net metered,Export Tariffs,provisional,essential-2023-24-network-price-list-31mar2023
essential,BLNE23AU,2024-07-01,2025-06-30,Residential Anytime Export,Export Tariffs,final,essential-price-list-and-explanatory-notes-2024-25
essential,BLNE23AU,2025-07-01,2026-06-30,Residential Anytime Export,Export Tariffs,final,essential-price-list-and-explanatory-notes-2025-26
essential,BLNE23AU,2026-07-01,2027-06-30,Residential Anytime Export,Export Tariffs,final,essential-price-list-and-explanatory-notes-2026-27
essential,BLNE24AU,2023-07-01,2024-06-30,QLD Government Solar Bonus Scheme,Obsolete Tariffs - Not applicable to new connections,provisional,essential-2023-24-network-price-list-31mar2023
essential,BLNE24AU,2025-07-01,2026-06-30,QLD Government Solar Bonus Scheme,Export Tariffs,final,essential-price-list-and-explanatory-notes-2025-26
essential,BLNE24AU,2026-07-01,2027-06-30,QLD Government Solar Bonus Scheme,Export Tariffs,final,essential-price-list-and-explanatory-notes-2026-27
essential,BLNE25AU,2023-07-01,2024-06-30,QLD Government Solar Bonus Scheme,Obsolete Tariffs - Not applicable to new connections,provisional,essential-2023-24-network-price-list-31mar2023
essential,BLNE25AU,2025-07-01,2026-06-30,QLD Government Solar Bonus Scheme,Export Tariffs,final,essential-price-list-and-explanatory-notes-2025-26
essential,BLNE25AU,2026-07-01,2027-06-30,QLD Government Solar Bonus Scheme,Export Tariffs,final,essential-price-list-and-explanatory-notes-2026-27
essential,BLNE26AU,2023-07-01,2024-06-30,QLD Government Solar Bonus,Export Tariffs,provisional,essential-2023-24-network-price-list-31mar2023
essential,BLNE26AU,2024-07-01,2025-06-30,QLD Government Solar Bonus,Export Tariffs,final,essential-price-list-and-explanatory-notes-2024-25
essential,BLNE26AU,2025-07-01,2026-06-30,QLD Government Solar Bonus,Export Tariffs,final,essential-price-list-and-explanatory-notes-2025-26
essential,BLNE26AU,2026-07-01,2027-06-30,QLD Government Solar Bonus,Export Tariffs,final,essential-price-list-and-explanatory-notes-2026-27
essential,BLNE27AU,2023-07-01,2024-06-30,QLD Government Solar Bonus,Export Tariffs,provisional,essential-2023-24-network-price-list-31mar2023
essential,BLNE27AU,2024-07-01,2025-06-30,QLD Government Solar Bonus,Export Tariffs,final,essential-price-list-and-explanatory-notes-2024-25
essential,BLNE27AU,2025-07-01,2026-06-30,QLD Government Solar Bonus,Export Tariffs,final,essential-price-list-and-explanatory-notes-2025-26
essential,BLNE27AU,2026-07-01,2027-06-30,QLD Government Solar Bonus,Export Tariffs,final,essential-price-list-and-explanatory-notes-2026-27
essential,BLNE2AU,2023-07-01,2024-06-30,NSW Solar Bonus Scheme Net,Obsolete Tariffs - Not applicable to new connections,provisional,essential-2023-24-network-price-list-31mar2023
essential,BLNE2AU,2025-07-01,2026-06-30,NSW Solar Bonus Scheme Net,Export Tariffs,final,essential-price-list-and-explanatory-notes-2025-26
essential,BLNE2AU,2026-07-01,2027-06-30,NSW Solar Bonus Scheme Net,Export Tariffs,final,essential-price-list-and-explanatory-notes-2026-27
essential,BLNE30AU,2023-07-01,2024-06-30,NSW Solar Bonus Scheme Retailer Contribution,Obsolete Tariffs - Not applicable to new connections,provisional,essential-2023-24-network-price-list-31mar2023
essential,BLNE3AU,2023-07-01,2024-06-30,NSW Solar Bonus Scheme Gross,Obsolete Tariffs - Not applicable to new connections,provisional,essential-2023-24-network-price-list-31mar2023
essential,BLNE3AU,2025-07-01,2026-06-30,NSW Solar Bonus Scheme Gross,Export Tariffs,final,essential-price-list-and-explanatory-notes-2025-26
essential,BLNE3AU,2026-07-01,2027-06-30,NSW Solar Bonus Scheme Gross,Export Tariffs,final,essential-price-list-and-explanatory-notes-2026-27
essential,BLNE4AU,2023-07-01,2024-06-30,NSW Solar Bonus Scheme Gross,Obsolete Tariffs - Not applicable to new connections,provisional,essential-2023-24-network-price-list-31mar2023
essential,BLNE4AU,2025-07-01,2026-06-30,NSW Solar Bonus Scheme Gross,Export Tariffs,final,essential-price-list-and-explanatory-notes-2025-26
essential,BLNE4AU,2026-07-01,2027-06-30,NSW Solar Bonus Scheme Gross,Export Tariffs,final,essential-price-list-and-explanatory-notes-2026-27
essential,BLNN1AU,2023-07-01,2024-06-30,LV Small Business Anytime,Business Tariffs,provisional,essential-2023-24-network-price-list-31mar2023
essential,BLNN1AU,2024-07-01,2025-06-30,LV Small Business Anytime,Business Tariffs,final,essential-price-list-and-explanatory-notes-2024-25
essential,BLNN1AU,2025-07-01,2026-06-30,LV Small Business Anytime,Business Tariffs,final,essential-price-list-and-explanatory-notes-2025-26
essential,BLNN1AU,2026-07-01,2027-06-30,LV Small Business Anytime,Business Tariffs,final,essential-price-list-and-explanatory-notes-2026-27
essential,BLNN2AU,2023-07-01,2024-06-30,LV Residential Anytime,Residential Tariffs,provisional,essential-2023-24-network-price-list-31mar2023
essential,BLNN2AU,2024-07-01,2025-06-30,LV Residential Anytime,Residential Tariffs,final,essential-price-list-and-explanatory-notes-2024-25
essential,BLNN2AU,2025-07-01,2026-06-30,LV Residential Anytime,$/Day All c/kWh c/kWh c/kWh c/kWh $/kVA/M $/kVA/M $/kVA/M Residential Tariffs,final,essential-price-list-and-explanatory-notes-2025-26
essential,BLNN2AU,2026-07-01,2027-06-30,LV Residential Anytime,c/kWh c/kWh c/kWh $/kVA/M $/kVA/M $/kVA/M Residential Tariffs,final,essential-price-list-and-explanatory-notes-2026-27
essential,BLNN3AO,2023-07-01,2024-06-30,LV Unmetered NUOS,Unmetered Tariffs,provisional,essential-2023-24-network-price-list-31mar2023
essential,BLNP1AO,2023-07-01,2024-06-30,LV Unmetered NUOS,Unmetered Tariffs,provisional,essential-2023-24-network-price-list-31mar2023
essential,BLNP1AO,2024-07-01,2025-06-30,LV Unmetered NUOS,Business Tariffs,final,essential-price-list-and-explanatory-notes-2024-25
essential,BLNP1AO,2025-07-01,2026-06-30,LV Public Lighting NUOS,,provisional,aer-consolidated-2025-26-v5
essential,BLNP1AO,2026-07-01,2027-06-30,LV Public Lighting NUOS,,provisional,aer-consolidated-2026-27-v5
essential,BLNP3AO,2023-07-01,2024-06-30,LV Public Street Lighting TOU NUOS,Unmetered Tariffs,provisional,essential-2023-24-network-price-list-31mar2023
essential,BLNP3AO,2024-07-01,2025-06-30,LV Public Street Lighting ToU NUOS,Unmetered Tariffs,final,essential-price-list-and-explanatory-notes-2024-25
essential,BLNP3AO,2025-07-01,2026-06-30,LV Public Street Lighting ToU NUOS,Unmetered Tariffs,final,essential-price-list-and-explanatory-notes-2025-26
essential,BLNP3AO,2026-07-01,2027-06-30,LV Public Street Lighting ToU NUOS,Unmetered Tariffs,final,essential-price-list-and-explanatory-notes-2026-27
essential,BLNREX2,2024-07-01,2025-06-30,LV Residential Solar Export,Export Tariffs,final,essential-price-list-and-explanatory-notes-2024-25
essential,BLNREX2,2025-07-01,2026-06-30,LV Residential Solar Export,Export Tariffs,final,essential-price-list-and-explanatory-notes-2025-26
essential,BLNREX2,2026-07-01,2027-06-30,LV Residential Solar Export,Export Tariffs,final,essential-price-list-and-explanatory-notes-2026-27
essential,BLNRSS2,2024-07-01,2025-06-30,LV Residential ToU - Sun Soaker,Residential Tariffs,final,essential-price-list-and-explanatory-notes-2024-25
essential,BLNRSS2,2025-07-01,2026-06-30,LV Residential ToU - Sun Soaker,Residential Tariffs,final,essential-price-list-and-explanatory-notes-2025-26
essential,BLNRSS2,2026-07-01,2027-06-30,LV Residential ToU - Sun Soaker,Residential Tariffs,final,essential-price-list-and-explanatory-notes-2026-27
essential,BLNS1AO,2023-07-01,2024-06-30,LV TOU avg daily Demand,Obsolete Tariffs - Not applicable to new connections,provisional,essential-2023-24-network-price-list-31mar2023
essential,BLNS1AO,2024-07-01,2025-06-30,LV TOU Avg Daily Demand,Business Tariffs,final,essential-price-list-and-explanatory-notes-2024-25
essential,BLNS1AO,2025-07-01,2026-06-30,LV TOU Avg Daily Demand,Business Tariffs,final,essential-price-list-and-explanatory-notes-2025-26
essential,BLNS1AO,2026-07-01,2027-06-30,LV TOU Avg Daily Demand,Business Tariffs,final,essential-price-list-and-explanatory-notes-2026-27
essential,BLNT1AO,2023-07-01,2024-06-30,LV TOU <160MWh,Business Tariffs,provisional,essential-2023-24-network-price-list-31mar2023
essential,BLNT1AO,2024-07-01,2025-06-30,LV Small Business TOU,Business Tariffs,final,essential-price-list-and-explanatory-notes-2024-25
essential,BLNT1AO,2025-07-01,2026-06-30,LV Small Business TOU,Business Tariffs,final,essential-price-list-and-explanatory-notes-2025-26
essential,BLNT1AO,2026-07-01,2027-06-30,LV Small Business TOU,Business Tariffs,final,essential-price-list-and-explanatory-notes-2026-27
essential,BLNT1SU,2023-07-01,2024-06-30,LV ToU <160 MWh,Obsolete Tariffs - Not applicable to new connections,provisional,essential-2023-24-network-price-list-31mar2023
essential,BLNT2AL,2023-07-01,2024-06-30,LV Business TOU_Interval meter,Business Tariffs,provisional,essential-2023-24-network-price-list-31mar2023
essential,BLNT2AL,2024-07-01,2025-06-30,LV Small Business TOU - Interval meter,Business Tariffs,final,essential-price-list-and-explanatory-notes-2024-25
essential,BLNT2AL,2025-07-01,2026-06-30,LV Small Business TOU - Interval meter,Business Tariffs,final,essential-price-list-and-explanatory-notes-2025-26
essential,BLNT2AL,2026-07-01,2027-06-30,LV Small Business TOU - Interval meter,Business Tariffs,final,essential-price-list-and-explanatory-notes-2026-27
essential,BLNT2AU,2023-07-01,2024-06-30,LV TOU <100MWh,Business Tariffs,provisional,essential-2023-24-network-price-list-31mar2023
essential,BLNT2AU,2024-07-01,2025-06-30,LV Small Business TOU - Basic Meter,Business Tariffs,final,essential-price-list-and-explanatory-notes-2024-25
essential,BLNT2AU,2025-07-01,2026-06-30,LV Small Business TOU - Basic Meter,Business Tariffs,final,essential-price-list-and-explanatory-notes-2025-26
essential,BLNT2AU,2026-07-01,2027-06-30,LV Small Business TOU - Basic Meter,Business Tariffs,final,essential-price-list-and-explanatory-notes-2026-27
essential,BLNT3AL,2023-07-01,2024-06-30,LV Residential TOU_Interval meter,Residential Tariffs,provisional,essential-2023-24-network-price-list-31mar2023
essential,BLNT3AL,2024-07-01,2025-06-30,LV Residential ToU - Interval meter,Residential Tariffs,final,essential-price-list-and-explanatory-notes-2024-25
essential,BLNT3AL,2025-07-01,2026-06-30,LV Residential ToU - Interval meter,$/Day All c/kWh c/kWh c/kWh c/kWh $/kVA/M $/kVA/M $/kVA/M Residential Tariffs,final,essential-price-list-and-explanatory-notes-2025-26
essential,BLNT3AL,2026-07-01,2027-06-30,LV Residential ToU - Interval meter,c/kWh c/kWh c/kWh $/kVA/M $/kVA/M $/kVA/M Residential Tariffs,final,essential-price-list-and-explanatory-notes-2026-27
essential,BLNT3AU,2023-07-01,2024-06-30,LV Residential TOU,Residential Tariffs,provisional,essential-2023-24-network-price-list-31mar2023
essential,BLNT3AU,2024-07-01,2025-06-30,LV Residential ToU - Basic meter,Residential Tariffs,final,essential-price-list-and-explanatory-notes-2024-25
essential,BLNT3AU,2025-07-01,2026-06-30,LV Residential ToU - Basic meter,$/Day All c/kWh c/kWh c/kWh c/kWh $/kVA/M $/kVA/M $/kVA/M Residential Tariffs,final,essential-price-list-and-explanatory-notes-2025-26
essential,BLNT3AU,2026-07-01,2027-06-30,LV Residential ToU - Basic meter,c/kWh c/kWh c/kWh $/kVA/M $/kVA/M $/kVA/M Residential Tariffs,final,essential-price-list-and-explanatory-notes-2026-27
essential,BSSD3AO,2023-07-01,2024-06-30,Sub Trans 3 Rate Demand,Business Tariffs,provisional,essential-2023-24-network-price-list-31mar2023
essential,BSSD3AO,2024-07-01,2025-06-30,Subtransmission Demand,Business Tariffs,final,essential-price-list-and-explanatory-notes-2024-25
essential,BSSD3AO,2025-07-01,2026-06-30,Subtransmission Demand,Business Tariffs,final,essential-price-list-and-explanatory-notes-2025-26
essential,BSSD3AO,2026-07-01,2027-06-30,Subtransmission Demand,Business Tariffs,final,essential-price-list-and-explanatory-notes-2026-27
evoenergy,010,2023-07-01,2024-06-30,Residential Basic Network,Residential Tariffs,final,evoenergy-statement-of-tariff-classes-and-tariffs-2023-24
evoenergy,010,2024-07-01,2025-06-30,Residential Basic Network (closed),Residential,final,evoenergy-schedule-of-charges-2024-25-lfit-adjusted
evoenergy,010,2025-07-01,2026-06-30,Residential Basic Network (closed),Residential tariffs,final,evoenergy-schedule-of-charges-2025-26-incl-lfit-may2025
evoenergy,010,2026-07-01,2027-06-30,Residential Basic Network (closed),Residential tariffs,final,evoenergy-schedule-of-charges-2026-27-incl-lfit-june2026
evoenergy,011,2023-07-01,2024-06-30,Residential Basic Network XMC*,Residential Tariffs,final,evoenergy-statement-of-tariff-classes-and-tariffs-2023-24
evoenergy,011,2024-07-01,2025-06-30,Residential Basic Network (closed) XMC*,Residential,final,evoenergy-schedule-of-charges-2024-25-lfit-adjusted
evoenergy,011,2025-07-01,2026-06-30,Residential Basic Network (closed) XMC*,Residential tariffs,final,evoenergy-schedule-of-charges-2025-26-incl-lfit-may2025
evoenergy,011,2026-07-01,2027-06-30,Residential Basic Network (closed) XMC*,Residential tariffs,final,evoenergy-schedule-of-charges-2026-27-incl-lfit-june2026
evoenergy,015,2023-07-01,2024-06-30,Residential TOU Network,Residential Tariffs,final,evoenergy-statement-of-tariff-classes-and-tariffs-2023-24
evoenergy,015,2024-07-01,2025-06-30,Residential TOU Network (closed),Residential,final,evoenergy-schedule-of-charges-2024-25-lfit-adjusted
evoenergy,015,2025-07-01,2026-06-30,Residential TOU Network (closed),Residential tariffs,final,evoenergy-schedule-of-charges-2025-26-incl-lfit-may2025
evoenergy,015,2026-07-01,2027-06-30,Residential TOU Network (closed),Residential tariffs,final,evoenergy-schedule-of-charges-2026-27-incl-lfit-june2026
evoenergy,016,2023-07-01,2024-06-30,Residential TOU Network XMC*,Residential Tariffs,final,evoenergy-statement-of-tariff-classes-and-tariffs-2023-24
evoenergy,016,2024-07-01,2025-06-30,Residential TOU Network (closed) XMC*,Residential,final,evoenergy-schedule-of-charges-2024-25-lfit-adjusted
evoenergy,016,2025-07-01,2026-06-30,Residential TOU Network (closed) XMC*,Residential tariffs,final,evoenergy-schedule-of-charges-2025-26-incl-lfit-may2025
evoenergy,016,2026-07-01,2027-06-30,Residential TOU Network (closed) XMC*,Residential tariffs,final,evoenergy-schedule-of-charges-2026-27-incl-lfit-june2026
evoenergy,017,2024-07-01,2025-06-30,New Residential TOU Network,Residential,final,evoenergy-schedule-of-charges-2024-25-lfit-adjusted
evoenergy,017,2025-07-01,2026-06-30,New Residential TOU Network,Residential tariffs,final,evoenergy-schedule-of-charges-2025-26-incl-lfit-may2025
evoenergy,017,2026-07-01,2027-06-30,New Residential TOU Network,Residential tariffs,final,evoenergy-schedule-of-charges-2026-27-incl-lfit-june2026
evoenergy,018,2024-07-01,2025-06-30,New Residential TOU Network XMC*,Residential,final,evoenergy-schedule-of-charges-2024-25-lfit-adjusted
evoenergy,018,2025-07-01,2026-06-30,New Residential TOU Network XMC*,Residential tariffs,final,evoenergy-schedule-of-charges-2025-26-incl-lfit-may2025
evoenergy,018,2026-07-01,2027-06-30,New Residential TOU Network XMC*,Residential tariffs,final,evoenergy-schedule-of-charges-2026-27-incl-lfit-june2026
evoenergy,020,2023-07-01,2024-06-30,Residential 5000 Network,Residential Tariffs,final,evoenergy-statement-of-tariff-classes-and-tariffs-2023-24
evoenergy,020,2024-07-01,2025-06-30,Residential 5000 Network (closed),Residential,final,evoenergy-schedule-of-charges-2024-25-lfit-adjusted
evoenergy,020,2025-07-01,2026-06-30,Residential 5000 Network (closed),Residential tariffs,final,evoenergy-schedule-of-charges-2025-26-incl-lfit-may2025
evoenergy,020,2026-07-01,2027-06-30,Residential 5000 Network (closed),Residential tariffs,final,evoenergy-schedule-of-charges-2026-27-incl-lfit-june2026
evoenergy,021,2023-07-01,2024-06-30,Residential 5000 Network XMC*,Residential Tariffs,final,evoenergy-statement-of-tariff-classes-and-tariffs-2023-24
evoenergy,021,2024-07-01,2025-06-30,Residential 5000 Network (closed) XMC*,Residential,final,evoenergy-schedule-of-charges-2024-25-lfit-adjusted
evoenergy,021,2025-07-01,2026-06-30,Residential 5000 Network (closed) XMC*,Residential tariffs,final,evoenergy-schedule-of-charges-2025-26-incl-lfit-may2025
evoenergy,021,2026-07-01,2027-06-30,Residential 5000 Network (closed) XMC*,Residential tariffs,final,evoenergy-schedule-of-charges-2026-27-incl-lfit-june2026
evoenergy,023,2024-07-01,2025-06-30,New Residential Demand Network,Residential,final,evoenergy-schedule-of-charges-2024-25-lfit-adjusted
evoenergy,023,2025-07-01,2026-06-30,New Residential Demand Network,Residential tariffs,final,evoenergy-schedule-of-charges-2025-26-incl-lfit-may2025
evoenergy,023,2026-07-01,2027-06-30,New Residential Demand Network,Residential tariffs,final,evoenergy-schedule-of-charges-2026-27-incl-lfit-june2026
evoenergy,024,2024-07-01,2025-06-30,New Residential Demand Network XMC*,Residential,final,evoenergy-schedule-of-charges-2024-25-lfit-adjusted
evoenergy,024,2025-07-01,2026-06-30,New Residential Demand Network XMC*,Residential tariffs,final,evoenergy-schedule-of-charges-2025-26-incl-lfit-may2025
evoenergy,024,2026-07-01,2027-06-30,New Residential Demand Network XMC*,Residential tariffs,final,evoenergy-schedule-of-charges-2026-27-incl-lfit-june2026
evoenergy,025,2023-07-01,2024-06-30,Residential Demand Network,Residential Tariffs,final,evoenergy-statement-of-tariff-classes-and-tariffs-2023-24
evoenergy,025,2024-07-01,2025-06-30,Residential Demand Network (closed),Residential,final,evoenergy-schedule-of-charges-2024-25-lfit-adjusted
evoenergy,025,2025-07-01,2026-06-30,Residential Demand Network (closed),Residential tariffs,final,evoenergy-schedule-of-charges-2025-26-incl-lfit-may2025
evoenergy,025,2026-07-01,2027-06-30,Residential Demand Network (closed),Residential tariffs,final,evoenergy-schedule-of-charges-2026-27-incl-lfit-june2026
evoenergy,026,2023-07-01,2024-06-30,Residential Demand Network XMC*,Residential Tariffs,final,evoenergy-statement-of-tariff-classes-and-tariffs-2023-24
evoenergy,026,2024-07-01,2025-06-30,Residential Demand Network (closed) XMC*,Residential,final,evoenergy-schedule-of-charges-2024-25-lfit-adjusted
evoenergy,026,2025-07-01,2026-06-30,Residential Demand Network (closed) XMC*,Residential tariffs,final,evoenergy-schedule-of-charges-2025-26-incl-lfit-may2025
evoenergy,026,2026-07-01,2027-06-30,Residential Demand Network (closed) XMC*,Residential tariffs,final,evoenergy-schedule-of-charges-2026-27-incl-lfit-june2026
evoenergy,027,2023-07-01,2024-06-30,Residential Battery Network,Residential Tariffs,final,evoenergy-statement-of-tariff-classes-and-tariffs-2023-24
evoenergy,028,2023-07-01,2024-06-30,Residential Battery Network XMC*,Residential Tariffs,final,evoenergy-statement-of-tariff-classes-and-tariffs-2023-24
evoenergy,030,2023-07-01,2024-06-30,Residential with Heat Pump Network,Residential Tariffs,final,evoenergy-statement-of-tariff-classes-and-tariffs-2023-24
evoenergy,030,2024-07-01,2025-06-30,Residential with Heat Pump Network (closed),Residential,final,evoenergy-schedule-of-charges-2024-25-lfit-adjusted
evoenergy,030,2025-07-01,2026-06-30,Residential with Heat Pump Network (closed),Residential tariffs,final,evoenergy-schedule-of-charges-2025-26-incl-lfit-may2025
evoenergy,030,2026-07-01,2027-06-30,Residential with Heat Pump Network (closed),Residential tariffs,final,evoenergy-schedule-of-charges-2026-27-incl-lfit-june2026
evoenergy,031,2023-07-01,2024-06-30,Residential with Heat Pump Network XMC*,Residential Tariffs,final,evoenergy-statement-of-tariff-classes-and-tariffs-2023-24
evoenergy,031,2024-07-01,2025-06-30,Residential with Heat Pump Network (closed) XMC*,Residential,final,evoenergy-schedule-of-charges-2024-25-lfit-adjusted
evoenergy,031,2025-07-01,2026-06-30,Residential with Heat Pump Network (closed) XMC*,Residential tariffs,final,evoenergy-schedule-of-charges-2025-26-incl-lfit-may2025
evoenergy,031,2026-07-01,2027-06-30,Residential with Heat Pump Network (closed) XMC*,Residential tariffs,final,evoenergy-schedule-of-charges-2026-27-incl-lfit-june2026
evoenergy,040,2023-07-01,2024-06-30,General Network,LV Commercial Tariffs,final,evoenergy-statement-of-tariff-classes-and-tariffs-2023-24
evoenergy,040,2024-07-01,2025-06-30,General Network (closed),Low Voltage (LV) Commercial,final,evoenergy-schedule-of-charges-2024-25-lfit-adjusted
evoenergy,040,2025-07-01,2026-06-30,General Network (closed),LV commercial tariffs,final,evoenergy-schedule-of-charges-2025-26-incl-lfit-may2025
evoenergy,040,2026-07-01,2027-06-30,General Network (closed),LV commercial tariffs,final,evoenergy-schedule-of-charges-2026-27-incl-lfit-june2026
evoenergy,041,2023-07-01,2024-06-30,General Network XMC*,LV Commercial Tariffs,final,evoenergy-statement-of-tariff-classes-and-tariffs-2023-24
evoenergy,041,2024-07-01,2025-06-30,General Network (closed) XMC*,Low Voltage (LV) Commercial,final,evoenergy-schedule-of-charges-2024-25-lfit-adjusted
evoenergy,041,2025-07-01,2026-06-30,General Network (closed) XMC*,LV commercial tariffs,final,evoenergy-schedule-of-charges-2025-26-incl-lfit-may2025
evoenergy,041,2026-07-01,2027-06-30,General Network (closed) XMC*,LV commercial tariffs,final,evoenergy-schedule-of-charges-2026-27-incl-lfit-june2026
evoenergy,060,2023-07-01,2024-06-30,Off-Peak (1) Night Network,Residential Tariffs,final,evoenergy-statement-of-tariff-classes-and-tariffs-2023-24
evoenergy,060,2024-07-01,2025-06-30,Off-Peak (1) Night Network,Residential,final,evoenergy-schedule-of-charges-2024-25-lfit-adjusted
evoenergy,060,2025-07-01,2026-06-30,Off-Peak (1) Night Network,Residential tariffs,final,evoenergy-schedule-of-charges-2025-26-incl-lfit-may2025
evoenergy,060,2026-07-01,2027-06-30,Off-Peak (1) Night Network,Residential tariffs,final,evoenergy-schedule-of-charges-2026-27-incl-lfit-june2026
evoenergy,065,2026-07-01,2027-06-30,Flexible Controlled Load,Residential tariffs,final,evoenergy-schedule-of-charges-2026-27-incl-lfit-june2026
evoenergy,070,2023-07-01,2024-06-30,Off-Peak (3) Day & Night Network,Residential Tariffs,final,evoenergy-statement-of-tariff-classes-and-tariffs-2023-24
evoenergy,070,2024-07-01,2025-06-30,Off-Peak (3) Day & Night Network,Low Voltage (LV) Commercial,final,evoenergy-schedule-of-charges-2024-25-lfit-adjusted
evoenergy,070,2025-07-01,2026-06-30,Off-Peak (3) Day & Night Network,Residential tariffs,final,evoenergy-schedule-of-charges-2025-26-incl-lfit-may2025
evoenergy,070,2026-07-01,2027-06-30,Off-Peak (3) Day & Night Network,Residential tariffs,final,evoenergy-schedule-of-charges-2026-27-incl-lfit-june2026
evoenergy,080,2023-07-01,2024-06-30,Streetlighting Network,LV Commercial Tariffs,final,evoenergy-statement-of-tariff-classes-and-tariffs-2023-24
evoenergy,080,2024-07-01,2025-06-30,Streetlighting Network,Low Voltage (LV) Commercial,final,evoenergy-schedule-of-charges-2024-25-lfit-adjusted
evoenergy,080,2025-07-01,2026-06-30,Streetlighting Network,LV commercial tariffs,final,evoenergy-schedule-of-charges-2025-26-incl-lfit-may2025
evoenergy,080,2026-07-01,2027-06-30,Streetlighting Network,LV commercial tariffs,final,evoenergy-schedule-of-charges-2026-27-incl-lfit-june2026
evoenergy,081,2023-07-01,2024-06-30,Streetlighting Network XMC*,LV Commercial Tariffs,final,evoenergy-statement-of-tariff-classes-and-tariffs-2023-24
evoenergy,081,2024-07-01,2025-06-30,Streetlighting Network XMC*,Low Voltage (LV) Commercial,final,evoenergy-schedule-of-charges-2024-25-lfit-adjusted
evoenergy,081,2025-07-01,2026-06-30,Streetlighting Network XMC*,LV commercial tariffs,final,evoenergy-schedule-of-charges-2025-26-incl-lfit-may2025
evoenergy,081,2026-07-01,2027-06-30,Streetlighting Network XMC*,LV commercial tariffs,final,evoenergy-schedule-of-charges-2026-27-incl-lfit-june2026
evoenergy,090,2023-07-01,2024-06-30,General TOU Network,LV Commercial Tariffs,final,evoenergy-statement-of-tariff-classes-and-tariffs-2023-24
evoenergy,090,2024-07-01,2025-06-30,General TOU Network,Low Voltage (LV) Commercial,final,evoenergy-schedule-of-charges-2024-25-lfit-adjusted
evoenergy,090,2025-07-01,2026-06-30,General TOU Network,LV commercial tariffs,final,evoenergy-schedule-of-charges-2025-26-incl-lfit-may2025
evoenergy,090,2026-07-01,2027-06-30,General TOU Network,LV commercial tariffs,final,evoenergy-schedule-of-charges-2026-27-incl-lfit-june2026
evoenergy,091,2023-07-01,2024-06-30,General TOU Network XMC*,LV Commercial Tariffs,final,evoenergy-statement-of-tariff-classes-and-tariffs-2023-24
evoenergy,091,2024-07-01,2025-06-30,General TOU Network XMC*,Low Voltage (LV) Commercial,final,evoenergy-schedule-of-charges-2024-25-lfit-adjusted
evoenergy,091,2025-07-01,2026-06-30,General TOU Network XMC*,LV commercial tariffs,final,evoenergy-schedule-of-charges-2025-26-incl-lfit-may2025
evoenergy,091,2026-07-01,2027-06-30,General TOU Network XMC*,LV commercial tariffs,final,evoenergy-schedule-of-charges-2026-27-incl-lfit-june2026
evoenergy,101,2023-07-01,2024-06-30,LV TOU kVA Demand Network,LV Commercial Tariffs,final,evoenergy-statement-of-tariff-classes-and-tariffs-2023-24
evoenergy,101,2024-07-01,2025-06-30,LV TOU kVA Demand Network,Low Voltage (LV) Commercial,final,evoenergy-schedule-of-charges-2024-25-lfit-adjusted
evoenergy,101,2025-07-01,2026-06-30,LV TOU kVA Demand Network,LV commercial tariffs,final,evoenergy-schedule-of-charges-2025-26-incl-lfit-may2025
evoenergy,101,2026-07-01,2027-06-30,LV TOU kVA Demand Network,LV commercial tariffs,final,evoenergy-schedule-of-charges-2026-27-incl-lfit-june2026
evoenergy,103,2023-07-01,2024-06-30,LV TOU Capacity Network,LV Commercial Tariffs,final,evoenergy-statement-of-tariff-classes-and-tariffs-2023-24
evoenergy,103,2024-07-01,2025-06-30,LV TOU Capacity Network,Low Voltage (LV) Commercial,final,evoenergy-schedule-of-charges-2024-25-lfit-adjusted
evoenergy,103,2025-07-01,2026-06-30,LV TOU Capacity Network,LV commercial tariffs,final,evoenergy-schedule-of-charges-2025-26-incl-lfit-may2025
evoenergy,103,2026-07-01,2027-06-30,LV TOU Capacity Network,LV commercial tariffs,final,evoenergy-schedule-of-charges-2026-27-incl-lfit-june2026
evoenergy,104,2023-07-01,2024-06-30,LV TOU kVA Demand Network XMC*,LV Commercial Tariffs,final,evoenergy-statement-of-tariff-classes-and-tariffs-2023-24
evoenergy,104,2024-07-01,2025-06-30,LV TOU kVA Demand Network XMC*,Low Voltage (LV) Commercial,final,evoenergy-schedule-of-charges-2024-25-lfit-adjusted
evoenergy,104,2025-07-01,2026-06-30,LV TOU kVA Demand Network XMC*,LV commercial tariffs,final,evoenergy-schedule-of-charges-2025-26-incl-lfit-may2025
evoenergy,104,2026-07-01,2027-06-30,LV TOU kVA Demand Network XMC*,LV commercial tariffs,final,evoenergy-schedule-of-charges-2026-27-incl-lfit-june2026
evoenergy,105,2023-07-01,2024-06-30,LV TOU Capacity Network XMC*,LV Commercial Tariffs,final,evoenergy-statement-of-tariff-classes-and-tariffs-2023-24
evoenergy,105,2024-07-01,2025-06-30,LV TOU Capacity Network XMC*,Low Voltage (LV) Commercial,final,evoenergy-schedule-of-charges-2024-25-lfit-adjusted
evoenergy,105,2025-07-01,2026-06-30,LV TOU Capacity Network XMC*,LV commercial tariffs,final,evoenergy-schedule-of-charges-2025-26-incl-lfit-may2025
evoenergy,105,2026-07-01,2027-06-30,LV TOU Capacity Network XMC*,LV commercial tariffs,final,evoenergy-schedule-of-charges-2026-27-incl-lfit-june2026
evoenergy,106,2023-07-01,2024-06-30,LV Demand Network,LV Commercial Tariffs,final,evoenergy-statement-of-tariff-classes-and-tariffs-2023-24
evoenergy,106,2024-07-01,2025-06-30,LV Demand Network,Low Voltage (LV) Commercial,final,evoenergy-schedule-of-charges-2024-25-lfit-adjusted
evoenergy,106,2025-07-01,2026-06-30,LV Demand Network,LV commercial tariffs,final,evoenergy-schedule-of-charges-2025-26-incl-lfit-may2025
evoenergy,106,2026-07-01,2027-06-30,LV Demand Network,LV commercial tariffs,final,evoenergy-schedule-of-charges-2026-27-incl-lfit-june2026
evoenergy,107,2023-07-01,2024-06-30,LV Demand Network XMC*,LV Commercial Tariffs,final,evoenergy-statement-of-tariff-classes-and-tariffs-2023-24
evoenergy,107,2024-07-01,2025-06-30,LV Demand Network XMC*,Low Voltage (LV) Commercial,final,evoenergy-schedule-of-charges-2024-25-lfit-adjusted
evoenergy,107,2025-07-01,2026-06-30,LV Demand Network XMC*,LV commercial tariffs,final,evoenergy-schedule-of-charges-2025-26-incl-lfit-may2025
evoenergy,107,2026-07-01,2027-06-30,LV Demand Network XMC*,LV commercial tariffs,final,evoenergy-schedule-of-charges-2026-27-incl-lfit-june2026
evoenergy,108,2023-07-01,2024-06-30,LV Stand-Alone Battery Network (residential),LV Commercial Tariffs,final,evoenergy-statement-of-tariff-classes-and-tariffs-2023-24
evoenergy,108,2024-07-01,2025-06-30,LV large-scale battery tariff (residential area),Low Voltage (LV) Commercial,final,evoenergy-schedule-of-charges-2024-25-lfit-adjusted
evoenergy,108,2025-07-01,2026-06-30,LV large-scale battery tariff (residential area),LV commercial tariffs,final,evoenergy-schedule-of-charges-2025-26-incl-lfit-may2025
evoenergy,108,2026-07-01,2027-06-30,LV large-scale battery tariff (residential area),LV commercial tariffs,final,evoenergy-schedule-of-charges-2026-27-incl-lfit-june2026
evoenergy,109,2023-07-01,2024-06-30,LV Stand-Alone Battery Network (commercial),LV Commercial Tariffs,final,evoenergy-statement-of-tariff-classes-and-tariffs-2023-24
evoenergy,109,2024-07-01,2025-06-30,LV large-scale battery tariff (commercial area),Low Voltage (LV) Commercial,final,evoenergy-schedule-of-charges-2024-25-lfit-adjusted
evoenergy,109,2025-07-01,2026-06-30,LV large-scale battery tariff (commercial area),LV commercial tariffs,final,evoenergy-schedule-of-charges-2025-26-incl-lfit-may2025
evoenergy,109,2026-07-01,2027-06-30,LV large-scale battery tariff (commercial area),LV commercial tariffs,final,evoenergy-schedule-of-charges-2026-27-incl-lfit-june2026
evoenergy,111,2023-07-01,2024-06-30,HV TOU Demand Network,HV Commercial Tariffs,final,evoenergy-statement-of-tariff-classes-and-tariffs-2023-24
evoenergy,111,2024-07-01,2025-06-30,HV TOU Demand Network (closed),High Voltage (HV) Commercial,final,evoenergy-schedule-of-charges-2024-25-lfit-adjusted
evoenergy,111,2025-07-01,2026-06-30,HV TOU Demand Network (closed),HV commercial tariffs,final,evoenergy-schedule-of-charges-2025-26-incl-lfit-may2025
evoenergy,111,2026-07-01,2027-06-30,HV TOU Demand Network (closed),HV commercial tariffs,final,evoenergy-schedule-of-charges-2026-27-incl-lfit-june2026
evoenergy,121,2023-07-01,2024-06-30,HV TOU Demand Network – Customer LV,HV Commercial Tariffs,final,evoenergy-statement-of-tariff-classes-and-tariffs-2023-24
evoenergy,121,2024-07-01,2025-06-30,HV TOU Demand Network – Customer LV (closed),High Voltage (HV) Commercial,final,evoenergy-schedule-of-charges-2024-25-lfit-adjusted
evoenergy,121,2025-07-01,2026-06-30,HV TOU Demand Network – Customer LV (closed),HV commercial tariffs,final,evoenergy-schedule-of-charges-2025-26-incl-lfit-may2025
evoenergy,121,2026-07-01,2027-06-30,HV TOU Demand Network – Customer LV (closed),HV commercial tariffs,final,evoenergy-schedule-of-charges-2026-27-incl-lfit-june2026
evoenergy,122,2023-07-01,2024-06-30,HV TOU Demand Network – Customer HV and LV,HV Commercial Tariffs,final,evoenergy-statement-of-tariff-classes-and-tariffs-2023-24
evoenergy,122,2024-07-01,2025-06-30,HV TOU Demand Network – Customer HV and LV,High Voltage (HV) Commercial,final,evoenergy-schedule-of-charges-2024-25-lfit-adjusted
evoenergy,122,2025-07-01,2026-06-30,HV TOU Demand Network – Customer HV and LV,HV commercial tariffs,final,evoenergy-schedule-of-charges-2025-26-incl-lfit-may2025
evoenergy,122,2026-07-01,2027-06-30,HV TOU Demand Network – Customer HV and LV,HV commercial tariffs,final,evoenergy-schedule-of-charges-2026-27-incl-lfit-june2026
evoenergy,123,2023-07-01,2024-06-30,HV Stand-alone battery network (residential) with export,HV Commercial Tariffs,final,evoenergy-statement-of-tariff-classes-and-tariffs-2023-24
evoenergy,123,2024-07-01,2025-06-30,HV large-scale battery tariff (residential area),High Voltage (HV) Commercial,final,evoenergy-schedule-of-charges-2024-25-lfit-adjusted
evoenergy,123,2025-07-01,2026-06-30,HV large-scale battery tariff (residential area),HV commercial tariffs,final,evoenergy-schedule-of-charges-2025-26-incl-lfit-may2025
evoenergy,123,2026-07-01,2027-06-30,HV large-scale battery tariff (residential area),HV commercial tariffs,final,evoenergy-schedule-of-charges-2026-27-incl-lfit-june2026
evoenergy,124,2023-07-01,2024-06-30,HV Stand-alone battery network (commercial) with export,HV Commercial Tariffs,final,evoenergy-statement-of-tariff-classes-and-tariffs-2023-24
evoenergy,124,2024-07-01,2025-06-30,HV large-scale battery tariff (commercial area),High Voltage (HV) Commercial,final,evoenergy-schedule-of-charges-2024-25-lfit-adjusted
evoenergy,124,2025-07-01,2026-06-30,HV large-scale battery tariff (commercial area),HV commercial tariffs,final,evoenergy-schedule-of-charges-2025-26-incl-lfit-may2025
evoenergy,124,2026-07-01,2027-06-30,HV large-scale battery tariff (commercial area),HV commercial tariffs,final,evoenergy-schedule-of-charges-2026-27-incl-lfit-june2026
evoenergy,135,2023-07-01,2024-06-30,Small Unmetered Loads Network,LV Commercial Tariffs,final,evoenergy-statement-of-tariff-classes-and-tariffs-2023-24
evoenergy,135,2024-07-01,2025-06-30,Small Unmetered Loads Network,High Voltage (HV) Commercial,final,evoenergy-schedule-of-charges-2024-25-lfit-adjusted
evoenergy,135,2025-07-01,2026-06-30,Small Unmetered Loads Network,LV commercial tariffs,final,evoenergy-schedule-of-charges-2025-26-incl-lfit-may2025
evoenergy,135,2026-07-01,2027-06-30,Small Unmetered Loads Network,LV commercial tariffs,final,evoenergy-schedule-of-charges-2026-27-incl-lfit-june2026
jemena,A100,2023-07-01,2024-06-30,Residential Single Rate,Residential,final,jemena-network-tariff-schedule-2023-24
jemena,A100,2024-07-01,2025-06-30,Residential Single Rate,Residential,final,jemena-network-tariff-schedule-2024-25
jemena,A100,2025-07-01,2026-06-30,Residential Single Rate,Residential,final,jemena-network-tariff-schedule-2025-26
jemena,A100,2026-07-01,2027-06-30,Residential Single Rate,Residential,final,jemena-network-tariff-schedule-2026-27
jemena,A10D,2023-07-01,2024-06-30,Residential Demand,Residential,final,jemena-network-tariff-schedule-2023-24
jemena,A10D,2024-07-01,2025-06-30,Residential Demand,Residential,final,jemena-network-tariff-schedule-2024-25
jemena,A10D,2025-07-01,2026-06-30,Residential Demand,Residential,final,jemena-network-tariff-schedule-2025-26
jemena,A10E,2026-07-01,2027-06-30,Residential Export,Residential,final,jemena-network-tariff-schedule-2026-27
jemena,A120,2023-07-01,2024-06-30,Residential Time of Use,Residential,final,jemena-network-tariff-schedule-2023-24
jemena,A120,2024-07-01,2025-06-30,Residential Time of Use,Residential,final,jemena-network-tariff-schedule-2024-25
jemena,A120,2025-07-01,2026-06-30,Residential Time of Use,Residential,final,jemena-network-tariff-schedule-2025-26
jemena,A130,2026-07-01,2027-06-30,Residential Daytime Saver,Residential,final,jemena-network-tariff-schedule-2026-27
jemena,A180,2023-07-01,2024-06-30,Off Peak Heating Only (dedicated circuit),Residential,final,jemena-network-tariff-schedule-2023-24
jemena,A180,2024-07-01,2025-06-30,Off Peak Heating Only (dedicated circuit),Residential,final,jemena-network-tariff-schedule-2024-25
jemena,A180,2025-07-01,2026-06-30,Off Peak Heating Only (dedicated circuit),Residential,final,jemena-network-tariff-schedule-2025-26
jemena,A180,2026-07-01,2027-06-30,Off-peak Heating Only (dedicated circuit),Residential,final,jemena-network-tariff-schedule-2026-27
jemena,A200,2023-07-01,2024-06-30,Small Business Single Rate,Small Business,final,jemena-network-tariff-schedule-2023-24
jemena,A200,2024-07-01,2025-06-30,Small Business Single Rate,Small Business,final,jemena-network-tariff-schedule-2024-25
jemena,A200,2025-07-01,2026-06-30,Small Business Single Rate,Small Business,final,jemena-network-tariff-schedule-2025-26
jemena,A200,2026-07-01,2027-06-30,Small Business Single Rate,Small Business,final,jemena-network-tariff-schedule-2026-27
jemena,A20D,2023-07-01,2024-06-30,Small Business Demand,Small Business,final,jemena-network-tariff-schedule-2023-24
jemena,A20D,2024-07-01,2025-06-30,Small Business Demand,Small Business,final,jemena-network-tariff-schedule-2024-25
jemena,A20D,2025-07-01,2026-06-30,Small Business Demand,Small Business,final,jemena-network-tariff-schedule-2025-26
jemena,A210,2023-07-01,2024-06-30,Time of Use Weekdays,Small Business,final,jemena-network-tariff-schedule-2023-24
jemena,A210,2024-07-01,2025-06-30,Time of Use Weekdays,Small Business,final,jemena-network-tariff-schedule-2024-25
jemena,A210,2025-07-01,2026-06-30,Time of Use Weekdays,Small Business,final,jemena-network-tariff-schedule-2025-26
jemena,A210,2026-07-01,2027-06-30,Time of Use Weekdays,Small Business,final,jemena-network-tariff-schedule-2026-27
jemena,A230,2023-07-01,2024-06-30,Time of Use Weekdays - Demand,Small Business,final,jemena-network-tariff-schedule-2023-24
jemena,A230,2024-07-01,2025-06-30,Time of Use Weekdays - Demand,Small Business,final,jemena-network-tariff-schedule-2024-25
jemena,A230,2025-07-01,2026-06-30,Time of Use Weekdays - Demand,Small Business,final,jemena-network-tariff-schedule-2025-26
jemena,A230,2026-07-01,2027-06-30,Time of Use Weekdays - Demand,Small Business,final,jemena-network-tariff-schedule-2026-27
jemena,A23N,2023-07-01,2024-06-30,Time of Use - Opt-out,Small Business,final,jemena-network-tariff-schedule-2023-24
jemena,A23N,2024-07-01,2025-06-30,Time of Use - Opt-out,Small Business,final,jemena-network-tariff-schedule-2024-25
jemena,A23N,2025-07-01,2026-06-30,Time of Use - Opt-out,Small Business,final,jemena-network-tariff-schedule-2025-26
jemena,A23N,2026-07-01,2027-06-30,Time of Use - Opt-out,Small Business,final,jemena-network-tariff-schedule-2026-27
jemena,A270,2023-07-01,2024-06-30,Time of Use Extended - Demand (closed to new entrants),Small Business,final,jemena-network-tariff-schedule-2023-24
jemena,A270,2024-07-01,2025-06-30,Time of Use Extended - Demand (closed to new entrants),Small Business,final,jemena-network-tariff-schedule-2024-25
jemena,A270,2025-07-01,2026-06-30,Time of Use Extended - Demand (closed to new entrants),Small Business,final,jemena-network-tariff-schedule-2025-26
jemena,A270,2026-07-01,2027-06-30,Time of Use Extended - Demand (closed to new entrants),Small Business,final,jemena-network-tariff-schedule-2026-27
jemena,A290,2023-07-01,2024-06-30,Unmetered Supply,Small Business,final,jemena-network-tariff-schedule-2023-24
jemena,A290,2024-07-01,2025-06-30,Unmetered Supply,Small Business,final,jemena-network-tariff-schedule-2024-25
jemena,A290,2025-07-01,2026-06-30,Unmetered Supply,Small Business,final,jemena-network-tariff-schedule-2025-26
jemena,A290,2026-07-01,2027-06-30,Unmetered Supply,Small Business,final,jemena-network-tariff-schedule-2026-27
jemena,A300,2023-07-01,2024-06-30,LV 0.4 - 0.8 GWh (Transitional),Large Business - LV (Low Voltage Tariffs with nominal voltage < 1000 Volts),final,jemena-network-tariff-schedule-2023-24
jemena,A300,2024-07-01,2025-06-30,LV 0.4 - 0.8 GWh (Transitional),Large Business - LV (Low Voltage Tariffs with nominal voltage < 1000 Volts),final,jemena-network-tariff-schedule-2024-25
jemena,A300,2025-07-01,2026-06-30,LV 0.4 - 0.8 GWh (Transitional),Large Business - LV (Low Voltage Tariffs with nominal voltage < 1000 Volts),final,jemena-network-tariff-schedule-2025-26
jemena,A30B,2026-07-01,2027-06-30,LV large business storage,Large Business - LV (Low-voltage tariffs with nominal voltage < 1000 Volts),final,jemena-network-tariff-schedule-2026-27
jemena,A30C,2023-07-01,2024-06-30,LV CR 0.4 - 0.8 GWh,Large Business - LV (Low Voltage Tariffs with nominal voltage < 1000 Volts),final,jemena-network-tariff-schedule-2023-24
jemena,A30C,2024-07-01,2025-06-30,LV CR 0.4 - 0.8 GWh,Large Business - LV (Low Voltage Tariffs with nominal voltage < 1000 Volts),final,jemena-network-tariff-schedule-2024-25
jemena,A30C,2025-07-01,2026-06-30,LV CR 0.4 - 0.8 GWh,Large Business - LV (Low Voltage Tariffs with nominal voltage < 1000 Volts),final,jemena-network-tariff-schedule-2025-26
jemena,A30C,2026-07-01,2027-06-30,LV CR 0.4 - 0.8 GWh,Large Business - LV (Low-voltage tariffs with nominal voltage < 1000 Volts),final,jemena-network-tariff-schedule-2026-27
jemena,A30E,2023-07-01,2024-06-30,LV EN Annual Consumption ≤ 0.8 GWh (Transitional),Large Business - LV (Low Voltage Tariffs with nominal voltage < 1000 Volts),final,jemena-network-tariff-schedule-2023-24
jemena,A30E,2024-07-01,2025-06-30,LV EN Annual Consumption ≤ 0.8 GWh (Transitional),Large Business - LV (Low Voltage Tariffs with nominal voltage < 1000 Volts),final,jemena-network-tariff-schedule-2024-25
jemena,A30E,2025-07-01,2026-06-30,LV EN Annual Consumption ≤ 0.8 GWh (Transitional),Large Business - LV (Low Voltage Tariffs with nominal voltage < 1000 Volts),final,jemena-network-tariff-schedule-2025-26
jemena,A320,2023-07-01,2024-06-30,LV 0.8+ - 2.2 GWh (Transitional),Large Business - LV (Low Voltage Tariffs with nominal voltage < 1000 Volts),final,jemena-network-tariff-schedule-2023-24
jemena,A320,2024-07-01,2025-06-30,LV 0.8+ - 2.2 GWh (Transitional),Large Business - LV (Low Voltage Tariffs with nominal voltage < 1000 Volts),final,jemena-network-tariff-schedule-2024-25
jemena,A320,2025-07-01,2026-06-30,LV 0.8+ - 2.2 GWh (Transitional),Large Business - LV (Low Voltage Tariffs with nominal voltage < 1000 Volts),final,jemena-network-tariff-schedule-2025-26
jemena,A32C,2023-07-01,2024-06-30,LV CR 0.8+ - 2.2 GWh,Large Business - LV (Low Voltage Tariffs with nominal voltage < 1000 Volts),final,jemena-network-tariff-schedule-2023-24
jemena,A32C,2024-07-01,2025-06-30,LV CR 0.8+ - 2.2 GWh,Large Business - LV (Low Voltage Tariffs with nominal voltage < 1000 Volts),final,jemena-network-tariff-schedule-2024-25
jemena,A32C,2025-07-01,2026-06-30,LV CR 0.8+ - 2.2 GWh,Large Business - LV (Low Voltage Tariffs with nominal voltage < 1000 Volts),final,jemena-network-tariff-schedule-2025-26
jemena,A32C,2026-07-01,2027-06-30,LV CR 0.8+ - 2.2 GWh,Large Business - LV (Low-voltage tariffs with nominal voltage < 1000 Volts),final,jemena-network-tariff-schedule-2026-27
jemena,A32E,2023-07-01,2024-06-30,LV EN 0.8+ - 2.2 GWh (Transitional),Large Business - LV (Low Voltage Tariffs with nominal voltage < 1000 Volts),final,jemena-network-tariff-schedule-2023-24
jemena,A32E,2024-07-01,2025-06-30,LV EN 0.8+ - 2.2 GWh (Transitional),Large Business - LV (Low Voltage Tariffs with nominal voltage < 1000 Volts),final,jemena-network-tariff-schedule-2024-25
jemena,A32E,2025-07-01,2026-06-30,LV EN 0.8+ - 2.2 GWh (Transitional),Large Business - LV (Low Voltage Tariffs with nominal voltage < 1000 Volts),final,jemena-network-tariff-schedule-2025-26
jemena,A340,2023-07-01,2024-06-30,LV 2.2+ - 6.0 GWh (Transitional),Large Business - LV (Low Voltage Tariffs with nominal voltage < 1000 Volts),final,jemena-network-tariff-schedule-2023-24
jemena,A340,2024-07-01,2025-06-30,LV 2.2+ - 6.0 GWh (Transitional),Large Business - LV (Low Voltage Tariffs with nominal voltage < 1000 Volts),final,jemena-network-tariff-schedule-2024-25
jemena,A340,2025-07-01,2026-06-30,LV 2.2+ - 6.0 GWh (Transitional),Large Business - LV (Low Voltage Tariffs with nominal voltage < 1000 Volts),final,jemena-network-tariff-schedule-2025-26
jemena,A34C,2023-07-01,2024-06-30,LV CR 2.2+ - 6.0 GWh,Large Business - LV (Low Voltage Tariffs with nominal voltage < 1000 Volts),final,jemena-network-tariff-schedule-2023-24
jemena,A34C,2024-07-01,2025-06-30,LV CR 2.2+ - 6.0 GWh,Large Business - LV (Low Voltage Tariffs with nominal voltage < 1000 Volts),final,jemena-network-tariff-schedule-2024-25
jemena,A34C,2025-07-01,2026-06-30,LV CR 2.2+ - 6.0 GWh,Large Business - LV (Low Voltage Tariffs with nominal voltage < 1000 Volts),final,jemena-network-tariff-schedule-2025-26
jemena,A34C,2026-07-01,2027-06-30,LV CR 2.2+ - 6.0 GWh,Large Business - LV (Low-voltage tariffs with nominal voltage < 1000 Volts),final,jemena-network-tariff-schedule-2026-27
jemena,A34E,2023-07-01,2024-06-30,LV EN 2.2+ GWh (Transitional),Large Business - LV (Low Voltage Tariffs with nominal voltage < 1000 Volts),final,jemena-network-tariff-schedule-2023-24
jemena,A34E,2024-07-01,2025-06-30,LV EN 2.2+ GWh (Transitional),Large Business - LV (Low Voltage Tariffs with nominal voltage < 1000 Volts),final,jemena-network-tariff-schedule-2024-25
jemena,A34E,2025-07-01,2026-06-30,LV EN 2.2+ GWh (Transitional),Large Business - LV (Low Voltage Tariffs with nominal voltage < 1000 Volts),final,jemena-network-tariff-schedule-2025-26
jemena,A34M,2023-07-01,2024-06-30,LV MS 2.2+ - 6.0 GWh (closed to new entrants) (Transitional),Large Business - LV (Low Voltage Tariffs with nominal voltage < 1000 Volts),final,jemena-network-tariff-schedule-2023-24
jemena,A34M,2024-07-01,2025-06-30,LV MS 2.2+ - 6.0 GWh (closed to new entrants) (Transitional),Large Business - LV (Low Voltage Tariffs with nominal voltage < 1000 Volts),final,jemena-network-tariff-schedule-2024-25
jemena,A34M,2025-07-01,2026-06-30,LV MS 2.2+ - 6.0 GWh (closed to new entrants) (Transitional),Large Business - LV (Low Voltage Tariffs with nominal voltage < 1000 Volts),final,jemena-network-tariff-schedule-2025-26
jemena,A34T,2023-07-01,2024-06-30,LV MS_CR 2.2+ - 6.0 GWh (only available to customers currently on the A34M tariff),Large Business - LV (Low Voltage Tariffs with nominal voltage < 1000 Volts),final,jemena-network-tariff-schedule-2023-24
jemena,A34T,2024-07-01,2025-06-30,LV MS_CR 2.2+ - 6.0 GWh (only available to customers currently on the A34M tariff),Large Business - LV (Low Voltage Tariffs with nominal voltage < 1000 Volts),final,jemena-network-tariff-schedule-2024-25
jemena,A34T,2025-07-01,2026-06-30,LV MS_CR 2.2+ - 6.0 GWh (only available to customers currently on the A34M tariff),Large Business - LV (Low Voltage Tariffs with nominal voltage < 1000 Volts),final,jemena-network-tariff-schedule-2025-26
jemena,A34T,2026-07-01,2027-06-30,LV MS_CR 2.2+ - 6.0 GWh (closed to new entrants),Large Business - LV (Low-voltage tariffs with nominal voltage < 1000 Volts),final,jemena-network-tariff-schedule-2026-27
jemena,A370,2023-07-01,2024-06-30,LV 6.0+ GWh (Transitional),Large Business - LV (Low Voltage Tariffs with nominal voltage < 1000 Volts),final,jemena-network-tariff-schedule-2023-24
jemena,A370,2024-07-01,2025-06-30,LV 6.0+ GWh (Transitional),Large Business - LV (Low Voltage Tariffs with nominal voltage < 1000 Volts),final,jemena-network-tariff-schedule-2024-25
jemena,A370,2025-07-01,2026-06-30,LV 6.0+ GWh (Transitional),Large Business - LV (Low Voltage Tariffs with nominal voltage < 1000 Volts),final,jemena-network-tariff-schedule-2025-26
jemena,A37C,2023-07-01,2024-06-30,LV CR 6.0+ GWh,Large Business - LV (Low Voltage Tariffs with nominal voltage < 1000 Volts),final,jemena-network-tariff-schedule-2023-24
jemena,A37C,2024-07-01,2025-06-30,LV CR 6.0+ GWh,Large Business - LV (Low Voltage Tariffs with nominal voltage < 1000 Volts),final,jemena-network-tariff-schedule-2024-25
jemena,A37C,2025-07-01,2026-06-30,LV CR 6.0+ GWh,Large Business - LV (Low Voltage Tariffs with nominal voltage < 1000 Volts),final,jemena-network-tariff-schedule-2025-26
jemena,A37C,2026-07-01,2027-06-30,LV CR 6.0+ GWh,Large Business - LV (Low-voltage tariffs with nominal voltage < 1000 Volts),final,jemena-network-tariff-schedule-2026-27
jemena,A37M,2023-07-01,2024-06-30,LV MS 6.0+ GWh (closed to new entrants) (Transitional),Large Business - LV (Low Voltage Tariffs with nominal voltage < 1000 Volts),final,jemena-network-tariff-schedule-2023-24
jemena,A37M,2024-07-01,2025-06-30,LV MS 6.0+ GWh (closed to new entrants) (Transitional),Large Business - LV (Low Voltage Tariffs with nominal voltage < 1000 Volts),final,jemena-network-tariff-schedule-2024-25
jemena,A37M,2025-07-01,2026-06-30,LV MS 6.0+ GWh (closed to new entrants) (Transitional),Large Business - LV (Low Voltage Tariffs with nominal voltage < 1000 Volts),final,jemena-network-tariff-schedule-2025-26
jemena,A37T,2023-07-01,2024-06-30,LV MS_CR 6.0+ GWh (only available to customers currently on the A37M tariff),Large Business - LV (Low Voltage Tariffs with nominal voltage < 1000 Volts),final,jemena-network-tariff-schedule-2023-24
jemena,A37T,2024-07-01,2025-06-30,LV MS_CR 6.0+ GWh (only available to customers currently on the A37M tariff),Large Business - LV (Low Voltage Tariffs with nominal voltage < 1000 Volts),final,jemena-network-tariff-schedule-2024-25
jemena,A37T,2025-07-01,2026-06-30,LV MS_CR 6.0+ GWh (only available to customers currently on the A37M tariff),Large Business - LV (Low Voltage Tariffs with nominal voltage < 1000 Volts),final,jemena-network-tariff-schedule-2025-26
jemena,A37T,2026-07-01,2027-06-30,LV MS_CR 6.0+ GWh (closed to new entrants),Large Business - LV (Low-voltage tariffs with nominal voltage < 1000 Volts),final,jemena-network-tariff-schedule-2026-27
jemena,A400,2023-07-01,2024-06-30,HV (Transitional),Large Business - HV,final,jemena-network-tariff-schedule-2023-24
jemena,A400,2024-07-01,2025-06-30,HV (Transitional),Large Business - HV,final,jemena-network-tariff-schedule-2024-25
jemena,A400,2025-07-01,2026-06-30,HV (Transitional),Large Business - HV,final,jemena-network-tariff-schedule-2025-26
jemena,A40C,2023-07-01,2024-06-30,HV CR,Large Business - HV,final,jemena-network-tariff-schedule-2023-24
jemena,A40C,2024-07-01,2025-06-30,HV CR,Large Business - HV,final,jemena-network-tariff-schedule-2024-25
jemena,A40C,2025-07-01,2026-06-30,HV CR,Large Business - HV,final,jemena-network-tariff-schedule-2025-26
jemena,A40C,2026-07-01,2027-06-30,HV CR,Large Business - HV,final,jemena-network-tariff-schedule-2026-27
jemena,A40E,2023-07-01,2024-06-30,HV EN (Transitional),Large Business - HV,final,jemena-network-tariff-schedule-2023-24
jemena,A40E,2024-07-01,2025-06-30,HV EN (Transitional),Large Business - HV,final,jemena-network-tariff-schedule-2024-25
jemena,A40E,2025-07-01,2026-06-30,HV EN (Transitional),Large Business - HV,final,jemena-network-tariff-schedule-2025-26
jemena,A40R,2023-07-01,2024-06-30,HV RF (closed to new entrants) (Transitional),Large Business - HV,final,jemena-network-tariff-schedule-2023-24
jemena,A40R,2024-07-01,2025-06-30,HV RF (closed to new entrants) (Transitional),Large Business - HV,final,jemena-network-tariff-schedule-2024-25
jemena,A40R,2025-07-01,2026-06-30,HV RF (closed to new entrants) (Transitional),Large Business - HV,final,jemena-network-tariff-schedule-2025-26
jemena,A40T,2023-07-01,2024-06-30,HV RF_CR (only available to customers currently on the A40R tariff),Large Business - HV,final,jemena-network-tariff-schedule-2023-24
jemena,A40T,2024-07-01,2025-06-30,HV RF_CR (only available to customers currently on the A40R tariff),Large Business - HV,final,jemena-network-tariff-schedule-2024-25
jemena,A40T,2025-07-01,2026-06-30,HV RF_CR (only available to customers currently on the A40R tariff),Large Business - HV,final,jemena-network-tariff-schedule-2025-26
jemena,A40T,2026-07-01,2027-06-30,HV RF_CR (closed to new entrants),Large Business - HV,final,jemena-network-tariff-schedule-2026-27
jemena,A480,2023-07-01,2024-06-30,HV - Annual Consumption ≥ 55 GWh (Transitional),Large Business - HV,final,jemena-network-tariff-schedule-2023-24
jemena,A480,2024-07-01,2025-06-30,HV - Annual Consumption ≥ 55 GWh (Transitional),Large Business - HV,final,jemena-network-tariff-schedule-2024-25
jemena,A480,2025-07-01,2026-06-30,HV - Annual Consumption ≥ 55 GWh (Transitional),Large Business - HV,final,jemena-network-tariff-schedule-2025-26
jemena,A48C,2023-07-01,2024-06-30,HV CR - Annual Consumption ≥ 55 GWh (Transitional),Large Business - HV,final,jemena-network-tariff-schedule-2023-24
jemena,A48C,2024-07-01,2025-06-30,HV CR - Annual Consumption ≥ 55 GWh (Transitional),Large Business - HV,final,jemena-network-tariff-schedule-2024-25
jemena,A48C,2025-07-01,2026-06-30,HV CR - Annual Consumption ≥ 55 GWh (Transitional),Large Business - HV,final,jemena-network-tariff-schedule-2025-26
jemena,A48C,2026-07-01,2027-06-30,HV CR - Annual Consumption ≥ 55 GWh,Large Business - HV,final,jemena-network-tariff-schedule-2026-27
jemena,A500,2023-07-01,2024-06-30,Subtransmission (Transitional),Large Business - Subtransmission,final,jemena-network-tariff-schedule-2023-24
jemena,A500,2024-07-01,2025-06-30,Subtransmission (Transitional),Large Business - Subtransmission,final,jemena-network-tariff-schedule-2024-25
jemena,A500,2025-07-01,2026-06-30,Subtransmission (Transitional),Large Business - Subtransmission,final,jemena-network-tariff-schedule-2025-26
jemena,A50A,2023-07-01,2024-06-30,Subtransmission MA (Transitional),Large Business - Subtransmission,final,jemena-network-tariff-schedule-2023-24
jemena,A50A,2024-07-01,2025-06-30,Subtransmission MA (Transitional),Large Business - Subtransmission,final,jemena-network-tariff-schedule-2024-25
jemena,A50A,2025-07-01,2026-06-30,Subtransmission MA (Transitional),Large Business - Subtransmission,final,jemena-network-tariff-schedule-2025-26
jemena,A50C,2023-07-01,2024-06-30,Subtransmission CR,Large Business - Subtransmission,final,jemena-network-tariff-schedule-2023-24
jemena,A50C,2024-07-01,2025-06-30,Subtransmission CR,Large Business - Subtransmission,final,jemena-network-tariff-schedule-2024-25
jemena,A50C,2025-07-01,2026-06-30,Subtransmission CR,Large Business - Subtransmission,final,jemena-network-tariff-schedule-2025-26
jemena,A50C,2026-07-01,2027-06-30,Subtransmission CR,Large Business - Subtransmission,final,jemena-network-tariff-schedule-2026-27
jemena,A50E,2023-07-01,2024-06-30,Subtransmission EG (Transitional),Large Business - Subtransmission,final,jemena-network-tariff-schedule-2023-24
jemena,A50E,2024-07-01,2025-06-30,Subtransmission EG (Transitional),Large Business - Subtransmission,final,jemena-network-tariff-schedule-2024-25
jemena,A50E,2025-07-01,2026-06-30,Subtransmission EG (Transitional),Large Business - Subtransmission,final,jemena-network-tariff-schedule-2025-26
jemena,A50M,2023-07-01,2024-06-30,Subtransmission - Multiple Connection CR,Large Business - Subtransmission,final,jemena-network-tariff-schedule-2023-24
jemena,A50M,2024-07-01,2025-06-30,Subtransmission - Multiple Connection CR,Large Business - Subtransmission,final,jemena-network-tariff-schedule-2024-25
jemena,A50M,2025-07-01,2026-06-30,Subtransmission - Multiple Connection CR,Large Business - Subtransmission,final,jemena-network-tariff-schedule-2025-26
jemena,A50M,2026-07-01,2027-06-30,Subtransmission - Multiple Connection CR,Large Business - Subtransmission,final,jemena-network-tariff-schedule-2026-27
jemena,A50T,2023-07-01,2024-06-30,Subtransmission MA CR,Large Business - Subtransmission,final,jemena-network-tariff-schedule-2023-24
jemena,A50T,2024-07-01,2025-06-30,Subtransmission MA CR,Large Business - Subtransmission,final,jemena-network-tariff-schedule-2024-25
jemena,A50T,2025-07-01,2026-06-30,Subtransmission MA CR,Large Business - Subtransmission,final,jemena-network-tariff-schedule-2025-26
jemena,A50T,2026-07-01,2027-06-30,Subtransmission MA CR,Large Business - Subtransmission,final,jemena-network-tariff-schedule-2026-27
jemena,A50X,2023-07-01,2024-06-30,Subtransmission EG CR,Large Business - Subtransmission,final,jemena-network-tariff-schedule-2023-24
jemena,A50X,2024-07-01,2025-06-30,Subtransmission EG CR,Large Business - Subtransmission,final,jemena-network-tariff-schedule-2024-25
jemena,A50X,2025-07-01,2026-06-30,Subtransmission EG CR,Large Business - Subtransmission,final,jemena-network-tariff-schedule-2025-26
jemena,A50X,2026-07-01,2027-06-30,Subtransmission EG CR,Large Business - Subtransmission,final,jemena-network-tariff-schedule-2026-27
jemena,F100,2023-07-01,2024-06-30,Residential Single Rate,Residential,final,jemena-network-tariff-schedule-2023-24
jemena,F100,2024-07-01,2025-06-30,Residential Single Rate,Residential,final,jemena-network-tariff-schedule-2024-25
jemena,F10D,2023-07-01,2024-06-30,Residential Demand,Residential,final,jemena-network-tariff-schedule-2023-24
jemena,F10D,2024-07-01,2025-06-30,Residential Demand,Residential,final,jemena-network-tariff-schedule-2024-25
jemena,F120,2023-07-01,2024-06-30,Residential Time of Use,Residential,final,jemena-network-tariff-schedule-2023-24
jemena,F120,2024-07-01,2025-06-30,Residential Time of Use,Residential,final,jemena-network-tariff-schedule-2024-25
jemena,F200,2023-07-01,2024-06-30,Small Business Single Rate,Small Business,final,jemena-network-tariff-schedule-2023-24
jemena,F200,2024-07-01,2025-06-30,Small Business Single Rate,Small Business,final,jemena-network-tariff-schedule-2024-25
jemena,F20D,2023-07-01,2024-06-30,Small Business Demand,Small Business,final,jemena-network-tariff-schedule-2023-24
jemena,F20D,2024-07-01,2025-06-30,Small Business Demand,Small Business,final,jemena-network-tariff-schedule-2024-25
jemena,F210,2023-07-01,2024-06-30,Time of Use Weekdays,Small Business,final,jemena-network-tariff-schedule-2023-24
jemena,F210,2024-07-01,2025-06-30,Time of Use Weekdays,Small Business,final,jemena-network-tariff-schedule-2024-25
jemena,F230,2023-07-01,2024-06-30,Time of Use Weekdays - Demand,Small Business,final,jemena-network-tariff-schedule-2023-24
jemena,F230,2024-07-01,2025-06-30,Time of Use Weekdays - Demand,Small Business,final,jemena-network-tariff-schedule-2024-25
jemena,F23N,2023-07-01,2024-06-30,Time of Use - Opt-out,Small Business,final,jemena-network-tariff-schedule-2023-24
jemena,F23N,2024-07-01,2025-06-30,Time of Use - Opt-out,Small Business,final,jemena-network-tariff-schedule-2024-25
jemena,F270,2023-07-01,2024-06-30,Time of Use Extended - Demand (closed to new entrants),Small Business,final,jemena-network-tariff-schedule-2023-24
jemena,F270,2024-07-01,2025-06-30,Time of Use Extended - Demand (closed to new entrants),Small Business,final,jemena-network-tariff-schedule-2024-25
jemena,F300,2023-07-01,2024-06-30,LV 0.4 - 0.8 GWh (Transitional),Large Business - LV (Low Voltage Tariffs with nominal voltage < 1000 Volts),final,jemena-network-tariff-schedule-2023-24
jemena,F300,2024-07-01,2025-06-30,LV 0.4 - 0.8 GWh (Transitional),Large Business - LV (Low Voltage Tariffs with nominal voltage < 1000 Volts),final,jemena-network-tariff-schedule-2024-25
powercor,D1,2023-07-01,2024-06-30,Residential Single Rate,,provisional,powercor-2023-24-tariff-summary-31mar2023
powercor,D1,2024-07-01,2025-06-30,Residential Single Rate,,final,powercor-pricing-proposal-2024-25-28mar2024-wayback
powercor,D1,2025-07-01,2026-06-30,Residential Single Rate,,final,powercor-tariff-summary-2025-26-31mar2025-wayback
powercor,D1,2026-07-01,2027-06-30,Residential single rate,,final,powercor-tariff-summary-2026-27-07may2026
powercor,DD,2023-07-01,2024-06-30,Residential Demand,,provisional,powercor-2023-24-tariff-summary-31mar2023
powercor,DD,2024-07-01,2025-06-30,Residential Demand,,final,powercor-pricing-proposal-2024-25-28mar2024-wayback
powercor,DD,2025-07-01,2026-06-30,Residential Demand,,final,powercor-tariff-summary-2025-26-31mar2025-wayback
powercor,DD1,2023-07-01,2024-06-30,Dedicated circuit,,provisional,powercor-2023-24-tariff-summary-31mar2023
powercor,DD1,2024-07-01,2025-06-30,Dedicated circuit,,final,powercor-pricing-proposal-2024-25-28mar2024-wayback
powercor,DD1,2025-07-01,2026-06-30,Dedicated Circuit,,final,powercor-tariff-summary-2025-26-31mar2025-wayback
powercor,DD1,2026-07-01,2027-06-30,Dedicated circuit,,final,powercor-tariff-summary-2026-27-07may2026
powercor,EVPTOU,2026-07-01,2027-06-30,Residential kerbside EV charger,,final,powercor-tariff-summary-2026-27-07may2026
powercor,GT,2024-07-01,2025-06-30,Generator storage,,final,powercor-pricing-proposal-2024-25-28mar2024-wayback
powercor,GT,2025-07-01,2026-06-30,Generator storage,,final,powercor-tariff-summary-2025-26-31mar2025-wayback
powercor,HV,2024-07-01,2025-06-30,High Voltage,High voltage,provisional,aer-stakeholder-report-powercor-2024-25
powercor,HV,2025-07-01,2026-06-30,High Voltage,,provisional,aer-consolidated-2025-26-v5
powercor,HV,2026-07-01,2027-06-30,High Voltage,,provisional,aer-consolidated-2026-27-v5
powercor,HV1,2023-07-01,2024-06-30,High Voltage,,provisional,powercor-2023-24-tariff-summary-31mar2023
powercor,HV1,2024-07-01,2025-06-30,High Voltage,,final,powercor-pricing-proposal-2024-25-28mar2024-wayback
powercor,HV1,2025-07-01,2026-06-30,High Voltage,,final,powercor-tariff-summary-2025-26-31mar2025-wayback
powercor,HV1,2026-07-01,2027-06-30,High voltage 1,,final,powercor-tariff-summary-2026-27-07may2026
powercor,HV2,2023-07-01,2024-06-30,High Voltage,,provisional,powercor-2023-24-tariff-summary-31mar2023
powercor,HV2,2024-07-01,2025-06-30,High Voltage,,final,powercor-pricing-proposal-2024-25-28mar2024-wayback
powercor,HV2,2025-07-01,2026-06-30,High Voltage,,final,powercor-tariff-summary-2025-26-31mar2025-wayback
powercor,HV2,2026-07-01,2027-06-30,High voltage 2,,final,powercor-tariff-summary-2026-27-07may2026
powercor,HV2A,2024-07-01,2025-06-30,HV storage,,final,powercor-pricing-proposal-2024-25-28mar2024-wayback
powercor,HV2A,2025-07-01,2026-06-30,HV storage,,final,powercor-tariff-summary-2025-26-31mar2025-wayback
powercor,HV3,2026-07-01,2027-06-30,High voltage 3,,final,powercor-tariff-summary-2026-27-07may2026
powercor,HVT,2024-07-01,2025-06-30,High Voltage transitional,High voltage,provisional,aer-stakeholder-report-powercor-2024-25
powercor,HVT,2025-07-01,2026-06-30,High Voltage transitional,,provisional,aer-consolidated-2025-26-v5
powercor,HVT1,2023-07-01,2024-06-30,High Voltage Transitional,,provisional,powercor-2023-24-tariff-summary-31mar2023
powercor,HVT1,2024-07-01,2025-06-30,High Voltage Transitional,,final,powercor-pricing-proposal-2024-25-28mar2024-wayback
powercor,HVT1,2025-07-01,2026-06-30,High Voltage Transitional,,final,powercor-tariff-summary-2025-26-31mar2025-wayback
powercor,HVT2,2023-07-01,2024-06-30,High Voltage Transitional,,provisional,powercor-2023-24-tariff-summary-31mar2023
powercor,HVT2,2024-07-01,2025-06-30,High Voltage Transitional,,final,powercor-pricing-proposal-2024-25-28mar2024-wayback
powercor,HVT2,2025-07-01,2026-06-30,High Voltage Transitional,,final,powercor-tariff-summary-2025-26-31mar2025-wayback
powercor,LLV,2024-07-01,2025-06-30,Large Low Voltage,Large low voltage,provisional,aer-stakeholder-report-powercor-2024-25
powercor,LLV,2025-07-01,2026-06-30,Large Low Voltage,,provisional,aer-consolidated-2025-26-v5
powercor,LLV,2026-07-01,2027-06-30,Large low Voltage,,provisional,aer-consolidated-2026-27-v5
powercor,LLV1,2023-07-01,2024-06-30,Large low Voltage,,provisional,powercor-2023-24-tariff-summary-31mar2023
powercor,LLV1,2024-07-01,2025-06-30,Large low Voltage,,final,powercor-pricing-proposal-2024-25-28mar2024-wayback
powercor,LLV1,2025-07-01,2026-06-30,Large low Voltage,,final,powercor-tariff-summary-2025-26-31mar2025-wayback
powercor,LLV1,2026-07-01,2027-06-30,Large low voltage 1,,final,powercor-tariff-summary-2026-27-07may2026
powercor,LLV2,2023-07-01,2024-06-30,Large low Voltage,,provisional,powercor-2023-24-tariff-summary-31mar2023
powercor,LLV2,2024-07-01,2025-06-30,Large low Voltage,,final,powercor-pricing-proposal-2024-25-28mar2024-wayback
powercor,LLV2,2025-07-01,2026-06-30,Large low Voltage,,final,powercor-tariff-summary-2025-26-31mar2025-wayback
powercor,LLV2,2026-07-01,2027-06-30,Large low voltage 2,,final,powercor-tariff-summary-2026-27-07may2026
powercor,LLV3,2026-07-01,2027-06-30,Large low voltage 3,,final,powercor-tariff-summary-2026-27-07may2026
powercor,LLVT,2024-07-01,2025-06-30,Large Low Voltage transitional,Large low voltage,provisional,aer-stakeholder-report-powercor-2024-25
powercor,LLVT,2025-07-01,2026-06-30,Large Low Voltage transitional,,provisional,aer-consolidated-2025-26-v5
powercor,LLVT1,2023-07-01,2024-06-30,Large low Voltage Transitional,,provisional,powercor-2023-24-tariff-summary-31mar2023
powercor,LLVT1,2024-07-01,2025-06-30,Large low Voltage Transitional,,final,powercor-pricing-proposal-2024-25-28mar2024-wayback
powercor,LLVT1,2025-07-01,2026-06-30,Large low Voltage Transitional,,final,powercor-tariff-summary-2025-26-31mar2025-wayback
powercor,LLVT2,2023-07-01,2024-06-30,Large low Voltage Transitional,,provisional,powercor-2023-24-tariff-summary-31mar2023
powercor,LLVT2,2024-07-01,2025-06-30,Large low Voltage Transitional,,final,powercor-pricing-proposal-2024-25-28mar2024-wayback
powercor,LLVT2,2025-07-01,2026-06-30,Large low Voltage Transitional,,final,powercor-tariff-summary-2025-26-31mar2025-wayback
powercor,ND1,2023-07-01,2024-06-30,Small Business Single Rate,,provisional,powercor-2023-24-tariff-summary-31mar2023
powercor,ND1,2024-07-01,2025-06-30,Small Business Single Rate,,final,powercor-pricing-proposal-2024-25-28mar2024-wayback
powercor,ND1,2025-07-01,2026-06-30,Small Business Single Rate,,final,powercor-tariff-summary-2025-26-31mar2025-wayback
powercor,ND1,2026-07-01,2027-06-30,Small business single rate,,final,powercor-tariff-summary-2026-27-07may2026
powercor,NDD,2023-07-01,2024-06-30,Small Business Demand,,provisional,powercor-2023-24-tariff-summary-31mar2023
powercor,NDD,2024-07-01,2025-06-30,Small Business Demand,,final,powercor-pricing-proposal-2024-25-28mar2024-wayback
powercor,NDD,2025-07-01,2026-06-30,Small Business Demand Tariff,,final,powercor-tariff-summary-2025-26-31mar2025-wayback
powercor,NDD,2026-07-01,2027-06-30,Small business demand,,final,powercor-tariff-summary-2026-27-07may2026
powercor,NDM,2023-07-01,2024-06-30,Medium Business Demand,,provisional,powercor-2023-24-tariff-summary-31mar2023
powercor,NDM,2024-07-01,2025-06-30,Medium Business Demand,,final,powercor-pricing-proposal-2024-25-28mar2024-wayback
powercor,NDM,2025-07-01,2026-06-30,Medium Business Demand,,final,powercor-tariff-summary-2025-26-31mar2025-wayback
powercor,NDM,2026-07-01,2027-06-30,Medium business demand,,final,powercor-tariff-summary-2026-27-07may2026
powercor,NDMO,2024-07-01,2025-06-30,Medium Business Opt-out,Small and medium business,provisional,aer-stakeholder-report-powercor-2024-25
powercor,NDMO,2025-07-01,2026-06-30,Medium Business Opt-out,,provisional,aer-consolidated-2025-26-v5
powercor,NDMO,2026-07-01,2027-06-30,Medium business opt-out,,final,powercor-tariff-summary-2026-27-07may2026
powercor,NDMO21,2023-07-01,2024-06-30,Medium Business Opt-out,,provisional,powercor-2023-24-tariff-summary-31mar2023
powercor,NDMO21,2024-07-01,2025-06-30,Medium Business Opt-out,,final,powercor-pricing-proposal-2024-25-28mar2024-wayback
powercor,NDMO21,2025-07-01,2026-06-30,Medium Business Opt-out,,final,powercor-tariff-summary-2025-26-31mar2025-wayback
powercor,NDTOU,2023-07-01,2024-06-30,Small Business ToU,,provisional,powercor-2023-24-tariff-summary-31mar2023
powercor,NDTOU,2024-07-01,2025-06-30,Small Business ToU,,final,powercor-pricing-proposal-2024-25-28mar2024-wayback
powercor,NDTOU,2025-07-01,2026-06-30,Small Business ToU,,final,powercor-tariff-summary-2025-26-31mar2025-wayback
powercor,NDTOU,2026-07-01,2027-06-30,Small business ToU,,final,powercor-tariff-summary-2026-27-07may2026
powercor,PDBB,2024-07-01,2025-06-30,Distributor-owned community battery,,final,powercor-pricing-proposal-2024-25-28mar2024-wayback
powercor,PDBB,2025-07-01,2026-06-30,Distributor-owned community battery,,final,powercor-tariff-summary-2025-26-31mar2025-wayback
powercor,PFL,2026-07-01,2027-06-30,Flexible large,,final,powercor-tariff-summary-2026-27-07may2026
powercor,PFS,2026-07-01,2027-06-30,Flexible small,,final,powercor-tariff-summary-2026-27-07may2026
powercor,PFTUOS,2026-07-01,2027-06-30,Flexible TUOS Pass-Through,,provisional,aer-consolidated-2026-27-v5
powercor,PL2,2023-07-01,2024-06-30,Unmetered supply,,provisional,powercor-2023-24-tariff-summary-31mar2023
powercor,PL2,2024-07-01,2025-06-30,Unmetered supply,,final,powercor-pricing-proposal-2024-25-28mar2024-wayback
powercor,PL2,2025-07-01,2026-06-30,Unmetered Supply,,final,powercor-tariff-summary-2025-26-31mar2025-wayback
powercor,PL2,2026-07-01,2027-06-30,Type 7 or 9 metering,,final,powercor-tariff-summary-2026-27-07may2026
powercor,PNDB,2024-07-01,2025-06-30,Community battery time of use,,final,powercor-pricing-proposal-2024-25-28mar2024-wayback
powercor,PNDB,2025-07-01,2026-06-30,Community battery time of use,,final,powercor-tariff-summary-2025-26-31mar2025-wayback
powercor,PRCER,2026-07-01,2027-06-30,Residential CER,,final,powercor-tariff-summary-2026-27-07may2026
powercor,PRDS,2024-07-01,2025-06-30,Residential daytime saver,,final,powercor-pricing-proposal-2024-25-28mar2024-wayback
powercor,PRDS,2025-07-01,2026-06-30,Residential daytime saver,,final,powercor-tariff-summary-2025-26-31mar2025-wayback
powercor,PRSTOU,2026-07-01,2027-06-30,Residential ToU,,final,powercor-tariff-summary-2026-27-07may2026
powercor,PRTOU,2023-07-01,2024-06-30,Residential ToU,,provisional,powercor-2023-24-tariff-summary-31mar2023
powercor,PRTOU,2024-07-01,2025-06-30,Residential ToU,,final,powercor-pricing-proposal-2024-25-28mar2024-wayback
powercor,PRTOU,2025-07-01,2026-06-30,Residential ToU,,final,powercor-tariff-summary-2025-26-31mar2025-wayback
powercor,ST2,2023-07-01,2024-06-30,Subtransmission,,provisional,powercor-2023-24-tariff-summary-31mar2023
powercor,ST2,2024-07-01,2025-06-30,Subtransmission,,final,powercor-pricing-proposal-2024-25-28mar2024-wayback
powercor,ST2,2025-07-01,2026-06-30,Subtransmission,,final,powercor-tariff-summary-2025-26-31mar2025-wayback
powercor,ST2,2026-07-01,2027-06-30,Subtransmission,,final,powercor-tariff-summary-2026-27-07may2026
powercor,STT,2024-07-01,2025-06-30,Sub-transmission,Sub-transmission,provisional,aer-stakeholder-report-powercor-2024-25
powercor,STT,2025-07-01,2026-06-30,Sub-transmission,,provisional,aer-consolidated-2025-26-v5
powercor,STT,2026-07-01,2027-06-30,Subtransmission,,provisional,aer-consolidated-2026-27-v5
powerwater,Tariff 1,2023-07-01,2024-06-30,Residential Tariff,,final,pwc-scs-tariffs-2023-24-wayback
powerwater,Tariff 1,2024-07-01,2025-06-30,Residential Tariff,,final,pwc-scs-tariffs-2024-25-wayback
powerwater,Tariff 1,2025-07-01,2026-06-30,Residential Tariff,,final,pwc-scs-tariffs-2025-26-210525-wayback
powerwater,Tariff 1,2026-07-01,2027-06-30,Residential Accumulation,,provisional,aer-consolidated-2026-27-v5
powerwater,Tariff 2,2023-07-01,2024-06-30,Non-residential Tariff,,final,pwc-scs-tariffs-2023-24-wayback
powerwater,Tariff 2,2024-07-01,2025-06-30,Non-residential Tariff,,final,pwc-scs-tariffs-2024-25-wayback
powerwater,Tariff 2,2025-07-01,2026-06-30,Non-residential Tariff,,final,pwc-scs-tariffs-2025-26-210525-wayback
powerwater,Tariff 2,2026-07-01,2027-06-30,Non-Residential Accumulation,,provisional,aer-consolidated-2026-27-v5
powerwater,Tariff 3,2023-07-01,2024-06-30,LV Smart Meter Tariff,,final,pwc-scs-tariffs-2023-24-wayback
powerwater,Tariff 3a,2024-07-01,2025-06-30,LV Smart Meter Tariff (Residential 0-160MWh pa),,final,pwc-scs-tariffs-2024-25-wayback
powerwater,Tariff 3a,2025-07-01,2026-06-30,LV Smart Meter Tariff (Residential 0-160MWh pa),,final,pwc-scs-tariffs-2025-26-210525-wayback
powerwater,Tariff 3a,2026-07-01,2027-06-30,LV Smart Meter - Residential,,provisional,aer-consolidated-2026-27-v5
powerwater,Tariff 3b,2024-07-01,2025-06-30,LV Smart Meter Tariff (Non-Residential 0-160MWh pa),,final,pwc-scs-tariffs-2024-25-wayback
powerwater,Tariff 3b,2025-07-01,2026-06-30,LV Smart Meter Tariff (Non-Residential 0-160MWh pa),,final,pwc-scs-tariffs-2025-26-210525-wayback
powerwater,Tariff 3b,2026-07-01,2027-06-30,LV Smart Meter - Small Commercial,,provisional,aer-consolidated-2026-27-v5
powerwater,Tariff 3c,2024-07-01,2025-06-30,LV Smart Meter Tariff (160-750MWh pa),,final,pwc-scs-tariffs-2024-25-wayback
powerwater,Tariff 3c,2025-07-01,2026-06-30,LV Smart Meter Tariff (160-750MWh pa),,final,pwc-scs-tariffs-2025-26-210525-wayback
powerwater,Tariff 3c,2026-07-01,2027-06-30,LV Smart Meter - Large Commercial,,provisional,aer-consolidated-2026-27-v5
powerwater,Tariff 4,2023-07-01,2024-06-30,Unmetered Tariff,,final,pwc-scs-tariffs-2023-24-wayback
powerwater,Tariff 4,2024-07-01,2025-06-30,Unmetered Tariff,,final,pwc-scs-tariffs-2024-25-wayback
powerwater,Tariff 4,2025-07-01,2026-06-30,Unmetered Tariff,,final,pwc-scs-tariffs-2025-26-210525-wayback
powerwater,Tariff 4,2026-07-01,2027-06-30,Unmetered,,provisional,aer-consolidated-2026-27-v5
powerwater,Tariff 5,2023-07-01,2024-06-30,LV Majors Tariff,,final,pwc-scs-tariffs-2023-24-wayback
powerwater,Tariff 5,2024-07-01,2025-06-30,LV Majors Tariff (Above 750MWh pa),,final,pwc-scs-tariffs-2024-25-wayback
powerwater,Tariff 5,2025-07-01,2026-06-30,LV Majors Tariff (Above 750MWh pa),,final,pwc-scs-tariffs-2025-26-210525-wayback
powerwater,Tariff 5,2026-07-01,2027-06-30,LV Majors,,provisional,aer-consolidated-2026-27-v5
powerwater,Tariff 6,2023-07-01,2024-06-30,HV Minors Tariff,,final,pwc-scs-tariffs-2023-24-wayback
powerwater,Tariff 6,2024-07-01,2025-06-30,HV Smart Meter Tariff,,final,pwc-scs-tariffs-2024-25-wayback
powerwater,Tariff 6,2025-07-01,2026-06-30,HV Smart Meter Tariff,,final,pwc-scs-tariffs-2025-26-210525-wayback
powerwater,Tariff 6,2026-07-01,2027-06-30,HV Smart Meters,,provisional,aer-consolidated-2026-27-v5
powerwater,Tariff 7,2023-07-01,2024-06-30,HV Majors Tariff,,final,pwc-scs-tariffs-2023-24-wayback
sapn,B2R,2023-07-01,2024-06-30,Business Two Rate,Small Business <160 MWh - Small Business Type 6 Meters,final,sapn-tariff-price-list-2023-24-id320662
sapn,B2R,2024-07-01,2025-06-30,Business Two Rate,Small Business <160 MWh - Small Business Type 6 Meters,final,sapn-tariff-price-list-2024-25-id328119
sapn,B2R,2025-07-01,2026-06-30,Business Two Rate,,provisional,aer-consolidated-2025-26-v5
sapn,B2R,2026-07-01,2027-06-30,Business Two Rate,Small & Medium Business - Small Business,final,sapn-tariff-price-list-2026-27-id338674
sapn,B2RNE,2026-07-01,2027-06-30,Business Two Rate,Small & Medium Business - Small Business,final,sapn-tariff-price-list-2026-27-id338674
sapn,B2RT,2023-07-01,2024-06-30,Large LV Business Two Rate,Large LV Business >160 MWh pa - Large LV Business Type 6 Meter Tariffs,final,sapn-tariff-price-list-2023-24-id320662
sapn,B2RT,2024-07-01,2025-06-30,Large LV Business Two Rate,Large LV Business >160 MWh pa - Large LV Business Type 6 Meter Tariffs,final,sapn-tariff-price-list-2024-25-id328119
sapn,BCL,2024-07-01,2025-06-30,Business Controlled Load only,Small business,provisional,aer-stakeholder-report-sapn-2024-25-updated17jul2024
sapn,BD,2023-07-01,2024-06-30,Large LV Business Actual Monthly Demand (transition),Large LV Business >160 MWh pa - Large LV Business - Interval Meter Tariffs,final,sapn-tariff-price-list-2023-24-id320662
sapn,BD,2024-07-01,2025-06-30,Large LV Business Actual Monthly Demand (transition),Large LV Business >160 MWh pa - Large LV Business - Interval Meter Tariffs,final,sapn-tariff-price-list-2024-25-id328119
sapn,BSR,2023-07-01,2024-06-30,Business Single Rate,Small Business <160 MWh - Small Business Type 6 Meters,final,sapn-tariff-price-list-2023-24-id320662
sapn,BSR,2024-07-01,2025-06-30,Business Single Rate,Small Business <160 MWh - Small Business Type 6 Meters,final,sapn-tariff-price-list-2024-25-id328119
sapn,BSR,2025-07-01,2026-06-30,Business Single rate,,provisional,aer-consolidated-2025-26-v5
sapn,BSR,2026-07-01,2027-06-30,Business Single Rate,Small & Medium Business - Small Business,final,sapn-tariff-price-list-2026-27-id338674
sapn,BSRNE,2026-07-01,2027-06-30,Business Single Rate,Small & Medium Business - Small Business,final,sapn-tariff-price-list-2026-27-id338674
sapn,BSRT,2023-07-01,2024-06-30,Large LV Business Single Rate,Large LV Business >160 MWh pa - Large LV Business Type 6 Meter Tariffs,final,sapn-tariff-price-list-2023-24-id320662
sapn,BSRT,2024-07-01,2025-06-30,Large LV Business Single Rate,Large LV Business >160 MWh pa - Large LV Business Type 6 Meter Tariffs,final,sapn-tariff-price-list-2024-25-id328119
sapn,HBD,2023-07-01,2024-06-30,HV Business Actual Monthly Demand (transition),Large HV Business - HV Business - Interval Meter Tariffs,final,sapn-tariff-price-list-2023-24-id320662
sapn,HBD,2024-07-01,2025-06-30,HV Business Actual Monthly Demand (transition),Large HV Business - HV Business - Interval Meter Tariffs,final,sapn-tariff-price-list-2024-25-id328119
sapn,HVAD,2023-07-01,2024-06-30,HV Business Annual Demand,Large HV Business - HV Business - Interval Meter Tariffs,final,sapn-tariff-price-list-2023-24-id320662
sapn,HVAD,2024-07-01,2025-06-30,HV Business Annual Demand,Large HV Business - HV Business - Interval Meter Tariffs,final,sapn-tariff-price-list-2024-25-id328119
sapn,HVAD,2025-07-01,2026-06-30,HV Business Annual demand,,provisional,aer-consolidated-2025-26-v5
sapn,HVAD,2026-07-01,2027-06-30,HV Business Annual Demand,Large HV Business,final,sapn-tariff-price-list-2026-27-id338674
sapn,HVAD-SA,2024-07-01,2025-06-30,HV Business Annual demand,HV business,provisional,aer-stakeholder-report-sapn-2024-25-updated17jul2024
sapn,HVAD078,2023-07-01,2024-06-30,HV Business Annual Demand,Large HV Business - Site Specific Tariffs,final,sapn-tariff-price-list-2023-24-id320662
sapn,HVAD078,2024-07-01,2025-06-30,HV Business Annual Demand,Large HV Business - Site Specific Tariffs,final,sapn-tariff-price-list-2024-25-id328119
sapn,HVAD265,2023-07-01,2024-06-30,HV Business Annual Demand,Large HV Business - Site Specific Tariffs,final,sapn-tariff-price-list-2023-24-id320662
sapn,HVAD265,2024-07-01,2025-06-30,HV Business Annual Demand,Large HV Business - Site Specific Tariffs,final,sapn-tariff-price-list-2024-25-id328119
sapn,HVAD276,2024-07-01,2025-06-30,HV Business Annual Demand,Large HV Business - Site Specific Tariffs,final,sapn-tariff-price-list-2024-25-id328119
sapn,HVAD276,2026-07-01,2027-06-30,HV Business Annual Demand,Large HV Business Site Specific,final,sapn-tariff-price-list-2026-27-id338674
sapn,HVAD381,2023-07-01,2024-06-30,HV Business Annual Demand,Large HV Business - Site Specific Tariffs,final,sapn-tariff-price-list-2023-24-id320662
sapn,HVAD381,2024-07-01,2025-06-30,HV Business Annual Demand,Large HV Business - Site Specific Tariffs,final,sapn-tariff-price-list-2024-25-id328119
sapn,HVAD381,2026-07-01,2027-06-30,HV Business Annual Demand,Large HV Business Site Specific,final,sapn-tariff-price-list-2026-27-id338674
sapn,HVAD439,2023-07-01,2024-06-30,HV Business Annual Demand,Large HV Business - Site Specific Tariffs,final,sapn-tariff-price-list-2023-24-id320662
sapn,HVAD439,2024-07-01,2025-06-30,HV Business Annual Demand,Large HV Business - Site Specific Tariffs,final,sapn-tariff-price-list-2024-25-id328119
sapn,HVAD500,2023-07-01,2024-06-30,HV Business Annual Demand <500kVA,Large HV Business - HV Business - Interval Meter Tariffs,final,sapn-tariff-price-list-2023-24-id320662
sapn,HVAD500,2024-07-01,2025-06-30,HV Business Annual Demand <500kVA,Large HV Business - HV Business - Interval Meter Tariffs,final,sapn-tariff-price-list-2024-25-id328119
sapn,HVAD500,2025-07-01,2026-06-30,HV Business Annual <500 kVA,,provisional,aer-consolidated-2025-26-v5
sapn,HVAD500,2026-07-01,2027-06-30,HV Business Annual Demand <500kVA,Large HV Business,final,sapn-tariff-price-list-2026-27-id338674
sapn,HVAD500-SA,2024-07-01,2025-06-30,HV Business Annual <500 kVA,HV business,provisional,aer-stakeholder-report-sapn-2024-25-updated17jul2024
sapn,HVAD500CBD,2023-07-01,2024-06-30,HV Business Annual Demand <500kVA,Large HV Business - HV Business - Interval Meter Tariffs,final,sapn-tariff-price-list-2023-24-id320662
sapn,HVAD500CBD,2024-07-01,2025-06-30,HV Business Annual Demand <500kVA,Large HV Business - HV Business - Interval Meter Tariffs,final,sapn-tariff-price-list-2024-25-id328119
sapn,HVAD500CBD,2026-07-01,2027-06-30,HV Business Annual Demand <500kVA,Large HV Business,final,sapn-tariff-price-list-2026-27-id338674
sapn,HVADCBD,2023-07-01,2024-06-30,HV Business Annual Demand,Large HV Business - HV Business - Interval Meter Tariffs,final,sapn-tariff-price-list-2023-24-id320662
sapn,HVADCBD,2024-07-01,2025-06-30,HV Business Annual Demand,Large HV Business - HV Business - Interval Meter Tariffs,final,sapn-tariff-price-list-2024-25-id328119
sapn,HVADCBD,2026-07-01,2027-06-30,HV Business Annual Demand,Large HV Business,final,sapn-tariff-price-list-2026-27-id338674
sapn,HVADF,2023-07-01,2024-06-30,HV Business Agreed Demand Flexible,Large HV Business - HV Business - Interval Meter Tariffs,final,sapn-tariff-price-list-2023-24-id320662
sapn,HVADF,2024-07-01,2025-06-30,HV Business Agreed Demand Flexible,Large HV Business - HV Business - Interval Meter Tariffs,final,sapn-tariff-price-list-2024-25-id328119
sapn,HVADF,2025-07-01,2026-06-30,HV Business Agreed Demand Flexible,,provisional,aer-consolidated-2025-26-v5
sapn,HVADF,2026-07-01,2027-06-30,HV Business Agreed Demand Flexible,Large HV Business,final,sapn-tariff-price-list-2026-27-id338674
sapn,HVADF-SA,2024-07-01,2025-06-30,HV Business Agreed Demand Flexible,HV business,provisional,aer-stakeholder-report-sapn-2024-25-updated17jul2024
sapn,HVADFCBD,2023-07-01,2024-06-30,HV Business Agreed Demand Flexible,Large HV Business - HV Business - Interval Meter Tariffs,final,sapn-tariff-price-list-2023-24-id320662
sapn,HVADFCBD,2024-07-01,2025-06-30,HV Business Agreed Demand Flexible,Large HV Business - HV Business - Interval Meter Tariffs,final,sapn-tariff-price-list-2024-25-id328119
sapn,HVADFCBD,2026-07-01,2027-06-30,HV Business Agreed Demand Flexible,Large HV Business,final,sapn-tariff-price-list-2026-27-id338674
sapn,HVBG,2023-07-01,2024-06-30,HV Business Generation supply,Large HV Business - HV Business - Interval Meter Tariffs,final,sapn-tariff-price-list-2023-24-id320662
sapn,HVBG,2024-07-01,2025-06-30,HV Business Generation supply,Large HV Business - HV Business - Interval Meter Tariffs,final,sapn-tariff-price-list-2024-25-id328119
sapn,HVBG,2025-07-01,2026-06-30,HV Business Generation,,provisional,aer-consolidated-2025-26-v5
sapn,HVBG,2026-07-01,2027-06-30,HV Business Generation,Generation Tariffs - Large HV Business,final,sapn-tariff-price-list-2026-27-id338674
sapn,HVBG-SA,2024-07-01,2025-06-30,HV Business Generation Supplies,HV business,provisional,aer-stakeholder-report-sapn-2024-25-updated17jul2024
sapn,HVBGCBD,2023-07-01,2024-06-30,HV Business Generation supply,Large HV Business - HV Business - Interval Meter Tariffs,final,sapn-tariff-price-list-2023-24-id320662
sapn,HVBGCBD,2024-07-01,2025-06-30,HV Business Generation supply,Large HV Business - HV Business - Interval Meter Tariffs,final,sapn-tariff-price-list-2024-25-id328119
sapn,HVBGCBD,2026-07-01,2027-06-30,HV Business Generation,Generation Tariffs - Large HV Business,final,sapn-tariff-price-list-2026-27-id338674
sapn,HVBGF,2023-07-01,2024-06-30,HV Business Generation Flexible,Large HV Business - HV Business - Interval Meter Tariffs,final,sapn-tariff-price-list-2023-24-id320662
sapn,HVBGF,2024-07-01,2025-06-30,HV Business Generation Flexible,Large HV Business - HV Business - Interval Meter Tariffs,final,sapn-tariff-price-list-2024-25-id328119
sapn,HVBGF,2025-07-01,2026-06-30,HV Business Generation Flexible,,provisional,aer-consolidated-2025-26-v5
sapn,HVBGF,2026-07-01,2027-06-30,HV Business Generation Flexible,Generation Tariffs - Large HV Business,final,sapn-tariff-price-list-2026-27-id338674
sapn,HVBGF-SA,2024-07-01,2025-06-30,HV Business Generation Flexible,HV business,provisional,aer-stakeholder-report-sapn-2024-25-updated17jul2024
sapn,HVBGFCBD,2023-07-01,2024-06-30,HV Business Generation Flexible,Large HV Business - HV Business - Interval Meter Tariffs,final,sapn-tariff-price-list-2023-24-id320662
sapn,HVBGFCBD,2024-07-01,2025-06-30,HV Business Generation Flexible,Large HV Business - HV Business - Interval Meter Tariffs,final,sapn-tariff-price-list-2024-25-id328119
sapn,HVBGFCBD,2026-07-01,2027-06-30,HV Business Generation Flexible,Generation Tariffs - Large HV Business,final,sapn-tariff-price-list-2026-27-id338674
sapn,HVMD,2023-07-01,2024-06-30,HV Business Monthly Peak Demand,Large HV Business - HV Business - Interval Meter Tariffs,final,sapn-tariff-price-list-2023-24-id320662
sapn,HVMD,2024-07-01,2025-06-30,HV Business Monthly Peak Demand,Large HV Business - HV Business - Interval Meter Tariffs,final,sapn-tariff-price-list-2024-25-id328119
sapn,HVMD,2025-07-01,2026-06-30,HV Business Monthly demand,,provisional,aer-consolidated-2025-26-v5
sapn,HVMD,2026-07-01,2027-06-30,HV Business Monthly Demand,Large HV Business,final,sapn-tariff-price-list-2026-27-id338674
sapn,HVMD-SA,2024-07-01,2025-06-30,HV Business Monthly demand,HV business,provisional,aer-stakeholder-report-sapn-2024-25-updated17jul2024
sapn,HVMDCBD,2023-07-01,2024-06-30,HV Business Monthly Peak Demand,Large HV Business - HV Business - Interval Meter Tariffs,final,sapn-tariff-price-list-2023-24-id320662
sapn,HVMDCBD,2024-07-01,2025-06-30,HV Business Monthly Peak Demand,Large HV Business - HV Business - Interval Meter Tariffs,final,sapn-tariff-price-list-2024-25-id328119
sapn,HVMDCBD,2026-07-01,2027-06-30,HV Business Monthly Demand,Large HV Business,final,sapn-tariff-price-list-2026-27-id338674
sapn,LBAD,2023-07-01,2024-06-30,Large LV Business Annual Demand,Large LV Business >160 MWh pa - Large LV Business - Interval Meter Tariffs,final,sapn-tariff-price-list-2023-24-id320662
sapn,LBAD,2024-07-01,2025-06-30,Large LV Business Annual Demand,Large LV Business >160 MWh pa - Large LV Business - Interval Meter Tariffs,final,sapn-tariff-price-list-2024-25-id328119
sapn,LBAD,2025-07-01,2026-06-30,Large LV Business Annual demand,,provisional,aer-consolidated-2025-26-v5
sapn,LBAD,2026-07-01,2027-06-30,Large LV Business Annual Demand,Large LV Business,final,sapn-tariff-price-list-2026-27-id338674
sapn,LBAD-SA,2024-07-01,2025-06-30,Large LV Business Annual demand,Large LV business,provisional,aer-stakeholder-report-sapn-2024-25-updated17jul2024
sapn,LBAD087,2024-07-01,2025-06-30,Large LV Business Annual demand,Large LV business,provisional,aer-stakeholder-report-sapn-2024-25-updated17jul2024
sapn,LBAD201,2023-07-01,2024-06-30,Large LV Business Annual Demand,Large LV Business >160 MWh pa - Site Specific Tariffs,final,sapn-tariff-price-list-2023-24-id320662
sapn,LBAD201,2024-07-01,2025-06-30,Large LV Business Annual Demand,Large LV Business >160 MWh pa - Site Specific Tariffs,final,sapn-tariff-price-list-2024-25-id328119
sapn,LBAD292,2023-07-01,2024-06-30,Large LV Business Annual Demand,Large LV Business >160 MWh pa - Site Specific Tariffs,final,sapn-tariff-price-list-2023-24-id320662
sapn,LBAD292,2024-07-01,2025-06-30,Large LV Business Annual Demand,Large LV Business >160 MWh pa - Site Specific Tariffs,final,sapn-tariff-price-list-2024-25-id328119
sapn,LBAD305,2024-07-01,2025-06-30,Large LV Business Annual Demand,Large LV Business >160 MWh pa - Site Specific Tariffs,final,sapn-tariff-price-list-2024-25-id328119
sapn,LBAD305,2026-07-01,2027-06-30,Large LV Business Annual Demand,Large LV Business Site Specific,final,sapn-tariff-price-list-2026-27-id338674
sapn,LBAD322,2023-07-01,2024-06-30,Large LV Business Annual Demand,Large LV Business >160 MWh pa - Site Specific Tariffs,final,sapn-tariff-price-list-2023-24-id320662
sapn,LBAD322,2024-07-01,2025-06-30,Large LV Business Annual Demand,Large LV Business >160 MWh pa - Site Specific Tariffs,final,sapn-tariff-price-list-2024-25-id328119
sapn,LBAD342,2023-07-01,2024-06-30,Large LV Business Annual Demand,Large LV Business >160 MWh pa - Site Specific Tariffs,final,sapn-tariff-price-list-2023-24-id320662
sapn,LBAD342,2024-07-01,2025-06-30,Large LV Business Annual Demand,Large LV Business >160 MWh pa - Site Specific Tariffs,final,sapn-tariff-price-list-2024-25-id328119
sapn,LBAD342,2026-07-01,2027-06-30,Large LV Business Annual Demand,Large LV Business Site Specific,final,sapn-tariff-price-list-2026-27-id338674
sapn,LBAD422,2023-07-01,2024-06-30,Large LV Business Annual Demand,Large LV Business >160 MWh pa - Site Specific Tariffs,final,sapn-tariff-price-list-2023-24-id320662
sapn,LBAD422,2024-07-01,2025-06-30,Large LV Business Annual Demand,Large LV Business >160 MWh pa - Site Specific Tariffs,final,sapn-tariff-price-list-2024-25-id328119
sapn,LBAD422,2026-07-01,2027-06-30,Large LV Business Annual Demand,Large LV Business Site Specific,final,sapn-tariff-price-list-2026-27-id338674
sapn,LBAD432,2024-07-01,2025-06-30,Large LV Business Annual demand,Large LV business,provisional,aer-stakeholder-report-sapn-2024-25-updated17jul2024
sapn,LBAD517,2023-07-01,2024-06-30,Large LV Business Annual Demand,Large LV Business >160 MWh pa - Site Specific Tariffs,final,sapn-tariff-price-list-2023-24-id320662
sapn,LBAD517,2024-07-01,2025-06-30,Large LV Business Annual Demand,Large LV Business >160 MWh pa - Site Specific Tariffs,final,sapn-tariff-price-list-2024-25-id328119
sapn,LBAD583,2023-07-01,2024-06-30,Large LV Business Annual Demand,Large LV Business >160 MWh pa - Site Specific Tariffs,final,sapn-tariff-price-list-2023-24-id320662
sapn,LBAD583,2024-07-01,2025-06-30,Large LV Business Annual Demand,Large LV Business >160 MWh pa - Site Specific Tariffs,final,sapn-tariff-price-list-2024-25-id328119
sapn,LBAD627,2024-07-01,2025-06-30,Large LV Business Annual demand,Large LV business,provisional,aer-stakeholder-report-sapn-2024-25-updated17jul2024
sapn,LBAD711,2023-07-01,2024-06-30,Large LV Business Annual Demand,Large LV Business >160 MWh pa - Site Specific Tariffs,final,sapn-tariff-price-list-2023-24-id320662
sapn,LBAD711,2024-07-01,2025-06-30,Large LV Business Annual Demand,Large LV Business >160 MWh pa - Site Specific Tariffs,final,sapn-tariff-price-list-2024-25-id328119
sapn,LBAD977,2023-07-01,2024-06-30,Large LV Business Annual Demand,Large LV Business >160 MWh pa - Site Specific Tariffs,final,sapn-tariff-price-list-2023-24-id320662
sapn,LBAD977,2024-07-01,2025-06-30,Large LV Business Annual Demand,Large LV Business >160 MWh pa - Site Specific Tariffs,final,sapn-tariff-price-list-2024-25-id328119
sapn,LBAD977,2026-07-01,2027-06-30,Large LV Business Annual Demand,Large LV Business Site Specific,final,sapn-tariff-price-list-2026-27-id338674
sapn,LBADCBD,2023-07-01,2024-06-30,Large LV Business Annual Demand,Large LV Business >160 MWh pa - Large LV Business - Interval Meter Tariffs,final,sapn-tariff-price-list-2023-24-id320662
sapn,LBADCBD,2024-07-01,2025-06-30,Large LV Business Annual Demand,Large LV Business >160 MWh pa - Large LV Business - Interval Meter Tariffs,final,sapn-tariff-price-list-2024-25-id328119
sapn,LBADCBD,2026-07-01,2027-06-30,Large LV Business Annual Demand,Large LV Business,final,sapn-tariff-price-list-2026-27-id338674
sapn,LBADF,2023-07-01,2024-06-30,Large LV Business Agreed Demand Flexible,Large LV Business >160 MWh pa - Large LV Business - Interval Meter Tariffs,final,sapn-tariff-price-list-2023-24-id320662
sapn,LBADF,2024-07-01,2025-06-30,Large LV Business Agreed Demand Flexible,Large LV Business >160 MWh pa - Large LV Business - Interval Meter Tariffs,final,sapn-tariff-price-list-2024-25-id328119
sapn,LBADF,2025-07-01,2026-06-30,Large LV Business Agreed Demand Flexible,,provisional,aer-consolidated-2025-26-v5
sapn,LBADF,2026-07-01,2027-06-30,Large LV Business Agreed Demand Flexible,Large LV Business,final,sapn-tariff-price-list-2026-27-id338674
sapn,LBADF-SA,2024-07-01,2025-06-30,Large LV Business Agreed Demand Flexible,Large LV business,provisional,aer-stakeholder-report-sapn-2024-25-updated17jul2024
sapn,LBADFCBD,2023-07-01,2024-06-30,Large LV Business Agreed Demand Flexible,Large LV Business >160 MWh pa - Large LV Business - Interval Meter Tariffs,final,sapn-tariff-price-list-2023-24-id320662
sapn,LBADFCBD,2024-07-01,2025-06-30,Large LV Business Agreed Demand Flexible,Large LV Business >160 MWh pa - Large LV Business - Interval Meter Tariffs,final,sapn-tariff-price-list-2024-25-id328119
sapn,LBADFCBD,2026-07-01,2027-06-30,Large LV Business Agreed Demand Flexible,Large LV Business,final,sapn-tariff-price-list-2026-27-id338674
sapn,LBG,2023-07-01,2024-06-30,Large LV Business Generation supply,Large LV Business >160 MWh pa - Large LV Business - Interval Meter Tariffs,final,sapn-tariff-price-list-2023-24-id320662
sapn,LBG,2024-07-01,2025-06-30,Large LV Business Generation supply,Large LV Business >160 MWh pa - Large LV Business - Interval Meter Tariffs,final,sapn-tariff-price-list-2024-25-id328119
sapn,LBG,2025-07-01,2026-06-30,Large LV Business Generation,,provisional,aer-consolidated-2025-26-v5
sapn,LBG,2026-07-01,2027-06-30,Large LV Business Generation,Generation Tariffs - Large LV Business,final,sapn-tariff-price-list-2026-27-id338674
sapn,LBG-SA,2024-07-01,2025-06-30,Large LV Business Generation Supplies,Large LV business,provisional,aer-stakeholder-report-sapn-2024-25-updated17jul2024
sapn,LBGCBD,2023-07-01,2024-06-30,Large LV Business Generation supply,Large LV Business >160 MWh pa - Large LV Business - Interval Meter Tariffs,final,sapn-tariff-price-list-2023-24-id320662
sapn,LBGCBD,2024-07-01,2025-06-30,Large LV Business Generation supply,Large LV Business >160 MWh pa - Large LV Business - Interval Meter Tariffs,final,sapn-tariff-price-list-2024-25-id328119
sapn,LBGCBD,2026-07-01,2027-06-30,Large LV Business Generation,Generation Tariffs - Large LV Business,final,sapn-tariff-price-list-2026-27-id338674
sapn,LBGF,2023-07-01,2024-06-30,Large LV Business Generation Flexible,Large LV Business >160 MWh pa - Large LV Business - Interval Meter Tariffs,final,sapn-tariff-price-list-2023-24-id320662
sapn,LBGF,2024-07-01,2025-06-30,Large LV Business Generation Flexible,Large LV Business >160 MWh pa - Large LV Business - Interval Meter Tariffs,final,sapn-tariff-price-list-2024-25-id328119
sapn,LBGF,2025-07-01,2026-06-30,Large LV Business Generation Flexible,,provisional,aer-consolidated-2025-26-v5
sapn,LBGF,2026-07-01,2027-06-30,Large LV Business Generation Flexible,Generation Tariffs - Large LV Business,final,sapn-tariff-price-list-2026-27-id338674
sapn,LBGF-SA,2024-07-01,2025-06-30,Large LV Business Generation Flexible,Large LV business,provisional,aer-stakeholder-report-sapn-2024-25-updated17jul2024
sapn,LBGFCBD,2023-07-01,2024-06-30,Large LV Business Generation Flexible,Large LV Business >160 MWh pa - Large LV Business - Interval Meter Tariffs,final,sapn-tariff-price-list-2023-24-id320662
sapn,LBGFCBD,2024-07-01,2025-06-30,Large LV Business Generation Flexible,Large LV Business >160 MWh pa - Large LV Business - Interval Meter Tariffs,final,sapn-tariff-price-list-2024-25-id328119
sapn,LBGFCBD,2026-07-01,2027-06-30,Large LV Business Generation Flexible,Generation Tariffs - Large LV Business,final,sapn-tariff-price-list-2026-27-id338674
sapn,LBMD,2023-07-01,2024-06-30,Large LV Business Monthly Peak Demand,Large LV Business >160 MWh pa - Large LV Business - Interval Meter Tariffs,final,sapn-tariff-price-list-2023-24-id320662
sapn,LBMD,2024-07-01,2025-06-30,Large LV Business Monthly Peak Demand,Large LV Business >160 MWh pa - Large LV Business - Interval Meter Tariffs,final,sapn-tariff-price-list-2024-25-id328119
sapn,LBMD,2025-07-01,2026-06-30,Large LV Business Monthly Demand,,provisional,aer-consolidated-2025-26-v5
sapn,LBMD,2026-07-01,2027-06-30,Large LV Business Monthly Demand,Large LV Business,final,sapn-tariff-price-list-2026-27-id338674
sapn,LBMD-SA,2024-07-01,2025-06-30,Large LV Business Monthly Peak Demand,Large LV business,provisional,aer-stakeholder-report-sapn-2024-25-updated17jul2024
sapn,LBMD979,2023-07-01,2024-06-30,Large LV Business Monthly Peak Demand,Large LV Business >160 MWh pa - Site Specific Tariffs,final,sapn-tariff-price-list-2023-24-id320662
sapn,LBMD979,2024-07-01,2025-06-30,Large LV Business Monthly Peak Demand,Large LV Business >160 MWh pa - Site Specific Tariffs,final,sapn-tariff-price-list-2024-25-id328119
sapn,LBMD979,2026-07-01,2027-06-30,Large LV Business Monthly Peak Demand,Large LV Business Site Specific,final,sapn-tariff-price-list-2026-27-id338674
sapn,LBMDCBD,2023-07-01,2024-06-30,Large LV Business Monthly Peak Demand,Large LV Business >160 MWh pa - Large LV Business - Interval Meter Tariffs,final,sapn-tariff-price-list-2023-24-id320662
sapn,LBMDCBD,2024-07-01,2025-06-30,Large LV Business Monthly Peak Demand,Large LV Business >160 MWh pa - Large LV Business - Interval Meter Tariffs,final,sapn-tariff-price-list-2024-25-id328119
sapn,LBMDCBD,2026-07-01,2027-06-30,Large LV Business Monthly Demand,Large LV Business,final,sapn-tariff-price-list-2026-27-id338674
sapn,LVUU,2023-07-01,2024-06-30,Overnight Unmetered,Small Business <160 MWh - Small Business Unmetered Tariffs,final,sapn-tariff-price-list-2023-24-id320662
sapn,LVUU,2024-07-01,2025-06-30,Overnight Unmetered,Small Business <160 MWh - Small Business Unmetered Tariffs,final,sapn-tariff-price-list-2024-25-id328119
sapn,LVUU24,2023-07-01,2024-06-30,24 hr Unmetered,Small Business <160 MWh - Small Business Unmetered Tariffs,final,sapn-tariff-price-list-2023-24-id320662
sapn,LVUU24,2024-07-01,2025-06-30,24 hr Unmetered,Small Business <160 MWh - Small Business Unmetered Tariffs,final,sapn-tariff-price-list-2024-25-id328119
sapn,LVUU24,2025-07-01,2026-06-30,24 hour Unmetered,,provisional,aer-consolidated-2025-26-v5
sapn,LVUU24,2026-07-01,2027-06-30,24 Hour Unmetered,Small & Medium Business - Unmetered,final,sapn-tariff-price-list-2026-27-id338674
sapn,M/QOPCL,2023-07-01,2024-06-30,Business Controlled Load only,Small Business <160 MWh - Small Business Type 6 Meters,final,sapn-tariff-price-list-2023-24-id320662
sapn,M/QOPCL,2024-07-01,2025-06-30,Business Controlled Load only,Small Business <160 MWh - Small Business Type 6 Meters,final,sapn-tariff-price-list-2024-25-id328119
sapn,MBTOUD,2025-07-01,2026-06-30,Medium Business Time of Use with Demand,,provisional,aer-consolidated-2025-26-v5
sapn,MBTOUD,2026-07-01,2027-06-30,Medium Business Time of Use Demand,Small & Medium Business - Medium Business,final,sapn-tariff-price-list-2026-27-id338674
sapn,MBTOUDNE,2026-07-01,2027-06-30,Medium Business Time of Use Demand,Small & Medium Business - Medium Business,final,sapn-tariff-price-list-2026-27-id338674
sapn,RELE,2023-07-01,2024-06-30,Residential Electrify,"Residential (Domestic tariffs) - Residential Type 4, 5, 6 Meters",final,sapn-tariff-price-list-2023-24-id320662
sapn,RELE,2024-07-01,2025-06-30,Residential Electrify,"Residential (Domestic tariffs) - Residential Type 4, 5, 6 Meters",final,sapn-tariff-price-list-2024-25-id328119
sapn,RELE2W,2023-07-01,2024-06-30,Residential Electrify Two Way,"Residential (Domestic tariffs) - Residential Type 4, 5, 6 Meters",final,sapn-tariff-price-list-2023-24-id320662
sapn,RELE2W,2024-07-01,2025-06-30,Residential Electrify Two Way,"Residential (Domestic tariffs) - Residential Type 4, 5, 6 Meters",final,sapn-tariff-price-list-2024-25-id328119
sapn,RESELE,2025-07-01,2026-06-30,Residential Electrify,,provisional,aer-consolidated-2025-26-v5
sapn,RESELE,2026-07-01,2027-06-30,Residential Electrify,Residential,final,sapn-tariff-price-list-2026-27-id338674
sapn,RESELENE,2026-07-01,2027-06-30,Residential Electrify,Residential,final,sapn-tariff-price-list-2026-27-id338674
sapn,RPRO,2023-07-01,2024-06-30,Residential Prosumer,"Residential (Domestic tariffs) - Residential Type 4, 5, 6 Meters",final,sapn-tariff-price-list-2023-24-id320662
sapn,RPRO,2024-07-01,2025-06-30,Residential Prosumer,"Residential (Domestic tariffs) - Residential Type 4, 5, 6 Meters",final,sapn-tariff-price-list-2024-25-id328119
sapn,RSR,2023-07-01,2024-06-30,Residential Single Rate (Type 6 meter),"Residential (Domestic tariffs) - Residential Type 4, 5, 6 Meters",final,sapn-tariff-price-list-2023-24-id320662
sapn,RSR,2024-07-01,2025-06-30,Residential Single Rate (Type 6 meter),"Residential (Domestic tariffs) - Residential Type 4, 5, 6 Meters",final,sapn-tariff-price-list-2024-25-id328119
sapn,RSR,2025-07-01,2026-06-30,Residential Single Rate,,provisional,aer-consolidated-2025-26-v5
sapn,RSR,2026-07-01,2027-06-30,Residential Single Rate,Residential,final,sapn-tariff-price-list-2026-27-id338674
sapn,RSRNE,2026-07-01,2027-06-30,Residential Single Rate,Residential,final,sapn-tariff-price-list-2026-27-id338674
sapn,RTOU,2023-07-01,2024-06-30,Residential Time of Use,"Residential (Domestic tariffs) - Residential Type 4, 5, 6 Meters",final,sapn-tariff-price-list-2023-24-id320662
sapn,RTOU,2024-07-01,2025-06-30,Residential Time of Use,"Residential (Domestic tariffs) - Residential Type 4, 5, 6 Meters",final,sapn-tariff-price-list-2024-25-id328119
sapn,RTOU,2025-07-01,2026-06-30,Residential Time of Use,,provisional,aer-consolidated-2025-26-v5
sapn,RTOU,2026-07-01,2027-06-30,Residential Time of Use,Residential,final,sapn-tariff-price-list-2026-27-id338674
sapn,RTOUNE,2026-07-01,2027-06-30,Residential Time of Use,Residential,final,sapn-tariff-price-list-2026-27-id338674
sapn,SBD,2023-07-01,2024-06-30,Small Business Actual Monthly Demand (transition),"Small Business <160 MWh - Small Business Interval Meters (Type 4, 5)",final,sapn-tariff-price-list-2023-24-id320662
sapn,SBD,2024-07-01,2025-06-30,Small Business Actual Monthly Demand (transition),"Small Business <160 MWh - Small Business Interval Meters (Type 4, 5)",final,sapn-tariff-price-list-2024-25-id328119
sapn,SBELE,2025-07-01,2026-06-30,Small Business Electrify,,provisional,aer-consolidated-2025-26-v5
sapn,SBELE,2026-07-01,2027-06-30,Small Business Electrify,Small & Medium Business - Small Business,final,sapn-tariff-price-list-2026-27-id338674
sapn,SBELENE,2026-07-01,2027-06-30,Small Business Electrify,Small & Medium Business - Small Business,final,sapn-tariff-price-list-2026-27-id338674
sapn,SBTOU,2023-07-01,2024-06-30,Small Business Time of Use,"Small Business <160 MWh - Small Business Interval Meters (Type 4, 5)",final,sapn-tariff-price-list-2023-24-id320662
sapn,SBTOU,2024-07-01,2025-06-30,Small Business Time of Use,"Small Business <160 MWh - Small Business Interval Meters (Type 4, 5)",final,sapn-tariff-price-list-2024-25-id328119
sapn,SBTOU,2025-07-01,2026-06-30,Small Business Time of Use,,provisional,aer-consolidated-2025-26-v5
sapn,SBTOU,2026-07-01,2027-06-30,Small Business Time of Use,Small & Medium Business - Small Business,final,sapn-tariff-price-list-2026-27-id338674
sapn,SBTOUD,2023-07-01,2024-06-30,Small Business Time of Use with Demand,"Small Business <160 MWh - Small Business Interval Meters (Type 4, 5)",final,sapn-tariff-price-list-2023-24-id320662
sapn,SBTOUD,2024-07-01,2025-06-30,Small Business Time of Use with Demand,"Small Business <160 MWh - Small Business Interval Meters (Type 4, 5)",final,sapn-tariff-price-list-2024-25-id328119
sapn,SBTOUE,2023-07-01,2024-06-30,Small Business Time of Use Electrify,"Small Business <160 MWh - Small Business Interval Meters (Type 4, 5)",final,sapn-tariff-price-list-2023-24-id320662
sapn,SBTOUE,2024-07-01,2025-06-30,Small Business Time of Use Electrify,"Small Business <160 MWh - Small Business Interval Meters (Type 4, 5)",final,sapn-tariff-price-list-2024-25-id328119
sapn,SBTOUNE,2026-07-01,2027-06-30,Small Business Time of Use,Small & Medium Business - Small Business,final,sapn-tariff-price-list-2026-27-id338674
sapn,STN,2023-07-01,2024-06-30,Sub Transmission kVA,Major Business,final,sapn-tariff-price-list-2023-24-id320662
sapn,STN,2024-07-01,2025-06-30,Sub Transmission kVA,Major Business,final,sapn-tariff-price-list-2024-25-id328119
sapn,STN018,2023-07-01,2024-06-30,Sub Transmission kVA Locational,Major Business - Site Specific Tariffs - Major Business Sub Transmission Locational,final,sapn-tariff-price-list-2023-24-id320662
sapn,STN018,2024-07-01,2025-06-30,Sub Transmission kVA Locational,Major Business - Site Specific Tariffs - Major Business Sub Transmission Locational,final,sapn-tariff-price-list-2024-25-id328119
sapn,STN018,2026-07-01,2027-06-30,Sub Transmission kVA Locational,Major Business Site Specific Tariffs - Major Business Sub Transmission Locational,final,sapn-tariff-price-list-2026-27-id338674
sapn,STN084,2023-07-01,2024-06-30,Sub Transmission kVA Locational,Major Business - Site Specific Tariffs - Major Business Sub Transmission Locational,final,sapn-tariff-price-list-2023-24-id320662
sapn,STN084,2024-07-01,2025-06-30,Sub Transmission kVA Locational,Major Business - Site Specific Tariffs - Major Business Sub Transmission Locational,final,sapn-tariff-price-list-2024-25-id328119
sapn,STN084,2026-07-01,2027-06-30,Sub Transmission kVA Locational,Major Business Site Specific Tariffs - Major Business Sub Transmission Locational,final,sapn-tariff-price-list-2026-27-id338674
sapn,STN161,2023-07-01,2024-06-30,Sub Transmission kVA Locational,Major Business - Site Specific Tariffs - Major Business Sub Transmission Locational,final,sapn-tariff-price-list-2023-24-id320662
sapn,STN161,2024-07-01,2025-06-30,Sub Transmission kVA Locational,Major Business - Site Specific Tariffs - Major Business Sub Transmission Locational,final,sapn-tariff-price-list-2024-25-id328119
sapn,STN161,2026-07-01,2027-06-30,Sub Transmission kVA Locational,Major Business Site Specific Tariffs - Major Business Sub Transmission Locational,final,sapn-tariff-price-list-2026-27-id338674
sapn,STN162,2024-07-01,2025-06-30,Sub Transmission kVA Locational,Major Business - Site Specific Tariffs - Major Business Sub Transmission Locational,final,sapn-tariff-price-list-2024-25-id328119
sapn,STN378,2023-07-01,2024-06-30,Sub Transmission kVA Locational,Major Business - Site Specific Tariffs - Major Business Sub Transmission Locational,final,sapn-tariff-price-list-2023-24-id320662
sapn,STN378,2024-07-01,2025-06-30,Sub Transmission kVA Locational,Major Business - Site Specific Tariffs - Major Business Sub Transmission Locational,final,sapn-tariff-price-list-2024-25-id328119
sapn,STN378,2026-07-01,2027-06-30,Sub Transmission kVA Locational,Major Business Site Specific Tariffs - Major Business Sub Transmission Locational,final,sapn-tariff-price-list-2026-27-id338674
sapn,STN483,2024-07-01,2025-06-30,Sub Transmission kVA Locational,Major business,provisional,aer-stakeholder-report-sapn-2024-25-updated17jul2024
sapn,STN528,2026-07-01,2027-06-30,Sub Transmission kVA Locational,Major Business Site Specific Tariffs - Major Business Sub Transmission Locational,final,sapn-tariff-price-list-2026-27-id338674
sapn,STN557,2023-07-01,2024-06-30,Sub Transmission kVA Locational,Major Business - Site Specific Tariffs - Major Business Sub Transmission Locational,final,sapn-tariff-price-list-2023-24-id320662
sapn,STN557,2024-07-01,2025-06-30,Sub Transmission kVA Locational,Major Business - Site Specific Tariffs - Major Business Sub Transmission Locational,final,sapn-tariff-price-list-2024-25-id328119
sapn,STN557,2026-07-01,2027-06-30,Sub Transmission kVA Locational,Major Business Site Specific Tariffs - Major Business Sub Transmission Locational,final,sapn-tariff-price-list-2026-27-id338674
sapn,STN609,2023-07-01,2024-06-30,Sub Transmission kVA Locational,Major Business - Site Specific Tariffs - Major Business Sub Transmission Locational,final,sapn-tariff-price-list-2023-24-id320662
sapn,STN609,2024-07-01,2025-06-30,Sub Transmission kVA Locational,Major Business - Site Specific Tariffs - Major Business Sub Transmission Locational,final,sapn-tariff-price-list-2024-25-id328119
sapn,STN609,2026-07-01,2027-06-30,Sub Transmission kVA Locational,Major Business Site Specific Tariffs - Major Business Sub Transmission Locational,final,sapn-tariff-price-list-2026-27-id338674
sapn,STN788,2023-07-01,2024-06-30,Sub Transmission kVA Locational,Major Business - Site Specific Tariffs - Major Business Sub Transmission Locational,final,sapn-tariff-price-list-2023-24-id320662
sapn,STN788,2024-07-01,2025-06-30,Sub Transmission kVA Locational,Major Business - Site Specific Tariffs - Major Business Sub Transmission Locational,final,sapn-tariff-price-list-2024-25-id328119
sapn,STN788,2026-07-01,2027-06-30,Sub Transmission kVA Locational,Major Business Site Specific Tariffs - Major Business Sub Transmission Locational,final,sapn-tariff-price-list-2026-27-id338674
sapn,STN840,2024-07-01,2025-06-30,Sub Transmission kVA Locational,Major business,provisional,aer-stakeholder-report-sapn-2024-25-updated17jul2024
sapn,STN984,2026-07-01,2027-06-30,Sub Transmission kVA Locational,Major Business Site Specific Tariffs - Major Business Sub Transmission Locational,final,sapn-tariff-price-list-2026-27-id338674
sapn,STNF,2023-07-01,2024-06-30,Sub Transmission kVA Flexible,Major Business,final,sapn-tariff-price-list-2023-24-id320662
sapn,STNF,2024-07-01,2025-06-30,Sub Transmission kVA Flexible,Major Business,final,sapn-tariff-price-list-2024-25-id328119
sapn,STNGF,2023-07-01,2024-06-30,Sub Transmission Generation Flexible,Major Business,final,sapn-tariff-price-list-2023-24-id320662
sapn,STNGF,2024-07-01,2025-06-30,Sub Transmission Generation Flexible,Major Business,final,sapn-tariff-price-list-2024-25-id328119
sapn,STR,2025-07-01,2026-06-30,Sub Transmission kVA,,provisional,aer-consolidated-2025-26-v5
sapn,STR,2026-07-01,2027-06-30,Sub Transmission kVA,Major Business,final,sapn-tariff-price-list-2026-27-id338674
sapn,STR069,2024-07-01,2025-06-30,Sub Transmission kVA non-Locational,Major Business - Site Specific Tariffs - Major Business Sub Transmission,final,sapn-tariff-price-list-2024-25-id328119
sapn,STR123,2024-07-01,2025-06-30,Sub Transmission kVA non-Locational,Major Business - Site Specific Tariffs - Major Business Sub Transmission,final,sapn-tariff-price-list-2024-25-id328119
sapn,STR148,2023-07-01,2024-06-30,Sub Transmission kVA non-Locational,Major Business - Site Specific Tariffs - Major Business Sub Transmission,final,sapn-tariff-price-list-2023-24-id320662
sapn,STR148,2024-07-01,2025-06-30,Sub Transmission kVA non-Locational,Major Business - Site Specific Tariffs - Major Business Sub Transmission,final,sapn-tariff-price-list-2024-25-id328119
sapn,STR162,2023-07-01,2024-06-30,Sub Transmission kVA non-Locational,Major Business - Site Specific Tariffs - Major Business Sub Transmission,final,sapn-tariff-price-list-2023-24-id320662
sapn,STR404,2024-07-01,2025-06-30,Sub Transmission kVA non-Locational,Major Business - Site Specific Tariffs - Major Business Sub Transmission,final,sapn-tariff-price-list-2024-25-id328119
sapn,STR483,2023-07-01,2024-06-30,Sub Transmission kVA non-Locational,Major Business - Site Specific Tariffs - Major Business Sub Transmission,final,sapn-tariff-price-list-2023-24-id320662
sapn,STR483,2024-07-01,2025-06-30,Sub Transmission kVA non-Locational,Major Business - Site Specific Tariffs - Major Business Sub Transmission,final,sapn-tariff-price-list-2024-25-id328119
sapn,STR483,2026-07-01,2027-06-30,Sub Transmission kVA non-Locational,Major Business Site Specific Tariffs - Major Business Sub Transmission,final,sapn-tariff-price-list-2026-27-id338674
sapn,STR610,2023-07-01,2024-06-30,Sub Transmission kVA non-Locational,Major Business - Site Specific Tariffs - Major Business Sub Transmission,final,sapn-tariff-price-list-2023-24-id320662
sapn,STR610,2024-07-01,2025-06-30,Sub Transmission kVA non-Locational,Major Business - Site Specific Tariffs - Major Business Sub Transmission,final,sapn-tariff-price-list-2024-25-id328119
sapn,STR610,2026-07-01,2027-06-30,Sub Transmission kVA non-Locational,Major Business Site Specific Tariffs - Major Business Sub Transmission,final,sapn-tariff-price-list-2026-27-id338674
sapn,STR749,2023-07-01,2024-06-30,Sub Transmission kVA non-Locational,Major Business - Site Specific Tariffs - Major Business Sub Transmission,final,sapn-tariff-price-list-2023-24-id320662
sapn,STR749,2024-07-01,2025-06-30,Sub Transmission kVA non-Locational,Major Business - Site Specific Tariffs - Major Business Sub Transmission,final,sapn-tariff-price-list-2024-25-id328119
sapn,STR749,2026-07-01,2027-06-30,Sub Transmission kVA non-Locational,Major Business Site Specific Tariffs - Major Business Sub Transmission,final,sapn-tariff-price-list-2026-27-id338674
sapn,STRF,2025-07-01,2026-06-30,Sub Transmission kVA Flexible,,provisional,aer-consolidated-2025-26-v5
sapn,STRF,2026-07-01,2027-06-30,Sub Transmission kVA Flexible,Major Business,final,sapn-tariff-price-list-2026-27-id338674
sapn,STRG,2025-07-01,2026-06-30,Sub Transmission Generation,,provisional,aer-consolidated-2025-26-v5
sapn,STRG,2026-07-01,2027-06-30,Sub Transmission Generation,Generation Tariffs - Major Business,final,sapn-tariff-price-list-2026-27-id338674
sapn,STRGF,2025-07-01,2026-06-30,Sub Transmission Generation Flexible,,provisional,aer-consolidated-2025-26-v5
sapn,STRGF,2026-07-01,2027-06-30,Sub Transmission Generation Flexible,Generation Tariffs - Major Business,final,sapn-tariff-price-list-2026-27-id338674
sapn,ZSN,2023-07-01,2024-06-30,Zone Substation kVA,Major Business,final,sapn-tariff-price-list-2023-24-id320662
sapn,ZSN,2024-07-01,2025-06-30,Zone Substation kVA,Major Business,final,sapn-tariff-price-list-2024-25-id328119
sapn,ZSN021,2023-07-01,2024-06-30,Zone Substation kVA Locational,Major Business - Site Specific Tariffs - Major Business Zone Substation Locational TUoS,final,sapn-tariff-price-list-2023-24-id320662
sapn,ZSN021,2024-07-01,2025-06-30,Zone Substation kVA Locational,Major Business - Site Specific Tariffs - Major Business Zone Substation Locational TUoS,final,sapn-tariff-price-list-2024-25-id328119
sapn,ZSN021,2026-07-01,2027-06-30,Zone Substation kVA Locational,Major Business Site Specific Tariffs - Major Business Zone Substation Locational TUoS,final,sapn-tariff-price-list-2026-27-id338674
sapn,ZSN024,2023-07-01,2024-06-30,Zone Substation kVA Locational,Major Business - Site Specific Tariffs - Major Business Zone Substation Locational TUoS,final,sapn-tariff-price-list-2023-24-id320662
sapn,ZSN024,2024-07-01,2025-06-30,Zone Substation kVA Locational,Major Business - Site Specific Tariffs - Major Business Zone Substation Locational TUoS,final,sapn-tariff-price-list-2024-25-id328119
sapn,ZSN024,2026-07-01,2027-06-30,Zone Substation kVA Locational,Major Business Site Specific Tariffs - Major Business Zone Substation Locational TUoS,final,sapn-tariff-price-list-2026-27-id338674
sapn,ZSN035,2024-07-01,2025-06-30,Zone Substation kVA Locational,Major business,provisional,aer-stakeholder-report-sapn-2024-25-updated17jul2024
sapn,ZSN228,2023-07-01,2024-06-30,Zone Substation kVA Locational,Major Business - Site Specific Tariffs - Major Business Zone Substation Locational TUoS,final,sapn-tariff-price-list-2023-24-id320662
sapn,ZSN228,2024-07-01,2025-06-30,Zone Substation kVA Locational,Major Business - Site Specific Tariffs - Major Business Zone Substation Locational TUoS,final,sapn-tariff-price-list-2024-25-id328119
sapn,ZSN228,2026-07-01,2027-06-30,Zone Substation kVA Locational,Major Business Site Specific Tariffs - Major Business Zone Substation Locational TUoS,final,sapn-tariff-price-list-2026-27-id338674
sapn,ZSN272,2024-07-01,2025-06-30,Zone Substation kVA Locational,Major business,provisional,aer-stakeholder-report-sapn-2024-25-updated17jul2024
sapn,ZSN273,2024-07-01,2025-06-30,Zone Substation kVA Locational,Major business,provisional,aer-stakeholder-report-sapn-2024-25-updated17jul2024
sapn,ZSN307,2024-07-01,2025-06-30,Zone Substation kVA Locational,Major business,provisional,aer-stakeholder-report-sapn-2024-25-updated17jul2024
sapn,ZSN408,2026-07-01,2027-06-30,Zone Substation kVA Locational,Major Business Site Specific Tariffs - Major Business Zone Substation Locational TUoS,final,sapn-tariff-price-list-2026-27-id338674
sapn,ZSN438,2023-07-01,2024-06-30,Zone Substation kVA Locational,Major Business - Site Specific Tariffs - Major Business Zone Substation Locational TUoS,final,sapn-tariff-price-list-2023-24-id320662
sapn,ZSN438,2024-07-01,2025-06-30,Zone Substation kVA Locational,Major Business - Site Specific Tariffs - Major Business Zone Substation Locational TUoS,final,sapn-tariff-price-list-2024-25-id328119
sapn,ZSN438,2026-07-01,2027-06-30,Zone Substation kVA Locational,Major Business Site Specific Tariffs - Major Business Zone Substation Locational TUoS,final,sapn-tariff-price-list-2026-27-id338674
sapn,ZSN608,2023-07-01,2024-06-30,Zone Substation kVA Locational,Major Business - Site Specific Tariffs - Major Business Zone Substation Locational TUoS,final,sapn-tariff-price-list-2023-24-id320662
sapn,ZSN608,2024-07-01,2025-06-30,Zone Substation kVA Locational,Major Business - Site Specific Tariffs - Major Business Zone Substation Locational TUoS,final,sapn-tariff-price-list-2024-25-id328119
sapn,ZSN608,2026-07-01,2027-06-30,Zone Substation kVA Locational,Major Business Site Specific Tariffs - Major Business Zone Substation Locational TUoS,final,sapn-tariff-price-list-2026-27-id338674
sapn,ZSN700,2024-07-01,2025-06-30,Zone Substation kVA Locational,Major Business - Site Specific Tariffs - Major Business Zone Substation Locational TUoS,final,sapn-tariff-price-list-2024-25-id328119
sapn,ZSN767,2024-07-01,2025-06-30,Zone Substation kVA Locational,Major business,provisional,aer-stakeholder-report-sapn-2024-25-updated17jul2024
sapn,ZSN951,2023-07-01,2024-06-30,Zone Substation kVA Locational,Major Business - Site Specific Tariffs - Major Business Zone Substation Locational TUoS,final,sapn-tariff-price-list-2023-24-id320662
sapn,ZSN951,2024-07-01,2025-06-30,Zone Substation kVA Locational,Major Business - Site Specific Tariffs - Major Business Zone Substation Locational TUoS,final,sapn-tariff-price-list-2024-25-id328119
sapn,ZSNF,2023-07-01,2024-06-30,Zone Substation kVA Flexible,Major Business,final,sapn-tariff-price-list-2023-24-id320662
sapn,ZSNF,2024-07-01,2025-06-30,Zone Substation kVA Flexible,Major Business,final,sapn-tariff-price-list-2024-25-id328119
sapn,ZSNGF,2023-07-01,2024-06-30,Zone Substation Generation Flexible,Major Business,final,sapn-tariff-price-list-2023-24-id320662
sapn,ZSNGF,2024-07-01,2025-06-30,Zone Substation Generation Flexible,Major Business,final,sapn-tariff-price-list-2024-25-id328119
sapn,ZSS,2025-07-01,2026-06-30,Zone Substation kVA,,provisional,aer-consolidated-2025-26-v5
sapn,ZSS,2026-07-01,2027-06-30,Zone Substation kVA,Major Business,final,sapn-tariff-price-list-2026-27-id338674
sapn,ZSS025,2023-07-01,2024-06-30,Zone Substation kVA non-Locational,Major Business - Site Specific Tariffs - Major Business Zone Substation,final,sapn-tariff-price-list-2023-24-id320662
sapn,ZSS025,2024-07-01,2025-06-30,Zone Substation kVA non-Locational,Major Business - Site Specific Tariffs - Major Business Zone Substation,final,sapn-tariff-price-list-2024-25-id328119
sapn,ZSS035,2023-07-01,2024-06-30,Zone Substation kVA non-Locational,Major Business - Site Specific Tariffs - Major Business Zone Substation,final,sapn-tariff-price-list-2023-24-id320662
sapn,ZSS035,2024-07-01,2025-06-30,Zone Substation kVA non-Locational,Major Business - Site Specific Tariffs - Major Business Zone Substation,final,sapn-tariff-price-list-2024-25-id328119
sapn,ZSS104,2023-07-01,2024-06-30,Zone Substation kVA non-Locational,Major Business - Site Specific Tariffs - Major Business Zone Substation,final,sapn-tariff-price-list-2023-24-id320662
sapn,ZSS104,2024-07-01,2025-06-30,Zone Substation kVA non-Locational,Major Business - Site Specific Tariffs - Major Business Zone Substation,final,sapn-tariff-price-list-2024-25-id328119
sapn,ZSS104,2026-07-01,2027-06-30,Zone Substation kVA non-Locational,Major Business Site Specific Tariffs - Major Business Zone Substation,final,sapn-tariff-price-list-2026-27-id338674
sapn,ZSS196,2023-07-01,2024-06-30,Zone Substation kVA non-Locational,Major Business - Site Specific Tariffs - Major Business Zone Substation,final,sapn-tariff-price-list-2023-24-id320662
sapn,ZSS196,2024-07-01,2025-06-30,Zone Substation kVA non-Locational,Major Business - Site Specific Tariffs - Major Business Zone Substation,final,sapn-tariff-price-list-2024-25-id328119
sapn,ZSS272,2023-07-01,2024-06-30,Zone Substation kVA non-Locational,Major Business - Site Specific Tariffs - Major Business Zone Substation,final,sapn-tariff-price-list-2023-24-id320662
sapn,ZSS272,2024-07-01,2025-06-30,Zone Substation kVA non-Locational,Major Business - Site Specific Tariffs - Major Business Zone Substation,final,sapn-tariff-price-list-2024-25-id328119
sapn,ZSS273,2023-07-01,2024-06-30,Zone Substation kVA non-Locational,Major Business - Site Specific Tariffs - Major Business Zone Substation,final,sapn-tariff-price-list-2023-24-id320662
sapn,ZSS273,2024-07-01,2025-06-30,Zone Substation kVA non-Locational,Major Business - Site Specific Tariffs - Major Business Zone Substation,final,sapn-tariff-price-list-2024-25-id328119
sapn,ZSS296,2023-07-01,2024-06-30,Zone Substation kVA non-Locational,Major Business - Site Specific Tariffs - Major Business Zone Substation,final,sapn-tariff-price-list-2023-24-id320662
sapn,ZSS296,2024-07-01,2025-06-30,Zone Substation kVA non-Locational,Major Business - Site Specific Tariffs - Major Business Zone Substation,final,sapn-tariff-price-list-2024-25-id328119
sapn,ZSS296,2026-07-01,2027-06-30,Zone Substation kVA non-Locational,Major Business Site Specific Tariffs - Major Business Zone Substation,final,sapn-tariff-price-list-2026-27-id338674
sapn,ZSS330,2023-07-01,2024-06-30,Zone Substation kVA non-Locational,Major Business - Site Specific Tariffs - Major Business Zone Substation,final,sapn-tariff-price-list-2023-24-id320662
sapn,ZSS330,2024-07-01,2025-06-30,Zone Substation kVA non-Locational,Major Business - Site Specific Tariffs - Major Business Zone Substation,final,sapn-tariff-price-list-2024-25-id328119
sapn,ZSS376,2023-07-01,2024-06-30,Zone Substation kVA non-Locational,Major Business - Site Specific Tariffs - Major Business Zone Substation,final,sapn-tariff-price-list-2023-24-id320662
sapn,ZSS376,2024-07-01,2025-06-30,Zone Substation kVA non-Locational,Major Business - Site Specific Tariffs - Major Business Zone Substation,final,sapn-tariff-price-list-2024-25-id328119
sapn,ZSS408,2023-07-01,2024-06-30,Zone Substation kVA non-Locational,Major Business - Site Specific Tariffs - Major Business Zone Substation,final,sapn-tariff-price-list-2023-24-id320662
sapn,ZSS408,2024-07-01,2025-06-30,Zone Substation kVA Locational,Major Business - Site Specific Tariffs - Major Business Zone Substation Locational TUoS,final,sapn-tariff-price-list-2024-25-id328119
sapn,ZSS500,2023-07-01,2024-06-30,Zone Substation kVA non-Locational,Major Business - Site Specific Tariffs - Major Business Zone Substation,final,sapn-tariff-price-list-2023-24-id320662
sapn,ZSS500,2024-07-01,2025-06-30,Zone Substation kVA non-Locational,Major Business - Site Specific Tariffs - Major Business Zone Substation,final,sapn-tariff-price-list-2024-25-id328119
sapn,ZSS550,2023-07-01,2024-06-30,Zone Substation kVA non-Locational,Major Business - Site Specific Tariffs - Major Business Zone Substation,final,sapn-tariff-price-list-2023-24-id320662
sapn,ZSS550,2024-07-01,2025-06-30,Zone Substation kVA non-Locational,Major Business - Site Specific Tariffs - Major Business Zone Substation,final,sapn-tariff-price-list-2024-25-id328119
sapn,ZSS550,2026-07-01,2027-06-30,Zone Substation kVA non-Locational,Major Business Site Specific Tariffs - Major Business Zone Substation,final,sapn-tariff-price-list-2026-27-id338674
sapn,ZSS766,2024-07-01,2025-06-30,Zone Substation kVA non-Locational,Major business,provisional,aer-stakeholder-report-sapn-2024-25-updated17jul2024
sapn,ZSS850,2023-07-01,2024-06-30,Zone Substation kVA non-Locational,Major Business - Site Specific Tariffs - Major Business Zone Substation,final,sapn-tariff-price-list-2023-24-id320662
sapn,ZSS850,2024-07-01,2025-06-30,Zone Substation kVA non-Locational,Major Business - Site Specific Tariffs - Major Business Zone Substation,final,sapn-tariff-price-list-2024-25-id328119
sapn,ZSS951,2024-07-01,2025-06-30,Zone Substation kVA Locational,Major business,provisional,aer-stakeholder-report-sapn-2024-25-updated17jul2024
sapn,ZSS951,2026-07-01,2027-06-30,Zone Substation kVA non-Locational,Major Business Site Specific Tariffs - Major Business Zone Substation,final,sapn-tariff-price-list-2026-27-id338674
sapn,ZSSF,2025-07-01,2026-06-30,Zone Substation kVA Flexible,,provisional,aer-consolidated-2025-26-v5
sapn,ZSSF,2026-07-01,2027-06-30,Zone Substation kVA Flexible,Major Business,final,sapn-tariff-price-list-2026-27-id338674
sapn,ZSSG,2025-07-01,2026-06-30,Zone Substation Generation,,provisional,aer-consolidated-2025-26-v5
sapn,ZSSG,2026-07-01,2027-06-30,Zone Substation Generation,Generation Tariffs - Major Business,final,sapn-tariff-price-list-2026-27-id338674
sapn,ZSSGF,2025-07-01,2026-06-30,Zone Substation Generation Flexible,,provisional,aer-consolidated-2025-26-v5
sapn,ZSSGF,2026-07-01,2027-06-30,Zone Substation Generation Flexible,Generation Tariffs - Major Business,final,sapn-tariff-price-list-2026-27-id338674
tasnetworks,TAS101,2023-07-01,2024-06-30,Residential low voltage pay as you go consumption,Residential,final,tasnetworks-network-tariff-pricing-schedule-scs-2023-24
tasnetworks,TAS14T1,2024-07-01,2025-06-30,Embedded Networks HV Tier 1,Large business HV,final,tasnetworks-network-tariff-pricing-schedule-scs-2024-25
tasnetworks,TAS14T1,2025-07-01,2026-06-30,Embedded Networks HV Tier 1,Large business HV,final,tasnetworks-network-tariff-pricing-schedule-scs-2025-26
tasnetworks,TAS14T1,2026-07-01,2027-06-30,Embedded Networks HV Tier 1,Large business HV,final,tasnetworks-network-pricing-schedule-2026-27
tasnetworks,TAS14T2,2024-07-01,2025-06-30,Embedded Networks HV Tier 2,Large business HV,final,tasnetworks-network-tariff-pricing-schedule-scs-2024-25
tasnetworks,TAS14T2,2025-07-01,2026-06-30,Embedded Networks HV Tier 2,Large business HV,final,tasnetworks-network-tariff-pricing-schedule-scs-2025-26
tasnetworks,TAS14T2,2026-07-01,2027-06-30,Embedded Networks HV Tier 2,Large business HV,final,tasnetworks-network-pricing-schedule-2026-27
tasnetworks,TAS15,2023-07-01,2024-06-30,Large business high voltage specified demand > 2MVA,Large business high voltage,final,tasnetworks-network-tariff-pricing-schedule-scs-2023-24
tasnetworks,TAS15,2024-07-01,2025-06-30,kVA specified demand (>2MVA),Large business HV,final,tasnetworks-network-tariff-pricing-schedule-scs-2024-25
tasnetworks,TAS15,2025-07-01,2026-06-30,kVA specified demand (>2MVA),Large business HV,final,tasnetworks-network-tariff-pricing-schedule-scs-2025-26
tasnetworks,TAS15,2026-07-01,2027-06-30,kVA specified demand (>2MVA),Large business HV,final,tasnetworks-network-pricing-schedule-2026-27
tasnetworks,TAS22,2023-07-01,2024-06-30,Small business low voltage general light and power,Small business low voltage,final,tasnetworks-network-tariff-pricing-schedule-scs-2023-24
tasnetworks,TAS22,2024-07-01,2025-06-30,General light and power,Small business LV,final,tasnetworks-network-tariff-pricing-schedule-scs-2024-25
tasnetworks,TAS22,2025-07-01,2026-06-30,General light and power,Small business LV,final,tasnetworks-network-tariff-pricing-schedule-scs-2025-26
tasnetworks,TAS22,2026-07-01,2027-06-30,General light and power,Small business LV,final,tasnetworks-network-pricing-schedule-2026-27
tasnetworks,TAS31,2023-07-01,2024-06-30,Residential low voltage general light and power,Residential,final,tasnetworks-network-tariff-pricing-schedule-scs-2023-24
tasnetworks,TAS31,2024-07-01,2025-06-30,Residential general light and power,Residential,final,tasnetworks-network-tariff-pricing-schedule-scs-2024-25
tasnetworks,TAS31,2025-07-01,2026-06-30,Residential general light and power,Residential,final,tasnetworks-network-tariff-pricing-schedule-scs-2025-26
tasnetworks,TAS31,2026-07-01,2027-06-30,Residential general light and power,Residential,final,tasnetworks-network-pricing-schedule-2026-27
tasnetworks,TAS41,2023-07-01,2024-06-30,Uncontrolled low voltage heating and hot water,Uncontrolled energy,final,tasnetworks-network-tariff-pricing-schedule-scs-2023-24
tasnetworks,TAS41,2024-07-01,2025-06-30,Uncontrolled energy low voltage heating,Residential,final,tasnetworks-network-tariff-pricing-schedule-scs-2024-25
tasnetworks,TAS41,2025-07-01,2026-06-30,Uncontrolled energy low voltage heating,Residential,final,tasnetworks-network-tariff-pricing-schedule-scs-2025-26
tasnetworks,TAS41,2026-07-01,2027-06-30,Uncontrolled energy low voltage heating,Residential,final,tasnetworks-network-pricing-schedule-2026-27
tasnetworks,TAS61,2023-07-01,2024-06-30,Controlled low voltage energy – off-peak with afternoon boost,Controlled energy,final,tasnetworks-network-tariff-pricing-schedule-scs-2023-24
tasnetworks,TAS61,2024-07-01,2025-06-30,Controlled energy off-peak with afternoon boost,Residential,final,tasnetworks-network-tariff-pricing-schedule-scs-2024-25
tasnetworks,TAS61,2025-07-01,2026-06-30,Controlled energy off-peak with afternoon boost,Residential,final,tasnetworks-network-tariff-pricing-schedule-scs-2025-26
tasnetworks,TAS61,2026-07-01,2027-06-30,Controlled energy off-peak with afternoon boost,Residential,final,tasnetworks-network-pricing-schedule-2026-27
tasnetworks,TAS63,2023-07-01,2024-06-30,Controlled low voltage energy – night period only,Controlled energy,final,tasnetworks-network-tariff-pricing-schedule-scs-2023-24
tasnetworks,TAS63,2024-07-01,2025-06-30,Controlled energy off-peak [night only],Residential,final,tasnetworks-network-tariff-pricing-schedule-scs-2024-25
tasnetworks,TAS63,2025-07-01,2026-06-30,Controlled energy off-peak [night only],Residential,final,tasnetworks-network-tariff-pricing-schedule-scs-2025-26
tasnetworks,TAS63,2026-07-01,2027-06-30,Controlled energy off-peak [night only],Residential,final,tasnetworks-network-pricing-schedule-2026-27
tasnetworks,TAS75,2023-07-01,2024-06-30,Irrigation low voltage time of use consumption,Irrigation,final,tasnetworks-network-tariff-pricing-schedule-scs-2023-24
tasnetworks,TAS75,2024-07-01,2025-06-30,Irrigation time of use consumption,Irrigation,final,tasnetworks-network-tariff-pricing-schedule-scs-2024-25
tasnetworks,TAS75,2025-07-01,2026-06-30,Irrigation time of use consumption,Irrigation,final,tasnetworks-network-tariff-pricing-schedule-scs-2025-26
tasnetworks,TAS75,2026-07-01,2027-06-30,Irrigation time of use consumption,Irrigation,final,tasnetworks-network-pricing-schedule-2026-27
tasnetworks,TAS82,2023-07-01,2024-06-30,Large business low voltage kVA demand,Large business low voltage,final,tasnetworks-network-tariff-pricing-schedule-scs-2023-24
tasnetworks,TAS82,2024-07-01,2025-06-30,Large business kVA demand,Large business LV,final,tasnetworks-network-tariff-pricing-schedule-scs-2024-25
tasnetworks,TAS82,2025-07-01,2026-06-30,Large business kVA demand,Large business LV,final,tasnetworks-network-tariff-pricing-schedule-scs-2025-26
tasnetworks,TAS82,2026-07-01,2027-06-30,Large business kVA demand,Large business LV,final,tasnetworks-network-pricing-schedule-2026-27
tasnetworks,TAS84T1,2024-07-01,2025-06-30,Embedded Networks LV Tier 1,Large business LV,final,tasnetworks-network-tariff-pricing-schedule-scs-2024-25
tasnetworks,TAS84T1,2025-07-01,2026-06-30,Embedded Networks LV Tier 1,Large business LV,final,tasnetworks-network-tariff-pricing-schedule-scs-2025-26
tasnetworks,TAS84T1,2026-07-01,2027-06-30,Embedded Networks LV Tier 1,Large business LV,final,tasnetworks-network-pricing-schedule-2026-27
tasnetworks,TAS84T2,2024-07-01,2025-06-30,Embedded Networks LV Tier 2,Large business LV,final,tasnetworks-network-tariff-pricing-schedule-scs-2024-25
tasnetworks,TAS84T2,2025-07-01,2026-06-30,Embedded Networks LV Tier 2,Large business LV,final,tasnetworks-network-tariff-pricing-schedule-scs-2025-26
tasnetworks,TAS84T2,2026-07-01,2027-06-30,Embedded Networks LV Tier 2,Large business LV,final,tasnetworks-network-pricing-schedule-2026-27
tasnetworks,TAS84T3,2024-07-01,2025-06-30,Embedded Networks LV Tier 3,Large business LV,final,tasnetworks-network-tariff-pricing-schedule-scs-2024-25
tasnetworks,TAS84T3,2025-07-01,2026-06-30,Embedded Networks LV Tier 3,Large business LV,final,tasnetworks-network-tariff-pricing-schedule-scs-2025-26
tasnetworks,TAS84T3,2026-07-01,2027-06-30,Embedded Networks LV Tier 3,Large business LV,final,tasnetworks-network-pricing-schedule-2026-27
tasnetworks,TAS84T4,2024-07-01,2025-06-30,Embedded Networks LV Tier 4,Large business LV,final,tasnetworks-network-tariff-pricing-schedule-scs-2024-25
tasnetworks,TAS84T4,2025-07-01,2026-06-30,Embedded Networks LV Tier 4,Large business LV,final,tasnetworks-network-tariff-pricing-schedule-scs-2025-26
tasnetworks,TAS84T4,2026-07-01,2027-06-30,Embedded Networks LV Tier 4,Large business LV,final,tasnetworks-network-pricing-schedule-2026-27
tasnetworks,TAS87,2023-07-01,2024-06-30,Residential low voltage time of use demand,Residential,final,tasnetworks-network-tariff-pricing-schedule-scs-2023-24
tasnetworks,TAS87,2024-07-01,2025-06-30,Residential time of use demand,Residential,final,tasnetworks-network-tariff-pricing-schedule-scs-2024-25
tasnetworks,TAS87,2025-07-01,2026-06-30,Residential time of use demand,Residential,final,tasnetworks-network-tariff-pricing-schedule-scs-2025-26
tasnetworks,TAS87,2026-07-01,2027-06-30,Residential time of use demand,Residential,final,tasnetworks-network-pricing-schedule-2026-27
tasnetworks,TAS88,2023-07-01,2024-06-30,Small business low voltage time of use demand,Small business low voltage,final,tasnetworks-network-tariff-pricing-schedule-scs-2023-24
tasnetworks,TAS88,2024-07-01,2025-06-30,Small business time of use demand,Small business LV,final,tasnetworks-network-tariff-pricing-schedule-scs-2024-25
tasnetworks,TAS88,2025-07-01,2026-06-30,Small business time of use demand,Small business LV,final,tasnetworks-network-tariff-pricing-schedule-scs-2025-26
tasnetworks,TAS88,2026-07-01,2027-06-30,Small business time of use demand,Small business LV,final,tasnetworks-network-pricing-schedule-2026-27
tasnetworks,TAS89,2023-07-01,2024-06-30,Large business low voltage time of use demand,Large business low voltage,final,tasnetworks-network-tariff-pricing-schedule-scs-2023-24
tasnetworks,TAS89,2024-07-01,2025-06-30,Large business time of use demand,Large business LV,final,tasnetworks-network-tariff-pricing-schedule-scs-2024-25
tasnetworks,TAS89,2025-07-01,2026-06-30,Large business time of use demand,Large business LV,final,tasnetworks-network-tariff-pricing-schedule-scs-2025-26
tasnetworks,TAS89,2026-07-01,2027-06-30,Large business time of use demand,Large business LV,final,tasnetworks-network-pricing-schedule-2026-27
tasnetworks,TAS92,2023-07-01,2024-06-30,Residential low voltage pay as you go time of use consumption,Residential,final,tasnetworks-network-tariff-pricing-schedule-scs-2023-24
tasnetworks,TAS93,2023-07-01,2024-06-30,Residential low voltage time of use consumption,Residential,final,tasnetworks-network-tariff-pricing-schedule-scs-2023-24
tasnetworks,TAS93,2024-07-01,2025-06-30,Residential time of use consumption,Residential,final,tasnetworks-network-tariff-pricing-schedule-scs-2024-25
tasnetworks,TAS93,2025-07-01,2026-06-30,Residential time of use consumption,Residential,final,tasnetworks-network-tariff-pricing-schedule-scs-2025-26
tasnetworks,TAS93,2026-07-01,2027-06-30,Residential time of use consumption,Residential,final,tasnetworks-network-pricing-schedule-2026-27
tasnetworks,TAS94,2023-07-01,2024-06-30,Small business low voltage time of use consumption,Small business low voltage,final,tasnetworks-network-tariff-pricing-schedule-scs-2023-24
tasnetworks,TAS94,2024-07-01,2025-06-30,Small business time of use consumption,Small business LV,final,tasnetworks-network-tariff-pricing-schedule-scs-2024-25
tasnetworks,TAS94,2025-07-01,2026-06-30,Small business time of use consumption,Small business LV,final,tasnetworks-network-tariff-pricing-schedule-scs-2025-26
tasnetworks,TAS94,2026-07-01,2027-06-30,Small business time of use consumption,Small business LV,final,tasnetworks-network-pricing-schedule-2026-27
tasnetworks,TAS97,2023-07-01,2024-06-30,Residential low voltage time of use demand DER,Residential,final,tasnetworks-network-tariff-pricing-schedule-scs-2023-24
tasnetworks,TAS97,2024-07-01,2025-06-30,Residential time of use CER,Residential,final,tasnetworks-network-tariff-pricing-schedule-scs-2024-25
tasnetworks,TAS97,2025-07-01,2026-06-30,Residential time of use CER,Residential,final,tasnetworks-network-tariff-pricing-schedule-scs-2025-26
tasnetworks,TAS97,2026-07-01,2027-06-30,Residential time of use CER,Residential,final,tasnetworks-network-pricing-schedule-2026-27
tasnetworks,TAS98,2023-07-01,2024-06-30,Small business low voltage time of use demand DER,Small business low voltage,final,tasnetworks-network-tariff-pricing-schedule-scs-2023-24
tasnetworks,TAS98,2024-07-01,2025-06-30,Small business time of use demand CER,Small business LV,final,tasnetworks-network-tariff-pricing-schedule-scs-2024-25
tasnetworks,TAS98,2025-07-01,2026-06-30,Small business time of use demand CER,Small business LV,final,tasnetworks-network-tariff-pricing-schedule-scs-2025-26
tasnetworks,TAS98,2026-07-01,2027-06-30,Small business time of use demand CER,Small business LV,final,tasnetworks-network-pricing-schedule-2026-27
tasnetworks,TASSDM,2023-07-01,2024-06-30,Large business high voltage specified demand < 2MVA,Large business high voltage,final,tasnetworks-network-tariff-pricing-schedule-scs-2023-24
tasnetworks,TASSDM,2024-07-01,2025-06-30,kVA specified demand (<2MVA),Large business HV,final,tasnetworks-network-tariff-pricing-schedule-scs-2024-25
tasnetworks,TASSDM,2025-07-01,2026-06-30,kVA specified demand (<2MVA),Large business HV,final,tasnetworks-network-tariff-pricing-schedule-scs-2025-26
tasnetworks,TASSDM,2026-07-01,2027-06-30,kVA specified demand (<2MVA),Large business HV,final,tasnetworks-network-pricing-schedule-2026-27
tasnetworks,TASUMS,2023-07-01,2024-06-30,Unmetered supply low voltage general,Unmetered supply,final,tasnetworks-network-tariff-pricing-schedule-scs-2023-24
tasnetworks,TASUMS,2024-07-01,2025-06-30,Unmetered supply general,Unmetered supplies,final,tasnetworks-network-tariff-pricing-schedule-scs-2024-25
tasnetworks,TASUMS,2025-07-01,2026-06-30,Unmetered supply general,Unmetered supplies,final,tasnetworks-network-tariff-pricing-schedule-scs-2025-26
tasnetworks,TASUMS,2026-07-01,2027-06-30,Unmetered supply general,Unmetered supplies,final,tasnetworks-network-pricing-schedule-2026-27
tasnetworks,TASUMSSL,2023-07-01,2024-06-30,Unmetered supply low voltage public lighting,Street Lighting,final,tasnetworks-network-tariff-pricing-schedule-scs-2023-24
tasnetworks,TASUMSSL,2024-07-01,2025-06-30,Unmetered supply public lighting,Street lighting,final,tasnetworks-network-tariff-pricing-schedule-scs-2024-25
tasnetworks,TASUMSSL,2025-07-01,2026-06-30,Unmetered supply public lighting,Street lighting,final,tasnetworks-network-tariff-pricing-schedule-scs-2025-26
tasnetworks,TASUMSSL,2026-07-01,2027-06-30,Unmetered supply public lighting,Street lighting,final,tasnetworks-network-pricing-schedule-2026-27
unitedenergy,EVUTOU,2026-07-01,2027-06-30,Residential kerbside EV charger,,final,ue-tariff-summary-2026-27-07may2026
unitedenergy,GT,2023-07-01,2024-06-30,Generator storage,,final,ue-pricing-proposal-2023-24-wayback
unitedenergy,HVKVATOU 1,2023-07-01,2024-06-30,High voltage KVA time of use 1,,final,ue-pricing-proposal-2023-24-wayback
unitedenergy,HVKVATOU 1,2026-07-01,2027-06-30,High voltage KVA time of use 1,,final,ue-tariff-summary-2026-27-07may2026
unitedenergy,HVKVATOU 2,2023-07-01,2024-06-30,High voltage KVA time of use 2,,final,ue-pricing-proposal-2023-24-wayback
unitedenergy,HVKVATOU 2,2026-07-01,2027-06-30,High voltage KVA time of use 2,,final,ue-tariff-summary-2026-27-07may2026
unitedenergy,HVKVATOU 3,2026-07-01,2027-06-30,High voltage KVA time of use 3,,final,ue-tariff-summary-2026-27-07may2026
unitedenergy,HVkVATOU,2024-07-01,2025-06-30,High Voltage,High voltage,provisional,aer-stakeholder-report-unitedenergy-2024-25
unitedenergy,HVkVATOU,2025-07-01,2026-06-30,High Voltage,,provisional,aer-consolidated-2025-26-v5
unitedenergy,HVkVATOU,2026-07-01,2027-06-30,High Voltage,,provisional,aer-consolidated-2026-27-v5
unitedenergy,LVDBB,2023-07-01,2024-06-30,Distributor-owned community battery,,final,ue-pricing-proposal-2023-24-wayback
unitedenergy,LVDED,2023-07-01,2024-06-30,Dedicated circuit,,final,ue-pricing-proposal-2023-24-wayback
unitedenergy,LVDED,2026-07-01,2027-06-30,Dedicated circuit,,final,ue-tariff-summary-2026-27-07may2026
unitedenergy,LVDed,2024-07-01,2025-06-30,Dedicated Circuit,Residential,provisional,aer-stakeholder-report-unitedenergy-2024-25
unitedenergy,LVDed,2025-07-01,2026-06-30,Dedicated Circuit,,provisional,aer-consolidated-2025-26-v5
unitedenergy,LVDed,2026-07-01,2027-06-30,Residential Dedicated Circuit,,provisional,aer-consolidated-2026-27-v5
unitedenergy,LVKVATOU 1,2023-07-01,2024-06-30,Low voltage large KVA time of use 1,,final,ue-pricing-proposal-2023-24-wayback
unitedenergy,LVKVATOU 1,2026-07-01,2027-06-30,Low voltage large KVA time of use 1,,final,ue-tariff-summary-2026-27-07may2026
unitedenergy,LVKVATOU 2,2023-07-01,2024-06-30,Low voltage large KVA time of use 2,,final,ue-pricing-proposal-2023-24-wayback
unitedenergy,LVKVATOU 2,2026-07-01,2027-06-30,Low voltage large KVA time of use 2,,final,ue-tariff-summary-2026-27-07may2026
unitedenergy,LVKVATOU 3,2026-07-01,2027-06-30,Low voltage large KVA time of use 3,,final,ue-tariff-summary-2026-27-07may2026
unitedenergy,LVM1R,2023-07-01,2024-06-30,Low voltage medium 1 rate,,final,ue-pricing-proposal-2023-24-wayback
unitedenergy,LVM1R,2024-07-01,2025-06-30,Small Business single rate,Small and medium business,provisional,aer-stakeholder-report-unitedenergy-2024-25
unitedenergy,LVM1R,2025-07-01,2026-06-30,Small Business single rate,,provisional,aer-consolidated-2025-26-v5
unitedenergy,LVM1R,2026-07-01,2027-06-30,Small business single rate,,final,ue-tariff-summary-2026-27-07may2026
unitedenergy,LVMKW1R,2023-07-01,2024-06-30,Low voltage medium KW 1 rate,,final,ue-pricing-proposal-2023-24-wayback
unitedenergy,LVMKW1R,2024-07-01,2025-06-30,Small Business demand,Small and medium business,provisional,aer-stakeholder-report-unitedenergy-2024-25
unitedenergy,LVMKW1R,2025-07-01,2026-06-30,Small Business demand,,provisional,aer-consolidated-2025-26-v5
unitedenergy,LVMKW1R,2026-07-01,2027-06-30,Small business demand,,final,ue-tariff-summary-2026-27-07may2026
unitedenergy,LVNDBB,2023-07-01,2024-06-30,Community battery time of use,,final,ue-pricing-proposal-2023-24-wayback
unitedenergy,LVS1R,2023-07-01,2024-06-30,Low voltage small 1 rate,,final,ue-pricing-proposal-2023-24-wayback
unitedenergy,LVS1R,2024-07-01,2025-06-30,Residential Single Rate,Residential,provisional,aer-stakeholder-report-unitedenergy-2024-25
unitedenergy,LVS1R,2025-07-01,2026-06-30,Residential Single Rate,,provisional,aer-consolidated-2025-26-v5
unitedenergy,LVS1R,2026-07-01,2027-06-30,Residential single rate,,final,ue-tariff-summary-2026-27-07may2026
unitedenergy,LVTOU,2023-07-01,2024-06-30,Small Business ToU,,final,ue-pricing-proposal-2023-24-wayback
unitedenergy,LVTOU,2024-07-01,2025-06-30,Small Business ToU,Small and medium business,provisional,aer-stakeholder-report-unitedenergy-2024-25
unitedenergy,LVTOU,2025-07-01,2026-06-30,Small Business ToU,,provisional,aer-consolidated-2025-26-v5
unitedenergy,LVTOU,2026-07-01,2027-06-30,Small business ToU,,final,ue-tariff-summary-2026-27-07may2026
unitedenergy,LVkVATOU,2024-07-01,2025-06-30,Large low voltage,Large low voltage,provisional,aer-stakeholder-report-unitedenergy-2024-25
unitedenergy,LVkVATOU,2025-07-01,2026-06-30,Large low voltage,,provisional,aer-consolidated-2025-26-v5
unitedenergy,LVkVATOU,2026-07-01,2027-06-30,Large low Voltage,,provisional,aer-consolidated-2026-27-v5
unitedenergy,RESKW1R,2023-07-01,2024-06-30,Low Voltage KW 1 rate,,final,ue-pricing-proposal-2023-24-wayback
unitedenergy,RESKW1R,2024-07-01,2025-06-30,Residential Demand,Residential,provisional,aer-stakeholder-report-unitedenergy-2024-25
unitedenergy,RESKW1R,2025-07-01,2026-06-30,Residential Demand,,provisional,aer-consolidated-2025-26-v5
unitedenergy,RESKW1R,2026-07-01,2027-06-30,Residential Demand,,provisional,aer-consolidated-2026-27-v5
unitedenergy,SUBTKVATOU,2023-07-01,2024-06-30,Subtransmission KVA time of use,,final,ue-pricing-proposal-2023-24-wayback
unitedenergy,SUBTKVATOU,2026-07-01,2027-06-30,Subtransmission KVA time of use,,final,ue-tariff-summary-2026-27-07may2026
unitedenergy,SUBTkVATOU,2024-07-01,2025-06-30,Sub-transmission,Sub-transmission,provisional,aer-stakeholder-report-unitedenergy-2024-25
unitedenergy,SUBTkVATOU,2025-07-01,2026-06-30,Sub-transmission,,provisional,aer-consolidated-2025-26-v5
unitedenergy,SUBTkVATOU,2026-07-01,2027-06-30,Subtransmission,,provisional,aer-consolidated-2026-27-v5
unitedenergy,UFL,2026-07-01,2027-06-30,Flexible large,,final,ue-tariff-summary-2026-27-07may2026
unitedenergy,UFS,2026-07-01,2027-06-30,Flexible small,,final,ue-tariff-summary-2026-27-07may2026
unitedenergy,UFTUOS,2026-07-01,2027-06-30,Flexible TUOS Pass-Through,,provisional,aer-consolidated-2026-27-v5
unitedenergy,UMBD,2026-07-01,2027-06-30,Medium business demand,,final,ue-tariff-summary-2026-27-07may2026
unitedenergy,UMBO,2026-07-01,2027-06-30,Medium business opt-out,,final,ue-tariff-summary-2026-27-07may2026
unitedenergy,UNMET,2026-07-01,2027-06-30,Type 7 or 9 metering,,final,ue-tariff-summary-2026-27-07may2026
unitedenergy,URCER,2026-07-01,2027-06-30,Residential CER,,final,ue-tariff-summary-2026-27-07may2026
unitedenergy,URDS,2023-07-01,2024-06-30,Residential daytime saver,,final,ue-pricing-proposal-2023-24-wayback
unitedenergy,URSTOU,2026-07-01,2027-06-30,Residential ToU,,final,ue-tariff-summary-2026-27-07may2026
unitedenergy,URTOU,2023-07-01,2024-06-30,Residential ToU,,final,ue-pricing-proposal-2023-24-wayback
unitedenergy,URTOU,2024-07-01,2025-06-30,Residential ToU,Residential,provisional,aer-stakeholder-report-unitedenergy-2024-25
unitedenergy,URTOU,2025-07-01,2026-06-30,Residential ToU,,provisional,aer-consolidated-2025-26-v5
unitedenergy,UnMet,2023-07-01,2024-06-30,Unmetered supplies,,final,ue-pricing-proposal-2023-24-wayback
unitedenergy,UnMet,2024-07-01,2025-06-30,Unmetered supplies,Small and medium business,provisional,aer-stakeholder-report-unitedenergy-2024-25
unitedenergy,UnMet,2025-07-01,2026-06-30,Unmetered supplies,,provisional,aer-consolidated-2025-26-v5
unitedenergy,UnMet,2026-07-01,2027-06-30,Type 7 or 9 metering,,provisional,aer-consolidated-2026-27-v5
