alias_id,tariff_id,alias_label,alias_kind,document_id,note
aer-consolidated-2025-26-v1/aer_tariff_id/TD-AGD26oth-EnrgyLght/ausgrid:EA403,ausgrid:EA403,TD-AGD26oth-EnrgyLght,aer_tariff_id,aer-consolidated-2025-26-v1,v1 row with AER ID TD-AGD26oth-EnrgyLght: code EA403 from the same ID in the approved version
aer-consolidated-2025-26-v1/aer_tariff_id/TD-AGD26oth-HVConn/ausgrid:EA370,ausgrid:EA370,TD-AGD26oth-HVConn,aer_tariff_id,aer-consolidated-2025-26-v1,v1 row with AER ID TD-AGD26oth-HVConn: code EA370 from the same ID in the approved version
aer-consolidated-2025-26-v1/aer_tariff_id/TD-AGD26oth-HVEN/ausgrid:EA365,ausgrid:EA365,TD-AGD26oth-HVEN,aer_tariff_id,aer-consolidated-2025-26-v1,v1 row with AER ID TD-AGD26oth-HVEN: code EA365 from the same ID in the approved version
aer-consolidated-2025-26-v1/aer_tariff_id/TD-AGD26oth-HVStExp/ausgrid:EA375,ausgrid:EA375,TD-AGD26oth-HVStExp,aer_tariff_id,aer-consolidated-2025-26-v1,v1 row with AER ID TD-AGD26oth-HVStExp: code EA375 from the same ID in the approved version
aer-consolidated-2025-26-v1/aer_tariff_id/TD-AGD26oth-HVStImp/ausgrid:EA374,ausgrid:EA374,TD-AGD26oth-HVStImp,aer_tariff_id,aer-consolidated-2025-26-v1,v1 row with AER ID TD-AGD26oth-HVStImp: code EA374 from the same ID in the approved version
aer-consolidated-2025-26-v1/aer_tariff_id/TD-AGD26oth-LV160-750/ausgrid:EA305,ausgrid:EA305,TD-AGD26oth-LV160-750,aer_tariff_id,aer-consolidated-2025-26-v1,v1 row with AER ID TD-AGD26oth-LV160-750: code EA305 from the same ID in the approved version
aer-consolidated-2025-26-v1/aer_tariff_id/TD-AGD26oth-LV160-750emb/ausgrid:EA314,ausgrid:EA314,TD-AGD26oth-LV160-750emb,aer_tariff_id,aer-consolidated-2025-26-v1,v1 row with AER ID TD-AGD26oth-LV160-750emb: code EA314 from the same ID in the approved version
aer-consolidated-2025-26-v1/aer_tariff_id/TD-AGD26oth-LV60-160/ausgrid:EA302,ausgrid:EA302,TD-AGD26oth-LV60-160,aer_tariff_id,aer-consolidated-2025-26-v1,v1 row with AER ID TD-AGD26oth-LV60-160: code EA302 from the same ID in the approved version
aer-consolidated-2025-26-v1/aer_tariff_id/TD-AGD26oth-LV>750/ausgrid:EA310,ausgrid:EA310,TD-AGD26oth-LV>750,aer_tariff_id,aer-consolidated-2025-26-v1,v1 row with AER ID TD-AGD26oth-LV>750: code EA310 from the same ID in the approved version
aer-consolidated-2025-26-v1/aer_tariff_id/TD-AGD26oth-LV>750emb/ausgrid:EA315,ausgrid:EA315,TD-AGD26oth-LV>750emb,aer_tariff_id,aer-consolidated-2025-26-v1,v1 row with AER ID TD-AGD26oth-LV>750emb: code EA315 from the same ID in the approved version
aer-consolidated-2025-26-v1/aer_tariff_id/TD-AGD26oth-LVStExp/ausgrid:EA335,ausgrid:EA335,TD-AGD26oth-LVStExp,aer_tariff_id,aer-consolidated-2025-26-v1,v1 row with AER ID TD-AGD26oth-LVStExp: code EA335 from the same ID in the approved version
aer-consolidated-2025-26-v1/aer_tariff_id/TD-AGD26oth-LVStImp/ausgrid:EA334,ausgrid:EA334,TD-AGD26oth-LVStImp,aer_tariff_id,aer-consolidated-2025-26-v1,v1 row with AER ID TD-AGD26oth-LVStImp: code EA334 from the same ID in the approved version
aer-consolidated-2025-26-v1/aer_tariff_id/TD-AGD26oth-PL/ausgrid:EA401,ausgrid:EA401,TD-AGD26oth-PL,aer_tariff_id,aer-consolidated-2025-26-v1,v1 row with AER ID TD-AGD26oth-PL: code EA401 from the same ID in the approved version
aer-consolidated-2025-26-v1/aer_tariff_id/TD-AGD26oth-SCexp/ausgrid:EA029,ausgrid:EA029,TD-AGD26oth-SCexp,aer_tariff_id,aer-consolidated-2025-26-v1,v1 row with AER ID TD-AGD26oth-SCexp: code EA029 from the same ID in the approved version
aer-consolidated-2025-26-v1/aer_tariff_id/TD-AGD26oth-STConn/ausgrid:EA390,ausgrid:EA390,TD-AGD26oth-STConn,aer_tariff_id,aer-consolidated-2025-26-v1,v1 row with AER ID TD-AGD26oth-STConn: code EA390 from the same ID in the approved version
aer-consolidated-2025-26-v1/aer_tariff_id/TD-AGD26oth-STExp/ausgrid:EA395,ausgrid:EA395,TD-AGD26oth-STExp,aer_tariff_id,aer-consolidated-2025-26-v1,v1 row with AER ID TD-AGD26oth-STExp: code EA395 from the same ID in the approved version
aer-consolidated-2025-26-v1/aer_tariff_id/TD-AGD26oth-STImp/ausgrid:EA394,ausgrid:EA394,TD-AGD26oth-STImp,aer_tariff_id,aer-consolidated-2025-26-v1,v1 row with AER ID TD-AGD26oth-STImp: code EA394 from the same ID in the approved version
aer-consolidated-2025-26-v1/aer_tariff_id/TD-AGD26oth-TransConn/ausgrid:EA501,ausgrid:EA501,TD-AGD26oth-TransConn,aer_tariff_id,aer-consolidated-2025-26-v1,v1 row with AER ID TD-AGD26oth-TransConn: code EA501 from the same ID in the approved version
aer-consolidated-2025-26-v1/aer_tariff_id/TD-AGD26oth-Unmtrd/ausgrid:EA402,ausgrid:EA402,TD-AGD26oth-Unmtrd,aer_tariff_id,aer-consolidated-2025-26-v1,v1 row with AER ID TD-AGD26oth-Unmtrd: code EA402 from the same ID in the approved version
aer-consolidated-2025-26-v1/aer_tariff_id/TD-AGD26res-CL1/ausgrid:EA030,ausgrid:EA030,TD-AGD26res-CL1,aer_tariff_id,aer-consolidated-2025-26-v1,v1 row with AER ID TD-AGD26res-CL1: code EA030 from the same ID in the approved version
aer-consolidated-2025-26-v1/aer_tariff_id/TD-AGD26res-CL2/ausgrid:EA040,ausgrid:EA040,TD-AGD26res-CL2,aer_tariff_id,aer-consolidated-2025-26-v1,v1 row with AER ID TD-AGD26res-CL2: code EA040 from the same ID in the approved version
aer-consolidated-2025-26-v1/aer_tariff_id/TD-AGD26res-Dmd/ausgrid:EA116,ausgrid:EA116,TD-AGD26res-Dmd,aer_tariff_id,aer-consolidated-2025-26-v1,v1 row with AER ID TD-AGD26res-Dmd: code EA116 from the same ID in the approved version
aer-consolidated-2025-26-v1/aer_tariff_id/TD-AGD26res-Dmdtemp/ausgrid:EA111,ausgrid:EA111,TD-AGD26res-Dmdtemp,aer_tariff_id,aer-consolidated-2025-26-v1,v1 row with AER ID TD-AGD26res-Dmdtemp: code EA111 from the same ID in the approved version
aer-consolidated-2025-26-v1/aer_tariff_id/TD-AGD26res-Flat/ausgrid:EA010,ausgrid:EA010,TD-AGD26res-Flat,aer_tariff_id,aer-consolidated-2025-26-v1,v1 row with AER ID TD-AGD26res-Flat: code EA010 from the same ID in the approved version
aer-consolidated-2025-26-v1/aer_tariff_id/TD-AGD26res-TOU/ausgrid:EA025,ausgrid:EA025,TD-AGD26res-TOU,aer_tariff_id,aer-consolidated-2025-26-v1,v1 row with AER ID TD-AGD26res-TOU: code EA025 from the same ID in the approved version
aer-consolidated-2025-26-v1/aer_tariff_id/TD-AGD26smb-Dmd/ausgrid:EA256,ausgrid:EA256,TD-AGD26smb-Dmd,aer_tariff_id,aer-consolidated-2025-26-v1,v1 row with AER ID TD-AGD26smb-Dmd: code EA256 from the same ID in the approved version
aer-consolidated-2025-26-v1/aer_tariff_id/TD-AGD26smb-Dmdtemp/ausgrid:EA251,ausgrid:EA251,TD-AGD26smb-Dmdtemp,aer_tariff_id,aer-consolidated-2025-26-v1,v1 row with AER ID TD-AGD26smb-Dmdtemp: code EA251 from the same ID in the approved version
aer-consolidated-2025-26-v1/aer_tariff_id/TD-AGD26smb-Flat/ausgrid:EA050,ausgrid:EA050,TD-AGD26smb-Flat,aer_tariff_id,aer-consolidated-2025-26-v1,v1 row with AER ID TD-AGD26smb-Flat: code EA050 from the same ID in the approved version
aer-consolidated-2025-26-v1/aer_tariff_id/TD-AGD26smb-TOU/ausgrid:EA225,ausgrid:EA225,TD-AGD26smb-TOU,aer_tariff_id,aer-consolidated-2025-26-v1,v1 row with AER ID TD-AGD26smb-TOU: code EA225 from the same ID in the approved version
aer-consolidated-2025-26-v1/aer_tariff_id/TD-ANS26oth-Dmd/ausnet:NASN19,ausnet:NASN19,TD-ANS26oth-Dmd,aer_tariff_id,aer-consolidated-2025-26-v1,v1 row with AER ID TD-ANS26oth-Dmd: code NASN19 from the same ID in the approved version
aer-consolidated-2025-26-v1/aer_tariff_id/TD-ANS26oth-DmdCritPk/ausnet:NSP56,ausnet:NSP56,TD-ANS26oth-DmdCritPk,aer_tariff_id,aer-consolidated-2025-26-v1,v1 row with AER ID TD-ANS26oth-DmdCritPk: code NSP56 from the same ID in the approved version
aer-consolidated-2025-26-v1/aer_tariff_id/TD-ANS26oth-DmdCritPk2000-4000/ausnet:NSP77,ausnet:NSP77,TD-ANS26oth-DmdCritPk2000-4000,aer_tariff_id,aer-consolidated-2025-26-v1,v1 row with AER ID TD-ANS26oth-DmdCritPk2000-4000: code NSP77 from the same ID in the approved version
aer-consolidated-2025-26-v1/aer_tariff_id/TD-ANS26oth-DmdCritPk400-750/ausnet:NSP75,ausnet:NSP75,TD-ANS26oth-DmdCritPk400-750,aer_tariff_id,aer-consolidated-2025-26-v1,v1 row with AER ID TD-ANS26oth-DmdCritPk400-750: code NSP75 from the same ID in the approved version
aer-consolidated-2025-26-v1/aer_tariff_id/TD-ANS26oth-DmdCritPk750-2000/ausnet:NSP76,ausnet:NSP76,TD-ANS26oth-DmdCritPk750-2000,aer_tariff_id,aer-consolidated-2025-26-v1,v1 row with AER ID TD-ANS26oth-DmdCritPk750-2000: code NSP76 from the same ID in the approved version
aer-consolidated-2025-26-v1/aer_tariff_id/TD-ANS26oth-DmdCritPk>4000/ausnet:NSP78,ausnet:NSP78,TD-ANS26oth-DmdCritPk>4000,aer_tariff_id,aer-consolidated-2025-26-v1,v1 row with AER ID TD-ANS26oth-DmdCritPk>4000: code NSP78 from the same ID in the approved version
aer-consolidated-2025-26-v1/aer_tariff_id/TD-ANS26oth-DmdCritPkEN/ausnet:NEN56,ausnet:NEN56,TD-ANS26oth-DmdCritPkEN,aer_tariff_id,aer-consolidated-2025-26-v1,v1 row with AER ID TD-ANS26oth-DmdCritPkEN: code NEN56 from the same ID in the approved version
aer-consolidated-2025-26-v1/aer_tariff_id/TD-ANS26oth-DmdCritPkHV/ausnet:NSP81,ausnet:NSP81,TD-ANS26oth-DmdCritPkHV,aer_tariff_id,aer-consolidated-2025-26-v1,v1 row with AER ID TD-ANS26oth-DmdCritPkHV: code NSP81 from the same ID in the approved version
aer-consolidated-2025-26-v1/aer_tariff_id/TD-ANS26oth-DmdCritPkHVLow/ausnet:NSP83,ausnet:NSP83,TD-ANS26oth-DmdCritPkHVLow,aer_tariff_id,aer-consolidated-2025-26-v1,v1 row with AER ID TD-ANS26oth-DmdCritPkHVLow: code NSP83 from the same ID in the approved version
aer-consolidated-2025-26-v1/aer_tariff_id/TD-ANS26oth-DmdFiT/ausnet:NASN2S,ausnet:NASN2S,TD-ANS26oth-DmdFiT,aer_tariff_id,aer-consolidated-2025-26-v1,v1 row with AER ID TD-ANS26oth-DmdFiT: code NASN2S from the same ID in the approved version
aer-consolidated-2025-26-v1/aer_tariff_id/TD-ANS26oth-DmdPFiT/ausnet:NASN2P,ausnet:NASN2P,TD-ANS26oth-DmdPFiT,aer_tariff_id,aer-consolidated-2025-26-v1,v1 row with AER ID TD-ANS26oth-DmdPFiT: code NASN2P from the same ID in the approved version
aer-consolidated-2025-26-v1/aer_tariff_id/TD-ANS26oth-DmdTOU/ausnet:NASN21,ausnet:NASN21,TD-ANS26oth-DmdTOU,aer_tariff_id,aer-consolidated-2025-26-v1,v1 row with AER ID TD-ANS26oth-DmdTOU: code NASN21 from the same ID in the approved version
aer-consolidated-2025-26-v1/aer_tariff_id/TD-ANS26oth-Flat/ausnet:NEE40,ausnet:NEE40,TD-ANS26oth-Flat,aer_tariff_id,aer-consolidated-2025-26-v1,v1 row with AER ID TD-ANS26oth-Flat: code NEE40 from the same ID in the approved version
aer-consolidated-2025-26-v1/aer_tariff_id/TD-ANS26oth-FlatCL1/ausnet:NEE41,ausnet:NEE41,TD-ANS26oth-FlatCL1,aer_tariff_id,aer-consolidated-2025-26-v1,v1 row with AER ID TD-ANS26oth-FlatCL1: code NEE41 from the same ID in the approved version
aer-consolidated-2025-26-v1/aer_tariff_id/TD-ANS26oth-FlatCL2/ausnet:NEE42,ausnet:NEE42,TD-ANS26oth-FlatCL2,aer_tariff_id,aer-consolidated-2025-26-v1,v1 row with AER ID TD-ANS26oth-FlatCL2: code NEE42 from the same ID in the approved version
aer-consolidated-2025-26-v1/aer_tariff_id/TD-ANS26oth-FlatCL3/ausnet:NEE43,ausnet:NEE43,TD-ANS26oth-FlatCL3,aer_tariff_id,aer-consolidated-2025-26-v1,v1 row with AER ID TD-ANS26oth-FlatCL3: code NEE43 from the same ID in the approved version
aer-consolidated-2025-26-v1/aer_tariff_id/TD-ANS26oth-Snwflds/ausnet:NEE55,ausnet:NEE55,TD-ANS26oth-Snwflds,aer_tariff_id,aer-consolidated-2025-26-v1,v1 row with AER ID TD-ANS26oth-Snwflds: code NEE55 from the same ID in the approved version
aer-consolidated-2025-26-v1/aer_tariff_id/TD-ANS26oth-SnwfldsInt/ausnet:NSP55,ausnet:NSP55,TD-ANS26oth-SnwfldsInt,aer_tariff_id,aer-consolidated-2025-26-v1,v1 row with AER ID TD-ANS26oth-SnwfldsInt: code NSP55 from the same ID in the approved version
aer-consolidated-2025-26-v1/aer_tariff_id/TD-ANS26oth-TOU/ausnet:NEE51,ausnet:NEE51,TD-ANS26oth-TOU,aer_tariff_id,aer-consolidated-2025-26-v1,v1 row with AER ID TD-ANS26oth-TOU: code NEE51 from the same ID in the approved version
aer-consolidated-2025-26-v1/aer_tariff_id/TD-ANS26oth-TOU7day/ausnet:NEE60,ausnet:NEE60,TD-ANS26oth-TOU7day,aer_tariff_id,aer-consolidated-2025-26-v1,v1 row with AER ID TD-ANS26oth-TOU7day: code NEE60 from the same ID in the approved version
aer-consolidated-2025-26-v1/aer_tariff_id/TD-ANS26oth-TOULge/ausnet:NEE74,ausnet:NEE74,TD-ANS26oth-TOULge,aer_tariff_id,aer-consolidated-2025-26-v1,v1 row with AER ID TD-ANS26oth-TOULge: code NEE74 from the same ID in the approved version
aer-consolidated-2025-26-v1/aer_tariff_id/TD-ANS26oth-Unmtrd/ausnet:NEE52,ausnet:NEE52,TD-ANS26oth-Unmtrd,aer_tariff_id,aer-consolidated-2025-26-v1,v1 row with AER ID TD-ANS26oth-Unmtrd: code NEE52 from the same ID in the approved version
aer-consolidated-2025-26-v1/aer_tariff_id/TD-ANS26res-CL1/ausnet:NEE30,ausnet:NEE30,TD-ANS26res-CL1,aer_tariff_id,aer-consolidated-2025-26-v1,v1 row with AER ID TD-ANS26res-CL1: code NEE30 from the same ID in the approved version
aer-consolidated-2025-26-v1/aer_tariff_id/TD-ANS26res-CL2/ausnet:NEE31,ausnet:NEE31,TD-ANS26res-CL2,aer_tariff_id,aer-consolidated-2025-26-v1,v1 row with AER ID TD-ANS26res-CL2: code NEE31 from the same ID in the approved version
aer-consolidated-2025-26-v1/aer_tariff_id/TD-ANS26res-CL3/ausnet:NEE32,ausnet:NEE32,TD-ANS26res-CL3,aer_tariff_id,aer-consolidated-2025-26-v1,v1 row with AER ID TD-ANS26res-CL3: code NEE32 from the same ID in the approved version
aer-consolidated-2025-26-v1/aer_tariff_id/TD-ANS26res-Dmd/ausnet:NASN11,ausnet:NASN11,TD-ANS26res-Dmd,aer_tariff_id,aer-consolidated-2025-26-v1,v1 row with AER ID TD-ANS26res-Dmd: code NASN11 from the same ID in the approved version
aer-consolidated-2025-26-v1/aer_tariff_id/TD-ANS26res-DmdFiT/ausnet:NASN11S,ausnet:NASN11S,TD-ANS26res-DmdFiT,aer_tariff_id,aer-consolidated-2025-26-v1,v1 row with AER ID TD-ANS26res-DmdFiT: code NASN11S from the same ID in the approved version
aer-consolidated-2025-26-v1/aer_tariff_id/TD-ANS26res-DmdPFiT/ausnet:NASN11P,ausnet:NASN11P,TD-ANS26res-DmdPFiT,aer_tariff_id,aer-consolidated-2025-26-v1,v1 row with AER ID TD-ANS26res-DmdPFiT: code NASN11P from the same ID in the approved version
aer-consolidated-2025-26-v1/aer_tariff_id/TD-ANS26res-Flat/ausnet:NEE11,ausnet:NEE11,TD-ANS26res-Flat,aer_tariff_id,aer-consolidated-2025-26-v1,v1 row with AER ID TD-ANS26res-Flat: code NEE11 from the same ID in the approved version
aer-consolidated-2025-26-v1/aer_tariff_id/TD-ANS26res-FlatCL1/ausnet:NEE13,ausnet:NEE13,TD-ANS26res-FlatCL1,aer_tariff_id,aer-consolidated-2025-26-v1,v1 row with AER ID TD-ANS26res-FlatCL1: code NEE13 from the same ID in the approved version
aer-consolidated-2025-26-v1/aer_tariff_id/TD-ANS26res-FlatCL2/ausnet:NEE14,ausnet:NEE14,TD-ANS26res-FlatCL2,aer_tariff_id,aer-consolidated-2025-26-v1,v1 row with AER ID TD-ANS26res-FlatCL2: code NEE14 from the same ID in the approved version
aer-consolidated-2025-26-v1/aer_tariff_id/TD-ANS26res-FlatCL3/ausnet:NEE15,ausnet:NEE15,TD-ANS26res-FlatCL3,aer_tariff_id,aer-consolidated-2025-26-v1,v1 row with AER ID TD-ANS26res-FlatCL3: code NEE15 from the same ID in the approved version
aer-consolidated-2025-26-v1/aer_tariff_id/TD-ANS26res-FlatEN/ausnet:NEN11,ausnet:NEN11,TD-ANS26res-FlatEN,aer_tariff_id,aer-consolidated-2025-26-v1,v1 row with AER ID TD-ANS26res-FlatEN: code NEN11 from the same ID in the approved version
aer-consolidated-2025-26-v1/aer_tariff_id/TD-ANS26res-FlatFiT/ausnet:NEE11S,ausnet:NEE11S,TD-ANS26res-FlatFiT,aer_tariff_id,aer-consolidated-2025-26-v1,v1 row with AER ID TD-ANS26res-FlatFiT: code NEE11S from the same ID in the approved version
aer-consolidated-2025-26-v1/aer_tariff_id/TD-ANS26res-FlatPFiT/ausnet:NEE11P,ausnet:NEE11P,TD-ANS26res-FlatPFiT,aer_tariff_id,aer-consolidated-2025-26-v1,v1 row with AER ID TD-ANS26res-FlatPFiT: code NEE11P from the same ID in the approved version
aer-consolidated-2025-26-v1/aer_tariff_id/TD-ANS26res-TOU/ausnet:NAST11,ausnet:NAST11,TD-ANS26res-TOU,aer_tariff_id,aer-consolidated-2025-26-v1,v1 row with AER ID TD-ANS26res-TOU: code NAST11 from the same ID in the approved version
aer-consolidated-2025-26-v1/aer_tariff_id/TD-ANS26res-TOU8to8/ausnet:NEE24,ausnet:NEE24,TD-ANS26res-TOU8to8,aer_tariff_id,aer-consolidated-2025-26-v1,v1 row with AER ID TD-ANS26res-TOU8to8: code NEE24 from the same ID in the approved version
aer-consolidated-2025-26-v1/aer_tariff_id/TD-ANS26res-TOUCL1/ausnet:NAST13,ausnet:NAST13,TD-ANS26res-TOUCL1,aer_tariff_id,aer-consolidated-2025-26-v1,v1 row with AER ID TD-ANS26res-TOUCL1: code NAST13 from the same ID in the approved version
aer-consolidated-2025-26-v1/aer_tariff_id/TD-ANS26res-TOUCL2/ausnet:NAST14,ausnet:NAST14,TD-ANS26res-TOUCL2,aer_tariff_id,aer-consolidated-2025-26-v1,v1 row with AER ID TD-ANS26res-TOUCL2: code NAST14 from the same ID in the approved version
aer-consolidated-2025-26-v1/aer_tariff_id/TD-ANS26res-TOUCL3/ausnet:NAST15,ausnet:NAST15,TD-ANS26res-TOUCL3,aer_tariff_id,aer-consolidated-2025-26-v1,v1 row with AER ID TD-ANS26res-TOUCL3: code NAST15 from the same ID in the approved version
aer-consolidated-2025-26-v1/aer_tariff_id/TD-ANS26res-TOUEN/ausnet:NEN20,ausnet:NEN20,TD-ANS26res-TOUEN,aer_tariff_id,aer-consolidated-2025-26-v1,v1 row with AER ID TD-ANS26res-TOUEN: code NEN20 from the same ID in the approved version
aer-consolidated-2025-26-v1/aer_tariff_id/TD-ANS26res-TOUFiT/ausnet:NAST11S,ausnet:NAST11S,TD-ANS26res-TOUFiT,aer_tariff_id,aer-consolidated-2025-26-v1,v1 row with AER ID TD-ANS26res-TOUFiT: code NAST11S from the same ID in the approved version
aer-consolidated-2025-26-v1/aer_tariff_id/TD-ANS26res-TOUInt/ausnet:NSP20,ausnet:NSP20,TD-ANS26res-TOUInt,aer_tariff_id,aer-consolidated-2025-26-v1,v1 row with AER ID TD-ANS26res-TOUInt: code NSP20 from the same ID in the approved version
aer-consolidated-2025-26-v1/aer_tariff_id/TD-ANS26res-TOUPFiT/ausnet:NAST11P,ausnet:NAST11P,TD-ANS26res-TOUPFiT,aer_tariff_id,aer-consolidated-2025-26-v1,v1 row with AER ID TD-ANS26res-TOUPFiT: code NAST11P from the same ID in the approved version
aer-consolidated-2025-26-v1/aer_tariff_id/TD-ANS26res-TOUSolFiT/ausnet:NSP23,ausnet:NSP23,TD-ANS26res-TOUSolFiT,aer_tariff_id,aer-consolidated-2025-26-v1,v1 row with AER ID TD-ANS26res-TOUSolFiT: code NSP23 from the same ID in the approved version
aer-consolidated-2025-26-v1/aer_tariff_id/TD-ANS26res-TOUSolPFiT/ausnet:SSP23,ausnet:SSP23,TD-ANS26res-TOUSolPFiT,aer_tariff_id,aer-consolidated-2025-26-v1,v1 row with AER ID TD-ANS26res-TOUSolPFiT: code SSP23 from the same ID in the approved version
aer-consolidated-2025-26-v1/aer_tariff_id/TD-ANS26smb-Dmd/ausnet:NASN12,ausnet:NASN12,TD-ANS26smb-Dmd,aer_tariff_id,aer-consolidated-2025-26-v1,v1 row with AER ID TD-ANS26smb-Dmd: code NASN12 from the same ID in the approved version
aer-consolidated-2025-26-v1/aer_tariff_id/TD-ANS26smb-DmdFiT/ausnet:NASN12S,ausnet:NASN12S,TD-ANS26smb-DmdFiT,aer_tariff_id,aer-consolidated-2025-26-v1,v1 row with AER ID TD-ANS26smb-DmdFiT: code NASN12S from the same ID in the approved version
aer-consolidated-2025-26-v1/aer_tariff_id/TD-ANS26smb-DmdPFiT/ausnet:NASN12P,ausnet:NASN12P,TD-ANS26smb-DmdPFiT,aer_tariff_id,aer-consolidated-2025-26-v1,v1 row with AER ID TD-ANS26smb-DmdPFiT: code NASN12P from the same ID in the approved version
aer-consolidated-2025-26-v1/aer_tariff_id/TD-ANS26smb-Flat/ausnet:NEE12,ausnet:NEE12,TD-ANS26smb-Flat,aer_tariff_id,aer-consolidated-2025-26-v1,v1 row with AER ID TD-ANS26smb-Flat: code NEE12 from the same ID in the approved version
aer-consolidated-2025-26-v1/aer_tariff_id/TD-ANS26smb-FlatCL1/ausnet:NEE16,ausnet:NEE16,TD-ANS26smb-FlatCL1,aer_tariff_id,aer-consolidated-2025-26-v1,v1 row with AER ID TD-ANS26smb-FlatCL1: code NEE16 from the same ID in the approved version
aer-consolidated-2025-26-v1/aer_tariff_id/TD-ANS26smb-FlatCL2/ausnet:NEE17,ausnet:NEE17,TD-ANS26smb-FlatCL2,aer_tariff_id,aer-consolidated-2025-26-v1,v1 row with AER ID TD-ANS26smb-FlatCL2: code NEE17 from the same ID in the approved version
aer-consolidated-2025-26-v1/aer_tariff_id/TD-ANS26smb-FlatCL3/ausnet:NEE18,ausnet:NEE18,TD-ANS26smb-FlatCL3,aer_tariff_id,aer-consolidated-2025-26-v1,v1 row with AER ID TD-ANS26smb-FlatCL3: code NEE18 from the same ID in the approved version
aer-consolidated-2025-26-v1/aer_tariff_id/TD-ANS26smb-FlatEN/ausnet:NEN12,ausnet:NEN12,TD-ANS26smb-FlatEN,aer_tariff_id,aer-consolidated-2025-26-v1,v1 row with AER ID TD-ANS26smb-FlatEN: code NEN12 from the same ID in the approved version
aer-consolidated-2025-26-v1/aer_tariff_id/TD-ANS26smb-FlatFiT/ausnet:NEE12S,ausnet:NEE12S,TD-ANS26smb-FlatFiT,aer_tariff_id,aer-consolidated-2025-26-v1,v1 row with AER ID TD-ANS26smb-FlatFiT: code NEE12S from the same ID in the approved version
aer-consolidated-2025-26-v1/aer_tariff_id/TD-ANS26smb-FlatPFiT/ausnet:NEE12P,ausnet:NEE12P,TD-ANS26smb-FlatPFiT,aer_tariff_id,aer-consolidated-2025-26-v1,v1 row with AER ID TD-ANS26smb-FlatPFiT: code NEE12P from the same ID in the approved version
aer-consolidated-2025-26-v1/aer_tariff_id/TD-ANS26smb-TOU/ausnet:NAST12,ausnet:NAST12,TD-ANS26smb-TOU,aer_tariff_id,aer-consolidated-2025-26-v1,v1 row with AER ID TD-ANS26smb-TOU: code NAST12 from the same ID in the approved version
aer-consolidated-2025-26-v1/aer_tariff_id/TD-ANS26smb-TOUEN/ausnet:NEN21,ausnet:NEN21,TD-ANS26smb-TOUEN,aer_tariff_id,aer-consolidated-2025-26-v1,v1 row with AER ID TD-ANS26smb-TOUEN: code NEN21 from the same ID in the approved version
aer-consolidated-2025-26-v1/aer_tariff_id/TD-ANS26smb-TOUFiT/ausnet:NAST12S,ausnet:NAST12S,TD-ANS26smb-TOUFiT,aer_tariff_id,aer-consolidated-2025-26-v1,v1 row with AER ID TD-ANS26smb-TOUFiT: code NAST12S from the same ID in the approved version
aer-consolidated-2025-26-v1/aer_tariff_id/TD-ANS26smb-TOUInt/ausnet:NSP21,ausnet:NSP21,TD-ANS26smb-TOUInt,aer_tariff_id,aer-consolidated-2025-26-v1,v1 row with AER ID TD-ANS26smb-TOUInt: code NSP21 from the same ID in the approved version
aer-consolidated-2025-26-v1/aer_tariff_id/TD-ANS26smb-TOUIntLow/ausnet:NSP27,ausnet:NSP27,TD-ANS26smb-TOUIntLow,aer_tariff_id,aer-consolidated-2025-26-v1,v1 row with AER ID TD-ANS26smb-TOUIntLow: code NSP27 from the same ID in the approved version
aer-consolidated-2025-26-v1/aer_tariff_id/TD-ANS26smb-TOUPFiT/ausnet:NAST12P,ausnet:NAST12P,TD-ANS26smb-TOUPFiT,aer_tariff_id,aer-consolidated-2025-26-v1,v1 row with AER ID TD-ANS26smb-TOUPFiT: code NAST12P from the same ID in the approved version
aer-consolidated-2025-26-v1/aer_tariff_id/TD-ANS26smb-TOUSolFiT/ausnet:SSP27,ausnet:SSP27,TD-ANS26smb-TOUSolFiT,aer_tariff_id,aer-consolidated-2025-26-v1,v1 row with AER ID TD-ANS26smb-TOUSolFiT: code SSP27 from the same ID in the approved version
aer-consolidated-2025-26-v1/aer_tariff_id/TD-ANS26smb-TOUSolPFiT/ausnet:SSP21,ausnet:SSP21,TD-ANS26smb-TOUSolPFiT,aer_tariff_id,aer-consolidated-2025-26-v1,v1 row with AER ID TD-ANS26smb-TOUSolPFiT: code SSP21 from the same ID in the approved version
aer-consolidated-2025-26-v1/aer_tariff_id/TD-CPR26oth-ST/citipower:CST2,citipower:CST2,TD-CPR26oth-ST,aer_tariff_id,aer-consolidated-2025-26-v1,v1 row with AER ID TD-CPR26oth-ST: code CST2 from the same ID in the approved version
aer-consolidated-2025-26-v1/aer_tariff_id/TD-CPR26res-CL/citipower:CDS,citipower:CDS,TD-CPR26res-CL,aer_tariff_id,aer-consolidated-2025-26-v1,v1 row with AER ID TD-CPR26res-CL: code CDS from the same ID in the approved version
aer-consolidated-2025-26-v1/aer_tariff_id/TD-CPR26res-Dmd/citipower:CR,citipower:CR,TD-CPR26res-Dmd,aer_tariff_id,aer-consolidated-2025-26-v1,v1 row with AER ID TD-CPR26res-Dmd: code CR from the same ID in the approved version
aer-consolidated-2025-26-v1/aer_tariff_id/TD-CPR26res-Flat/citipower:C1R,citipower:C1R,TD-CPR26res-Flat,aer_tariff_id,aer-consolidated-2025-26-v1,v1 row with AER ID TD-CPR26res-Flat: code C1R from the same ID in the approved version
aer-consolidated-2025-26-v1/aer_tariff_id/TD-CPR26res-TOU/citipower:CRTOU,citipower:CRTOU,TD-CPR26res-TOU,aer_tariff_id,aer-consolidated-2025-26-v1,v1 row with AER ID TD-CPR26res-TOU: code CRTOU from the same ID in the approved version
aer-consolidated-2025-26-v1/aer_tariff_id/TD-CPR26smb-Dmd/citipower:CG,citipower:CG,TD-CPR26smb-Dmd,aer_tariff_id,aer-consolidated-2025-26-v1,v1 row with AER ID TD-CPR26smb-Dmd: code CG from the same ID in the approved version
aer-consolidated-2025-26-v1/aer_tariff_id/TD-CPR26smb-DmdMed/citipower:CMG,citipower:CMG,TD-CPR26smb-DmdMed,aer_tariff_id,aer-consolidated-2025-26-v1,v1 row with AER ID TD-CPR26smb-DmdMed: code CMG from the same ID in the approved version
aer-consolidated-2025-26-v1/aer_tariff_id/TD-CPR26smb-Flat/citipower:C1G,citipower:C1G,TD-CPR26smb-Flat,aer_tariff_id,aer-consolidated-2025-26-v1,v1 row with AER ID TD-CPR26smb-Flat: code C1G from the same ID in the approved version
aer-consolidated-2025-26-v1/aer_tariff_id/TD-CPR26smb-TOU/citipower:CGTOU,citipower:CGTOU,TD-CPR26smb-TOU,aer_tariff_id,aer-consolidated-2025-26-v1,v1 row with AER ID TD-CPR26smb-TOU: code CGTOU from the same ID in the approved version
aer-consolidated-2025-26-v1/aer_tariff_id/TD-CPR26smb-TOUMed/citipower:CMGO21,citipower:CMGO21,TD-CPR26smb-TOUMed,aer_tariff_id,aer-consolidated-2025-26-v1,v1 row with AER ID TD-CPR26smb-TOUMed: code CMGO21 from the same ID in the approved version
aer-consolidated-2025-26-v1/aer_tariff_id/TD-CPR26smb-Unmtrd/citipower:C2U,citipower:C2U,TD-CPR26smb-Unmtrd,aer_tariff_id,aer-consolidated-2025-26-v1,v1 row with AER ID TD-CPR26smb-Unmtrd: code C2U from the same ID in the approved version
aer-consolidated-2025-26-v1/aer_tariff_id/TD-END26oth-DmdEN/endeavour:N20,endeavour:N20,TD-END26oth-DmdEN,aer_tariff_id,aer-consolidated-2025-26-v1,v1 row with AER ID TD-END26oth-DmdEN: code N20 from the same ID in the approved version
aer-consolidated-2025-26-v1/aer_tariff_id/TD-END26oth-DmdHV/endeavour:N29,endeavour:N29,TD-END26oth-DmdHV,aer_tariff_id,aer-consolidated-2025-26-v1,v1 row with AER ID TD-END26oth-DmdHV: code N29 from the same ID in the approved version
aer-consolidated-2025-26-v1/aer_tariff_id/TD-END26oth-DmdLV/endeavour:N19,endeavour:N19,TD-END26oth-DmdLV,aer_tariff_id,aer-consolidated-2025-26-v1,v1 row with AER ID TD-END26oth-DmdLV: code N19 from the same ID in the approved version
aer-consolidated-2025-26-v1/aer_tariff_id/TD-END26oth-DmdST/endeavour:N39,endeavour:N39,TD-END26oth-DmdST,aer_tariff_id,aer-consolidated-2025-26-v1,v1 row with AER ID TD-END26oth-DmdST: code N39 from the same ID in the approved version
aer-consolidated-2025-26-v1/aer_tariff_id/TD-END26oth-NghtWtch/endeavour:NW,endeavour:NW,TD-END26oth-NghtWtch,aer_tariff_id,aer-consolidated-2025-26-v1,v1 row with AER ID TD-END26oth-NghtWtch: code NW from the same ID in the approved version
aer-consolidated-2025-26-v1/aer_tariff_id/TD-END26oth-PL/endeavour:SL,endeavour:SL,TD-END26oth-PL,aer_tariff_id,aer-consolidated-2025-26-v1,v1 row with AER ID TD-END26oth-PL: code SL from the same ID in the approved version
aer-consolidated-2025-26-v1/aer_tariff_id/TD-END26oth-Prosmr/endeavour:N61,endeavour:N61,TD-END26oth-Prosmr,aer_tariff_id,aer-consolidated-2025-26-v1,v1 row with AER ID TD-END26oth-Prosmr: that ID is absent from the approved version; matched by the unique tariff name 'Prosumer' (code N61)
aer-consolidated-2025-26-v1/aer_tariff_id/TD-END26oth-Strg/endeavour:N95,endeavour:N95,TD-END26oth-Strg,aer_tariff_id,aer-consolidated-2025-26-v1,v1 row with AER ID TD-END26oth-Strg: that ID is absent from the approved version; matched by the unique tariff name 'Storage' (code N95)
aer-consolidated-2025-26-v1/aer_tariff_id/TD-END26oth-TOU/endeavour:N89,endeavour:N89,TD-END26oth-TOU,aer_tariff_id,aer-consolidated-2025-26-v1,v1 row with AER ID TD-END26oth-TOU: code N89 from the same ID in the approved version
aer-consolidated-2025-26-v1/aer_tariff_id/TD-END26oth-TrfLghts/endeavour:TL,endeavour:TL,TD-END26oth-TrfLghts,aer_tariff_id,aer-consolidated-2025-26-v1,v1 row with AER ID TD-END26oth-TrfLghts: code TL from the same ID in the approved version
aer-consolidated-2025-26-v1/aer_tariff_id/TD-END26oth-Unmtrd/endeavour:N99,endeavour:N99,TD-END26oth-Unmtrd,aer_tariff_id,aer-consolidated-2025-26-v1,v1 row with AER ID TD-END26oth-Unmtrd: code N99 from the same ID in the approved version
aer-consolidated-2025-26-v1/aer_tariff_id/TD-END26res-CL1/endeavour:N50,endeavour:N50,TD-END26res-CL1,aer_tariff_id,aer-consolidated-2025-26-v1,v1 row with AER ID TD-END26res-CL1: code N50 from the same ID in the approved version
aer-consolidated-2025-26-v1/aer_tariff_id/TD-END26res-CL2/endeavour:N54,endeavour:N54,TD-END26res-CL2,aer_tariff_id,aer-consolidated-2025-26-v1,v1 row with AER ID TD-END26res-CL2: code N54 from the same ID in the approved version
aer-consolidated-2025-26-v1/aer_tariff_id/TD-END26res-Dmd/endeavour:N72,endeavour:N72,TD-END26res-Dmd,aer_tariff_id,aer-consolidated-2025-26-v1,v1 row with AER ID TD-END26res-Dmd: code N72 from the same ID in the approved version
aer-consolidated-2025-26-v1/aer_tariff_id/TD-END26res-DmdTrans/endeavour:N73,endeavour:N73,TD-END26res-DmdTrans,aer_tariff_id,aer-consolidated-2025-26-v1,v1 row with AER ID TD-END26res-DmdTrans: code N73 from the same ID in the approved version
aer-consolidated-2025-26-v1/aer_tariff_id/TD-END26res-Flat/endeavour:N70,endeavour:N70,TD-END26res-Flat,aer_tariff_id,aer-consolidated-2025-26-v1,v1 row with AER ID TD-END26res-Flat: code N70 from the same ID in the approved version
aer-consolidated-2025-26-v1/aer_tariff_id/TD-END26res-TOU/endeavour:N71,endeavour:N71,TD-END26res-TOU,aer_tariff_id,aer-consolidated-2025-26-v1,v1 row with AER ID TD-END26res-TOU: code N71 from the same ID in the approved version
aer-consolidated-2025-26-v1/aer_tariff_id/TD-END26smb-Block/endeavour:N90,endeavour:N90,TD-END26smb-Block,aer_tariff_id,aer-consolidated-2025-26-v1,v1 row with AER ID TD-END26smb-Block: code N90 from the same ID in the approved version
aer-consolidated-2025-26-v1/aer_tariff_id/TD-END26smb-Dmd/endeavour:N92,endeavour:N92,TD-END26smb-Dmd,aer_tariff_id,aer-consolidated-2025-26-v1,v1 row with AER ID TD-END26smb-Dmd: code N92 from the same ID in the approved version
aer-consolidated-2025-26-v1/aer_tariff_id/TD-END26smb-DmdTrans/endeavour:N93,endeavour:N93,TD-END26smb-DmdTrans,aer_tariff_id,aer-consolidated-2025-26-v1,v1 row with AER ID TD-END26smb-DmdTrans: code N93 from the same ID in the approved version
aer-consolidated-2025-26-v1/aer_tariff_id/TD-END26smb-TOU/endeavour:N91,endeavour:N91,TD-END26smb-TOU,aer_tariff_id,aer-consolidated-2025-26-v1,v1 row with AER ID TD-END26smb-TOU: code N91 from the same ID in the approved version
aer-consolidated-2025-26-v1/aer_tariff_id/TD-ESS26oth-DmdAveHV/essential:BHNS1AO,essential:BHNS1AO,TD-ESS26oth-DmdAveHV,aer_tariff_id,aer-consolidated-2025-26-v1,v1 row with AER ID TD-ESS26oth-DmdAveHV: code BHNS1AO from the same ID in the approved version
aer-consolidated-2025-26-v1/aer_tariff_id/TD-ESS26oth-DmdAveLV/essential:BLNS1AO,essential:BLNS1AO,TD-ESS26oth-DmdAveLV,aer_tariff_id,aer-consolidated-2025-26-v1,v1 row with AER ID TD-ESS26oth-DmdAveLV: code BLNS1AO from the same ID in the approved version
aer-consolidated-2025-26-v1/aer_tariff_id/TD-ESS26oth-DmdHV/essential:BHND3AO,essential:BHND3AO,TD-ESS26oth-DmdHV,aer_tariff_id,aer-consolidated-2025-26-v1,v1 row with AER ID TD-ESS26oth-DmdHV: code BHND3AO from the same ID in the approved version
aer-consolidated-2025-26-v1/aer_tariff_id/TD-ESS26oth-DmdLV/essential:BLND3AO,essential:BLND3AO,TD-ESS26oth-DmdLV,aer_tariff_id,aer-consolidated-2025-26-v1,v1 row with AER ID TD-ESS26oth-DmdLV: code BLND3AO from the same ID in the approved version
aer-consolidated-2025-26-v1/aer_tariff_id/TD-ESS26oth-DmdLV2/essential:BLND3TO,essential:BLND3TO,TD-ESS26oth-DmdLV2,aer_tariff_id,aer-consolidated-2025-26-v1,v1 row with AER ID TD-ESS26oth-DmdLV2: code BLND3TO from the same ID in the approved version
aer-consolidated-2025-26-v1/aer_tariff_id/TD-ESS26oth-DmdST/essential:BSSD3AO,essential:BSSD3AO,TD-ESS26oth-DmdST,aer_tariff_id,aer-consolidated-2025-26-v1,v1 row with AER ID TD-ESS26oth-DmdST: code BSSD3AO from the same ID in the approved version
aer-consolidated-2025-26-v1/aer_tariff_id/TD-ESS26oth-DmdTransLV/essential:BLNDTRS,essential:BLNDTRS,TD-ESS26oth-DmdTransLV,aer_tariff_id,aer-consolidated-2025-26-v1,v1 row with AER ID TD-ESS26oth-DmdTransLV: code BLNDTRS from the same ID in the approved version
aer-consolidated-2025-26-v1/aer_tariff_id/TD-ESS26oth-PL/essential:BLNP1AO,essential:BLNP1AO,TD-ESS26oth-PL,aer_tariff_id,aer-consolidated-2025-26-v1,v1 row with AER ID TD-ESS26oth-PL: code BLNP1AO from the same ID in the approved version
aer-consolidated-2025-26-v1/aer_tariff_id/TD-ESS26oth-Strg/essential:BLND4SB,essential:BLND4SB,TD-ESS26oth-Strg,aer_tariff_id,aer-consolidated-2025-26-v1,v1 row with AER ID TD-ESS26oth-Strg: code BLND4SB from the same ID in the approved version
aer-consolidated-2025-26-v1/aer_tariff_id/TD-ESS26oth-StrgHV/essential:BHND4LS,essential:BHND4LS,TD-ESS26oth-StrgHV,aer_tariff_id,aer-consolidated-2025-26-v1,v1 row with AER ID TD-ESS26oth-StrgHV: code BHND4LS from the same ID in the approved version
aer-consolidated-2025-26-v1/aer_tariff_id/TD-ESS26oth-StrgLV/essential:BLND4LS,essential:BLND4LS,TD-ESS26oth-StrgLV,aer_tariff_id,aer-consolidated-2025-26-v1,v1 row with AER ID TD-ESS26oth-StrgLV: code BLND4LS from the same ID in the approved version
aer-consolidated-2025-26-v1/aer_tariff_id/TD-ESS26oth-TOUPL/essential:BLNP3AO,essential:BLNP3AO,TD-ESS26oth-TOUPL,aer_tariff_id,aer-consolidated-2025-26-v1,v1 row with AER ID TD-ESS26oth-TOUPL: code BLNP3AO from the same ID in the approved version
aer-consolidated-2025-26-v1/aer_tariff_id/TD-ESS26res-CL1/essential:BLNC1AU,essential:BLNC1AU,TD-ESS26res-CL1,aer_tariff_id,aer-consolidated-2025-26-v1,v1 row with AER ID TD-ESS26res-CL1: code BLNC1AU from the same ID in the approved version
aer-consolidated-2025-26-v1/aer_tariff_id/TD-ESS26res-CL2/essential:BLNC2AU,essential:BLNC2AU,TD-ESS26res-CL2,aer_tariff_id,aer-consolidated-2025-26-v1,v1 row with AER ID TD-ESS26res-CL2: code BLNC2AU from the same ID in the approved version
aer-consolidated-2025-26-v1/aer_tariff_id/TD-ESS26res-Dmd/essential:BLND1AR,essential:BLND1AR,TD-ESS26res-Dmd,aer_tariff_id,aer-consolidated-2025-26-v1,v1 row with AER ID TD-ESS26res-Dmd: code BLND1AR from the same ID in the approved version
aer-consolidated-2025-26-v1/aer_tariff_id/TD-ESS26res-Flat/essential:BLNN2AU,essential:BLNN2AU,TD-ESS26res-Flat,aer_tariff_id,aer-consolidated-2025-26-v1,v1 row with AER ID TD-ESS26res-Flat: code BLNN2AU from the same ID in the approved version
aer-consolidated-2025-26-v1/aer_tariff_id/TD-ESS26res-SunSoak/essential:BLNRSS2,essential:BLNRSS2,TD-ESS26res-SunSoak,aer_tariff_id,aer-consolidated-2025-26-v1,v1 row with AER ID TD-ESS26res-SunSoak: code BLNRSS2 from the same ID in the approved version
aer-consolidated-2025-26-v1/aer_tariff_id/TD-ESS26res-TOU/essential:BLNT3AU,essential:BLNT3AU,TD-ESS26res-TOU,aer_tariff_id,aer-consolidated-2025-26-v1,v1 row with AER ID TD-ESS26res-TOU: code BLNT3AU from the same ID in the approved version
aer-consolidated-2025-26-v1/aer_tariff_id/TD-ESS26res-TOUInt/essential:BLNT3AL,essential:BLNT3AL,TD-ESS26res-TOUInt,aer_tariff_id,aer-consolidated-2025-26-v1,v1 row with AER ID TD-ESS26res-TOUInt: code BLNT3AL from the same ID in the approved version
aer-consolidated-2025-26-v1/aer_tariff_id/TD-ESS26smb-Dmd/essential:BLND1AB,essential:BLND1AB,TD-ESS26smb-Dmd,aer_tariff_id,aer-consolidated-2025-26-v1,v1 row with AER ID TD-ESS26smb-Dmd: code BLND1AB from the same ID in the approved version
aer-consolidated-2025-26-v1/aer_tariff_id/TD-ESS26smb-Flat/essential:BLNN1AU,essential:BLNN1AU,TD-ESS26smb-Flat,aer_tariff_id,aer-consolidated-2025-26-v1,v1 row with AER ID TD-ESS26smb-Flat: code BLNN1AU from the same ID in the approved version
aer-consolidated-2025-26-v1/aer_tariff_id/TD-ESS26smb-SunSoak/essential:BLNBSS1,essential:BLNBSS1,TD-ESS26smb-SunSoak,aer_tariff_id,aer-consolidated-2025-26-v1,v1 row with AER ID TD-ESS26smb-SunSoak: code BLNBSS1 from the same ID in the approved version
aer-consolidated-2025-26-v1/aer_tariff_id/TD-ESS26smb-TOU/essential:BLNT2AU,essential:BLNT2AU,TD-ESS26smb-TOU,aer_tariff_id,aer-consolidated-2025-26-v1,v1 row with AER ID TD-ESS26smb-TOU: code BLNT2AU from the same ID in the approved version
aer-consolidated-2025-26-v1/aer_tariff_id/TD-ESS26smb-TOU2/essential:BLNT1AO,essential:BLNT1AO,TD-ESS26smb-TOU2,aer_tariff_id,aer-consolidated-2025-26-v1,v1 row with AER ID TD-ESS26smb-TOU2: code BLNT1AO from the same ID in the approved version
aer-consolidated-2025-26-v1/aer_tariff_id/TD-ESS26smb-TOUInt/essential:BLNT2AL,essential:BLNT2AL,TD-ESS26smb-TOUInt,aer_tariff_id,aer-consolidated-2025-26-v1,v1 row with AER ID TD-ESS26smb-TOUInt: code BLNT2AL from the same ID in the approved version
aer-consolidated-2025-26-v1/aer_tariff_id/TD-EVO26oth-BattComm/evoenergy:109,evoenergy:109,TD-EVO26oth-BattComm,aer_tariff_id,aer-consolidated-2025-26-v1,v1 row with AER ID TD-EVO26oth-BattComm: code 109 from the same ID in the approved version
aer-consolidated-2025-26-v1/aer_tariff_id/TD-EVO26oth-BattCommHV/evoenergy:124,evoenergy:124,TD-EVO26oth-BattCommHV,aer_tariff_id,aer-consolidated-2025-26-v1,v1 row with AER ID TD-EVO26oth-BattCommHV: code 124 from the same ID in the approved version
aer-consolidated-2025-26-v1/aer_tariff_id/TD-EVO26oth-BattRes/evoenergy:108,evoenergy:108,TD-EVO26oth-BattRes,aer_tariff_id,aer-consolidated-2025-26-v1,v1 row with AER ID TD-EVO26oth-BattRes: code 108 from the same ID in the approved version
aer-consolidated-2025-26-v1/aer_tariff_id/TD-EVO26oth-BattResHV/evoenergy:123,evoenergy:123,TD-EVO26oth-BattResHV,aer_tariff_id,aer-consolidated-2025-26-v1,v1 row with AER ID TD-EVO26oth-BattResHV: code 123 from the same ID in the approved version
aer-consolidated-2025-26-v1/aer_tariff_id/TD-EVO26oth-DmdHVCommHV/evoenergy:122,evoenergy:122,TD-EVO26oth-DmdHVCommHV,aer_tariff_id,aer-consolidated-2025-26-v1,v1 row with AER ID TD-EVO26oth-DmdHVCommHV: code 122 from the same ID in the approved version
aer-consolidated-2025-26-v1/aer_tariff_id/TD-EVO26oth-DmdHVCommLV/evoenergy:121,evoenergy:121,TD-EVO26oth-DmdHVCommLV,aer_tariff_id,aer-consolidated-2025-26-v1,v1 row with AER ID TD-EVO26oth-DmdHVCommLV: code 121 from the same ID in the approved version
aer-consolidated-2025-26-v1/aer_tariff_id/TD-EVO26oth-PL/evoenergy:080,evoenergy:080,TD-EVO26oth-PL,aer_tariff_id,aer-consolidated-2025-26-v1,v1 row with AER ID TD-EVO26oth-PL: code 080 from the same ID in the approved version
aer-consolidated-2025-26-v1/aer_tariff_id/TD-EVO26oth-Unmtrd/evoenergy:135,evoenergy:135,TD-EVO26oth-Unmtrd,aer_tariff_id,aer-consolidated-2025-26-v1,v1 row with AER ID TD-EVO26oth-Unmtrd: code 135 from the same ID in the approved version
aer-consolidated-2025-26-v1/aer_tariff_id/TD-EVO26res-CL1/evoenergy:060,evoenergy:060,TD-EVO26res-CL1,aer_tariff_id,aer-consolidated-2025-26-v1,v1 row with AER ID TD-EVO26res-CL1: code 060 from the same ID in the approved version
aer-consolidated-2025-26-v1/aer_tariff_id/TD-EVO26res-CL2/evoenergy:070,evoenergy:070,TD-EVO26res-CL2,aer_tariff_id,aer-consolidated-2025-26-v1,v1 row with AER ID TD-EVO26res-CL2: code 070 from the same ID in the approved version
aer-consolidated-2025-26-v1/aer_tariff_id/TD-JEN26oth-HV/jemena:A400,jemena:A400,TD-JEN26oth-HV,aer_tariff_id,aer-consolidated-2025-26-v1,v1 row with AER ID TD-JEN26oth-HV: code A400 from the same ID in the approved version
aer-consolidated-2025-26-v1/aer_tariff_id/TD-JEN26oth-HVEN/jemena:A40C,jemena:A40C,TD-JEN26oth-HVEN,aer_tariff_id,aer-consolidated-2025-26-v1,v1 row with AER ID TD-JEN26oth-HVEN: code A40C from the same ID in the approved version
aer-consolidated-2025-26-v1/aer_tariff_id/TD-JEN26oth-LV<0.8/jemena:A300,jemena:A300,TD-JEN26oth-LV<0.8,aer_tariff_id,aer-consolidated-2025-26-v1,v1 row with AER ID TD-JEN26oth-LV<0.8: code A300 from the same ID in the approved version
aer-consolidated-2025-26-v1/aer_tariff_id/TD-JEN26oth-LV<2.2/jemena:A320,jemena:A320,TD-JEN26oth-LV<2.2,aer_tariff_id,aer-consolidated-2025-26-v1,v1 row with AER ID TD-JEN26oth-LV<2.2: code A320 from the same ID in the approved version
aer-consolidated-2025-26-v1/aer_tariff_id/TD-JEN26oth-LV<6.0/jemena:A340,jemena:A340,TD-JEN26oth-LV<6.0,aer_tariff_id,aer-consolidated-2025-26-v1,v1 row with AER ID TD-JEN26oth-LV<6.0: code A340 from the same ID in the approved version
aer-consolidated-2025-26-v1/aer_tariff_id/TD-JEN26oth-LV>6.0/jemena:A370,jemena:A370,TD-JEN26oth-LV>6.0,aer_tariff_id,aer-consolidated-2025-26-v1,v1 row with AER ID TD-JEN26oth-LV>6.0: code A370 from the same ID in the approved version
aer-consolidated-2025-26-v1/aer_tariff_id/TD-JEN26oth-LVCR<0.8/jemena:A30C,jemena:A30C,TD-JEN26oth-LVCR<0.8,aer_tariff_id,aer-consolidated-2025-26-v1,v1 row with AER ID TD-JEN26oth-LVCR<0.8: code A30C from the same ID in the approved version
aer-consolidated-2025-26-v1/aer_tariff_id/TD-JEN26oth-LVCR<2.2/jemena:A32C,jemena:A32C,TD-JEN26oth-LVCR<2.2,aer_tariff_id,aer-consolidated-2025-26-v1,v1 row with AER ID TD-JEN26oth-LVCR<2.2: code A32C from the same ID in the approved version
aer-consolidated-2025-26-v1/aer_tariff_id/TD-JEN26oth-LVCR<6.0/jemena:A34C,jemena:A34C,TD-JEN26oth-LVCR<6.0,aer_tariff_id,aer-consolidated-2025-26-v1,v1 row with AER ID TD-JEN26oth-LVCR<6.0: code A34C from the same ID in the approved version
aer-consolidated-2025-26-v1/aer_tariff_id/TD-JEN26oth-LVCR>6.0/jemena:A37T,jemena:A37T,TD-JEN26oth-LVCR>6.0,aer_tariff_id,aer-consolidated-2025-26-v1,v1 row with AER ID TD-JEN26oth-LVCR>6.0: code A37T from the same ID in the approved version
aer-consolidated-2025-26-v1/aer_tariff_id/TD-JEN26oth-LVEN<0.8/jemena:A30E,jemena:A30E,TD-JEN26oth-LVEN<0.8,aer_tariff_id,aer-consolidated-2025-26-v1,v1 row with AER ID TD-JEN26oth-LVEN<0.8: code A30E from the same ID in the approved version
aer-consolidated-2025-26-v1/aer_tariff_id/TD-JEN26oth-LVEN<2.2/jemena:A32E,jemena:A32E,TD-JEN26oth-LVEN<2.2,aer_tariff_id,aer-consolidated-2025-26-v1,v1 row with AER ID TD-JEN26oth-LVEN<2.2: code A32E from the same ID in the approved version
aer-consolidated-2025-26-v1/aer_tariff_id/TD-JEN26oth-LVMS>6.0/jemena:A37M,jemena:A37M,TD-JEN26oth-LVMS>6.0,aer_tariff_id,aer-consolidated-2025-26-v1,v1 row with AER ID TD-JEN26oth-LVMS>6.0: code A37M from the same ID in the approved version
aer-consolidated-2025-26-v1/aer_tariff_id/TD-JEN26res-CL/jemena:A180,jemena:A180,TD-JEN26res-CL,aer_tariff_id,aer-consolidated-2025-26-v1,v1 row with AER ID TD-JEN26res-CL: code A180 from the same ID in the approved version
aer-consolidated-2025-26-v1/aer_tariff_id/TD-JEN26res-Dmd/jemena:A10D,jemena:A10D,TD-JEN26res-Dmd,aer_tariff_id,aer-consolidated-2025-26-v1,v1 row with AER ID TD-JEN26res-Dmd: code A10D from the same ID in the approved version
aer-consolidated-2025-26-v1/aer_tariff_id/TD-JEN26res-Flat/jemena:A100,jemena:A100,TD-JEN26res-Flat,aer_tariff_id,aer-consolidated-2025-26-v1,v1 row with AER ID TD-JEN26res-Flat: code A100 from the same ID in the approved version
aer-consolidated-2025-26-v1/aer_tariff_id/TD-JEN26res-TOU/jemena:A120,jemena:A120,TD-JEN26res-TOU,aer_tariff_id,aer-consolidated-2025-26-v1,v1 row with AER ID TD-JEN26res-TOU: code A120 from the same ID in the approved version
aer-consolidated-2025-26-v1/aer_tariff_id/TD-JEN26smb-Dmd/jemena:A20D,jemena:A20D,TD-JEN26smb-Dmd,aer_tariff_id,aer-consolidated-2025-26-v1,v1 row with AER ID TD-JEN26smb-Dmd: code A20D from the same ID in the approved version
aer-consolidated-2025-26-v1/aer_tariff_id/TD-JEN26smb-Flat/jemena:A200,jemena:A200,TD-JEN26smb-Flat,aer_tariff_id,aer-consolidated-2025-26-v1,v1 row with AER ID TD-JEN26smb-Flat: code A200 from the same ID in the approved version
aer-consolidated-2025-26-v1/aer_tariff_id/TD-JEN26smb-TOU/jemena:A23N,jemena:A23N,TD-JEN26smb-TOU,aer_tariff_id,aer-consolidated-2025-26-v1,v1 row with AER ID TD-JEN26smb-TOU: code A23N from the same ID in the approved version
aer-consolidated-2025-26-v1/aer_tariff_id/TD-JEN26smb-TOUDmd/jemena:A270,jemena:A270,TD-JEN26smb-TOUDmd,aer_tariff_id,aer-consolidated-2025-26-v1,v1 row with AER ID TD-JEN26smb-TOUDmd: code A270 from the same ID in the approved version
aer-consolidated-2025-26-v1/aer_tariff_id/TD-JEN26smb-TOUWk/jemena:A210,jemena:A210,TD-JEN26smb-TOUWk,aer_tariff_id,aer-consolidated-2025-26-v1,v1 row with AER ID TD-JEN26smb-TOUWk: code A210 from the same ID in the approved version
aer-consolidated-2025-26-v1/aer_tariff_id/TD-JEN26smb-TOUWkDmd/jemena:A230,jemena:A230,TD-JEN26smb-TOUWkDmd,aer_tariff_id,aer-consolidated-2025-26-v1,v1 row with AER ID TD-JEN26smb-TOUWkDmd: code A230 from the same ID in the approved version
aer-consolidated-2025-26-v1/aer_tariff_id/TD-JEN26smb-Unmtrd/jemena:A290,jemena:A290,TD-JEN26smb-Unmtrd,aer_tariff_id,aer-consolidated-2025-26-v1,v1 row with AER ID TD-JEN26smb-Unmtrd: code A290 from the same ID in the approved version
aer-consolidated-2025-26-v1/aer_tariff_id/TD-PCR26oth-DmdMed/powercor:NDM,powercor:NDM,TD-PCR26oth-DmdMed,aer_tariff_id,aer-consolidated-2025-26-v1,v1 row with AER ID TD-PCR26oth-DmdMed: code NDM from the same ID in the approved version
aer-consolidated-2025-26-v1/aer_tariff_id/TD-PCR26oth-TOUMed/powercor:NDMO,powercor:NDMO,TD-PCR26oth-TOUMed,aer_tariff_id,aer-consolidated-2025-26-v1,v1 row with AER ID TD-PCR26oth-TOUMed: code NDMO from the same ID in the approved version
aer-consolidated-2025-26-v1/aer_tariff_id/TD-PCR26res-CL/powercor:DD1,powercor:DD1,TD-PCR26res-CL,aer_tariff_id,aer-consolidated-2025-26-v1,v1 row with AER ID TD-PCR26res-CL: code DD1 from the same ID in the approved version
aer-consolidated-2025-26-v1/aer_tariff_id/TD-PCR26res-Dmd/powercor:DD,powercor:DD,TD-PCR26res-Dmd,aer_tariff_id,aer-consolidated-2025-26-v1,v1 row with AER ID TD-PCR26res-Dmd: code DD from the same ID in the approved version
aer-consolidated-2025-26-v1/aer_tariff_id/TD-PCR26res-Flat/powercor:D1,powercor:D1,TD-PCR26res-Flat,aer_tariff_id,aer-consolidated-2025-26-v1,v1 row with AER ID TD-PCR26res-Flat: code D1 from the same ID in the approved version
aer-consolidated-2025-26-v1/aer_tariff_id/TD-PCR26res-TOU/powercor:PRTOU,powercor:PRTOU,TD-PCR26res-TOU,aer_tariff_id,aer-consolidated-2025-26-v1,v1 row with AER ID TD-PCR26res-TOU: code PRTOU from the same ID in the approved version
aer-consolidated-2025-26-v1/aer_tariff_id/TD-PCR26smb-Dmd/powercor:NDD,powercor:NDD,TD-PCR26smb-Dmd,aer_tariff_id,aer-consolidated-2025-26-v1,v1 row with AER ID TD-PCR26smb-Dmd: code NDD from the same ID in the approved version
aer-consolidated-2025-26-v1/aer_tariff_id/TD-PCR26smb-Flat/powercor:ND1,powercor:ND1,TD-PCR26smb-Flat,aer_tariff_id,aer-consolidated-2025-26-v1,v1 row with AER ID TD-PCR26smb-Flat: code ND1 from the same ID in the approved version
aer-consolidated-2025-26-v1/aer_tariff_id/TD-PCR26smb-TOU/powercor:NDTOU,powercor:NDTOU,TD-PCR26smb-TOU,aer_tariff_id,aer-consolidated-2025-26-v1,v1 row with AER ID TD-PCR26smb-TOU: code NDTOU from the same ID in the approved version
aer-consolidated-2025-26-v1/aer_tariff_id/TD-PCR26smb-Unmtrd/powercor:PL2,powercor:PL2,TD-PCR26smb-Unmtrd,aer_tariff_id,aer-consolidated-2025-26-v1,v1 row with AER ID TD-PCR26smb-Unmtrd: code PL2 from the same ID in the approved version
aer-consolidated-2025-26-v1/aer_tariff_id/TD-PWC26oth-DmdHV/powerwater:TARIFF6,powerwater:TARIFF6,TD-PWC26oth-DmdHV,aer_tariff_id,aer-consolidated-2025-26-v1,v1 row with AER ID TD-PWC26oth-DmdHV: code Tariff 6 from the same ID in the approved version
aer-consolidated-2025-26-v1/aer_tariff_id/TD-PWC26oth-DmdLV/powerwater:TARIFF5,powerwater:TARIFF5,TD-PWC26oth-DmdLV,aer_tariff_id,aer-consolidated-2025-26-v1,v1 row with AER ID TD-PWC26oth-DmdLV: code Tariff 5 from the same ID in the approved version
aer-consolidated-2025-26-v1/aer_tariff_id/TD-PWC26oth-Unmtrd/powerwater:TARIFF4,powerwater:TARIFF4,TD-PWC26oth-Unmtrd,aer_tariff_id,aer-consolidated-2025-26-v1,v1 row with AER ID TD-PWC26oth-Unmtrd: code Tariff 4 from the same ID in the approved version
aer-consolidated-2025-26-v1/aer_tariff_id/TD-PWC26res-Flat/powerwater:TARIFF1,powerwater:TARIFF1,TD-PWC26res-Flat,aer_tariff_id,aer-consolidated-2025-26-v1,v1 row with AER ID TD-PWC26res-Flat: code Tariff 1 from the same ID in the approved version
aer-consolidated-2025-26-v1/aer_tariff_id/TD-PWC26res-TOU/powerwater:TARIFF3A,powerwater:TARIFF3A,TD-PWC26res-TOU,aer_tariff_id,aer-consolidated-2025-26-v1,v1 row with AER ID TD-PWC26res-TOU: code Tariff 3a from the same ID in the approved version
aer-consolidated-2025-26-v1/aer_tariff_id/TD-PWC26smb-Flat/powerwater:TARIFF2,powerwater:TARIFF2,TD-PWC26smb-Flat,aer_tariff_id,aer-consolidated-2025-26-v1,v1 row with AER ID TD-PWC26smb-Flat: code Tariff 2 from the same ID in the approved version
aer-consolidated-2025-26-v1/aer_tariff_id/TD-PWC26smb-TOU/powerwater:TARIFF3B,powerwater:TARIFF3B,TD-PWC26smb-TOU,aer_tariff_id,aer-consolidated-2025-26-v1,v1 row with AER ID TD-PWC26smb-TOU: code Tariff 3b from the same ID in the approved version
aer-consolidated-2025-26-v1/aer_tariff_id/TD-PWC26smb-TOULge/powerwater:TARIFF3C,powerwater:TARIFF3C,TD-PWC26smb-TOULge,aer_tariff_id,aer-consolidated-2025-26-v1,v1 row with AER ID TD-PWC26smb-TOULge: code Tariff 3c from the same ID in the approved version
aer-consolidated-2025-26-v1/aer_tariff_id/TD-TNS26oth-Dmd<2MVA/tasnetworks:TASSDM,tasnetworks:TASSDM,TD-TNS26oth-Dmd<2MVA,aer_tariff_id,aer-consolidated-2025-26-v1,v1 row with AER ID TD-TNS26oth-Dmd<2MVA: code TASSDM from the same ID in the approved version
aer-consolidated-2025-26-v1/aer_tariff_id/TD-TNS26oth-Dmd>2MVA/tasnetworks:TAS15,tasnetworks:TAS15,TD-TNS26oth-Dmd>2MVA,aer_tariff_id,aer-consolidated-2025-26-v1,v1 row with AER ID TD-TNS26oth-Dmd>2MVA: code TAS15 from the same ID in the approved version
aer-consolidated-2025-26-v1/aer_tariff_id/TD-TNS26oth-DmdkVA/tasnetworks:TAS82,tasnetworks:TAS82,TD-TNS26oth-DmdkVA,aer_tariff_id,aer-consolidated-2025-26-v1,v1 row with AER ID TD-TNS26oth-DmdkVA: code TAS82 from the same ID in the approved version
aer-consolidated-2025-26-v1/aer_tariff_id/TD-TNS26oth-EN1/tasnetworks:TAS84T1,tasnetworks:TAS84T1,TD-TNS26oth-EN1,aer_tariff_id,aer-consolidated-2025-26-v1,v1 row with AER ID TD-TNS26oth-EN1: code TAS84T1 from the same ID in the approved version
aer-consolidated-2025-26-v1/aer_tariff_id/TD-TNS26oth-EN2/tasnetworks:TAS84T2,tasnetworks:TAS84T2,TD-TNS26oth-EN2,aer_tariff_id,aer-consolidated-2025-26-v1,v1 row with AER ID TD-TNS26oth-EN2: code TAS84T2 from the same ID in the approved version
aer-consolidated-2025-26-v1/aer_tariff_id/TD-TNS26oth-EN3/tasnetworks:TAS84T3,tasnetworks:TAS84T3,TD-TNS26oth-EN3,aer_tariff_id,aer-consolidated-2025-26-v1,v1 row with AER ID TD-TNS26oth-EN3: code TAS84T3 from the same ID in the approved version
aer-consolidated-2025-26-v1/aer_tariff_id/TD-TNS26oth-EN4/tasnetworks:TAS84T4,tasnetworks:TAS84T4,TD-TNS26oth-EN4,aer_tariff_id,aer-consolidated-2025-26-v1,v1 row with AER ID TD-TNS26oth-EN4: code TAS84T4 from the same ID in the approved version
aer-consolidated-2025-26-v1/aer_tariff_id/TD-TNS26oth-HVEN1/tasnetworks:TAS14T1,tasnetworks:TAS14T1,TD-TNS26oth-HVEN1,aer_tariff_id,aer-consolidated-2025-26-v1,v1 row with AER ID TD-TNS26oth-HVEN1: code TAS14T1 from the same ID in the approved version
aer-consolidated-2025-26-v1/aer_tariff_id/TD-TNS26oth-HVEN2/tasnetworks:TAS14T2,tasnetworks:TAS14T2,TD-TNS26oth-HVEN2,aer_tariff_id,aer-consolidated-2025-26-v1,v1 row with AER ID TD-TNS26oth-HVEN2: code TAS14T2 from the same ID in the approved version
aer-consolidated-2025-26-v1/aer_tariff_id/TD-TNS26oth-Irrgtn/tasnetworks:TAS75,tasnetworks:TAS75,TD-TNS26oth-Irrgtn,aer_tariff_id,aer-consolidated-2025-26-v1,v1 row with AER ID TD-TNS26oth-Irrgtn: code TAS75 from the same ID in the approved version
aer-consolidated-2025-26-v1/aer_tariff_id/TD-TNS26oth-PL/tasnetworks:TASUMSSL,tasnetworks:TASUMSSL,TD-TNS26oth-PL,aer_tariff_id,aer-consolidated-2025-26-v1,v1 row with AER ID TD-TNS26oth-PL: code TASUMSSL from the same ID in the approved version
aer-consolidated-2025-26-v1/aer_tariff_id/TD-TNS26oth-TOUDmd/tasnetworks:TAS89,tasnetworks:TAS89,TD-TNS26oth-TOUDmd,aer_tariff_id,aer-consolidated-2025-26-v1,v1 row with AER ID TD-TNS26oth-TOUDmd: code TAS89 from the same ID in the approved version
aer-consolidated-2025-26-v1/aer_tariff_id/TD-TNS26oth-Unmtrd/tasnetworks:TASUMS,tasnetworks:TASUMS,TD-TNS26oth-Unmtrd,aer_tariff_id,aer-consolidated-2025-26-v1,v1 row with AER ID TD-TNS26oth-Unmtrd: code TASUMS from the same ID in the approved version
aer-consolidated-2025-26-v1/aer_tariff_id/TD-TNS26res-CER/tasnetworks:TAS97,tasnetworks:TAS97,TD-TNS26res-CER,aer_tariff_id,aer-consolidated-2025-26-v1,v1 row with AER ID TD-TNS26res-CER: code TAS97 from the same ID in the approved version
aer-consolidated-2025-26-v1/aer_tariff_id/TD-TNS26res-CL1/tasnetworks:TAS41,tasnetworks:TAS41,TD-TNS26res-CL1,aer_tariff_id,aer-consolidated-2025-26-v1,v1 row with AER ID TD-TNS26res-CL1: code TAS41 from the same ID in the approved version
aer-consolidated-2025-26-v1/aer_tariff_id/TD-TNS26res-CL2/tasnetworks:TAS63,tasnetworks:TAS63,TD-TNS26res-CL2,aer_tariff_id,aer-consolidated-2025-26-v1,v1 row with AER ID TD-TNS26res-CL2: code TAS63 from the same ID in the approved version
aer-consolidated-2025-26-v1/aer_tariff_id/TD-TNS26res-CL3/tasnetworks:TAS61,tasnetworks:TAS61,TD-TNS26res-CL3,aer_tariff_id,aer-consolidated-2025-26-v1,v1 row with AER ID TD-TNS26res-CL3: code TAS61 from the same ID in the approved version
aer-consolidated-2025-26-v1/aer_tariff_id/TD-TNS26res-Dmd/tasnetworks:TAS87,tasnetworks:TAS87,TD-TNS26res-Dmd,aer_tariff_id,aer-consolidated-2025-26-v1,v1 row with AER ID TD-TNS26res-Dmd: code TAS87 from the same ID in the approved version
aer-consolidated-2025-26-v1/aer_tariff_id/TD-TNS26res-Flat/tasnetworks:TAS31,tasnetworks:TAS31,TD-TNS26res-Flat,aer_tariff_id,aer-consolidated-2025-26-v1,v1 row with AER ID TD-TNS26res-Flat: code TAS31 from the same ID in the approved version
aer-consolidated-2025-26-v1/aer_tariff_id/TD-TNS26res-TOU/tasnetworks:TAS93,tasnetworks:TAS93,TD-TNS26res-TOU,aer_tariff_id,aer-consolidated-2025-26-v1,v1 row with AER ID TD-TNS26res-TOU: code TAS93 from the same ID in the approved version
aer-consolidated-2025-26-v1/aer_tariff_id/TD-TNS26smb-CER/tasnetworks:TAS98,tasnetworks:TAS98,TD-TNS26smb-CER,aer_tariff_id,aer-consolidated-2025-26-v1,v1 row with AER ID TD-TNS26smb-CER: code TAS98 from the same ID in the approved version
aer-consolidated-2025-26-v1/aer_tariff_id/TD-TNS26smb-Dmd/tasnetworks:TAS88,tasnetworks:TAS88,TD-TNS26smb-Dmd,aer_tariff_id,aer-consolidated-2025-26-v1,v1 row with AER ID TD-TNS26smb-Dmd: code TAS88 from the same ID in the approved version
aer-consolidated-2025-26-v1/aer_tariff_id/TD-TNS26smb-Flat/tasnetworks:TAS22,tasnetworks:TAS22,TD-TNS26smb-Flat,aer_tariff_id,aer-consolidated-2025-26-v1,v1 row with AER ID TD-TNS26smb-Flat: code TAS22 from the same ID in the approved version
aer-consolidated-2025-26-v1/aer_tariff_id/TD-TNS26smb-TOU/tasnetworks:TAS94,tasnetworks:TAS94,TD-TNS26smb-TOU,aer_tariff_id,aer-consolidated-2025-26-v1,v1 row with AER ID TD-TNS26smb-TOU: code TAS94 from the same ID in the approved version
aer-consolidated-2025-26-v1/aer_tariff_id/TD-UEY26res-Dmd/unitedenergy:RESKW1R,unitedenergy:RESKW1R,TD-UEY26res-Dmd,aer_tariff_id,aer-consolidated-2025-26-v1,v1 row with AER ID TD-UEY26res-Dmd: code RESKW1R from the same ID in the approved version
aer-consolidated-2025-26-v1/aer_tariff_id/TD-UEY26res-Flat/unitedenergy:LVS1R,unitedenergy:LVS1R,TD-UEY26res-Flat,aer_tariff_id,aer-consolidated-2025-26-v1,v1 row with AER ID TD-UEY26res-Flat: code LVS1R from the same ID in the approved version
aer-consolidated-2025-26-v1/aer_tariff_id/TD-UEY26res-TOU/unitedenergy:URTOU,unitedenergy:URTOU,TD-UEY26res-TOU,aer_tariff_id,aer-consolidated-2025-26-v1,v1 row with AER ID TD-UEY26res-TOU: code URTOU from the same ID in the approved version
aer-consolidated-2025-26-v1/aer_tariff_id/TD-UEY26smb-Dmd/unitedenergy:LVMKW1R,unitedenergy:LVMKW1R,TD-UEY26smb-Dmd,aer_tariff_id,aer-consolidated-2025-26-v1,v1 row with AER ID TD-UEY26smb-Dmd: code LVMKW1R from the same ID in the approved version
aer-consolidated-2025-26-v1/aer_tariff_id/TD-UEY26smb-Flat/unitedenergy:LVM1R,unitedenergy:LVM1R,TD-UEY26smb-Flat,aer_tariff_id,aer-consolidated-2025-26-v1,v1 row with AER ID TD-UEY26smb-Flat: code LVM1R from the same ID in the approved version
aer-consolidated-2025-26-v1/aer_tariff_id/TD-UEY26smb-TOU/unitedenergy:LVTOU,unitedenergy:LVTOU,TD-UEY26smb-TOU,aer_tariff_id,aer-consolidated-2025-26-v1,v1 row with AER ID TD-UEY26smb-TOU: code LVTOU from the same ID in the approved version
aer-consolidated-2025-26-v1/aer_tariff_id/TD-UEY26smb-Unmtrd/unitedenergy:UNMET,unitedenergy:UNMET,TD-UEY26smb-Unmtrd,aer_tariff_id,aer-consolidated-2025-26-v1,v1 row with AER ID TD-UEY26smb-Unmtrd: code UnMet from the same ID in the approved version
aer-consolidated-2025-26-v1/code_variant/TD-UEY26oth-ST/unitedenergy:SUBTKVATOU,unitedenergy:SUBTKVATOU,TD-UEY26oth-ST,code_variant,aer-consolidated-2025-26-v1,v1 row with AER ID TD-UEY26oth-ST: code SUBTkVATOU from the same ID in the approved version; AER prints the code differently
aer-consolidated-2025-26-v1/code_variant/TD-UEY26res-CL/unitedenergy:LVDED,unitedenergy:LVDED,TD-UEY26res-CL,code_variant,aer-consolidated-2025-26-v1,v1 row with AER ID TD-UEY26res-CL: code LVDed from the same ID in the approved version; AER prints the code differently
aer-consolidated-2025-26-v1/joint_label_member/TD-EVO26oth-Cap/evoenergy:103,evoenergy:103,TD-EVO26oth-Cap,joint_label_member,aer-consolidated-2025-26-v1,"v1 row with AER ID TD-EVO26oth-Cap: code 103, 105* from the same ID in the approved version; member 103 of joint AER label '103, 105*'"
aer-consolidated-2025-26-v1/joint_label_member/TD-EVO26oth-Cap/evoenergy:105,evoenergy:105,TD-EVO26oth-Cap,joint_label_member,aer-consolidated-2025-26-v1,"v1 row with AER ID TD-EVO26oth-Cap: code 103, 105* from the same ID in the approved version; member 105 of joint AER label '103, 105*'"
aer-consolidated-2025-26-v1/joint_label_member/TD-EVO26oth-Dmd/evoenergy:101,evoenergy:101,TD-EVO26oth-Dmd,joint_label_member,aer-consolidated-2025-26-v1,"v1 row with AER ID TD-EVO26oth-Dmd: code 101, 104* from the same ID in the approved version; member 101 of joint AER label '101, 104*'"
aer-consolidated-2025-26-v1/joint_label_member/TD-EVO26oth-Dmd/evoenergy:104,evoenergy:104,TD-EVO26oth-Dmd,joint_label_member,aer-consolidated-2025-26-v1,"v1 row with AER ID TD-EVO26oth-Dmd: code 101, 104* from the same ID in the approved version; member 104 of joint AER label '101, 104*'"
aer-consolidated-2025-26-v1/joint_label_member/TD-EVO26res-Blk/evoenergy:020,evoenergy:020,TD-EVO26res-Blk,joint_label_member,aer-consolidated-2025-26-v1,"v1 row with AER ID TD-EVO26res-Blk: code 020, 021* from the same ID in the approved version; member 020 of joint AER label '020, 021*'"
aer-consolidated-2025-26-v1/joint_label_member/TD-EVO26res-Blk/evoenergy:021,evoenergy:021,TD-EVO26res-Blk,joint_label_member,aer-consolidated-2025-26-v1,"v1 row with AER ID TD-EVO26res-Blk: code 020, 021* from the same ID in the approved version; member 021 of joint AER label '020, 021*'"
aer-consolidated-2025-26-v1/joint_label_member/TD-EVO26res-BlkHP/evoenergy:030,evoenergy:030,TD-EVO26res-BlkHP,joint_label_member,aer-consolidated-2025-26-v1,"v1 row with AER ID TD-EVO26res-BlkHP: code 030, 031* from the same ID in the approved version; member 030 of joint AER label '030, 031*'"
aer-consolidated-2025-26-v1/joint_label_member/TD-EVO26res-BlkHP/evoenergy:031,evoenergy:031,TD-EVO26res-BlkHP,joint_label_member,aer-consolidated-2025-26-v1,"v1 row with AER ID TD-EVO26res-BlkHP: code 030, 031* from the same ID in the approved version; member 031 of joint AER label '030, 031*'"
aer-consolidated-2025-26-v1/joint_label_member/TD-EVO26res-Dmd/evoenergy:025,evoenergy:025,TD-EVO26res-Dmd,joint_label_member,aer-consolidated-2025-26-v1,"v1 row with AER ID TD-EVO26res-Dmd: code 025, 026* from the same ID in the approved version; member 025 of joint AER label '025, 026*'"
aer-consolidated-2025-26-v1/joint_label_member/TD-EVO26res-Dmd/evoenergy:026,evoenergy:026,TD-EVO26res-Dmd,joint_label_member,aer-consolidated-2025-26-v1,"v1 row with AER ID TD-EVO26res-Dmd: code 025, 026* from the same ID in the approved version; member 026 of joint AER label '025, 026*'"
aer-consolidated-2025-26-v1/joint_label_member/TD-EVO26res-Dmd2/evoenergy:023,evoenergy:023,TD-EVO26res-Dmd2,joint_label_member,aer-consolidated-2025-26-v1,"v1 row with AER ID TD-EVO26res-Dmd2: code 023, 024* from the same ID in the approved version; member 023 of joint AER label '023, 024*'"
aer-consolidated-2025-26-v1/joint_label_member/TD-EVO26res-Dmd2/evoenergy:024,evoenergy:024,TD-EVO26res-Dmd2,joint_label_member,aer-consolidated-2025-26-v1,"v1 row with AER ID TD-EVO26res-Dmd2: code 023, 024* from the same ID in the approved version; member 024 of joint AER label '023, 024*'"
aer-consolidated-2025-26-v1/joint_label_member/TD-EVO26res-Flat/evoenergy:010,evoenergy:010,TD-EVO26res-Flat,joint_label_member,aer-consolidated-2025-26-v1,"v1 row with AER ID TD-EVO26res-Flat: code 010, 011* from the same ID in the approved version; member 010 of joint AER label '010, 011*'"
aer-consolidated-2025-26-v1/joint_label_member/TD-EVO26res-Flat/evoenergy:011,evoenergy:011,TD-EVO26res-Flat,joint_label_member,aer-consolidated-2025-26-v1,"v1 row with AER ID TD-EVO26res-Flat: code 010, 011* from the same ID in the approved version; member 011 of joint AER label '010, 011*'"
aer-consolidated-2025-26-v1/joint_label_member/TD-EVO26res-TOU/evoenergy:015,evoenergy:015,TD-EVO26res-TOU,joint_label_member,aer-consolidated-2025-26-v1,"v1 row with AER ID TD-EVO26res-TOU: code 015, 016* from the same ID in the approved version; member 015 of joint AER label '015, 016*'"
aer-consolidated-2025-26-v1/joint_label_member/TD-EVO26res-TOU/evoenergy:016,evoenergy:016,TD-EVO26res-TOU,joint_label_member,aer-consolidated-2025-26-v1,"v1 row with AER ID TD-EVO26res-TOU: code 015, 016* from the same ID in the approved version; member 016 of joint AER label '015, 016*'"
aer-consolidated-2025-26-v1/joint_label_member/TD-EVO26res-TOU2/evoenergy:017,evoenergy:017,TD-EVO26res-TOU2,joint_label_member,aer-consolidated-2025-26-v1,"v1 row with AER ID TD-EVO26res-TOU2: code 017, 018* from the same ID in the approved version; member 017 of joint AER label '017, 018*'"
aer-consolidated-2025-26-v1/joint_label_member/TD-EVO26res-TOU2/evoenergy:018,evoenergy:018,TD-EVO26res-TOU2,joint_label_member,aer-consolidated-2025-26-v1,"v1 row with AER ID TD-EVO26res-TOU2: code 017, 018* from the same ID in the approved version; member 018 of joint AER label '017, 018*'"
aer-consolidated-2025-26-v1/joint_label_member/TD-EVO26smb-Blk/evoenergy:040,evoenergy:040,TD-EVO26smb-Blk,joint_label_member,aer-consolidated-2025-26-v1,"v1 row with AER ID TD-EVO26smb-Blk: code 040, 041* from the same ID in the approved version; member 040 of joint AER label '040, 041*'"
aer-consolidated-2025-26-v1/joint_label_member/TD-EVO26smb-Blk/evoenergy:041,evoenergy:041,TD-EVO26smb-Blk,joint_label_member,aer-consolidated-2025-26-v1,"v1 row with AER ID TD-EVO26smb-Blk: code 040, 041* from the same ID in the approved version; member 041 of joint AER label '040, 041*'"
aer-consolidated-2025-26-v1/joint_label_member/TD-EVO26smb-Dmd/evoenergy:106,evoenergy:106,TD-EVO26smb-Dmd,joint_label_member,aer-consolidated-2025-26-v1,"v1 row with AER ID TD-EVO26smb-Dmd: code 106, 107* from the same ID in the approved version; member 106 of joint AER label '106, 107*'"
aer-consolidated-2025-26-v1/joint_label_member/TD-EVO26smb-Dmd/evoenergy:107,evoenergy:107,TD-EVO26smb-Dmd,joint_label_member,aer-consolidated-2025-26-v1,"v1 row with AER ID TD-EVO26smb-Dmd: code 106, 107* from the same ID in the approved version; member 107 of joint AER label '106, 107*'"
aer-consolidated-2025-26-v1/joint_label_member/TD-EVO26smb-TOU/evoenergy:090,evoenergy:090,TD-EVO26smb-TOU,joint_label_member,aer-consolidated-2025-26-v1,"v1 row with AER ID TD-EVO26smb-TOU: code 090, 091* from the same ID in the approved version; member 090 of joint AER label '090, 091*'"
aer-consolidated-2025-26-v1/joint_label_member/TD-EVO26smb-TOU/evoenergy:091,evoenergy:091,TD-EVO26smb-TOU,joint_label_member,aer-consolidated-2025-26-v1,"v1 row with AER ID TD-EVO26smb-TOU: code 090, 091* from the same ID in the approved version; member 091 of joint AER label '090, 091*'"
aer-consolidated-2025-26-v5/aer_tariff_id/TD-AGD26oth-EnrgyLght/ausgrid:EA403,ausgrid:EA403,TD-AGD26oth-EnrgyLght,aer_tariff_id,aer-consolidated-2025-26-v5,AER tariff ID (column B of the AER Tariff schedule)
aer-consolidated-2025-26-v5/aer_tariff_id/TD-AGD26oth-HVConn/ausgrid:EA370,ausgrid:EA370,TD-AGD26oth-HVConn,aer_tariff_id,aer-consolidated-2025-26-v5,AER tariff ID (column B of the AER Tariff schedule)
aer-consolidated-2025-26-v5/aer_tariff_id/TD-AGD26oth-HVEN/ausgrid:EA365,ausgrid:EA365,TD-AGD26oth-HVEN,aer_tariff_id,aer-consolidated-2025-26-v5,AER tariff ID (column B of the AER Tariff schedule)
aer-consolidated-2025-26-v5/aer_tariff_id/TD-AGD26oth-HVStExp/ausgrid:EA375,ausgrid:EA375,TD-AGD26oth-HVStExp,aer_tariff_id,aer-consolidated-2025-26-v5,AER tariff ID (column B of the AER Tariff schedule)
aer-consolidated-2025-26-v5/aer_tariff_id/TD-AGD26oth-HVStImp/ausgrid:EA374,ausgrid:EA374,TD-AGD26oth-HVStImp,aer_tariff_id,aer-consolidated-2025-26-v5,AER tariff ID (column B of the AER Tariff schedule)
aer-consolidated-2025-26-v5/aer_tariff_id/TD-AGD26oth-LV160-750/ausgrid:EA305,ausgrid:EA305,TD-AGD26oth-LV160-750,aer_tariff_id,aer-consolidated-2025-26-v5,AER tariff ID (column B of the AER Tariff schedule)
aer-consolidated-2025-26-v5/aer_tariff_id/TD-AGD26oth-LV160-750emb/ausgrid:EA314,ausgrid:EA314,TD-AGD26oth-LV160-750emb,aer_tariff_id,aer-consolidated-2025-26-v5,AER tariff ID (column B of the AER Tariff schedule)
aer-consolidated-2025-26-v5/aer_tariff_id/TD-AGD26oth-LV60-160/ausgrid:EA302,ausgrid:EA302,TD-AGD26oth-LV60-160,aer_tariff_id,aer-consolidated-2025-26-v5,AER tariff ID (column B of the AER Tariff schedule)
aer-consolidated-2025-26-v5/aer_tariff_id/TD-AGD26oth-LV>750/ausgrid:EA310,ausgrid:EA310,TD-AGD26oth-LV>750,aer_tariff_id,aer-consolidated-2025-26-v5,AER tariff ID (column B of the AER Tariff schedule)
aer-consolidated-2025-26-v5/aer_tariff_id/TD-AGD26oth-LV>750emb/ausgrid:EA315,ausgrid:EA315,TD-AGD26oth-LV>750emb,aer_tariff_id,aer-consolidated-2025-26-v5,AER tariff ID (column B of the AER Tariff schedule)
aer-consolidated-2025-26-v5/aer_tariff_id/TD-AGD26oth-LVStExp/ausgrid:EA335,ausgrid:EA335,TD-AGD26oth-LVStExp,aer_tariff_id,aer-consolidated-2025-26-v5,AER tariff ID (column B of the AER Tariff schedule)
aer-consolidated-2025-26-v5/aer_tariff_id/TD-AGD26oth-LVStImp/ausgrid:EA334,ausgrid:EA334,TD-AGD26oth-LVStImp,aer_tariff_id,aer-consolidated-2025-26-v5,AER tariff ID (column B of the AER Tariff schedule)
aer-consolidated-2025-26-v5/aer_tariff_id/TD-AGD26oth-PL/ausgrid:EA401,ausgrid:EA401,TD-AGD26oth-PL,aer_tariff_id,aer-consolidated-2025-26-v5,AER tariff ID (column B of the AER Tariff schedule)
aer-consolidated-2025-26-v5/aer_tariff_id/TD-AGD26oth-SCexp/ausgrid:EA029,ausgrid:EA029,TD-AGD26oth-SCexp,aer_tariff_id,aer-consolidated-2025-26-v5,AER tariff ID (column B of the AER Tariff schedule)
aer-consolidated-2025-26-v5/aer_tariff_id/TD-AGD26oth-STConn/ausgrid:EA390,ausgrid:EA390,TD-AGD26oth-STConn,aer_tariff_id,aer-consolidated-2025-26-v5,AER tariff ID (column B of the AER Tariff schedule)
aer-consolidated-2025-26-v5/aer_tariff_id/TD-AGD26oth-STExp/ausgrid:EA395,ausgrid:EA395,TD-AGD26oth-STExp,aer_tariff_id,aer-consolidated-2025-26-v5,AER tariff ID (column B of the AER Tariff schedule)
aer-consolidated-2025-26-v5/aer_tariff_id/TD-AGD26oth-STImp/ausgrid:EA394,ausgrid:EA394,TD-AGD26oth-STImp,aer_tariff_id,aer-consolidated-2025-26-v5,AER tariff ID (column B of the AER Tariff schedule)
aer-consolidated-2025-26-v5/aer_tariff_id/TD-AGD26oth-TransConn/ausgrid:EA501,ausgrid:EA501,TD-AGD26oth-TransConn,aer_tariff_id,aer-consolidated-2025-26-v5,AER tariff ID (column B of the AER Tariff schedule)
aer-consolidated-2025-26-v5/aer_tariff_id/TD-AGD26oth-Unmtrd/ausgrid:EA402,ausgrid:EA402,TD-AGD26oth-Unmtrd,aer_tariff_id,aer-consolidated-2025-26-v5,AER tariff ID (column B of the AER Tariff schedule)
aer-consolidated-2025-26-v5/aer_tariff_id/TD-AGD26res-CL1/ausgrid:EA030,ausgrid:EA030,TD-AGD26res-CL1,aer_tariff_id,aer-consolidated-2025-26-v5,AER tariff ID (column B of the AER Tariff schedule)
aer-consolidated-2025-26-v5/aer_tariff_id/TD-AGD26res-CL2/ausgrid:EA040,ausgrid:EA040,TD-AGD26res-CL2,aer_tariff_id,aer-consolidated-2025-26-v5,AER tariff ID (column B of the AER Tariff schedule)
aer-consolidated-2025-26-v5/aer_tariff_id/TD-AGD26res-Dmd/ausgrid:EA116,ausgrid:EA116,TD-AGD26res-Dmd,aer_tariff_id,aer-consolidated-2025-26-v5,AER tariff ID (column B of the AER Tariff schedule)
aer-consolidated-2025-26-v5/aer_tariff_id/TD-AGD26res-Dmdtemp/ausgrid:EA111,ausgrid:EA111,TD-AGD26res-Dmdtemp,aer_tariff_id,aer-consolidated-2025-26-v5,AER tariff ID (column B of the AER Tariff schedule)
aer-consolidated-2025-26-v5/aer_tariff_id/TD-AGD26res-Flat/ausgrid:EA010,ausgrid:EA010,TD-AGD26res-Flat,aer_tariff_id,aer-consolidated-2025-26-v5,AER tariff ID (column B of the AER Tariff schedule)
aer-consolidated-2025-26-v5/aer_tariff_id/TD-AGD26res-TOU/ausgrid:EA025,ausgrid:EA025,TD-AGD26res-TOU,aer_tariff_id,aer-consolidated-2025-26-v5,AER tariff ID (column B of the AER Tariff schedule)
aer-consolidated-2025-26-v5/aer_tariff_id/TD-AGD26smb-Dmd/ausgrid:EA256,ausgrid:EA256,TD-AGD26smb-Dmd,aer_tariff_id,aer-consolidated-2025-26-v5,AER tariff ID (column B of the AER Tariff schedule)
aer-consolidated-2025-26-v5/aer_tariff_id/TD-AGD26smb-Dmdtemp/ausgrid:EA251,ausgrid:EA251,TD-AGD26smb-Dmdtemp,aer_tariff_id,aer-consolidated-2025-26-v5,AER tariff ID (column B of the AER Tariff schedule)
aer-consolidated-2025-26-v5/aer_tariff_id/TD-AGD26smb-Flat/ausgrid:EA050,ausgrid:EA050,TD-AGD26smb-Flat,aer_tariff_id,aer-consolidated-2025-26-v5,AER tariff ID (column B of the AER Tariff schedule)
aer-consolidated-2025-26-v5/aer_tariff_id/TD-AGD26smb-TOU/ausgrid:EA225,ausgrid:EA225,TD-AGD26smb-TOU,aer_tariff_id,aer-consolidated-2025-26-v5,AER tariff ID (column B of the AER Tariff schedule)
aer-consolidated-2025-26-v5/aer_tariff_id/TD-ANS26oth-Dmd/ausnet:NASN19,ausnet:NASN19,TD-ANS26oth-Dmd,aer_tariff_id,aer-consolidated-2025-26-v5,AER tariff ID (column B of the AER Tariff schedule)
aer-consolidated-2025-26-v5/aer_tariff_id/TD-ANS26oth-DmdCritPk/ausnet:NSP56,ausnet:NSP56,TD-ANS26oth-DmdCritPk,aer_tariff_id,aer-consolidated-2025-26-v5,AER tariff ID (column B of the AER Tariff schedule)
aer-consolidated-2025-26-v5/aer_tariff_id/TD-ANS26oth-DmdCritPk2000-4000/ausnet:NSP77,ausnet:NSP77,TD-ANS26oth-DmdCritPk2000-4000,aer_tariff_id,aer-consolidated-2025-26-v5,AER tariff ID (column B of the AER Tariff schedule)
aer-consolidated-2025-26-v5/aer_tariff_id/TD-ANS26oth-DmdCritPk400-750/ausnet:NSP75,ausnet:NSP75,TD-ANS26oth-DmdCritPk400-750,aer_tariff_id,aer-consolidated-2025-26-v5,AER tariff ID (column B of the AER Tariff schedule)
aer-consolidated-2025-26-v5/aer_tariff_id/TD-ANS26oth-DmdCritPk750-2000/ausnet:NSP76,ausnet:NSP76,TD-ANS26oth-DmdCritPk750-2000,aer_tariff_id,aer-consolidated-2025-26-v5,AER tariff ID (column B of the AER Tariff schedule)
aer-consolidated-2025-26-v5/aer_tariff_id/TD-ANS26oth-DmdCritPk>4000/ausnet:NSP78,ausnet:NSP78,TD-ANS26oth-DmdCritPk>4000,aer_tariff_id,aer-consolidated-2025-26-v5,AER tariff ID (column B of the AER Tariff schedule)
aer-consolidated-2025-26-v5/aer_tariff_id/TD-ANS26oth-DmdCritPkEN/ausnet:NEN56,ausnet:NEN56,TD-ANS26oth-DmdCritPkEN,aer_tariff_id,aer-consolidated-2025-26-v5,AER tariff ID (column B of the AER Tariff schedule)
aer-consolidated-2025-26-v5/aer_tariff_id/TD-ANS26oth-DmdCritPkHV/ausnet:NSP81,ausnet:NSP81,TD-ANS26oth-DmdCritPkHV,aer_tariff_id,aer-consolidated-2025-26-v5,AER tariff ID (column B of the AER Tariff schedule)
aer-consolidated-2025-26-v5/aer_tariff_id/TD-ANS26oth-DmdCritPkHVLow/ausnet:NSP83,ausnet:NSP83,TD-ANS26oth-DmdCritPkHVLow,aer_tariff_id,aer-consolidated-2025-26-v5,AER tariff ID (column B of the AER Tariff schedule)
aer-consolidated-2025-26-v5/aer_tariff_id/TD-ANS26oth-DmdFiT/ausnet:NASN2S,ausnet:NASN2S,TD-ANS26oth-DmdFiT,aer_tariff_id,aer-consolidated-2025-26-v5,AER tariff ID (column B of the AER Tariff schedule)
aer-consolidated-2025-26-v5/aer_tariff_id/TD-ANS26oth-DmdPFiT/ausnet:NASN2P,ausnet:NASN2P,TD-ANS26oth-DmdPFiT,aer_tariff_id,aer-consolidated-2025-26-v5,AER tariff ID (column B of the AER Tariff schedule)
aer-consolidated-2025-26-v5/aer_tariff_id/TD-ANS26oth-DmdTOU/ausnet:NASN21,ausnet:NASN21,TD-ANS26oth-DmdTOU,aer_tariff_id,aer-consolidated-2025-26-v5,AER tariff ID (column B of the AER Tariff schedule)
aer-consolidated-2025-26-v5/aer_tariff_id/TD-ANS26oth-Flat/ausnet:NEE40,ausnet:NEE40,TD-ANS26oth-Flat,aer_tariff_id,aer-consolidated-2025-26-v5,AER tariff ID (column B of the AER Tariff schedule)
aer-consolidated-2025-26-v5/aer_tariff_id/TD-ANS26oth-FlatCL1/ausnet:NEE41,ausnet:NEE41,TD-ANS26oth-FlatCL1,aer_tariff_id,aer-consolidated-2025-26-v5,AER tariff ID (column B of the AER Tariff schedule)
aer-consolidated-2025-26-v5/aer_tariff_id/TD-ANS26oth-FlatCL2/ausnet:NEE42,ausnet:NEE42,TD-ANS26oth-FlatCL2,aer_tariff_id,aer-consolidated-2025-26-v5,AER tariff ID (column B of the AER Tariff schedule)
aer-consolidated-2025-26-v5/aer_tariff_id/TD-ANS26oth-FlatCL3/ausnet:NEE43,ausnet:NEE43,TD-ANS26oth-FlatCL3,aer_tariff_id,aer-consolidated-2025-26-v5,AER tariff ID (column B of the AER Tariff schedule)
aer-consolidated-2025-26-v5/aer_tariff_id/TD-ANS26oth-Snwflds/ausnet:NEE55,ausnet:NEE55,TD-ANS26oth-Snwflds,aer_tariff_id,aer-consolidated-2025-26-v5,AER tariff ID (column B of the AER Tariff schedule)
aer-consolidated-2025-26-v5/aer_tariff_id/TD-ANS26oth-SnwfldsInt/ausnet:NSP55,ausnet:NSP55,TD-ANS26oth-SnwfldsInt,aer_tariff_id,aer-consolidated-2025-26-v5,AER tariff ID (column B of the AER Tariff schedule)
aer-consolidated-2025-26-v5/aer_tariff_id/TD-ANS26oth-TOU/ausnet:NEE51,ausnet:NEE51,TD-ANS26oth-TOU,aer_tariff_id,aer-consolidated-2025-26-v5,AER tariff ID (column B of the AER Tariff schedule)
aer-consolidated-2025-26-v5/aer_tariff_id/TD-ANS26oth-TOU7day/ausnet:NEE60,ausnet:NEE60,TD-ANS26oth-TOU7day,aer_tariff_id,aer-consolidated-2025-26-v5,AER tariff ID (column B of the AER Tariff schedule)
aer-consolidated-2025-26-v5/aer_tariff_id/TD-ANS26oth-TOULge/ausnet:NEE74,ausnet:NEE74,TD-ANS26oth-TOULge,aer_tariff_id,aer-consolidated-2025-26-v5,AER tariff ID (column B of the AER Tariff schedule)
aer-consolidated-2025-26-v5/aer_tariff_id/TD-ANS26oth-Unmtrd/ausnet:NEE52,ausnet:NEE52,TD-ANS26oth-Unmtrd,aer_tariff_id,aer-consolidated-2025-26-v5,AER tariff ID (column B of the AER Tariff schedule)
aer-consolidated-2025-26-v5/aer_tariff_id/TD-ANS26res-/ausnet:CL,ausnet:CL,TD-ANS26res-,aer_tariff_id,aer-consolidated-2025-26-v5,AER tariff ID (column B of the AER Tariff schedule)
aer-consolidated-2025-26-v5/aer_tariff_id/TD-ANS26res-CL1/ausnet:NEE30,ausnet:NEE30,TD-ANS26res-CL1,aer_tariff_id,aer-consolidated-2025-26-v5,AER tariff ID (column B of the AER Tariff schedule)
aer-consolidated-2025-26-v5/aer_tariff_id/TD-ANS26res-CL2/ausnet:NEE31,ausnet:NEE31,TD-ANS26res-CL2,aer_tariff_id,aer-consolidated-2025-26-v5,AER tariff ID (column B of the AER Tariff schedule)
aer-consolidated-2025-26-v5/aer_tariff_id/TD-ANS26res-CL3/ausnet:NEE32,ausnet:NEE32,TD-ANS26res-CL3,aer_tariff_id,aer-consolidated-2025-26-v5,AER tariff ID (column B of the AER Tariff schedule)
aer-consolidated-2025-26-v5/aer_tariff_id/TD-ANS26res-Dmd/ausnet:NASN11,ausnet:NASN11,TD-ANS26res-Dmd,aer_tariff_id,aer-consolidated-2025-26-v5,AER tariff ID (column B of the AER Tariff schedule)
aer-consolidated-2025-26-v5/aer_tariff_id/TD-ANS26res-DmdFiT/ausnet:NASN11S,ausnet:NASN11S,TD-ANS26res-DmdFiT,aer_tariff_id,aer-consolidated-2025-26-v5,AER tariff ID (column B of the AER Tariff schedule)
aer-consolidated-2025-26-v5/aer_tariff_id/TD-ANS26res-DmdPFiT/ausnet:NASN11P,ausnet:NASN11P,TD-ANS26res-DmdPFiT,aer_tariff_id,aer-consolidated-2025-26-v5,AER tariff ID (column B of the AER Tariff schedule)
aer-consolidated-2025-26-v5/aer_tariff_id/TD-ANS26res-Flat/ausnet:NEE11,ausnet:NEE11,TD-ANS26res-Flat,aer_tariff_id,aer-consolidated-2025-26-v5,AER tariff ID (column B of the AER Tariff schedule)
aer-consolidated-2025-26-v5/aer_tariff_id/TD-ANS26res-FlatCL1/ausnet:NEE13,ausnet:NEE13,TD-ANS26res-FlatCL1,aer_tariff_id,aer-consolidated-2025-26-v5,AER tariff ID (column B of the AER Tariff schedule)
aer-consolidated-2025-26-v5/aer_tariff_id/TD-ANS26res-FlatCL2/ausnet:NEE14,ausnet:NEE14,TD-ANS26res-FlatCL2,aer_tariff_id,aer-consolidated-2025-26-v5,AER tariff ID (column B of the AER Tariff schedule)
aer-consolidated-2025-26-v5/aer_tariff_id/TD-ANS26res-FlatCL3/ausnet:NEE15,ausnet:NEE15,TD-ANS26res-FlatCL3,aer_tariff_id,aer-consolidated-2025-26-v5,AER tariff ID (column B of the AER Tariff schedule)
aer-consolidated-2025-26-v5/aer_tariff_id/TD-ANS26res-FlatEN/ausnet:NEN11,ausnet:NEN11,TD-ANS26res-FlatEN,aer_tariff_id,aer-consolidated-2025-26-v5,AER tariff ID (column B of the AER Tariff schedule)
aer-consolidated-2025-26-v5/aer_tariff_id/TD-ANS26res-FlatFiT/ausnet:NEE11S,ausnet:NEE11S,TD-ANS26res-FlatFiT,aer_tariff_id,aer-consolidated-2025-26-v5,AER tariff ID (column B of the AER Tariff schedule)
aer-consolidated-2025-26-v5/aer_tariff_id/TD-ANS26res-FlatPFiT/ausnet:NEE11P,ausnet:NEE11P,TD-ANS26res-FlatPFiT,aer_tariff_id,aer-consolidated-2025-26-v5,AER tariff ID (column B of the AER Tariff schedule)
aer-consolidated-2025-26-v5/aer_tariff_id/TD-ANS26res-TOU/ausnet:NAST11,ausnet:NAST11,TD-ANS26res-TOU,aer_tariff_id,aer-consolidated-2025-26-v5,AER tariff ID (column B of the AER Tariff schedule)
aer-consolidated-2025-26-v5/aer_tariff_id/TD-ANS26res-TOU8to8/ausnet:NEE24,ausnet:NEE24,TD-ANS26res-TOU8to8,aer_tariff_id,aer-consolidated-2025-26-v5,AER tariff ID (column B of the AER Tariff schedule)
aer-consolidated-2025-26-v5/aer_tariff_id/TD-ANS26res-TOUCL1/ausnet:NAST13,ausnet:NAST13,TD-ANS26res-TOUCL1,aer_tariff_id,aer-consolidated-2025-26-v5,AER tariff ID (column B of the AER Tariff schedule)
aer-consolidated-2025-26-v5/aer_tariff_id/TD-ANS26res-TOUCL2/ausnet:NAST14,ausnet:NAST14,TD-ANS26res-TOUCL2,aer_tariff_id,aer-consolidated-2025-26-v5,AER tariff ID (column B of the AER Tariff schedule)
aer-consolidated-2025-26-v5/aer_tariff_id/TD-ANS26res-TOUCL3/ausnet:NAST15,ausnet:NAST15,TD-ANS26res-TOUCL3,aer_tariff_id,aer-consolidated-2025-26-v5,AER tariff ID (column B of the AER Tariff schedule)
aer-consolidated-2025-26-v5/aer_tariff_id/TD-ANS26res-TOUEN/ausnet:NEN20,ausnet:NEN20,TD-ANS26res-TOUEN,aer_tariff_id,aer-consolidated-2025-26-v5,AER tariff ID (column B of the AER Tariff schedule)
aer-consolidated-2025-26-v5/aer_tariff_id/TD-ANS26res-TOUFiT/ausnet:NAST11S,ausnet:NAST11S,TD-ANS26res-TOUFiT,aer_tariff_id,aer-consolidated-2025-26-v5,AER tariff ID (column B of the AER Tariff schedule)
aer-consolidated-2025-26-v5/aer_tariff_id/TD-ANS26res-TOUInt/ausnet:NSP20,ausnet:NSP20,TD-ANS26res-TOUInt,aer_tariff_id,aer-consolidated-2025-26-v5,AER tariff ID (column B of the AER Tariff schedule)
aer-consolidated-2025-26-v5/aer_tariff_id/TD-ANS26res-TOUPFiT/ausnet:NAST11P,ausnet:NAST11P,TD-ANS26res-TOUPFiT,aer_tariff_id,aer-consolidated-2025-26-v5,AER tariff ID (column B of the AER Tariff schedule)
aer-consolidated-2025-26-v5/aer_tariff_id/TD-ANS26res-TOUSolFiT/ausnet:NSP23,ausnet:NSP23,TD-ANS26res-TOUSolFiT,aer_tariff_id,aer-consolidated-2025-26-v5,AER tariff ID (column B of the AER Tariff schedule)
aer-consolidated-2025-26-v5/aer_tariff_id/TD-ANS26res-TOUSolPFiT/ausnet:SSP23,ausnet:SSP23,TD-ANS26res-TOUSolPFiT,aer_tariff_id,aer-consolidated-2025-26-v5,AER tariff ID (column B of the AER Tariff schedule)
aer-consolidated-2025-26-v5/aer_tariff_id/TD-ANS26smb-Dmd/ausnet:NASN12,ausnet:NASN12,TD-ANS26smb-Dmd,aer_tariff_id,aer-consolidated-2025-26-v5,AER tariff ID (column B of the AER Tariff schedule)
aer-consolidated-2025-26-v5/aer_tariff_id/TD-ANS26smb-DmdFiT/ausnet:NASN12S,ausnet:NASN12S,TD-ANS26smb-DmdFiT,aer_tariff_id,aer-consolidated-2025-26-v5,AER tariff ID (column B of the AER Tariff schedule)
aer-consolidated-2025-26-v5/aer_tariff_id/TD-ANS26smb-DmdPFiT/ausnet:NASN12P,ausnet:NASN12P,TD-ANS26smb-DmdPFiT,aer_tariff_id,aer-consolidated-2025-26-v5,AER tariff ID (column B of the AER Tariff schedule)
aer-consolidated-2025-26-v5/aer_tariff_id/TD-ANS26smb-Flat/ausnet:NEE12,ausnet:NEE12,TD-ANS26smb-Flat,aer_tariff_id,aer-consolidated-2025-26-v5,AER tariff ID (column B of the AER Tariff schedule)
aer-consolidated-2025-26-v5/aer_tariff_id/TD-ANS26smb-FlatCL1/ausnet:NEE16,ausnet:NEE16,TD-ANS26smb-FlatCL1,aer_tariff_id,aer-consolidated-2025-26-v5,AER tariff ID (column B of the AER Tariff schedule)
aer-consolidated-2025-26-v5/aer_tariff_id/TD-ANS26smb-FlatCL2/ausnet:NEE17,ausnet:NEE17,TD-ANS26smb-FlatCL2,aer_tariff_id,aer-consolidated-2025-26-v5,AER tariff ID (column B of the AER Tariff schedule)
aer-consolidated-2025-26-v5/aer_tariff_id/TD-ANS26smb-FlatCL3/ausnet:NEE18,ausnet:NEE18,TD-ANS26smb-FlatCL3,aer_tariff_id,aer-consolidated-2025-26-v5,AER tariff ID (column B of the AER Tariff schedule)
aer-consolidated-2025-26-v5/aer_tariff_id/TD-ANS26smb-FlatEN/ausnet:NEN12,ausnet:NEN12,TD-ANS26smb-FlatEN,aer_tariff_id,aer-consolidated-2025-26-v5,AER tariff ID (column B of the AER Tariff schedule)
aer-consolidated-2025-26-v5/aer_tariff_id/TD-ANS26smb-FlatFiT/ausnet:NEE12S,ausnet:NEE12S,TD-ANS26smb-FlatFiT,aer_tariff_id,aer-consolidated-2025-26-v5,AER tariff ID (column B of the AER Tariff schedule)
aer-consolidated-2025-26-v5/aer_tariff_id/TD-ANS26smb-FlatPFiT/ausnet:NEE12P,ausnet:NEE12P,TD-ANS26smb-FlatPFiT,aer_tariff_id,aer-consolidated-2025-26-v5,AER tariff ID (column B of the AER Tariff schedule)
aer-consolidated-2025-26-v5/aer_tariff_id/TD-ANS26smb-TOU/ausnet:NAST12,ausnet:NAST12,TD-ANS26smb-TOU,aer_tariff_id,aer-consolidated-2025-26-v5,AER tariff ID (column B of the AER Tariff schedule)
aer-consolidated-2025-26-v5/aer_tariff_id/TD-ANS26smb-TOUEN/ausnet:NEN21,ausnet:NEN21,TD-ANS26smb-TOUEN,aer_tariff_id,aer-consolidated-2025-26-v5,AER tariff ID (column B of the AER Tariff schedule)
aer-consolidated-2025-26-v5/aer_tariff_id/TD-ANS26smb-TOUFiT/ausnet:NAST12S,ausnet:NAST12S,TD-ANS26smb-TOUFiT,aer_tariff_id,aer-consolidated-2025-26-v5,AER tariff ID (column B of the AER Tariff schedule)
aer-consolidated-2025-26-v5/aer_tariff_id/TD-ANS26smb-TOUInt/ausnet:NSP21,ausnet:NSP21,TD-ANS26smb-TOUInt,aer_tariff_id,aer-consolidated-2025-26-v5,AER tariff ID (column B of the AER Tariff schedule)
aer-consolidated-2025-26-v5/aer_tariff_id/TD-ANS26smb-TOUIntLow/ausnet:NSP27,ausnet:NSP27,TD-ANS26smb-TOUIntLow,aer_tariff_id,aer-consolidated-2025-26-v5,AER tariff ID (column B of the AER Tariff schedule)
aer-consolidated-2025-26-v5/aer_tariff_id/TD-ANS26smb-TOUPFiT/ausnet:NAST12P,ausnet:NAST12P,TD-ANS26smb-TOUPFiT,aer_tariff_id,aer-consolidated-2025-26-v5,AER tariff ID (column B of the AER Tariff schedule)
aer-consolidated-2025-26-v5/aer_tariff_id/TD-ANS26smb-TOUSolFiT/ausnet:SSP27,ausnet:SSP27,TD-ANS26smb-TOUSolFiT,aer_tariff_id,aer-consolidated-2025-26-v5,AER tariff ID (column B of the AER Tariff schedule)
aer-consolidated-2025-26-v5/aer_tariff_id/TD-ANS26smb-TOUSolPFiT/ausnet:SSP21,ausnet:SSP21,TD-ANS26smb-TOUSolPFiT,aer_tariff_id,aer-consolidated-2025-26-v5,AER tariff ID (column B of the AER Tariff schedule)
aer-consolidated-2025-26-v5/aer_tariff_id/TD-CPR26oth-HV/citipower:CHVT,citipower:CHVT,TD-CPR26oth-HV,aer_tariff_id,aer-consolidated-2025-26-v5,AER tariff ID (column B of the AER Tariff schedule)
aer-consolidated-2025-26-v5/aer_tariff_id/TD-CPR26oth-HV2/citipower:CHV,citipower:CHV,TD-CPR26oth-HV2,aer_tariff_id,aer-consolidated-2025-26-v5,AER tariff ID (column B of the AER Tariff schedule)
aer-consolidated-2025-26-v5/aer_tariff_id/TD-CPR26oth-LV/citipower:CLLVT,citipower:CLLVT,TD-CPR26oth-LV,aer_tariff_id,aer-consolidated-2025-26-v5,AER tariff ID (column B of the AER Tariff schedule)
aer-consolidated-2025-26-v5/aer_tariff_id/TD-CPR26oth-LV2/citipower:CLLV,citipower:CLLV,TD-CPR26oth-LV2,aer_tariff_id,aer-consolidated-2025-26-v5,AER tariff ID (column B of the AER Tariff schedule)
aer-consolidated-2025-26-v5/aer_tariff_id/TD-CPR26oth-ST/citipower:CST2,citipower:CST2,TD-CPR26oth-ST,aer_tariff_id,aer-consolidated-2025-26-v5,AER tariff ID (column B of the AER Tariff schedule)
aer-consolidated-2025-26-v5/aer_tariff_id/TD-CPR26res-CL/citipower:CDS,citipower:CDS,TD-CPR26res-CL,aer_tariff_id,aer-consolidated-2025-26-v5,AER tariff ID (column B of the AER Tariff schedule)
aer-consolidated-2025-26-v5/aer_tariff_id/TD-CPR26res-Dmd/citipower:CR,citipower:CR,TD-CPR26res-Dmd,aer_tariff_id,aer-consolidated-2025-26-v5,AER tariff ID (column B of the AER Tariff schedule)
aer-consolidated-2025-26-v5/aer_tariff_id/TD-CPR26res-Flat/citipower:C1R,citipower:C1R,TD-CPR26res-Flat,aer_tariff_id,aer-consolidated-2025-26-v5,AER tariff ID (column B of the AER Tariff schedule)
aer-consolidated-2025-26-v5/aer_tariff_id/TD-CPR26res-TOU/citipower:CRTOU,citipower:CRTOU,TD-CPR26res-TOU,aer_tariff_id,aer-consolidated-2025-26-v5,AER tariff ID (column B of the AER Tariff schedule)
aer-consolidated-2025-26-v5/aer_tariff_id/TD-CPR26smb-Dmd/citipower:CG,citipower:CG,TD-CPR26smb-Dmd,aer_tariff_id,aer-consolidated-2025-26-v5,AER tariff ID (column B of the AER Tariff schedule)
aer-consolidated-2025-26-v5/aer_tariff_id/TD-CPR26smb-DmdMed/citipower:CMG,citipower:CMG,TD-CPR26smb-DmdMed,aer_tariff_id,aer-consolidated-2025-26-v5,AER tariff ID (column B of the AER Tariff schedule)
aer-consolidated-2025-26-v5/aer_tariff_id/TD-CPR26smb-Flat/citipower:C1G,citipower:C1G,TD-CPR26smb-Flat,aer_tariff_id,aer-consolidated-2025-26-v5,AER tariff ID (column B of the AER Tariff schedule)
aer-consolidated-2025-26-v5/aer_tariff_id/TD-CPR26smb-TOU/citipower:CGTOU,citipower:CGTOU,TD-CPR26smb-TOU,aer_tariff_id,aer-consolidated-2025-26-v5,AER tariff ID (column B of the AER Tariff schedule)
aer-consolidated-2025-26-v5/aer_tariff_id/TD-CPR26smb-TOUMed/citipower:CMGO21,citipower:CMGO21,TD-CPR26smb-TOUMed,aer_tariff_id,aer-consolidated-2025-26-v5,AER tariff ID (column B of the AER Tariff schedule)
aer-consolidated-2025-26-v5/aer_tariff_id/TD-CPR26smb-Unmtrd/citipower:C2U,citipower:C2U,TD-CPR26smb-Unmtrd,aer_tariff_id,aer-consolidated-2025-26-v5,AER tariff ID (column B of the AER Tariff schedule)
aer-consolidated-2025-26-v5/aer_tariff_id/TD-EGX26oth-Dmd/energex:8300,energex:8300,TD-EGX26oth-Dmd,aer_tariff_id,aer-consolidated-2025-26-v5,AER tariff ID (column B of the AER Tariff schedule)
aer-consolidated-2025-26-v5/aer_tariff_id/TD-EGX26oth-Flat/energex:6700,energex:6700,TD-EGX26oth-Flat,aer_tariff_id,aer-consolidated-2025-26-v5,AER tariff ID (column B of the AER Tariff schedule)
aer-consolidated-2025-26-v5/aer_tariff_id/TD-EGX26oth-Flx/energex:94000,energex:94000,TD-EGX26oth-Flx,aer_tariff_id,aer-consolidated-2025-26-v5,AER tariff ID (column B of the AER Tariff schedule)
aer-consolidated-2025-26-v5/aer_tariff_id/TD-EGX26oth-HVBus/energex:4000,energex:4000,TD-EGX26oth-HVBus,aer_tariff_id,aer-consolidated-2025-26-v5,AER tariff ID (column B of the AER Tariff schedule)
aer-consolidated-2025-26-v5/aer_tariff_id/TD-EGX26oth-HVBusTOUD/energex:92400,energex:92400,TD-EGX26oth-HVBusTOUD,aer_tariff_id,aer-consolidated-2025-26-v5,AER tariff ID (column B of the AER Tariff schedule)
aer-consolidated-2025-26-v5/aer_tariff_id/TD-EGX26oth-HVFlx/energex:92000,energex:92000,TD-EGX26oth-HVFlx,aer_tariff_id,aer-consolidated-2025-26-v5,AER tariff ID (column B of the AER Tariff schedule)
aer-consolidated-2025-26-v5/aer_tariff_id/TD-EGX26oth-HVLineTOUD/energex:92300,energex:92300,TD-EGX26oth-HVLineTOUD,aer_tariff_id,aer-consolidated-2025-26-v5,AER tariff ID (column B of the AER Tariff schedule)
aer-consolidated-2025-26-v5/aer_tariff_id/TD-EGX26oth-HVTOU/energex:7400,energex:7400,TD-EGX26oth-HVTOU,aer_tariff_id,aer-consolidated-2025-26-v5,AER tariff ID (column B of the AER Tariff schedule)
aer-consolidated-2025-26-v5/aer_tariff_id/TD-EGX26oth-Hist1/energex:HSAC,energex:HSAC,TD-EGX26oth-Hist1,aer_tariff_id,aer-consolidated-2025-26-v5,AER tariff ID (column B of the AER Tariff schedule)
aer-consolidated-2025-26-v5/aer_tariff_id/TD-EGX26oth-Hist2/energex:CSAC,energex:CSAC,TD-EGX26oth-Hist2,aer_tariff_id,aer-consolidated-2025-26-v5,AER tariff ID (column B of the AER Tariff schedule)
aer-consolidated-2025-26-v5/aer_tariff_id/TD-EGX26oth-ICCH/energex:1000,energex:1000,TD-EGX26oth-ICCH,aer_tariff_id,aer-consolidated-2025-26-v5,AER tariff ID (column B of the AER Tariff schedule)
aer-consolidated-2025-26-v5/aer_tariff_id/TD-EGX26oth-PriLC/energex:5800,energex:5800,TD-EGX26oth-PriLC,aer_tariff_id,aer-consolidated-2025-26-v5,AER tariff ID (column B of the AER Tariff schedule)
aer-consolidated-2025-26-v5/aer_tariff_id/TD-EGX26oth-SecLC/energex:5900,energex:5900,TD-EGX26oth-SecLC,aer_tariff_id,aer-consolidated-2025-26-v5,AER tariff ID (column B of the AER Tariff schedule)
aer-consolidated-2025-26-v5/aer_tariff_id/TD-EGX26oth-TOU/energex:94300,energex:94300,TD-EGX26oth-TOU,aer_tariff_id,aer-consolidated-2025-26-v5,AER tariff ID (column B of the AER Tariff schedule)
aer-consolidated-2025-26-v5/aer_tariff_id/TD-EGX26oth-TOUD/energex:7200,energex:7200,TD-EGX26oth-TOUD,aer_tariff_id,aer-consolidated-2025-26-v5,AER tariff ID (column B of the AER Tariff schedule)
aer-consolidated-2025-26-v5/aer_tariff_id/TD-EGX26oth-Unmtrd/energex:9600,energex:9600,TD-EGX26oth-Unmtrd,aer_tariff_id,aer-consolidated-2025-26-v5,AER tariff ID (column B of the AER Tariff schedule)
aer-consolidated-2025-26-v5/aer_tariff_id/TD-EGX26res-CL1/energex:9000,energex:9000,TD-EGX26res-CL1,aer_tariff_id,aer-consolidated-2025-26-v5,AER tariff ID (column B of the AER Tariff schedule)
aer-consolidated-2025-26-v5/aer_tariff_id/TD-EGX26res-CL2/energex:9100,energex:9100,TD-EGX26res-CL2,aer_tariff_id,aer-consolidated-2025-26-v5,AER tariff ID (column B of the AER Tariff schedule)
aer-consolidated-2025-26-v5/aer_tariff_id/TD-EGX26res-Dmd/energex:TBA11,energex:TBA11,TD-EGX26res-Dmd,aer_tariff_id,aer-consolidated-2025-26-v5,AER tariff ID (column B of the AER Tariff schedule)
aer-consolidated-2025-26-v5/aer_tariff_id/TD-EGX26res-Flat/energex:8400,energex:8400,TD-EGX26res-Flat,aer_tariff_id,aer-consolidated-2025-26-v5,AER tariff ID (column B of the AER Tariff schedule)
aer-consolidated-2025-26-v5/aer_tariff_id/TD-EGX26res-Flx/energex:TBA13,energex:TBA13,TD-EGX26res-Flx,aer_tariff_id,aer-consolidated-2025-26-v5,AER tariff ID (column B of the AER Tariff schedule)
aer-consolidated-2025-26-v5/aer_tariff_id/TD-EGX26res-TOU/energex:6900,energex:6900,TD-EGX26res-TOU,aer_tariff_id,aer-consolidated-2025-26-v5,AER tariff ID (column B of the AER Tariff schedule)
aer-consolidated-2025-26-v5/aer_tariff_id/TD-EGX26res-TOUD/energex:3900,energex:3900,TD-EGX26res-TOUD,aer_tariff_id,aer-consolidated-2025-26-v5,AER tariff ID (column B of the AER Tariff schedule)
aer-consolidated-2025-26-v5/aer_tariff_id/TD-EGX26smb-Dmd/energex:TBA8,energex:TBA8,TD-EGX26smb-Dmd,aer_tariff_id,aer-consolidated-2025-26-v5,AER tariff ID (column B of the AER Tariff schedule)
aer-consolidated-2025-26-v5/aer_tariff_id/TD-EGX26smb-Flat/energex:8500,energex:8500,TD-EGX26smb-Flat,aer_tariff_id,aer-consolidated-2025-26-v5,AER tariff ID (column B of the AER Tariff schedule)
aer-consolidated-2025-26-v5/aer_tariff_id/TD-EGX26smb-Flx/energex:TBA10,energex:TBA10,TD-EGX26smb-Flx,aer_tariff_id,aer-consolidated-2025-26-v5,AER tariff ID (column B of the AER Tariff schedule)
aer-consolidated-2025-26-v5/aer_tariff_id/TD-EGX26smb-PriLC/energex:5700,energex:5700,TD-EGX26smb-PriLC,aer_tariff_id,aer-consolidated-2025-26-v5,AER tariff ID (column B of the AER Tariff schedule)
aer-consolidated-2025-26-v5/aer_tariff_id/TD-EGX26smb-TOU/energex:6800,energex:6800,TD-EGX26smb-TOU,aer_tariff_id,aer-consolidated-2025-26-v5,AER tariff ID (column B of the AER Tariff schedule)
aer-consolidated-2025-26-v5/aer_tariff_id/TD-EGX26smb-TOUD/energex:3800,energex:3800,TD-EGX26smb-TOUD,aer_tariff_id,aer-consolidated-2025-26-v5,AER tariff ID (column B of the AER Tariff schedule)
aer-consolidated-2025-26-v5/aer_tariff_id/TD-END26oth-DmdEN/endeavour:N20,endeavour:N20,TD-END26oth-DmdEN,aer_tariff_id,aer-consolidated-2025-26-v5,AER tariff ID (column B of the AER Tariff schedule)
aer-consolidated-2025-26-v5/aer_tariff_id/TD-END26oth-DmdHV/endeavour:N29,endeavour:N29,TD-END26oth-DmdHV,aer_tariff_id,aer-consolidated-2025-26-v5,AER tariff ID (column B of the AER Tariff schedule)
aer-consolidated-2025-26-v5/aer_tariff_id/TD-END26oth-DmdLV/endeavour:N19,endeavour:N19,TD-END26oth-DmdLV,aer_tariff_id,aer-consolidated-2025-26-v5,AER tariff ID (column B of the AER Tariff schedule)
aer-consolidated-2025-26-v5/aer_tariff_id/TD-END26oth-DmdST/endeavour:N39,endeavour:N39,TD-END26oth-DmdST,aer_tariff_id,aer-consolidated-2025-26-v5,AER tariff ID (column B of the AER Tariff schedule)
aer-consolidated-2025-26-v5/aer_tariff_id/TD-END26oth-NghtWtch/endeavour:NW,endeavour:NW,TD-END26oth-NghtWtch,aer_tariff_id,aer-consolidated-2025-26-v5,AER tariff ID (column B of the AER Tariff schedule)
aer-consolidated-2025-26-v5/aer_tariff_id/TD-END26oth-PL/endeavour:SL,endeavour:SL,TD-END26oth-PL,aer_tariff_id,aer-consolidated-2025-26-v5,AER tariff ID (column B of the AER Tariff schedule)
aer-consolidated-2025-26-v5/aer_tariff_id/TD-END26oth-TOU/endeavour:N89,endeavour:N89,TD-END26oth-TOU,aer_tariff_id,aer-consolidated-2025-26-v5,AER tariff ID (column B of the AER Tariff schedule)
aer-consolidated-2025-26-v5/aer_tariff_id/TD-END26oth-TrfLghts/endeavour:TL,endeavour:TL,TD-END26oth-TrfLghts,aer_tariff_id,aer-consolidated-2025-26-v5,AER tariff ID (column B of the AER Tariff schedule)
aer-consolidated-2025-26-v5/aer_tariff_id/TD-END26oth-Unmtrd/endeavour:N99,endeavour:N99,TD-END26oth-Unmtrd,aer_tariff_id,aer-consolidated-2025-26-v5,AER tariff ID (column B of the AER Tariff schedule)
aer-consolidated-2025-26-v5/aer_tariff_id/TD-END26res-CL1/endeavour:N50,endeavour:N50,TD-END26res-CL1,aer_tariff_id,aer-consolidated-2025-26-v5,AER tariff ID (column B of the AER Tariff schedule)
aer-consolidated-2025-26-v5/aer_tariff_id/TD-END26res-CL2/endeavour:N54,endeavour:N54,TD-END26res-CL2,aer_tariff_id,aer-consolidated-2025-26-v5,AER tariff ID (column B of the AER Tariff schedule)
aer-consolidated-2025-26-v5/aer_tariff_id/TD-END26res-Dmd/endeavour:N72,endeavour:N72,TD-END26res-Dmd,aer_tariff_id,aer-consolidated-2025-26-v5,AER tariff ID (column B of the AER Tariff schedule)
aer-consolidated-2025-26-v5/aer_tariff_id/TD-END26res-DmdTrans/endeavour:N73,endeavour:N73,TD-END26res-DmdTrans,aer_tariff_id,aer-consolidated-2025-26-v5,AER tariff ID (column B of the AER Tariff schedule)
aer-consolidated-2025-26-v5/aer_tariff_id/TD-END26res-Flat/endeavour:N70,endeavour:N70,TD-END26res-Flat,aer_tariff_id,aer-consolidated-2025-26-v5,AER tariff ID (column B of the AER Tariff schedule)
aer-consolidated-2025-26-v5/aer_tariff_id/TD-END26res-Prosmr/endeavour:N61,endeavour:N61,TD-END26res-Prosmr,aer_tariff_id,aer-consolidated-2025-26-v5,AER tariff ID (column B of the AER Tariff schedule)
aer-consolidated-2025-26-v5/aer_tariff_id/TD-END26res-TOU/endeavour:N71,endeavour:N71,TD-END26res-TOU,aer_tariff_id,aer-consolidated-2025-26-v5,AER tariff ID (column B of the AER Tariff schedule)
aer-consolidated-2025-26-v5/aer_tariff_id/TD-END26smb-Block/endeavour:N90,endeavour:N90,TD-END26smb-Block,aer_tariff_id,aer-consolidated-2025-26-v5,AER tariff ID (column B of the AER Tariff schedule)
aer-consolidated-2025-26-v5/aer_tariff_id/TD-END26smb-Dmd/endeavour:N92,endeavour:N92,TD-END26smb-Dmd,aer_tariff_id,aer-consolidated-2025-26-v5,AER tariff ID (column B of the AER Tariff schedule)
aer-consolidated-2025-26-v5/aer_tariff_id/TD-END26smb-DmdTrans/endeavour:N93,endeavour:N93,TD-END26smb-DmdTrans,aer_tariff_id,aer-consolidated-2025-26-v5,AER tariff ID (column B of the AER Tariff schedule)
aer-consolidated-2025-26-v5/aer_tariff_id/TD-END26smb-Strg/endeavour:N95,endeavour:N95,TD-END26smb-Strg,aer_tariff_id,aer-consolidated-2025-26-v5,AER tariff ID (column B of the AER Tariff schedule)
aer-consolidated-2025-26-v5/aer_tariff_id/TD-END26smb-TOU/endeavour:N91,endeavour:N91,TD-END26smb-TOU,aer_tariff_id,aer-consolidated-2025-26-v5,AER tariff ID (column B of the AER Tariff schedule)
aer-consolidated-2025-26-v5/aer_tariff_id/TD-ERG26oth-Block/ergon:EBESTT1,ergon:EBESTT1,TD-ERG26oth-Block,aer_tariff_id,aer-consolidated-2025-26-v5,AER tariff ID (column B of the AER Tariff schedule)
aer-consolidated-2025-26-v5/aer_tariff_id/TD-ERG26oth-BlockM/ergon:MBESTT4,ergon:MBESTT4,TD-ERG26oth-BlockM,aer_tariff_id,aer-consolidated-2025-26-v5,AER tariff ID (column B of the AER Tariff schedule)
aer-consolidated-2025-26-v5/aer_tariff_id/TD-ERG26oth-BlockW/ergon:WBESTT1,ergon:WBESTT1,TD-ERG26oth-BlockW,aer_tariff_id,aer-consolidated-2025-26-v5,AER tariff ID (column B of the AER Tariff schedule)
aer-consolidated-2025-26-v5/aer_tariff_id/TD-ERG26oth-Dmd/ergon:ETBA10T1,ergon:ETBA10T1,TD-ERG26oth-Dmd,aer_tariff_id,aer-consolidated-2025-26-v5,AER tariff ID (column B of the AER Tariff schedule)
aer-consolidated-2025-26-v5/aer_tariff_id/TD-ERG26oth-DmdM/ergon:MTBA8T4,ergon:MTBA8T4,TD-ERG26oth-DmdM,aer_tariff_id,aer-consolidated-2025-26-v5,AER tariff ID (column B of the AER Tariff schedule)
aer-consolidated-2025-26-v5/aer_tariff_id/TD-ERG26oth-DmdSml/ergon:EDSTT1,ergon:EDSTT1,TD-ERG26oth-DmdSml,aer_tariff_id,aer-consolidated-2025-26-v5,AER tariff ID (column B of the AER Tariff schedule)
aer-consolidated-2025-26-v5/aer_tariff_id/TD-ERG26oth-DmdSmlM/ergon:MDSTT4,ergon:MDSTT4,TD-ERG26oth-DmdSmlM,aer_tariff_id,aer-consolidated-2025-26-v5,AER tariff ID (column B of the AER Tariff schedule)
aer-consolidated-2025-26-v5/aer_tariff_id/TD-ERG26oth-DmdSmlW/ergon:WDSTT1,ergon:WDSTT1,TD-ERG26oth-DmdSmlW,aer_tariff_id,aer-consolidated-2025-26-v5,AER tariff ID (column B of the AER Tariff schedule)
aer-consolidated-2025-26-v5/aer_tariff_id/TD-ERG26oth-DmdW/ergon:WTBA10T1,ergon:WTBA10T1,TD-ERG26oth-DmdW,aer_tariff_id,aer-consolidated-2025-26-v5,AER tariff ID (column B of the AER Tariff schedule)
aer-consolidated-2025-26-v5/aer_tariff_id/TD-ERG26oth-Flx/ergon:ETBA12T1,ergon:ETBA12T1,TD-ERG26oth-Flx,aer_tariff_id,aer-consolidated-2025-26-v5,AER tariff ID (column B of the AER Tariff schedule)
aer-consolidated-2025-26-v5/aer_tariff_id/TD-ERG26oth-FlxLge/ergon:ELFLEXT1,ergon:ELFLEXT1,TD-ERG26oth-FlxLge,aer_tariff_id,aer-consolidated-2025-26-v5,AER tariff ID (column B of the AER Tariff schedule)
aer-consolidated-2025-26-v5/aer_tariff_id/TD-ERG26oth-FlxLgeM/ergon:MLFLEXT4,ergon:MLFLEXT4,TD-ERG26oth-FlxLgeM,aer_tariff_id,aer-consolidated-2025-26-v5,AER tariff ID (column B of the AER Tariff schedule)
aer-consolidated-2025-26-v5/aer_tariff_id/TD-ERG26oth-FlxLgeW/ergon:WLFLEXT1,ergon:WLFLEXT1,TD-ERG26oth-FlxLgeW,aer_tariff_id,aer-consolidated-2025-26-v5,AER tariff ID (column B of the AER Tariff schedule)
aer-consolidated-2025-26-v5/aer_tariff_id/TD-ERG26oth-FlxM/ergon:MTBA10T4,ergon:MTBA10T4,TD-ERG26oth-FlxM,aer_tariff_id,aer-consolidated-2025-26-v5,AER tariff ID (column B of the AER Tariff schedule)
aer-consolidated-2025-26-v5/aer_tariff_id/TD-ERG26oth-FlxW/ergon:WTBA12T1,ergon:WTBA12T1,TD-ERG26oth-FlxW,aer_tariff_id,aer-consolidated-2025-26-v5,AER tariff ID (column B of the AER Tariff schedule)
aer-consolidated-2025-26-v5/aer_tariff_id/TD-ERG26oth-HV33kV/ergon:EC33T1,ergon:EC33T1,TD-ERG26oth-HV33kV,aer_tariff_id,aer-consolidated-2025-26-v5,AER tariff ID (column B of the AER Tariff schedule)
aer-consolidated-2025-26-v5/aer_tariff_id/TD-ERG26oth-HV33kVTOUD/ergon:EC33TOUDT1,ergon:EC33TOUDT1,TD-ERG26oth-HV33kVTOUD,aer_tariff_id,aer-consolidated-2025-26-v5,AER tariff ID (column B of the AER Tariff schedule)
aer-consolidated-2025-26-v5/aer_tariff_id/TD-ERG26oth-HV33kVTOUDW/ergon:WC33TOUDT1,ergon:WC33TOUDT1,TD-ERG26oth-HV33kVTOUDW,aer_tariff_id,aer-consolidated-2025-26-v5,AER tariff ID (column B of the AER Tariff schedule)
aer-consolidated-2025-26-v5/aer_tariff_id/TD-ERG26oth-HV33kVW/ergon:WC33T1,ergon:WC33T1,TD-ERG26oth-HV33kVW,aer_tariff_id,aer-consolidated-2025-26-v5,AER tariff ID (column B of the AER Tariff schedule)
aer-consolidated-2025-26-v5/aer_tariff_id/TD-ERG26oth-HV66kV/ergon:EC66T1,ergon:EC66T1,TD-ERG26oth-HV66kV,aer_tariff_id,aer-consolidated-2025-26-v5,AER tariff ID (column B of the AER Tariff schedule)
aer-consolidated-2025-26-v5/aer_tariff_id/TD-ERG26oth-HV66kVTOUD/ergon:EC66TOUDT1,ergon:EC66TOUDT1,TD-ERG26oth-HV66kVTOUD,aer_tariff_id,aer-consolidated-2025-26-v5,AER tariff ID (column B of the AER Tariff schedule)
aer-consolidated-2025-26-v5/aer_tariff_id/TD-ERG26oth-HV66kVTOUDW/ergon:WC66TOUDT1,ergon:WC66TOUDT1,TD-ERG26oth-HV66kVTOUDW,aer_tariff_id,aer-consolidated-2025-26-v5,AER tariff ID (column B of the AER Tariff schedule)
aer-consolidated-2025-26-v5/aer_tariff_id/TD-ERG26oth-HV66kVW/ergon:WC66T1,ergon:WC66T1,TD-ERG26oth-HV66kVW,aer_tariff_id,aer-consolidated-2025-26-v5,AER tariff ID (column B of the AER Tariff schedule)
aer-consolidated-2025-26-v5/aer_tariff_id/TD-ERG26oth-HVBus/ergon:EC22BT1,ergon:EC22BT1,TD-ERG26oth-HVBus,aer_tariff_id,aer-consolidated-2025-26-v5,AER tariff ID (column B of the AER Tariff schedule)
aer-consolidated-2025-26-v5/aer_tariff_id/TD-ERG26oth-HVBusTOUD/ergon:ECHBTOUDT1,ergon:ECHBTOUDT1,TD-ERG26oth-HVBusTOUD,aer_tariff_id,aer-consolidated-2025-26-v5,AER tariff ID (column B of the AER Tariff schedule)
aer-consolidated-2025-26-v5/aer_tariff_id/TD-ERG26oth-HVBusTOUDW/ergon:WCHBTOUDT1,ergon:WCHBTOUDT1,TD-ERG26oth-HVBusTOUDW,aer_tariff_id,aer-consolidated-2025-26-v5,AER tariff ID (column B of the AER Tariff schedule)
aer-consolidated-2025-26-v5/aer_tariff_id/TD-ERG26oth-HVBusW/ergon:WC22BT1,ergon:WC22BT1,TD-ERG26oth-HVBusW,aer_tariff_id,aer-consolidated-2025-26-v5,AER tariff ID (column B of the AER Tariff schedule)
aer-consolidated-2025-26-v5/aer_tariff_id/TD-ERG26oth-HVFlx/ergon:ECFLEXT1,ergon:ECFLEXT1,TD-ERG26oth-HVFlx,aer_tariff_id,aer-consolidated-2025-26-v5,AER tariff ID (column B of the AER Tariff schedule)
aer-consolidated-2025-26-v5/aer_tariff_id/TD-ERG26oth-HVFlxW/ergon:WCFLEXT1,ergon:WCFLEXT1,TD-ERG26oth-HVFlxW,aer_tariff_id,aer-consolidated-2025-26-v5,AER tariff ID (column B of the AER Tariff schedule)
aer-consolidated-2025-26-v5/aer_tariff_id/TD-ERG26oth-HVLine/ergon:EC22LT1,ergon:EC22LT1,TD-ERG26oth-HVLine,aer_tariff_id,aer-consolidated-2025-26-v5,AER tariff ID (column B of the AER Tariff schedule)
aer-consolidated-2025-26-v5/aer_tariff_id/TD-ERG26oth-HVLineTOUD/ergon:ECHLTOUDT1,ergon:ECHLTOUDT1,TD-ERG26oth-HVLineTOUD,aer_tariff_id,aer-consolidated-2025-26-v5,AER tariff ID (column B of the AER Tariff schedule)
aer-consolidated-2025-26-v5/aer_tariff_id/TD-ERG26oth-HVLineTOUDW/ergon:WCHLTOUDT1,ergon:WCHLTOUDT1,TD-ERG26oth-HVLineTOUDW,aer_tariff_id,aer-consolidated-2025-26-v5,AER tariff ID (column B of the AER Tariff schedule)
aer-consolidated-2025-26-v5/aer_tariff_id/TD-ERG26oth-HVLineW/ergon:WC22LT1,ergon:WC22LT1,TD-ERG26oth-HVLineW,aer_tariff_id,aer-consolidated-2025-26-v5,AER tariff ID (column B of the AER Tariff schedule)
aer-consolidated-2025-26-v5/aer_tariff_id/TD-ERG26oth-PriLC/ergon:ELPLCT1,ergon:ELPLCT1,TD-ERG26oth-PriLC,aer_tariff_id,aer-consolidated-2025-26-v5,AER tariff ID (column B of the AER Tariff schedule)
aer-consolidated-2025-26-v5/aer_tariff_id/TD-ERG26oth-PriLCM/ergon:MLPLCT4,ergon:MLPLCT4,TD-ERG26oth-PriLCM,aer_tariff_id,aer-consolidated-2025-26-v5,AER tariff ID (column B of the AER Tariff schedule)
aer-consolidated-2025-26-v5/aer_tariff_id/TD-ERG26oth-PriLCW/ergon:WLPLCT1,ergon:WLPLCT1,TD-ERG26oth-PriLCW,aer_tariff_id,aer-consolidated-2025-26-v5,AER tariff ID (column B of the AER Tariff schedule)
aer-consolidated-2025-26-v5/aer_tariff_id/TD-ERG26oth-SecLC/ergon:ELSLCT1,ergon:ELSLCT1,TD-ERG26oth-SecLC,aer_tariff_id,aer-consolidated-2025-26-v5,AER tariff ID (column B of the AER Tariff schedule)
aer-consolidated-2025-26-v5/aer_tariff_id/TD-ERG26oth-SecLCM/ergon:MLSLCT4,ergon:MLSLCT4,TD-ERG26oth-SecLCM,aer_tariff_id,aer-consolidated-2025-26-v5,AER tariff ID (column B of the AER Tariff schedule)
aer-consolidated-2025-26-v5/aer_tariff_id/TD-ERG26oth-SecLCW/ergon:WLSLCT1,ergon:WLSLCT1,TD-ERG26oth-SecLCW,aer_tariff_id,aer-consolidated-2025-26-v5,AER tariff ID (column B of the AER Tariff schedule)
aer-consolidated-2025-26-v5/aer_tariff_id/TD-ERG26oth-TOU/ergon:ELTOUET1,ergon:ELTOUET1,TD-ERG26oth-TOU,aer_tariff_id,aer-consolidated-2025-26-v5,AER tariff ID (column B of the AER Tariff schedule)
aer-consolidated-2025-26-v5/aer_tariff_id/TD-ERG26oth-TOUD/ergon:ELTOUDT1,ergon:ELTOUDT1,TD-ERG26oth-TOUD,aer_tariff_id,aer-consolidated-2025-26-v5,AER tariff ID (column B of the AER Tariff schedule)
aer-consolidated-2025-26-v5/aer_tariff_id/TD-ERG26oth-TOUDM/ergon:MLTOUDT4,ergon:MLTOUDT4,TD-ERG26oth-TOUDM,aer_tariff_id,aer-consolidated-2025-26-v5,AER tariff ID (column B of the AER Tariff schedule)
aer-consolidated-2025-26-v5/aer_tariff_id/TD-ERG26oth-TOUDW/ergon:WLTOUDT1,ergon:WLTOUDT1,TD-ERG26oth-TOUDW,aer_tariff_id,aer-consolidated-2025-26-v5,AER tariff ID (column B of the AER Tariff schedule)
aer-consolidated-2025-26-v5/aer_tariff_id/TD-ERG26oth-TOUM/ergon:MLTOUET4,ergon:MLTOUET4,TD-ERG26oth-TOUM,aer_tariff_id,aer-consolidated-2025-26-v5,AER tariff ID (column B of the AER Tariff schedule)
aer-consolidated-2025-26-v5/aer_tariff_id/TD-ERG26oth-TOUW/ergon:WLTOUET1,ergon:WLTOUET1,TD-ERG26oth-TOUW,aer_tariff_id,aer-consolidated-2025-26-v5,AER tariff ID (column B of the AER Tariff schedule)
aer-consolidated-2025-26-v5/aer_tariff_id/TD-ERG26oth-Unmtrd/ergon:EVUT1,ergon:EVUT1,TD-ERG26oth-Unmtrd,aer_tariff_id,aer-consolidated-2025-26-v5,AER tariff ID (column B of the AER Tariff schedule)
aer-consolidated-2025-26-v5/aer_tariff_id/TD-ERG26oth-UnmtrdM/ergon:MVUT4,ergon:MVUT4,TD-ERG26oth-UnmtrdM,aer_tariff_id,aer-consolidated-2025-26-v5,AER tariff ID (column B of the AER Tariff schedule)
aer-consolidated-2025-26-v5/aer_tariff_id/TD-ERG26oth-UnmtrdW/ergon:WVUT1,ergon:WVUT1,TD-ERG26oth-UnmtrdW,aer_tariff_id,aer-consolidated-2025-26-v5,AER tariff ID (column B of the AER Tariff schedule)
aer-consolidated-2025-26-v5/aer_tariff_id/TD-ERG26res-CL1/ergon:EVNT1,ergon:EVNT1,TD-ERG26res-CL1,aer_tariff_id,aer-consolidated-2025-26-v5,AER tariff ID (column B of the AER Tariff schedule)
aer-consolidated-2025-26-v5/aer_tariff_id/TD-ERG26res-CL1M/ergon:MVNT4,ergon:MVNT4,TD-ERG26res-CL1M,aer_tariff_id,aer-consolidated-2025-26-v5,AER tariff ID (column B of the AER Tariff schedule)
aer-consolidated-2025-26-v5/aer_tariff_id/TD-ERG26res-CL1W/ergon:WVNT1,ergon:WVNT1,TD-ERG26res-CL1W,aer_tariff_id,aer-consolidated-2025-26-v5,AER tariff ID (column B of the AER Tariff schedule)
aer-consolidated-2025-26-v5/aer_tariff_id/TD-ERG26res-CL2/ergon:EVCT1,ergon:EVCT1,TD-ERG26res-CL2,aer_tariff_id,aer-consolidated-2025-26-v5,AER tariff ID (column B of the AER Tariff schedule)
aer-consolidated-2025-26-v5/aer_tariff_id/TD-ERG26res-CL2M/ergon:MVCT4,ergon:MVCT4,TD-ERG26res-CL2M,aer_tariff_id,aer-consolidated-2025-26-v5,AER tariff ID (column B of the AER Tariff schedule)
aer-consolidated-2025-26-v5/aer_tariff_id/TD-ERG26res-CL2W/ergon:WVCT1,ergon:WVCT1,TD-ERG26res-CL2W,aer_tariff_id,aer-consolidated-2025-26-v5,AER tariff ID (column B of the AER Tariff schedule)
aer-consolidated-2025-26-v5/aer_tariff_id/TD-ERG26res-Dmd/ergon:ETBA13T1,ergon:ETBA13T1,TD-ERG26res-Dmd,aer_tariff_id,aer-consolidated-2025-26-v5,AER tariff ID (column B of the AER Tariff schedule)
aer-consolidated-2025-26-v5/aer_tariff_id/TD-ERG26res-DmdM/ergon:MTBA11T4,ergon:MTBA11T4,TD-ERG26res-DmdM,aer_tariff_id,aer-consolidated-2025-26-v5,AER tariff ID (column B of the AER Tariff schedule)
aer-consolidated-2025-26-v5/aer_tariff_id/TD-ERG26res-DmdW/ergon:WTBA13T1,ergon:WTBA13T1,TD-ERG26res-DmdW,aer_tariff_id,aer-consolidated-2025-26-v5,AER tariff ID (column B of the AER Tariff schedule)
aer-consolidated-2025-26-v5/aer_tariff_id/TD-ERG26res-Flt/ergon:ERIBT1,ergon:ERIBT1,TD-ERG26res-Flt,aer_tariff_id,aer-consolidated-2025-26-v5,AER tariff ID (column B of the AER Tariff schedule)
aer-consolidated-2025-26-v5/aer_tariff_id/TD-ERG26res-FltM/ergon:MRIBT4,ergon:MRIBT4,TD-ERG26res-FltM,aer_tariff_id,aer-consolidated-2025-26-v5,AER tariff ID (column B of the AER Tariff schedule)
aer-consolidated-2025-26-v5/aer_tariff_id/TD-ERG26res-FltW/ergon:WRIBT1,ergon:WRIBT1,TD-ERG26res-FltW,aer_tariff_id,aer-consolidated-2025-26-v5,AER tariff ID (column B of the AER Tariff schedule)
aer-consolidated-2025-26-v5/aer_tariff_id/TD-ERG26res-Flx/ergon:ETBA15T1,ergon:ETBA15T1,TD-ERG26res-Flx,aer_tariff_id,aer-consolidated-2025-26-v5,AER tariff ID (column B of the AER Tariff schedule)
aer-consolidated-2025-26-v5/aer_tariff_id/TD-ERG26res-FlxM/ergon:MTBA13T4,ergon:MTBA13T4,TD-ERG26res-FlxM,aer_tariff_id,aer-consolidated-2025-26-v5,AER tariff ID (column B of the AER Tariff schedule)
aer-consolidated-2025-26-v5/aer_tariff_id/TD-ERG26res-FlxW/ergon:WTBA15T1,ergon:WTBA15T1,TD-ERG26res-FlxW,aer_tariff_id,aer-consolidated-2025-26-v5,AER tariff ID (column B of the AER Tariff schedule)
aer-consolidated-2025-26-v5/aer_tariff_id/TD-ERG26res-TOU/ergon:ERTOUET1,ergon:ERTOUET1,TD-ERG26res-TOU,aer_tariff_id,aer-consolidated-2025-26-v5,AER tariff ID (column B of the AER Tariff schedule)
aer-consolidated-2025-26-v5/aer_tariff_id/TD-ERG26res-TOUDmd/ergon:ERTDEMT1,ergon:ERTDEMT1,TD-ERG26res-TOUDmd,aer_tariff_id,aer-consolidated-2025-26-v5,AER tariff ID (column B of the AER Tariff schedule)
aer-consolidated-2025-26-v5/aer_tariff_id/TD-ERG26res-TOUDmdM/ergon:MRTDEMT4,ergon:MRTDEMT4,TD-ERG26res-TOUDmdM,aer_tariff_id,aer-consolidated-2025-26-v5,AER tariff ID (column B of the AER Tariff schedule)
aer-consolidated-2025-26-v5/aer_tariff_id/TD-ERG26res-TOUDmdW/ergon:WRTDEMT1,ergon:WRTDEMT1,TD-ERG26res-TOUDmdW,aer_tariff_id,aer-consolidated-2025-26-v5,AER tariff ID (column B of the AER Tariff schedule)
aer-consolidated-2025-26-v5/aer_tariff_id/TD-ERG26res-TOUM/ergon:MRTOUET4,ergon:MRTOUET4,TD-ERG26res-TOUM,aer_tariff_id,aer-consolidated-2025-26-v5,AER tariff ID (column B of the AER Tariff schedule)
aer-consolidated-2025-26-v5/aer_tariff_id/TD-ERG26res-TOUW/ergon:WRTOUET1,ergon:WRTOUET1,TD-ERG26res-TOUW,aer_tariff_id,aer-consolidated-2025-26-v5,AER tariff ID (column B of the AER Tariff schedule)
aer-consolidated-2025-26-v5/aer_tariff_id/TD-ERG26smb-Flt/ergon:EBIBT1,ergon:EBIBT1,TD-ERG26smb-Flt,aer_tariff_id,aer-consolidated-2025-26-v5,AER tariff ID (column B of the AER Tariff schedule)
aer-consolidated-2025-26-v5/aer_tariff_id/TD-ERG26smb-FltM/ergon:MBIBT4,ergon:MBIBT4,TD-ERG26smb-FltM,aer_tariff_id,aer-consolidated-2025-26-v5,AER tariff ID (column B of the AER Tariff schedule)
aer-consolidated-2025-26-v5/aer_tariff_id/TD-ERG26smb-FltW/ergon:WBIBT1,ergon:WBIBT1,TD-ERG26smb-FltW,aer_tariff_id,aer-consolidated-2025-26-v5,AER tariff ID (column B of the AER Tariff schedule)
aer-consolidated-2025-26-v5/aer_tariff_id/TD-ERG26smb-PriLC/ergon:EBPLCT1,ergon:EBPLCT1,TD-ERG26smb-PriLC,aer_tariff_id,aer-consolidated-2025-26-v5,AER tariff ID (column B of the AER Tariff schedule)
aer-consolidated-2025-26-v5/aer_tariff_id/TD-ERG26smb-PriLCM/ergon:MBPLCT4,ergon:MBPLCT4,TD-ERG26smb-PriLCM,aer_tariff_id,aer-consolidated-2025-26-v5,AER tariff ID (column B of the AER Tariff schedule)
aer-consolidated-2025-26-v5/aer_tariff_id/TD-ERG26smb-PriLCW/ergon:WBPLCT1,ergon:WBPLCT1,TD-ERG26smb-PriLCW,aer_tariff_id,aer-consolidated-2025-26-v5,AER tariff ID (column B of the AER Tariff schedule)
aer-consolidated-2025-26-v5/aer_tariff_id/TD-ERG26smb-TOU/ergon:EBTOUET1,ergon:EBTOUET1,TD-ERG26smb-TOU,aer_tariff_id,aer-consolidated-2025-26-v5,AER tariff ID (column B of the AER Tariff schedule)
aer-consolidated-2025-26-v5/aer_tariff_id/TD-ERG26smb-TOUDmd/ergon:EBTDEMT1,ergon:EBTDEMT1,TD-ERG26smb-TOUDmd,aer_tariff_id,aer-consolidated-2025-26-v5,AER tariff ID (column B of the AER Tariff schedule)
aer-consolidated-2025-26-v5/aer_tariff_id/TD-ERG26smb-TOUDmdM/ergon:MBTDEMT4,ergon:MBTDEMT4,TD-ERG26smb-TOUDmdM,aer_tariff_id,aer-consolidated-2025-26-v5,AER tariff ID (column B of the AER Tariff schedule)
aer-consolidated-2025-26-v5/aer_tariff_id/TD-ERG26smb-TOUDmdW/ergon:WBTDEMT1,ergon:WBTDEMT1,TD-ERG26smb-TOUDmdW,aer_tariff_id,aer-consolidated-2025-26-v5,AER tariff ID (column B of the AER Tariff schedule)
aer-consolidated-2025-26-v5/aer_tariff_id/TD-ERG26smb-TOUM/ergon:MBTOUET4,ergon:MBTOUET4,TD-ERG26smb-TOUM,aer_tariff_id,aer-consolidated-2025-26-v5,AER tariff ID (column B of the AER Tariff schedule)
aer-consolidated-2025-26-v5/aer_tariff_id/TD-ERG26smb-TOUW/ergon:WBTOUET1,ergon:WBTOUET1,TD-ERG26smb-TOUW,aer_tariff_id,aer-consolidated-2025-26-v5,AER tariff ID (column B of the AER Tariff schedule)
aer-consolidated-2025-26-v5/aer_tariff_id/TD-ESS26oth-DmdAveHV/essential:BHNS1AO,essential:BHNS1AO,TD-ESS26oth-DmdAveHV,aer_tariff_id,aer-consolidated-2025-26-v5,AER tariff ID (column B of the AER Tariff schedule)
aer-consolidated-2025-26-v5/aer_tariff_id/TD-ESS26oth-DmdAveLV/essential:BLNS1AO,essential:BLNS1AO,TD-ESS26oth-DmdAveLV,aer_tariff_id,aer-consolidated-2025-26-v5,AER tariff ID (column B of the AER Tariff schedule)
aer-consolidated-2025-26-v5/aer_tariff_id/TD-ESS26oth-DmdHV/essential:BHND3AO,essential:BHND3AO,TD-ESS26oth-DmdHV,aer_tariff_id,aer-consolidated-2025-26-v5,AER tariff ID (column B of the AER Tariff schedule)
aer-consolidated-2025-26-v5/aer_tariff_id/TD-ESS26oth-DmdLV/essential:BLND3AO,essential:BLND3AO,TD-ESS26oth-DmdLV,aer_tariff_id,aer-consolidated-2025-26-v5,AER tariff ID (column B of the AER Tariff schedule)
aer-consolidated-2025-26-v5/aer_tariff_id/TD-ESS26oth-DmdLV2/essential:BLND3TO,essential:BLND3TO,TD-ESS26oth-DmdLV2,aer_tariff_id,aer-consolidated-2025-26-v5,AER tariff ID (column B of the AER Tariff schedule)
aer-consolidated-2025-26-v5/aer_tariff_id/TD-ESS26oth-DmdST/essential:BSSD3AO,essential:BSSD3AO,TD-ESS26oth-DmdST,aer_tariff_id,aer-consolidated-2025-26-v5,AER tariff ID (column B of the AER Tariff schedule)
aer-consolidated-2025-26-v5/aer_tariff_id/TD-ESS26oth-DmdTransLV/essential:BLNDTRS,essential:BLNDTRS,TD-ESS26oth-DmdTransLV,aer_tariff_id,aer-consolidated-2025-26-v5,AER tariff ID (column B of the AER Tariff schedule)
aer-consolidated-2025-26-v5/aer_tariff_id/TD-ESS26oth-PL/essential:BLNP1AO,essential:BLNP1AO,TD-ESS26oth-PL,aer_tariff_id,aer-consolidated-2025-26-v5,AER tariff ID (column B of the AER Tariff schedule)
aer-consolidated-2025-26-v5/aer_tariff_id/TD-ESS26oth-Strg/essential:BLND4SB,essential:BLND4SB,TD-ESS26oth-Strg,aer_tariff_id,aer-consolidated-2025-26-v5,AER tariff ID (column B of the AER Tariff schedule)
aer-consolidated-2025-26-v5/aer_tariff_id/TD-ESS26oth-StrgHV/essential:BHND4LS,essential:BHND4LS,TD-ESS26oth-StrgHV,aer_tariff_id,aer-consolidated-2025-26-v5,AER tariff ID (column B of the AER Tariff schedule)
aer-consolidated-2025-26-v5/aer_tariff_id/TD-ESS26oth-StrgLV/essential:BLND4LS,essential:BLND4LS,TD-ESS26oth-StrgLV,aer_tariff_id,aer-consolidated-2025-26-v5,AER tariff ID (column B of the AER Tariff schedule)
aer-consolidated-2025-26-v5/aer_tariff_id/TD-ESS26oth-TOUPL/essential:BLNP3AO,essential:BLNP3AO,TD-ESS26oth-TOUPL,aer_tariff_id,aer-consolidated-2025-26-v5,AER tariff ID (column B of the AER Tariff schedule)
aer-consolidated-2025-26-v5/aer_tariff_id/TD-ESS26res-CL1/essential:BLNC1AU,essential:BLNC1AU,TD-ESS26res-CL1,aer_tariff_id,aer-consolidated-2025-26-v5,AER tariff ID (column B of the AER Tariff schedule)
aer-consolidated-2025-26-v5/aer_tariff_id/TD-ESS26res-CL2/essential:BLNC2AU,essential:BLNC2AU,TD-ESS26res-CL2,aer_tariff_id,aer-consolidated-2025-26-v5,AER tariff ID (column B of the AER Tariff schedule)
aer-consolidated-2025-26-v5/aer_tariff_id/TD-ESS26res-Dmd/essential:BLND1AR,essential:BLND1AR,TD-ESS26res-Dmd,aer_tariff_id,aer-consolidated-2025-26-v5,AER tariff ID (column B of the AER Tariff schedule)
aer-consolidated-2025-26-v5/aer_tariff_id/TD-ESS26res-Flat/essential:BLNN2AU,essential:BLNN2AU,TD-ESS26res-Flat,aer_tariff_id,aer-consolidated-2025-26-v5,AER tariff ID (column B of the AER Tariff schedule)
aer-consolidated-2025-26-v5/aer_tariff_id/TD-ESS26res-SunSoak/essential:BLNRSS2,essential:BLNRSS2,TD-ESS26res-SunSoak,aer_tariff_id,aer-consolidated-2025-26-v5,AER tariff ID (column B of the AER Tariff schedule)
aer-consolidated-2025-26-v5/aer_tariff_id/TD-ESS26res-TOU/essential:BLNT3AU,essential:BLNT3AU,TD-ESS26res-TOU,aer_tariff_id,aer-consolidated-2025-26-v5,AER tariff ID (column B of the AER Tariff schedule)
aer-consolidated-2025-26-v5/aer_tariff_id/TD-ESS26res-TOUInt/essential:BLNT3AL,essential:BLNT3AL,TD-ESS26res-TOUInt,aer_tariff_id,aer-consolidated-2025-26-v5,AER tariff ID (column B of the AER Tariff schedule)
aer-consolidated-2025-26-v5/aer_tariff_id/TD-ESS26smb-Dmd/essential:BLND1AB,essential:BLND1AB,TD-ESS26smb-Dmd,aer_tariff_id,aer-consolidated-2025-26-v5,AER tariff ID (column B of the AER Tariff schedule)
aer-consolidated-2025-26-v5/aer_tariff_id/TD-ESS26smb-Flat/essential:BLNN1AU,essential:BLNN1AU,TD-ESS26smb-Flat,aer_tariff_id,aer-consolidated-2025-26-v5,AER tariff ID (column B of the AER Tariff schedule)
aer-consolidated-2025-26-v5/aer_tariff_id/TD-ESS26smb-SunSoak/essential:BLNBSS1,essential:BLNBSS1,TD-ESS26smb-SunSoak,aer_tariff_id,aer-consolidated-2025-26-v5,AER tariff ID (column B of the AER Tariff schedule)
aer-consolidated-2025-26-v5/aer_tariff_id/TD-ESS26smb-TOU/essential:BLNT2AU,essential:BLNT2AU,TD-ESS26smb-TOU,aer_tariff_id,aer-consolidated-2025-26-v5,AER tariff ID (column B of the AER Tariff schedule)
aer-consolidated-2025-26-v5/aer_tariff_id/TD-ESS26smb-TOU2/essential:BLNT1AO,essential:BLNT1AO,TD-ESS26smb-TOU2,aer_tariff_id,aer-consolidated-2025-26-v5,AER tariff ID (column B of the AER Tariff schedule)
aer-consolidated-2025-26-v5/aer_tariff_id/TD-ESS26smb-TOUInt/essential:BLNT2AL,essential:BLNT2AL,TD-ESS26smb-TOUInt,aer_tariff_id,aer-consolidated-2025-26-v5,AER tariff ID (column B of the AER Tariff schedule)
aer-consolidated-2025-26-v5/aer_tariff_id/TD-EVO26oth-BattComm/evoenergy:109,evoenergy:109,TD-EVO26oth-BattComm,aer_tariff_id,aer-consolidated-2025-26-v5,AER tariff ID (column B of the AER Tariff schedule)
aer-consolidated-2025-26-v5/aer_tariff_id/TD-EVO26oth-BattCommHV/evoenergy:124,evoenergy:124,TD-EVO26oth-BattCommHV,aer_tariff_id,aer-consolidated-2025-26-v5,AER tariff ID (column B of the AER Tariff schedule)
aer-consolidated-2025-26-v5/aer_tariff_id/TD-EVO26oth-BattRes/evoenergy:108,evoenergy:108,TD-EVO26oth-BattRes,aer_tariff_id,aer-consolidated-2025-26-v5,AER tariff ID (column B of the AER Tariff schedule)
aer-consolidated-2025-26-v5/aer_tariff_id/TD-EVO26oth-BattResHV/evoenergy:123,evoenergy:123,TD-EVO26oth-BattResHV,aer_tariff_id,aer-consolidated-2025-26-v5,AER tariff ID (column B of the AER Tariff schedule)
aer-consolidated-2025-26-v5/aer_tariff_id/TD-EVO26oth-Cap/evoenergy:103,evoenergy:103,TD-EVO26oth-Cap,aer_tariff_id,aer-consolidated-2025-26-v5,AER tariff ID (column B of the AER Tariff schedule)
aer-consolidated-2025-26-v5/aer_tariff_id/TD-EVO26oth-Cap/evoenergy:105,evoenergy:105,TD-EVO26oth-Cap,aer_tariff_id,aer-consolidated-2025-26-v5,AER tariff ID (column B of the AER Tariff schedule)
aer-consolidated-2025-26-v5/aer_tariff_id/TD-EVO26oth-Dmd/evoenergy:101,evoenergy:101,TD-EVO26oth-Dmd,aer_tariff_id,aer-consolidated-2025-26-v5,AER tariff ID (column B of the AER Tariff schedule)
aer-consolidated-2025-26-v5/aer_tariff_id/TD-EVO26oth-Dmd/evoenergy:104,evoenergy:104,TD-EVO26oth-Dmd,aer_tariff_id,aer-consolidated-2025-26-v5,AER tariff ID (column B of the AER Tariff schedule)
aer-consolidated-2025-26-v5/aer_tariff_id/TD-EVO26oth-DmdHVCommHV/evoenergy:122,evoenergy:122,TD-EVO26oth-DmdHVCommHV,aer_tariff_id,aer-consolidated-2025-26-v5,AER tariff ID (column B of the AER Tariff schedule)
aer-consolidated-2025-26-v5/aer_tariff_id/TD-EVO26oth-DmdHVCommLV/evoenergy:121,evoenergy:121,TD-EVO26oth-DmdHVCommLV,aer_tariff_id,aer-consolidated-2025-26-v5,AER tariff ID (column B of the AER Tariff schedule)
aer-consolidated-2025-26-v5/aer_tariff_id/TD-EVO26oth-PL/evoenergy:080,evoenergy:080,TD-EVO26oth-PL,aer_tariff_id,aer-consolidated-2025-26-v5,AER tariff ID (column B of the AER Tariff schedule)
aer-consolidated-2025-26-v5/aer_tariff_id/TD-EVO26oth-Unmtrd/evoenergy:135,evoenergy:135,TD-EVO26oth-Unmtrd,aer_tariff_id,aer-consolidated-2025-26-v5,AER tariff ID (column B of the AER Tariff schedule)
aer-consolidated-2025-26-v5/aer_tariff_id/TD-EVO26res-Blk/evoenergy:020,evoenergy:020,TD-EVO26res-Blk,aer_tariff_id,aer-consolidated-2025-26-v5,AER tariff ID (column B of the AER Tariff schedule)
aer-consolidated-2025-26-v5/aer_tariff_id/TD-EVO26res-Blk/evoenergy:021,evoenergy:021,TD-EVO26res-Blk,aer_tariff_id,aer-consolidated-2025-26-v5,AER tariff ID (column B of the AER Tariff schedule)
aer-consolidated-2025-26-v5/aer_tariff_id/TD-EVO26res-BlkHP/evoenergy:030,evoenergy:030,TD-EVO26res-BlkHP,aer_tariff_id,aer-consolidated-2025-26-v5,AER tariff ID (column B of the AER Tariff schedule)
aer-consolidated-2025-26-v5/aer_tariff_id/TD-EVO26res-BlkHP/evoenergy:031,evoenergy:031,TD-EVO26res-BlkHP,aer_tariff_id,aer-consolidated-2025-26-v5,AER tariff ID (column B of the AER Tariff schedule)
aer-consolidated-2025-26-v5/aer_tariff_id/TD-EVO26res-CL1/evoenergy:060,evoenergy:060,TD-EVO26res-CL1,aer_tariff_id,aer-consolidated-2025-26-v5,AER tariff ID (column B of the AER Tariff schedule)
aer-consolidated-2025-26-v5/aer_tariff_id/TD-EVO26res-CL2/evoenergy:070,evoenergy:070,TD-EVO26res-CL2,aer_tariff_id,aer-consolidated-2025-26-v5,AER tariff ID (column B of the AER Tariff schedule)
aer-consolidated-2025-26-v5/aer_tariff_id/TD-EVO26res-Dmd/evoenergy:025,evoenergy:025,TD-EVO26res-Dmd,aer_tariff_id,aer-consolidated-2025-26-v5,AER tariff ID (column B of the AER Tariff schedule)
aer-consolidated-2025-26-v5/aer_tariff_id/TD-EVO26res-Dmd/evoenergy:026,evoenergy:026,TD-EVO26res-Dmd,aer_tariff_id,aer-consolidated-2025-26-v5,AER tariff ID (column B of the AER Tariff schedule)
aer-consolidated-2025-26-v5/aer_tariff_id/TD-EVO26res-Dmd2/evoenergy:023,evoenergy:023,TD-EVO26res-Dmd2,aer_tariff_id,aer-consolidated-2025-26-v5,AER tariff ID (column B of the AER Tariff schedule)
aer-consolidated-2025-26-v5/aer_tariff_id/TD-EVO26res-Dmd2/evoenergy:024,evoenergy:024,TD-EVO26res-Dmd2,aer_tariff_id,aer-consolidated-2025-26-v5,AER tariff ID (column B of the AER Tariff schedule)
aer-consolidated-2025-26-v5/aer_tariff_id/TD-EVO26res-Flat/evoenergy:010,evoenergy:010,TD-EVO26res-Flat,aer_tariff_id,aer-consolidated-2025-26-v5,AER tariff ID (column B of the AER Tariff schedule)
aer-consolidated-2025-26-v5/aer_tariff_id/TD-EVO26res-Flat/evoenergy:011,evoenergy:011,TD-EVO26res-Flat,aer_tariff_id,aer-consolidated-2025-26-v5,AER tariff ID (column B of the AER Tariff schedule)
aer-consolidated-2025-26-v5/aer_tariff_id/TD-EVO26res-TOU/evoenergy:015,evoenergy:015,TD-EVO26res-TOU,aer_tariff_id,aer-consolidated-2025-26-v5,AER tariff ID (column B of the AER Tariff schedule)
aer-consolidated-2025-26-v5/aer_tariff_id/TD-EVO26res-TOU/evoenergy:016,evoenergy:016,TD-EVO26res-TOU,aer_tariff_id,aer-consolidated-2025-26-v5,AER tariff ID (column B of the AER Tariff schedule)
aer-consolidated-2025-26-v5/aer_tariff_id/TD-EVO26res-TOU2/evoenergy:017,evoenergy:017,TD-EVO26res-TOU2,aer_tariff_id,aer-consolidated-2025-26-v5,AER tariff ID (column B of the AER Tariff schedule)
aer-consolidated-2025-26-v5/aer_tariff_id/TD-EVO26res-TOU2/evoenergy:018,evoenergy:018,TD-EVO26res-TOU2,aer_tariff_id,aer-consolidated-2025-26-v5,AER tariff ID (column B of the AER Tariff schedule)
aer-consolidated-2025-26-v5/aer_tariff_id/TD-EVO26smb-Blk/evoenergy:040,evoenergy:040,TD-EVO26smb-Blk,aer_tariff_id,aer-consolidated-2025-26-v5,AER tariff ID (column B of the AER Tariff schedule)
aer-consolidated-2025-26-v5/aer_tariff_id/TD-EVO26smb-Blk/evoenergy:041,evoenergy:041,TD-EVO26smb-Blk,aer_tariff_id,aer-consolidated-2025-26-v5,AER tariff ID (column B of the AER Tariff schedule)
aer-consolidated-2025-26-v5/aer_tariff_id/TD-EVO26smb-Dmd/evoenergy:106,evoenergy:106,TD-EVO26smb-Dmd,aer_tariff_id,aer-consolidated-2025-26-v5,AER tariff ID (column B of the AER Tariff schedule)
aer-consolidated-2025-26-v5/aer_tariff_id/TD-EVO26smb-Dmd/evoenergy:107,evoenergy:107,TD-EVO26smb-Dmd,aer_tariff_id,aer-consolidated-2025-26-v5,AER tariff ID (column B of the AER Tariff schedule)
aer-consolidated-2025-26-v5/aer_tariff_id/TD-EVO26smb-TOU/evoenergy:090,evoenergy:090,TD-EVO26smb-TOU,aer_tariff_id,aer-consolidated-2025-26-v5,AER tariff ID (column B of the AER Tariff schedule)
aer-consolidated-2025-26-v5/aer_tariff_id/TD-EVO26smb-TOU/evoenergy:091,evoenergy:091,TD-EVO26smb-TOU,aer_tariff_id,aer-consolidated-2025-26-v5,AER tariff ID (column B of the AER Tariff schedule)
aer-consolidated-2025-26-v5/aer_tariff_id/TD-JEN26oth-HV/jemena:A400,jemena:A400,TD-JEN26oth-HV,aer_tariff_id,aer-consolidated-2025-26-v5,AER tariff ID (column B of the AER Tariff schedule)
aer-consolidated-2025-26-v5/aer_tariff_id/TD-JEN26oth-HVEN/jemena:A40C,jemena:A40C,TD-JEN26oth-HVEN,aer_tariff_id,aer-consolidated-2025-26-v5,AER tariff ID (column B of the AER Tariff schedule)
aer-consolidated-2025-26-v5/aer_tariff_id/TD-JEN26oth-LV<0.8/jemena:A300,jemena:A300,TD-JEN26oth-LV<0.8,aer_tariff_id,aer-consolidated-2025-26-v5,AER tariff ID (column B of the AER Tariff schedule)
aer-consolidated-2025-26-v5/aer_tariff_id/TD-JEN26oth-LV<2.2/jemena:A320,jemena:A320,TD-JEN26oth-LV<2.2,aer_tariff_id,aer-consolidated-2025-26-v5,AER tariff ID (column B of the AER Tariff schedule)
aer-consolidated-2025-26-v5/aer_tariff_id/TD-JEN26oth-LV<6.0/jemena:A340,jemena:A340,TD-JEN26oth-LV<6.0,aer_tariff_id,aer-consolidated-2025-26-v5,AER tariff ID (column B of the AER Tariff schedule)
aer-consolidated-2025-26-v5/aer_tariff_id/TD-JEN26oth-LV>6.0/jemena:A370,jemena:A370,TD-JEN26oth-LV>6.0,aer_tariff_id,aer-consolidated-2025-26-v5,AER tariff ID (column B of the AER Tariff schedule)
aer-consolidated-2025-26-v5/aer_tariff_id/TD-JEN26oth-LVCR<0.8/jemena:A30C,jemena:A30C,TD-JEN26oth-LVCR<0.8,aer_tariff_id,aer-consolidated-2025-26-v5,AER tariff ID (column B of the AER Tariff schedule)
aer-consolidated-2025-26-v5/aer_tariff_id/TD-JEN26oth-LVCR<2.2/jemena:A32C,jemena:A32C,TD-JEN26oth-LVCR<2.2,aer_tariff_id,aer-consolidated-2025-26-v5,AER tariff ID (column B of the AER Tariff schedule)
aer-consolidated-2025-26-v5/aer_tariff_id/TD-JEN26oth-LVCR<6.0/jemena:A34C,jemena:A34C,TD-JEN26oth-LVCR<6.0,aer_tariff_id,aer-consolidated-2025-26-v5,AER tariff ID (column B of the AER Tariff schedule)
aer-consolidated-2025-26-v5/aer_tariff_id/TD-JEN26oth-LVCR>6.0/jemena:A37T,jemena:A37T,TD-JEN26oth-LVCR>6.0,aer_tariff_id,aer-consolidated-2025-26-v5,AER tariff ID (column B of the AER Tariff schedule)
aer-consolidated-2025-26-v5/aer_tariff_id/TD-JEN26oth-LVEN<0.8/jemena:A30E,jemena:A30E,TD-JEN26oth-LVEN<0.8,aer_tariff_id,aer-consolidated-2025-26-v5,AER tariff ID (column B of the AER Tariff schedule)
aer-consolidated-2025-26-v5/aer_tariff_id/TD-JEN26oth-LVEN<2.2/jemena:A32E,jemena:A32E,TD-JEN26oth-LVEN<2.2,aer_tariff_id,aer-consolidated-2025-26-v5,AER tariff ID (column B of the AER Tariff schedule)
aer-consolidated-2025-26-v5/aer_tariff_id/TD-JEN26oth-LVMS>6.0/jemena:A37M,jemena:A37M,TD-JEN26oth-LVMS>6.0,aer_tariff_id,aer-consolidated-2025-26-v5,AER tariff ID (column B of the AER Tariff schedule)
aer-consolidated-2025-26-v5/aer_tariff_id/TD-JEN26res-CL/jemena:A180,jemena:A180,TD-JEN26res-CL,aer_tariff_id,aer-consolidated-2025-26-v5,AER tariff ID (column B of the AER Tariff schedule)
aer-consolidated-2025-26-v5/aer_tariff_id/TD-JEN26res-Dmd/jemena:A10D,jemena:A10D,TD-JEN26res-Dmd,aer_tariff_id,aer-consolidated-2025-26-v5,AER tariff ID (column B of the AER Tariff schedule)
aer-consolidated-2025-26-v5/aer_tariff_id/TD-JEN26res-Flat/jemena:A100,jemena:A100,TD-JEN26res-Flat,aer_tariff_id,aer-consolidated-2025-26-v5,AER tariff ID (column B of the AER Tariff schedule)
aer-consolidated-2025-26-v5/aer_tariff_id/TD-JEN26res-TOU/jemena:A120,jemena:A120,TD-JEN26res-TOU,aer_tariff_id,aer-consolidated-2025-26-v5,AER tariff ID (column B of the AER Tariff schedule)
aer-consolidated-2025-26-v5/aer_tariff_id/TD-JEN26smb-Dmd/jemena:A20D,jemena:A20D,TD-JEN26smb-Dmd,aer_tariff_id,aer-consolidated-2025-26-v5,AER tariff ID (column B of the AER Tariff schedule)
aer-consolidated-2025-26-v5/aer_tariff_id/TD-JEN26smb-Flat/jemena:A200,jemena:A200,TD-JEN26smb-Flat,aer_tariff_id,aer-consolidated-2025-26-v5,AER tariff ID (column B of the AER Tariff schedule)
aer-consolidated-2025-26-v5/aer_tariff_id/TD-JEN26smb-TOU/jemena:A23N,jemena:A23N,TD-JEN26smb-TOU,aer_tariff_id,aer-consolidated-2025-26-v5,AER tariff ID (column B of the AER Tariff schedule)
aer-consolidated-2025-26-v5/aer_tariff_id/TD-JEN26smb-TOUDmd/jemena:A270,jemena:A270,TD-JEN26smb-TOUDmd,aer_tariff_id,aer-consolidated-2025-26-v5,AER tariff ID (column B of the AER Tariff schedule)
aer-consolidated-2025-26-v5/aer_tariff_id/TD-JEN26smb-TOUWk/jemena:A210,jemena:A210,TD-JEN26smb-TOUWk,aer_tariff_id,aer-consolidated-2025-26-v5,AER tariff ID (column B of the AER Tariff schedule)
aer-consolidated-2025-26-v5/aer_tariff_id/TD-JEN26smb-TOUWkDmd/jemena:A230,jemena:A230,TD-JEN26smb-TOUWkDmd,aer_tariff_id,aer-consolidated-2025-26-v5,AER tariff ID (column B of the AER Tariff schedule)
aer-consolidated-2025-26-v5/aer_tariff_id/TD-JEN26smb-Unmtrd/jemena:A290,jemena:A290,TD-JEN26smb-Unmtrd,aer_tariff_id,aer-consolidated-2025-26-v5,AER tariff ID (column B of the AER Tariff schedule)
aer-consolidated-2025-26-v5/aer_tariff_id/TD-PCR26oth-DmdMed/powercor:NDM,powercor:NDM,TD-PCR26oth-DmdMed,aer_tariff_id,aer-consolidated-2025-26-v5,AER tariff ID (column B of the AER Tariff schedule)
aer-consolidated-2025-26-v5/aer_tariff_id/TD-PCR26oth-HV/powercor:HVT,powercor:HVT,TD-PCR26oth-HV,aer_tariff_id,aer-consolidated-2025-26-v5,AER tariff ID (column B of the AER Tariff schedule)
aer-consolidated-2025-26-v5/aer_tariff_id/TD-PCR26oth-HV2/powercor:HV,powercor:HV,TD-PCR26oth-HV2,aer_tariff_id,aer-consolidated-2025-26-v5,AER tariff ID (column B of the AER Tariff schedule)
aer-consolidated-2025-26-v5/aer_tariff_id/TD-PCR26oth-LV/powercor:LLVT,powercor:LLVT,TD-PCR26oth-LV,aer_tariff_id,aer-consolidated-2025-26-v5,AER tariff ID (column B of the AER Tariff schedule)
aer-consolidated-2025-26-v5/aer_tariff_id/TD-PCR26oth-LV2/powercor:LLV,powercor:LLV,TD-PCR26oth-LV2,aer_tariff_id,aer-consolidated-2025-26-v5,AER tariff ID (column B of the AER Tariff schedule)
aer-consolidated-2025-26-v5/aer_tariff_id/TD-PCR26oth-ST/powercor:STT,powercor:STT,TD-PCR26oth-ST,aer_tariff_id,aer-consolidated-2025-26-v5,AER tariff ID (column B of the AER Tariff schedule)
aer-consolidated-2025-26-v5/aer_tariff_id/TD-PCR26oth-TOUMed/powercor:NDMO,powercor:NDMO,TD-PCR26oth-TOUMed,aer_tariff_id,aer-consolidated-2025-26-v5,AER tariff ID (column B of the AER Tariff schedule)
aer-consolidated-2025-26-v5/aer_tariff_id/TD-PCR26res-CL/powercor:DD1,powercor:DD1,TD-PCR26res-CL,aer_tariff_id,aer-consolidated-2025-26-v5,AER tariff ID (column B of the AER Tariff schedule)
aer-consolidated-2025-26-v5/aer_tariff_id/TD-PCR26res-Dmd/powercor:DD,powercor:DD,TD-PCR26res-Dmd,aer_tariff_id,aer-consolidated-2025-26-v5,AER tariff ID (column B of the AER Tariff schedule)
aer-consolidated-2025-26-v5/aer_tariff_id/TD-PCR26res-Flat/powercor:D1,powercor:D1,TD-PCR26res-Flat,aer_tariff_id,aer-consolidated-2025-26-v5,AER tariff ID (column B of the AER Tariff schedule)
aer-consolidated-2025-26-v5/aer_tariff_id/TD-PCR26res-TOU/powercor:PRTOU,powercor:PRTOU,TD-PCR26res-TOU,aer_tariff_id,aer-consolidated-2025-26-v5,AER tariff ID (column B of the AER Tariff schedule)
aer-consolidated-2025-26-v5/aer_tariff_id/TD-PCR26smb-Dmd/powercor:NDD,powercor:NDD,TD-PCR26smb-Dmd,aer_tariff_id,aer-consolidated-2025-26-v5,AER tariff ID (column B of the AER Tariff schedule)
aer-consolidated-2025-26-v5/aer_tariff_id/TD-PCR26smb-Flat/powercor:ND1,powercor:ND1,TD-PCR26smb-Flat,aer_tariff_id,aer-consolidated-2025-26-v5,AER tariff ID (column B of the AER Tariff schedule)
aer-consolidated-2025-26-v5/aer_tariff_id/TD-PCR26smb-TOU/powercor:NDTOU,powercor:NDTOU,TD-PCR26smb-TOU,aer_tariff_id,aer-consolidated-2025-26-v5,AER tariff ID (column B of the AER Tariff schedule)
aer-consolidated-2025-26-v5/aer_tariff_id/TD-PCR26smb-Unmtrd/powercor:PL2,powercor:PL2,TD-PCR26smb-Unmtrd,aer_tariff_id,aer-consolidated-2025-26-v5,AER tariff ID (column B of the AER Tariff schedule)
aer-consolidated-2025-26-v5/aer_tariff_id/TD-PWC26oth-DmdHV/powerwater:TARIFF6,powerwater:TARIFF6,TD-PWC26oth-DmdHV,aer_tariff_id,aer-consolidated-2025-26-v5,AER tariff ID (column B of the AER Tariff schedule)
aer-consolidated-2025-26-v5/aer_tariff_id/TD-PWC26oth-DmdLV/powerwater:TARIFF5,powerwater:TARIFF5,TD-PWC26oth-DmdLV,aer_tariff_id,aer-consolidated-2025-26-v5,AER tariff ID (column B of the AER Tariff schedule)
aer-consolidated-2025-26-v5/aer_tariff_id/TD-PWC26oth-Unmtrd/powerwater:TARIFF4,powerwater:TARIFF4,TD-PWC26oth-Unmtrd,aer_tariff_id,aer-consolidated-2025-26-v5,AER tariff ID (column B of the AER Tariff schedule)
aer-consolidated-2025-26-v5/aer_tariff_id/TD-PWC26res-Flat/powerwater:TARIFF1,powerwater:TARIFF1,TD-PWC26res-Flat,aer_tariff_id,aer-consolidated-2025-26-v5,AER tariff ID (column B of the AER Tariff schedule)
aer-consolidated-2025-26-v5/aer_tariff_id/TD-PWC26res-TOU/powerwater:TARIFF3A,powerwater:TARIFF3A,TD-PWC26res-TOU,aer_tariff_id,aer-consolidated-2025-26-v5,AER tariff ID (column B of the AER Tariff schedule)
aer-consolidated-2025-26-v5/aer_tariff_id/TD-PWC26smb-Flat/powerwater:TARIFF2,powerwater:TARIFF2,TD-PWC26smb-Flat,aer_tariff_id,aer-consolidated-2025-26-v5,AER tariff ID (column B of the AER Tariff schedule)
aer-consolidated-2025-26-v5/aer_tariff_id/TD-PWC26smb-TOU/powerwater:TARIFF3B,powerwater:TARIFF3B,TD-PWC26smb-TOU,aer_tariff_id,aer-consolidated-2025-26-v5,AER tariff ID (column B of the AER Tariff schedule)
aer-consolidated-2025-26-v5/aer_tariff_id/TD-PWC26smb-TOULge/powerwater:TARIFF3C,powerwater:TARIFF3C,TD-PWC26smb-TOULge,aer_tariff_id,aer-consolidated-2025-26-v5,AER tariff ID (column B of the AER Tariff schedule)
aer-consolidated-2025-26-v5/aer_tariff_id/TD-SPN26oth-DmdAnn/sapn:LBAD,sapn:LBAD,TD-SPN26oth-DmdAnn,aer_tariff_id,aer-consolidated-2025-26-v5,AER tariff ID (column B of the AER Tariff schedule)
aer-consolidated-2025-26-v5/aer_tariff_id/TD-SPN26oth-DmdAnnHV/sapn:HVAD,sapn:HVAD,TD-SPN26oth-DmdAnnHV,aer_tariff_id,aer-consolidated-2025-26-v5,AER tariff ID (column B of the AER Tariff schedule)
aer-consolidated-2025-26-v5/aer_tariff_id/TD-SPN26oth-DmdAnnHV<500kVA/sapn:HVAD500,sapn:HVAD500,TD-SPN26oth-DmdAnnHV<500kVA,aer_tariff_id,aer-consolidated-2025-26-v5,AER tariff ID (column B of the AER Tariff schedule)
aer-consolidated-2025-26-v5/aer_tariff_id/TD-SPN26oth-DmdFlx/sapn:LBADF,sapn:LBADF,TD-SPN26oth-DmdFlx,aer_tariff_id,aer-consolidated-2025-26-v5,AER tariff ID (column B of the AER Tariff schedule)
aer-consolidated-2025-26-v5/aer_tariff_id/TD-SPN26oth-DmdFlxHV/sapn:HVADF,sapn:HVADF,TD-SPN26oth-DmdFlxHV,aer_tariff_id,aer-consolidated-2025-26-v5,AER tariff ID (column B of the AER Tariff schedule)
aer-consolidated-2025-26-v5/aer_tariff_id/TD-SPN26oth-DmdMth/sapn:LBMD,sapn:LBMD,TD-SPN26oth-DmdMth,aer_tariff_id,aer-consolidated-2025-26-v5,AER tariff ID (column B of the AER Tariff schedule)
aer-consolidated-2025-26-v5/aer_tariff_id/TD-SPN26oth-DmdMthHV/sapn:HVMD,sapn:HVMD,TD-SPN26oth-DmdMthHV,aer_tariff_id,aer-consolidated-2025-26-v5,AER tariff ID (column B of the AER Tariff schedule)
aer-consolidated-2025-26-v5/aer_tariff_id/TD-SPN26oth-Genrtn/sapn:LBG,sapn:LBG,TD-SPN26oth-Genrtn,aer_tariff_id,aer-consolidated-2025-26-v5,AER tariff ID (column B of the AER Tariff schedule)
aer-consolidated-2025-26-v5/aer_tariff_id/TD-SPN26oth-GenrtnFlx/sapn:LBGF,sapn:LBGF,TD-SPN26oth-GenrtnFlx,aer_tariff_id,aer-consolidated-2025-26-v5,AER tariff ID (column B of the AER Tariff schedule)
aer-consolidated-2025-26-v5/aer_tariff_id/TD-SPN26oth-GenrtnFlxHV/sapn:HVBGF,sapn:HVBGF,TD-SPN26oth-GenrtnFlxHV,aer_tariff_id,aer-consolidated-2025-26-v5,AER tariff ID (column B of the AER Tariff schedule)
aer-consolidated-2025-26-v5/aer_tariff_id/TD-SPN26oth-GenrtnFlxST/sapn:STRGF,sapn:STRGF,TD-SPN26oth-GenrtnFlxST,aer_tariff_id,aer-consolidated-2025-26-v5,AER tariff ID (column B of the AER Tariff schedule)
aer-consolidated-2025-26-v5/aer_tariff_id/TD-SPN26oth-GenrtnFlxSubsttn/sapn:ZSSGF,sapn:ZSSGF,TD-SPN26oth-GenrtnFlxSubsttn,aer_tariff_id,aer-consolidated-2025-26-v5,AER tariff ID (column B of the AER Tariff schedule)
aer-consolidated-2025-26-v5/aer_tariff_id/TD-SPN26oth-GenrtnHV/sapn:HVBG,sapn:HVBG,TD-SPN26oth-GenrtnHV,aer_tariff_id,aer-consolidated-2025-26-v5,AER tariff ID (column B of the AER Tariff schedule)
aer-consolidated-2025-26-v5/aer_tariff_id/TD-SPN26oth-GenrtnST/sapn:STRG,sapn:STRG,TD-SPN26oth-GenrtnST,aer_tariff_id,aer-consolidated-2025-26-v5,AER tariff ID (column B of the AER Tariff schedule)
aer-consolidated-2025-26-v5/aer_tariff_id/TD-SPN26oth-GenrtnSubsttn/sapn:ZSSG,sapn:ZSSG,TD-SPN26oth-GenrtnSubsttn,aer_tariff_id,aer-consolidated-2025-26-v5,AER tariff ID (column B of the AER Tariff schedule)
aer-consolidated-2025-26-v5/aer_tariff_id/TD-SPN26oth-ST/sapn:STR,sapn:STR,TD-SPN26oth-ST,aer_tariff_id,aer-consolidated-2025-26-v5,AER tariff ID (column B of the AER Tariff schedule)
aer-consolidated-2025-26-v5/aer_tariff_id/TD-SPN26oth-STFlx/sapn:STRF,sapn:STRF,TD-SPN26oth-STFlx,aer_tariff_id,aer-consolidated-2025-26-v5,AER tariff ID (column B of the AER Tariff schedule)
aer-consolidated-2025-26-v5/aer_tariff_id/TD-SPN26oth-Substtn/sapn:ZSS,sapn:ZSS,TD-SPN26oth-Substtn,aer_tariff_id,aer-consolidated-2025-26-v5,AER tariff ID (column B of the AER Tariff schedule)
aer-consolidated-2025-26-v5/aer_tariff_id/TD-SPN26oth-SubsttnFlx/sapn:ZSSF,sapn:ZSSF,TD-SPN26oth-SubsttnFlx,aer_tariff_id,aer-consolidated-2025-26-v5,AER tariff ID (column B of the AER Tariff schedule)
aer-consolidated-2025-26-v5/aer_tariff_id/TD-SPN26res-Ele/sapn:RESELE,sapn:RESELE,TD-SPN26res-Ele,aer_tariff_id,aer-consolidated-2025-26-v5,AER tariff ID (column B of the AER Tariff schedule)
aer-consolidated-2025-26-v5/aer_tariff_id/TD-SPN26res-Flat/sapn:RSR,sapn:RSR,TD-SPN26res-Flat,aer_tariff_id,aer-consolidated-2025-26-v5,AER tariff ID (column B of the AER Tariff schedule)
aer-consolidated-2025-26-v5/aer_tariff_id/TD-SPN26res-TOU/sapn:RTOU,sapn:RTOU,TD-SPN26res-TOU,aer_tariff_id,aer-consolidated-2025-26-v5,AER tariff ID (column B of the AER Tariff schedule)
aer-consolidated-2025-26-v5/aer_tariff_id/TD-SPN26smb-Ele/sapn:SBELE,sapn:SBELE,TD-SPN26smb-Ele,aer_tariff_id,aer-consolidated-2025-26-v5,AER tariff ID (column B of the AER Tariff schedule)
aer-consolidated-2025-26-v5/aer_tariff_id/TD-SPN26smb-Flat/sapn:BSR,sapn:BSR,TD-SPN26smb-Flat,aer_tariff_id,aer-consolidated-2025-26-v5,AER tariff ID (column B of the AER Tariff schedule)
aer-consolidated-2025-26-v5/aer_tariff_id/TD-SPN26smb-TOU/sapn:SBTOU,sapn:SBTOU,TD-SPN26smb-TOU,aer_tariff_id,aer-consolidated-2025-26-v5,AER tariff ID (column B of the AER Tariff schedule)
aer-consolidated-2025-26-v5/aer_tariff_id/TD-SPN26smb-TOU2/sapn:B2R,sapn:B2R,TD-SPN26smb-TOU2,aer_tariff_id,aer-consolidated-2025-26-v5,AER tariff ID (column B of the AER Tariff schedule)
aer-consolidated-2025-26-v5/aer_tariff_id/TD-SPN26smb-TOUDmd/sapn:MBTOUD,sapn:MBTOUD,TD-SPN26smb-TOUDmd,aer_tariff_id,aer-consolidated-2025-26-v5,AER tariff ID (column B of the AER Tariff schedule)
aer-consolidated-2025-26-v5/aer_tariff_id/TD-SPN26smb-Unmtrd/sapn:LVUU24,sapn:LVUU24,TD-SPN26smb-Unmtrd,aer_tariff_id,aer-consolidated-2025-26-v5,AER tariff ID (column B of the AER Tariff schedule)
aer-consolidated-2025-26-v5/aer_tariff_id/TD-TNS26oth-Dmd<2MVA/tasnetworks:TASSDM,tasnetworks:TASSDM,TD-TNS26oth-Dmd<2MVA,aer_tariff_id,aer-consolidated-2025-26-v5,AER tariff ID (column B of the AER Tariff schedule)
aer-consolidated-2025-26-v5/aer_tariff_id/TD-TNS26oth-Dmd>2MVA/tasnetworks:TAS15,tasnetworks:TAS15,TD-TNS26oth-Dmd>2MVA,aer_tariff_id,aer-consolidated-2025-26-v5,AER tariff ID (column B of the AER Tariff schedule)
aer-consolidated-2025-26-v5/aer_tariff_id/TD-TNS26oth-DmdkVA/tasnetworks:TAS82,tasnetworks:TAS82,TD-TNS26oth-DmdkVA,aer_tariff_id,aer-consolidated-2025-26-v5,AER tariff ID (column B of the AER Tariff schedule)
aer-consolidated-2025-26-v5/aer_tariff_id/TD-TNS26oth-EN1/tasnetworks:TAS84T1,tasnetworks:TAS84T1,TD-TNS26oth-EN1,aer_tariff_id,aer-consolidated-2025-26-v5,AER tariff ID (column B of the AER Tariff schedule)
aer-consolidated-2025-26-v5/aer_tariff_id/TD-TNS26oth-EN2/tasnetworks:TAS84T2,tasnetworks:TAS84T2,TD-TNS26oth-EN2,aer_tariff_id,aer-consolidated-2025-26-v5,AER tariff ID (column B of the AER Tariff schedule)
aer-consolidated-2025-26-v5/aer_tariff_id/TD-TNS26oth-EN3/tasnetworks:TAS84T3,tasnetworks:TAS84T3,TD-TNS26oth-EN3,aer_tariff_id,aer-consolidated-2025-26-v5,AER tariff ID (column B of the AER Tariff schedule)
aer-consolidated-2025-26-v5/aer_tariff_id/TD-TNS26oth-EN4/tasnetworks:TAS84T4,tasnetworks:TAS84T4,TD-TNS26oth-EN4,aer_tariff_id,aer-consolidated-2025-26-v5,AER tariff ID (column B of the AER Tariff schedule)
aer-consolidated-2025-26-v5/aer_tariff_id/TD-TNS26oth-HVEN1/tasnetworks:TAS14T1,tasnetworks:TAS14T1,TD-TNS26oth-HVEN1,aer_tariff_id,aer-consolidated-2025-26-v5,AER tariff ID (column B of the AER Tariff schedule)
aer-consolidated-2025-26-v5/aer_tariff_id/TD-TNS26oth-HVEN2/tasnetworks:TAS14T2,tasnetworks:TAS14T2,TD-TNS26oth-HVEN2,aer_tariff_id,aer-consolidated-2025-26-v5,AER tariff ID (column B of the AER Tariff schedule)
aer-consolidated-2025-26-v5/aer_tariff_id/TD-TNS26oth-Irrgtn/tasnetworks:TAS75,tasnetworks:TAS75,TD-TNS26oth-Irrgtn,aer_tariff_id,aer-consolidated-2025-26-v5,AER tariff ID (column B of the AER Tariff schedule)
aer-consolidated-2025-26-v5/aer_tariff_id/TD-TNS26oth-PL/tasnetworks:TASUMSSL,tasnetworks:TASUMSSL,TD-TNS26oth-PL,aer_tariff_id,aer-consolidated-2025-26-v5,AER tariff ID (column B of the AER Tariff schedule)
aer-consolidated-2025-26-v5/aer_tariff_id/TD-TNS26oth-TOUDmd/tasnetworks:TAS89,tasnetworks:TAS89,TD-TNS26oth-TOUDmd,aer_tariff_id,aer-consolidated-2025-26-v5,AER tariff ID (column B of the AER Tariff schedule)
aer-consolidated-2025-26-v5/aer_tariff_id/TD-TNS26oth-Unmtrd/tasnetworks:TASUMS,tasnetworks:TASUMS,TD-TNS26oth-Unmtrd,aer_tariff_id,aer-consolidated-2025-26-v5,AER tariff ID (column B of the AER Tariff schedule)
aer-consolidated-2025-26-v5/aer_tariff_id/TD-TNS26res-CER/tasnetworks:TAS97,tasnetworks:TAS97,TD-TNS26res-CER,aer_tariff_id,aer-consolidated-2025-26-v5,AER tariff ID (column B of the AER Tariff schedule)
aer-consolidated-2025-26-v5/aer_tariff_id/TD-TNS26res-CL1/tasnetworks:TAS41,tasnetworks:TAS41,TD-TNS26res-CL1,aer_tariff_id,aer-consolidated-2025-26-v5,AER tariff ID (column B of the AER Tariff schedule)
aer-consolidated-2025-26-v5/aer_tariff_id/TD-TNS26res-CL2/tasnetworks:TAS63,tasnetworks:TAS63,TD-TNS26res-CL2,aer_tariff_id,aer-consolidated-2025-26-v5,AER tariff ID (column B of the AER Tariff schedule)
aer-consolidated-2025-26-v5/aer_tariff_id/TD-TNS26res-CL3/tasnetworks:TAS61,tasnetworks:TAS61,TD-TNS26res-CL3,aer_tariff_id,aer-consolidated-2025-26-v5,AER tariff ID (column B of the AER Tariff schedule)
aer-consolidated-2025-26-v5/aer_tariff_id/TD-TNS26res-Dmd/tasnetworks:TAS87,tasnetworks:TAS87,TD-TNS26res-Dmd,aer_tariff_id,aer-consolidated-2025-26-v5,AER tariff ID (column B of the AER Tariff schedule)
aer-consolidated-2025-26-v5/aer_tariff_id/TD-TNS26res-Flat/tasnetworks:TAS31,tasnetworks:TAS31,TD-TNS26res-Flat,aer_tariff_id,aer-consolidated-2025-26-v5,AER tariff ID (column B of the AER Tariff schedule)
aer-consolidated-2025-26-v5/aer_tariff_id/TD-TNS26res-TOU/tasnetworks:TAS93,tasnetworks:TAS93,TD-TNS26res-TOU,aer_tariff_id,aer-consolidated-2025-26-v5,AER tariff ID (column B of the AER Tariff schedule)
aer-consolidated-2025-26-v5/aer_tariff_id/TD-TNS26smb-CER/tasnetworks:TAS98,tasnetworks:TAS98,TD-TNS26smb-CER,aer_tariff_id,aer-consolidated-2025-26-v5,AER tariff ID (column B of the AER Tariff schedule)
aer-consolidated-2025-26-v5/aer_tariff_id/TD-TNS26smb-Dmd/tasnetworks:TAS88,tasnetworks:TAS88,TD-TNS26smb-Dmd,aer_tariff_id,aer-consolidated-2025-26-v5,AER tariff ID (column B of the AER Tariff schedule)
aer-consolidated-2025-26-v5/aer_tariff_id/TD-TNS26smb-Flat/tasnetworks:TAS22,tasnetworks:TAS22,TD-TNS26smb-Flat,aer_tariff_id,aer-consolidated-2025-26-v5,AER tariff ID (column B of the AER Tariff schedule)
aer-consolidated-2025-26-v5/aer_tariff_id/TD-TNS26smb-TOU/tasnetworks:TAS94,tasnetworks:TAS94,TD-TNS26smb-TOU,aer_tariff_id,aer-consolidated-2025-26-v5,AER tariff ID (column B of the AER Tariff schedule)
aer-consolidated-2025-26-v5/aer_tariff_id/TD-UEY26oth-HV/unitedenergy:HVKVATOU,unitedenergy:HVKVATOU,TD-UEY26oth-HV,aer_tariff_id,aer-consolidated-2025-26-v5,AER tariff ID (column B of the AER Tariff schedule)
aer-consolidated-2025-26-v5/aer_tariff_id/TD-UEY26oth-LV/unitedenergy:LVKVATOU,unitedenergy:LVKVATOU,TD-UEY26oth-LV,aer_tariff_id,aer-consolidated-2025-26-v5,AER tariff ID (column B of the AER Tariff schedule)
aer-consolidated-2025-26-v5/aer_tariff_id/TD-UEY26oth-ST/unitedenergy:SUBTKVATOU,unitedenergy:SUBTKVATOU,TD-UEY26oth-ST,aer_tariff_id,aer-consolidated-2025-26-v5,AER tariff ID (column B of the AER Tariff schedule)
aer-consolidated-2025-26-v5/aer_tariff_id/TD-UEY26res-CL/unitedenergy:LVDED,unitedenergy:LVDED,TD-UEY26res-CL,aer_tariff_id,aer-consolidated-2025-26-v5,AER tariff ID (column B of the AER Tariff schedule)
aer-consolidated-2025-26-v5/aer_tariff_id/TD-UEY26res-Dmd/unitedenergy:RESKW1R,unitedenergy:RESKW1R,TD-UEY26res-Dmd,aer_tariff_id,aer-consolidated-2025-26-v5,AER tariff ID (column B of the AER Tariff schedule)
aer-consolidated-2025-26-v5/aer_tariff_id/TD-UEY26res-Flat/unitedenergy:LVS1R,unitedenergy:LVS1R,TD-UEY26res-Flat,aer_tariff_id,aer-consolidated-2025-26-v5,AER tariff ID (column B of the AER Tariff schedule)
aer-consolidated-2025-26-v5/aer_tariff_id/TD-UEY26res-TOU/unitedenergy:URTOU,unitedenergy:URTOU,TD-UEY26res-TOU,aer_tariff_id,aer-consolidated-2025-26-v5,AER tariff ID (column B of the AER Tariff schedule)
aer-consolidated-2025-26-v5/aer_tariff_id/TD-UEY26smb-Dmd/unitedenergy:LVMKW1R,unitedenergy:LVMKW1R,TD-UEY26smb-Dmd,aer_tariff_id,aer-consolidated-2025-26-v5,AER tariff ID (column B of the AER Tariff schedule)
aer-consolidated-2025-26-v5/aer_tariff_id/TD-UEY26smb-Flat/unitedenergy:LVM1R,unitedenergy:LVM1R,TD-UEY26smb-Flat,aer_tariff_id,aer-consolidated-2025-26-v5,AER tariff ID (column B of the AER Tariff schedule)
aer-consolidated-2025-26-v5/aer_tariff_id/TD-UEY26smb-TOU/unitedenergy:LVTOU,unitedenergy:LVTOU,TD-UEY26smb-TOU,aer_tariff_id,aer-consolidated-2025-26-v5,AER tariff ID (column B of the AER Tariff schedule)
aer-consolidated-2025-26-v5/aer_tariff_id/TD-UEY26smb-Unmtrd/unitedenergy:UNMET,unitedenergy:UNMET,TD-UEY26smb-Unmtrd,aer_tariff_id,aer-consolidated-2025-26-v5,AER tariff ID (column B of the AER Tariff schedule)
aer-consolidated-2025-26-v5/code_variant/LVDed/unitedenergy:LVDED,unitedenergy:LVDED,LVDed,code_variant,aer-consolidated-2025-26-v5,AER prints the code differently
aer-consolidated-2025-26-v5/code_variant/SUBTkVATOU/unitedenergy:SUBTKVATOU,unitedenergy:SUBTKVATOU,SUBTkVATOU,code_variant,aer-consolidated-2025-26-v5,AER prints the code differently
"aer-consolidated-2025-26-v5/joint_label_member/010, 011*/evoenergy:010",evoenergy:010,"010, 011*",joint_label_member,aer-consolidated-2025-26-v5,"member 010 of joint AER label '010, 011*'"
"aer-consolidated-2025-26-v5/joint_label_member/010, 011*/evoenergy:011",evoenergy:011,"010, 011*",joint_label_member,aer-consolidated-2025-26-v5,"member 011 of joint AER label '010, 011*'"
"aer-consolidated-2025-26-v5/joint_label_member/015, 016*/evoenergy:015",evoenergy:015,"015, 016*",joint_label_member,aer-consolidated-2025-26-v5,"member 015 of joint AER label '015, 016*'"
"aer-consolidated-2025-26-v5/joint_label_member/015, 016*/evoenergy:016",evoenergy:016,"015, 016*",joint_label_member,aer-consolidated-2025-26-v5,"member 016 of joint AER label '015, 016*'"
"aer-consolidated-2025-26-v5/joint_label_member/017, 018*/evoenergy:017",evoenergy:017,"017, 018*",joint_label_member,aer-consolidated-2025-26-v5,"member 017 of joint AER label '017, 018*'"
"aer-consolidated-2025-26-v5/joint_label_member/017, 018*/evoenergy:018",evoenergy:018,"017, 018*",joint_label_member,aer-consolidated-2025-26-v5,"member 018 of joint AER label '017, 018*'"
"aer-consolidated-2025-26-v5/joint_label_member/020, 021*/evoenergy:020",evoenergy:020,"020, 021*",joint_label_member,aer-consolidated-2025-26-v5,"member 020 of joint AER label '020, 021*'"
"aer-consolidated-2025-26-v5/joint_label_member/020, 021*/evoenergy:021",evoenergy:021,"020, 021*",joint_label_member,aer-consolidated-2025-26-v5,"member 021 of joint AER label '020, 021*'"
"aer-consolidated-2025-26-v5/joint_label_member/023, 024*/evoenergy:023",evoenergy:023,"023, 024*",joint_label_member,aer-consolidated-2025-26-v5,"member 023 of joint AER label '023, 024*'"
"aer-consolidated-2025-26-v5/joint_label_member/023, 024*/evoenergy:024",evoenergy:024,"023, 024*",joint_label_member,aer-consolidated-2025-26-v5,"member 024 of joint AER label '023, 024*'"
"aer-consolidated-2025-26-v5/joint_label_member/025, 026*/evoenergy:025",evoenergy:025,"025, 026*",joint_label_member,aer-consolidated-2025-26-v5,"member 025 of joint AER label '025, 026*'"
"aer-consolidated-2025-26-v5/joint_label_member/025, 026*/evoenergy:026",evoenergy:026,"025, 026*",joint_label_member,aer-consolidated-2025-26-v5,"member 026 of joint AER label '025, 026*'"
"aer-consolidated-2025-26-v5/joint_label_member/030, 031*/evoenergy:030",evoenergy:030,"030, 031*",joint_label_member,aer-consolidated-2025-26-v5,"member 030 of joint AER label '030, 031*'"
"aer-consolidated-2025-26-v5/joint_label_member/030, 031*/evoenergy:031",evoenergy:031,"030, 031*",joint_label_member,aer-consolidated-2025-26-v5,"member 031 of joint AER label '030, 031*'"
"aer-consolidated-2025-26-v5/joint_label_member/040, 041*/evoenergy:040",evoenergy:040,"040, 041*",joint_label_member,aer-consolidated-2025-26-v5,"member 040 of joint AER label '040, 041*'"
"aer-consolidated-2025-26-v5/joint_label_member/040, 041*/evoenergy:041",evoenergy:041,"040, 041*",joint_label_member,aer-consolidated-2025-26-v5,"member 041 of joint AER label '040, 041*'"
"aer-consolidated-2025-26-v5/joint_label_member/090, 091*/evoenergy:090",evoenergy:090,"090, 091*",joint_label_member,aer-consolidated-2025-26-v5,"member 090 of joint AER label '090, 091*'"
"aer-consolidated-2025-26-v5/joint_label_member/090, 091*/evoenergy:091",evoenergy:091,"090, 091*",joint_label_member,aer-consolidated-2025-26-v5,"member 091 of joint AER label '090, 091*'"
"aer-consolidated-2025-26-v5/joint_label_member/101, 104*/evoenergy:101",evoenergy:101,"101, 104*",joint_label_member,aer-consolidated-2025-26-v5,"member 101 of joint AER label '101, 104*'"
"aer-consolidated-2025-26-v5/joint_label_member/101, 104*/evoenergy:104",evoenergy:104,"101, 104*",joint_label_member,aer-consolidated-2025-26-v5,"member 104 of joint AER label '101, 104*'"
"aer-consolidated-2025-26-v5/joint_label_member/103, 105*/evoenergy:103",evoenergy:103,"103, 105*",joint_label_member,aer-consolidated-2025-26-v5,"member 103 of joint AER label '103, 105*'"
"aer-consolidated-2025-26-v5/joint_label_member/103, 105*/evoenergy:105",evoenergy:105,"103, 105*",joint_label_member,aer-consolidated-2025-26-v5,"member 105 of joint AER label '103, 105*'"
"aer-consolidated-2025-26-v5/joint_label_member/106, 107*/evoenergy:106",evoenergy:106,"106, 107*",joint_label_member,aer-consolidated-2025-26-v5,"member 106 of joint AER label '106, 107*'"
"aer-consolidated-2025-26-v5/joint_label_member/106, 107*/evoenergy:107",evoenergy:107,"106, 107*",joint_label_member,aer-consolidated-2025-26-v5,"member 107 of joint AER label '106, 107*'"
aer-consolidated-2026-27-v5/code_variant/LVDed/unitedenergy:LVDED,unitedenergy:LVDED,LVDed,code_variant,aer-consolidated-2026-27-v5,AER prints the code differently
aer-consolidated-2026-27-v5/code_variant/SUBTkVATOU/unitedenergy:SUBTKVATOU,unitedenergy:SUBTKVATOU,SUBTkVATOU,code_variant,aer-consolidated-2026-27-v5,AER prints the code differently
"aer-consolidated-2026-27-v5/joint_label_member/010, 011*/evoenergy:010",evoenergy:010,"010, 011*",joint_label_member,aer-consolidated-2026-27-v5,"member 010 of joint AER label '010, 011*'"
"aer-consolidated-2026-27-v5/joint_label_member/010, 011*/evoenergy:011",evoenergy:011,"010, 011*",joint_label_member,aer-consolidated-2026-27-v5,"member 011 of joint AER label '010, 011*'"
"aer-consolidated-2026-27-v5/joint_label_member/015, 016*/evoenergy:015",evoenergy:015,"015, 016*",joint_label_member,aer-consolidated-2026-27-v5,"member 015 of joint AER label '015, 016*'"
"aer-consolidated-2026-27-v5/joint_label_member/015, 016*/evoenergy:016",evoenergy:016,"015, 016*",joint_label_member,aer-consolidated-2026-27-v5,"member 016 of joint AER label '015, 016*'"
"aer-consolidated-2026-27-v5/joint_label_member/017, 018*/evoenergy:017",evoenergy:017,"017, 018*",joint_label_member,aer-consolidated-2026-27-v5,"member 017 of joint AER label '017, 018*'"
"aer-consolidated-2026-27-v5/joint_label_member/017, 018*/evoenergy:018",evoenergy:018,"017, 018*",joint_label_member,aer-consolidated-2026-27-v5,"member 018 of joint AER label '017, 018*'"
"aer-consolidated-2026-27-v5/joint_label_member/020, 021*/evoenergy:020",evoenergy:020,"020, 021*",joint_label_member,aer-consolidated-2026-27-v5,"member 020 of joint AER label '020, 021*'"
"aer-consolidated-2026-27-v5/joint_label_member/020, 021*/evoenergy:021",evoenergy:021,"020, 021*",joint_label_member,aer-consolidated-2026-27-v5,"member 021 of joint AER label '020, 021*'"
"aer-consolidated-2026-27-v5/joint_label_member/023, 024*/evoenergy:023",evoenergy:023,"023, 024*",joint_label_member,aer-consolidated-2026-27-v5,"member 023 of joint AER label '023, 024*'"
"aer-consolidated-2026-27-v5/joint_label_member/023, 024*/evoenergy:024",evoenergy:024,"023, 024*",joint_label_member,aer-consolidated-2026-27-v5,"member 024 of joint AER label '023, 024*'"
"aer-consolidated-2026-27-v5/joint_label_member/025, 026*/evoenergy:025",evoenergy:025,"025, 026*",joint_label_member,aer-consolidated-2026-27-v5,"member 025 of joint AER label '025, 026*'"
"aer-consolidated-2026-27-v5/joint_label_member/025, 026*/evoenergy:026",evoenergy:026,"025, 026*",joint_label_member,aer-consolidated-2026-27-v5,"member 026 of joint AER label '025, 026*'"
"aer-consolidated-2026-27-v5/joint_label_member/030, 031*/evoenergy:030",evoenergy:030,"030, 031*",joint_label_member,aer-consolidated-2026-27-v5,"member 030 of joint AER label '030, 031*'"
"aer-consolidated-2026-27-v5/joint_label_member/030, 031*/evoenergy:031",evoenergy:031,"030, 031*",joint_label_member,aer-consolidated-2026-27-v5,"member 031 of joint AER label '030, 031*'"
"aer-consolidated-2026-27-v5/joint_label_member/040, 041*/evoenergy:040",evoenergy:040,"040, 041*",joint_label_member,aer-consolidated-2026-27-v5,"member 040 of joint AER label '040, 041*'"
"aer-consolidated-2026-27-v5/joint_label_member/040, 041*/evoenergy:041",evoenergy:041,"040, 041*",joint_label_member,aer-consolidated-2026-27-v5,"member 041 of joint AER label '040, 041*'"
"aer-consolidated-2026-27-v5/joint_label_member/090, 091*/evoenergy:090",evoenergy:090,"090, 091*",joint_label_member,aer-consolidated-2026-27-v5,"member 090 of joint AER label '090, 091*'"
"aer-consolidated-2026-27-v5/joint_label_member/090, 091*/evoenergy:091",evoenergy:091,"090, 091*",joint_label_member,aer-consolidated-2026-27-v5,"member 091 of joint AER label '090, 091*'"
"aer-consolidated-2026-27-v5/joint_label_member/101, 104*/evoenergy:101",evoenergy:101,"101, 104*",joint_label_member,aer-consolidated-2026-27-v5,"member 101 of joint AER label '101, 104*'"
"aer-consolidated-2026-27-v5/joint_label_member/101, 104*/evoenergy:104",evoenergy:104,"101, 104*",joint_label_member,aer-consolidated-2026-27-v5,"member 104 of joint AER label '101, 104*'"
"aer-consolidated-2026-27-v5/joint_label_member/103, 105*/evoenergy:103",evoenergy:103,"103, 105*",joint_label_member,aer-consolidated-2026-27-v5,"member 103 of joint AER label '103, 105*'"
"aer-consolidated-2026-27-v5/joint_label_member/103, 105*/evoenergy:105",evoenergy:105,"103, 105*",joint_label_member,aer-consolidated-2026-27-v5,"member 105 of joint AER label '103, 105*'"
"aer-consolidated-2026-27-v5/joint_label_member/106, 107*/evoenergy:106",evoenergy:106,"106, 107*",joint_label_member,aer-consolidated-2026-27-v5,"member 106 of joint AER label '106, 107*'"
"aer-consolidated-2026-27-v5/joint_label_member/106, 107*/evoenergy:107",evoenergy:107,"106, 107*",joint_label_member,aer-consolidated-2026-27-v5,"member 107 of joint AER label '106, 107*'"
aer-stakeholder-report-ergon-2024-25/regional_suffix/EBDEM/ergon:EBDEMT1,ergon:EBDEMT1,EBDEM,regional_suffix,aer-stakeholder-report-ergon-2024-25,AER label 'EBDEM' -> distributor code EBDEMT1
aer-stakeholder-report-ergon-2024-25/regional_suffix/EBDEM/ergon:EBDEMT2,ergon:EBDEMT2,EBDEM,regional_suffix,aer-stakeholder-report-ergon-2024-25,AER label 'EBDEM' -> distributor code EBDEMT2
aer-stakeholder-report-ergon-2024-25/regional_suffix/EBDEM/ergon:EBDEMT3,ergon:EBDEMT3,EBDEM,regional_suffix,aer-stakeholder-report-ergon-2024-25,AER label 'EBDEM' -> distributor code EBDEMT3
aer-stakeholder-report-ergon-2024-25/regional_suffix/EBEST/ergon:EBESTT1,ergon:EBESTT1,EBEST,regional_suffix,aer-stakeholder-report-ergon-2024-25,AER label 'EBEST' -> distributor code EBESTT1
aer-stakeholder-report-ergon-2024-25/regional_suffix/EBEST/ergon:EBESTT2,ergon:EBESTT2,EBEST,regional_suffix,aer-stakeholder-report-ergon-2024-25,AER label 'EBEST' -> distributor code EBESTT2
aer-stakeholder-report-ergon-2024-25/regional_suffix/EBEST/ergon:EBESTT3,ergon:EBESTT3,EBEST,regional_suffix,aer-stakeholder-report-ergon-2024-25,AER label 'EBEST' -> distributor code EBESTT3
aer-stakeholder-report-ergon-2024-25/regional_suffix/EBFRM/ergon:EBFRMT1,ergon:EBFRMT1,EBFRM,regional_suffix,aer-stakeholder-report-ergon-2024-25,AER label 'EBFRM' -> distributor code EBFRMT1
aer-stakeholder-report-ergon-2024-25/regional_suffix/EBFRM/ergon:EBFRMT2,ergon:EBFRMT2,EBFRM,regional_suffix,aer-stakeholder-report-ergon-2024-25,AER label 'EBFRM' -> distributor code EBFRMT2
aer-stakeholder-report-ergon-2024-25/regional_suffix/EBFRM/ergon:EBFRMT3,ergon:EBFRMT3,EBFRM,regional_suffix,aer-stakeholder-report-ergon-2024-25,AER label 'EBFRM' -> distributor code EBFRMT3
aer-stakeholder-report-ergon-2024-25/regional_suffix/EBIB/ergon:EBIBT1,ergon:EBIBT1,EBIB,regional_suffix,aer-stakeholder-report-ergon-2024-25,AER label 'EBIB' -> distributor code EBIBT1
aer-stakeholder-report-ergon-2024-25/regional_suffix/EBIB/ergon:EBIBT2,ergon:EBIBT2,EBIB,regional_suffix,aer-stakeholder-report-ergon-2024-25,AER label 'EBIB' -> distributor code EBIBT2
aer-stakeholder-report-ergon-2024-25/regional_suffix/EBIB/ergon:EBIBT3,ergon:EBIBT3,EBIB,regional_suffix,aer-stakeholder-report-ergon-2024-25,AER label 'EBIB' -> distributor code EBIBT3
aer-stakeholder-report-ergon-2024-25/regional_suffix/EBIRR/ergon:EBIRRT1,ergon:EBIRRT1,EBIRR,regional_suffix,aer-stakeholder-report-ergon-2024-25,AER label 'EBIRR' -> distributor code EBIRRT1
aer-stakeholder-report-ergon-2024-25/regional_suffix/EBIRR/ergon:EBIRRT2,ergon:EBIRRT2,EBIRR,regional_suffix,aer-stakeholder-report-ergon-2024-25,AER label 'EBIRR' -> distributor code EBIRRT2
aer-stakeholder-report-ergon-2024-25/regional_suffix/EBIRR/ergon:EBIRRT3,ergon:EBIRRT3,EBIRR,regional_suffix,aer-stakeholder-report-ergon-2024-25,AER label 'EBIRR' -> distributor code EBIRRT3
aer-stakeholder-report-ergon-2024-25/regional_suffix/EBPLC/ergon:EBPLCT1,ergon:EBPLCT1,EBPLC,regional_suffix,aer-stakeholder-report-ergon-2024-25,AER label 'EBPLC' -> distributor code EBPLCT1
aer-stakeholder-report-ergon-2024-25/regional_suffix/EBPLC/ergon:EBPLCT2,ergon:EBPLCT2,EBPLC,regional_suffix,aer-stakeholder-report-ergon-2024-25,AER label 'EBPLC' -> distributor code EBPLCT2
aer-stakeholder-report-ergon-2024-25/regional_suffix/EBPLC/ergon:EBPLCT3,ergon:EBPLCT3,EBPLC,regional_suffix,aer-stakeholder-report-ergon-2024-25,AER label 'EBPLC' -> distributor code EBPLCT3
aer-stakeholder-report-ergon-2024-25/regional_suffix/EBPMP/ergon:EBPMPT1,ergon:EBPMPT1,EBPMP,regional_suffix,aer-stakeholder-report-ergon-2024-25,AER label 'EBPMP' -> distributor code EBPMPT1
aer-stakeholder-report-ergon-2024-25/regional_suffix/EBPMP/ergon:EBPMPT2,ergon:EBPMPT2,EBPMP,regional_suffix,aer-stakeholder-report-ergon-2024-25,AER label 'EBPMP' -> distributor code EBPMPT2
aer-stakeholder-report-ergon-2024-25/regional_suffix/EBPMP/ergon:EBPMPT3,ergon:EBPMPT3,EBPMP,regional_suffix,aer-stakeholder-report-ergon-2024-25,AER label 'EBPMP' -> distributor code EBPMPT3
aer-stakeholder-report-ergon-2024-25/regional_suffix/EBTDEM/ergon:EBTDEMT1,ergon:EBTDEMT1,EBTDEM,regional_suffix,aer-stakeholder-report-ergon-2024-25,AER label 'EBTDEM' -> distributor code EBTDEMT1
aer-stakeholder-report-ergon-2024-25/regional_suffix/EBTDEM/ergon:EBTDEMT2,ergon:EBTDEMT2,EBTDEM,regional_suffix,aer-stakeholder-report-ergon-2024-25,AER label 'EBTDEM' -> distributor code EBTDEMT2
aer-stakeholder-report-ergon-2024-25/regional_suffix/EBTDEM/ergon:EBTDEMT3,ergon:EBTDEMT3,EBTDEM,regional_suffix,aer-stakeholder-report-ergon-2024-25,AER label 'EBTDEM' -> distributor code EBTDEMT3
aer-stakeholder-report-ergon-2024-25/regional_suffix/EBTOUE/ergon:EBTOUET1,ergon:EBTOUET1,EBTOUE,regional_suffix,aer-stakeholder-report-ergon-2024-25,AER label 'EBTOUE' -> distributor code EBTOUET1
aer-stakeholder-report-ergon-2024-25/regional_suffix/EBTOUE/ergon:EBTOUET2,ergon:EBTOUET2,EBTOUE,regional_suffix,aer-stakeholder-report-ergon-2024-25,AER label 'EBTOUE' -> distributor code EBTOUET2
aer-stakeholder-report-ergon-2024-25/regional_suffix/EBTOUE/ergon:EBTOUET3,ergon:EBTOUET3,EBTOUE,regional_suffix,aer-stakeholder-report-ergon-2024-25,AER label 'EBTOUE' -> distributor code EBTOUET3
aer-stakeholder-report-ergon-2024-25/regional_suffix/EBWIF/ergon:EBWIFT1,ergon:EBWIFT1,EBWIF,regional_suffix,aer-stakeholder-report-ergon-2024-25,AER label 'EBWIF' -> distributor code EBWIFT1
aer-stakeholder-report-ergon-2024-25/regional_suffix/EBWIF/ergon:EBWIFT2,ergon:EBWIFT2,EBWIF,regional_suffix,aer-stakeholder-report-ergon-2024-25,AER label 'EBWIF' -> distributor code EBWIFT2
aer-stakeholder-report-ergon-2024-25/regional_suffix/EBWIF/ergon:EBWIFT3,ergon:EBWIFT3,EBWIF,regional_suffix,aer-stakeholder-report-ergon-2024-25,AER label 'EBWIF' -> distributor code EBWIFT3
aer-stakeholder-report-ergon-2024-25/regional_suffix/EC22B/ergon:EC22BT1,ergon:EC22BT1,EC22B,regional_suffix,aer-stakeholder-report-ergon-2024-25,AER label 'EC22B' -> distributor code EC22BT1
aer-stakeholder-report-ergon-2024-25/regional_suffix/EC22B/ergon:EC22BT2,ergon:EC22BT2,EC22B,regional_suffix,aer-stakeholder-report-ergon-2024-25,AER label 'EC22B' -> distributor code EC22BT2
aer-stakeholder-report-ergon-2024-25/regional_suffix/EC22B/ergon:EC22BT3,ergon:EC22BT3,EC22B,regional_suffix,aer-stakeholder-report-ergon-2024-25,AER label 'EC22B' -> distributor code EC22BT3
aer-stakeholder-report-ergon-2024-25/regional_suffix/EC22BTOU/ergon:EC22BTOUT1,ergon:EC22BTOUT1,EC22BTOU,regional_suffix,aer-stakeholder-report-ergon-2024-25,AER label 'EC22BTOU' -> distributor code EC22BTOUT1
aer-stakeholder-report-ergon-2024-25/regional_suffix/EC22BTOU/ergon:EC22BTOUT2,ergon:EC22BTOUT2,EC22BTOU,regional_suffix,aer-stakeholder-report-ergon-2024-25,AER label 'EC22BTOU' -> distributor code EC22BTOUT2
aer-stakeholder-report-ergon-2024-25/regional_suffix/EC22BTOU/ergon:EC22BTOUT3,ergon:EC22BTOUT3,EC22BTOU,regional_suffix,aer-stakeholder-report-ergon-2024-25,AER label 'EC22BTOU' -> distributor code EC22BTOUT3
aer-stakeholder-report-ergon-2024-25/regional_suffix/EC22L/ergon:EC22LT1,ergon:EC22LT1,EC22L,regional_suffix,aer-stakeholder-report-ergon-2024-25,AER label 'EC22L' -> distributor code EC22LT1
aer-stakeholder-report-ergon-2024-25/regional_suffix/EC22L/ergon:EC22LT2,ergon:EC22LT2,EC22L,regional_suffix,aer-stakeholder-report-ergon-2024-25,AER label 'EC22L' -> distributor code EC22LT2
aer-stakeholder-report-ergon-2024-25/regional_suffix/EC22L/ergon:EC22LT3,ergon:EC22LT3,EC22L,regional_suffix,aer-stakeholder-report-ergon-2024-25,AER label 'EC22L' -> distributor code EC22LT3
aer-stakeholder-report-ergon-2024-25/regional_suffix/EC22LTOU/ergon:EC22LTOUT1,ergon:EC22LTOUT1,EC22LTOU,regional_suffix,aer-stakeholder-report-ergon-2024-25,AER label 'EC22LTOU' -> distributor code EC22LTOUT1
aer-stakeholder-report-ergon-2024-25/regional_suffix/EC22LTOU/ergon:EC22LTOUT2,ergon:EC22LTOUT2,EC22LTOU,regional_suffix,aer-stakeholder-report-ergon-2024-25,AER label 'EC22LTOU' -> distributor code EC22LTOUT2
aer-stakeholder-report-ergon-2024-25/regional_suffix/EC22LTOU/ergon:EC22LTOUT3,ergon:EC22LTOUT3,EC22LTOU,regional_suffix,aer-stakeholder-report-ergon-2024-25,AER label 'EC22LTOU' -> distributor code EC22LTOUT3
aer-stakeholder-report-ergon-2024-25/regional_suffix/EC33/ergon:EC33T1,ergon:EC33T1,EC33,regional_suffix,aer-stakeholder-report-ergon-2024-25,AER label 'EC33' -> distributor code EC33T1
aer-stakeholder-report-ergon-2024-25/regional_suffix/EC33/ergon:EC33T2,ergon:EC33T2,EC33,regional_suffix,aer-stakeholder-report-ergon-2024-25,AER label 'EC33' -> distributor code EC33T2
aer-stakeholder-report-ergon-2024-25/regional_suffix/EC33/ergon:EC33T3,ergon:EC33T3,EC33,regional_suffix,aer-stakeholder-report-ergon-2024-25,AER label 'EC33' -> distributor code EC33T3
aer-stakeholder-report-ergon-2024-25/regional_suffix/EC66/ergon:EC66T1,ergon:EC66T1,EC66,regional_suffix,aer-stakeholder-report-ergon-2024-25,AER label 'EC66' -> distributor code EC66T1
aer-stakeholder-report-ergon-2024-25/regional_suffix/EC66/ergon:EC66T2,ergon:EC66T2,EC66,regional_suffix,aer-stakeholder-report-ergon-2024-25,AER label 'EC66' -> distributor code EC66T2
aer-stakeholder-report-ergon-2024-25/regional_suffix/EC66/ergon:EC66T3,ergon:EC66T3,EC66,regional_suffix,aer-stakeholder-report-ergon-2024-25,AER label 'EC66' -> distributor code EC66T3
aer-stakeholder-report-ergon-2024-25/regional_suffix/EC66TOU/ergon:EC66TOUT1,ergon:EC66TOUT1,EC66TOU,regional_suffix,aer-stakeholder-report-ergon-2024-25,AER label 'EC66TOU' -> distributor code EC66TOUT1
aer-stakeholder-report-ergon-2024-25/regional_suffix/EC66TOU/ergon:EC66TOUT2,ergon:EC66TOUT2,EC66TOU,regional_suffix,aer-stakeholder-report-ergon-2024-25,AER label 'EC66TOU' -> distributor code EC66TOUT2
aer-stakeholder-report-ergon-2024-25/regional_suffix/EC66TOU/ergon:EC66TOUT3,ergon:EC66TOUT3,EC66TOU,regional_suffix,aer-stakeholder-report-ergon-2024-25,AER label 'EC66TOU' -> distributor code EC66TOUT3
aer-stakeholder-report-ergon-2024-25/regional_suffix/EDLT/ergon:EDLTT1,ergon:EDLTT1,EDLT,regional_suffix,aer-stakeholder-report-ergon-2024-25,AER label 'EDLT' -> distributor code EDLTT1
aer-stakeholder-report-ergon-2024-25/regional_suffix/EDLT/ergon:EDLTT2,ergon:EDLTT2,EDLT,regional_suffix,aer-stakeholder-report-ergon-2024-25,AER label 'EDLT' -> distributor code EDLTT2
aer-stakeholder-report-ergon-2024-25/regional_suffix/EDLT/ergon:EDLTT3,ergon:EDLTT3,EDLT,regional_suffix,aer-stakeholder-report-ergon-2024-25,AER label 'EDLT' -> distributor code EDLTT3
aer-stakeholder-report-ergon-2024-25/regional_suffix/EDMT/ergon:EDMTT1,ergon:EDMTT1,EDMT,regional_suffix,aer-stakeholder-report-ergon-2024-25,AER label 'EDMT' -> distributor code EDMTT1
aer-stakeholder-report-ergon-2024-25/regional_suffix/EDMT/ergon:EDMTT2,ergon:EDMTT2,EDMT,regional_suffix,aer-stakeholder-report-ergon-2024-25,AER label 'EDMT' -> distributor code EDMTT2
aer-stakeholder-report-ergon-2024-25/regional_suffix/EDMT/ergon:EDMTT3,ergon:EDMTT3,EDMT,regional_suffix,aer-stakeholder-report-ergon-2024-25,AER label 'EDMT' -> distributor code EDMTT3
aer-stakeholder-report-ergon-2024-25/regional_suffix/EDST/ergon:EDSTT1,ergon:EDSTT1,EDST,regional_suffix,aer-stakeholder-report-ergon-2024-25,AER label 'EDST' -> distributor code EDSTT1
aer-stakeholder-report-ergon-2024-25/regional_suffix/EDST/ergon:EDSTT2,ergon:EDSTT2,EDST,regional_suffix,aer-stakeholder-report-ergon-2024-25,AER label 'EDST' -> distributor code EDSTT2
aer-stakeholder-report-ergon-2024-25/regional_suffix/EDST/ergon:EDSTT3,ergon:EDSTT3,EDST,regional_suffix,aer-stakeholder-report-ergon-2024-25,AER label 'EDST' -> distributor code EDSTT3
aer-stakeholder-report-ergon-2024-25/regional_suffix/ELPLC/ergon:ELPLCT1,ergon:ELPLCT1,ELPLC,regional_suffix,aer-stakeholder-report-ergon-2024-25,AER label 'ELPLC' -> distributor code ELPLCT1
aer-stakeholder-report-ergon-2024-25/regional_suffix/ELPLC/ergon:ELPLCT2,ergon:ELPLCT2,ELPLC,regional_suffix,aer-stakeholder-report-ergon-2024-25,AER label 'ELPLC' -> distributor code ELPLCT2
aer-stakeholder-report-ergon-2024-25/regional_suffix/ELPLC/ergon:ELPLCT3,ergon:ELPLCT3,ELPLC,regional_suffix,aer-stakeholder-report-ergon-2024-25,AER label 'ELPLC' -> distributor code ELPLCT3
aer-stakeholder-report-ergon-2024-25/regional_suffix/ELSLC/ergon:ELSLCT1,ergon:ELSLCT1,ELSLC,regional_suffix,aer-stakeholder-report-ergon-2024-25,AER label 'ELSLC' -> distributor code ELSLCT1
aer-stakeholder-report-ergon-2024-25/regional_suffix/ELSLC/ergon:ELSLCT2,ergon:ELSLCT2,ELSLC,regional_suffix,aer-stakeholder-report-ergon-2024-25,AER label 'ELSLC' -> distributor code ELSLCT2
aer-stakeholder-report-ergon-2024-25/regional_suffix/ELSLC/ergon:ELSLCT3,ergon:ELSLCT3,ELSLC,regional_suffix,aer-stakeholder-report-ergon-2024-25,AER label 'ELSLC' -> distributor code ELSLCT3
aer-stakeholder-report-ergon-2024-25/regional_suffix/ELTOUD/ergon:ELTOUDT1,ergon:ELTOUDT1,ELTOUD,regional_suffix,aer-stakeholder-report-ergon-2024-25,AER label 'ELTOUD' -> distributor code ELTOUDT1
aer-stakeholder-report-ergon-2024-25/regional_suffix/ELTOUD/ergon:ELTOUDT2,ergon:ELTOUDT2,ELTOUD,regional_suffix,aer-stakeholder-report-ergon-2024-25,AER label 'ELTOUD' -> distributor code ELTOUDT2
aer-stakeholder-report-ergon-2024-25/regional_suffix/ELTOUD/ergon:ELTOUDT3,ergon:ELTOUDT3,ELTOUD,regional_suffix,aer-stakeholder-report-ergon-2024-25,AER label 'ELTOUD' -> distributor code ELTOUDT3
aer-stakeholder-report-ergon-2024-25/regional_suffix/ERDEM/ergon:ERDEMT1,ergon:ERDEMT1,ERDEM,regional_suffix,aer-stakeholder-report-ergon-2024-25,AER label 'ERDEM' -> distributor code ERDEMT1
aer-stakeholder-report-ergon-2024-25/regional_suffix/ERDEM/ergon:ERDEMT2,ergon:ERDEMT2,ERDEM,regional_suffix,aer-stakeholder-report-ergon-2024-25,AER label 'ERDEM' -> distributor code ERDEMT2
aer-stakeholder-report-ergon-2024-25/regional_suffix/ERDEM/ergon:ERDEMT3,ergon:ERDEMT3,ERDEM,regional_suffix,aer-stakeholder-report-ergon-2024-25,AER label 'ERDEM' -> distributor code ERDEMT3
aer-stakeholder-report-ergon-2024-25/regional_suffix/EREST/ergon:ERESTT1,ergon:ERESTT1,EREST,regional_suffix,aer-stakeholder-report-ergon-2024-25,AER label 'EREST' -> distributor code ERESTT1
aer-stakeholder-report-ergon-2024-25/regional_suffix/EREST/ergon:ERESTT2,ergon:ERESTT2,EREST,regional_suffix,aer-stakeholder-report-ergon-2024-25,AER label 'EREST' -> distributor code ERESTT2
aer-stakeholder-report-ergon-2024-25/regional_suffix/EREST/ergon:ERESTT3,ergon:ERESTT3,EREST,regional_suffix,aer-stakeholder-report-ergon-2024-25,AER label 'EREST' -> distributor code ERESTT3
aer-stakeholder-report-ergon-2024-25/regional_suffix/ERIB/ergon:ERIBT1,ergon:ERIBT1,ERIB,regional_suffix,aer-stakeholder-report-ergon-2024-25,AER label 'ERIB' -> distributor code ERIBT1
aer-stakeholder-report-ergon-2024-25/regional_suffix/ERIB/ergon:ERIBT2,ergon:ERIBT2,ERIB,regional_suffix,aer-stakeholder-report-ergon-2024-25,AER label 'ERIB' -> distributor code ERIBT2
aer-stakeholder-report-ergon-2024-25/regional_suffix/ERIB/ergon:ERIBT3,ergon:ERIBT3,ERIB,regional_suffix,aer-stakeholder-report-ergon-2024-25,AER label 'ERIB' -> distributor code ERIBT3
aer-stakeholder-report-ergon-2024-25/regional_suffix/ERTDEM/ergon:ERTDEMT1,ergon:ERTDEMT1,ERTDEM,regional_suffix,aer-stakeholder-report-ergon-2024-25,AER label 'ERTDEM' -> distributor code ERTDEMT1
aer-stakeholder-report-ergon-2024-25/regional_suffix/ERTDEM/ergon:ERTDEMT2,ergon:ERTDEMT2,ERTDEM,regional_suffix,aer-stakeholder-report-ergon-2024-25,AER label 'ERTDEM' -> distributor code ERTDEMT2
aer-stakeholder-report-ergon-2024-25/regional_suffix/ERTDEM/ergon:ERTDEMT3,ergon:ERTDEMT3,ERTDEM,regional_suffix,aer-stakeholder-report-ergon-2024-25,AER label 'ERTDEM' -> distributor code ERTDEMT3
aer-stakeholder-report-ergon-2024-25/regional_suffix/ERTOUE/ergon:ERTOUET1,ergon:ERTOUET1,ERTOUE,regional_suffix,aer-stakeholder-report-ergon-2024-25,AER label 'ERTOUE' -> distributor code ERTOUET1
aer-stakeholder-report-ergon-2024-25/regional_suffix/ERTOUE/ergon:ERTOUET2,ergon:ERTOUET2,ERTOUE,regional_suffix,aer-stakeholder-report-ergon-2024-25,AER label 'ERTOUE' -> distributor code ERTOUET2
aer-stakeholder-report-ergon-2024-25/regional_suffix/ERTOUE/ergon:ERTOUET3,ergon:ERTOUET3,ERTOUE,regional_suffix,aer-stakeholder-report-ergon-2024-25,AER label 'ERTOUE' -> distributor code ERTOUET3
aer-stakeholder-report-ergon-2024-25/regional_suffix/ESTOUD/ergon:ESTOUDT1,ergon:ESTOUDT1,ESTOUD,regional_suffix,aer-stakeholder-report-ergon-2024-25,AER label 'ESTOUD' -> distributor code ESTOUDT1
aer-stakeholder-report-ergon-2024-25/regional_suffix/ESTOUD/ergon:ESTOUDT2,ergon:ESTOUDT2,ESTOUD,regional_suffix,aer-stakeholder-report-ergon-2024-25,AER label 'ESTOUD' -> distributor code ESTOUDT2
aer-stakeholder-report-ergon-2024-25/regional_suffix/ESTOUD/ergon:ESTOUDT3,ergon:ESTOUDT3,ESTOUD,regional_suffix,aer-stakeholder-report-ergon-2024-25,AER label 'ESTOUD' -> distributor code ESTOUDT3
aer-stakeholder-report-ergon-2024-25/regional_suffix/EVC/ergon:EVCT1,ergon:EVCT1,EVC,regional_suffix,aer-stakeholder-report-ergon-2024-25,AER label 'EVC' -> distributor code EVCT1
aer-stakeholder-report-ergon-2024-25/regional_suffix/EVC/ergon:EVCT2,ergon:EVCT2,EVC,regional_suffix,aer-stakeholder-report-ergon-2024-25,AER label 'EVC' -> distributor code EVCT2
aer-stakeholder-report-ergon-2024-25/regional_suffix/EVC/ergon:EVCT3,ergon:EVCT3,EVC,regional_suffix,aer-stakeholder-report-ergon-2024-25,AER label 'EVC' -> distributor code EVCT3
aer-stakeholder-report-ergon-2024-25/regional_suffix/EVN/ergon:EVNT1,ergon:EVNT1,EVN,regional_suffix,aer-stakeholder-report-ergon-2024-25,AER label 'EVN' -> distributor code EVNT1
aer-stakeholder-report-ergon-2024-25/regional_suffix/EVN/ergon:EVNT2,ergon:EVNT2,EVN,regional_suffix,aer-stakeholder-report-ergon-2024-25,AER label 'EVN' -> distributor code EVNT2
aer-stakeholder-report-ergon-2024-25/regional_suffix/EVN/ergon:EVNT3,ergon:EVNT3,EVN,regional_suffix,aer-stakeholder-report-ergon-2024-25,AER label 'EVN' -> distributor code EVNT3
aer-stakeholder-report-ergon-2024-25/regional_suffix/EVU/ergon:EVUT1,ergon:EVUT1,EVU,regional_suffix,aer-stakeholder-report-ergon-2024-25,AER label 'EVU' -> distributor code EVUT1
aer-stakeholder-report-ergon-2024-25/regional_suffix/EVU/ergon:EVUT2,ergon:EVUT2,EVU,regional_suffix,aer-stakeholder-report-ergon-2024-25,AER label 'EVU' -> distributor code EVUT2
aer-stakeholder-report-ergon-2024-25/regional_suffix/EVU/ergon:EVUT3,ergon:EVUT3,EVU,regional_suffix,aer-stakeholder-report-ergon-2024-25,AER label 'EVU' -> distributor code EVUT3
aer-stakeholder-report-ergon-2024-25/regional_suffix/MBDEM/ergon:MBDEMT4,ergon:MBDEMT4,MBDEM,regional_suffix,aer-stakeholder-report-ergon-2024-25,AER label 'MBDEM' -> distributor code MBDEMT4
aer-stakeholder-report-ergon-2024-25/regional_suffix/MBEST/ergon:MBESTT4,ergon:MBESTT4,MBEST,regional_suffix,aer-stakeholder-report-ergon-2024-25,AER label 'MBEST' -> distributor code MBESTT4
aer-stakeholder-report-ergon-2024-25/regional_suffix/MBIB/ergon:MBIBT4,ergon:MBIBT4,MBIB,regional_suffix,aer-stakeholder-report-ergon-2024-25,AER label 'MBIB' -> distributor code MBIBT4
aer-stakeholder-report-ergon-2024-25/regional_suffix/MBPLC/ergon:MBPLCT4,ergon:MBPLCT4,MBPLC,regional_suffix,aer-stakeholder-report-ergon-2024-25,AER label 'MBPLC' -> distributor code MBPLCT4
aer-stakeholder-report-ergon-2024-25/regional_suffix/MBTDEM/ergon:MBTDEMT4,ergon:MBTDEMT4,MBTDEM,regional_suffix,aer-stakeholder-report-ergon-2024-25,AER label 'MBTDEM' -> distributor code MBTDEMT4
aer-stakeholder-report-ergon-2024-25/regional_suffix/MBTOUE/ergon:MBTOUET4,ergon:MBTOUET4,MBTOUE,regional_suffix,aer-stakeholder-report-ergon-2024-25,AER label 'MBTOUE' -> distributor code MBTOUET4
aer-stakeholder-report-ergon-2024-25/regional_suffix/MBWIF/ergon:MBWIFT4,ergon:MBWIFT4,MBWIF,regional_suffix,aer-stakeholder-report-ergon-2024-25,AER label 'MBWIF' -> distributor code MBWIFT4
aer-stakeholder-report-ergon-2024-25/regional_suffix/MDLT/ergon:MDLTT4,ergon:MDLTT4,MDLT,regional_suffix,aer-stakeholder-report-ergon-2024-25,AER label 'MDLT' -> distributor code MDLTT4
aer-stakeholder-report-ergon-2024-25/regional_suffix/MDMT/ergon:MDMTT4,ergon:MDMTT4,MDMT,regional_suffix,aer-stakeholder-report-ergon-2024-25,AER label 'MDMT' -> distributor code MDMTT4
aer-stakeholder-report-ergon-2024-25/regional_suffix/MDST/ergon:MDSTT4,ergon:MDSTT4,MDST,regional_suffix,aer-stakeholder-report-ergon-2024-25,AER label 'MDST' -> distributor code MDSTT4
aer-stakeholder-report-ergon-2024-25/regional_suffix/MLPLC/ergon:MLPLCT4,ergon:MLPLCT4,MLPLC,regional_suffix,aer-stakeholder-report-ergon-2024-25,AER label 'MLPLC' -> distributor code MLPLCT4
aer-stakeholder-report-ergon-2024-25/regional_suffix/MLSLC/ergon:MLSLCT4,ergon:MLSLCT4,MLSLC,regional_suffix,aer-stakeholder-report-ergon-2024-25,AER label 'MLSLC' -> distributor code MLSLCT4
aer-stakeholder-report-ergon-2024-25/regional_suffix/MLTOUD/ergon:MLTOUDT4,ergon:MLTOUDT4,MLTOUD,regional_suffix,aer-stakeholder-report-ergon-2024-25,AER label 'MLTOUD' -> distributor code MLTOUDT4
aer-stakeholder-report-ergon-2024-25/regional_suffix/MRDEM/ergon:MRDEMT4,ergon:MRDEMT4,MRDEM,regional_suffix,aer-stakeholder-report-ergon-2024-25,AER label 'MRDEM' -> distributor code MRDEMT4
aer-stakeholder-report-ergon-2024-25/regional_suffix/MREST/ergon:MRESTT4,ergon:MRESTT4,MREST,regional_suffix,aer-stakeholder-report-ergon-2024-25,AER label 'MREST' -> distributor code MRESTT4
aer-stakeholder-report-ergon-2024-25/regional_suffix/MRIB/ergon:MRIBT4,ergon:MRIBT4,MRIB,regional_suffix,aer-stakeholder-report-ergon-2024-25,AER label 'MRIB' -> distributor code MRIBT4
aer-stakeholder-report-ergon-2024-25/regional_suffix/MRTDEM/ergon:MRTDEMT4,ergon:MRTDEMT4,MRTDEM,regional_suffix,aer-stakeholder-report-ergon-2024-25,AER label 'MRTDEM' -> distributor code MRTDEMT4
aer-stakeholder-report-ergon-2024-25/regional_suffix/MRTOUE/ergon:MRTOUET4,ergon:MRTOUET4,MRTOUE,regional_suffix,aer-stakeholder-report-ergon-2024-25,AER label 'MRTOUE' -> distributor code MRTOUET4
aer-stakeholder-report-ergon-2024-25/regional_suffix/MSTOUD/ergon:MSTOUDT4,ergon:MSTOUDT4,MSTOUD,regional_suffix,aer-stakeholder-report-ergon-2024-25,AER label 'MSTOUD' -> distributor code MSTOUDT4
aer-stakeholder-report-ergon-2024-25/regional_suffix/MVC/ergon:MVCT4,ergon:MVCT4,MVC,regional_suffix,aer-stakeholder-report-ergon-2024-25,AER label 'MVC' -> distributor code MVCT4
aer-stakeholder-report-ergon-2024-25/regional_suffix/MVN/ergon:MVNT4,ergon:MVNT4,MVN,regional_suffix,aer-stakeholder-report-ergon-2024-25,AER label 'MVN' -> distributor code MVNT4
aer-stakeholder-report-ergon-2024-25/regional_suffix/MVU/ergon:MVUT4,ergon:MVUT4,MVU,regional_suffix,aer-stakeholder-report-ergon-2024-25,AER label 'MVU' -> distributor code MVUT4
aer-stakeholder-report-ergon-2024-25/regional_suffix/WBDEM/ergon:WBDEMT1,ergon:WBDEMT1,WBDEM,regional_suffix,aer-stakeholder-report-ergon-2024-25,AER label 'WBDEM' -> distributor code WBDEMT1
aer-stakeholder-report-ergon-2024-25/regional_suffix/WBDEM/ergon:WBDEMT2,ergon:WBDEMT2,WBDEM,regional_suffix,aer-stakeholder-report-ergon-2024-25,AER label 'WBDEM' -> distributor code WBDEMT2
aer-stakeholder-report-ergon-2024-25/regional_suffix/WBDEM/ergon:WBDEMT3,ergon:WBDEMT3,WBDEM,regional_suffix,aer-stakeholder-report-ergon-2024-25,AER label 'WBDEM' -> distributor code WBDEMT3
aer-stakeholder-report-ergon-2024-25/regional_suffix/WBEST/ergon:WBESTT1,ergon:WBESTT1,WBEST,regional_suffix,aer-stakeholder-report-ergon-2024-25,AER label 'WBEST' -> distributor code WBESTT1
aer-stakeholder-report-ergon-2024-25/regional_suffix/WBEST/ergon:WBESTT2,ergon:WBESTT2,WBEST,regional_suffix,aer-stakeholder-report-ergon-2024-25,AER label 'WBEST' -> distributor code WBESTT2
aer-stakeholder-report-ergon-2024-25/regional_suffix/WBEST/ergon:WBESTT3,ergon:WBESTT3,WBEST,regional_suffix,aer-stakeholder-report-ergon-2024-25,AER label 'WBEST' -> distributor code WBESTT3
aer-stakeholder-report-ergon-2024-25/regional_suffix/WBIB/ergon:WBIBT1,ergon:WBIBT1,WBIB,regional_suffix,aer-stakeholder-report-ergon-2024-25,AER label 'WBIB' -> distributor code WBIBT1
aer-stakeholder-report-ergon-2024-25/regional_suffix/WBIB/ergon:WBIBT2,ergon:WBIBT2,WBIB,regional_suffix,aer-stakeholder-report-ergon-2024-25,AER label 'WBIB' -> distributor code WBIBT2
aer-stakeholder-report-ergon-2024-25/regional_suffix/WBIB/ergon:WBIBT3,ergon:WBIBT3,WBIB,regional_suffix,aer-stakeholder-report-ergon-2024-25,AER label 'WBIB' -> distributor code WBIBT3
aer-stakeholder-report-ergon-2024-25/regional_suffix/WBPLC/ergon:WBPLCT1,ergon:WBPLCT1,WBPLC,regional_suffix,aer-stakeholder-report-ergon-2024-25,AER label 'WBPLC' -> distributor code WBPLCT1
aer-stakeholder-report-ergon-2024-25/regional_suffix/WBPLC/ergon:WBPLCT2,ergon:WBPLCT2,WBPLC,regional_suffix,aer-stakeholder-report-ergon-2024-25,AER label 'WBPLC' -> distributor code WBPLCT2
aer-stakeholder-report-ergon-2024-25/regional_suffix/WBPLC/ergon:WBPLCT3,ergon:WBPLCT3,WBPLC,regional_suffix,aer-stakeholder-report-ergon-2024-25,AER label 'WBPLC' -> distributor code WBPLCT3
aer-stakeholder-report-ergon-2024-25/regional_suffix/WBTDEM/ergon:WBTDEMT1,ergon:WBTDEMT1,WBTDEM,regional_suffix,aer-stakeholder-report-ergon-2024-25,AER label 'WBTDEM' -> distributor code WBTDEMT1
aer-stakeholder-report-ergon-2024-25/regional_suffix/WBTDEM/ergon:WBTDEMT2,ergon:WBTDEMT2,WBTDEM,regional_suffix,aer-stakeholder-report-ergon-2024-25,AER label 'WBTDEM' -> distributor code WBTDEMT2
aer-stakeholder-report-ergon-2024-25/regional_suffix/WBTDEM/ergon:WBTDEMT3,ergon:WBTDEMT3,WBTDEM,regional_suffix,aer-stakeholder-report-ergon-2024-25,AER label 'WBTDEM' -> distributor code WBTDEMT3
aer-stakeholder-report-ergon-2024-25/regional_suffix/WBTOUE/ergon:WBTOUET1,ergon:WBTOUET1,WBTOUE,regional_suffix,aer-stakeholder-report-ergon-2024-25,AER label 'WBTOUE' -> distributor code WBTOUET1
aer-stakeholder-report-ergon-2024-25/regional_suffix/WBTOUE/ergon:WBTOUET2,ergon:WBTOUET2,WBTOUE,regional_suffix,aer-stakeholder-report-ergon-2024-25,AER label 'WBTOUE' -> distributor code WBTOUET2
aer-stakeholder-report-ergon-2024-25/regional_suffix/WBTOUE/ergon:WBTOUET3,ergon:WBTOUET3,WBTOUE,regional_suffix,aer-stakeholder-report-ergon-2024-25,AER label 'WBTOUE' -> distributor code WBTOUET3
aer-stakeholder-report-ergon-2024-25/regional_suffix/WBWIF/ergon:WBWIFT1,ergon:WBWIFT1,WBWIF,regional_suffix,aer-stakeholder-report-ergon-2024-25,AER label 'WBWIF' -> distributor code WBWIFT1
aer-stakeholder-report-ergon-2024-25/regional_suffix/WBWIF/ergon:WBWIFT2,ergon:WBWIFT2,WBWIF,regional_suffix,aer-stakeholder-report-ergon-2024-25,AER label 'WBWIF' -> distributor code WBWIFT2
aer-stakeholder-report-ergon-2024-25/regional_suffix/WBWIF/ergon:WBWIFT3,ergon:WBWIFT3,WBWIF,regional_suffix,aer-stakeholder-report-ergon-2024-25,AER label 'WBWIF' -> distributor code WBWIFT3
aer-stakeholder-report-ergon-2024-25/regional_suffix/WC22B/ergon:WC22BT1,ergon:WC22BT1,WC22B,regional_suffix,aer-stakeholder-report-ergon-2024-25,AER label 'WC22B' -> distributor code WC22BT1
aer-stakeholder-report-ergon-2024-25/regional_suffix/WC22B/ergon:WC22BT2,ergon:WC22BT2,WC22B,regional_suffix,aer-stakeholder-report-ergon-2024-25,AER label 'WC22B' -> distributor code WC22BT2
aer-stakeholder-report-ergon-2024-25/regional_suffix/WC22B/ergon:WC22BT3,ergon:WC22BT3,WC22B,regional_suffix,aer-stakeholder-report-ergon-2024-25,AER label 'WC22B' -> distributor code WC22BT3
aer-stakeholder-report-ergon-2024-25/regional_suffix/WC22BTOU/ergon:WC22BTOUT1,ergon:WC22BTOUT1,WC22BTOU,regional_suffix,aer-stakeholder-report-ergon-2024-25,AER label 'WC22BTOU' -> distributor code WC22BTOUT1
aer-stakeholder-report-ergon-2024-25/regional_suffix/WC22BTOU/ergon:WC22BTOUT2,ergon:WC22BTOUT2,WC22BTOU,regional_suffix,aer-stakeholder-report-ergon-2024-25,AER label 'WC22BTOU' -> distributor code WC22BTOUT2
aer-stakeholder-report-ergon-2024-25/regional_suffix/WC22BTOU/ergon:WC22BTOUT3,ergon:WC22BTOUT3,WC22BTOU,regional_suffix,aer-stakeholder-report-ergon-2024-25,AER label 'WC22BTOU' -> distributor code WC22BTOUT3
aer-stakeholder-report-ergon-2024-25/regional_suffix/WC22L/ergon:WC22LT1,ergon:WC22LT1,WC22L,regional_suffix,aer-stakeholder-report-ergon-2024-25,AER label 'WC22L' -> distributor code WC22LT1
aer-stakeholder-report-ergon-2024-25/regional_suffix/WC22L/ergon:WC22LT2,ergon:WC22LT2,WC22L,regional_suffix,aer-stakeholder-report-ergon-2024-25,AER label 'WC22L' -> distributor code WC22LT2
aer-stakeholder-report-ergon-2024-25/regional_suffix/WC22L/ergon:WC22LT3,ergon:WC22LT3,WC22L,regional_suffix,aer-stakeholder-report-ergon-2024-25,AER label 'WC22L' -> distributor code WC22LT3
aer-stakeholder-report-ergon-2024-25/regional_suffix/WC22LTOU/ergon:WC22LTOUT1,ergon:WC22LTOUT1,WC22LTOU,regional_suffix,aer-stakeholder-report-ergon-2024-25,AER label 'WC22LTOU' -> distributor code WC22LTOUT1
aer-stakeholder-report-ergon-2024-25/regional_suffix/WC22LTOU/ergon:WC22LTOUT2,ergon:WC22LTOUT2,WC22LTOU,regional_suffix,aer-stakeholder-report-ergon-2024-25,AER label 'WC22LTOU' -> distributor code WC22LTOUT2
aer-stakeholder-report-ergon-2024-25/regional_suffix/WC22LTOU/ergon:WC22LTOUT3,ergon:WC22LTOUT3,WC22LTOU,regional_suffix,aer-stakeholder-report-ergon-2024-25,AER label 'WC22LTOU' -> distributor code WC22LTOUT3
aer-stakeholder-report-ergon-2024-25/regional_suffix/WC33/ergon:WC33T1,ergon:WC33T1,WC33,regional_suffix,aer-stakeholder-report-ergon-2024-25,AER label 'WC33' -> distributor code WC33T1
aer-stakeholder-report-ergon-2024-25/regional_suffix/WC33/ergon:WC33T2,ergon:WC33T2,WC33,regional_suffix,aer-stakeholder-report-ergon-2024-25,AER label 'WC33' -> distributor code WC33T2
aer-stakeholder-report-ergon-2024-25/regional_suffix/WC33/ergon:WC33T3,ergon:WC33T3,WC33,regional_suffix,aer-stakeholder-report-ergon-2024-25,AER label 'WC33' -> distributor code WC33T3
aer-stakeholder-report-ergon-2024-25/regional_suffix/WC66/ergon:WC66T1,ergon:WC66T1,WC66,regional_suffix,aer-stakeholder-report-ergon-2024-25,AER label 'WC66' -> distributor code WC66T1
aer-stakeholder-report-ergon-2024-25/regional_suffix/WC66/ergon:WC66T2,ergon:WC66T2,WC66,regional_suffix,aer-stakeholder-report-ergon-2024-25,AER label 'WC66' -> distributor code WC66T2
aer-stakeholder-report-ergon-2024-25/regional_suffix/WC66/ergon:WC66T3,ergon:WC66T3,WC66,regional_suffix,aer-stakeholder-report-ergon-2024-25,AER label 'WC66' -> distributor code WC66T3
aer-stakeholder-report-ergon-2024-25/regional_suffix/WC66TOU/ergon:WC66TOUT1,ergon:WC66TOUT1,WC66TOU,regional_suffix,aer-stakeholder-report-ergon-2024-25,AER label 'WC66TOU' -> distributor code WC66TOUT1
aer-stakeholder-report-ergon-2024-25/regional_suffix/WC66TOU/ergon:WC66TOUT2,ergon:WC66TOUT2,WC66TOU,regional_suffix,aer-stakeholder-report-ergon-2024-25,AER label 'WC66TOU' -> distributor code WC66TOUT2
aer-stakeholder-report-ergon-2024-25/regional_suffix/WC66TOU/ergon:WC66TOUT3,ergon:WC66TOUT3,WC66TOU,regional_suffix,aer-stakeholder-report-ergon-2024-25,AER label 'WC66TOU' -> distributor code WC66TOUT3
aer-stakeholder-report-ergon-2024-25/regional_suffix/WDLT/ergon:WDLTT1,ergon:WDLTT1,WDLT,regional_suffix,aer-stakeholder-report-ergon-2024-25,AER label 'WDLT' -> distributor code WDLTT1
aer-stakeholder-report-ergon-2024-25/regional_suffix/WDLT/ergon:WDLTT2,ergon:WDLTT2,WDLT,regional_suffix,aer-stakeholder-report-ergon-2024-25,AER label 'WDLT' -> distributor code WDLTT2
aer-stakeholder-report-ergon-2024-25/regional_suffix/WDLT/ergon:WDLTT3,ergon:WDLTT3,WDLT,regional_suffix,aer-stakeholder-report-ergon-2024-25,AER label 'WDLT' -> distributor code WDLTT3
aer-stakeholder-report-ergon-2024-25/regional_suffix/WDMT/ergon:WDMTT1,ergon:WDMTT1,WDMT,regional_suffix,aer-stakeholder-report-ergon-2024-25,AER label 'WDMT' -> distributor code WDMTT1
aer-stakeholder-report-ergon-2024-25/regional_suffix/WDMT/ergon:WDMTT2,ergon:WDMTT2,WDMT,regional_suffix,aer-stakeholder-report-ergon-2024-25,AER label 'WDMT' -> distributor code WDMTT2
aer-stakeholder-report-ergon-2024-25/regional_suffix/WDMT/ergon:WDMTT3,ergon:WDMTT3,WDMT,regional_suffix,aer-stakeholder-report-ergon-2024-25,AER label 'WDMT' -> distributor code WDMTT3
aer-stakeholder-report-ergon-2024-25/regional_suffix/WDST/ergon:WDSTT1,ergon:WDSTT1,WDST,regional_suffix,aer-stakeholder-report-ergon-2024-25,AER label 'WDST' -> distributor code WDSTT1
aer-stakeholder-report-ergon-2024-25/regional_suffix/WDST/ergon:WDSTT2,ergon:WDSTT2,WDST,regional_suffix,aer-stakeholder-report-ergon-2024-25,AER label 'WDST' -> distributor code WDSTT2
aer-stakeholder-report-ergon-2024-25/regional_suffix/WDST/ergon:WDSTT3,ergon:WDSTT3,WDST,regional_suffix,aer-stakeholder-report-ergon-2024-25,AER label 'WDST' -> distributor code WDSTT3
aer-stakeholder-report-ergon-2024-25/regional_suffix/WLPLC/ergon:WLPLCT1,ergon:WLPLCT1,WLPLC,regional_suffix,aer-stakeholder-report-ergon-2024-25,AER label 'WLPLC' -> distributor code WLPLCT1
aer-stakeholder-report-ergon-2024-25/regional_suffix/WLPLC/ergon:WLPLCT2,ergon:WLPLCT2,WLPLC,regional_suffix,aer-stakeholder-report-ergon-2024-25,AER label 'WLPLC' -> distributor code WLPLCT2
aer-stakeholder-report-ergon-2024-25/regional_suffix/WLPLC/ergon:WLPLCT3,ergon:WLPLCT3,WLPLC,regional_suffix,aer-stakeholder-report-ergon-2024-25,AER label 'WLPLC' -> distributor code WLPLCT3
aer-stakeholder-report-ergon-2024-25/regional_suffix/WLSLC/ergon:WLSLCT1,ergon:WLSLCT1,WLSLC,regional_suffix,aer-stakeholder-report-ergon-2024-25,AER label 'WLSLC' -> distributor code WLSLCT1
aer-stakeholder-report-ergon-2024-25/regional_suffix/WLSLC/ergon:WLSLCT2,ergon:WLSLCT2,WLSLC,regional_suffix,aer-stakeholder-report-ergon-2024-25,AER label 'WLSLC' -> distributor code WLSLCT2
aer-stakeholder-report-ergon-2024-25/regional_suffix/WLSLC/ergon:WLSLCT3,ergon:WLSLCT3,WLSLC,regional_suffix,aer-stakeholder-report-ergon-2024-25,AER label 'WLSLC' -> distributor code WLSLCT3
aer-stakeholder-report-ergon-2024-25/regional_suffix/WLTOUD/ergon:WLTOUDT1,ergon:WLTOUDT1,WLTOUD,regional_suffix,aer-stakeholder-report-ergon-2024-25,AER label 'WLTOUD' -> distributor code WLTOUDT1
aer-stakeholder-report-ergon-2024-25/regional_suffix/WLTOUD/ergon:WLTOUDT2,ergon:WLTOUDT2,WLTOUD,regional_suffix,aer-stakeholder-report-ergon-2024-25,AER label 'WLTOUD' -> distributor code WLTOUDT2
aer-stakeholder-report-ergon-2024-25/regional_suffix/WLTOUD/ergon:WLTOUDT3,ergon:WLTOUDT3,WLTOUD,regional_suffix,aer-stakeholder-report-ergon-2024-25,AER label 'WLTOUD' -> distributor code WLTOUDT3
aer-stakeholder-report-ergon-2024-25/regional_suffix/WRDEM/ergon:WRDEMT1,ergon:WRDEMT1,WRDEM,regional_suffix,aer-stakeholder-report-ergon-2024-25,AER label 'WRDEM' -> distributor code WRDEMT1
aer-stakeholder-report-ergon-2024-25/regional_suffix/WRDEM/ergon:WRDEMT2,ergon:WRDEMT2,WRDEM,regional_suffix,aer-stakeholder-report-ergon-2024-25,AER label 'WRDEM' -> distributor code WRDEMT2
aer-stakeholder-report-ergon-2024-25/regional_suffix/WRDEM/ergon:WRDEMT3,ergon:WRDEMT3,WRDEM,regional_suffix,aer-stakeholder-report-ergon-2024-25,AER label 'WRDEM' -> distributor code WRDEMT3
aer-stakeholder-report-ergon-2024-25/regional_suffix/WREST/ergon:WRESTT1,ergon:WRESTT1,WREST,regional_suffix,aer-stakeholder-report-ergon-2024-25,AER label 'WREST' -> distributor code WRESTT1
aer-stakeholder-report-ergon-2024-25/regional_suffix/WREST/ergon:WRESTT2,ergon:WRESTT2,WREST,regional_suffix,aer-stakeholder-report-ergon-2024-25,AER label 'WREST' -> distributor code WRESTT2
aer-stakeholder-report-ergon-2024-25/regional_suffix/WREST/ergon:WRESTT3,ergon:WRESTT3,WREST,regional_suffix,aer-stakeholder-report-ergon-2024-25,AER label 'WREST' -> distributor code WRESTT3
aer-stakeholder-report-ergon-2024-25/regional_suffix/WRIB/ergon:WRIBT1,ergon:WRIBT1,WRIB,regional_suffix,aer-stakeholder-report-ergon-2024-25,AER label 'WRIB' -> distributor code WRIBT1
aer-stakeholder-report-ergon-2024-25/regional_suffix/WRIB/ergon:WRIBT2,ergon:WRIBT2,WRIB,regional_suffix,aer-stakeholder-report-ergon-2024-25,AER label 'WRIB' -> distributor code WRIBT2
aer-stakeholder-report-ergon-2024-25/regional_suffix/WRIB/ergon:WRIBT3,ergon:WRIBT3,WRIB,regional_suffix,aer-stakeholder-report-ergon-2024-25,AER label 'WRIB' -> distributor code WRIBT3
aer-stakeholder-report-ergon-2024-25/regional_suffix/WRTDEM/ergon:WRTDEMT1,ergon:WRTDEMT1,WRTDEM,regional_suffix,aer-stakeholder-report-ergon-2024-25,AER label 'WRTDEM' -> distributor code WRTDEMT1
aer-stakeholder-report-ergon-2024-25/regional_suffix/WRTDEM/ergon:WRTDEMT2,ergon:WRTDEMT2,WRTDEM,regional_suffix,aer-stakeholder-report-ergon-2024-25,AER label 'WRTDEM' -> distributor code WRTDEMT2
aer-stakeholder-report-ergon-2024-25/regional_suffix/WRTDEM/ergon:WRTDEMT3,ergon:WRTDEMT3,WRTDEM,regional_suffix,aer-stakeholder-report-ergon-2024-25,AER label 'WRTDEM' -> distributor code WRTDEMT3
aer-stakeholder-report-ergon-2024-25/regional_suffix/WRTOUE/ergon:WRTOUET1,ergon:WRTOUET1,WRTOUE,regional_suffix,aer-stakeholder-report-ergon-2024-25,AER label 'WRTOUE' -> distributor code WRTOUET1
aer-stakeholder-report-ergon-2024-25/regional_suffix/WRTOUE/ergon:WRTOUET2,ergon:WRTOUET2,WRTOUE,regional_suffix,aer-stakeholder-report-ergon-2024-25,AER label 'WRTOUE' -> distributor code WRTOUET2
aer-stakeholder-report-ergon-2024-25/regional_suffix/WRTOUE/ergon:WRTOUET3,ergon:WRTOUET3,WRTOUE,regional_suffix,aer-stakeholder-report-ergon-2024-25,AER label 'WRTOUE' -> distributor code WRTOUET3
aer-stakeholder-report-ergon-2024-25/regional_suffix/WSTOUD/ergon:WSTOUDT1,ergon:WSTOUDT1,WSTOUD,regional_suffix,aer-stakeholder-report-ergon-2024-25,AER label 'WSTOUD' -> distributor code WSTOUDT1
aer-stakeholder-report-ergon-2024-25/regional_suffix/WSTOUD/ergon:WSTOUDT2,ergon:WSTOUDT2,WSTOUD,regional_suffix,aer-stakeholder-report-ergon-2024-25,AER label 'WSTOUD' -> distributor code WSTOUDT2
aer-stakeholder-report-ergon-2024-25/regional_suffix/WSTOUD/ergon:WSTOUDT3,ergon:WSTOUDT3,WSTOUD,regional_suffix,aer-stakeholder-report-ergon-2024-25,AER label 'WSTOUD' -> distributor code WSTOUDT3
aer-stakeholder-report-ergon-2024-25/regional_suffix/WVC/ergon:WVCT1,ergon:WVCT1,WVC,regional_suffix,aer-stakeholder-report-ergon-2024-25,AER label 'WVC' -> distributor code WVCT1
aer-stakeholder-report-ergon-2024-25/regional_suffix/WVC/ergon:WVCT2,ergon:WVCT2,WVC,regional_suffix,aer-stakeholder-report-ergon-2024-25,AER label 'WVC' -> distributor code WVCT2
aer-stakeholder-report-ergon-2024-25/regional_suffix/WVC/ergon:WVCT3,ergon:WVCT3,WVC,regional_suffix,aer-stakeholder-report-ergon-2024-25,AER label 'WVC' -> distributor code WVCT3
aer-stakeholder-report-ergon-2024-25/regional_suffix/WVN/ergon:WVNT1,ergon:WVNT1,WVN,regional_suffix,aer-stakeholder-report-ergon-2024-25,AER label 'WVN' -> distributor code WVNT1
aer-stakeholder-report-ergon-2024-25/regional_suffix/WVN/ergon:WVNT2,ergon:WVNT2,WVN,regional_suffix,aer-stakeholder-report-ergon-2024-25,AER label 'WVN' -> distributor code WVNT2
aer-stakeholder-report-ergon-2024-25/regional_suffix/WVN/ergon:WVNT3,ergon:WVNT3,WVN,regional_suffix,aer-stakeholder-report-ergon-2024-25,AER label 'WVN' -> distributor code WVNT3
aer-stakeholder-report-ergon-2024-25/regional_suffix/WVU/ergon:WVUT1,ergon:WVUT1,WVU,regional_suffix,aer-stakeholder-report-ergon-2024-25,AER label 'WVU' -> distributor code WVUT1
aer-stakeholder-report-ergon-2024-25/regional_suffix/WVU/ergon:WVUT2,ergon:WVUT2,WVU,regional_suffix,aer-stakeholder-report-ergon-2024-25,AER label 'WVU' -> distributor code WVUT2
aer-stakeholder-report-ergon-2024-25/regional_suffix/WVU/ergon:WVUT3,ergon:WVUT3,WVU,regional_suffix,aer-stakeholder-report-ergon-2024-25,AER label 'WVU' -> distributor code WVUT3
"aer-stakeholder-report-evoenergy-2024-25/joint_label_member/010, 011*/evoenergy:010",evoenergy:010,"010, 011*",joint_label_member,aer-stakeholder-report-evoenergy-2024-25,"member 010 of joint AER label '010, 011*'"
"aer-stakeholder-report-evoenergy-2024-25/joint_label_member/010, 011*/evoenergy:011",evoenergy:011,"010, 011*",joint_label_member,aer-stakeholder-report-evoenergy-2024-25,"member 011 of joint AER label '010, 011*'"
"aer-stakeholder-report-evoenergy-2024-25/joint_label_member/015, 016*/evoenergy:015",evoenergy:015,"015, 016*",joint_label_member,aer-stakeholder-report-evoenergy-2024-25,"member 015 of joint AER label '015, 016*'"
"aer-stakeholder-report-evoenergy-2024-25/joint_label_member/015, 016*/evoenergy:016",evoenergy:016,"015, 016*",joint_label_member,aer-stakeholder-report-evoenergy-2024-25,"member 016 of joint AER label '015, 016*'"
"aer-stakeholder-report-evoenergy-2024-25/joint_label_member/017, 018*/evoenergy:017",evoenergy:017,"017, 018*",joint_label_member,aer-stakeholder-report-evoenergy-2024-25,"member 017 of joint AER label '017, 018*'"
"aer-stakeholder-report-evoenergy-2024-25/joint_label_member/017, 018*/evoenergy:018",evoenergy:018,"017, 018*",joint_label_member,aer-stakeholder-report-evoenergy-2024-25,"member 018 of joint AER label '017, 018*'"
"aer-stakeholder-report-evoenergy-2024-25/joint_label_member/020, 021*/evoenergy:020",evoenergy:020,"020, 021*",joint_label_member,aer-stakeholder-report-evoenergy-2024-25,"member 020 of joint AER label '020, 021*'"
"aer-stakeholder-report-evoenergy-2024-25/joint_label_member/020, 021*/evoenergy:021",evoenergy:021,"020, 021*",joint_label_member,aer-stakeholder-report-evoenergy-2024-25,"member 021 of joint AER label '020, 021*'"
"aer-stakeholder-report-evoenergy-2024-25/joint_label_member/023, 024*/evoenergy:023",evoenergy:023,"023, 024*",joint_label_member,aer-stakeholder-report-evoenergy-2024-25,"member 023 of joint AER label '023, 024*'"
"aer-stakeholder-report-evoenergy-2024-25/joint_label_member/023, 024*/evoenergy:024",evoenergy:024,"023, 024*",joint_label_member,aer-stakeholder-report-evoenergy-2024-25,"member 024 of joint AER label '023, 024*'"
"aer-stakeholder-report-evoenergy-2024-25/joint_label_member/025, 026*/evoenergy:025",evoenergy:025,"025, 026*",joint_label_member,aer-stakeholder-report-evoenergy-2024-25,"member 025 of joint AER label '025, 026*'"
"aer-stakeholder-report-evoenergy-2024-25/joint_label_member/025, 026*/evoenergy:026",evoenergy:026,"025, 026*",joint_label_member,aer-stakeholder-report-evoenergy-2024-25,"member 026 of joint AER label '025, 026*'"
"aer-stakeholder-report-evoenergy-2024-25/joint_label_member/030, 031*/evoenergy:030",evoenergy:030,"030, 031*",joint_label_member,aer-stakeholder-report-evoenergy-2024-25,"member 030 of joint AER label '030, 031*'"
"aer-stakeholder-report-evoenergy-2024-25/joint_label_member/030, 031*/evoenergy:031",evoenergy:031,"030, 031*",joint_label_member,aer-stakeholder-report-evoenergy-2024-25,"member 031 of joint AER label '030, 031*'"
"aer-stakeholder-report-evoenergy-2024-25/joint_label_member/040, 041*/evoenergy:040",evoenergy:040,"040, 041*",joint_label_member,aer-stakeholder-report-evoenergy-2024-25,"member 040 of joint AER label '040, 041*'"
"aer-stakeholder-report-evoenergy-2024-25/joint_label_member/040, 041*/evoenergy:041",evoenergy:041,"040, 041*",joint_label_member,aer-stakeholder-report-evoenergy-2024-25,"member 041 of joint AER label '040, 041*'"
"aer-stakeholder-report-evoenergy-2024-25/joint_label_member/090, 091*/evoenergy:090",evoenergy:090,"090, 091*",joint_label_member,aer-stakeholder-report-evoenergy-2024-25,"member 090 of joint AER label '090, 091*'"
"aer-stakeholder-report-evoenergy-2024-25/joint_label_member/090, 091*/evoenergy:091",evoenergy:091,"090, 091*",joint_label_member,aer-stakeholder-report-evoenergy-2024-25,"member 091 of joint AER label '090, 091*'"
"aer-stakeholder-report-evoenergy-2024-25/joint_label_member/101, 104*/evoenergy:101",evoenergy:101,"101, 104*",joint_label_member,aer-stakeholder-report-evoenergy-2024-25,"member 101 of joint AER label '101, 104*'"
"aer-stakeholder-report-evoenergy-2024-25/joint_label_member/101, 104*/evoenergy:104",evoenergy:104,"101, 104*",joint_label_member,aer-stakeholder-report-evoenergy-2024-25,"member 104 of joint AER label '101, 104*'"
"aer-stakeholder-report-evoenergy-2024-25/joint_label_member/103, 105*/evoenergy:103",evoenergy:103,"103, 105*",joint_label_member,aer-stakeholder-report-evoenergy-2024-25,"member 103 of joint AER label '103, 105*'"
"aer-stakeholder-report-evoenergy-2024-25/joint_label_member/103, 105*/evoenergy:105",evoenergy:105,"103, 105*",joint_label_member,aer-stakeholder-report-evoenergy-2024-25,"member 105 of joint AER label '103, 105*'"
"aer-stakeholder-report-evoenergy-2024-25/joint_label_member/106, 107*/evoenergy:106",evoenergy:106,"106, 107*",joint_label_member,aer-stakeholder-report-evoenergy-2024-25,"member 106 of joint AER label '106, 107*'"
"aer-stakeholder-report-evoenergy-2024-25/joint_label_member/106, 107*/evoenergy:107",evoenergy:107,"106, 107*",joint_label_member,aer-stakeholder-report-evoenergy-2024-25,"member 107 of joint AER label '106, 107*'"
aer-stakeholder-report-jemena-2024-25/joint_label_member/A100/F100/jemena:A100,jemena:A100,A100/F100,joint_label_member,aer-stakeholder-report-jemena-2024-25,member A100 of joint AER label 'A100/F100'
aer-stakeholder-report-jemena-2024-25/joint_label_member/A100/F100/jemena:F100,jemena:F100,A100/F100,joint_label_member,aer-stakeholder-report-jemena-2024-25,member F100 of joint AER label 'A100/F100'
aer-stakeholder-report-jemena-2024-25/joint_label_member/A10D/F10D/jemena:A10D,jemena:A10D,A10D/F10D,joint_label_member,aer-stakeholder-report-jemena-2024-25,member A10D of joint AER label 'A10D/F10D'
aer-stakeholder-report-jemena-2024-25/joint_label_member/A10D/F10D/jemena:F10D,jemena:F10D,A10D/F10D,joint_label_member,aer-stakeholder-report-jemena-2024-25,member F10D of joint AER label 'A10D/F10D'
aer-stakeholder-report-jemena-2024-25/joint_label_member/A120/F120/jemena:A120,jemena:A120,A120/F120,joint_label_member,aer-stakeholder-report-jemena-2024-25,member A120 of joint AER label 'A120/F120'
aer-stakeholder-report-jemena-2024-25/joint_label_member/A120/F120/jemena:F120,jemena:F120,A120/F120,joint_label_member,aer-stakeholder-report-jemena-2024-25,member F120 of joint AER label 'A120/F120'
aer-stakeholder-report-jemena-2024-25/joint_label_member/A200/F200/jemena:A200,jemena:A200,A200/F200,joint_label_member,aer-stakeholder-report-jemena-2024-25,member A200 of joint AER label 'A200/F200'
aer-stakeholder-report-jemena-2024-25/joint_label_member/A200/F200/jemena:F200,jemena:F200,A200/F200,joint_label_member,aer-stakeholder-report-jemena-2024-25,member F200 of joint AER label 'A200/F200'
aer-stakeholder-report-jemena-2024-25/joint_label_member/A20D/F20D/jemena:A20D,jemena:A20D,A20D/F20D,joint_label_member,aer-stakeholder-report-jemena-2024-25,member A20D of joint AER label 'A20D/F20D'
aer-stakeholder-report-jemena-2024-25/joint_label_member/A20D/F20D/jemena:F20D,jemena:F20D,A20D/F20D,joint_label_member,aer-stakeholder-report-jemena-2024-25,member F20D of joint AER label 'A20D/F20D'
aer-stakeholder-report-jemena-2024-25/joint_label_member/A210/F210/jemena:A210,jemena:A210,A210/F210,joint_label_member,aer-stakeholder-report-jemena-2024-25,member A210 of joint AER label 'A210/F210'
aer-stakeholder-report-jemena-2024-25/joint_label_member/A210/F210/jemena:F210,jemena:F210,A210/F210,joint_label_member,aer-stakeholder-report-jemena-2024-25,member F210 of joint AER label 'A210/F210'
aer-stakeholder-report-jemena-2024-25/joint_label_member/A230/F230/jemena:A230,jemena:A230,A230/F230,joint_label_member,aer-stakeholder-report-jemena-2024-25,member A230 of joint AER label 'A230/F230'
aer-stakeholder-report-jemena-2024-25/joint_label_member/A230/F230/jemena:F230,jemena:F230,A230/F230,joint_label_member,aer-stakeholder-report-jemena-2024-25,member F230 of joint AER label 'A230/F230'
aer-stakeholder-report-jemena-2024-25/joint_label_member/A23N/F23N/jemena:A23N,jemena:A23N,A23N/F23N,joint_label_member,aer-stakeholder-report-jemena-2024-25,member A23N of joint AER label 'A23N/F23N'
aer-stakeholder-report-jemena-2024-25/joint_label_member/A23N/F23N/jemena:F23N,jemena:F23N,A23N/F23N,joint_label_member,aer-stakeholder-report-jemena-2024-25,member F23N of joint AER label 'A23N/F23N'
aer-stakeholder-report-jemena-2024-25/joint_label_member/A270/F270/jemena:A270,jemena:A270,A270/F270,joint_label_member,aer-stakeholder-report-jemena-2024-25,member A270 of joint AER label 'A270/F270'
aer-stakeholder-report-jemena-2024-25/joint_label_member/A270/F270/jemena:F270,jemena:F270,A270/F270,joint_label_member,aer-stakeholder-report-jemena-2024-25,member F270 of joint AER label 'A270/F270'
aer-stakeholder-report-sapn-2024-25-updated17jul2024/code_variant/HVAD-SA/sapn:HVAD,sapn:HVAD,HVAD-SA,code_variant,aer-stakeholder-report-sapn-2024-25-updated17jul2024,AER label 'HVAD-SA' -> distributor code HVAD
aer-stakeholder-report-sapn-2024-25-updated17jul2024/code_variant/HVAD500-SA/sapn:HVAD500,sapn:HVAD500,HVAD500-SA,code_variant,aer-stakeholder-report-sapn-2024-25-updated17jul2024,AER label 'HVAD500-SA' -> distributor code HVAD500
aer-stakeholder-report-sapn-2024-25-updated17jul2024/code_variant/HVADF-SA/sapn:HVADF,sapn:HVADF,HVADF-SA,code_variant,aer-stakeholder-report-sapn-2024-25-updated17jul2024,AER label 'HVADF-SA' -> distributor code HVADF
aer-stakeholder-report-sapn-2024-25-updated17jul2024/code_variant/HVBG-SA/sapn:HVBG,sapn:HVBG,HVBG-SA,code_variant,aer-stakeholder-report-sapn-2024-25-updated17jul2024,AER label 'HVBG-SA' -> distributor code HVBG
aer-stakeholder-report-sapn-2024-25-updated17jul2024/code_variant/HVBGF-SA/sapn:HVBGF,sapn:HVBGF,HVBGF-SA,code_variant,aer-stakeholder-report-sapn-2024-25-updated17jul2024,AER label 'HVBGF-SA' -> distributor code HVBGF
aer-stakeholder-report-sapn-2024-25-updated17jul2024/code_variant/HVMD-SA/sapn:HVMD,sapn:HVMD,HVMD-SA,code_variant,aer-stakeholder-report-sapn-2024-25-updated17jul2024,AER label 'HVMD-SA' -> distributor code HVMD
aer-stakeholder-report-sapn-2024-25-updated17jul2024/code_variant/LBAD-SA/sapn:LBAD,sapn:LBAD,LBAD-SA,code_variant,aer-stakeholder-report-sapn-2024-25-updated17jul2024,AER label 'LBAD-SA' -> distributor code LBAD
aer-stakeholder-report-sapn-2024-25-updated17jul2024/code_variant/LBADF-SA/sapn:LBADF,sapn:LBADF,LBADF-SA,code_variant,aer-stakeholder-report-sapn-2024-25-updated17jul2024,AER label 'LBADF-SA' -> distributor code LBADF
aer-stakeholder-report-sapn-2024-25-updated17jul2024/code_variant/LBG-SA/sapn:LBG,sapn:LBG,LBG-SA,code_variant,aer-stakeholder-report-sapn-2024-25-updated17jul2024,AER label 'LBG-SA' -> distributor code LBG
aer-stakeholder-report-sapn-2024-25-updated17jul2024/code_variant/LBGF-SA/sapn:LBGF,sapn:LBGF,LBGF-SA,code_variant,aer-stakeholder-report-sapn-2024-25-updated17jul2024,AER label 'LBGF-SA' -> distributor code LBGF
aer-stakeholder-report-sapn-2024-25-updated17jul2024/code_variant/LBMD-SA/sapn:LBMD,sapn:LBMD,LBMD-SA,code_variant,aer-stakeholder-report-sapn-2024-25-updated17jul2024,AER label 'LBMD-SA' -> distributor code LBMD
aer-stakeholder-report-sapn-2024-25-updated17jul2024/name_matched/BCL/sapn:M/QOPCL,sapn:M/QOPCL,BCL,name_matched,aer-stakeholder-report-sapn-2024-25-updated17jul2024,AER label BCL matched by tariff name (similarity 1.0)
aer-stakeholder-report-sapn-2024-25-updated17jul2024/name_matched/STN483/sapn:STR483,sapn:STR483,STN483,name_matched,aer-stakeholder-report-sapn-2024-25-updated17jul2024,AER label STN483 matched by tariff name (similarity 0.94)
aer-stakeholder-report-sapn-2024-25-updated17jul2024/name_matched/ZSN035/sapn:ZSS035,sapn:ZSS035,ZSN035,name_matched,aer-stakeholder-report-sapn-2024-25-updated17jul2024,AER label ZSN035 matched by tariff name (similarity 0.94)
aer-stakeholder-report-sapn-2024-25-updated17jul2024/name_matched/ZSN272/sapn:ZSS272,sapn:ZSS272,ZSN272,name_matched,aer-stakeholder-report-sapn-2024-25-updated17jul2024,AER label ZSN272 matched by tariff name (similarity 0.94)
aer-stakeholder-report-sapn-2024-25-updated17jul2024/name_matched/ZSN273/sapn:ZSS273,sapn:ZSS273,ZSN273,name_matched,aer-stakeholder-report-sapn-2024-25-updated17jul2024,AER label ZSN273 matched by tariff name (similarity 0.94)
aer-stakeholder-report-unitedenergy-2024-25/code_variant/LVDed/unitedenergy:LVDED,unitedenergy:LVDED,LVDed,code_variant,aer-stakeholder-report-unitedenergy-2024-25,AER prints the code differently
aer-stakeholder-report-unitedenergy-2024-25/code_variant/SUBTkVATOU/unitedenergy:SUBTKVATOU,unitedenergy:SUBTKVATOU,SUBTkVATOU,code_variant,aer-stakeholder-report-unitedenergy-2024-25,AER prints the code differently
