tou_schedule_id,distributor_id,document_id,fin_year,name,time_basis,public_holidays,covers_full_day,locator,quote,note
ausgrid-2023-24-larger-business-capacity-window,ausgrid,ausgrid-2023-24-annual-scs-pricing-proposal-31mar2023,2023-24,Capacity charging window for larger businesses (2-8 pm working weekdays),not_stated,not_stated,0,pdf:p27,the capacity charging windows for larger businesses (2-8 pm working weekdays),"Section 10.7; the same wording is in the Section 2.1 key reforms list (p6). 'Working weekdays' is recorded as business_day. The document does not list which codes are 'larger businesses'; the linked codes are the tariffs Table 4.1 (p12) prices under the 'Capacity charge - Peak' heading (EA302/EA316 in c/kW/day, the rest in c/kVA/day). EA501 (Transmission-connected) also carries a capacity charge there but is not a business tariff class, so it is not linked."
ausgrid-2023-24-low-season-demand-window,ausgrid,ausgrid-2023-24-annual-scs-pricing-proposal-31mar2023,2023-24,Low season demand window (residential and small business demand tariffs),not_stated,not_stated,0,pdf:p27,"In other months (‘low season’) where the peak energy price does not apply, residential and small business charging windows are aligned with the capacity charging windows for larger businesses (2-8 pm working weekdays).","Section 10.7. Section 10.3 (p25) says the same: 'In seasons where there is no peak energy on working weekdays, a window of 2-8 pm applies for low season demand charging'. The months of the low season and the summer/winter peak energy windows (which are the high-season demand windows) are not given in this document; it refers to the TSS and the ES7 Network Price Guide."
ausgrid-2024-25-ea958-tou,ausgrid,ausgrid-network-price-list-2024-25-wayback20250806,2024-25,EA958 Super off-peak trial charging windows,not_stated,unchanged,1,pdf:p3,*The charging windows for EA958 differ from the standard network charging windows. The off-peak (branded ‘super off-peak’) applies from midnight to 6am every day. The peak applies to all other times.,"Windows apply 'every day', so public holidays are not treated differently. The standard network charging windows referred to are not given in this price list."
ausnet-2023-24-app-cl-10,ausnet,ausnet-annual-pricing-proposal-2023-24,2023-24,Dedicated circuit with afternoon boost (structure 10),not_stated,not_stated,0,pdf:p54,11:00pm to 7:00am and 1:00pm to 4:00pm Monday to Sunday,
ausnet-2023-24-app-cl-11,ausnet,ausnet-annual-pricing-proposal-2023-24,2023-24,Dedicated circuit 6 or 8 hours between 8:00 PM and 8:00 AM (structure 11),not_stated,not_stated,0,pdf:p54,6 or 8hrs between 8:00pm to 8:00am Monday to Sunday,Supply is 6 or 8 hours within the 8:00 PM to 8:00 AM span; the windows record the span.
ausnet-2023-24-app-cl-9,ausnet,ausnet-annual-pricing-proposal-2023-24,2023-24,Dedicated circuit 11:00 PM to 7:00 AM (structure 9),not_stated,not_stated,0,pdf:p54,11:00pm to 7:00am Monday to Sunday,
ausnet-2023-24-app-d-cpd,ausnet,ausnet-annual-pricing-proposal-2023-24,2023-24,"Critical peak demand period 3:00 PM to 7:00 PM ADST on nominated days (structures 13, 14, 18)",daylight_time,not_stated,0,pdf:p55,recorded between 3:00pm to 7:00pm ADST,Stated in ADST. Section 4.3: the maximum kVA recorded on the 5 nominated peak demand weekdays during the defined critical peak demand period.
ausnet-2023-24-app-d-monthly,ausnet,ausnet-annual-pricing-proposal-2023-24,2023-24,"Monthly demand window 3:00 PM to 9:00 PM ADST Monday to Friday (structures 2, 15)",daylight_time,not_stated,0,pdf:p54,3:00pm to 9:00pm ADST Monday to Friday. Peak season – December to March,"Stated in ADST. Structure 2 'Demand $/kW/mth' (p54) and structure 15 'Monthly demand $/kW/mth' (p55) both read: '3:00pm to 9:00pm ADST Monday to Friday. Peak season – December to March, Off peak season – All other months'."
ausnet-2023-24-app-e-13,ausnet,ausnet-annual-pricing-proposal-2023-24,2023-24,"Peak 7-10 AM and 4-11 PM, shoulder 10 AM-4 PM Monday to Friday (structure 13)",not_stated,not_stated,1,pdf:p54,7:00am to 10:00am and 4:00pm to 11:00pm Monday to Friday,"Structure 13 (section 10.5) starts on p54; its 'Off peak c/kWh All other times' row is the first line of p55, followed by its capacity and critical peak demand rows."
ausnet-2023-24-app-e-16,ausnet,ausnet-annual-pricing-proposal-2023-24,2023-24,Residential time of use: peak 3:00 PM to 9:00 PM Monday to Sunday (structure 16),local_time,not_stated,1,pdf:p55,3:00pm to 9:00pm Monday to Sunday (local time),
ausnet-2023-24-app-e-17,ausnet,ausnet-annual-pricing-proposal-2023-24,2023-24,Small business time of use: peak 9:00 AM to 9:00 PM Monday to Friday (structure 17),local_time,not_stated,1,pdf:p55,9:00am to 9:00pm Monday to Friday (local time),
ausnet-2023-24-app-e-18,ausnet,ausnet-annual-pricing-proposal-2023-24,2023-24,"Medium critical peak demand: peak 4-9 PM, shoulder 10 AM-4 PM Monday to Friday (structure 18)",not_stated,not_stated,1,pdf:p55,4:00pm to 9:00pm Monday to Friday,Structure 18 also prints the windows 'applicable from 1 July 2021 to 30 June 2023'; this schedule is the one applicable from 1 July 2023.
ausnet-2023-24-app-e-7-23-mon-fri,ausnet,ausnet-annual-pricing-proposal-2023-24,2023-24,"Peak 7:00 AM to 11:00 PM Monday to Friday, off peak all other times (structures 2, 3, 14)",not_stated,not_stated,1,pdf:p54,7:00am to 11:00pm Monday to Friday,
ausnet-2023-24-app-e-7-23-mon-sun,ausnet,ausnet-annual-pricing-proposal-2023-24,2023-24,Peak 7:00 AM to 11:00 PM Monday to Sunday (structure 5),not_stated,not_stated,1,pdf:p54,7:00am to 11:00pm Monday to Sunday,
ausnet-2023-24-app-e-8-20-mon-fri,ausnet,ausnet-annual-pricing-proposal-2023-24,2023-24,Peak 8:00 AM to 8:00 PM Monday to Friday (structure 4),not_stated,not_stated,1,pdf:p54,8:00am to 8:00pm Monday to Friday,
ausnet-2023-24-app-e-seasonal-7,ausnet,ausnet-annual-pricing-proposal-2023-24,2023-24,Summer peak / summer shoulder / winter peak (structure 7),not_stated,not_stated,1,pdf:p54,"2:00pm to 6:00pm Monday to Friday, December to March",
ausnet-2023-24-app-e-snow-12,ausnet,ausnet-annual-pricing-proposal-2023-24,2023-24,Snowfields seasonal peak 1 May to 30 September (structure 12),not_stated,not_stated,1,pdf:p54,1 May to 30 September,
ausnet-2024-25-app-nsp56-tou,ausnet,ausnet-annual-pricing-proposal-2024-25,2024-25,NSP56 consumption charging windows on and after 1 July 2023 (Table 4.1),not_stated,not_stated,1,pdf:p15,Consumption charging windows Until 30 June 2023 (No change) On and after 1 July 2023,"Table 4.1, right-hand column (on and after 1 July 2023)."
ausnet-2024-25-app-small-business-default-tou,ausnet,ausnet-annual-pricing-proposal-2024-25,2024-25,Small business default ToU peak period 9am-9pm weekdays,local_time,not_stated,0,pdf:p14,a two-rate ToU tariff with a peak period of 9am- 9pm local time on weekdays (the new default ToU tariff),Only the peak period is stated here; the off-peak remainder is not spelled out in this document.
ausnet-2024-25-xlsx-cl-10,ausnet,ausnet-2024-25-schedule-of-tariffs-28mar2024,2024-25,Dedicated circuit with afternoon boost (structure 10),not_stated,not_stated,0,xlsx:Tariff structures!E47,11:00 PM to 7:00 AM and 1:00 PM to 4:00 PM Monday to Sunday,
ausnet-2024-25-xlsx-cl-11,ausnet,ausnet-2024-25-schedule-of-tariffs-28mar2024,2024-25,Dedicated circuit 6 or 8 hours between 8:00 PM and 8:00 AM (structure 11),not_stated,not_stated,0,xlsx:Tariff structures!E50,6 or 8 Hrs between 8:00 PM to 8:00 AM Monday to Sunday,Supply is 6 or 8 hours within the 8:00 PM to 8:00 AM span; the windows record the span.
ausnet-2024-25-xlsx-cl-9,ausnet,ausnet-2024-25-schedule-of-tariffs-28mar2024,2024-25,Dedicated circuit 11:00 PM to 7:00 AM (structure 9),not_stated,not_stated,0,xlsx:Tariff structures!E44,11:00 PM to 7:00 AM Monday to Sunday,
ausnet-2024-25-xlsx-d-cpd,ausnet,ausnet-2024-25-schedule-of-tariffs-28mar2024,2024-25,"Critical peak demand period 3:00 PM to 7:00 PM ADST on nominated days (structures 13, 14, 18)",daylight_time,not_stated,0,xlsx:Tariff structures!E63,recorded between 3:00 PM and 7:00 PM ADST,Stated in ADST. Applies only on the (up to) five days nominated in advance.
ausnet-2024-25-xlsx-d-monthly,ausnet,ausnet-2024-25-schedule-of-tariffs-28mar2024,2024-25,"Monthly demand window 3:00 PM to 9:00 PM ADST Monday to Friday (structures 2, 15)",daylight_time,not_stated,0,xlsx:Tariff structures!E13,3:00PM to 9:00PM ADST Monday to Friday. Peak season - December to March,"Stated in ADST; peak season December to March, off peak season all other months (separate monthly peak and off peak kW demand prices)."
ausnet-2024-25-xlsx-e-13,ausnet,ausnet-2024-25-schedule-of-tariffs-28mar2024,2024-25,"Peak 7-10 AM and 4-11 PM, shoulder 10 AM-4 PM Monday to Friday (structure 13)",not_stated,not_stated,1,xlsx:Tariff structures!E59,7:00 AM to 10:00 AM and 4:00 PM to 11:00 PM Monday to Friday,
ausnet-2024-25-xlsx-e-16,ausnet,ausnet-2024-25-schedule-of-tariffs-28mar2024,2024-25,Residential time of use: peak 3:00 PM to 9:00 PM Monday to Sunday (structure 16),local_time,not_stated,1,xlsx:Tariff structures!E78,3:00 PM to 9:00 PM Monday to Sunday (local time),
ausnet-2024-25-xlsx-e-17,ausnet,ausnet-2024-25-schedule-of-tariffs-28mar2024,2024-25,Small business time of use: peak 9:00 AM to 9:00 PM Monday to Friday (structure 17),local_time,not_stated,1,xlsx:Tariff structures!E82,9:00 AM to 9:00 PM Monday to Friday (local time),
ausnet-2024-25-xlsx-e-18,ausnet,ausnet-2024-25-schedule-of-tariffs-28mar2024,2024-25,"Medium critical peak demand: peak 4-9 PM, shoulder 10 AM-4 PM Monday to Friday (structure 18)",not_stated,not_stated,1,xlsx:Tariff structures!E94,4:00 PM to 9:00 PM Monday to Friday,Structure 18 also prints the windows 'applicable from 1 July 2021 to 30 June 2023' (same as structure 13); this schedule is the one applicable from 1 July 2023.
ausnet-2024-25-xlsx-e-7-23-mon-fri,ausnet,ausnet-2024-25-schedule-of-tariffs-28mar2024,2024-25,"Peak 7:00 AM to 11:00 PM Monday to Friday, off peak all other times (structures 2, 3, 14)",not_stated,not_stated,1,xlsx:Tariff structures!E11,7:00 AM to 11:00 PM Monday to Friday,
ausnet-2024-25-xlsx-e-7-23-mon-sun,ausnet,ausnet-2024-25-schedule-of-tariffs-28mar2024,2024-25,Peak 7:00 AM to 11:00 PM Monday to Sunday (structure 5),not_stated,not_stated,1,xlsx:Tariff structures!E24,7:00 AM to 11:00 PM Monday to Sunday,
ausnet-2024-25-xlsx-e-8-20-mon-fri,ausnet,ausnet-2024-25-schedule-of-tariffs-28mar2024,2024-25,Peak 8:00 AM to 8:00 PM Monday to Friday (structure 4),not_stated,not_stated,1,xlsx:Tariff structures!E20,8:00 AM to 8:00 PM Monday to Friday,
ausnet-2024-25-xlsx-e-seasonal-7,ausnet,ausnet-2024-25-schedule-of-tariffs-28mar2024,2024-25,Summer peak / summer shoulder / winter peak (structure 7),not_stated,not_stated,1,xlsx:Tariff structures!E31,"2:00 PM to 6:00 PM Monday to Friday, December to March",
ausnet-2024-25-xlsx-e-snow-12,ausnet,ausnet-2024-25-schedule-of-tariffs-28mar2024,2024-25,Snowfields seasonal peak 1 May to 30 September (structure 12),not_stated,not_stated,1,xlsx:Tariff structures!E55,1 May to 30 September,
ausnet-2025-26-xlsx-cl-10,ausnet,ausnet-network-tariff-schedule-2025-26,2025-26,Dedicated circuit with afternoon boost (structure 10),not_stated,not_stated,0,xlsx:Tariff structures!E47,11:00 PM to 7:00 AM and 1:00 PM to 4:00 PM Monday to Sunday,
ausnet-2025-26-xlsx-cl-11,ausnet,ausnet-network-tariff-schedule-2025-26,2025-26,Dedicated circuit 6 or 8 hours between 8:00 PM and 8:00 AM (structure 11),not_stated,not_stated,0,xlsx:Tariff structures!E50,6 or 8 Hrs between 8:00 PM to 8:00 AM Monday to Sunday,Supply is 6 or 8 hours within the 8:00 PM to 8:00 AM span; the windows record the span.
ausnet-2025-26-xlsx-cl-9,ausnet,ausnet-network-tariff-schedule-2025-26,2025-26,Dedicated circuit 11:00 PM to 7:00 AM (structure 9),not_stated,not_stated,0,xlsx:Tariff structures!E44,11:00 PM to 7:00 AM Monday to Sunday,
ausnet-2025-26-xlsx-d-cpd,ausnet,ausnet-network-tariff-schedule-2025-26,2025-26,"Critical peak demand period 3:00 PM to 7:00 PM ADST on nominated days (structures 13, 14, 18)",daylight_time,not_stated,0,xlsx:Tariff structures!E63,recorded between 3:00 PM and 7:00 PM ADST,Stated in ADST. Applies only on the (up to) five days nominated in advance.
ausnet-2025-26-xlsx-d-monthly,ausnet,ausnet-network-tariff-schedule-2025-26,2025-26,"Monthly demand window 3:00 PM to 9:00 PM ADST Monday to Friday (structures 2, 15)",daylight_time,not_stated,0,xlsx:Tariff structures!E13,3:00PM to 9:00PM ADST Monday to Friday. Peak season - December to March,"Stated in ADST; peak season December to March, off peak season all other months (separate monthly peak and off peak kW demand prices)."
ausnet-2025-26-xlsx-e-13,ausnet,ausnet-network-tariff-schedule-2025-26,2025-26,"Peak 7-10 AM and 4-11 PM, shoulder 10 AM-4 PM Monday to Friday (structure 13)",not_stated,not_stated,1,xlsx:Tariff structures!E59,7:00 AM to 10:00 AM and 4:00 PM to 11:00 PM Monday to Friday,
ausnet-2025-26-xlsx-e-16,ausnet,ausnet-network-tariff-schedule-2025-26,2025-26,Residential time of use: peak 3:00 PM to 9:00 PM Monday to Sunday (structure 16),local_time,not_stated,1,xlsx:Tariff structures!E78,3:00 PM to 9:00 PM Monday to Sunday (local time),
ausnet-2025-26-xlsx-e-17,ausnet,ausnet-network-tariff-schedule-2025-26,2025-26,Small business time of use: peak 9:00 AM to 9:00 PM Monday to Friday (structure 17),local_time,not_stated,1,xlsx:Tariff structures!E82,9:00 AM to 9:00 PM Monday to Friday (local time),
ausnet-2025-26-xlsx-e-18,ausnet,ausnet-network-tariff-schedule-2025-26,2025-26,"Medium critical peak demand: peak 4-9 PM, shoulder 10 AM-4 PM Monday to Friday (structure 18)",not_stated,not_stated,1,xlsx:Tariff structures!E94,4:00 PM to 9:00 PM Monday to Friday,Structure 18 also prints the windows 'applicable from 1 July 2021 to 30 June 2023' (same as structure 13); this schedule is the one applicable from 1 July 2023.
ausnet-2025-26-xlsx-e-7-23-mon-fri,ausnet,ausnet-network-tariff-schedule-2025-26,2025-26,"Peak 7:00 AM to 11:00 PM Monday to Friday, off peak all other times (structures 2, 3, 14)",not_stated,not_stated,1,xlsx:Tariff structures!E11,7:00 AM to 11:00 PM Monday to Friday,
ausnet-2025-26-xlsx-e-7-23-mon-sun,ausnet,ausnet-network-tariff-schedule-2025-26,2025-26,Peak 7:00 AM to 11:00 PM Monday to Sunday (structure 5),not_stated,not_stated,1,xlsx:Tariff structures!E24,7:00 AM to 11:00 PM Monday to Sunday,
ausnet-2025-26-xlsx-e-8-20-mon-fri,ausnet,ausnet-network-tariff-schedule-2025-26,2025-26,Peak 8:00 AM to 8:00 PM Monday to Friday (structure 4),not_stated,not_stated,1,xlsx:Tariff structures!E20,8:00 AM to 8:00 PM Monday to Friday,
ausnet-2025-26-xlsx-e-seasonal-7,ausnet,ausnet-network-tariff-schedule-2025-26,2025-26,Summer peak / summer shoulder / winter peak (structure 7),not_stated,not_stated,1,xlsx:Tariff structures!E31,"2:00 PM to 6:00 PM Monday to Friday, December to March",
ausnet-2025-26-xlsx-e-snow-12,ausnet,ausnet-network-tariff-schedule-2025-26,2025-26,Snowfields seasonal peak 1 May to 30 September (structure 12),not_stated,not_stated,1,xlsx:Tariff structures!E55,1 May to 30 September,
ausnet-2026-27-xlsx-cl-10,ausnet,ausnet-network-tariff-schedule-2026-27-20260515,2026-27,Dedicated circuit with afternoon boost (structure 10),not_stated,not_stated,0,xlsx:Tariff structures!E47,11:00 PM to 7:00 AM and 1:00 PM to 4:00 PM Monday to Sunday,
ausnet-2026-27-xlsx-cl-11,ausnet,ausnet-network-tariff-schedule-2026-27-20260515,2026-27,Dedicated circuit 6 or 8 hours between 8:00 PM and 8:00 AM (structure 11),not_stated,not_stated,0,xlsx:Tariff structures!E50,6 or 8 Hrs between 8:00 PM to 8:00 AM Monday to Sunday,Supply is 6 or 8 hours within the 8:00 PM to 8:00 AM span; the windows record the span.
ausnet-2026-27-xlsx-cl-19,ausnet,ausnet-network-tariff-schedule-2026-27-20260515,2026-27,Dedicated circuit 24 hour (structure 19),not_stated,not_stated,0,xlsx:Tariff structures!E94,12:00 AM to 12:00 AM Monday to Sunday,
ausnet-2026-27-xlsx-cl-9,ausnet,ausnet-network-tariff-schedule-2026-27-20260515,2026-27,Dedicated circuit 11:00 PM to 7:00 AM (structure 9),not_stated,not_stated,0,xlsx:Tariff structures!E44,11:00 PM to 7:00 AM Monday to Sunday,
ausnet-2026-27-xlsx-d-cpd,ausnet,ausnet-network-tariff-schedule-2026-27-20260515,2026-27,"Critical peak demand period 3:00 PM to 7:00 PM ADST on nominated days (structures 13, 14, 18)",daylight_time,not_stated,0,xlsx:Tariff structures!E64,recorded between 3:00 PM and 7:00 PM ADST,Stated in ADST. 'Average of up to five values recorded ... on days nominated in advance'.
ausnet-2026-27-xlsx-d-monthly,ausnet,ausnet-network-tariff-schedule-2026-27-20260515,2026-27,"Monthly demand window 3:00 PM to 9:00 PM ADST Monday to Friday (structures 2, 15)",daylight_time,not_stated,0,xlsx:Tariff structures!E13,3:00PM to 9:00PM ADST Monday to Friday. Peak season - December to March,"Stated in ADST; peak season December to March, off peak season all other months (separate monthly peak and off peak kW demand prices)."
ausnet-2026-27-xlsx-e-13,ausnet,ausnet-network-tariff-schedule-2026-27-20260515,2026-27,"Peak 7-10 AM and 4-11 PM, shoulder 10 AM-4 PM Monday to Friday (structure 13)",not_stated,not_stated,1,xlsx:Tariff structures!E60,7:00 AM to 10:00 AM and 4:00 PM to 11:00 PM Monday to Friday,
ausnet-2026-27-xlsx-e-17,ausnet,ausnet-network-tariff-schedule-2026-27-20260515,2026-27,Small business time of use: peak 9:00 AM to 9:00 PM Monday to Friday (structure 17),local_time,not_stated,1,xlsx:Tariff structures!E83,9:00 AM to 9:00 PM Monday to Friday,Times marked '*': '* Based on local time'.
ausnet-2026-27-xlsx-e-18,ausnet,ausnet-network-tariff-schedule-2026-27-20260515,2026-27,"Medium critical peak demand: peak 4-9 PM, shoulder 10 AM-4 PM Monday to Friday (structure 18)",not_stated,not_stated,1,xlsx:Tariff structures!E86,4:00 PM to 9:00 PM Monday to Friday,
ausnet-2026-27-xlsx-e-20-21,ausnet,ausnet-network-tariff-schedule-2026-27-20260515,2026-27,"Solar soak 11 AM-4 PM, peak 4-9 PM every day (structures 20, 21)",local_time,not_stated,1,xlsx:Tariff structures!E96,11:00 AM to 4:00 PM Monday to Sunday,"'* Based on local time' (B105). Windows quoted from structure 20 (E96 solar soak, E98 peak, E100 off peak); structure 21 prints the same windows: E102 '11:00 AM to 4:00 PM Monday to Sunday*', E103 '4:00 PM to 9:00 PM Monday to Sunday*', E104 'All other times*'."
ausnet-2026-27-xlsx-e-7-23-mon-fri,ausnet,ausnet-network-tariff-schedule-2026-27-20260515,2026-27,"Peak 7:00 AM to 11:00 PM Monday to Friday, off peak all other times (structures 2, 3, 14)",not_stated,not_stated,1,xlsx:Tariff structures!E11,7:00 AM to 11:00 PM Monday to Friday,
ausnet-2026-27-xlsx-e-8-20-mon-fri,ausnet,ausnet-network-tariff-schedule-2026-27-20260515,2026-27,Peak 8:00 AM to 8:00 PM Monday to Friday (structure 4),not_stated,not_stated,1,xlsx:Tariff structures!E20,8:00 AM to 8:00 PM Monday to Friday,
ausnet-2026-27-xlsx-e-seasonal-7,ausnet,ausnet-network-tariff-schedule-2026-27-20260515,2026-27,Summer peak / summer shoulder / winter peak (structure 7),not_stated,not_stated,1,xlsx:Tariff structures!E31,"2:00 PM to 6:00 PM Monday to Friday, December to March",
ausnet-2026-27-xlsx-e-snow-12,ausnet,ausnet-network-tariff-schedule-2026-27-20260515,2026-27,Snowfields seasonal peak 1 May to 30 September (structure 12),not_stated,not_stated,1,xlsx:Tariff structures!E55,1 May to 30 September,
ausnet-2026-27-xlsx-x-20,ausnet,ausnet-network-tariff-schedule-2026-27-20260515,2026-27,Export charge and export reward windows (structure 20),local_time,not_stated,0,xlsx:Tariff structures!E97,11:00 AM to 4:00 PM Monday to Sunday*^,'* Based on local time'; '^ Includes a BEL of 1 kWh per day' (export charge).
citipower-2025-26-cmg-demand-table,citipower,citipower-pricing-proposal-2025-26-31mar2025-wayback,2025-26,CMG monthly demand window,local_time,not_stated,0,pdf-ocr:p7,CMG Default workdays 10am- workdays 10am- Medium business demand ≤120KVA 6pm 6pm,"Table 5 (p7, an image) CMG row read by OCR: 'workdays 10am-6pm' in both the summer and non-summer demand columns (OCR prints '<' as '≤')."
citipower-2026-27-cmg-demand-table,citipower,citipower-pricing-proposal-2026-27-07may2026,2026-27,CMG monthly demand window,local_time,not_stated,0,pdf-ocr:p6,Default workdays 10am-workdays 10am- Medium business demand CMG 160MWh 6pm 6pm,"Table 5 (p6, an image) CMG row read by OCR: 'workdays 10am-6pm' in both the summer and non-summer demand columns."
citipower-2324-pdf-c2u-tou,citipower,citipower-pricing-proposal-2023-24-wayback,2023-24,Unmetered supply (C2U) energy peak / off-peak,not_stated,not_stated,1,pdf:p26,weekdays Non-peak Unmetered supply C2U Default unmetered 7am-11pm times,"Notes on the page: 'all times are local time, except for C2U' - the basis for C2U is not stated on this page (later documents say AEST)."
citipower-2324-pdf-cg-demand,citipower,citipower-pricing-proposal-2023-24-wayback,2023-24,Small business demand (CG) maximum demand window,local_time,not_stated,0,pdf:p26,workdays workdays Demand CG Opt-in ✓ ✓ 10am-6pm 10am-6pm,Table A.8 summer / non-summer demand columns; summer is December to March. 'workdays' is not defined in the document; mapped to business_day (Mon-Fri); public holiday treatment not stated
citipower-2324-pdf-cmg-demand,citipower,citipower-pricing-proposal-2023-24-wayback,2023-24,Medium business demand (CMG) maximum demand window,local_time,not_stated,0,pdf:p26,> 40MWh pa workdays workdays Medium business demand CMG Default ✓ ✓ < 120KVA 10am-6pm 10am-6pm,Table A.8 summer / non-summer demand columns; summer is December to March. 'workdays' is not defined in the document; mapped to business_day (Mon-Fri); public holiday treatment not stated
citipower-2324-pdf-cmg-energy-bill,citipower,citipower-pricing-proposal-2023-24-wayback,2023-24,Medium business demand (CMG) energy as shown on the bill,local_time,not_stated,1,pdf:p26,"CMG energy rate is reflected as anytime rate in our pricing schedule, however on our bill it will show as peak 7am-11pm work days and off peak all other time with exactly the same rate.",Peak and off-peak carry exactly the same (anytime) rate; the split is a billing presentation. 'workdays' is not defined in the document; mapped to business_day (Mon-Fri); public holiday treatment not stated
citipower-2324-pdf-cmgo21-tou,citipower,citipower-pricing-proposal-2023-24-wayback,2023-24,Medium business opt-out (CMGO21) energy peak / off-peak,local_time,not_stated,1,pdf:p26,< 160MWh workdays Non-peak Medium business opt-out CMGO21 Opt-out ✓ pa 10am-6pm times,Table A.8. 'workdays' is not defined in the document; mapped to business_day (Mon-Fri); public holiday treatment not stated
citipower-2324-pdf-cndb,citipower,citipower-pricing-proposal-2023-24-wayback,2023-24,Community battery time of use trial (CNDB) peak / saver / off-peak,local_time,unchanged,1,pdf:p14,"The peak period is 4pm-9pm, saver period is 10am-3pm, and off- peak is all other times, from Monday to Sunday. Time band from 3pm to 4pm is considered as off-peak",Community battery note; applies to import and export (negative values are a rebate). 'all trial tariffs are in local time.'. Link quote: Table 6 (p13) row naming CNDB as 'Community battery time of use'; the p14 community battery note gives these windows.
citipower-2324-pdf-crds,citipower,citipower-pricing-proposal-2023-24-wayback,2023-24,Residential daytime saver trial (CRDS) peak / saver / off-peak,local_time,unchanged,1,pdf:p13,"Residential daytime saver peak period is 4pm-9pm, saver period is 10am-3pm, and off-peak is all other times, from Monday to Sunday. Time band from 3pm to 4pm is considered as off-peak",p14: 'all trial tariffs are in local time.'. Link quote: Table 6 (p13) row naming CRDS as 'Residential daytime saver'; the note under the table gives these windows.
citipower-2324-pdf-gt-demand-a,citipower,citipower-pricing-proposal-2023-24-wayback,2023-24,Generator storage trial (GT) demand window option 4-9pm,local_time,unchanged,0,pdf:p14,"Generator tariff kW demand charge based on the highest 30-minute demand measured over the last 12 months for only 4-9pm or only 11am-4pm, every day of year, local time",Each site is measured over one of the two windows (4-9pm or 11am-4pm). Link quote: Table 6 (p13) row naming GT as 'Generator storage'; the p14 'Generator tariff' note gives this window.
citipower-2324-pdf-gt-demand-b,citipower,citipower-pricing-proposal-2023-24-wayback,2023-24,Generator storage trial (GT) demand window option 11am-4pm,local_time,unchanged,0,pdf:p14,"Generator tariff kW demand charge based on the highest 30-minute demand measured over the last 12 months for only 4-9pm or only 11am-4pm, every day of year, local time",Each site is measured over one of the two windows (4-9pm or 11am-4pm). Link quote: Table 6 (p13) row naming GT as 'Generator storage'; the p14 'Generator tariff' note gives this window.
citipower-2324-pdf-hot-water,citipower,citipower-pricing-proposal-2023-24-wayback,2023-24,Dedicated circuit (CDS) hot water typical switching times,local_time,not_stated,0,pdf:p25,Switching Times: Typically switching times will occur between 9.30pm and 7am. These times may vary depending on localised demand,"Typical times only; they may vary with localised demand management. Days not stated (taken as every day). Link quote: the CDS note on p25 is followed by its 'Hot water' sub-bullets, which give these switching times."
citipower-2324-pdf-large-energy,citipower,citipower-pricing-proposal-2023-24-wayback,2023-24,Large LV / HV / sub-transmission peak and off-peak usage,local_time,not_stated,1,pdf:p29,Peak usage is kWh usage between 7am and 7pm local time on workdays. Off-peak usage is kWh usage at all other times.,"'workdays' is not defined in the document; mapped to business_day (Mon-Fri); public holiday treatment not stated. Each link quotes the code's Table A.9 row (p27), whose peak energy and 12-month rolling demand columns read 'workdays 7am-7pm'."
citipower-2324-pdf-large-incentive-1,citipower,citipower-pricing-proposal-2023-24-wayback,2023-24,Large tariffs ending 1: summer incentive demand 1-4pm,local_time,not_stated,0,pdf:p27,"tariffs ending 1 represent 1-4pm, tariffs ending 2 represent 4-7pm summer incentive demand period",Months and workdays from A.4.3 (p29): 'maximum monthly 15-minute kVA for the December to March months ... on each workday'. 'workdays' is not defined in the document; mapped to business_day (Mon-Fri); public holiday treatment not stated
citipower-2324-pdf-large-incentive-2,citipower,citipower-pricing-proposal-2023-24-wayback,2023-24,Large tariffs ending 2 and CST2: summer incentive demand 4-7pm,local_time,not_stated,0,pdf:p27,"tariffs ending 1 represent 1-4pm, tariffs ending 2 represent 4-7pm summer incentive demand period",CST2 shows 4-7pm in the summer incentive demand column of Table A.9. 'workdays' is not defined in the document; mapped to business_day (Mon-Fri); public holiday treatment not stated
citipower-2324-pdf-large-rolling,citipower,citipower-pricing-proposal-2023-24-wayback,2023-24,Large LV / HV / sub-transmission 12-month rolling demand window,local_time,not_stated,0,pdf:p29,Maximum 15-minute kVA demand measured between 7am and 7pm local time on workdays over the prior 12 months.,"'workdays' is not defined in the document; mapped to business_day (Mon-Fri); public holiday treatment not stated. Each link quotes the code's Table A.9 row (p27), whose peak energy and 12-month rolling demand columns read 'workdays 7am-7pm'."
citipower-2324-pdf-res-demand,citipower,citipower-pricing-proposal-2023-24-wayback,2023-24,Residential demand (CR) maximum demand window,local_time,not_stated,0,pdf:p25,workdays workdays Demand CR Opt-in ✓ ✓ 3pm-9pm 3pm-9pm,"Table A.7 summer demand and non-summer demand columns; 'summer period covers December to March, non-summer is April to November'. 'workdays' is not defined in the document; mapped to business_day (Mon-Fri); public holiday treatment not stated"
citipower-2324-pdf-res-tou,citipower,citipower-pricing-proposal-2023-24-wayback,2023-24,Residential ToU (CRTOU) energy peak / off-peak,local_time,unchanged,1,pdf:p25,all days non-peak ToU CRTOU Default ✓ 3pm-9pm times,"Table A.7; 'all times are local time' (same page). Applies all days, so public holidays are unchanged."
citipower-2324-pdf-sb-tou,citipower,citipower-pricing-proposal-2023-24-wayback,2023-24,Small business ToU (CGTOU) energy peak / off-peak,local_time,not_stated,1,pdf:p26,workdays Non-peak ToU CGTOU Default ✓ 9am-9pm times,"Table A.8; 'all times are local time, except for C2U'. 'workdays' is not defined in the document; mapped to business_day (Mon-Fri); public holiday treatment not stated"
citipower-2324-pdf-slab-heating,citipower,citipower-pricing-proposal-2023-24-wayback,2023-24,Dedicated circuit (CDS) slab heating typical switching times,local_time,not_stated,0,pdf:p25,Typically switching times may vary depending on localised demand management activities normally between 12am and 7am.,"Typical times only. Same page: 'An afternoon boost between 1pm and 4pm may occur during winter' (winter months not defined, so not encoded as a window). Link quote: the CDS note on p25 is followed by its 'Slab heating' sub-bullets, which give these times."
citipower-2425-pdf-c2u-tou,citipower,citipower-pricing-proposal-2024-25-28mar2024-wayback,2024-25,Unmetered supply (C2U) energy peak / off-peak,standard_time,not_stated,1,pdf:p10,weekdays 7am- Unmetered supply C2U Default unmetered Non-peak times 11pm,p5: 'Exceptions are unmetered supply tariff C2U where the tariff is based on Australian Eastern Standard Time (AEST).'
citipower-2425-pdf-cg-demand,citipower,citipower-pricing-proposal-2024-25-28mar2024-wayback,2024-25,Small business demand (CG) maximum demand window,local_time,not_stated,0,pdf:p10,workdays 10am- workdays 10am- Demand CG Opt-in ✓ ✓ 6pm 6pm,Table 5 summer / non-summer demand; summer covers December to March. 'workdays' is not defined in the document; mapped to business_day (Mon-Fri); public holiday treatment not stated
citipower-2425-pdf-cmg-demand,citipower,citipower-pricing-proposal-2024-25-28mar2024-wayback,2024-25,Medium business demand (CMG) maximum demand window,local_time,not_stated,0,pdf:p10,> 40MWh pa workdays 10am- workdays 10am- Medium business demand CMG Default ✓ ✓ < 120KVA 6pm 6pm,Table 5 summer / non-summer demand; summer covers December to March. 'workdays' is not defined in the document; mapped to business_day (Mon-Fri); public holiday treatment not stated
citipower-2425-pdf-cmg-energy-bill,citipower,citipower-pricing-proposal-2024-25-28mar2024-wayback,2024-25,Medium business demand (CMG) energy as shown on the bill,local_time,not_stated,1,pdf:p11,"CMG energy rate is reflected as anytime rate in our pricing schedule, however, on our bill it will show as peak 7am-11pm workdays and off peak all other time with exactly the same rate",Peak and off-peak carry exactly the same (anytime) rate. 'workdays' is not defined in the document; mapped to business_day (Mon-Fri); public holiday treatment not stated
citipower-2425-pdf-cmgo21-tou,citipower,citipower-pricing-proposal-2024-25-28mar2024-wayback,2024-25,Medium business opt-out (CMGO21) energy peak / off-peak,local_time,not_stated,1,pdf:p10,workdays 10am- Medium business opt-out CMGO21 Opt-out < 160MWh pa ✓ Non-peak times 6pm,'workdays' is not defined in the document; mapped to business_day (Mon-Fri); public holiday treatment not stated
citipower-2425-pdf-crds,citipower,citipower-pricing-proposal-2024-25-28mar2024-wayback,2024-25,Residential daytime saver trial (CRDS) peak / saver / off-peak,local_time,unchanged,1,pdf:p6,"Peak period is 4pm-9pm, saver period is 10am-3pm, and off-peak is all other times, from Monday to Sunday, local time",Link quote: Table 2 (p6) row naming CRDS as 'Residential daytime saver'; the quoted windows are under the 'Residential daytime saver:' notes on the same page.
citipower-2425-pdf-gt-demand-a,citipower,citipower-pricing-proposal-2024-25-28mar2024-wayback,2024-25,Generator storage trial (GT) demand window option 4-9pm,local_time,unchanged,0,pdf:p6,"kW demand charge based on the highest 30-minute demand measured over the last 12 months either over 4-9pm or over 11am-4pm depending on location, every day of the year, local time",Window depends on location (one of the two). Link quote: Table 2 (p6) row naming GT as 'Generator storage'; the quoted window is under the 'Generator storage:' notes on the same page.
citipower-2425-pdf-gt-demand-b,citipower,citipower-pricing-proposal-2024-25-28mar2024-wayback,2024-25,Generator storage trial (GT) demand window option 11am-4pm,local_time,unchanged,0,pdf:p6,"kW demand charge based on the highest 30-minute demand measured over the last 12 months either over 4-9pm or over 11am-4pm depending on location, every day of the year, local time",Window depends on location (one of the two). Link quote: Table 2 (p6) row naming GT as 'Generator storage'; the quoted window is under the 'Generator storage:' notes on the same page.
citipower-2425-pdf-large-energy,citipower,citipower-pricing-proposal-2024-25-28mar2024-wayback,2024-25,Large LV / HV / sub-transmission peak and off-peak usage,local_time,not_stated,1,pdf:p13,Peak usage is kWh usage between 7am and 7pm local time on workdays. Off-peak usage is kWh usage at all other times.,"'workdays' is not defined in the document; mapped to business_day (Mon-Fri); public holiday treatment not stated. Each link quotes the code's Table 6 row (p11), whose peak energy and 12-month rolling demand columns read 'workdays 7am-7pm'."
citipower-2425-pdf-large-incentive-1,citipower,citipower-pricing-proposal-2024-25-28mar2024-wayback,2024-25,Large tariffs ending 1: summer incentive demand 1-4pm,local_time,not_stated,0,pdf:p11,"Tariffs ending with ""1"" represent 1-4pm, tariffs ending with ""2"" represent 4-7pm summer incentive demand period",p13: summer incentive is the 'maximum monthly 15-minute kVA for the December to March months' on each workday. 'workdays' is not defined in the document; mapped to business_day (Mon-Fri); public holiday treatment not stated
citipower-2425-pdf-large-incentive-2,citipower,citipower-pricing-proposal-2024-25-28mar2024-wayback,2024-25,Large tariffs ending 2: summer incentive demand 4-7pm,local_time,not_stated,0,pdf:p11,"Tariffs ending with ""1"" represent 1-4pm, tariffs ending with ""2"" represent 4-7pm summer incentive demand period","CST2's 4-7pm incentive period is printed in Table 6, whose text does not extract cleanly. 'workdays' is not defined in the document; mapped to business_day (Mon-Fri); public holiday treatment not stated"
citipower-2425-pdf-large-rolling,citipower,citipower-pricing-proposal-2024-25-28mar2024-wayback,2024-25,Large LV / HV / sub-transmission 12-month rolling demand window,local_time,not_stated,0,pdf:p13,Maximum 15-minute kVA demand measured between 7am and 7pm local time on workdays over the prior 12 months.,"'workdays' is not defined in the document; mapped to business_day (Mon-Fri); public holiday treatment not stated. Each link quotes the code's Table 6 row (p11), whose peak energy and 12-month rolling demand columns read 'workdays 7am-7pm'."
citipower-2425-pdf-sb-tou,citipower,citipower-pricing-proposal-2024-25-28mar2024-wayback,2024-25,Small business ToU (CGTOU) energy peak / off-peak,local_time,not_stated,1,pdf:p10,workdays 9am- ToU CGTOU Default ✓ Non-peak times 9pm,"Table 5; 'All times are local time, except for C2U'. 'workdays' is not defined in the document; mapped to business_day (Mon-Fri); public holiday treatment not stated"
citipower-2425-pdf-slab-heating,citipower,citipower-pricing-proposal-2024-25-28mar2024-wayback,2024-25,Dedicated circuit (CDS) slab heating typical switching times,local_time,not_stated,0,pdf:p10,Typically switching times may vary depending on localised demand management activities normally between 12am and 7am.,Typical times only. 'An afternoon boost between 1pm and 4pm may occur during winter' (winter months not defined). Hot water: 'Switching times will vary depending on localised demand management activities' (no times). Link quote: the CDS note on p9 is followed by its 'Hot water' and 'Slab heating' sub-bullets (p9-p10).
citipower-2526-pdf-cmg-energy-bill,citipower,citipower-pricing-proposal-2025-26-31mar2025-wayback,2025-26,Medium business demand (CMG) energy as shown on the bill,local_time,not_stated,1,pdf:p7,"CMG energy rate is reflected as anytime rate in our pricing schedule, however, on our bill it will show as peak 7am-11pm workdays and off peak all other times with exactly the same rate",Same rate in both periods. 'workdays' is not defined in the document; mapped to business_day (Mon-Fri); public holiday treatment not stated
citipower-2526-pdf-large-energy,citipower,citipower-pricing-proposal-2025-26-31mar2025-wayback,2025-26,Large LV / HV / sub-transmission peak and off-peak usage,local_time,not_stated,1,pdf:p10,Peak usage is kWh usage between 7am and 7pm local time on workdays. Off-peak usage is kWh usage at all other times.,"'workdays' is not defined in the document; mapped to business_day (Mon-Fri); public holiday treatment not stated. Each link quotes the code's Table 6 row (p8, an image, read by OCR), whose peak energy and 12-month rolling demand columns read 'workdays 7am-7pm'."
citipower-2526-pdf-large-incentive-1,citipower,citipower-pricing-proposal-2025-26-31mar2025-wayback,2025-26,Large tariffs ending 1: summer incentive demand 1-4pm,local_time,not_stated,0,pdf:p8,"Tariffs ending with ""1"" represent 1-4pm, tariffs ending with ""2"" represent 4-7pm summer incentive demand period",p10: summer incentive is measured on each workday of the December to March months. 'workdays' is not defined in the document; mapped to business_day (Mon-Fri); public holiday treatment not stated
citipower-2526-pdf-large-incentive-2,citipower,citipower-pricing-proposal-2025-26-31mar2025-wayback,2025-26,Large tariffs ending 2: summer incentive demand 4-7pm,local_time,not_stated,0,pdf:p8,"Tariffs ending with ""1"" represent 1-4pm, tariffs ending with ""2"" represent 4-7pm summer incentive demand period",'workdays' is not defined in the document; mapped to business_day (Mon-Fri); public holiday treatment not stated
citipower-2526-pdf-large-rolling,citipower,citipower-pricing-proposal-2025-26-31mar2025-wayback,2025-26,Large LV / HV / sub-transmission 12-month rolling demand window,local_time,not_stated,0,pdf:p10,Maximum 15-minute kVA demand measured between 7am and 7pm local time on workdays over the prior 12 months.,"'workdays' is not defined in the document; mapped to business_day (Mon-Fri); public holiday treatment not stated. Each link quotes the code's Table 6 row (p8, an image, read by OCR), whose peak energy and 12-month rolling demand columns read 'workdays 7am-7pm'."
citipower-2526-pdf-slab-heating,citipower,citipower-pricing-proposal-2025-26-31mar2025-wayback,2025-26,Dedicated circuit (CDS) slab heating typical switching times,local_time,not_stated,0,pdf:p6,Typically switching times may vary depending on localised demand management activities normally between 12am and 7am.,Typical times only; 'An afternoon boost between 1pm and 4pm may occur during winter'. Hot water switching times vary (no times). Link quote: the CDS note on p6 is followed by its 'Hot water' and 'Slab heating' sub-bullets.
citipower-2627-pdf-cfs-bel,citipower,citipower-pricing-proposal-2026-27-07may2026,2026-27,Flexible small (CFS) free export (BEL) window,local_time,not_stated,0,pdf:p7,CFS BEL is the total kWh exempt from export charges are determined by multiplying 1 kWh per day by the number of days in the billing period. If exports between 11:00am – 4:00pm are less than 1 kWh,"Months: Table 5 (p6, an image) gives the CFS saver energy export column as 'all days 11am-4pm during Sep-May with 1 kWh per day BEL' (read on the rendered page; OCR text is out of order). CFS import windows are in the same image table."
citipower-2627-pdf-cmg-energy-bill,citipower,citipower-pricing-proposal-2026-27-07may2026,2026-27,Medium business demand (CMG) energy as shown on the bill,local_time,not_stated,1,pdf:p7,"CMG energy rate is reflected as anytime rate in our pricing schedule, however on our bill it will show as peak 7am-11pm workdays and off peak all other times with exactly the same rate","Same rate in both periods; 'All times are local time, except for C2U which is in AEST' (p6). 'workdays' is not defined in the document; mapped to business_day (Mon-Fri); public holiday treatment not stated"
citipower-2627-pdf-crcer-bel,citipower,citipower-pricing-proposal-2026-27-07may2026,2026-27,Residential CER (CRCER) free export (BEL) window,local_time,not_stated,0,pdf:p6,CRCER BEL is the total kWh exempt from export charges are determined by multiplying 1 kWh per day by the number of days in the billing period. If exports between 11:00am – 4:00pm are less than 1 kWh,"Months: Table 4 (p5, an image) gives the CRCER saver energy export column as 'all days 11am-4pm during Sep-May with 1 kWh per day BEL' (read on the rendered page; OCR text is out of order). Import windows of CRSTOU / CRCER are in the same image table."
citipower-2627-pdf-large-energy,citipower,citipower-pricing-proposal-2026-27-07may2026,2026-27,Large LV / HV / sub-transmission peak and off-peak usage,local_time,not_stated,1,pdf:p12,Peak usage is kWh usage between 7am and 7pm local time on workdays. Off-peak usage is kWh usage at all other times.,"'workdays' is not defined in the document; mapped to business_day (Mon-Fri); public holiday treatment not stated. Each link quotes the codes' Table 6 rows (p8, an image, read by OCR), whose peak energy and 12-month rolling demand columns read 'workdays 7am-7pm'. OCR reads the CHV3 code cell as 'AHO'; the rendered page shows CHV3 in the third high voltage row."
citipower-2627-pdf-large-incentive-1,citipower,citipower-pricing-proposal-2026-27-07may2026,2026-27,Large tariffs ending 1: 1-4pm summer incentive demand period,local_time,not_stated,0,pdf:p9,"Tariffs ending with ""1"" represent 1-4pm summer incentive demand period, tariffs ending with ""2"" represent 4-7pm summer incentive demand period and ""3"" represent 4-7pm winter incentive demand period",Same page: 'Summer incentive demand period is December to March and winter incentive demand period is May to August'. 'workdays' is not defined in the document; mapped to business_day (Mon-Fri); public holiday treatment not stated
citipower-2627-pdf-large-incentive-2,citipower,citipower-pricing-proposal-2026-27-07may2026,2026-27,Large tariffs ending 2: 4-7pm summer incentive demand period,local_time,not_stated,0,pdf:p9,"Tariffs ending with ""1"" represent 1-4pm summer incentive demand period, tariffs ending with ""2"" represent 4-7pm summer incentive demand period and ""3"" represent 4-7pm winter incentive demand period",Same page: 'Summer incentive demand period is December to March and winter incentive demand period is May to August'. 'workdays' is not defined in the document; mapped to business_day (Mon-Fri); public holiday treatment not stated
citipower-2627-pdf-large-incentive-3,citipower,citipower-pricing-proposal-2026-27-07may2026,2026-27,Large tariffs ending 3: 4-7pm winter incentive demand period,local_time,not_stated,0,pdf:p9,"Tariffs ending with ""1"" represent 1-4pm summer incentive demand period, tariffs ending with ""2"" represent 4-7pm summer incentive demand period and ""3"" represent 4-7pm winter incentive demand period",Same page: 'Summer incentive demand period is December to March and winter incentive demand period is May to August'. 'workdays' is not defined in the document; mapped to business_day (Mon-Fri); public holiday treatment not stated
citipower-2627-pdf-large-rolling,citipower,citipower-pricing-proposal-2026-27-07may2026,2026-27,Large LV / HV / sub-transmission 12-month rolling demand window,local_time,not_stated,0,pdf:p11,Maximum 15-minute kVA demand measured between 7am and 7pm local time on workdays over the most recent 12 months.,"'workdays' is not defined in the document; mapped to business_day (Mon-Fri); public holiday treatment not stated. Each link quotes the codes' Table 6 rows (p8, an image, read by OCR), whose peak energy and 12-month rolling demand columns read 'workdays 7am-7pm'. OCR reads the CHV3 code cell as 'AHO'; the rendered page shows CHV3 in the third high voltage row."
citipower-2627-pdf-slab-heating,citipower,citipower-pricing-proposal-2026-27-07may2026,2026-27,Dedicated circuit (CDS) slab heating typical switching times,local_time,not_stated,0,pdf:p6,Typically switching times are between 12am and 7am but may vary depending on localised demand management activities.,Typical times only; 'An afternoon boost between 1pm and 4pm may occur during winter'. Hot water switching times vary (no times). Link quote: the CDS note on p6 is followed by its 'Hot water' and 'Slab heating' sub-bullets.
endeavour-2023-24-cl1-supply,endeavour,endeavour-2023-24-pricing-proposal-31mar2023,2023-24,Controlled Load 1 supply restriction,not_stated,not_stated,0,pdf:p26,where energy consumption is controlled by our equipment so that supply may not be available between 07:00 and 22:00.,The document states only that supply may not be available between 07:00 and 22:00; the windows below are the hours outside that restriction (supply is not promised for all of them).
endeavour-2023-24-obsolete-tou,endeavour,endeavour-2023-24-pricing-proposal-31mar2023,2023-24,Obsolete Residential / General Supply TOU (closed to new entrants) energy windows,not_stated,not_stated,1,pdf:p25,Obsolete Fixed c/day Access charge reflecting a fixed amount per day. Residential TOU (closed to new Peak Energy c/kWh Charge applied to energy consumed between entrants) 13:00 and 20:00 on business days. Shoulder Energy c/kWh Charge applied to energy consumed between 07:00 to 13:00 and 20:00 to 22:00 on business days Off Peak Energy c/kWh Charge applied to energy consumed at all other times.,Table 4.1 'Obsolete Residential TOU (closed to new entrants)'; the same windows are stated for 'Obsolete General Supply TOU (closed to new entrants)'.
endeavour-2023-24-stou,endeavour,endeavour-2023-24-pricing-proposal-31mar2023,2023-24,"Seasonal TOU peak window (STOU energy, LV/HV/ST demand tariffs and demand charges)",not_stated,not_stated,1,pdf:p25,High-season Peak c/kWh Charge applied to energy consumed between Energy 16:00 to 20:00 on business days. High-season includes the months November to March inclusive. Low-season Peak c/kWh Charge applied to energy consumed between Energy 16:00 to 20:00 on business days. Low-season includes the months April to October inclusive. Off Peak Energy c/kWh Charge applied to energy consumed at all other times.,"Tables 4.1-4.5 state the same peak window for STOU energy, LV/HV/ST demand tariffs (energy and kVA demand) and kW demand charges ('Charge applied to maximum energy demand between 16:00 to 20:00 on business days'). Business days and public holidays are not defined in this document."
endeavour-2024-25-cl1-supply,endeavour,endeavour-nuos-price-list-2024-25-v10,2024-25,Controlled Load 1 supply window,local_time,not_stated,0,pdf:p26,so that supply may not be available between 7:00am and 10:00pm during Eastern Standard Time (EST) and Daylight Saving Time (DST). Supply will be made available for selected periods between 10:00pm and 7:00am (EST and DST).,"Supply is given for selected periods within the window, not necessarily all of it. Controlled Load 2 (N54) has no stated window: 'electricity is available for restricted periods not exceeding a total of 17 hours in any period of 24 hours' (section 4.1.2)."
endeavour-2024-25-large-tou,endeavour,endeavour-nuos-price-list-2024-25-v10,2024-25,Large Demand and Site Specific time of day periods (energy and demand),local_time,as_non_business_day,1,pdf:p23,Large Demand and Site Specific Pricing Options: ‘Peak’ and ‘Off Peak’ periods are based on the following time periods and apply during both Eastern Standard Time (EST) and Daylight Saving Time (DST): Business Days Peak: 16:00 – 20:00 Off Peak: All other times. Non-business Days Off Peak: All other times.,"Seasons (same page): 'High-season: November to March Low-season: April to October'. Public holidays: section 6.2. Section 6.7 states: 'In order to maintain the same time limits during both Eastern Standard Time (EST) and Daylight Saving Time (DST), billing data is adjusted by shifting the data forward an hour', i.e. the windows are clock times in force (local time) all year."
endeavour-2024-25-res-gs-tou,endeavour,endeavour-nuos-price-list-2024-25-v10,2024-25,"Residential and General Supply time of day periods (energy, demand and export)",local_time,as_non_business_day,1,pdf:p23,"Residential and General Supply Pricing Options: ‘Peak’, ‘Solar Soak’ and ‘Off Peak’ periods are based on the following time periods and apply during both Eastern Standard Time (EST) and Daylight Saving Time (DST): Business Days Peak: 16:00 – 20:00 Solar Soak: 10:00 – 14:00 Off Peak: All other times. Non-business Days Solar Soak: 10:00 – 14:00 Off Peak: All other times.","Seasons (same page): 'High-season: November to March Low-season: April to October'; 'Demand charges apply to ‘Peak’ periods only.' Public holidays: section 6.2 'The following public holidays are deemed to be non-business days'. Section 6.7 states: 'In order to maintain the same time limits during both Eastern Standard Time (EST) and Daylight Saving Time (DST), billing data is adjusted by shifting the data forward an hour', i.e. the windows are clock times in force (local time) all year."
endeavour-2025-26-cl1-supply,endeavour,endeavour-nuos-price-list-2025-26-v11,2025-26,Controlled Load 1 supply window,local_time,not_stated,0,pdf:p25,so that supply may not be available between 7:00am and 10:00pm during Eastern Standard Time (EST) and Daylight Saving Time (DST). Supply will be made available for selected periods between 10:00pm and 7:00am (EST and DST).,"Supply is given for selected periods within the window, not necessarily all of it. Controlled Load 2 (N54) has no stated window: 'electricity is available for restricted periods not exceeding a total of 17 hours in any period of 24 hours' (section 4.1.2)."
endeavour-2025-26-large-tou,endeavour,endeavour-nuos-price-list-2025-26-v11,2025-26,Large Demand and Site Specific time of day periods (energy and demand),local_time,as_non_business_day,1,pdf:p22,Large Demand and Site Specific Pricing Options: ‘Peak’ and ‘Off Peak’ periods are based on the following time periods and apply during both Eastern Standard Time (EST) and Daylight Saving Time (DST): Business Days Peak: 16:00 – 20:00 Off Peak: All other times. Non-business Days Off Peak: All other times.,"Seasons (same page): 'High-season: November to March Low-season: April to October'. Public holidays: section 6.2. Section 6.7 states: 'In order to maintain the same time limits during both Eastern Standard Time (EST) and Daylight Saving Time (DST), billing data is adjusted by shifting the data forward an hour', i.e. the windows are clock times in force (local time) all year."
endeavour-2025-26-res-gs-tou,endeavour,endeavour-nuos-price-list-2025-26-v11,2025-26,"Residential and General Supply time of day periods (energy, demand and export)",local_time,as_non_business_day,1,pdf:p22,"Residential and General Supply Pricing Options: ‘Peak’, ‘Solar Soak’ and ‘Off Peak’ periods are based on the following time periods and apply during both Eastern Standard Time (EST) and Daylight Saving Time (DST): Business Days Peak: 16:00 – 20:00 Solar Soak: 10:00 – 14:00 Off Peak: All other times. Non-business Days Solar Soak: 10:00 – 14:00 Off Peak: All other times.","Seasons (same page): 'High-season: November to March Low-season: April to October'; 'Demand charges apply to ‘Peak’ periods only.' Public holidays: section 6.2 'The following public holidays are deemed to be non-business days'. Section 6.7 states: 'In order to maintain the same time limits during both Eastern Standard Time (EST) and Daylight Saving Time (DST), billing data is adjusted by shifting the data forward an hour', i.e. the windows are clock times in force (local time) all year."
endeavour-2026-27-cl1-supply,endeavour,endeavour-nuos-price-list-2026-27,2026-27,Controlled Load 1 supply window,local_time,not_stated,0,pdf:p25,so that supply may not be available between 7:00am and 10:00pm during Eastern Standard Time (EST) and Daylight Saving Time (DST). Supply will be made available for selected periods between 10:00pm and 7:00am (EST and DST).,"Supply is given for selected periods within the window, not necessarily all of it. Controlled Load 2 (N54) has no stated window: 'electricity is available for restricted periods not exceeding a total of 17 hours in any period of 24 hours' (section 4.1.2)."
endeavour-2026-27-large-tou,endeavour,endeavour-nuos-price-list-2026-27,2026-27,Large Demand and Site Specific time of day periods (energy and demand),local_time,as_non_business_day,1,pdf:p22,Large Demand and Site Specific Pricing Options: ‘Peak’ and ‘Off Peak’ periods are based on the following time periods and apply during both Eastern Standard Time (EST) and Daylight Saving Time (DST): Business Days Peak: 16:00 – 20:00 Off Peak: All other times. Non-business Days Off Peak: All other times.,"Seasons (same page): 'High-season: November to March Low-season: April to October'. Public holidays: section 6.2. Section 6.7 states: 'In order to maintain the same time limits during both Eastern Standard Time (EST) and Daylight Saving Time (DST), billing data is adjusted by shifting the data forward an hour', i.e. the windows are clock times in force (local time) all year."
endeavour-2026-27-res-gs-tou,endeavour,endeavour-nuos-price-list-2026-27,2026-27,"Residential and General Supply time of day periods (energy, demand and export)",local_time,as_non_business_day,1,pdf:p22,"Residential and General Supply Pricing Options: ‘Peak’, ‘Solar Soak’ and ‘Off Peak’ periods are based on the following time periods and apply during both Eastern Standard Time (EST) and Daylight Saving Time (DST): Business Days Peak: 16:00 – 20:00 Solar Soak: 10:00 – 14:00 Off Peak: All other times. Non-business Days Solar Soak: 10:00 – 14:00 Off Peak: All other times.","Seasons (same page): 'High-season: November to March Low-season: April to October'; 'Demand charges apply to ‘Peak’ periods only.' Public holidays: section 6.2 'The following public holidays are deemed to be non-business days'. Section 6.7 states: 'In order to maintain the same time limits during both Eastern Standard Time (EST) and Daylight Saving Time (DST), billing data is adjusted by shifting the data forward an hour', i.e. the windows are clock times in force (local time) all year."
essential-2024-25-nuos-any,essential,essential-2024-25-nuos-price-list-20may2024,2024-25,Anytime (ANY),local_time,unchanged,1,xlsx:Time periods!C15,Anytime,"Window labels sit in merged cells under time headings in the row above (e.g. E4..L4: '12pm' (midnight), '7am', '9am', '10am', '3pm', '5pm', '8pm', '10pm'); each label starts at its column heading. B20: 'These times are unchanged when a public holiday falls on a weekday.' B22: 'DAYLIGHT SAVINGS TIME will be applied to all customers with interval read meters and unmetered supplies'."
essential-2024-25-nuos-exp,essential,essential-2024-25-nuos-price-list-20may2024,2024-25,Export - Interval meter (EXP),local_time,unchanged,0,xlsx:Time periods!C13,Export - Interval meter,"Window labels sit in merged cells under time headings in the row above (e.g. E4..L4: '12pm' (midnight), '7am', '9am', '10am', '3pm', '5pm', '8pm', '10pm'); each label starts at its column heading. B20: 'These times are unchanged when a public holiday falls on a weekday.' B22: 'DAYLIGHT SAVINGS TIME will be applied to all customers with interval read meters and unmetered supplies'."
essential-2024-25-nuos-pso-b,essential,essential-2024-25-nuos-price-list-20may2024,2024-25,"Peak, shoulder & off-peak - Basic meter (PSO-B)",local_time,unchanged,1,xlsx:Time periods!C10,"Peak, shoulder & off-peak – Basic meter","Window labels sit in merged cells under time headings in the row above (e.g. E4..L4: '12pm' (midnight), '7am', '9am', '10am', '3pm', '5pm', '8pm', '10pm'); each label starts at its column heading. B20: 'These times are unchanged when a public holiday falls on a weekday.' B22: 'DAYLIGHT SAVINGS TIME will be applied to all customers with interval read meters and unmetered supplies'."
essential-2024-25-nuos-pso-int,essential,essential-2024-25-nuos-price-list-20may2024,2024-25,"Peak, shoulder & off-peak - Interval meter (PSO-Int)",local_time,unchanged,1,xlsx:Time periods!C7,"Peak, shoulder & off-peak – Interval meter","Window labels sit in merged cells under time headings in the row above (e.g. E4..L4: '12pm' (midnight), '7am', '9am', '10am', '3pm', '5pm', '8pm', '10pm'); each label starts at its column heading. B20: 'These times are unchanged when a public holiday falls on a weekday.' B22: 'DAYLIGHT SAVINGS TIME will be applied to all customers with interval read meters and unmetered supplies'."
essential-2024-25-nuos-ss,essential,essential-2024-25-nuos-price-list-20may2024,2024-25,Sun Soaker - Interval meter (SS),local_time,unchanged,1,xlsx:Time periods!C5,Sun Soaker – Interval meter,"Window labels sit in merged cells under time headings in the row above (e.g. E4..L4: '12pm' (midnight), '7am', '9am', '10am', '3pm', '5pm', '8pm', '10pm'); each label starts at its column heading. B20: 'These times are unchanged when a public holiday falls on a weekday.' B22: 'DAYLIGHT SAVINGS TIME will be applied to all customers with interval read meters and unmetered supplies'."
essential-2024-25-nuos-sto-b,essential,essential-2024-25-nuos-price-list-20may2024,2024-25,Storage - Interval meter Generation (B Channel) (STO),local_time,unchanged,0,xlsx:Time periods!C18,Storage – Interval meter Generation (B Channel),"Window labels sit in merged cells under time headings in the row above (e.g. E4..L4: '12pm' (midnight), '7am', '9am', '10am', '3pm', '5pm', '8pm', '10pm'); each label starts at its column heading. B20: 'These times are unchanged when a public holiday falls on a weekday.' B22: 'DAYLIGHT SAVINGS TIME will be applied to all customers with interval read meters and unmetered supplies'."
essential-2024-25-nuos-sto-e,essential,essential-2024-25-nuos-price-list-20may2024,2024-25,Storage - Interval meter Consumption (E Channel) (STO),local_time,unchanged,1,xlsx:Time periods!C17,Storage – Interval meter Consumption (E Channel),"Window labels sit in merged cells under time headings in the row above (e.g. E4..L4: '12pm' (midnight), '7am', '9am', '10am', '3pm', '5pm', '8pm', '10pm'); each label starts at its column heading. B20: 'These times are unchanged when a public holiday falls on a weekday.' B22: 'DAYLIGHT SAVINGS TIME will be applied to all customers with interval read meters and unmetered supplies'."
essential-2024-25-pl-any,essential,essential-price-list-and-explanatory-notes-2024-25,2024-25,Anytime (ANY),local_time,unchanged,1,pdf:p6,12pm 12am ANY Anytime Everyday Anytime,Time-of-day column headings are the left edge of each band; the band ends at the next heading (table read from the rendered page). The first heading '12pm' denotes midnight (00:00). Page states: 'All times are Eastern Standard Time (which includes Daylight Saving Time or Summer Time). These times are unchanged when a public holiday falls on a weekday.'
essential-2024-25-pl-exp,essential,essential-price-list-and-explanatory-notes-2024-25,2024-25,Export - Interval meter (EXP),local_time,unchanged,0,pdf:p6,12pm 10am 3pm 5pm 8pm EXP Export - Interval meter Everyday Export Charge Export Rebate,Time-of-day column headings are the left edge of each band; the band ends at the next heading (table read from the rendered page). The first heading '12pm' denotes midnight (00:00). Page states: 'All times are Eastern Standard Time (which includes Daylight Saving Time or Summer Time). These times are unchanged when a public holiday falls on a weekday.' Times outside the two windows carry no export charge or rebate.
essential-2024-25-pl-pso-b,essential,essential-price-list-and-explanatory-notes-2024-25,2024-25,"Peak, shoulder & off-peak - Basic meter (PSO-B)",local_time,unchanged,1,pdf:p6,"12pm 7am 9am 5pm 8pm 10pm Peak, shoulder & off-peak – Weekday Off-peak Peak Shoulder Peak Shoulder Off-peak PSO-B Basic meter Weekend Off-peak",Time-of-day column headings are the left edge of each band; the band ends at the next heading (table read from the rendered page). The first heading '12pm' denotes midnight (00:00). Page states: 'All times are Eastern Standard Time (which includes Daylight Saving Time or Summer Time). These times are unchanged when a public holiday falls on a weekday.'
essential-2024-25-pl-pso-int,essential,essential-price-list-and-explanatory-notes-2024-25,2024-25,"Peak, shoulder & off-peak - Interval meter (PSO-Int)",local_time,unchanged,1,pdf:p6,"12pm 7am 5pm 8pm 10pm Peak, shoulder & off-peak – Weekday Off-peak Shoulder Peak Shoulder Off-peak PSO-Int Interval meter Weekend Off-peak",Time-of-day column headings are the left edge of each band; the band ends at the next heading (table read from the rendered page). The first heading '12pm' denotes midnight (00:00). Page states: 'All times are Eastern Standard Time (which includes Daylight Saving Time or Summer Time). These times are unchanged when a public holiday falls on a weekday.'
essential-2024-25-pl-ss,essential,essential-price-list-and-explanatory-notes-2024-25,2024-25,Sun Soaker - Interval meter (SS),local_time,unchanged,1,pdf:p6,12pm 7am 10am 3pm 10pm SS Sun Soaker – Interval meter Everyday Off-peak Peak Off-peak Peak Off-peak,Time-of-day column headings are the left edge of each band; the band ends at the next heading (table read from the rendered page). The first heading '12pm' denotes midnight (00:00). Page states: 'All times are Eastern Standard Time (which includes Daylight Saving Time or Summer Time). These times are unchanged when a public holiday falls on a weekday.'
essential-2024-25-pl-sto-b,essential,essential-price-list-and-explanatory-notes-2024-25,2024-25,Storage - Interval meter Generation (B Channel) (STO),local_time,unchanged,0,pdf:p6,12pm 7am 10am 3pm 5pm 8pm 10pm Storage – Interval meter Everyday Off-peak Shoulder Sun Soaker Shoulder Peak Shoulder Off-peak Consumption (E Channel) STO Storage – Interval meter Everyday Export Charge Export Rebate Generation (B Channel),Time-of-day column headings are the left edge of each band; the band ends at the next heading (table read from the rendered page). The first heading '12pm' denotes midnight (00:00). Page states: 'All times are Eastern Standard Time (which includes Daylight Saving Time or Summer Time). These times are unchanged when a public holiday falls on a weekday.' Times outside the two windows carry no export charge or rebate.
essential-2024-25-pl-sto-e,essential,essential-price-list-and-explanatory-notes-2024-25,2024-25,Storage - Interval meter Consumption (E Channel) (STO),local_time,unchanged,1,pdf:p6,12pm 7am 10am 3pm 5pm 8pm 10pm Storage – Interval meter Everyday Off-peak Shoulder Sun Soaker Shoulder Peak Shoulder Off-peak Consumption (E Channel),Time-of-day column headings are the left edge of each band; the band ends at the next heading (table read from the rendered page). The first heading '12pm' denotes midnight (00:00). Page states: 'All times are Eastern Standard Time (which includes Daylight Saving Time or Summer Time). These times are unchanged when a public holiday falls on a weekday.' 'Sun Soaker'/'Sun Saver' window mapped to solar_soak.
essential-2025-26-pl-any,essential,essential-price-list-and-explanatory-notes-2025-26,2025-26,Anytime (ANY),local_time,unchanged,1,pdf:p7,12am 7am 10am 3pm 5pm 8pm 10pm ANY Anytime Everyday Anytime,Time-of-day column headings are the left edge of each band; the band ends at the next heading (table read from the rendered page). Page states 'These times are unchanged when a public holiday falls on a weekday.' and 'DAYLIGHT SAVINGS TIME will be applied to all customers with interval read meters and unmetered supplies'; basic meters get Summer Time adjustments.
essential-2025-26-pl-exp,essential,essential-price-list-and-explanatory-notes-2025-26,2025-26,Export - Interval meter (EXP),local_time,unchanged,0,pdf:p7,12am 7am 10am 3pm 5pm 8pm 10pm EXP Export - Interval meter Everyday Export Charge Export Rebate,Time-of-day column headings are the left edge of each band; the band ends at the next heading (table read from the rendered page). Page states 'These times are unchanged when a public holiday falls on a weekday.' and 'DAYLIGHT SAVINGS TIME will be applied to all customers with interval read meters and unmetered supplies'; basic meters get Summer Time adjustments. Times outside the two windows carry no export charge or rebate.
essential-2025-26-pl-pso-b,essential,essential-price-list-and-explanatory-notes-2025-26,2025-26,"Peak, shoulder & off-peak - Basic meter (PSO-B)",local_time,unchanged,1,pdf:p7,"12am 7am 9am 3pm 5pm 8pm 10pm Weekday Off-peak Peak Shoulder Peak Shoulder Off-peak Peak, shoulder & off-peak PSO-B – Basic meter Weekend Off-peak",Time-of-day column headings are the left edge of each band; the band ends at the next heading (table read from the rendered page). Page states 'These times are unchanged when a public holiday falls on a weekday.' and 'DAYLIGHT SAVINGS TIME will be applied to all customers with interval read meters and unmetered supplies'; basic meters get Summer Time adjustments.
essential-2025-26-pl-pso-int,essential,essential-price-list-and-explanatory-notes-2025-26,2025-26,"Peak, shoulder & off-peak - Interval meter (PSO-Int)",local_time,unchanged,1,pdf:p7,"12am 7am 10am 3pm 5pm 8pm 10pm Weekday Off-peak Shoulder Peak Shoulder Off-peak PSO- Peak, shoulder & off-peak Int – Interval meter Weekend Off-peak",Time-of-day column headings are the left edge of each band; the band ends at the next heading (table read from the rendered page). Page states 'These times are unchanged when a public holiday falls on a weekday.' and 'DAYLIGHT SAVINGS TIME will be applied to all customers with interval read meters and unmetered supplies'; basic meters get Summer Time adjustments.
essential-2025-26-pl-ss,essential,essential-price-list-and-explanatory-notes-2025-26,2025-26,Sun Soaker - Interval meter (SS),local_time,unchanged,1,pdf:p7,12am 7am 10am 3pm 10pm Sun Soaker – Interval SS Everyday Off-peak Peak Off-peak Peak Off-peak meter,Time-of-day column headings are the left edge of each band; the band ends at the next heading (table read from the rendered page). Page states 'These times are unchanged when a public holiday falls on a weekday.' and 'DAYLIGHT SAVINGS TIME will be applied to all customers with interval read meters and unmetered supplies'; basic meters get Summer Time adjustments.
essential-2025-26-pl-sto-b,essential,essential-price-list-and-explanatory-notes-2025-26,2025-26,Storage - Interval meter Generation (B Channel) (STO),local_time,unchanged,0,pdf:p7,12am 7am 10am 3pm 5pm 8pm 10pm Storage – Interval meter Everyday Off-peak Shoulder Sun Saver Shoulder Peak Shoulder Off-peak Consumption (E Channel) STO Storage – Interval meter Everyday Export Charge Export Rebate Generation (B Channel),Time-of-day column headings are the left edge of each band; the band ends at the next heading (table read from the rendered page). Page states 'These times are unchanged when a public holiday falls on a weekday.' and 'DAYLIGHT SAVINGS TIME will be applied to all customers with interval read meters and unmetered supplies'; basic meters get Summer Time adjustments. Times outside the two windows carry no export charge or rebate.
essential-2025-26-pl-sto-e,essential,essential-price-list-and-explanatory-notes-2025-26,2025-26,Storage - Interval meter Consumption (E Channel) (STO),local_time,unchanged,1,pdf:p7,12am 7am 10am 3pm 5pm 8pm 10pm Storage – Interval meter Everyday Off-peak Shoulder Sun Saver Shoulder Peak Shoulder Off-peak Consumption (E Channel),Time-of-day column headings are the left edge of each band; the band ends at the next heading (table read from the rendered page). Page states 'These times are unchanged when a public holiday falls on a weekday.' and 'DAYLIGHT SAVINGS TIME will be applied to all customers with interval read meters and unmetered supplies'; basic meters get Summer Time adjustments. 'Sun Soaker'/'Sun Saver' window mapped to solar_soak.
essential-2026-27-pl-any,essential,essential-price-list-and-explanatory-notes-2026-27,2026-27,Anytime (ANY),local_time,unchanged,1,pdf:p6,12am 7am 10am 3pm 5pm 8pm 10pm ANY Anytime Everyday Anytime,Time-of-day column headings are the left edge of each band; the band ends at the next heading (table read from the rendered page). Page states 'These times are unchanged when a public holiday falls on a weekday.' and 'DAYLIGHT SAVINGS TIME will be applied to all customers with interval read meters and unmetered supplies'; basic meters get Summer Time adjustments.
essential-2026-27-pl-exp,essential,essential-price-list-and-explanatory-notes-2026-27,2026-27,Export - Interval meter (EXP),local_time,unchanged,0,pdf:p6,12am 7am 10am 3pm 5pm 8pm 10pm EXP Export - Interval meter Everyday Export Charge Export Rebate,Time-of-day column headings are the left edge of each band; the band ends at the next heading (table read from the rendered page). Page states 'These times are unchanged when a public holiday falls on a weekday.' and 'DAYLIGHT SAVINGS TIME will be applied to all customers with interval read meters and unmetered supplies'; basic meters get Summer Time adjustments. Times outside the two windows carry no export charge or rebate.
essential-2026-27-pl-pso-b,essential,essential-price-list-and-explanatory-notes-2026-27,2026-27,"Peak, shoulder & off-peak - Basic meter (PSO-B)",local_time,unchanged,1,pdf:p6,"12am 7am 9am 3pm 5pm 8pm 10pm Weekday Off-peak Peak Shoulder Peak Shoulder Off-peak Peak, shoulder & off-peak PSO-B – Basic meter Weekend Off-peak",Time-of-day column headings are the left edge of each band; the band ends at the next heading (table read from the rendered page). Page states 'These times are unchanged when a public holiday falls on a weekday.' and 'DAYLIGHT SAVINGS TIME will be applied to all customers with interval read meters and unmetered supplies'; basic meters get Summer Time adjustments.
essential-2026-27-pl-pso-int,essential,essential-price-list-and-explanatory-notes-2026-27,2026-27,"Peak, shoulder & off-peak - Interval meter (PSO-Int)",local_time,unchanged,1,pdf:p6,"12am 7am 10am 3pm 5pm 8pm 10pm Weekday Off-peak Shoulder Peak Shoulder Off-peak PSO- Peak, shoulder & off-peak Int – Interval meter Weekend Off-peak",Time-of-day column headings are the left edge of each band; the band ends at the next heading (table read from the rendered page). Page states 'These times are unchanged when a public holiday falls on a weekday.' and 'DAYLIGHT SAVINGS TIME will be applied to all customers with interval read meters and unmetered supplies'; basic meters get Summer Time adjustments.
essential-2026-27-pl-ss,essential,essential-price-list-and-explanatory-notes-2026-27,2026-27,Sun Soaker - Interval meter (SS),local_time,unchanged,1,pdf:p6,12am 7am 10am 3pm 10pm Sun Soaker – Interval SS Everyday Off-peak Peak Off-peak Peak Off-peak meter,Time-of-day column headings are the left edge of each band; the band ends at the next heading (table read from the rendered page). Page states 'These times are unchanged when a public holiday falls on a weekday.' and 'DAYLIGHT SAVINGS TIME will be applied to all customers with interval read meters and unmetered supplies'; basic meters get Summer Time adjustments.
essential-2026-27-pl-sto-b,essential,essential-price-list-and-explanatory-notes-2026-27,2026-27,Storage - Interval meter Generation (B Channel) (STO),local_time,unchanged,0,pdf:p6,12am 7am 10am 3pm 5pm 8pm 10pm Storage – Interval meter Everyday Off-peak Shoulder Sun Saver Shoulder Peak Shoulder Off-peak Consumption (E Channel) STO Storage – Interval meter Everyday Export Charge Export Rebate Generation (B Channel),Time-of-day column headings are the left edge of each band; the band ends at the next heading (table read from the rendered page). Page states 'These times are unchanged when a public holiday falls on a weekday.' and 'DAYLIGHT SAVINGS TIME will be applied to all customers with interval read meters and unmetered supplies'; basic meters get Summer Time adjustments. Times outside the two windows carry no export charge or rebate.
essential-2026-27-pl-sto-e,essential,essential-price-list-and-explanatory-notes-2026-27,2026-27,Storage - Interval meter Consumption (E Channel) (STO),local_time,unchanged,1,pdf:p6,12am 7am 10am 3pm 5pm 8pm 10pm Storage – Interval meter Everyday Off-peak Shoulder Sun Saver Shoulder Peak Shoulder Off-peak Consumption (E Channel),Time-of-day column headings are the left edge of each band; the band ends at the next heading (table read from the rendered page). Page states 'These times are unchanged when a public holiday falls on a weekday.' and 'DAYLIGHT SAVINGS TIME will be applied to all customers with interval read meters and unmetered supplies'; basic meters get Summer Time adjustments. 'Sun Soaker'/'Sun Saver' window mapped to solar_soak.
evo-2023-24-015-energy,evoenergy,evoenergy-statement-of-tariff-classes-and-tariffs-2023-24,2023-24,Residential time-of-use (TOU) network energy,standard_time,not_stated,1,pdf:p8,7 am to 9 am and 5 pm,"Table text is interleaved with the neighbouring column in the PDF text layer; the max-times cell reads '7 am to 9 am and 5 pm to 8 pm every day', the mid-times cell '9 am to 5 pm and 8 pm to 10 pm every day' and the economy-times cell 'All other times', so economy windows are the complement. Table 2.1 footnote (p10): 'All times refer to Australian Eastern Standard Time (AEST)'."
evo-2023-24-025-demand-window,evoenergy,evoenergy-statement-of-tariff-classes-and-tariffs-2023-24,2023-24,Residential kW demand network peak demand time,standard_time,not_stated,0,pdf:p9,5 pm to 8 pm every,"Table text is interleaved with the neighbouring column in the PDF text layer; the charging-parameter cell reads 'Maximum demand charge (in billing period) (cents/kW/day): 5 pm to 8 pm every day.' The explanation lists the half-hour intervals '5:00pm*, 5:30pm, 6:00pm, 6:30pm, 7:00pm, 7:30pm and 8:00pm' with footnote '* The first period starts at 17:00:01 and ends at 17:30:00 AEST' (p10); the window is recorded as stated in the charging-parameter cell (17:00-20:00). Table 2.1 footnote (p10): 'All times refer to Australian Eastern Standard Time (AEST)'."
evo-2023-24-027-energy,evoenergy,evoenergy-statement-of-tariff-classes-and-tariffs-2023-24,2023-24,Residential battery network energy (trial),standard_time,not_stated,1,pdf:p10,7 am to 9 am and 5 pm,"Table text is interleaved with the neighbouring column in the PDF text layer; the charging-parameter cells read 'Energy at max times (cents/kWh): 7 am to 9 am and 5 pm to 8 pm every day', 'Energy at mid times (cents/kWh): 9 am to 11 am, 3 pm to 5 pm, and 8 pm to 10 pm every day', 'Energy at economy times (cents/kWh): 10 pm to 7 am every day' and 'Energy at solar sponge times (cents/kWh): 11 am to 3 pm every day'. Table 2.1 footnote (same page): 'All times refer to Australian Eastern Standard Time (AEST)'."
evo-2023-24-027-export-window,evoenergy,evoenergy-statement-of-tariff-classes-and-tariffs-2023-24,2023-24,Residential battery network seasonal export charge window (trial),standard_time,not_stated,0,pdf:p10,3.75 kWh during any one-hour period between 11am – 3pm,Table text is interleaved with the neighbouring column in the PDF text layer; the explanation reads 'The seasonal export charge is levied on exports in excess of 3.75 kWh during any one-hour period between 11am – 3pm (AEST) every day. The export charge varies according to seasons.' Season months are not defined in this statement.
evo-2023-24-060-controlled-load,evoenergy,evoenergy-statement-of-tariff-classes-and-tariffs-2023-24,2023-24,Off-peak (1) night network controlled load supply,standard_time,not_stated,0,pdf:p9,for 6 to 8 hours per day between the hours of 10 pm and 7 am,Supply for 6 to 8 hours per day within the window. Table 2.1 footnote (p10): 'All times refer to Australian Eastern Standard Time (AEST)'.
evo-2023-24-070-controlled-load,evoenergy,evoenergy-statement-of-tariff-classes-and-tariffs-2023-24,2023-24,Off-peak (3) day and night network controlled load supply,standard_time,not_stated,0,pdf:p10,for up to 13 hours per day between 10 pm and 7 am and again between 9 am and 5 pm,Supply for up to 13 hours per day within the windows. Table 2.1 footnote (p10): 'All times refer to Australian Eastern Standard Time (AEST)'.
evo-2023-24-hv-demand-window,evoenergy,evoenergy-statement-of-tariff-classes-and-tariffs-2023-24,2023-24,HV commercial business-time maximum demand window,standard_time,not_stated,0,pdf:p17,"The peak period for these HV Commercial tariffs is the Business Time, specified as 7:00am30 to 5:00pm on weekdays.",Section 2.3 continues 'specified as 7:00am30 to 5:00pm on weekdays' (30 is a footnote marker: 'The first period starts at 07:00:01 and ends at 07:30:00 AEST'). Table 2.5 footnote (p20): 'All times refer to Australian Eastern Standard Time (AEST).'
evo-2023-24-hv-tou-energy,evoenergy,evoenergy-statement-of-tariff-classes-and-tariffs-2023-24,2023-24,"HV commercial TOU energy (business, evening and off-peak times)",standard_time,not_stated,1,pdf:p20,Business times are between 7 am and 5 pm AEST on weekdays. Evening times are between 5 pm and 10 pm AEST on weekdays. Off-peak times are all other times.,"Table 2.5 footnote '*' attached to the 'Energy at business/evening/off-peak times*' charging parameters of tariffs 111, 121 and 122. Off-peak windows are the complement because the footnote says 'all other times'. Table 2.5 footnote (p20): 'All times refer to Australian Eastern Standard Time (AEST).'"
evo-2023-24-lv-demand-window,evoenergy,evoenergy-statement-of-tariff-classes-and-tariffs-2023-24,2023-24,LV commercial business-time maximum demand window,standard_time,not_stated,0,pdf:p13,specified as 7:00am to 5:00pm (AEST) on weekdays,"Section 2.2: 'The peak period for these LV Commercial tariffs is the Business Time, specified as 7:00am to 5:00pm (AEST) on weekdays' (LV TOU kVA Demand and LV TOU Capacity). LV kW Demand (106) uses 'the specified business times (i.e. 7:00am**, 7:30am, 8:00am, 8:30am, etc. up to 5:00pm)' (Table 2.3, p14), and Table 2.3's footnote defines business times as 7 am to 5 pm on weekdays (p16). Footnote: 'The first period starts at 07:00:01 and ends at 07:30:00 AEST'."
evo-2023-24-lv-tou-energy,evoenergy,evoenergy-statement-of-tariff-classes-and-tariffs-2023-24,2023-24,"LV commercial TOU energy (business, evening and off-peak times)",standard_time,not_stated,1,pdf:p16,Business times are between 7 am and 5 pm Australian Eastern Standard Time on weekdays. Evening times are between 5 pm and 10 pm Australian Eastern Standard Time on weekdays. Off-peak times are all other times.,"Table 2.3 footnote '*' attached to the 'Energy at business/evening/off-peak times*' charging parameters of tariffs 090, 101 and 103 (XMC variants 091, 104, 105 in Table 2.6). Off-peak windows are the complement because the footnote says 'all other times'."
evo-2024-25-015-energy,evoenergy,evoenergy-schedule-of-charges-2024-25-lfit-adjusted,2024-25,Residential TOU Network (closed) energy,standard_time,not_stated,1,pdf:p4,Peak Energy 7am-9am and 5pm-8pm every day,Column header on each tariff table: 'Charge applicability (times in AEST)'.
evo-2024-25-016-energy,evoenergy,evoenergy-schedule-of-charges-2024-25-lfit-adjusted,2024-25,Residential TOU Network (closed) XMC* energy,standard_time,not_stated,1,pdf:p5,Peak Energy 7am-9am and 5pm-8pm every day,Column header on each tariff table: 'Charge applicability (times in AEST)'.
evo-2024-25-017-energy,evoenergy,evoenergy-schedule-of-charges-2024-25-lfit-adjusted,2024-25,New Residential TOU Network energy,standard_time,not_stated,1,pdf:p5,Peak Energy 7am-9am and 5pm-9pm every day,Column header on each tariff table: 'Charge applicability (times in AEST)'.
evo-2024-25-018-energy,evoenergy,evoenergy-schedule-of-charges-2024-25-lfit-adjusted,2024-25,New Residential TOU Network XMC* energy,standard_time,not_stated,1,pdf:p5,Peak Energy 7am-9am and 5pm-9pm every day,Column header on each tariff table: 'Charge applicability (times in AEST)'.
evo-2024-25-023-dem-76-window,evoenergy,evoenergy-schedule-of-charges-2024-25-lfit-adjusted,2024-25,New Residential Demand Network - Seasonal kW Demand (High) window,standard_time,not_stated,0,pdf:p6,5pm-9pm every day during winter months Seasonal kW Demand,"Column header on each tariff table: 'Charge applicability (times in AEST)'. The document names the season ('winter months') but does not list its months; its months are not stated, so none are recorded."
evo-2024-25-023-dem-81-window,evoenergy,evoenergy-schedule-of-charges-2024-25-lfit-adjusted,2024-25,New Residential Demand Network - Seasonal kW Demand (Low) window,standard_time,not_stated,0,pdf:p6,5pm-9pm every day during non-winter months Seasonal kW Demand,"Column header on each tariff table: 'Charge applicability (times in AEST)'. The document names the season ('non-winter months') but does not list its months; its months are not stated, so none are recorded."
evo-2024-25-023-dem-86-window,evoenergy,evoenergy-schedule-of-charges-2024-25-lfit-adjusted,2024-25,New Residential Demand Network - Off-peak kW Demand window,standard_time,not_stated,0,pdf:p6,9pm-9am every day Off-peak kW Demand,Column header on each tariff table: 'Charge applicability (times in AEST)'.
evo-2024-25-023-energy,evoenergy,evoenergy-schedule-of-charges-2024-25-lfit-adjusted,2024-25,New Residential Demand Network energy,standard_time,not_stated,1,pdf:p6,Off-peak Energy 3pm-11am every day,Column header on each tariff table: 'Charge applicability (times in AEST)'.
evo-2024-25-024-dem-102-window,evoenergy,evoenergy-schedule-of-charges-2024-25-lfit-adjusted,2024-25,New Residential Demand Network XMC* - Seasonal kW Demand (Low) window,standard_time,not_stated,0,pdf:p7,5pm-9pm every day during non-winter months Seasonal kW Demand,"Column header on each tariff table: 'Charge applicability (times in AEST)'. The document names the season ('non-winter months') but does not list its months; its months are not stated, so none are recorded."
evo-2024-25-024-dem-107-window,evoenergy,evoenergy-schedule-of-charges-2024-25-lfit-adjusted,2024-25,New Residential Demand Network XMC* - Off-peak kW Demand window,standard_time,not_stated,0,pdf:p7,9pm-9am every day Off-peak kW Demand,Column header on each tariff table: 'Charge applicability (times in AEST)'.
evo-2024-25-024-dem-97-window,evoenergy,evoenergy-schedule-of-charges-2024-25-lfit-adjusted,2024-25,New Residential Demand Network XMC* - Seasonal kW Demand (High) window,standard_time,not_stated,0,pdf:p7,5pm-9pm every day during winter months Seasonal kW Demand,"Column header on each tariff table: 'Charge applicability (times in AEST)'. The document names the season ('winter months') but does not list its months; its months are not stated, so none are recorded."
evo-2024-25-024-energy,evoenergy,evoenergy-schedule-of-charges-2024-25-lfit-adjusted,2024-25,New Residential Demand Network XMC* energy,standard_time,not_stated,1,pdf:p6,Off-peak Energy 3pm-11am every day,Column header on each tariff table: 'Charge applicability (times in AEST)'.
evo-2024-25-025-dem-117-window,evoenergy,evoenergy-schedule-of-charges-2024-25-lfit-adjusted,2024-25,Residential Demand Network (closed) - Peak kW Demand window,standard_time,not_stated,0,pdf:p7,5pm-8pm every day Peak kW Demand,Column header on each tariff table: 'Charge applicability (times in AEST)'.
evo-2024-25-026-dem-127-window,evoenergy,evoenergy-schedule-of-charges-2024-25-lfit-adjusted,2024-25,Residential Demand Network (closed) XMC* - Peak kW Demand window,standard_time,not_stated,0,pdf:p7,5pm-8pm every day Peak kW Demand,Column header on each tariff table: 'Charge applicability (times in AEST)'.
evo-2024-25-060-controlled-load,evoenergy,evoenergy-schedule-of-charges-2024-25-lfit-adjusted,2024-25,Off-Peak (1) Night Network controlled load supply,standard_time,not_stated,0,pdf:p8,Off-peak 6 to 8 hours between 10pm-7am every day,Column header on each tariff table: 'Charge applicability (times in AEST)'. The table gives the hours of supply within these windows ('6 to 8 hours between 10pm-7am every day').
evo-2024-25-070-controlled-load,evoenergy,evoenergy-schedule-of-charges-2024-25-lfit-adjusted,2024-25,Off-Peak (3) Day & Night Network controlled load supply,standard_time,not_stated,0,pdf:p8,8 hours between 10pm-7am and 5 hours between 9am-5pm Off-peak c/kWh 2.885 2.885 every day,Column header on each tariff table: 'Charge applicability (times in AEST)'. The table gives the hours of supply within these windows ('8 hours between 10pm-7am and 5 hours between 9am-5pm every day'). The applicability text continues on the next line ('every day').
evo-2024-25-090-energy,evoenergy,evoenergy-schedule-of-charges-2024-25-lfit-adjusted,2024-25,General TOU Network energy,standard_time,not_stated,1,pdf:p9,Peak Energy 7am-5pm weekdays,Column header on each tariff table: 'Charge applicability (times in AEST)'. Off-peak windows are the complement of the peak and shoulder windows because the table says 'All other times'.
evo-2024-25-091-energy,evoenergy,evoenergy-schedule-of-charges-2024-25-lfit-adjusted,2024-25,General TOU Network XMC* energy,standard_time,not_stated,1,pdf:p10,Peak Energy 7am-5pm weekdays,Column header on each tariff table: 'Charge applicability (times in AEST)'. Off-peak windows are the complement of the peak and shoulder windows because the table says 'All other times'.
evo-2024-25-101-dem-203-window,evoenergy,evoenergy-schedule-of-charges-2024-25-lfit-adjusted,2024-25,LV TOU kVA Demand Network - Peak kVA Demand window,standard_time,not_stated,0,pdf:p10,7am-5pm weekdays Peak kVA Demand,Column header on each tariff table: 'Charge applicability (times in AEST)'.
evo-2024-25-101-energy,evoenergy,evoenergy-schedule-of-charges-2024-25-lfit-adjusted,2024-25,LV TOU kVA Demand Network energy,standard_time,not_stated,1,pdf:p10,Peak Energy 7am-5pm weekdays,Column header on each tariff table: 'Charge applicability (times in AEST)'. Off-peak windows are the complement of the peak and shoulder windows because the table says 'All other times'.
evo-2024-25-103-dem-226-window,evoenergy,evoenergy-schedule-of-charges-2024-25-lfit-adjusted,2024-25,LV TOU Capacity Network - Peak kVA Demand window,standard_time,not_stated,0,pdf:p11,7am-5pm weekdays Peak kVA Demand,Column header on each tariff table: 'Charge applicability (times in AEST)'.
evo-2024-25-103-energy,evoenergy,evoenergy-schedule-of-charges-2024-25-lfit-adjusted,2024-25,LV TOU Capacity Network energy,standard_time,not_stated,1,pdf:p11,Peak Energy 7am-5pm weekdays,Column header on each tariff table: 'Charge applicability (times in AEST)'. Off-peak windows are the complement of the peak and shoulder windows because the table says 'All other times'.
evo-2024-25-104-dem-214-window,evoenergy,evoenergy-schedule-of-charges-2024-25-lfit-adjusted,2024-25,LV TOU kVA Demand Network XMC* - Peak kVA Demand window,standard_time,not_stated,0,pdf:p10,7am-5pm weekdays Peak kVA Demand,Column header on each tariff table: 'Charge applicability (times in AEST)'.
evo-2024-25-104-energy,evoenergy,evoenergy-schedule-of-charges-2024-25-lfit-adjusted,2024-25,LV TOU kVA Demand Network XMC* energy,standard_time,not_stated,1,pdf:p10,Peak Energy 7am-5pm weekdays,Column header on each tariff table: 'Charge applicability (times in AEST)'. Off-peak windows are the complement of the peak and shoulder windows because the table says 'All other times'.
evo-2024-25-105-dem-240-window,evoenergy,evoenergy-schedule-of-charges-2024-25-lfit-adjusted,2024-25,LV TOU Capacity Network XMC* - Peak kVA Demand window,standard_time,not_stated,0,pdf:p11,7am-5pm weekdays Peak kVA Demand,Column header on each tariff table: 'Charge applicability (times in AEST)'.
evo-2024-25-105-energy,evoenergy,evoenergy-schedule-of-charges-2024-25-lfit-adjusted,2024-25,LV TOU Capacity Network XMC* energy,standard_time,not_stated,1,pdf:p11,Peak Energy 7am-5pm weekdays,Column header on each tariff table: 'Charge applicability (times in AEST)'. Off-peak windows are the complement of the peak and shoulder windows because the table says 'All other times'.
evo-2024-25-106-dem-256-window,evoenergy,evoenergy-schedule-of-charges-2024-25-lfit-adjusted,2024-25,LV Demand Network - Peak kW Demand window,standard_time,not_stated,0,pdf:p12,7am-5pm weekdays Peak kW Demand,Column header on each tariff table: 'Charge applicability (times in AEST)'.
evo-2024-25-107-dem-265-window,evoenergy,evoenergy-schedule-of-charges-2024-25-lfit-adjusted,2024-25,LV Demand Network XMC* - Peak kW Demand window,standard_time,not_stated,0,pdf:p12,7am-5pm weekdays Peak kW Demand,Column header on each tariff table: 'Charge applicability (times in AEST)'.
evo-2024-25-108-dem-278-window,evoenergy,evoenergy-schedule-of-charges-2024-25-lfit-adjusted,2024-25,LV large-scale battery tariff (residential area) - Seasonal kVA Demand (High) window,standard_time,not_stated,0,pdf:p12,5pm-8pm every day during summer and spring months Seasonal kVA Demand,"Column header on each tariff table: 'Charge applicability (times in AEST)'. The document names the season ('summer and spring months') but does not list its months; its months are not stated, so none are recorded."
evo-2024-25-108-dem-283-window,evoenergy,evoenergy-schedule-of-charges-2024-25-lfit-adjusted,2024-25,LV large-scale battery tariff (residential area) - Seasonal kVA Demand (Low) window,standard_time,not_stated,0,pdf:p12,5pm-8pm every day during winter and autumn months Seasonal kVA Demand,"Column header on each tariff table: 'Charge applicability (times in AEST)'. The document names the season ('winter and autumn months') but does not list its months; its months are not stated, so none are recorded."
evo-2024-25-109-dem-305-window,evoenergy,evoenergy-schedule-of-charges-2024-25-lfit-adjusted,2024-25,LV large-scale battery tariff (commercial area) - Seasonal kVA Demand (High) window,standard_time,not_stated,0,pdf:p13,7am-5pm weekdays during summer and spring months Seasonal kVA Demand,"Column header on each tariff table: 'Charge applicability (times in AEST)'. The document names the season ('summer and spring months') but does not list its months; its months are not stated, so none are recorded."
evo-2024-25-109-dem-310-window,evoenergy,evoenergy-schedule-of-charges-2024-25-lfit-adjusted,2024-25,LV large-scale battery tariff (commercial area) - Seasonal kVA Demand (Low) window,standard_time,not_stated,0,pdf:p13,7am-5pm weekdays during winter and autumn months Seasonal kVA Demand,"Column header on each tariff table: 'Charge applicability (times in AEST)'. The document names the season ('winter and autumn months') but does not list its months; its months are not stated, so none are recorded."
evo-2024-25-111-dem-345-window,evoenergy,evoenergy-schedule-of-charges-2024-25-lfit-adjusted,2024-25,HV TOU Demand Network (closed) - Peak kVA Demand window,standard_time,not_stated,0,pdf:p15,7am-5pm weekdays Peak kVA Demand,Column header on each tariff table: 'Charge applicability (times in AEST)'.
evo-2024-25-111-energy,evoenergy,evoenergy-schedule-of-charges-2024-25-lfit-adjusted,2024-25,HV TOU Demand Network (closed) energy,standard_time,not_stated,1,pdf:p15,Peak Energy 7am-5pm weekdays,Column header on each tariff table: 'Charge applicability (times in AEST)'. Off-peak windows are the complement of the peak and shoulder windows because the table says 'All other times'.
evo-2024-25-121-dem-360-window,evoenergy,evoenergy-schedule-of-charges-2024-25-lfit-adjusted,2024-25,HV TOU Demand Network – Customer LV (closed) - Peak kVA Demand window,standard_time,not_stated,0,pdf:p15,7am-5pm weekdays Peak kVA Demand,Column header on each tariff table: 'Charge applicability (times in AEST)'.
evo-2024-25-121-energy,evoenergy,evoenergy-schedule-of-charges-2024-25-lfit-adjusted,2024-25,HV TOU Demand Network – Customer LV (closed) energy,standard_time,not_stated,1,pdf:p15,Peak Energy 7am-5pm weekdays,Column header on each tariff table: 'Charge applicability (times in AEST)'. Off-peak windows are the complement of the peak and shoulder windows because the table says 'All other times'.
evo-2024-25-122-dem-375-window,evoenergy,evoenergy-schedule-of-charges-2024-25-lfit-adjusted,2024-25,HV TOU Demand Network – Customer HV and LV - Peak kVA Demand window,standard_time,not_stated,0,pdf:p16,7am-5pm weekdays Peak kVA Demand,Column header on each tariff table: 'Charge applicability (times in AEST)'.
evo-2024-25-122-energy,evoenergy,evoenergy-schedule-of-charges-2024-25-lfit-adjusted,2024-25,HV TOU Demand Network – Customer HV and LV energy,standard_time,not_stated,1,pdf:p16,Peak Energy 7am-5pm weekdays,Column header on each tariff table: 'Charge applicability (times in AEST)'. Off-peak windows are the complement of the peak and shoulder windows because the table says 'All other times'.
evo-2024-25-123-dem-394-window,evoenergy,evoenergy-schedule-of-charges-2024-25-lfit-adjusted,2024-25,HV large-scale battery tariff (residential area) - Seasonal kVA Demand (High) window,standard_time,not_stated,0,pdf:p16,5pm-8pm every day during summer and spring months Seasonal kVA Demand,"Column header on each tariff table: 'Charge applicability (times in AEST)'. The document names the season ('summer and spring months') but does not list its months; its months are not stated, so none are recorded."
evo-2024-25-123-dem-399-window,evoenergy,evoenergy-schedule-of-charges-2024-25-lfit-adjusted,2024-25,HV large-scale battery tariff (residential area) - Seasonal kVA Demand (Low) window,standard_time,not_stated,0,pdf:p16,5pm-8pm every day during winter and autumn months Seasonal kVA Demand,"Column header on each tariff table: 'Charge applicability (times in AEST)'. The document names the season ('winter and autumn months') but does not list its months; its months are not stated, so none are recorded."
evo-2024-25-124-dem-421-window,evoenergy,evoenergy-schedule-of-charges-2024-25-lfit-adjusted,2024-25,HV large-scale battery tariff (commercial area) - Seasonal kVA Demand (High) window,standard_time,not_stated,0,pdf:p17,7am-5pm weekdays during spring and summer months Seasonal kVA Demand,"Column header on each tariff table: 'Charge applicability (times in AEST)'. The document names the season ('spring and summer months') but does not list its months; its months are not stated, so none are recorded."
evo-2024-25-124-dem-426-window,evoenergy,evoenergy-schedule-of-charges-2024-25-lfit-adjusted,2024-25,HV large-scale battery tariff (commercial area) - Seasonal kVA Demand (Low) window,standard_time,not_stated,0,pdf:p17,7am-5pm weekdays during autumn and winter months Seasonal kVA Demand,"Column header on each tariff table: 'Charge applicability (times in AEST)'. The document names the season ('autumn and winter months') but does not list its months; its months are not stated, so none are recorded."
evo-2025-26-soc-incl-lfit-015-energy,evoenergy,evoenergy-schedule-of-charges-2025-26-incl-lfit-may2025,2025-26,Residential TOU Network (closed) energy,standard_time,not_stated,1,xlsx:Network tariffs!D40,7am-9am and 5pm-8pm every day,Charge applicability column header (row 38): 'Charge applicability (times in AEST)'.
evo-2025-26-soc-incl-lfit-016-energy,evoenergy,evoenergy-schedule-of-charges-2025-26-incl-lfit-may2025,2025-26,Residential TOU Network (closed) XMC* energy,standard_time,not_stated,1,xlsx:Network tariffs!D50,7am-9am and 5pm-8pm every day,Charge applicability column header (row 48): 'Charge applicability (times in AEST)'.
evo-2025-26-soc-incl-lfit-017-energy,evoenergy,evoenergy-schedule-of-charges-2025-26-incl-lfit-may2025,2025-26,New Residential TOU Network energy,standard_time,not_stated,1,xlsx:Network tariffs!D60,7am-9am and 5pm-9pm every day,Charge applicability column header (row 58): 'Charge applicability (times in AEST)'.
evo-2025-26-soc-incl-lfit-018-energy,evoenergy,evoenergy-schedule-of-charges-2025-26-incl-lfit-may2025,2025-26,New Residential TOU Network XMC* energy,standard_time,not_stated,1,xlsx:Network tariffs!D70,7am-9am and 5pm-9pm every day,Charge applicability column header (row 68): 'Charge applicability (times in AEST)'.
evo-2025-26-soc-incl-lfit-023-dem-100-window,evoenergy,evoenergy-schedule-of-charges-2025-26-incl-lfit-may2025,2025-26,New Residential Demand Network - Seasonal kW Demand (High) window,standard_time,not_stated,0,xlsx:Network tariffs!D100,5pm-9pm every day during winter months,"Charge applicability column header (row 96): 'Charge applicability (times in AEST)'. The document names the season ('winter months') but does not list its months; its months are not stated, so none are recorded."
evo-2025-26-soc-incl-lfit-023-dem-101-window,evoenergy,evoenergy-schedule-of-charges-2025-26-incl-lfit-may2025,2025-26,New Residential Demand Network - Seasonal kW Demand (Low) window,standard_time,not_stated,0,xlsx:Network tariffs!D101,5pm-9pm every day during non-winter months,"Charge applicability column header (row 96): 'Charge applicability (times in AEST)'. The document names the season ('non-winter months') but does not list its months; its months are not stated, so none are recorded."
evo-2025-26-soc-incl-lfit-023-dem-102-window,evoenergy,evoenergy-schedule-of-charges-2025-26-incl-lfit-may2025,2025-26,New Residential Demand Network - Off-peak kW Demand window,standard_time,not_stated,0,xlsx:Network tariffs!D102,9pm-9am every day,Charge applicability column header (row 96): 'Charge applicability (times in AEST)'.
evo-2025-26-soc-incl-lfit-023-energy,evoenergy,evoenergy-schedule-of-charges-2025-26-incl-lfit-may2025,2025-26,New Residential Demand Network energy,standard_time,not_stated,1,xlsx:Network tariffs!D98,3pm-11am every day,Charge applicability column header (row 96): 'Charge applicability (times in AEST)'.
evo-2025-26-soc-incl-lfit-024-dem-112-window,evoenergy,evoenergy-schedule-of-charges-2025-26-incl-lfit-may2025,2025-26,New Residential Demand Network XMC* - Seasonal kW Demand (High) window,standard_time,not_stated,0,xlsx:Network tariffs!D112,5pm-9pm every day during winter months,"Charge applicability column header (row 108): 'Charge applicability (times in AEST)'. The document names the season ('winter months') but does not list its months; its months are not stated, so none are recorded."
evo-2025-26-soc-incl-lfit-024-dem-113-window,evoenergy,evoenergy-schedule-of-charges-2025-26-incl-lfit-may2025,2025-26,New Residential Demand Network XMC* - Seasonal kW Demand (Low) window,standard_time,not_stated,0,xlsx:Network tariffs!D113,5pm-9pm every day during non-winter months,"Charge applicability column header (row 108): 'Charge applicability (times in AEST)'. The document names the season ('non-winter months') but does not list its months; its months are not stated, so none are recorded."
evo-2025-26-soc-incl-lfit-024-dem-114-window,evoenergy,evoenergy-schedule-of-charges-2025-26-incl-lfit-may2025,2025-26,New Residential Demand Network XMC* - Off-peak kW Demand window,standard_time,not_stated,0,xlsx:Network tariffs!D114,9pm-9am every day,Charge applicability column header (row 108): 'Charge applicability (times in AEST)'.
evo-2025-26-soc-incl-lfit-024-energy,evoenergy,evoenergy-schedule-of-charges-2025-26-incl-lfit-may2025,2025-26,New Residential Demand Network XMC* energy,standard_time,not_stated,1,xlsx:Network tariffs!D110,3pm-11am every day,Charge applicability column header (row 108): 'Charge applicability (times in AEST)'.
evo-2025-26-soc-incl-lfit-025-dem-123-window,evoenergy,evoenergy-schedule-of-charges-2025-26-incl-lfit-may2025,2025-26,Residential Demand Network (closed) - Peak kW Demand window,standard_time,not_stated,0,xlsx:Network tariffs!D123,5pm-8pm every day,Charge applicability column header (row 120): 'Charge applicability (times in AEST)'.
evo-2025-26-soc-incl-lfit-026-dem-132-window,evoenergy,evoenergy-schedule-of-charges-2025-26-incl-lfit-may2025,2025-26,Residential Demand Network (closed) XMC* - Peak kW Demand window,standard_time,not_stated,0,xlsx:Network tariffs!D132,5pm-8pm every day,Charge applicability column header (row 129): 'Charge applicability (times in AEST)'.
evo-2025-26-soc-incl-lfit-060-controlled-load,evoenergy,evoenergy-schedule-of-charges-2025-26-incl-lfit-may2025,2025-26,Off-Peak (1) Night Network controlled load supply,standard_time,not_stated,0,xlsx:Network tariffs!D157,6 to 8 hours between 10pm-7am every day,Charge applicability column header (row 156): 'Charge applicability (times in AEST)'. The cell gives the hours of supply within these windows ('6 to 8 hours between 10pm-7am every day').
evo-2025-26-soc-incl-lfit-070-controlled-load,evoenergy,evoenergy-schedule-of-charges-2025-26-incl-lfit-may2025,2025-26,Off-Peak (3) Day & Night Network controlled load supply,standard_time,not_stated,0,xlsx:Network tariffs!D164,8 hours between 10pm-7am and 5 hours between 9am-5pm every day,Charge applicability column header (row 163): 'Charge applicability (times in AEST)'. The cell gives the hours of supply within these windows ('8 hours between 10pm-7am and 5 hours between 9am-5pm every day').
evo-2025-26-soc-incl-lfit-090-energy,evoenergy,evoenergy-schedule-of-charges-2025-26-incl-lfit-may2025,2025-26,General TOU Network energy,standard_time,not_stated,1,xlsx:Network tariffs!D193,7am-5pm weekdays,Charge applicability column header (row 191): 'Charge applicability (times in AEST)'. Off-peak windows are the complement of the peak and shoulder windows because the cell says 'All other times'.
evo-2025-26-soc-incl-lfit-091-energy,evoenergy,evoenergy-schedule-of-charges-2025-26-incl-lfit-may2025,2025-26,General TOU Network XMC* energy,standard_time,not_stated,1,xlsx:Network tariffs!D203,7am-5pm weekdays,Charge applicability column header (row 201): 'Charge applicability (times in AEST)'. Off-peak windows are the complement of the peak and shoulder windows because the cell says 'All other times'.
evo-2025-26-soc-incl-lfit-101-dem-213-window,evoenergy,evoenergy-schedule-of-charges-2025-26-incl-lfit-may2025,2025-26,LV TOU kVA Demand Network - Peak kVA Demand window,standard_time,not_stated,0,xlsx:Network tariffs!D213,7am-5pm weekdays,Charge applicability column header (row 211): 'Charge applicability (times in AEST)'.
evo-2025-26-soc-incl-lfit-101-energy,evoenergy,evoenergy-schedule-of-charges-2025-26-incl-lfit-may2025,2025-26,LV TOU kVA Demand Network energy,standard_time,not_stated,1,xlsx:Network tariffs!D214,7am-5pm weekdays,Charge applicability column header (row 211): 'Charge applicability (times in AEST)'. Off-peak windows are the complement of the peak and shoulder windows because the cell says 'All other times'.
evo-2025-26-soc-incl-lfit-103-dem-235-window,evoenergy,evoenergy-schedule-of-charges-2025-26-incl-lfit-may2025,2025-26,LV TOU Capacity Network - Peak kVA Demand window,standard_time,not_stated,0,xlsx:Network tariffs!D235,7am-5pm weekdays,Charge applicability column header (row 233): 'Charge applicability (times in AEST)'.
evo-2025-26-soc-incl-lfit-103-energy,evoenergy,evoenergy-schedule-of-charges-2025-26-incl-lfit-may2025,2025-26,LV TOU Capacity Network energy,standard_time,not_stated,1,xlsx:Network tariffs!D237,7am-5pm weekdays,Charge applicability column header (row 233): 'Charge applicability (times in AEST)'. Off-peak windows are the complement of the peak and shoulder windows because the cell says 'All other times'.
evo-2025-26-soc-incl-lfit-104-dem-224-window,evoenergy,evoenergy-schedule-of-charges-2025-26-incl-lfit-may2025,2025-26,LV TOU kVA Demand Network XMC* - Peak kVA Demand window,standard_time,not_stated,0,xlsx:Network tariffs!D224,7am-5pm weekdays,Charge applicability column header (row 222): 'Charge applicability (times in AEST)'.
evo-2025-26-soc-incl-lfit-104-energy,evoenergy,evoenergy-schedule-of-charges-2025-26-incl-lfit-may2025,2025-26,LV TOU kVA Demand Network XMC* energy,standard_time,not_stated,1,xlsx:Network tariffs!D225,7am-5pm weekdays,Charge applicability column header (row 222): 'Charge applicability (times in AEST)'. Off-peak windows are the complement of the peak and shoulder windows because the cell says 'All other times'.
evo-2025-26-soc-incl-lfit-105-dem-247-window,evoenergy,evoenergy-schedule-of-charges-2025-26-incl-lfit-may2025,2025-26,LV TOU Capacity Network XMC* - Peak kVA Demand window,standard_time,not_stated,0,xlsx:Network tariffs!D247,7am-5pm weekdays,Charge applicability column header (row 245): 'Charge applicability (times in AEST)'.
evo-2025-26-soc-incl-lfit-105-energy,evoenergy,evoenergy-schedule-of-charges-2025-26-incl-lfit-may2025,2025-26,LV TOU Capacity Network XMC* energy,standard_time,not_stated,1,xlsx:Network tariffs!D249,7am-5pm weekdays,Charge applicability column header (row 245): 'Charge applicability (times in AEST)'. Off-peak windows are the complement of the peak and shoulder windows because the cell says 'All other times'.
evo-2025-26-soc-incl-lfit-106-dem-260-window,evoenergy,evoenergy-schedule-of-charges-2025-26-incl-lfit-may2025,2025-26,LV Demand Network - Peak kW Demand window,standard_time,not_stated,0,xlsx:Network tariffs!D260,7am-5pm weekdays,Charge applicability column header (row 257): 'Charge applicability (times in AEST)'.
evo-2025-26-soc-incl-lfit-107-dem-269-window,evoenergy,evoenergy-schedule-of-charges-2025-26-incl-lfit-may2025,2025-26,LV Demand Network XMC* - Peak kW Demand window,standard_time,not_stated,0,xlsx:Network tariffs!D269,7am-5pm weekdays,Charge applicability column header (row 266): 'Charge applicability (times in AEST)'.
evo-2025-26-soc-incl-lfit-108-dem-278-window,evoenergy,evoenergy-schedule-of-charges-2025-26-incl-lfit-may2025,2025-26,LV large-scale battery tariff (residential area) - Seasonal kVA Demand (High) window,standard_time,not_stated,0,xlsx:Network tariffs!D278,5pm-8pm every day during summer and spring months,"Charge applicability column header (row 275): 'Charge applicability (times in AEST)'. The document names the season ('summer and spring months') but does not list its months; its months are not stated, so none are recorded."
evo-2025-26-soc-incl-lfit-108-dem-279-window,evoenergy,evoenergy-schedule-of-charges-2025-26-incl-lfit-may2025,2025-26,LV large-scale battery tariff (residential area) - Seasonal kVA Demand (Low) window,standard_time,not_stated,0,xlsx:Network tariffs!D279,5pm-8pm every day during winter and autumn months,"Charge applicability column header (row 275): 'Charge applicability (times in AEST)'. The document names the season ('winter and autumn months') but does not list its months; its months are not stated, so none are recorded."
evo-2025-26-soc-incl-lfit-109-dem-290-window,evoenergy,evoenergy-schedule-of-charges-2025-26-incl-lfit-may2025,2025-26,LV large-scale battery tariff (commercial area) - Seasonal kVA Demand (High) window,standard_time,not_stated,0,xlsx:Network tariffs!D290,7am-5pm weekdays during summer and spring months,"Charge applicability column header (row 287): 'Charge applicability (times in AEST)'. The document names the season ('summer and spring months') but does not list its months; its months are not stated, so none are recorded."
evo-2025-26-soc-incl-lfit-109-dem-291-window,evoenergy,evoenergy-schedule-of-charges-2025-26-incl-lfit-may2025,2025-26,LV large-scale battery tariff (commercial area) - Seasonal kVA Demand (Low) window,standard_time,not_stated,0,xlsx:Network tariffs!D291,7am-5pm weekdays during winter and autumn months,"Charge applicability column header (row 287): 'Charge applicability (times in AEST)'. The document names the season ('winter and autumn months') but does not list its months; its months are not stated, so none are recorded."
evo-2025-26-soc-incl-lfit-111-dem-325-window,evoenergy,evoenergy-schedule-of-charges-2025-26-incl-lfit-may2025,2025-26,HV TOU Demand Network (closed) - Peak kVA Demand window,standard_time,not_stated,0,xlsx:Network tariffs!D325,7am-5pm weekdays,Charge applicability column header (row 323): 'Charge applicability (times in AEST)'.
evo-2025-26-soc-incl-lfit-111-energy,evoenergy,evoenergy-schedule-of-charges-2025-26-incl-lfit-may2025,2025-26,HV TOU Demand Network (closed) energy,standard_time,not_stated,1,xlsx:Network tariffs!D327,7am-5pm weekdays,Charge applicability column header (row 323): 'Charge applicability (times in AEST)'. Off-peak windows are the complement of the peak and shoulder windows because the cell says 'All other times'.
evo-2025-26-soc-incl-lfit-121-dem-337-window,evoenergy,evoenergy-schedule-of-charges-2025-26-incl-lfit-may2025,2025-26,HV TOU Demand Network – Customer LV (closed) - Peak kVA Demand window,standard_time,not_stated,0,xlsx:Network tariffs!D337,7am-5pm weekdays,Charge applicability column header (row 335): 'Charge applicability (times in AEST)'.
evo-2025-26-soc-incl-lfit-121-energy,evoenergy,evoenergy-schedule-of-charges-2025-26-incl-lfit-may2025,2025-26,HV TOU Demand Network – Customer LV (closed) energy,standard_time,not_stated,1,xlsx:Network tariffs!D339,7am-5pm weekdays,Charge applicability column header (row 335): 'Charge applicability (times in AEST)'. Off-peak windows are the complement of the peak and shoulder windows because the cell says 'All other times'.
evo-2025-26-soc-incl-lfit-122-dem-349-window,evoenergy,evoenergy-schedule-of-charges-2025-26-incl-lfit-may2025,2025-26,HV TOU Demand Network – Customer HV and LV - Peak kVA Demand window,standard_time,not_stated,0,xlsx:Network tariffs!D349,7am-5pm weekdays,Charge applicability column header (row 347): 'Charge applicability (times in AEST)'.
evo-2025-26-soc-incl-lfit-122-energy,evoenergy,evoenergy-schedule-of-charges-2025-26-incl-lfit-may2025,2025-26,HV TOU Demand Network – Customer HV and LV energy,standard_time,not_stated,1,xlsx:Network tariffs!D351,7am-5pm weekdays,Charge applicability column header (row 347): 'Charge applicability (times in AEST)'. Off-peak windows are the complement of the peak and shoulder windows because the cell says 'All other times'.
evo-2025-26-soc-incl-lfit-123-dem-362-window,evoenergy,evoenergy-schedule-of-charges-2025-26-incl-lfit-may2025,2025-26,HV large-scale battery tariff (residential area) - Seasonal kVA Demand (High) window,standard_time,not_stated,0,xlsx:Network tariffs!D362,5pm-8pm every day during summer and spring months,"Charge applicability column header (row 359): 'Charge applicability (times in AEST)'. The document names the season ('summer and spring months') but does not list its months; its months are not stated, so none are recorded."
evo-2025-26-soc-incl-lfit-123-dem-363-window,evoenergy,evoenergy-schedule-of-charges-2025-26-incl-lfit-may2025,2025-26,HV large-scale battery tariff (residential area) - Seasonal kVA Demand (Low) window,standard_time,not_stated,0,xlsx:Network tariffs!D363,5pm-8pm every day during winter and autumn months,"Charge applicability column header (row 359): 'Charge applicability (times in AEST)'. The document names the season ('winter and autumn months') but does not list its months; its months are not stated, so none are recorded."
evo-2025-26-soc-incl-lfit-124-dem-374-window,evoenergy,evoenergy-schedule-of-charges-2025-26-incl-lfit-may2025,2025-26,HV large-scale battery tariff (commercial area) - Seasonal kVA Demand (High) window,standard_time,not_stated,0,xlsx:Network tariffs!D374,7am-5pm weekdays during spring and summer months,"Charge applicability column header (row 371): 'Charge applicability (times in AEST)'. The document names the season ('spring and summer months') but does not list its months; its months are not stated, so none are recorded."
evo-2025-26-soc-incl-lfit-124-dem-375-window,evoenergy,evoenergy-schedule-of-charges-2025-26-incl-lfit-may2025,2025-26,HV large-scale battery tariff (commercial area) - Seasonal kVA Demand (Low) window,standard_time,not_stated,0,xlsx:Network tariffs!D375,7am-5pm weekdays during autumn and winter months,"Charge applicability column header (row 371): 'Charge applicability (times in AEST)'. The document names the season ('autumn and winter months') but does not list its months; its months are not stated, so none are recorded."
evo-2026-27-soc-aer-approved-015-energy,evoenergy,evoenergy-schedule-of-charges-2026-27-aer-approved-april2026,2026-27,Residential TOU Network (closed) energy,standard_time,not_stated,1,xlsx:Network tariffs!D40,7am-9am and 5pm-8pm every day,Charge applicability column header (row 38): 'Charge applicability (times in AEST)'.
evo-2026-27-soc-aer-approved-016-energy,evoenergy,evoenergy-schedule-of-charges-2026-27-aer-approved-april2026,2026-27,Residential TOU Network (closed) XMC* energy,standard_time,not_stated,1,xlsx:Network tariffs!D50,7am-9am and 5pm-8pm every day,Charge applicability column header (row 48): 'Charge applicability (times in AEST)'.
evo-2026-27-soc-aer-approved-017-energy,evoenergy,evoenergy-schedule-of-charges-2026-27-aer-approved-april2026,2026-27,New Residential TOU Network energy,standard_time,not_stated,1,xlsx:Network tariffs!D60,7am-9am and 5pm-9pm every day,Charge applicability column header (row 58): 'Charge applicability (times in AEST)'.
evo-2026-27-soc-aer-approved-018-energy,evoenergy,evoenergy-schedule-of-charges-2026-27-aer-approved-april2026,2026-27,New Residential TOU Network XMC* energy,standard_time,not_stated,1,xlsx:Network tariffs!D70,7am-9am and 5pm-9pm every day,Charge applicability column header (row 68): 'Charge applicability (times in AEST)'.
evo-2026-27-soc-aer-approved-023-dem-100-window,evoenergy,evoenergy-schedule-of-charges-2026-27-aer-approved-april2026,2026-27,New Residential Demand Network - Seasonal kW Demand (High) window,standard_time,not_stated,0,xlsx:Network tariffs!D100,5pm-9pm every day during winter months,"Charge applicability column header (row 96): 'Charge applicability (times in AEST)'. The document names the season ('winter months') but does not list its months; its months are not stated, so none are recorded."
evo-2026-27-soc-aer-approved-023-dem-101-window,evoenergy,evoenergy-schedule-of-charges-2026-27-aer-approved-april2026,2026-27,New Residential Demand Network - Seasonal kW Demand (Low) window,standard_time,not_stated,0,xlsx:Network tariffs!D101,5pm-9pm every day during non-winter months,"Charge applicability column header (row 96): 'Charge applicability (times in AEST)'. The document names the season ('non-winter months') but does not list its months; its months are not stated, so none are recorded."
evo-2026-27-soc-aer-approved-023-dem-102-window,evoenergy,evoenergy-schedule-of-charges-2026-27-aer-approved-april2026,2026-27,New Residential Demand Network - Off-peak kW Demand window,standard_time,not_stated,0,xlsx:Network tariffs!D102,9pm-9am every day,Charge applicability column header (row 96): 'Charge applicability (times in AEST)'.
evo-2026-27-soc-aer-approved-023-energy,evoenergy,evoenergy-schedule-of-charges-2026-27-aer-approved-april2026,2026-27,New Residential Demand Network energy,standard_time,not_stated,1,xlsx:Network tariffs!D98,3pm-11am every day,Charge applicability column header (row 96): 'Charge applicability (times in AEST)'.
evo-2026-27-soc-aer-approved-024-dem-112-window,evoenergy,evoenergy-schedule-of-charges-2026-27-aer-approved-april2026,2026-27,New Residential Demand Network XMC* - Seasonal kW Demand (High) window,standard_time,not_stated,0,xlsx:Network tariffs!D112,5pm-9pm every day during winter months,"Charge applicability column header (row 108): 'Charge applicability (times in AEST)'. The document names the season ('winter months') but does not list its months; its months are not stated, so none are recorded."
evo-2026-27-soc-aer-approved-024-dem-113-window,evoenergy,evoenergy-schedule-of-charges-2026-27-aer-approved-april2026,2026-27,New Residential Demand Network XMC* - Seasonal kW Demand (Low) window,standard_time,not_stated,0,xlsx:Network tariffs!D113,5pm-9pm every day during non-winter months,"Charge applicability column header (row 108): 'Charge applicability (times in AEST)'. The document names the season ('non-winter months') but does not list its months; its months are not stated, so none are recorded."
evo-2026-27-soc-aer-approved-024-dem-114-window,evoenergy,evoenergy-schedule-of-charges-2026-27-aer-approved-april2026,2026-27,New Residential Demand Network XMC* - Off-peak kW Demand window,standard_time,not_stated,0,xlsx:Network tariffs!D114,9pm-9am every day,Charge applicability column header (row 108): 'Charge applicability (times in AEST)'.
evo-2026-27-soc-aer-approved-024-energy,evoenergy,evoenergy-schedule-of-charges-2026-27-aer-approved-april2026,2026-27,New Residential Demand Network XMC* energy,standard_time,not_stated,1,xlsx:Network tariffs!D110,3pm-11am every day,Charge applicability column header (row 108): 'Charge applicability (times in AEST)'.
evo-2026-27-soc-aer-approved-025-dem-123-window,evoenergy,evoenergy-schedule-of-charges-2026-27-aer-approved-april2026,2026-27,Residential Demand Network (closed) - Peak kW Demand window,standard_time,not_stated,0,xlsx:Network tariffs!D123,5pm-8pm every day,Charge applicability column header (row 120): 'Charge applicability (times in AEST)'.
evo-2026-27-soc-aer-approved-026-dem-132-window,evoenergy,evoenergy-schedule-of-charges-2026-27-aer-approved-april2026,2026-27,Residential Demand Network (closed) XMC* - Peak kW Demand window,standard_time,not_stated,0,xlsx:Network tariffs!D132,5pm-8pm every day,Charge applicability column header (row 129): 'Charge applicability (times in AEST)'.
evo-2026-27-soc-aer-approved-060-controlled-load,evoenergy,evoenergy-schedule-of-charges-2026-27-aer-approved-april2026,2026-27,Off-Peak (1) Night Network controlled load supply,standard_time,not_stated,0,xlsx:Network tariffs!D157,6 to 8 hours between 10pm-7am every day,Charge applicability column header (row 156): 'Charge applicability (times in AEST)'. The cell gives the hours of supply within these windows ('6 to 8 hours between 10pm-7am every day').
evo-2026-27-soc-aer-approved-065-controlled-load,evoenergy,evoenergy-schedule-of-charges-2026-27-aer-approved-april2026,2026-27,Flexible Controlled Load controlled load supply,standard_time,not_stated,0,xlsx:Network tariffs!D171,Any duration between 10pm-7am and 9am-5pm every day,Charge applicability column header (row 170): 'Charge applicability (times in AEST)'. The cell gives the hours of supply within these windows ('Any duration between 10pm-7am and 9am-5pm every day').
evo-2026-27-soc-aer-approved-070-controlled-load,evoenergy,evoenergy-schedule-of-charges-2026-27-aer-approved-april2026,2026-27,Off-Peak (3) Day & Night Network controlled load supply,standard_time,not_stated,0,xlsx:Network tariffs!D164,8 hours between 10pm-7am and 5 hours between 9am-5pm every day,Charge applicability column header (row 163): 'Charge applicability (times in AEST)'. The cell gives the hours of supply within these windows ('8 hours between 10pm-7am and 5 hours between 9am-5pm every day').
evo-2026-27-soc-aer-approved-090-energy,evoenergy,evoenergy-schedule-of-charges-2026-27-aer-approved-april2026,2026-27,General TOU Network energy,standard_time,not_stated,1,xlsx:Network tariffs!D200,7am-5pm weekdays,Charge applicability column header (row 198): 'Charge applicability (times in AEST)'. Off-peak windows are the complement of the peak and shoulder windows because the cell says 'All other times'.
evo-2026-27-soc-aer-approved-091-energy,evoenergy,evoenergy-schedule-of-charges-2026-27-aer-approved-april2026,2026-27,General TOU Network XMC* energy,standard_time,not_stated,1,xlsx:Network tariffs!D210,7am-5pm weekdays,Charge applicability column header (row 208): 'Charge applicability (times in AEST)'. Off-peak windows are the complement of the peak and shoulder windows because the cell says 'All other times'.
evo-2026-27-soc-aer-approved-101-dem-220-window,evoenergy,evoenergy-schedule-of-charges-2026-27-aer-approved-april2026,2026-27,LV TOU kVA Demand Network - Peak kVA Demand window,standard_time,not_stated,0,xlsx:Network tariffs!D220,7am-5pm weekdays,Charge applicability column header (row 218): 'Charge applicability (times in AEST)'.
evo-2026-27-soc-aer-approved-101-energy,evoenergy,evoenergy-schedule-of-charges-2026-27-aer-approved-april2026,2026-27,LV TOU kVA Demand Network energy,standard_time,not_stated,1,xlsx:Network tariffs!D221,7am-5pm weekdays,Charge applicability column header (row 218): 'Charge applicability (times in AEST)'. Off-peak windows are the complement of the peak and shoulder windows because the cell says 'All other times'.
evo-2026-27-soc-aer-approved-103-dem-242-window,evoenergy,evoenergy-schedule-of-charges-2026-27-aer-approved-april2026,2026-27,LV TOU Capacity Network - Peak kVA Demand window,standard_time,not_stated,0,xlsx:Network tariffs!D242,7am-5pm weekdays,Charge applicability column header (row 240): 'Charge applicability (times in AEST)'.
evo-2026-27-soc-aer-approved-103-energy,evoenergy,evoenergy-schedule-of-charges-2026-27-aer-approved-april2026,2026-27,LV TOU Capacity Network energy,standard_time,not_stated,1,xlsx:Network tariffs!D244,7am-5pm weekdays,Charge applicability column header (row 240): 'Charge applicability (times in AEST)'. Off-peak windows are the complement of the peak and shoulder windows because the cell says 'All other times'.
evo-2026-27-soc-aer-approved-104-dem-231-window,evoenergy,evoenergy-schedule-of-charges-2026-27-aer-approved-april2026,2026-27,LV TOU kVA Demand Network XMC* - Peak kVA Demand window,standard_time,not_stated,0,xlsx:Network tariffs!D231,7am-5pm weekdays,Charge applicability column header (row 229): 'Charge applicability (times in AEST)'.
evo-2026-27-soc-aer-approved-104-energy,evoenergy,evoenergy-schedule-of-charges-2026-27-aer-approved-april2026,2026-27,LV TOU kVA Demand Network XMC* energy,standard_time,not_stated,1,xlsx:Network tariffs!D232,7am-5pm weekdays,Charge applicability column header (row 229): 'Charge applicability (times in AEST)'. Off-peak windows are the complement of the peak and shoulder windows because the cell says 'All other times'.
evo-2026-27-soc-aer-approved-105-dem-254-window,evoenergy,evoenergy-schedule-of-charges-2026-27-aer-approved-april2026,2026-27,LV TOU Capacity Network XMC* - Peak kVA Demand window,standard_time,not_stated,0,xlsx:Network tariffs!D254,7am-5pm weekdays,Charge applicability column header (row 252): 'Charge applicability (times in AEST)'.
evo-2026-27-soc-aer-approved-105-energy,evoenergy,evoenergy-schedule-of-charges-2026-27-aer-approved-april2026,2026-27,LV TOU Capacity Network XMC* energy,standard_time,not_stated,1,xlsx:Network tariffs!D256,7am-5pm weekdays,Charge applicability column header (row 252): 'Charge applicability (times in AEST)'. Off-peak windows are the complement of the peak and shoulder windows because the cell says 'All other times'.
evo-2026-27-soc-aer-approved-106-dem-267-window,evoenergy,evoenergy-schedule-of-charges-2026-27-aer-approved-april2026,2026-27,LV Demand Network - Peak kW Demand window,standard_time,not_stated,0,xlsx:Network tariffs!D267,7am-5pm weekdays,Charge applicability column header (row 264): 'Charge applicability (times in AEST)'.
evo-2026-27-soc-aer-approved-107-dem-276-window,evoenergy,evoenergy-schedule-of-charges-2026-27-aer-approved-april2026,2026-27,LV Demand Network XMC* - Peak kW Demand window,standard_time,not_stated,0,xlsx:Network tariffs!D276,7am-5pm weekdays,Charge applicability column header (row 273): 'Charge applicability (times in AEST)'.
evo-2026-27-soc-aer-approved-108-dem-285-window,evoenergy,evoenergy-schedule-of-charges-2026-27-aer-approved-april2026,2026-27,LV large-scale battery tariff (residential area) - Seasonal kVA Demand (High) window,standard_time,not_stated,0,xlsx:Network tariffs!D285,5pm-8pm every day during summer and spring months,"Charge applicability column header (row 282): 'Charge applicability (times in AEST)'. The document names the season ('summer and spring months') but does not list its months; its months are not stated, so none are recorded."
evo-2026-27-soc-aer-approved-108-dem-286-window,evoenergy,evoenergy-schedule-of-charges-2026-27-aer-approved-april2026,2026-27,LV large-scale battery tariff (residential area) - Seasonal kVA Demand (Low) window,standard_time,not_stated,0,xlsx:Network tariffs!D286,5pm-8pm every day during winter and autumn months,"Charge applicability column header (row 282): 'Charge applicability (times in AEST)'. The document names the season ('winter and autumn months') but does not list its months; its months are not stated, so none are recorded."
evo-2026-27-soc-aer-approved-108-r302-dem-308-window,evoenergy,evoenergy-schedule-of-charges-2026-27-aer-approved-april2026,2026-27,LV Stand-Alone Small Battery Network (residential area) - Seasonal kVA Demand (High) window,standard_time,not_stated,0,xlsx:Network tariffs!D308,5pm-8pm every day during summer and spring months,"Charge applicability column header (row 305): 'Charge applicability (times in AEST)'. The document names the season ('summer and spring months') but does not list its months; its months are not stated, so none are recorded. The workbook lists a second tariff block with code 108 ('LV Stand-Alone Small Battery Network (residential area)', row 302); its windows and rules are recorded separately."
evo-2026-27-soc-aer-approved-108-r302-dem-309-window,evoenergy,evoenergy-schedule-of-charges-2026-27-aer-approved-april2026,2026-27,LV Stand-Alone Small Battery Network (residential area) - Seasonal kVA Demand (Low) window,standard_time,not_stated,0,xlsx:Network tariffs!D309,5pm-8pm every day during winter and autumn months,"Charge applicability column header (row 305): 'Charge applicability (times in AEST)'. The document names the season ('winter and autumn months') but does not list its months; its months are not stated, so none are recorded. The workbook lists a second tariff block with code 108 ('LV Stand-Alone Small Battery Network (residential area)', row 302); its windows and rules are recorded separately."
evo-2026-27-soc-aer-approved-109-dem-297-window,evoenergy,evoenergy-schedule-of-charges-2026-27-aer-approved-april2026,2026-27,LV large-scale battery tariff (commercial area) - Seasonal kVA Demand (High) window,standard_time,not_stated,0,xlsx:Network tariffs!D297,7am-5pm weekdays during summer and spring months,"Charge applicability column header (row 294): 'Charge applicability (times in AEST)'. The document names the season ('summer and spring months') but does not list its months; its months are not stated, so none are recorded."
evo-2026-27-soc-aer-approved-109-dem-298-window,evoenergy,evoenergy-schedule-of-charges-2026-27-aer-approved-april2026,2026-27,LV large-scale battery tariff (commercial area) - Seasonal kVA Demand (Low) window,standard_time,not_stated,0,xlsx:Network tariffs!D298,7am-5pm weekdays during winter and autumn months,"Charge applicability column header (row 294): 'Charge applicability (times in AEST)'. The document names the season ('winter and autumn months') but does not list its months; its months are not stated, so none are recorded."
evo-2026-27-soc-aer-approved-109-r314-dem-320-window,evoenergy,evoenergy-schedule-of-charges-2026-27-aer-approved-april2026,2026-27,LV Stand-Alone Small Battery Network (commercial area) - Seasonal kVA Demand (High) window,standard_time,not_stated,0,xlsx:Network tariffs!D320,7am-5pm weekdays during summer and spring months,"Charge applicability column header (row 317): 'Charge applicability (times in AEST)'. The document names the season ('summer and spring months') but does not list its months; its months are not stated, so none are recorded. The workbook lists a second tariff block with code 109 ('LV Stand-Alone Small Battery Network (commercial area)', row 314); its windows and rules are recorded separately."
evo-2026-27-soc-aer-approved-109-r314-dem-321-window,evoenergy,evoenergy-schedule-of-charges-2026-27-aer-approved-april2026,2026-27,LV Stand-Alone Small Battery Network (commercial area) - Seasonal kVA Demand (Low) window,standard_time,not_stated,0,xlsx:Network tariffs!D321,7am-5pm weekdays during winter and autumn months,"Charge applicability column header (row 317): 'Charge applicability (times in AEST)'. The document names the season ('winter and autumn months') but does not list its months; its months are not stated, so none are recorded. The workbook lists a second tariff block with code 109 ('LV Stand-Alone Small Battery Network (commercial area)', row 314); its windows and rules are recorded separately."
evo-2026-27-soc-aer-approved-111-dem-355-window,evoenergy,evoenergy-schedule-of-charges-2026-27-aer-approved-april2026,2026-27,HV TOU Demand Network (closed) - Peak kVA Demand window,standard_time,not_stated,0,xlsx:Network tariffs!D355,7am-5pm weekdays,Charge applicability column header (row 353): 'Charge applicability (times in AEST)'.
evo-2026-27-soc-aer-approved-111-energy,evoenergy,evoenergy-schedule-of-charges-2026-27-aer-approved-april2026,2026-27,HV TOU Demand Network (closed) energy,standard_time,not_stated,1,xlsx:Network tariffs!D357,7am-5pm weekdays,Charge applicability column header (row 353): 'Charge applicability (times in AEST)'. Off-peak windows are the complement of the peak and shoulder windows because the cell says 'All other times'.
evo-2026-27-soc-aer-approved-121-dem-367-window,evoenergy,evoenergy-schedule-of-charges-2026-27-aer-approved-april2026,2026-27,HV TOU Demand Network – Customer LV (closed) - Peak kVA Demand window,standard_time,not_stated,0,xlsx:Network tariffs!D367,7am-5pm weekdays,Charge applicability column header (row 365): 'Charge applicability (times in AEST)'.
evo-2026-27-soc-aer-approved-121-energy,evoenergy,evoenergy-schedule-of-charges-2026-27-aer-approved-april2026,2026-27,HV TOU Demand Network – Customer LV (closed) energy,standard_time,not_stated,1,xlsx:Network tariffs!D369,7am-5pm weekdays,Charge applicability column header (row 365): 'Charge applicability (times in AEST)'. Off-peak windows are the complement of the peak and shoulder windows because the cell says 'All other times'.
evo-2026-27-soc-aer-approved-122-dem-379-window,evoenergy,evoenergy-schedule-of-charges-2026-27-aer-approved-april2026,2026-27,HV TOU Demand Network – Customer HV and LV - Peak kVA Demand window,standard_time,not_stated,0,xlsx:Network tariffs!D379,7am-5pm weekdays,Charge applicability column header (row 377): 'Charge applicability (times in AEST)'.
evo-2026-27-soc-aer-approved-122-energy,evoenergy,evoenergy-schedule-of-charges-2026-27-aer-approved-april2026,2026-27,HV TOU Demand Network – Customer HV and LV energy,standard_time,not_stated,1,xlsx:Network tariffs!D381,7am-5pm weekdays,Charge applicability column header (row 377): 'Charge applicability (times in AEST)'. Off-peak windows are the complement of the peak and shoulder windows because the cell says 'All other times'.
evo-2026-27-soc-aer-approved-123-dem-392-window,evoenergy,evoenergy-schedule-of-charges-2026-27-aer-approved-april2026,2026-27,HV large-scale battery tariff (residential area) - Seasonal kVA Demand (High) window,standard_time,not_stated,0,xlsx:Network tariffs!D392,5pm-8pm every day during summer and spring months,"Charge applicability column header (row 389): 'Charge applicability (times in AEST)'. The document names the season ('summer and spring months') but does not list its months; its months are not stated, so none are recorded."
evo-2026-27-soc-aer-approved-123-dem-393-window,evoenergy,evoenergy-schedule-of-charges-2026-27-aer-approved-april2026,2026-27,HV large-scale battery tariff (residential area) - Seasonal kVA Demand (Low) window,standard_time,not_stated,0,xlsx:Network tariffs!D393,5pm-8pm every day during winter and autumn months,"Charge applicability column header (row 389): 'Charge applicability (times in AEST)'. The document names the season ('winter and autumn months') but does not list its months; its months are not stated, so none are recorded."
evo-2026-27-soc-aer-approved-124-dem-404-window,evoenergy,evoenergy-schedule-of-charges-2026-27-aer-approved-april2026,2026-27,HV large-scale battery tariff (commercial area) - Seasonal kVA Demand (High) window,standard_time,not_stated,0,xlsx:Network tariffs!D404,7am-5pm weekdays during spring and summer months,"Charge applicability column header (row 401): 'Charge applicability (times in AEST)'. The document names the season ('spring and summer months') but does not list its months; its months are not stated, so none are recorded."
evo-2026-27-soc-aer-approved-124-dem-405-window,evoenergy,evoenergy-schedule-of-charges-2026-27-aer-approved-april2026,2026-27,HV large-scale battery tariff (commercial area) - Seasonal kVA Demand (Low) window,standard_time,not_stated,0,xlsx:Network tariffs!D405,7am-5pm weekdays during autumn and winter months,"Charge applicability column header (row 401): 'Charge applicability (times in AEST)'. The document names the season ('autumn and winter months') but does not list its months; its months are not stated, so none are recorded."
evo-2026-27-soc-incl-lfit-015-energy,evoenergy,evoenergy-schedule-of-charges-2026-27-incl-lfit-june2026,2026-27,Residential TOU Network (closed) energy,standard_time,not_stated,1,xlsx:Network tariffs!D40,7am-9am and 5pm-8pm every day,Charge applicability column header (row 38): 'Charge applicability (times in AEST)'.
evo-2026-27-soc-incl-lfit-016-energy,evoenergy,evoenergy-schedule-of-charges-2026-27-incl-lfit-june2026,2026-27,Residential TOU Network (closed) XMC* energy,standard_time,not_stated,1,xlsx:Network tariffs!D50,7am-9am and 5pm-8pm every day,Charge applicability column header (row 48): 'Charge applicability (times in AEST)'.
evo-2026-27-soc-incl-lfit-017-energy,evoenergy,evoenergy-schedule-of-charges-2026-27-incl-lfit-june2026,2026-27,New Residential TOU Network energy,standard_time,not_stated,1,xlsx:Network tariffs!D60,7am-9am and 5pm-9pm every day,Charge applicability column header (row 58): 'Charge applicability (times in AEST)'.
evo-2026-27-soc-incl-lfit-018-energy,evoenergy,evoenergy-schedule-of-charges-2026-27-incl-lfit-june2026,2026-27,New Residential TOU Network XMC* energy,standard_time,not_stated,1,xlsx:Network tariffs!D70,7am-9am and 5pm-9pm every day,Charge applicability column header (row 68): 'Charge applicability (times in AEST)'.
evo-2026-27-soc-incl-lfit-023-dem-100-window,evoenergy,evoenergy-schedule-of-charges-2026-27-incl-lfit-june2026,2026-27,New Residential Demand Network - Seasonal kW Demand (High) window,standard_time,not_stated,0,xlsx:Network tariffs!D100,5pm-9pm every day during winter months,"Charge applicability column header (row 96): 'Charge applicability (times in AEST)'. The document names the season ('winter months') but does not list its months; its months are not stated, so none are recorded."
evo-2026-27-soc-incl-lfit-023-dem-101-window,evoenergy,evoenergy-schedule-of-charges-2026-27-incl-lfit-june2026,2026-27,New Residential Demand Network - Seasonal kW Demand (Low) window,standard_time,not_stated,0,xlsx:Network tariffs!D101,5pm-9pm every day during non-winter months,"Charge applicability column header (row 96): 'Charge applicability (times in AEST)'. The document names the season ('non-winter months') but does not list its months; its months are not stated, so none are recorded."
evo-2026-27-soc-incl-lfit-023-dem-102-window,evoenergy,evoenergy-schedule-of-charges-2026-27-incl-lfit-june2026,2026-27,New Residential Demand Network - Off-peak kW Demand window,standard_time,not_stated,0,xlsx:Network tariffs!D102,9pm-9am every day,Charge applicability column header (row 96): 'Charge applicability (times in AEST)'.
evo-2026-27-soc-incl-lfit-023-energy,evoenergy,evoenergy-schedule-of-charges-2026-27-incl-lfit-june2026,2026-27,New Residential Demand Network energy,standard_time,not_stated,1,xlsx:Network tariffs!D98,3pm-11am every day,Charge applicability column header (row 96): 'Charge applicability (times in AEST)'.
evo-2026-27-soc-incl-lfit-024-dem-112-window,evoenergy,evoenergy-schedule-of-charges-2026-27-incl-lfit-june2026,2026-27,New Residential Demand Network XMC* - Seasonal kW Demand (High) window,standard_time,not_stated,0,xlsx:Network tariffs!D112,5pm-9pm every day during winter months,"Charge applicability column header (row 108): 'Charge applicability (times in AEST)'. The document names the season ('winter months') but does not list its months; its months are not stated, so none are recorded."
evo-2026-27-soc-incl-lfit-024-dem-113-window,evoenergy,evoenergy-schedule-of-charges-2026-27-incl-lfit-june2026,2026-27,New Residential Demand Network XMC* - Seasonal kW Demand (Low) window,standard_time,not_stated,0,xlsx:Network tariffs!D113,5pm-9pm every day during non-winter months,"Charge applicability column header (row 108): 'Charge applicability (times in AEST)'. The document names the season ('non-winter months') but does not list its months; its months are not stated, so none are recorded."
evo-2026-27-soc-incl-lfit-024-dem-114-window,evoenergy,evoenergy-schedule-of-charges-2026-27-incl-lfit-june2026,2026-27,New Residential Demand Network XMC* - Off-peak kW Demand window,standard_time,not_stated,0,xlsx:Network tariffs!D114,9pm-9am every day,Charge applicability column header (row 108): 'Charge applicability (times in AEST)'.
evo-2026-27-soc-incl-lfit-024-energy,evoenergy,evoenergy-schedule-of-charges-2026-27-incl-lfit-june2026,2026-27,New Residential Demand Network XMC* energy,standard_time,not_stated,1,xlsx:Network tariffs!D110,3pm-11am every day,Charge applicability column header (row 108): 'Charge applicability (times in AEST)'.
evo-2026-27-soc-incl-lfit-025-dem-123-window,evoenergy,evoenergy-schedule-of-charges-2026-27-incl-lfit-june2026,2026-27,Residential Demand Network (closed) - Peak kW Demand window,standard_time,not_stated,0,xlsx:Network tariffs!D123,5pm-8pm every day,Charge applicability column header (row 120): 'Charge applicability (times in AEST)'.
evo-2026-27-soc-incl-lfit-026-dem-132-window,evoenergy,evoenergy-schedule-of-charges-2026-27-incl-lfit-june2026,2026-27,Residential Demand Network (closed) XMC* - Peak kW Demand window,standard_time,not_stated,0,xlsx:Network tariffs!D132,5pm-8pm every day,Charge applicability column header (row 129): 'Charge applicability (times in AEST)'.
evo-2026-27-soc-incl-lfit-060-controlled-load,evoenergy,evoenergy-schedule-of-charges-2026-27-incl-lfit-june2026,2026-27,Off-Peak (1) Night Network controlled load supply,standard_time,not_stated,0,xlsx:Network tariffs!D157,6 to 8 hours between 10pm-7am every day,Charge applicability column header (row 156): 'Charge applicability (times in AEST)'. The cell gives the hours of supply within these windows ('6 to 8 hours between 10pm-7am every day').
evo-2026-27-soc-incl-lfit-065-controlled-load,evoenergy,evoenergy-schedule-of-charges-2026-27-incl-lfit-june2026,2026-27,Flexible Controlled Load controlled load supply,standard_time,not_stated,0,xlsx:Network tariffs!D171,Any duration between 10pm-7am and 9am-5pm every day,Charge applicability column header (row 170): 'Charge applicability (times in AEST)'. The cell gives the hours of supply within these windows ('Any duration between 10pm-7am and 9am-5pm every day').
evo-2026-27-soc-incl-lfit-070-controlled-load,evoenergy,evoenergy-schedule-of-charges-2026-27-incl-lfit-june2026,2026-27,Off-Peak (3) Day & Night Network controlled load supply,standard_time,not_stated,0,xlsx:Network tariffs!D164,8 hours between 10pm-7am and 5 hours between 9am-5pm every day,Charge applicability column header (row 163): 'Charge applicability (times in AEST)'. The cell gives the hours of supply within these windows ('8 hours between 10pm-7am and 5 hours between 9am-5pm every day').
evo-2026-27-soc-incl-lfit-090-energy,evoenergy,evoenergy-schedule-of-charges-2026-27-incl-lfit-june2026,2026-27,General TOU Network energy,standard_time,not_stated,1,xlsx:Network tariffs!D200,7am-5pm weekdays,Charge applicability column header (row 198): 'Charge applicability (times in AEST)'. Off-peak windows are the complement of the peak and shoulder windows because the cell says 'All other times'.
evo-2026-27-soc-incl-lfit-091-energy,evoenergy,evoenergy-schedule-of-charges-2026-27-incl-lfit-june2026,2026-27,General TOU Network XMC* energy,standard_time,not_stated,1,xlsx:Network tariffs!D210,7am-5pm weekdays,Charge applicability column header (row 208): 'Charge applicability (times in AEST)'. Off-peak windows are the complement of the peak and shoulder windows because the cell says 'All other times'.
evo-2026-27-soc-incl-lfit-101-dem-220-window,evoenergy,evoenergy-schedule-of-charges-2026-27-incl-lfit-june2026,2026-27,LV TOU kVA Demand Network - Peak kVA Demand window,standard_time,not_stated,0,xlsx:Network tariffs!D220,7am-5pm weekdays,Charge applicability column header (row 218): 'Charge applicability (times in AEST)'.
evo-2026-27-soc-incl-lfit-101-energy,evoenergy,evoenergy-schedule-of-charges-2026-27-incl-lfit-june2026,2026-27,LV TOU kVA Demand Network energy,standard_time,not_stated,1,xlsx:Network tariffs!D221,7am-5pm weekdays,Charge applicability column header (row 218): 'Charge applicability (times in AEST)'. Off-peak windows are the complement of the peak and shoulder windows because the cell says 'All other times'.
evo-2026-27-soc-incl-lfit-103-dem-242-window,evoenergy,evoenergy-schedule-of-charges-2026-27-incl-lfit-june2026,2026-27,LV TOU Capacity Network - Peak kVA Demand window,standard_time,not_stated,0,xlsx:Network tariffs!D242,7am-5pm weekdays,Charge applicability column header (row 240): 'Charge applicability (times in AEST)'.
evo-2026-27-soc-incl-lfit-103-energy,evoenergy,evoenergy-schedule-of-charges-2026-27-incl-lfit-june2026,2026-27,LV TOU Capacity Network energy,standard_time,not_stated,1,xlsx:Network tariffs!D244,7am-5pm weekdays,Charge applicability column header (row 240): 'Charge applicability (times in AEST)'. Off-peak windows are the complement of the peak and shoulder windows because the cell says 'All other times'.
evo-2026-27-soc-incl-lfit-104-dem-231-window,evoenergy,evoenergy-schedule-of-charges-2026-27-incl-lfit-june2026,2026-27,LV TOU kVA Demand Network XMC* - Peak kVA Demand window,standard_time,not_stated,0,xlsx:Network tariffs!D231,7am-5pm weekdays,Charge applicability column header (row 229): 'Charge applicability (times in AEST)'.
evo-2026-27-soc-incl-lfit-104-energy,evoenergy,evoenergy-schedule-of-charges-2026-27-incl-lfit-june2026,2026-27,LV TOU kVA Demand Network XMC* energy,standard_time,not_stated,1,xlsx:Network tariffs!D232,7am-5pm weekdays,Charge applicability column header (row 229): 'Charge applicability (times in AEST)'. Off-peak windows are the complement of the peak and shoulder windows because the cell says 'All other times'.
evo-2026-27-soc-incl-lfit-105-dem-254-window,evoenergy,evoenergy-schedule-of-charges-2026-27-incl-lfit-june2026,2026-27,LV TOU Capacity Network XMC* - Peak kVA Demand window,standard_time,not_stated,0,xlsx:Network tariffs!D254,7am-5pm weekdays,Charge applicability column header (row 252): 'Charge applicability (times in AEST)'.
evo-2026-27-soc-incl-lfit-105-energy,evoenergy,evoenergy-schedule-of-charges-2026-27-incl-lfit-june2026,2026-27,LV TOU Capacity Network XMC* energy,standard_time,not_stated,1,xlsx:Network tariffs!D256,7am-5pm weekdays,Charge applicability column header (row 252): 'Charge applicability (times in AEST)'. Off-peak windows are the complement of the peak and shoulder windows because the cell says 'All other times'.
evo-2026-27-soc-incl-lfit-106-dem-267-window,evoenergy,evoenergy-schedule-of-charges-2026-27-incl-lfit-june2026,2026-27,LV Demand Network - Peak kW Demand window,standard_time,not_stated,0,xlsx:Network tariffs!D267,7am-5pm weekdays,Charge applicability column header (row 264): 'Charge applicability (times in AEST)'.
evo-2026-27-soc-incl-lfit-107-dem-276-window,evoenergy,evoenergy-schedule-of-charges-2026-27-incl-lfit-june2026,2026-27,LV Demand Network XMC* - Peak kW Demand window,standard_time,not_stated,0,xlsx:Network tariffs!D276,7am-5pm weekdays,Charge applicability column header (row 273): 'Charge applicability (times in AEST)'.
evo-2026-27-soc-incl-lfit-108-dem-285-window,evoenergy,evoenergy-schedule-of-charges-2026-27-incl-lfit-june2026,2026-27,LV large-scale battery tariff (residential area) - Seasonal kVA Demand (High) window,standard_time,not_stated,0,xlsx:Network tariffs!D285,5pm-8pm every day during summer and spring months,"Charge applicability column header (row 282): 'Charge applicability (times in AEST)'. The document names the season ('summer and spring months') but does not list its months; its months are not stated, so none are recorded."
evo-2026-27-soc-incl-lfit-108-dem-286-window,evoenergy,evoenergy-schedule-of-charges-2026-27-incl-lfit-june2026,2026-27,LV large-scale battery tariff (residential area) - Seasonal kVA Demand (Low) window,standard_time,not_stated,0,xlsx:Network tariffs!D286,5pm-8pm every day during winter and autumn months,"Charge applicability column header (row 282): 'Charge applicability (times in AEST)'. The document names the season ('winter and autumn months') but does not list its months; its months are not stated, so none are recorded."
evo-2026-27-soc-incl-lfit-108-r302-dem-308-window,evoenergy,evoenergy-schedule-of-charges-2026-27-incl-lfit-june2026,2026-27,LV Stand-Alone Small Battery Network (residential area) - Seasonal kVA Demand (High) window,standard_time,not_stated,0,xlsx:Network tariffs!D308,5pm-8pm every day during summer and spring months,"Charge applicability column header (row 305): 'Charge applicability (times in AEST)'. The document names the season ('summer and spring months') but does not list its months; its months are not stated, so none are recorded. The workbook lists a second tariff block with code 108 ('LV Stand-Alone Small Battery Network (residential area)', row 302); its windows and rules are recorded separately."
evo-2026-27-soc-incl-lfit-108-r302-dem-309-window,evoenergy,evoenergy-schedule-of-charges-2026-27-incl-lfit-june2026,2026-27,LV Stand-Alone Small Battery Network (residential area) - Seasonal kVA Demand (Low) window,standard_time,not_stated,0,xlsx:Network tariffs!D309,5pm-8pm every day during winter and autumn months,"Charge applicability column header (row 305): 'Charge applicability (times in AEST)'. The document names the season ('winter and autumn months') but does not list its months; its months are not stated, so none are recorded. The workbook lists a second tariff block with code 108 ('LV Stand-Alone Small Battery Network (residential area)', row 302); its windows and rules are recorded separately."
evo-2026-27-soc-incl-lfit-109-dem-297-window,evoenergy,evoenergy-schedule-of-charges-2026-27-incl-lfit-june2026,2026-27,LV large-scale battery tariff (commercial area) - Seasonal kVA Demand (High) window,standard_time,not_stated,0,xlsx:Network tariffs!D297,7am-5pm weekdays during summer and spring months,"Charge applicability column header (row 294): 'Charge applicability (times in AEST)'. The document names the season ('summer and spring months') but does not list its months; its months are not stated, so none are recorded."
evo-2026-27-soc-incl-lfit-109-dem-298-window,evoenergy,evoenergy-schedule-of-charges-2026-27-incl-lfit-june2026,2026-27,LV large-scale battery tariff (commercial area) - Seasonal kVA Demand (Low) window,standard_time,not_stated,0,xlsx:Network tariffs!D298,7am-5pm weekdays during winter and autumn months,"Charge applicability column header (row 294): 'Charge applicability (times in AEST)'. The document names the season ('winter and autumn months') but does not list its months; its months are not stated, so none are recorded."
evo-2026-27-soc-incl-lfit-109-r314-dem-320-window,evoenergy,evoenergy-schedule-of-charges-2026-27-incl-lfit-june2026,2026-27,LV Stand-Alone Small Battery Network (commercial area) - Seasonal kVA Demand (High) window,standard_time,not_stated,0,xlsx:Network tariffs!D320,7am-5pm weekdays during summer and spring months,"Charge applicability column header (row 317): 'Charge applicability (times in AEST)'. The document names the season ('summer and spring months') but does not list its months; its months are not stated, so none are recorded. The workbook lists a second tariff block with code 109 ('LV Stand-Alone Small Battery Network (commercial area)', row 314); its windows and rules are recorded separately."
evo-2026-27-soc-incl-lfit-109-r314-dem-321-window,evoenergy,evoenergy-schedule-of-charges-2026-27-incl-lfit-june2026,2026-27,LV Stand-Alone Small Battery Network (commercial area) - Seasonal kVA Demand (Low) window,standard_time,not_stated,0,xlsx:Network tariffs!D321,7am-5pm weekdays during winter and autumn months,"Charge applicability column header (row 317): 'Charge applicability (times in AEST)'. The document names the season ('winter and autumn months') but does not list its months; its months are not stated, so none are recorded. The workbook lists a second tariff block with code 109 ('LV Stand-Alone Small Battery Network (commercial area)', row 314); its windows and rules are recorded separately."
evo-2026-27-soc-incl-lfit-111-dem-355-window,evoenergy,evoenergy-schedule-of-charges-2026-27-incl-lfit-june2026,2026-27,HV TOU Demand Network (closed) - Peak kVA Demand window,standard_time,not_stated,0,xlsx:Network tariffs!D355,7am-5pm weekdays,Charge applicability column header (row 353): 'Charge applicability (times in AEST)'.
evo-2026-27-soc-incl-lfit-111-energy,evoenergy,evoenergy-schedule-of-charges-2026-27-incl-lfit-june2026,2026-27,HV TOU Demand Network (closed) energy,standard_time,not_stated,1,xlsx:Network tariffs!D357,7am-5pm weekdays,Charge applicability column header (row 353): 'Charge applicability (times in AEST)'. Off-peak windows are the complement of the peak and shoulder windows because the cell says 'All other times'.
evo-2026-27-soc-incl-lfit-121-dem-367-window,evoenergy,evoenergy-schedule-of-charges-2026-27-incl-lfit-june2026,2026-27,HV TOU Demand Network – Customer LV (closed) - Peak kVA Demand window,standard_time,not_stated,0,xlsx:Network tariffs!D367,7am-5pm weekdays,Charge applicability column header (row 365): 'Charge applicability (times in AEST)'.
evo-2026-27-soc-incl-lfit-121-energy,evoenergy,evoenergy-schedule-of-charges-2026-27-incl-lfit-june2026,2026-27,HV TOU Demand Network – Customer LV (closed) energy,standard_time,not_stated,1,xlsx:Network tariffs!D369,7am-5pm weekdays,Charge applicability column header (row 365): 'Charge applicability (times in AEST)'. Off-peak windows are the complement of the peak and shoulder windows because the cell says 'All other times'.
evo-2026-27-soc-incl-lfit-122-dem-379-window,evoenergy,evoenergy-schedule-of-charges-2026-27-incl-lfit-june2026,2026-27,HV TOU Demand Network – Customer HV and LV - Peak kVA Demand window,standard_time,not_stated,0,xlsx:Network tariffs!D379,7am-5pm weekdays,Charge applicability column header (row 377): 'Charge applicability (times in AEST)'.
evo-2026-27-soc-incl-lfit-122-energy,evoenergy,evoenergy-schedule-of-charges-2026-27-incl-lfit-june2026,2026-27,HV TOU Demand Network – Customer HV and LV energy,standard_time,not_stated,1,xlsx:Network tariffs!D381,7am-5pm weekdays,Charge applicability column header (row 377): 'Charge applicability (times in AEST)'. Off-peak windows are the complement of the peak and shoulder windows because the cell says 'All other times'.
evo-2026-27-soc-incl-lfit-123-dem-392-window,evoenergy,evoenergy-schedule-of-charges-2026-27-incl-lfit-june2026,2026-27,HV large-scale battery tariff (residential area) - Seasonal kVA Demand (High) window,standard_time,not_stated,0,xlsx:Network tariffs!D392,5pm-8pm every day during summer and spring months,"Charge applicability column header (row 389): 'Charge applicability (times in AEST)'. The document names the season ('summer and spring months') but does not list its months; its months are not stated, so none are recorded."
evo-2026-27-soc-incl-lfit-123-dem-393-window,evoenergy,evoenergy-schedule-of-charges-2026-27-incl-lfit-june2026,2026-27,HV large-scale battery tariff (residential area) - Seasonal kVA Demand (Low) window,standard_time,not_stated,0,xlsx:Network tariffs!D393,5pm-8pm every day during winter and autumn months,"Charge applicability column header (row 389): 'Charge applicability (times in AEST)'. The document names the season ('winter and autumn months') but does not list its months; its months are not stated, so none are recorded."
evo-2026-27-soc-incl-lfit-124-dem-404-window,evoenergy,evoenergy-schedule-of-charges-2026-27-incl-lfit-june2026,2026-27,HV large-scale battery tariff (commercial area) - Seasonal kVA Demand (High) window,standard_time,not_stated,0,xlsx:Network tariffs!D404,7am-5pm weekdays during spring and summer months,"Charge applicability column header (row 401): 'Charge applicability (times in AEST)'. The document names the season ('spring and summer months') but does not list its months; its months are not stated, so none are recorded."
evo-2026-27-soc-incl-lfit-124-dem-405-window,evoenergy,evoenergy-schedule-of-charges-2026-27-incl-lfit-june2026,2026-27,HV large-scale battery tariff (commercial area) - Seasonal kVA Demand (Low) window,standard_time,not_stated,0,xlsx:Network tariffs!D405,7am-5pm weekdays during autumn and winter months,"Charge applicability column header (row 401): 'Charge applicability (times in AEST)'. The document names the season ('autumn and winter months') but does not list its months; its months are not stated, so none are recorded."
jemena-2023-24-aerhosted-anytime-demand-window,jemena,jemena-2023-24-network-tariff-schedule-31mar2023,2023-24,Demand charging window set at any time,local_time,not_stated,0,pdf:p2,Demand charging window set at any time (local time) using the maximum level of the last 12 months,
jemena-2023-24-aerhosted-dedicated-circuit,jemena,jemena-2023-24-network-tariff-schedule-31mar2023,2023-24,Off Peak Heating Only (dedicated circuit) supply hours,standard_time,not_stated,0,pdf:p1,11 PM to 7 AM AEST all days,AEST stated for the supply hours; read as standard time all year.
jemena-2023-24-aerhosted-lb-annual-demand-window,jemena,jemena-2023-24-network-tariff-schedule-31mar2023,2023-24,"Annual demand charging window (8AM - 8PM weekdays, rolling 12 months)",local_time,not_stated,0,pdf:p3,"Annual demand charging window is 8AM - 8PM weekdays (local time), Rolling 12 months",
jemena-2023-24-aerhosted-lb-tou,jemena,jemena-2023-24-network-tariff-schedule-31mar2023,2023-24,Large business energy periods (8 AM to 8 PM weekdays),local_time,not_stated,1,pdf:p3,Peak: 8 AM to 8 PM (local time) weekdays; Off peak all other times,
jemena-2023-24-aerhosted-res-demand-window,jemena,jemena-2023-24-network-tariff-schedule-31mar2023,2023-24,Residential Demand charging window,local_time,not_stated,0,pdf:p1,Demand charging window 3PM - 9PM workdays (local time); reset monthly,'workdays' recorded as business_day.
jemena-2023-24-aerhosted-res-tou,jemena,jemena-2023-24-network-tariff-schedule-31mar2023,2023-24,Residential Time of Use energy periods,local_time,not_stated,1,pdf:p1,Peak: 3 PM to 9 PM everyday (local time); Off peak all other times,
jemena-2023-24-aerhosted-sb-demand-window,jemena,jemena-2023-24-network-tariff-schedule-31mar2023,2023-24,Small Business Demand charging window,local_time,not_stated,0,pdf:p1,Demand charging window 10am-8pm workdays (local time),'workdays' recorded as business_day.
jemena-2023-24-aerhosted-sdic-window,jemena,jemena-2023-24-network-tariff-schedule-31mar2023,2023-24,Summer Demand Incentive Charge charging window,local_time,not_stated,0,pdf:p3,"Summer Demand Incentive Charge charging window is 4PM - 7PM workdays (local time) each month in December to March, reset monthly",'workdays' recorded as business_day.
jemena-2023-24-aerhosted-tou-7-23-every-day,jemena,jemena-2023-24-network-tariff-schedule-31mar2023,2023-24,Time of Use Extended energy periods (7 AM to 11 PM every day),local_time,not_stated,1,pdf:p2,"Peak: 7 AM to 11 PM ""Mon-Sun"" (local time); Off peak all other times",
jemena-2023-24-aerhosted-tou-7-23-weekdays,jemena,jemena-2023-24-network-tariff-schedule-31mar2023,2023-24,Energy periods 7 AM to 11 PM weekdays,local_time,not_stated,1,pdf:p2,Peak: 7 AM to 11 PM weekdays (local time); Off peak all other times,
jemena-2023-24-aerhosted-tou-9-21-weekdays,jemena,jemena-2023-24-network-tariff-schedule-31mar2023,2023-24,Time of Use Weekdays energy periods (9 AM to 9 PM weekdays),local_time,not_stated,1,pdf:p2,Peak: 9 AM to 9 PM weekdays (local time); Off peak all other times,
jemena-2023-24-dnsp-anytime-demand-window,jemena,jemena-network-tariff-schedule-2023-24,2023-24,Demand charging window set at any time,local_time,not_stated,0,pdf:p2,Demand charging window set at any time (local time) using the maximum level of the last 12 months,
jemena-2023-24-dnsp-dedicated-circuit,jemena,jemena-network-tariff-schedule-2023-24,2023-24,Off Peak Heating Only (dedicated circuit) supply hours,standard_time,not_stated,0,pdf:p1,11 PM to 7 AM AEST all days,AEST stated for the supply hours; read as standard time all year.
jemena-2023-24-dnsp-lb-annual-demand-window,jemena,jemena-network-tariff-schedule-2023-24,2023-24,"Annual demand charging window (8AM - 8PM weekdays, rolling 12 months)",local_time,not_stated,0,pdf:p3,"Annual demand charging window is 8AM - 8PM weekdays (local time), Rolling 12 months",
jemena-2023-24-dnsp-lb-tou,jemena,jemena-network-tariff-schedule-2023-24,2023-24,Large business energy periods (8 AM to 8 PM weekdays),local_time,not_stated,1,pdf:p3,Peak: 8 AM to 8 PM (local time) weekdays; Off peak all other times,
jemena-2023-24-dnsp-res-demand-window,jemena,jemena-network-tariff-schedule-2023-24,2023-24,Residential Demand charging window,local_time,not_stated,0,pdf:p1,Demand charging window 3PM - 9PM workdays (local time); reset monthly,'workdays' recorded as business_day.
jemena-2023-24-dnsp-res-tou,jemena,jemena-network-tariff-schedule-2023-24,2023-24,Residential Time of Use energy periods,local_time,not_stated,1,pdf:p1,Peak: 3 PM to 9 PM everyday (local time); Off peak all other times,
jemena-2023-24-dnsp-sb-demand-window,jemena,jemena-network-tariff-schedule-2023-24,2023-24,Small Business Demand charging window,local_time,not_stated,0,pdf:p1,Demand charging window 10am-8pm workdays (local time),'workdays' recorded as business_day.
jemena-2023-24-dnsp-sdic-window,jemena,jemena-network-tariff-schedule-2023-24,2023-24,Summer Demand Incentive Charge charging window,local_time,not_stated,0,pdf:p3,"Summer Demand Incentive Charge charging window is 4PM - 7PM workdays (local time) each month in December to March, reset monthly",'workdays' recorded as business_day.
jemena-2023-24-dnsp-tou-7-23-every-day,jemena,jemena-network-tariff-schedule-2023-24,2023-24,Time of Use Extended energy periods (7 AM to 11 PM every day),local_time,not_stated,1,pdf:p2,"Peak: 7 AM to 11 PM ""Mon-Sun"" (local time); Off peak all other times",
jemena-2023-24-dnsp-tou-7-23-weekdays,jemena,jemena-network-tariff-schedule-2023-24,2023-24,Energy periods 7 AM to 11 PM weekdays,local_time,not_stated,1,pdf:p2,Peak: 7 AM to 11 PM weekdays (local time); Off peak all other times,
jemena-2023-24-dnsp-tou-9-21-weekdays,jemena,jemena-network-tariff-schedule-2023-24,2023-24,Time of Use Weekdays energy periods (9 AM to 9 PM weekdays),local_time,not_stated,1,pdf:p2,Peak: 9 AM to 9 PM weekdays (local time); Off peak all other times,
jemena-2024-25-aerhosted-anytime-demand-window,jemena,jemena-2024-25-network-tariff-schedule-28mar2024,2024-25,Demand charging window set at any time,local_time,not_stated,0,pdf:p2,Demand charging window set at any time (local time) using the maximum level of the last 12 months,
jemena-2024-25-aerhosted-dedicated-circuit,jemena,jemena-2024-25-network-tariff-schedule-28mar2024,2024-25,Off Peak Heating Only (dedicated circuit) supply hours,standard_time,not_stated,0,pdf:p1,11 PM to 7 AM AEST all days,AEST stated for the supply hours; read as standard time all year.
jemena-2024-25-aerhosted-lb-annual-demand-window,jemena,jemena-2024-25-network-tariff-schedule-28mar2024,2024-25,"Annual demand charging window (8AM - 8PM weekdays, rolling 12 months)",local_time,not_stated,0,pdf:p3,"Annual demand charging window is 8AM - 8PM weekdays (local time), Rolling 12 months",
jemena-2024-25-aerhosted-lb-tou,jemena,jemena-2024-25-network-tariff-schedule-28mar2024,2024-25,Large business energy periods (8 AM to 8 PM weekdays),local_time,not_stated,1,pdf:p3,Peak: 8 AM to 8 PM (local time) weekdays; Off peak all other times,
jemena-2024-25-aerhosted-res-demand-window,jemena,jemena-2024-25-network-tariff-schedule-28mar2024,2024-25,Residential Demand charging window,local_time,not_stated,0,pdf:p1,Demand charging window 3PM - 9PM workdays (local time); reset monthly,'workdays' recorded as business_day.
jemena-2024-25-aerhosted-res-tou,jemena,jemena-2024-25-network-tariff-schedule-28mar2024,2024-25,Residential Time of Use energy periods,local_time,not_stated,1,pdf:p1,Peak: 3 PM to 9 PM everyday (local time); Off peak all other times,
jemena-2024-25-aerhosted-sb-demand-window,jemena,jemena-2024-25-network-tariff-schedule-28mar2024,2024-25,Small Business Demand charging window,local_time,not_stated,0,pdf:p1,Demand charging window 10am-8pm workdays (local time),'workdays' recorded as business_day.
jemena-2024-25-aerhosted-sdic-window,jemena,jemena-2024-25-network-tariff-schedule-28mar2024,2024-25,Summer Demand Incentive Charge charging window,local_time,not_stated,0,pdf:p3,"Summer Demand Incentive Charge charging window is 4PM - 7PM workdays (local time) each month in December to March, reset monthly",'workdays' recorded as business_day.
jemena-2024-25-aerhosted-tou-7-23-every-day,jemena,jemena-2024-25-network-tariff-schedule-28mar2024,2024-25,Time of Use Extended energy periods (7 AM to 11 PM every day),local_time,not_stated,1,pdf:p2,"Peak: 7 AM to 11 PM ""Mon-Sun"" (local time); Off peak all other times",
jemena-2024-25-aerhosted-tou-7-23-weekdays,jemena,jemena-2024-25-network-tariff-schedule-28mar2024,2024-25,Energy periods 7 AM to 11 PM weekdays,local_time,not_stated,1,pdf:p2,Peak: 7 AM to 11 PM weekdays (local time); Off peak all other times,
jemena-2024-25-aerhosted-tou-9-21-weekdays,jemena,jemena-2024-25-network-tariff-schedule-28mar2024,2024-25,Time of Use Weekdays energy periods (9 AM to 9 PM weekdays),local_time,not_stated,1,pdf:p2,Peak: 9 AM to 9 PM weekdays (local time); Off peak all other times,
jemena-2024-25-dnsp-anytime-demand-window,jemena,jemena-network-tariff-schedule-2024-25,2024-25,Demand charging window set at any time,local_time,not_stated,0,pdf:p2,Demand charging window set at any time (local time) using the maximum level of the last 12 months,
jemena-2024-25-dnsp-dedicated-circuit,jemena,jemena-network-tariff-schedule-2024-25,2024-25,Off Peak Heating Only (dedicated circuit) supply hours,standard_time,not_stated,0,pdf:p1,11 PM to 7 AM AEST all days,AEST stated for the supply hours; read as standard time all year.
jemena-2024-25-dnsp-lb-annual-demand-window,jemena,jemena-network-tariff-schedule-2024-25,2024-25,"Annual demand charging window (8AM - 8PM weekdays, rolling 12 months)",local_time,not_stated,0,pdf:p3,"Annual demand charging window is 8AM - 8PM weekdays (local time), Rolling 12 months",
jemena-2024-25-dnsp-lb-tou,jemena,jemena-network-tariff-schedule-2024-25,2024-25,Large business energy periods (8 AM to 8 PM weekdays),local_time,not_stated,1,pdf:p3,Peak: 8 AM to 8 PM (local time) weekdays; Off peak all other times,
jemena-2024-25-dnsp-res-demand-window,jemena,jemena-network-tariff-schedule-2024-25,2024-25,Residential Demand charging window,local_time,not_stated,0,pdf:p1,Demand charging window 3PM - 9PM workdays (local time); reset monthly,'workdays' recorded as business_day.
jemena-2024-25-dnsp-res-tou,jemena,jemena-network-tariff-schedule-2024-25,2024-25,Residential Time of Use energy periods,local_time,not_stated,1,pdf:p1,Peak: 3 PM to 9 PM everyday (local time); Off peak all other times,
jemena-2024-25-dnsp-sb-demand-window,jemena,jemena-network-tariff-schedule-2024-25,2024-25,Small Business Demand charging window,local_time,not_stated,0,pdf:p1,Demand charging window 10am-8pm workdays (local time),'workdays' recorded as business_day.
jemena-2024-25-dnsp-sdic-window,jemena,jemena-network-tariff-schedule-2024-25,2024-25,Summer Demand Incentive Charge charging window,local_time,not_stated,0,pdf:p3,"Summer Demand Incentive Charge charging window is 4PM - 7PM workdays (local time) each month in December to March, reset monthly",'workdays' recorded as business_day.
jemena-2024-25-dnsp-tou-7-23-every-day,jemena,jemena-network-tariff-schedule-2024-25,2024-25,Time of Use Extended energy periods (7 AM to 11 PM every day),local_time,not_stated,1,pdf:p2,"Peak: 7 AM to 11 PM ""Mon-Sun"" (local time); Off peak all other times",
jemena-2024-25-dnsp-tou-7-23-weekdays,jemena,jemena-network-tariff-schedule-2024-25,2024-25,Energy periods 7 AM to 11 PM weekdays,local_time,not_stated,1,pdf:p2,Peak: 7 AM to 11 PM weekdays (local time); Off peak all other times,
jemena-2024-25-dnsp-tou-9-21-weekdays,jemena,jemena-network-tariff-schedule-2024-25,2024-25,Time of Use Weekdays energy periods (9 AM to 9 PM weekdays),local_time,not_stated,1,pdf:p2,Peak: 9 AM to 9 PM weekdays (local time); Off peak all other times,
jemena-2025-26-dnsp-anytime-demand-window,jemena,jemena-network-tariff-schedule-2025-26,2025-26,Demand charging window set at any time,local_time,not_stated,0,pdf:p2,Demand charging window set at any time (local time) using the maximum level of the last 12 months,
jemena-2025-26-dnsp-dedicated-circuit,jemena,jemena-network-tariff-schedule-2025-26,2025-26,Off Peak Heating Only (dedicated circuit) supply hours,standard_time,not_stated,0,pdf:p1,11 PM to 7 AM AEST all days,AEST stated for the supply hours; read as standard time all year.
jemena-2025-26-dnsp-lb-annual-demand-window,jemena,jemena-network-tariff-schedule-2025-26,2025-26,"Annual demand charging window (8AM - 8PM weekdays, rolling 12 months)",local_time,not_stated,0,pdf:p3,"Annual demand charging window is 8AM - 8PM weekdays (local time), Rolling 12 months",
jemena-2025-26-dnsp-lb-tou,jemena,jemena-network-tariff-schedule-2025-26,2025-26,Large business energy periods (8 AM to 8 PM weekdays),local_time,not_stated,1,pdf:p3,Peak: 8 AM to 8 PM (local time) weekdays; Off peak all other times,
jemena-2025-26-dnsp-res-demand-window,jemena,jemena-network-tariff-schedule-2025-26,2025-26,Residential Demand charging window,local_time,not_stated,0,pdf:p1,Demand charging window 3PM - 9PM workdays (local time); reset monthly,'workdays' recorded as business_day.
jemena-2025-26-dnsp-res-tou,jemena,jemena-network-tariff-schedule-2025-26,2025-26,Residential Time of Use energy periods,local_time,not_stated,1,pdf:p1,Peak: 3 PM to 9 PM everyday (local time); Off peak all other times,
jemena-2025-26-dnsp-sb-demand-window,jemena,jemena-network-tariff-schedule-2025-26,2025-26,Small Business Demand charging window,local_time,not_stated,0,pdf:p1,Demand charging window 10am-8pm workdays (local time),'workdays' recorded as business_day.
jemena-2025-26-dnsp-sdic-window,jemena,jemena-network-tariff-schedule-2025-26,2025-26,Summer Demand Incentive Charge charging window,local_time,not_stated,0,pdf:p3,"Summer Demand Incentive Charge charging window is 4PM - 7PM workdays (local time) each month in December to March, reset monthly",'workdays' recorded as business_day.
jemena-2025-26-dnsp-tou-7-23-every-day,jemena,jemena-network-tariff-schedule-2025-26,2025-26,Time of Use Extended energy periods (7 AM to 11 PM every day),local_time,not_stated,1,pdf:p2,"Peak: 7 AM to 11 PM ""Mon-Sun"" (local time); Off peak all other times",
jemena-2025-26-dnsp-tou-7-23-weekdays,jemena,jemena-network-tariff-schedule-2025-26,2025-26,Energy periods 7 AM to 11 PM weekdays,local_time,not_stated,1,pdf:p2,Peak: 7 AM to 11 PM weekdays (local time); Off peak all other times,
jemena-2025-26-dnsp-tou-9-21-weekdays,jemena,jemena-network-tariff-schedule-2025-26,2025-26,Time of Use Weekdays energy periods (9 AM to 9 PM weekdays),local_time,not_stated,1,pdf:p2,Peak: 9 AM to 9 PM weekdays (local time); Off peak all other times,
jemena-2026-27-dnsp-anytime-demand-window,jemena,jemena-network-tariff-schedule-2026-27,2026-27,Demand charging window set at any time,local_time,not_stated,0,pdf:p2,Demand charging window set at any time (local time) using the maximum level of the last 12 months,
jemena-2026-27-dnsp-daytime-saver,jemena,jemena-network-tariff-schedule-2026-27,2026-27,Residential Daytime Saver / Export energy periods,local_time,not_stated,1,pdf:p1,Peak period: 4 pm to 9 pm every day (local time). Solar soak period: 11 am to 4 pm every day (local time). Off-peak period: All other times.,
jemena-2026-27-dnsp-dedicated-circuit,jemena,jemena-network-tariff-schedule-2026-27,2026-27,Off Peak Heating Only (dedicated circuit) supply hours,standard_time,not_stated,0,pdf:p1,11 pm to 7 am AEST all days,AEST stated for the supply hours; read as standard time all year.
jemena-2026-27-dnsp-export,jemena,jemena-network-tariff-schedule-2026-27,2026-27,Residential Export export charge and export reward windows,local_time,not_stated,0,pdf:p1,Peak period: 4 pm to 9 pm every day (local time). Solar soak period: 11 am to 4 pm every day (local time). Off-peak period: All other times. - Standing charge $/customer p.a. 121.014 - Peak unit rate ¢/kWh 18.208 - Off-peak unit rate ¢/kWh 4.551 - Solar soak unit rate ¢/kWh 1.000 - Export charge unit rate (solar soak period) ¢/kWh 3.000 - Export reward unit rate (peak period),"The A10E block prices the export charge for the solar soak period and the export reward for the peak period, and defines those periods (11 am to 4 pm and 4 pm to 9 pm every day) in the same block."
jemena-2026-27-dnsp-lb-annual-demand-window,jemena,jemena-network-tariff-schedule-2026-27,2026-27,"Annual demand charging window (8AM - 8PM weekdays, rolling 12 months)",local_time,not_stated,0,pdf:p3,"Annual demand charging window is 8 am - 8 pm weekdays (local time), Rolling 12 months",
jemena-2026-27-dnsp-lb-tou,jemena,jemena-network-tariff-schedule-2026-27,2026-27,Large business energy periods (8 AM to 8 PM weekdays),local_time,not_stated,1,pdf:p3,Peak: 8 am to 8 pm (local time) weekdays; Off-peak all other times,
jemena-2026-27-dnsp-sdic-window,jemena,jemena-network-tariff-schedule-2026-27,2026-27,Summer Demand Incentive Charge charging window,local_time,not_stated,0,pdf:p3,"Summer Demand Incentive Charge charging window is 4 pm - 7 pm workdays (local time) each month in December to March, reset monthly",'workdays' recorded as business_day.
jemena-2026-27-dnsp-storage-tou,jemena,jemena-network-tariff-schedule-2026-27,2026-27,Large business storage energy periods (4 pm to 9 pm every day),local_time,not_stated,1,pdf:p3,Peak: 4 pm to 9 pm every day (local time); Off-peak all other times,
jemena-2026-27-dnsp-tou-7-23-every-day,jemena,jemena-network-tariff-schedule-2026-27,2026-27,Time of Use Extended energy periods (7 AM to 11 PM every day),local_time,not_stated,1,pdf:p2,Peak: 7 am to 11 pm every day (local time); Off-peak all other times,
jemena-2026-27-dnsp-tou-7-23-weekdays,jemena,jemena-network-tariff-schedule-2026-27,2026-27,Energy periods 7 AM to 11 PM weekdays,local_time,not_stated,1,pdf:p2,Peak: 7 am to 11 pm weekdays (local time); Off-peak all other times,
jemena-2026-27-dnsp-tou-9-21-weekdays,jemena,jemena-network-tariff-schedule-2026-27,2026-27,Time of Use Weekdays energy periods (9 AM to 9 PM weekdays),local_time,not_stated,1,pdf:p2,Peak: 9 am to 9 pm weekdays (local time); Off-peak all other times,
powercor-2425-pdf-dd-demand,powercor,powercor-pricing-proposal-2024-25-28mar2024-wayback,2024-25,Residential demand (DD) maximum demand window,local_time,not_stated,0,pdf-ocr:p9,Opt-in workdays 3pm- workdays 3pm- Demand DD 9pm 9pm,"Table cells are printed rotated / as an image, so the quote is the rendered-page OCR of the row: summer and non-summer demand columns both read 'workdays 3pm-9pm' on the DD row. Notes: 'All times are local time'; 'Summer period covers December to March, non-summer is April to November'. 'workdays' is not defined in the document; mapped to business_day (Mon-Fri); public holiday treatment not stated"
powercor-2425-pdf-gt-demand-a,powercor,powercor-pricing-proposal-2024-25-28mar2024-wayback,2024-25,Generator storage trial (GT) demand window option 4-9pm,local_time,unchanged,0,pdf:p6,"kW demand charge based on the highest 30-minute demand measured over the last 12 months either over 4-9pm or over 11am-4pm depending on location, every day of the year, local time","Window depends on location (one of the two). The windows quote is a note under the heading 'Generator storage:' (p6); the tariff link quotes the Table 2 row (rendered-page OCR, same page) that gives that tariff the code GT."
powercor-2425-pdf-gt-demand-b,powercor,powercor-pricing-proposal-2024-25-28mar2024-wayback,2024-25,Generator storage trial (GT) demand window option 11am-4pm,local_time,unchanged,0,pdf:p6,"kW demand charge based on the highest 30-minute demand measured over the last 12 months either over 4-9pm or over 11am-4pm depending on location, every day of the year, local time","Window depends on location (one of the two). The windows quote is a note under the heading 'Generator storage:' (p6); the tariff link quotes the Table 2 row (rendered-page OCR, same page) that gives that tariff the code GT."
powercor-2425-pdf-large-energy,powercor,powercor-pricing-proposal-2024-25-28mar2024-wayback,2024-25,Large LV / HV / sub-transmission peak and off-peak usage,local_time,not_stated,1,pdf:p13,Peak usage is kWh usage between 7am and 7pm local time on workdays. Off-peak usage is kWh usage at all other times.,"'workdays' is not defined in the document; mapped to business_day (Mon-Fri); public holiday treatment not stated. Each tariff link quotes the code's row of Table 6 (an image; rendered-page OCR, p11), whose peak energy column reads 'workdays 7am-7pm'."
powercor-2425-pdf-large-incentive-1,powercor,powercor-pricing-proposal-2024-25-28mar2024-wayback,2024-25,Large tariffs ending 1: summer incentive demand 1-4pm,local_time,not_stated,0,pdf:p11,"Tariffs ending with ""1"" represent 1-4pm, tariffs ending with ""2"" represent 4-7pm summer incentive demand period",Kva section: summer incentive is the 'maximum monthly 15-minute kVA for the December to March months' measured on each workday. 'workdays' is not defined in the document; mapped to business_day (Mon-Fri); public holiday treatment not stated
powercor-2425-pdf-large-incentive-2,powercor,powercor-pricing-proposal-2024-25-28mar2024-wayback,2024-25,Large tariffs ending 2: summer incentive demand 4-7pm,local_time,not_stated,0,pdf:p11,"Tariffs ending with ""1"" represent 1-4pm, tariffs ending with ""2"" represent 4-7pm summer incentive demand period",Kva section: summer incentive is the 'maximum monthly 15-minute kVA for the December to March months' measured on each workday. 'workdays' is not defined in the document; mapped to business_day (Mon-Fri); public holiday treatment not stated
powercor-2425-pdf-large-rolling,powercor,powercor-pricing-proposal-2024-25-28mar2024-wayback,2024-25,Large LV / HV / sub-transmission 12-month rolling demand window,local_time,not_stated,0,pdf:p13,Maximum 15-minute kVA demand measured between 7am and 7pm local time on workdays over the prior 12 months.,"'workdays' is not defined in the document; mapped to business_day (Mon-Fri); public holiday treatment not stated. Each tariff link quotes the code's row of Table 6 (an image; rendered-page OCR, p11), whose 12-month rolling demand column reads 'workdays 7am-7pm'."
powercor-2425-pdf-ndd-ndm-demand,powercor,powercor-pricing-proposal-2024-25-28mar2024-wayback,2024-25,"Small / medium business demand (NDD, NDM) maximum demand window",local_time,not_stated,0,pdf-ocr:p10,Demand NDD Opt-in workdays 10am- workdays 10am- 6pm 6pm,"Table cells are printed rotated / as an image, so the quote is the rendered-page OCR of the row: summer and non-summer demand columns both read 'workdays 10am-6pm' on the NDD row; the NDM row reads 'workdays 10am- workdays 10am- Mediumbusinessdemand NDM Default √ <120KVA 6pm 6pm'. Notes: 'Summer period covers December to March, non-summer is April to November'. 'workdays' is not defined in the document; mapped to business_day (Mon-Fri); public holiday treatment not stated"
powercor-2425-pdf-ndm-energy-bill,powercor,powercor-pricing-proposal-2024-25-28mar2024-wayback,2024-25,Medium business demand (NDM) energy as shown on the bill,local_time,not_stated,1,pdf:p11,"NDM energy rate is reflected as anytime rate in our pricing schedule, however on our bill it will show as peak 7am-11pm workdays and off peak all other time with the exactly the same rate",Same (anytime) rate in both periods. 'workdays' is not defined in the document; mapped to business_day (Mon-Fri); public holiday treatment not stated
powercor-2425-pdf-ndmo21-tou,powercor,powercor-pricing-proposal-2024-25-28mar2024-wayback,2024-25,Medium business opt-out (NDMO21) energy peak / off-peak,local_time,not_stated,1,pdf-ocr:p10,workdays 10am- Medium business opt-out NDMO21 no-1do <160MWh pa Non-peak times 6pm,"Table cells are printed rotated / as an image, so the quote is the rendered-page OCR of the row (Table 5: peak energy 'workdays 10am-6pm', off-peak energy 'Non-peak times'); 'no-1do' is the OCR reading of the rotated status cell 'Opt-out'. Notes: 'All times are local time, except for PL2'. 'workdays' is not defined in the document; mapped to business_day (Mon-Fri); public holiday treatment not stated"
powercor-2425-pdf-pl2-tou,powercor,powercor-pricing-proposal-2024-25-28mar2024-wayback,2024-25,Unmetered supply (PL2) energy peak / off-peak,standard_time,not_stated,1,pdf-ocr:p10,Unmetered supply weekdays 7am- PL2 Default unmetered Non-peak times 11pm,"Table cells are printed rotated / as an image, so the quote is the rendered-page OCR of the row (Table 5: peak energy 'weekdays 7am-11pm', off-peak energy 'Non-peak times'). p5: 'Exceptions are unmetered supply tariff PL2 where the tariff is based on Australian Eastern Standard Time (AEST).' Public holiday treatment not stated."
powercor-2425-pdf-prds,powercor,powercor-pricing-proposal-2024-25-28mar2024-wayback,2024-25,Residential daytime saver trial (PRDS) peak / saver / off-peak,local_time,unchanged,1,pdf:p6,"Peak period is 4pm-9pm, saver period is 10am-3pm, and off-peak is all other times, from Monday to Sunday, local time","The windows quote is a note under the heading 'Residential daytime saver:' (p6); the tariff link quotes the Table 2 row (rendered-page OCR, same page) that gives that tariff the code PRDS."
powercor-2425-pdf-prtou,powercor,powercor-pricing-proposal-2024-25-28mar2024-wayback,2024-25,Residential ToU (PRTOU) energy peak / off-peak,local_time,not_stated,1,pdf-ocr:p9,ToU PRTOU Default all days 3pm-9pm non-peaktimes,"Table cells are printed rotated / as an image, so the quote is the rendered-page OCR of the row (Table 4: peak energy 'all days 3pm-9pm', off-peak energy 'non-peak times'). Notes on the same page: 'All times are local time'. Public holiday treatment not stated."
powercor-2425-pdf-sb-tou,powercor,powercor-pricing-proposal-2024-25-28mar2024-wayback,2024-25,Small business ToU (NDTOU) energy peak / off-peak,local_time,not_stated,1,pdf-ocr:p10,ToU NDTOU Default workdays 9am- Non-peak times 9pm,"Table cells are printed rotated / as an image, so the quote is the rendered-page OCR of the row (Table 5: peak energy 'workdays 9am-9pm', off-peak energy 'Non-peak times'). Notes: 'All times are local time, except for PL2'. 'workdays' is not defined in the document; mapped to business_day (Mon-Fri); public holiday treatment not stated"
powercor-2425-pdf-slab-heating,powercor,powercor-pricing-proposal-2024-25-28mar2024-wayback,2024-25,Dedicated circuit (DD1) slab heating typical switching times,local_time,not_stated,0,pdf:p10,Typically switching times may vary depending on localised demand management activities normally between 12am and 7am.,Typical times only; 'An afternoon boost between 1pm and 4pm may occur during winter' (winter months not defined). Hot water: 'Switching times will vary depending on localised demand management activities' (no times). Tariff link: in the Table 4 notes (p9-p10) the 'Hot water' and 'Slab heating' sub-notes follow the note 'DD1 is available to customers with a dedicated circuit connected to a time-switch'.
powercor-2526-pdf-dd-demand,powercor,powercor-pricing-proposal-2025-26-31mar2025-wayback,2025-26,Residential demand (DD) maximum demand window,local_time,not_stated,0,pdf-ocr:p5,DD Opt-in workdays 3pm- workdays 3pm- Demand 9pm 9pm,"Table cells are printed rotated / as an image, so the quote is the rendered-page OCR of the row (Table 4 is an image): summer and non-summer demand columns both read 'workdays 3pm-9pm' on the DD row. Notes (p6): 'All times are local time'; 'Summer period covers December to March, non-summer is April to November'. 'workdays' is not defined in the document; mapped to business_day (Mon-Fri); public holiday treatment not stated"
powercor-2526-pdf-large-energy,powercor,powercor-pricing-proposal-2025-26-31mar2025-wayback,2025-26,Large LV / HV / sub-transmission peak and off-peak usage,local_time,not_stated,1,pdf:p10,Peak usage is kWh usage between 7am and 7pm local time on workdays. Off-peak usage is kWh usage at all other times.,"'workdays' is not defined in the document; mapped to business_day (Mon-Fri); public holiday treatment not stated. Each tariff link quotes the code's row of Table 6 (an image; rendered-page OCR, p8), whose peak energy column reads 'workdays 7am-7pm'."
powercor-2526-pdf-large-incentive-1,powercor,powercor-pricing-proposal-2025-26-31mar2025-wayback,2025-26,Large tariffs ending 1: summer incentive demand 1-4pm,local_time,not_stated,0,pdf:p8,"Tariffs ending with ""1"" represent 1-4pm, tariffs ending with ""2"" represent 4-7pm summer incentive demand period",Kva section: summer incentive is the 'maximum monthly 15-minute kVA for the December to March months' measured on each workday. 'workdays' is not defined in the document; mapped to business_day (Mon-Fri); public holiday treatment not stated
powercor-2526-pdf-large-incentive-2,powercor,powercor-pricing-proposal-2025-26-31mar2025-wayback,2025-26,Large tariffs ending 2: summer incentive demand 4-7pm,local_time,not_stated,0,pdf:p8,"Tariffs ending with ""1"" represent 1-4pm, tariffs ending with ""2"" represent 4-7pm summer incentive demand period",Kva section: summer incentive is the 'maximum monthly 15-minute kVA for the December to March months' measured on each workday. 'workdays' is not defined in the document; mapped to business_day (Mon-Fri); public holiday treatment not stated
powercor-2526-pdf-large-rolling,powercor,powercor-pricing-proposal-2025-26-31mar2025-wayback,2025-26,Large LV / HV / sub-transmission 12-month rolling demand window,local_time,not_stated,0,pdf:p10,Maximum 15-minute kVA demand measured between 7am and 7pm local time on workdays over the prior 12 months.,"'workdays' is not defined in the document; mapped to business_day (Mon-Fri); public holiday treatment not stated. Each tariff link quotes the code's row of Table 6 (an image; rendered-page OCR, p8), whose 12-month rolling demand column reads 'workdays 7am-7pm'."
powercor-2526-pdf-ndd-ndm-demand,powercor,powercor-pricing-proposal-2025-26-31mar2025-wayback,2025-26,"Small / medium business demand (NDD, NDM) maximum demand window",local_time,not_stated,0,pdf-ocr:p7,Demand workdays 10am- Workdays 10am- NDD Opt-in 6pm 6pm,"Table cells are printed rotated / as an image, so the quote is the rendered-page OCR of the row (Table 5 is an image): summer and non-summer demand columns both read 'workdays 10am-6pm' on the NDD row; the NDM row reads 'workdays 10am- Medium business demand Default Workdays 10am- NDM <120kVA 6pm 6pm'. Notes (p7): 'All times are local time, except for PL2'; 'Summer period covers December to March, non-summer is April to November'. 'workdays' is not defined in the document; mapped to business_day (Mon-Fri); public holiday treatment not stated"
powercor-2526-pdf-ndm-energy-bill,powercor,powercor-pricing-proposal-2025-26-31mar2025-wayback,2025-26,Medium business demand (NDM) energy as shown on the bill,local_time,not_stated,1,pdf:p7,"NDM energy rate is reflected as anytime rate in our pricing schedule, however on our bill it will show as peak 7am-11pm workdays and off peak all other times with exactly the same rate",Same rate in both periods. 'workdays' is not defined in the document; mapped to business_day (Mon-Fri); public holiday treatment not stated
powercor-2526-pdf-ndmo21-tou,powercor,powercor-pricing-proposal-2025-26-31mar2025-wayback,2025-26,Medium business opt-out (NDMO21) energy peak / off-peak,local_time,not_stated,1,pdf-ocr:p7,NDM021 Opt-in 160MWh pa workdays 10am- Medium business opt-out Non-peak times 6pm,"Table cells are printed rotated / as an image, so the quote is the rendered-page OCR of the row (Table 5 is an image; 'NDM021' is the OCR reading of NDMO21): peak energy 'workdays 10am-6pm', off-peak energy 'Non-peak times'. Notes (p7): 'All times are local time, except for PL2'; 'Summer period covers December to March, non-summer is April to November'. 'workdays' is not defined in the document; mapped to business_day (Mon-Fri); public holiday treatment not stated"
powercor-2526-pdf-pl2-tou,powercor,powercor-pricing-proposal-2025-26-31mar2025-wayback,2025-26,Unmetered supply (PL2) energy peak / off-peak,standard_time,not_stated,1,pdf-ocr:p7,Weekdays 7am- Unmetered supply PL2 Default unmetered Non-peak times 11pm,"Table cells are printed rotated / as an image, so the quote is the rendered-page OCR of the row (Table 5 is an image: peak energy 'weekdays 7am-11pm', off-peak energy 'Non-peak times'). Notes (p7): 'All times are local time, except for PL2'; 2025-26 Tariff Summary PAL_2025_26_NUOS!B29: 'Exceptions are unmetered supply tariff PL2 where the tariff is based on Australian Eastern Standard Time (AEST).' Public holiday treatment not stated."
powercor-2526-pdf-prtou,powercor,powercor-pricing-proposal-2025-26-31mar2025-wayback,2025-26,Residential ToU (PRTOU) energy peak / off-peak,local_time,not_stated,1,pdf-ocr:p5,PRTOU Default all days 3pm-9pm non-peak times,"Table cells are printed rotated / as an image, so the quote is the rendered-page OCR of the row (Table 4 is an image: peak energy 'all days 3pm-9pm', off-peak energy 'non-peak times'). Notes (p6): 'All times are local time'; 'Summer period covers December to March, non-summer is April to November'. Public holiday treatment not stated."
powercor-2526-pdf-sb-tou,powercor,powercor-pricing-proposal-2025-26-31mar2025-wayback,2025-26,Small business ToU (NDTOU) energy peak / off-peak,local_time,not_stated,1,pdf-ocr:p7,Workdays 9am- ToU NDTOU Default 9pm Non-peak times,"Table cells are printed rotated / as an image, so the quote is the rendered-page OCR of the row (Table 5 is an image: peak energy 'workdays 9am-9pm', off-peak energy 'Non-peak times'). Notes (p7): 'All times are local time, except for PL2'; 'Summer period covers December to March, non-summer is April to November'. 'workdays' is not defined in the document; mapped to business_day (Mon-Fri); public holiday treatment not stated"
powercor-2526-pdf-slab-heating,powercor,powercor-pricing-proposal-2025-26-31mar2025-wayback,2025-26,Dedicated circuit (DD1) slab heating typical switching times,local_time,not_stated,0,pdf:p6,Typically switching times may vary depending on localised demand management activities normally between 12am and 7am.,Typical times only; 'An afternoon boost between 1pm and 4pm may occur during winter' (winter months not defined). Hot water: 'Switching times will vary depending on localised demand management activities' (no times). Tariff link: in the Table 4 notes (p6) the 'Hot water' and 'Slab heating' sub-notes follow the note 'DD1 is available to customers with a dedicated circuit connected to a time-switch'.
powercor-2526-xlsx-gt-demand-a,powercor,powercor-tariff-summary-2025-26-31mar2025-wayback,2025-26,Generator storage trial (GT) demand window option 4-9pm,local_time,unchanged,0,xlsx:Trial tariffs!B21,"kW demand charge based on the highest 30-minute demand measured over the last 12 months either over 4-9pm or over 11am-4pm depending on location, every day of the year, local time","Window depends on location (one of the two). The windows quote (B21) is a note under the heading 'Generator storage: ' (B17); the tariff link quotes C11, the code on row 11 whose name (B11) is 'Generator storage'."
powercor-2526-xlsx-gt-demand-b,powercor,powercor-tariff-summary-2025-26-31mar2025-wayback,2025-26,Generator storage trial (GT) demand window option 11am-4pm,local_time,unchanged,0,xlsx:Trial tariffs!B21,"kW demand charge based on the highest 30-minute demand measured over the last 12 months either over 4-9pm or over 11am-4pm depending on location, every day of the year, local time","Window depends on location (one of the two). The windows quote (B21) is a note under the heading 'Generator storage: ' (B17); the tariff link quotes C11, the code on row 11 whose name (B11) is 'Generator storage'."
powercor-2526-xlsx-prds,powercor,powercor-tariff-summary-2025-26-31mar2025-wayback,2025-26,Residential daytime saver trial (PRDS) peak / saver / off-peak,local_time,unchanged,1,xlsx:Trial tariffs!B26,"Peak period is 4pm-9pm, saver period is 10am-3pm, and off-peak is all other times, from Monday to Sunday, local time","The windows quote (B26) is a note under the heading 'Residential daytime saver: ' (B23); the tariff link quotes C7, the code on row 7 whose name (B7) is 'Residential daytime saver'."
powercor-2627-pdf-large-energy,powercor,powercor-pricing-proposal-2026-27-07may2026,2026-27,Large LV / HV / sub-transmission peak and off-peak usage,local_time,not_stated,1,pdf:p12,Peak usage is kWh usage between 7am and 7pm local time on workdays. Off-peak usage is kWh usage at all other times.,"'workdays' is not defined in the document; mapped to business_day (Mon-Fri); public holiday treatment not stated. Each tariff link quotes the code's row of Table 6 (an image; rendered-page OCR, p8), whose peak energy column reads 'workdays 7am-7pm'."
powercor-2627-pdf-large-incentive-1,powercor,powercor-pricing-proposal-2026-27-07may2026,2026-27,Large tariffs ending 1: 1-4pm summer incentive demand period,local_time,not_stated,0,pdf:p9,"Tariffs ending with ""1"" represent 1-4pm summer incentive demand period, tariffs ending with ""2"" represent 4-7pm summer incentive demand period and ""3"" represent 4-7pm winter incentive demand period",Same page: 'Summer incentive demand period is December to March and winter incentive demand period is May to August'. 'workdays' is not defined in the document; mapped to business_day (Mon-Fri); public holiday treatment not stated
powercor-2627-pdf-large-incentive-2,powercor,powercor-pricing-proposal-2026-27-07may2026,2026-27,Large tariffs ending 2: 4-7pm summer incentive demand period,local_time,not_stated,0,pdf:p9,"Tariffs ending with ""1"" represent 1-4pm summer incentive demand period, tariffs ending with ""2"" represent 4-7pm summer incentive demand period and ""3"" represent 4-7pm winter incentive demand period",Same page: 'Summer incentive demand period is December to March and winter incentive demand period is May to August'. 'workdays' is not defined in the document; mapped to business_day (Mon-Fri); public holiday treatment not stated
powercor-2627-pdf-large-incentive-3,powercor,powercor-pricing-proposal-2026-27-07may2026,2026-27,Large tariffs ending 3: 4-7pm winter incentive demand period,local_time,not_stated,0,pdf:p9,"Tariffs ending with ""1"" represent 1-4pm summer incentive demand period, tariffs ending with ""2"" represent 4-7pm summer incentive demand period and ""3"" represent 4-7pm winter incentive demand period",Same page: 'Summer incentive demand period is December to March and winter incentive demand period is May to August'. 'workdays' is not defined in the document; mapped to business_day (Mon-Fri); public holiday treatment not stated
powercor-2627-pdf-large-rolling,powercor,powercor-pricing-proposal-2026-27-07may2026,2026-27,Large LV / HV / sub-transmission 12-month rolling demand window,local_time,not_stated,0,pdf:p11,Maximum 15-minute kVA demand measured between 7am and 7pm local time on workdays over the most recent 12 months.,"'workdays' is not defined in the document; mapped to business_day (Mon-Fri); public holiday treatment not stated. Each tariff link quotes the code's row of Table 6 (an image; rendered-page OCR, p8), whose 12-month rolling demand column reads 'workdays 7am-7pm'."
powercor-2627-pdf-ndd-ndm-demand,powercor,powercor-pricing-proposal-2026-27-07may2026,2026-27,"Small / medium business demand (NDD, NDM) maximum demand window",local_time,not_stated,0,pdf-ocr:p7,Opt-in workdays 10am- workdays 10am- Small business demand NDD 6pm 6pm,"Table cells are printed rotated / as an image, so the quote is the rendered-page OCR of the row (Table 5 is an image): summer and non-summer demand columns both read 'workdays 10am-6pm' on the NDD row; the NDM row reads '≥ 40MWh pa Medium business demand NDM workdays 10am-workdays 10am- ≤160MWh 6pm 6pm'. Notes (p7): 'All times are local time, except for PL2 which is in AEST'. Same page: 'Summer period covers December to March, non-summer is April to November'. 'workdays' is not defined in the document; mapped to business_day (Mon-Fri); public holiday treatment not stated"
powercor-2627-pdf-ndm-energy-bill,powercor,powercor-pricing-proposal-2026-27-07may2026,2026-27,Medium business demand (NDM) energy as shown on the bill,local_time,not_stated,1,pdf:p8,"NDM energy rate is reflected as anytime rate in our pricing schedule, however on our bill it will show as peak 7am-11pm workdays and off-peak all other times with exactly the same rate","Same rate in both periods; 'All times are local time, except for PL2 which is in AEST' (p7). 'workdays' is not defined in the document; mapped to business_day (Mon-Fri); public holiday treatment not stated"
powercor-2627-pdf-ndmo-tou,powercor,powercor-pricing-proposal-2026-27-07may2026,2026-27,Medium business opt-out (NDMO) energy peak / off-peak,local_time,not_stated,1,pdf-ocr:p7,≥40MWh pa NDM021 workdays 10am- Medium business opt-out Opt-out <1kV non-peak times ≤160MWh 6pm,"Table cells are printed rotated / as an image, so the quote is the rendered-page OCR of the row (Table 5 is an image; the table prints the code as NDMO21, OCR reads 'NDM021'; the 2026-27 Tariff Summary lists the tariff as NDMO): peak energy 'workdays 10am-6pm', off-peak energy 'non-peak times'. Notes (p7): 'All times are local time, except for PL2 which is in AEST'. 'workdays' is not defined in the document; mapped to business_day (Mon-Fri); public holiday treatment not stated"
powercor-2627-pdf-pfl,powercor,powercor-pricing-proposal-2026-27-07may2026,2026-27,Flexible large (PFL) energy peak / off-peak,local_time,not_stated,1,pdf-ocr:p8,all days 4pm- >240 kVA& Flexible large PFL Default N/A 9pm during Dec- non-peak times Not applicable 30MVA Feb and Jun-Aug,"Table cells are printed rotated / as an image, so the quote is the rendered-page OCR of the row (Table 6 is an image). PFL row: peak energy 'all days 4pm-9pm during Dec-Feb and Jun-Aug', off-peak energy 'non-peak times', incentive demand 'Not applicable'. Notes on Table 6 (p9): 'All times are local time'. Public holiday treatment not stated."
powercor-2627-pdf-pfs-bel,powercor,powercor-pricing-proposal-2026-27-07may2026,2026-27,Flexible small (PFS) free export (BEL) window,local_time,not_stated,0,pdf:p8,PFS BEL is the total kWh exempt from export charges are determined by multiplying 1 kWh per day by the number of days in the billing period. If exports between 11:00am – 4:00pm are less than 1 kWh,PFS (Table 5) 'Saver energy export' column (image; rendered-page OCR): 'all days 11am-4pm during Sep-May with 1 kWh per day BEL'; the 2026-27 Tariff Summary heads the column 'Saver Export Sep-May'.
powercor-2627-pdf-pfs-export-credit,powercor,powercor-pricing-proposal-2026-27-07may2026,2026-27,Flexible small (PFS) peak export credit window,local_time,not_stated,0,pdf-ocr:p7,all days 4pm- all days 4pm- all days 11am- ≤240kVA import Flexible small 9pm during Dec- outside of peak PFS Default 9pm during Dec- 4pm during Sep- capacity Feb and Jun-Aug Feb and Jun-Aug import times May with 1 kWh per day BEL,"Table cells are printed rotated / as an image, so the quote is the rendered-page OCR of the PFS row (Table 5 is an image; OCR interleaves the stacked cell lines). PFS row, 'Peak energy export credit' column: 'all days 4pm-9pm during Dec-Feb and Jun-Aug' (the second 'all days 4pm-' and second '9pm during Dec-' in the quote). Notes (p7): 'All times are local time, except for PL2 which is in AEST'."
powercor-2627-pdf-pfs-import,powercor,powercor-pricing-proposal-2026-27-07may2026,2026-27,Flexible small (PFS) import peak / off-peak,local_time,not_stated,1,pdf-ocr:p7,all days 4pm- all days 4pm- all days 11am- ≤240kVA import Flexible small 9pm during Dec- outside of peak PFS Default 9pm during Dec- 4pm during Sep- capacity Feb and Jun-Aug Feb and Jun-Aug import times May with 1 kWh per day BEL,"Table cells are printed rotated / as an image, so the quote is the rendered-page OCR of the row (Table 5 is an image; OCR interleaves the stacked cell lines). PFS row: peak energy 'all days 4pm-9pm during Dec-Feb and Jun-Aug'; off-peak energy 'outside of peak import times' (so all times in Mar-May and Sep-Nov). Notes (p7): 'All times are local time, except for PL2 which is in AEST'. Public holiday treatment not stated."
powercor-2627-pdf-pl2-tou,powercor,powercor-pricing-proposal-2026-27-07may2026,2026-27,Type 7 or 9 metering (PL2) energy peak / off-peak,standard_time,not_stated,1,pdf-ocr:p7,weekdays 7am- Type 7 or 9 metering PL2 Default 11pm non-peak times,"Table cells are printed rotated / as an image, so the quote is the rendered-page OCR of the row (Table 5 is an image: peak energy 'weekdays 7am-11pm', off-peak energy 'non-peak times'). Notes (p7): 'All times are local time, except for PL2 which is in AEST'. Public holiday treatment not stated."
powercor-2627-pdf-prcer-bel,powercor,powercor-pricing-proposal-2026-27-07may2026,2026-27,Residential CER (PRCER) free export (BEL) window,local_time,not_stated,0,pdf:p6,PRCER BEL is the total kWh exempt from export charges are determined by multiplying 1 kWh per day by the number of days in the billing period. If exports between 11:00am – 4:00pm are less than 1 kWh,PRCER (Table 4) 'Saver energy export' column (image; rendered-page OCR): 'all days 11am-4pm during Sep-May with 1 kWh per day BEL'; the 2026-27 Tariff Summary heads the column 'Saver Export Sep-May'.
powercor-2627-pdf-prcer-export-credit,powercor,powercor-pricing-proposal-2026-27-07may2026,2026-27,Residential CER (PRCER) peak export credit window,local_time,not_stated,0,pdf-ocr:p5,Residential CER PRCER Opt-in 9pm during Dec- 9pm during Dec- May and Sep- 11am 4pm Feb and Jun-AugFeb and Jun-Aug May with 1 kWh Nov per day BEL,"Table cells are printed rotated / as an image, so the quote is the rendered-page OCR of the row (Table 4 is an image). PRCER row, 'Peak energy export credit' column: 'all days 4pm-9pm during Dec-Feb and Jun-Aug'. Notes (p6): 'All times are local time'."
powercor-2627-pdf-prcer-import,powercor,powercor-pricing-proposal-2026-27-07may2026,2026-27,Residential CER (PRCER) import peak / peak (shoulder) / off-peak / saver,local_time,not_stated,1,pdf-ocr:p5,Residential CER PRCER Opt-in 9pm during Dec- 9pm during Dec- May and Sep- 11am 4pm Feb and Jun-AugFeb and Jun-Aug May with 1 kWh Nov per day BEL,"Table cells are printed rotated / as an image, so the quote is the rendered-page OCR of the row (Table 4 is an image; OCR interleaves the stacked cell lines). PRCER row: peak energy 'all days 4pm-9pm during Dec-Feb and Jun-Aug'; peak energy (shoulder) 'all days 4pm-9pm during Mar-May and Sep-Nov'; off-peak energy 'all days 9pm-11am'; saver energy 'all days 11am-4pm'. Notes (p6): 'All times are local time'. Public holiday treatment not stated."
powercor-2627-pdf-prstou,powercor,powercor-pricing-proposal-2026-27-07may2026,2026-27,Residential ToU (PRSTOU) energy peak / off-peak / saver,local_time,not_stated,1,pdf-ocr:p5,all days 4pm- all days 9pm- all days 11am- Residential ToU PRSTOU Default 9pm 11am 4pm,"Table cells are printed rotated / as an image, so the quote is the rendered-page OCR of the row (Table 4 is an image: peak energy 'all days 4pm-9pm', off-peak energy 'all days 9pm-11am', saver energy 'all days 11am-4pm'). Notes (p6): 'All times are local time'. Public holiday treatment not stated."
powercor-2627-pdf-sb-tou,powercor,powercor-pricing-proposal-2026-27-07may2026,2026-27,Small business ToU (NDTOU) energy peak / off-peak,local_time,not_stated,1,pdf-ocr:p7,Small business ToU Default workdays 9am- NDTOU non-peak times 9pm,"Table cells are printed rotated / as an image, so the quote is the rendered-page OCR of the row (Table 5 is an image: peak energy 'workdays 9am-9pm', off-peak energy 'non-peak times'). Notes (p7): 'All times are local time, except for PL2 which is in AEST'. 'workdays' is not defined in the document; mapped to business_day (Mon-Fri); public holiday treatment not stated"
powercor-2627-pdf-slab-heating,powercor,powercor-pricing-proposal-2026-27-07may2026,2026-27,Dedicated circuit (DD1) slab heating typical switching times,local_time,not_stated,0,pdf:p6,Typically switching times are between 12am and 7am but may vary depending on localised demand management activities.,Typical times only; 'An afternoon boost between 1pm and 4pm may occur during winter' (winter months not defined). Hot water: 'Switching times will vary depending on localised demand management activities' (no times). Tariff link: in the Table 4 notes (p6) the 'Hot water' and 'Slab heating' sub-notes follow the note 'DD1 is available to customers with a dedicated circuit connected to a time-switch'.
pwc-2324-np-annual-demand,powerwater,pwc-2023-24-network-pricing-proposal-30mar2023,2023-24,"Tariffs 5, 6 and 7 demand peak period (full year)",not_stated,as_weekday,0,pdf:p12,"The current peak period is 12pm to 9pm weekdays, which includes public holidays",'All other times are off‐peak.' Weekdays include public holidays.
pwc-2324-np-t3-demand,powerwater,pwc-2023-24-network-pricing-proposal-30mar2023,2023-24,Tariff 3 demand peak period (1 October – 31 March),not_stated,as_weekday,0,pdf:p12,"The current peak period is 12pm to 9pm weekdays, which includes public holidays",'All other times are off‐peak.' Weekdays include public holidays.
pwc-2324-sc-annual-demand,powerwater,pwc-scs-tariffs-2023-24-wayback,2023-24,"Tariffs 5, 6 and 7 demand charge peak period (all year)",not_stated,as_weekday,0,pdf:p1,"The peak period rates apply to usage between 12pm and 9pm on any weekday, including public holidays.","'For all other customers annual peak charges apply'; Tariffs 5, 6 and 7 are the other tariffs with a Demand Charge* price. Weekdays include public holidays."
pwc-2324-sc-t3-demand,powerwater,pwc-scs-tariffs-2023-24-wayback,2023-24,Tariff 3 demand charge peak period (1 October – 31 March),not_stated,as_weekday,0,pdf:p1,"The peak period rates apply to usage between 12pm and 9pm on any weekday, including public holidays.","Weekday windows explicitly include public holidays ('on any weekday, including public holidays')."
pwc-2425-np-anytime-energy,powerwater,pwc-2024-25-pricing-proposal-8may2024,2024-25,Anytime energy period,not_stated,not_stated,1,pdf:p15,"24 hour a day, 7 days a week all year round.",
pwc-2425-np-seasonal-demand,powerwater,pwc-2024-25-pricing-proposal-8may2024,2024-25,Seasonal peak demand periods (On Season / Off Season),not_stated,as_weekday,0,pdf:p17,"On Season - Peak Period Low Period (Super Off-Peak) • 3pm to 9pm Monday to Friday (including public Holidays) from 01 October to 31 • 9am to 3pm Monday to Sunday, all year March",Weekday windows explicitly include public holidays ('Monday to Friday (including public holidays)').
pwc-2425-np-tou-energy,powerwater,pwc-2024-25-pricing-proposal-8may2024,2024-25,"LV smart meter three-tier time-of-use energy periods (Tariffs 3a, 3b, 3c)",not_stated,as_weekday,1,pdf:p14,The different periods for charging energy in the 2024-29 regulatory control period are:,"Public holidays as weekdays from Table 2.5 (pdf:p17), which gives the High Period as '3pm to 9pm Monday to Friday (including public Holidays) from 01 October to 31 March'; the text list of periods says only 'weekdays'."
pwc-2425-sc-anytime-energy,powerwater,pwc-scs-tariffs-2024-25-wayback,2024-25,Anytime energy period,not_stated,not_stated,1,pdf:p2,"24 hours a day, 7 days a week, is a flat rate that applies all day",
pwc-2425-sc-seasonal-demand,powerwater,pwc-scs-tariffs-2024-25-wayback,2024-25,Seasonal peak demand periods (On Season / Off Season),not_stated,as_weekday,0,pdf:p2,"On Season - Peak Period Low Period (Super Off-Peak) • 3pm to 9pm Monday to Friday (including public Holidays) from 01 October to • 9am to 3pm Monday to Sunday (including public holidays), all 31 March",Weekday windows explicitly include public holidays ('Monday to Friday (including public holidays)').
pwc-2425-sc-tou-energy,powerwater,pwc-scs-tariffs-2024-25-wayback,2024-25,"LV smart meter three-tier time-of-use energy periods (Tariffs 3a, 3b, 3c)",not_stated,as_weekday,1,pdf:p2,Breakdown of time-of-use energy and seasonal demand periods,Weekday windows explicitly include public holidays ('Monday to Friday (including public holidays)'). High Period: '3pm to 9pm Monday to Friday (including public holidays) from 01 October to 31 March'.
pwc-2526-np-anytime-energy,powerwater,pwc-2025-26-network-pricing-proposal-23may2025,2025-26,Anytime energy period,not_stated,not_stated,1,pdf:p12,"Anytime energy period, which is 24 hour a day, 7 days a week all year round.",
pwc-2526-np-seasonal-demand,powerwater,pwc-2025-26-network-pricing-proposal-23may2025,2025-26,Seasonal peak demand periods (On Season / Off Season),not_stated,as_weekday,0,pdf:p13,"On Season - Peak Period • 9am to 3pm Monday to Sunday, all year 3pm to 9pm Monday to Friday (including public Holidays) from 01 October to 31 March",Weekday windows explicitly include public holidays ('Monday to Friday (including public holidays)').
pwc-2526-np-tou-energy,powerwater,pwc-2025-26-network-pricing-proposal-23may2025,2025-26,"LV smart meter three-tier time-of-use energy periods (Tariffs 3a, 3b, 3c)",not_stated,as_weekday,1,pdf:p12,The different periods for charging energy in the 2024-29 regulatory control period are:,"Public holidays as weekdays from Table 4 (pdf:p13), which gives the High Period as '3pm to 9pm Monday to Friday (including public Holidays) from 01 October to 31 March'; the text list of periods says only 'weekdays'."
pwc-2526-sc-anytime-energy,powerwater,pwc-scs-tariffs-2025-26-210525-wayback,2025-26,Anytime energy period,not_stated,not_stated,1,pdf:p2,"24 hours a day, 7 days a week, is a flat rate that applies all day",
pwc-2526-sc-seasonal-demand,powerwater,pwc-scs-tariffs-2025-26-210525-wayback,2025-26,Seasonal peak demand periods (On Season / Off Season),not_stated,as_weekday,0,pdf:p2,"On Season - Peak Period Low Period (Super Off-Peak) • 3pm to 9pm Monday to Friday (including public Holidays) from 01 October to • 9am to 3pm Monday to Sunday (including public holidays), all 31 March",Weekday windows explicitly include public holidays ('Monday to Friday (including public holidays)').
pwc-2526-sc-tou-energy,powerwater,pwc-scs-tariffs-2025-26-210525-wayback,2025-26,"LV smart meter three-tier time-of-use energy periods (Tariffs 3a, 3b, 3c)",not_stated,as_weekday,1,pdf:p2,Breakdown of time-of-use energy and seasonal demand periods,Weekday windows explicitly include public holidays ('Monday to Friday (including public holidays)'). High Period: '3pm to 9pm Monday to Friday (including public holidays) from 01 October to 31 March'.
pwc-2627-np-anytime-energy,powerwater,pwc-2026-27-network-pricing-proposal-31mar2026,2026-27,Anytime energy period,not_stated,not_stated,1,pdf:p14,"Anytime energy period, which is 24 hour a day, 7 days a week all year round.",
pwc-2627-np-seasonal-demand,powerwater,pwc-2026-27-network-pricing-proposal-31mar2026,2026-27,Seasonal peak demand periods (On Season / Off Season),not_stated,as_weekday,0,pdf:p15,"On Season - Peak Period • 9am to 3pm Monday to Sunday, all year 3pm to 9pm Monday to Friday (including public Holidays) from 01 October to 31 March",Weekday windows explicitly include public holidays ('Monday to Friday (including public holidays)').
pwc-2627-np-tou-energy,powerwater,pwc-2026-27-network-pricing-proposal-31mar2026,2026-27,"LV smart meter three-tier time-of-use energy periods (Tariffs 3a, 3b, 3c)",not_stated,as_weekday,1,pdf:p14,The different periods for charging energy in the 2024-29 regulatory control period are:,"Public holidays as weekdays from Table 2.3 (pdf:p15), which gives the High Period as '3pm to 9pm Monday to Friday (including public Holidays) from 01 October to 31 March'; the text list of periods says only 'weekdays'."
sapn-2324-app-b2r,sapn,sapn-2023-24-annual-pricing-proposal-revised-8may2023,2023-24,Small Business Two-Rate peak window (B2R),standard_time,not_stated,0,pdf:p28,"Five days a week (Monday – Friday) or possibly meter (Type 6) all days of the week, as recorded by the meter. Typically 7:00am – 9:00pm CST.","Peak applies 'Five days a week (Monday – Friday) or possibly all days of the week, as recorded by the meter. Typically 7:00am – 9:00pm CST'; off-peak is all other times. Weekend treatment depends on the meter, so weekends are not tiled."
sapn-2324-app-b2rt,sapn,sapn-2023-24-annual-pricing-proposal-revised-8may2023,2023-24,Large LV Business Two-Rate peak window (B2RT),local_time,not_stated,0,pdf:p29,7:00am to 9:00pm five days a week (Monday to capability Friday) or possibly all days of the week.,Peak '7:00am to 9:00pm five days a week (Monday to Friday) or possibly all days of the week'; off-peak 'At all other times'. Time basis from 'Large Business tariffs are based on Local Time (CST/CDST) unless otherwise stated.' (pdf:p30).
sapn-2324-app-cbd-peak-demand,sapn,sapn-2023-24-annual-pricing-proposal-revised-8may2023,2023-24,Large Business peak demand window – CBD,local_time,as_non_business_day,0,pdf:p29,• CBD 11:00am – 5:00pm CDST WD,"CBD-only codes take the CBD window and SA codes the non-CBD window, as the code columns of Table 31 (pdf:p66) are headed 'Code SA' and 'Code CBD only'. 'WD' is defined in the document's glossary (pdf:p108): 'WD Monday Tuesday Wednesday Thursday Friday excluding Public Holidays.' and 'NWD Saturday, Sunday and Public Holidays', so WD windows are business days and public holidays take the non-business-day (NWD) treatment."
sapn-2324-app-cl-tou,sapn,sapn-2023-24-annual-pricing-proposal-revised-8may2023,2023-24,Controlled Load (CL) interval-meter partner tariff windows,standard_time,not_stated,1,pdf:p27,Seven hour window of 11:30pm – 6:30am,Off-peak and Solar Sponge windows have 'a randomized start time of at least one hour'. 'Controlled Load partner tariffs are based on CST.'
sapn-2324-app-electrify-energy,sapn,sapn-2023-24-annual-pricing-proposal-revised-8may2023,2023-24,"Residential Electrify energy windows (RELE, RELE2W)",local_time,not_stated,1,pdf:p26,Four hour window of 5:00pm – 9:00pm,Shoulder is '14 hours per day not captured in the Peak or Solar Sponge windows'. Time basis: 'Residential tariffs are based on Local Time (CDT/CDST) unless otherwise stated.'.
sapn-2324-app-large-energy,sapn,sapn-2023-24-annual-pricing-proposal-revised-8may2023,2023-24,Large LV and HV Business energy windows (annual/monthly demand tariffs),local_time,as_non_business_day,1,pdf:p29,Usage – Peak $/kWh 7:00am – 9:00pm WD.,"'WD' is defined in the document's glossary (pdf:p108): 'WD Monday Tuesday Wednesday Thursday Friday excluding Public Holidays.' and 'NWD Saturday, Sunday and Public Holidays', so WD windows are business days and public holidays take the non-business-day (NWD) treatment. The table rows pair each Large LV tariff with its HV counterpart (LBAD|HVAD|HVAD500, LBADF|HVADF, LBMD|HVMD). Time basis: 'Large Business tariffs are based on Local Time (CST/CDST) unless otherwise stated.' (pdf:p30)."
sapn-2324-app-noncbd-peak-demand,sapn,sapn-2023-24-annual-pricing-proposal-revised-8may2023,2023-24,Large Business peak demand window – non-CBD,local_time,not_stated,0,pdf:p29,• Non CBD 5:00pm – 9:00pm CDST All days,"CBD-only codes take the CBD window and SA codes the non-CBD window, as the code columns of Table 31 (pdf:p66) are headed 'Code SA' and 'Code CBD only'."
sapn-2324-app-opcl-supply,sapn,sapn-2023-24-annual-pricing-proposal-revised-8may2023,2023-24,Off-Peak Controlled Load (OPCL) legacy-meter supply times,standard_time,not_stated,0,pdf:p27,"usage between 11:00pm – 7:00am |OPCL (Type 5, 6) * and from 10:00am – 3:00pm","'Time clock is managed by SA Power Networks, and typically involves' these times. 'Controlled Load partner tariffs are based on CST.'"
sapn-2324-app-rele2w-export,sapn,sapn-2023-24-annual-pricing-proposal-revised-8may2023,2023-24,Electrify Two Way export charge and credit windows (RELE2W),local_time,not_stated,0,pdf:p26,Export Charge – $/kWh Six hour window of 10:00am – 4:00pm,9kWh per day of export in the Solar Sponge window is free; the charge applies above that allowance.
sapn-2324-app-res-tou-energy,sapn,sapn-2023-24-annual-pricing-proposal-revised-8may2023,2023-24,"Residential Time of Use / Prosumer energy windows (RTOU, RPRO)",local_time,not_stated,1,pdf:p26,Five hour window of 10:00am – 3:00pm,Peak is '14 hours per day not captured in the Off-peak or Solar Sponge windows'. Time basis: 'Residential tariffs are based on Local Time (CDT/CDST) unless otherwise stated.' (pdf:p26). No day-type distinction is made.
sapn-2324-app-rpro-demand,sapn,sapn-2023-24-annual-pricing-proposal-revised-8may2023,2023-24,Residential Prosumer summer demand window (RPRO),local_time,not_stated,0,pdf:p26,Highest daily average demand interval Summer November – March: • 5:00pm – 9:00pm CDST All days,"Window stated as '5:00pm – 9:00pm CDST All days', November–March."
sapn-2324-app-sbtou-energy,sapn,sapn-2023-24-annual-pricing-proposal-revised-8may2023,2023-24,"Small Business Time of Use energy windows (SBTOU, SBTOUD)",local_time,as_non_business_day,1,pdf:p28,7:00am – 5:00pm WD November – March and either: 7:00am – 9:00pm WD April – October.,"'WD' is defined in the document's glossary (pdf:p108): 'WD Monday Tuesday Wednesday Thursday Friday excluding Public Holidays.' and 'NWD Saturday, Sunday and Public Holidays', so WD windows are business days and public holidays take the non-business-day (NWD) treatment. Time basis: 'Small Business tariffs are based on Local Time (CST/CDST).'"
sapn-2324-app-sbtoue-energy,sapn,sapn-2023-24-annual-pricing-proposal-revised-8may2023,2023-24,Small Business Time of Use Electrify energy windows (SBTOUE),local_time,as_non_business_day,1,pdf:p28,7:00am – 10:00am and 4:00pm – 5:00pm WD.,"'WD' is defined in the document's glossary (pdf:p108): 'WD Monday Tuesday Wednesday Thursday Friday excluding Public Holidays.' and 'NWD Saturday, Sunday and Public Holidays', so WD windows are business days and public holidays take the non-business-day (NWD) treatment. Time basis: 'Small Business tariffs are based on Local Time (CST/CDST).'"
sapn-2324-app-transition-demand,sapn,sapn-2023-24-annual-pricing-proposal-revised-8may2023,2023-24,"Actual monthly demand transition tariff windows (SBD, BD, HBD)",local_time,as_non_business_day,0,pdf:p28,4:00pm – 9:00pm WD November – March,"'WD' is defined in the document's glossary (pdf:p108): 'WD Monday Tuesday Wednesday Thursday Friday excluding Public Holidays.' and 'NWD Saturday, Sunday and Public Holidays', so WD windows are business days and public holidays take the non-business-day (NWD) treatment."
sapn-2425-app-b2r,sapn,sapn-2024-25-annual-pricing-proposal-19apr2024,2024-25,Small Business Two-Rate peak window (B2R),standard_time,not_stated,0,pdf:p28,"Five days a week (Monday – Friday) or possibly meter (Type 6) all days of the week, as recorded by the meter. Typically 7:00am – 9:00pm CST.","Peak applies 'Five days a week (Monday – Friday) or possibly all days of the week, as recorded by the meter. Typically 7:00am – 9:00pm CST'; off-peak is all other times. Weekend treatment depends on the meter, so weekends are not tiled."
sapn-2425-app-b2rt,sapn,sapn-2024-25-annual-pricing-proposal-19apr2024,2024-25,Large LV Business Two-Rate peak window (B2RT),local_time,not_stated,0,pdf:p29,7:00am to 9:00pm five days a week (Monday to capability Friday) or possibly all days of the week.,Peak '7:00am to 9:00pm five days a week (Monday to Friday) or possibly all days of the week'; off-peak 'At all other times'. Time basis from 'Large Business tariffs are based on Local Time (CST/CDST) unless otherwise stated.' (pdf:p30).
sapn-2425-app-cbd-peak-demand,sapn,sapn-2024-25-annual-pricing-proposal-19apr2024,2024-25,Large Business peak demand window – CBD,local_time,as_non_business_day,0,pdf:p29,• CBD 11:00am – 5:00pm CDST WD,"CBD-only codes take the CBD window and SA codes the non-CBD window, as the code columns of Table 31 (pdf:p67) are headed 'Code SA' and 'Code CBD only'. 'WD' is defined in the document's glossary (pdf:p104): 'WD Monday Tuesday Wednesday Thursday Friday excluding Public Holidays.' and 'NWD Saturday, Sunday and Public Holidays', so WD windows are business days and public holidays take the non-business-day (NWD) treatment."
sapn-2425-app-cl-tou,sapn,sapn-2024-25-annual-pricing-proposal-19apr2024,2024-25,Controlled Load (CL) interval-meter partner tariff windows,standard_time,not_stated,1,pdf:p27,Seven hour window of 11:30pm – 6:30am,Off-peak and Solar Sponge windows have 'a randomized start time of at least one hour'. 'Controlled Load partner tariffs are based on CST.'
sapn-2425-app-electrify-energy,sapn,sapn-2024-25-annual-pricing-proposal-19apr2024,2024-25,"Residential Electrify energy windows (RELE, RELE2W)",local_time,not_stated,1,pdf:p25,Four hour window of 5:00pm – meter (Type 4); or 9:00pm,Shoulder is '14 hours per day not captured in the Peak or Solar Sponge windows'. Time basis: 'Residential tariffs are based on Local Time (CDT/CDST) unless otherwise stated.'.
sapn-2425-app-large-energy,sapn,sapn-2024-25-annual-pricing-proposal-19apr2024,2024-25,Large LV and HV Business energy windows (annual/monthly demand tariffs),local_time,as_non_business_day,1,pdf:p29,Usage – Peak $/kWh 7:00am – 9:00pm WD.,"'WD' is defined in the document's glossary (pdf:p104): 'WD Monday Tuesday Wednesday Thursday Friday excluding Public Holidays.' and 'NWD Saturday, Sunday and Public Holidays', so WD windows are business days and public holidays take the non-business-day (NWD) treatment. The table rows pair each Large LV tariff with its HV counterpart (LBAD|HVAD|HVAD500, LBADF|HVADF, LBMD|HVMD). Time basis: 'Large Business tariffs are based on Local Time (CST/CDST) unless otherwise stated.' (pdf:p30)."
sapn-2425-app-noncbd-peak-demand,sapn,sapn-2024-25-annual-pricing-proposal-19apr2024,2024-25,Large Business peak demand window – non-CBD,local_time,not_stated,0,pdf:p29,• Non CBD 5:00pm – 9:00pm CDST All days,"CBD-only codes take the CBD window and SA codes the non-CBD window, as the code columns of Table 31 (pdf:p67) are headed 'Code SA' and 'Code CBD only'."
sapn-2425-app-opcl-supply,sapn,sapn-2024-25-annual-pricing-proposal-19apr2024,2024-25,Off-Peak Controlled Load (OPCL) legacy-meter supply times,standard_time,not_stated,0,pdf:p27,"usage between 11:00pm – 7:00am |OPCL (Type 5, 6) * and from 10:00am – 3:00pm","'Time clock is managed by SA Power Networks, and typically involves' these times. 'Controlled Load partner tariffs are based on CST.'"
sapn-2425-app-rele2w-export,sapn,sapn-2024-25-annual-pricing-proposal-19apr2024,2024-25,Electrify Two Way export charge and credit windows (RELE2W),local_time,not_stated,0,pdf:p26,Export Charge – $/kWh Six hour window of 10:00am – Solar Sponge 4:00pm,9kWh per day of export in the Solar Sponge window is free; the charge applies above that allowance.
sapn-2425-app-res-tou-energy,sapn,sapn-2024-25-annual-pricing-proposal-19apr2024,2024-25,"Residential Time of Use / Prosumer energy windows (RTOU, RPRO)",local_time,not_stated,1,pdf:p25,Five hour window of 10:00am – Sponge 3:00pm,Peak is '14 hours per day not captured in the Off-peak or Solar Sponge windows'. Time basis: 'Residential tariffs are based on Local Time (CDT/CDST) unless otherwise stated.' (pdf:p26). No day-type distinction is made.
sapn-2425-app-rpro-demand,sapn,sapn-2024-25-annual-pricing-proposal-19apr2024,2024-25,Residential Prosumer summer demand window (RPRO),local_time,not_stated,0,pdf:p25,Highest daily average demand Summer interval November – March: • 5:00pm – 9:00pm CDST All days,"Window stated as '5:00pm – 9:00pm CDST All days', November–March."
sapn-2425-app-sbtou-energy,sapn,sapn-2024-25-annual-pricing-proposal-19apr2024,2024-25,"Small Business Time of Use energy windows (SBTOU, SBTOUD)",local_time,as_non_business_day,1,pdf:p28,7:00am – 5:00pm WD November – March and either: 7:00am – 9:00pm WD April – October.,"'WD' is defined in the document's glossary (pdf:p104): 'WD Monday Tuesday Wednesday Thursday Friday excluding Public Holidays.' and 'NWD Saturday, Sunday and Public Holidays', so WD windows are business days and public holidays take the non-business-day (NWD) treatment. Time basis: 'Small Business tariffs are based on Local Time (CST/CDST).'"
sapn-2425-app-sbtoue-energy,sapn,sapn-2024-25-annual-pricing-proposal-19apr2024,2024-25,Small Business Time of Use Electrify energy windows (SBTOUE),local_time,as_non_business_day,1,pdf:p28,7:00am – 10:00am and 4:00pm – 5:00pm WD.,"'WD' is defined in the document's glossary (pdf:p104): 'WD Monday Tuesday Wednesday Thursday Friday excluding Public Holidays.' and 'NWD Saturday, Sunday and Public Holidays', so WD windows are business days and public holidays take the non-business-day (NWD) treatment. Time basis: 'Small Business tariffs are based on Local Time (CST/CDST).'"
sapn-2425-app-transition-demand,sapn,sapn-2024-25-annual-pricing-proposal-19apr2024,2024-25,"Actual monthly demand transition tariff windows (SBD, BD, HBD)",local_time,as_non_business_day,0,pdf:p28,4:00pm – 9:00pm WD November – March,"'WD' is defined in the document's glossary (pdf:p104): 'WD Monday Tuesday Wednesday Thursday Friday excluding Public Holidays.' and 'NWD Saturday, Sunday and Public Holidays', so WD windows are business days and public holidays take the non-business-day (NWD) treatment."
sapn-2526-aer-b2r,sapn,sapn-2025-26-pricing-proposal-overview-14may2025,2025-26,"Business Two-Rate peak window (B2R, B2RNE)",not_stated,not_stated,0,pdf:p20,"Five days a week (Monday – Friday) or possibly all days of the week, as recorded by the meter. 0-30kW export Typically 7:00am – 9:00pm.","Peak 'Five days a week (Monday – Friday) or possibly all days of the week, as recorded by the meter. Typically 7:00am – 9:00pm.'; off peak 'all other times'. Weekends depend on the meter and are not tiled. Accumulation meter, so the interval-meter local-time statement does not apply."
sapn-2526-aer-cbd-peak-demand,sapn,sapn-2025-26-pricing-proposal-overview-14may2025,2025-26,Large Business peak demand window – CBD,local_time,not_stated,0,pdf:p25,• CBD 11:00am – 5:00pm WD,"CBD codes take the CBD window and SA codes the non-CBD window, as the code columns of Table 9 (pdf:p37) are headed 'Code: SA' and 'Code: CBD'. The document writes 'WD' without defining it; read as weekdays (Monday-Friday). Public holidays are not mentioned."
sapn-2526-aer-cl-tou,sapn,sapn-2025-26-pricing-proposal-overview-14may2025,2025-26,Time of Use Controlled Load (CL) partner tariff windows,standard_time,not_stated,1,pdf:p15,Seven hour window of 11:30pm – 6:30am.,'All start times must be randomised by at least one hour.' 'Tariff structures are based on ACST.'
sapn-2526-aer-large-energy,sapn,sapn-2025-26-pricing-proposal-overview-14may2025,2025-26,Large LV and HV Business energy windows,local_time,not_stated,1,pdf:p25,Usage – Peak $/kWh 7:00am – 9:00pm WD.,The document writes 'WD' without defining it; read as weekdays (Monday-Friday). Public holidays are not mentioned. Time basis: 'Interval meter tariff structures are based on local time: ACST/ ACDT.'
sapn-2526-aer-noncbd-peak-demand,sapn,sapn-2025-26-pricing-proposal-overview-14may2025,2025-26,Large Business peak demand window – non-CBD,local_time,not_stated,0,pdf:p25,• Non CBD 5:00pm – 9:00pm All days,"CBD codes take the CBD window and SA codes the non-CBD window, as the code columns of Table 9 (pdf:p37) are headed 'Code: SA' and 'Code: CBD'."
sapn-2526-aer-opcl-supply,sapn,sapn-2025-26-pricing-proposal-overview-14may2025,2025-26,Off Peak Controlled Load (OPCL) time clock supply times,standard_time,not_stated,0,pdf:p15,between 11:00pm – 7:00am and 10:00am – Residential and Type 5 Interval 3:00pm.,"'Time clock is managed by SA Power Networks, and typically involves usage' in these times. 'Tariff structures are based on ACST.'"
sapn-2526-aer-res-tou-energy,sapn,sapn-2025-26-pricing-proposal-overview-14may2025,2025-26,"Residential Time of Use energy windows (RTOU, RTOUNE)",local_time,not_stated,1,pdf:p13,Usage – Peak $/kWh 12 hours per day not captured in the Off Peak 0-30kW export or Solar Sponge windows.,Peak is '12 hours per day not captured in the Off Peak or Solar Sponge windows'. Time basis: 'Interval meter tariff structures are based on local time: ACST/ ACDT.' (pdf:p14).
sapn-2526-aer-resele-energy,sapn,sapn-2025-26-pricing-proposal-overview-14may2025,2025-26,"Residential Electrify energy windows (RESELE, RESELENE)",local_time,not_stated,1,pdf:p14,Four hour window of 5:00pm – 9:00pm.,Time basis: 'Interval meter tariff structures are based on local time: ACST/ ACDT.'
sapn-2526-aer-resele-export,sapn,sapn-2025-26-pricing-proposal-overview-14may2025,2025-26,Residential Electrify export charge and credit windows (RESELE),local_time,not_stated,0,pdf:p14,Export Credit – $/kWh Four hour window of 5:00pm – 9:00pm Peak November – March.,9kWh per day free in the Solar Sponge window.
sapn-2526-aer-rtou-export,sapn,sapn-2025-26-pricing-proposal-overview-14may2025,2025-26,Residential Time of Use export charge window (RTOU),local_time,not_stated,0,pdf:p13,Export Charge – $/kWh Six hour window of 10:00am – 4:00pm.,9kWh per day free in the Solar Sponge window; charge applies to export above that allowance. Export at all other times is free. RTOUNE (>30kW export capacity) has no export tariff.
sapn-2526-aer-sb-export,sapn,sapn-2025-26-pricing-proposal-overview-14may2025,2025-26,"Small/Medium Business export charge window (SBTOU, MBTOUD)",local_time,not_stated,0,pdf:p21,Export Charge – $/kWh Six hour window of 10:00am – 4:00pm.,9kWh per day free in the window; unused allowance rolls over separately for WD and NWD days.
sapn-2526-aer-sbele-energy,sapn,sapn-2025-26-pricing-proposal-overview-14may2025,2025-26,"Small Business Electrify energy windows (SBELE, SBELENE)",local_time,not_stated,1,pdf:p23,7:00am – 10:00am and 4:00pm – 5:00pm WD.,The document writes 'WD' without defining it; read as weekdays (Monday-Friday). Public holidays are not mentioned. Time basis: 'Interval meter tariff structures are based on local time: ACST/ ACDT.'
sapn-2526-aer-sbele-export,sapn,sapn-2025-26-pricing-proposal-overview-14may2025,2025-26,Small Business Electrify export charge and credit windows (SBELE),local_time,not_stated,0,pdf:p23,Export Credit – $/kWh Four hour window of 5:00pm – 9:00pm Peak November – March.,
sapn-2526-aer-sbtou-energy,sapn,sapn-2025-26-pricing-proposal-overview-14may2025,2025-26,Small Business Time of Use and Medium Business TOU Demand energy windows,local_time,not_stated,1,pdf:p21,7:00am – 5:00pm WD November – March and Customer Choice 7:00am – 9:00pm WD April – October.,The document writes 'WD' without defining it; read as weekdays (Monday-Friday). Public holidays are not mentioned. Time basis: 'Interval meter tariff structures are based on local time: ACST/ ACDT.' (pdf:p23).
sapn-2526-dnsp-b2r,sapn,sapn-initial-pricing-proposal-overview-2025-26-id333252,2025-26,"Business Two-Rate peak window (B2R, B2RNE)",not_stated,not_stated,0,pdf:p20,"Five days a week (Monday – Friday) or possibly all days of the week, as recorded by the meter. 0-30kW export Typically 7:00am – 9:00pm.","Peak 'Five days a week (Monday – Friday) or possibly all days of the week, as recorded by the meter. Typically 7:00am – 9:00pm.'; off peak 'all other times'. Weekends depend on the meter and are not tiled. Accumulation meter, so the interval-meter local-time statement does not apply."
sapn-2526-dnsp-cbd-peak-demand,sapn,sapn-initial-pricing-proposal-overview-2025-26-id333252,2025-26,Large Business peak demand window – CBD,local_time,not_stated,0,pdf:p25,• CBD 11:00am – 5:00pm WD,"CBD codes take the CBD window and SA codes the non-CBD window, as the code columns of Table 9 (pdf:p37) are headed 'Code: SA' and 'Code: CBD'. The document writes 'WD' without defining it; read as weekdays (Monday-Friday). Public holidays are not mentioned."
sapn-2526-dnsp-cl-tou,sapn,sapn-initial-pricing-proposal-overview-2025-26-id333252,2025-26,Time of Use Controlled Load (CL) partner tariff windows,standard_time,not_stated,1,pdf:p15,Seven hour window of 11:30pm – 6:30am.,'All start times must be randomised by at least one hour.' 'Tariff structures are based on ACST.'
sapn-2526-dnsp-large-energy,sapn,sapn-initial-pricing-proposal-overview-2025-26-id333252,2025-26,Large LV and HV Business energy windows,local_time,not_stated,1,pdf:p25,Usage – Peak $/kWh 7:00am – 9:00pm WD.,The document writes 'WD' without defining it; read as weekdays (Monday-Friday). Public holidays are not mentioned. Time basis: 'Interval meter tariff structures are based on local time: ACST/ ACDT.'
sapn-2526-dnsp-noncbd-peak-demand,sapn,sapn-initial-pricing-proposal-overview-2025-26-id333252,2025-26,Large Business peak demand window – non-CBD,local_time,not_stated,0,pdf:p25,• Non CBD 5:00pm – 9:00pm All days,"CBD codes take the CBD window and SA codes the non-CBD window, as the code columns of Table 9 (pdf:p37) are headed 'Code: SA' and 'Code: CBD'."
sapn-2526-dnsp-opcl-supply,sapn,sapn-initial-pricing-proposal-overview-2025-26-id333252,2025-26,Off Peak Controlled Load (OPCL) time clock supply times,standard_time,not_stated,0,pdf:p15,between 11:00pm – 7:00am and 10:00am – Residential and Type 5 Interval 3:00pm.,"'Time clock is managed by SA Power Networks, and typically involves usage' in these times. 'Tariff structures are based on ACST.'"
sapn-2526-dnsp-res-tou-energy,sapn,sapn-initial-pricing-proposal-overview-2025-26-id333252,2025-26,"Residential Time of Use energy windows (RTOU, RTOUNE)",local_time,not_stated,1,pdf:p13,Usage – Peak $/kWh 12 hours per day not captured in the Off Peak 0-30kW export or Solar Sponge windows.,Peak is '12 hours per day not captured in the Off Peak or Solar Sponge windows'. Time basis: 'Interval meter tariff structures are based on local time: ACST/ ACDT.' (pdf:p14).
sapn-2526-dnsp-resele-energy,sapn,sapn-initial-pricing-proposal-overview-2025-26-id333252,2025-26,"Residential Electrify energy windows (RESELE, RESELENE)",local_time,not_stated,1,pdf:p14,Four hour window of 5:00pm – 9:00pm.,Time basis: 'Interval meter tariff structures are based on local time: ACST/ ACDT.'
sapn-2526-dnsp-resele-export,sapn,sapn-initial-pricing-proposal-overview-2025-26-id333252,2025-26,Residential Electrify export charge and credit windows (RESELE),local_time,not_stated,0,pdf:p14,Export Credit – $/kWh Four hour window of 5:00pm – 9:00pm Peak November – March.,9kWh per day free in the Solar Sponge window.
sapn-2526-dnsp-rtou-export,sapn,sapn-initial-pricing-proposal-overview-2025-26-id333252,2025-26,Residential Time of Use export charge window (RTOU),local_time,not_stated,0,pdf:p13,Export Charge – $/kWh Six hour window of 10:00am – 4:00pm.,9kWh per day free in the Solar Sponge window; charge applies to export above that allowance. Export at all other times is free. RTOUNE (>30kW export capacity) has no export tariff.
sapn-2526-dnsp-sb-export,sapn,sapn-initial-pricing-proposal-overview-2025-26-id333252,2025-26,"Small/Medium Business export charge window (SBTOU, MBTOUD)",local_time,not_stated,0,pdf:p21,Export Charge – $/kWh Six hour window of 10:00am – 4:00pm.,9kWh per day free in the window; unused allowance rolls over separately for WD and NWD days.
sapn-2526-dnsp-sbele-energy,sapn,sapn-initial-pricing-proposal-overview-2025-26-id333252,2025-26,"Small Business Electrify energy windows (SBELE, SBELENE)",local_time,not_stated,1,pdf:p23,7:00am – 10:00am and 4:00pm – 5:00pm WD.,The document writes 'WD' without defining it; read as weekdays (Monday-Friday). Public holidays are not mentioned. Time basis: 'Interval meter tariff structures are based on local time: ACST/ ACDT.'
sapn-2526-dnsp-sbele-export,sapn,sapn-initial-pricing-proposal-overview-2025-26-id333252,2025-26,Small Business Electrify export charge and credit windows (SBELE),local_time,not_stated,0,pdf:p23,Export Credit – $/kWh Four hour window of 5:00pm – 9:00pm Peak November – March.,
sapn-2526-dnsp-sbtou-energy,sapn,sapn-initial-pricing-proposal-overview-2025-26-id333252,2025-26,Small Business Time of Use and Medium Business TOU Demand energy windows,local_time,not_stated,1,pdf:p21,7:00am – 5:00pm WD November – March and Customer Choice 7:00am – 9:00pm WD April – October.,The document writes 'WD' without defining it; read as weekdays (Monday-Friday). Public holidays are not mentioned. Time basis: 'Interval meter tariff structures are based on local time: ACST/ ACDT.' (pdf:p23).
tasnetworks-2023-24-guide-res-tou,tasnetworks,tasnetworks-2023-24-network-tariff-application-and-price-guide-4apr2023,2023-24,"Peak / off-peak time periods shared by residential and LV demand tariffs (Tables 2, 5, 7, 10, 15, 17, 20)",standard_time,not_stated,1,pdf:p19,Peak Weekdays (Monday to Friday) 07:00 – 10:00 and 16:00 – 21:00 Off-peak Weekdays (Monday to Friday) All times not covered above Weekends (Saturday and Sunday) All day,Guide section 3.3 (pdf:p9): 'All times referred to in this Guide are in Australian Eastern Standard Time (AEST).' Public holidays are not mentioned anywhere in the guide.
tasnetworks-2023-24-guide-sb-tou,tasnetworks,tasnetworks-2023-24-network-tariff-application-and-price-guide-4apr2023,2023-24,Small business time of use consumption periods (Table 12),standard_time,not_stated,1,pdf:p31,Peak Weekdays (Monday to Friday) 07:00 – 22:00 Shoulder Weekends (Saturday and Sunday) 07:00 – 22:00 Off-peak Weekdays (Monday to Friday) All times not covered above Weekends (Saturday and Sunday) All times not covered above,"Guide section 3.3 (pdf:p9): 'All times referred to in this Guide are in Australian Eastern Standard Time (AEST).' Public holidays are not mentioned anywhere in the guide. Figure 5 on the same page labels the weekday peak and weekend shoulder bars '07:00 - 10:00', and the text below Table 12 says the shoulder period 'operates in the middle of the day on weekdays', both of which contradict Table 12; the table's 07:00 - 22:00 is used."
tasnetworks-2023-24-guide-seasonal-tou,tasnetworks,tasnetworks-2023-24-network-tariff-application-and-price-guide-4apr2023,2023-24,"Seasonal peak / shoulder / off-peak periods for irrigation and HV specified demand tariffs (Tables 22, 24, 26)",standard_time,not_stated,1,pdf:p42,Summer Shoulder Weekdays (Monday to Friday) 07:00 – 22:00 (1 Oct – 31 Mar) Off-peak Weekdays (Monday to Friday) All other summer times Weekends (Saturday and Sunday) All day Winter Peak Weekdays (Monday to Friday) 07:00 – 22:00 (1 Apr – 30 Sep) Shoulder Weekends (Saturday and Sunday) 07:00 – 22:00 Off-peak Weekdays (Monday to Friday) All other winter times Weekends (Saturday and Sunday) All other winter times,Guide section 3.3 (pdf:p9): 'All times referred to in this Guide are in Australian Eastern Standard Time (AEST).' Public holidays are not mentioned anywhere in the guide.
tasnetworks-2023-24-guide-tas61-supply,tasnetworks,tasnetworks-2023-24-network-tariff-application-and-price-guide-4apr2023,2023-24,Controlled energy off-peak with afternoon boost (TAS61) supply envelopes,standard_time,not_stated,0,pdf:p55,energy will be available daily for: • at least nine hours between 20:00 hours and 07:00 hours the following day; and • a further two hours between 13:00 hours and 16:30 hours.,"Guide section 3.3 (pdf:p9): 'All times referred to in this Guide are in Australian Eastern Standard Time (AEST).' Public holidays are not mentioned anywhere in the guide. These are envelopes, not exact switching times: supply is at least 9 hours within 20:00-07:00 and a further 2 hours within 13:00-16:30, and pdf:p56 says 'TasNetworks will choose the actual times during the periods that the energy will be available.'"
tasnetworks-2023-24-guide-tas63-supply,tasnetworks,tasnetworks-2023-24-network-tariff-application-and-price-guide-4apr2023,2023-24,Controlled energy night period only (TAS63) supply availability,standard_time,not_stated,0,pdf:p53,Energy to installations connected on this network tariff will only be available between 22:00 hours and 07:00 hours the following day.,"Guide section 3.3 (pdf:p9): 'All times referred to in this Guide are in Australian Eastern Standard Time (AEST).' Public holidays are not mentioned anywhere in the guide. The guide does not restrict the window to particular day types, so it is recorded for all days."
ue-2324-pdf-gt-demand-11am-4pm,unitedenergy,ue-pricing-proposal-2023-24-wayback,2023-24,Trial: generator storage (GT) demand window option 11am-4pm,local_time,not_stated,0,pdf:p12,"Generator storage tariff kW demand charge is based on the highest 30-minute demand measured over the last 12 months for only 4-9pm or only 11am-4pm, every day of year, local time",The document gives two alternative windows ('only 4-9pm or only 11am-4pm'); each is a separate schedule. Which option applies to a site is not stated.
ue-2324-pdf-gt-demand-4-9pm,unitedenergy,ue-pricing-proposal-2023-24-wayback,2023-24,Trial: generator storage (GT) demand window option 4-9pm,local_time,not_stated,0,pdf:p12,"Generator storage tariff kW demand charge is based on the highest 30-minute demand measured over the last 12 months for only 4-9pm or only 11am-4pm, every day of year, local time",The document gives two alternative windows ('only 4-9pm or only 11am-4pm'); each is a separate schedule. Which option applies to a site is not stated.
ue-2324-pdf-kva-energy,unitedenergy,ue-pricing-proposal-2023-24-wayback,2023-24,Large kVA tariffs peak / off-peak usage,local_time,not_stated,1,pdf:p27,Peak usage is kWh usage between 7am and 7pm local time on workdays.,"Section A.4.4. Table A.9 (p25) shows the same 'workdays 7am-7pm' / 'non-peak times' for all five kVA tariffs. 'workdays' is not defined in the document, so mapped to weekday (Mon-Fri); public holiday treatment not stated"
ue-2324-pdf-kva-rolling,unitedenergy,ue-pricing-proposal-2023-24-wayback,2023-24,Large kVA tariffs rolling demand measurement window,local_time,not_stated,0,pdf:p27,Maximum 30-minute kW is measured between 7am and 7pm local time on workdays over the prior 12 months.,"Section A.4.2. 'workdays' is not defined in the document, so mapped to weekday (Mon-Fri); public holiday treatment not stated"
ue-2324-pdf-kva-summer-incentive-1-4pm,unitedenergy,ue-pricing-proposal-2023-24-wayback,2023-24,Large kVA tariffs summer incentive demand window 1-4pm,local_time,not_stated,0,pdf:p27,Maximum monthly kVA is based on a fixed either a 1-4pm or 4-7pm measurement period on each workday of the applicable months.,"Section A.4.3; Table A.9 (p25) summer incentive column assigns workdays 1pm-4pm to LVkVATOU1/HVkVATOU1 and workdays 4pm-7pm to LVkVATOU2/HVkVATOU2/SUBTkVATOU. 'workdays' is not defined in the document, so mapped to weekday (Mon-Fri); public holiday treatment not stated"
ue-2324-pdf-kva-summer-incentive-4-7pm,unitedenergy,ue-pricing-proposal-2023-24-wayback,2023-24,Large kVA tariffs summer incentive demand window 4-7pm,local_time,not_stated,0,pdf:p27,Maximum monthly kVA is based on a fixed either a 1-4pm or 4-7pm measurement period on each workday of the applicable months.,"Section A.4.3; Table A.9 (p25) summer incentive column assigns workdays 1pm-4pm to LVkVATOU1/HVkVATOU1 and workdays 4pm-7pm to LVkVATOU2/HVkVATOU2/SUBTkVATOU. 'workdays' is not defined in the document, so mapped to weekday (Mon-Fri); public holiday treatment not stated"
ue-2324-pdf-lvmkw1r-demand,unitedenergy,ue-pricing-proposal-2023-24-wayback,2023-24,Small/medium business demand (LVMKW1R) summer / non-summer window,local_time,not_stated,0,pdf:p24,workdays workdays Demand LVMKW1R3 < 120kVA ✓ ✓ (otherwise 10am-6pm 10am-6pm,"Table A.8 summer / non-summer demand columns. Footnote 2: summer is 1 December to 31 March; the document does not list the non-summer months, so they are recorded as not_stated. 'workdays' is not defined in the document, so mapped to weekday (Mon-Fri); public holiday treatment not stated"
ue-2324-pdf-lvtou,unitedenergy,ue-pricing-proposal-2023-24-wayback,2023-24,Small business ToU (LVTOU) energy peak / non-peak,local_time,not_stated,1,pdf:p24,40MWh pa workdays non-peak Time of use LVTOU < 160MWh pa ✓ (otherwise 9am-9pm times,"Table A.8 peak energy 'workdays 9am-9pm', off peak 'non-peak times'; weekend windows are the non-peak complement. 'workdays' is not defined in the document, so mapped to weekday (Mon-Fri); public holiday treatment not stated"
ue-2324-pdf-reskw1r-demand,unitedenergy,ue-pricing-proposal-2023-24-wayback,2023-24,Residential demand (RESKW1R) summer / non-summer demand window,local_time,not_stated,0,pdf:p23,workdays workdays Demand RESKW1R3 Opt-in ✓ ✓ 3pm-9pm 3pm-9pm,"Table A.7 summer demand and non-summer demand columns (superscript 3 on the code is a footnote). Footnote 2: summer is 1 December to 31 March; the document does not list the non-summer months, so they are recorded as not_stated. 'workdays' is not defined in the document, so mapped to weekday (Mon-Fri); public holiday treatment not stated"
ue-2324-pdf-trial-saver,unitedenergy,ue-pricing-proposal-2023-24-wayback,2023-24,Trial: residential daytime saver (URDS) and community battery (LVNDBB) periods,local_time,not_stated,1,pdf:p12,"Residential daytime saver and community battery peak period is 4pm-9pm, saver period is 10am-3pm, off-peak is all other times, from Monday to Sunday.",Table 6 notes; 'All trial tariffs above are in local time.' Table 6 prices LVNDBB import peak/saver and export peak.
ue-2324-pdf-unmet,unitedenergy,ue-pricing-proposal-2023-24-wayback,2023-24,Unmetered supplies (UnMet) energy peak / non-peak,not_stated,not_stated,1,pdf:p24,Unmetered weekdays non-peak UnMet5 Open N/A supplies 7am-11pm times,"Table A.8 notes: 'All times are local times except for UnMet.' The document does not say what time basis UnMet uses, so it is recorded as not_stated. Weekend windows are the 'non-peak times' complement."
ue-2324-pdf-urtou,unitedenergy,ue-pricing-proposal-2023-24-wayback,2023-24,Residential ToU (URTOU) energy peak / non-peak,local_time,not_stated,1,pdf:p23,all days non-peak Time of use URTOU Default ✓ 3pm-9pm times,"Table A.7 peak energy column 'all days 3pm-9pm', off peak column 'non-peak times'; notes: 'All times are local times.'"
ue-2324-xlsx-gt-demand-11am-4pm,unitedenergy,unitedenergy-2023-24-tariff-summary-31mar2023,2023-24,Trial: generator storage (GT) demand window option 11am-4pm,local_time,not_stated,0,xlsx:UE_2023-24_TRIAL_NUOS!B17,"Generator storage tariff kW demand charge based on the highest 30-minute demand measured over the last 12 months for only 4-9pm or only 11am-4pm, every day of year, local time",Two alternative windows ('only 4-9pm or only 11am-4pm'); which applies to a site is not stated.
ue-2324-xlsx-gt-demand-4-9pm,unitedenergy,unitedenergy-2023-24-tariff-summary-31mar2023,2023-24,Trial: generator storage (GT) demand window option 4-9pm,local_time,not_stated,0,xlsx:UE_2023-24_TRIAL_NUOS!B17,"Generator storage tariff kW demand charge based on the highest 30-minute demand measured over the last 12 months for only 4-9pm or only 11am-4pm, every day of year, local time",Two alternative windows ('only 4-9pm or only 11am-4pm'); which applies to a site is not stated.
ue-2324-xlsx-trial-saver,unitedenergy,unitedenergy-2023-24-tariff-summary-31mar2023,2023-24,Trial: residential daytime saver (URDS) and community battery (LVNDBB) periods,local_time,not_stated,1,xlsx:UE_2023-24_TRIAL_NUOS!B15,"Residential daytime saver and community battery peak period is 4pm-9pm, saver period is 10am-3pm, and off-peak is all other times, local time","Trial sheet note. The workbook states no day restriction, so the periods are taken to apply every day (the 2023-24 pricing proposal says 'from Monday to Sunday'); 3pm-4pm falls in 'all other times'."
ue-2425-xlsx-gt-demand-11am-4pm,unitedenergy,unitedenergy-2024-25-tariff-summary-28mar2024,2024-25,Trial: generator storage (GT) demand window option 11am-4pm,local_time,not_stated,0,xlsx:UE_2024-25_TRIAL_NUOS!B17,"Generator storage tariff kW demand charge based on the highest 30-minute demand measured over the last 12 months for only 4-9pm or only 11am-4pm, every day of year, local time",Two alternative windows ('only 4-9pm or only 11am-4pm'); which applies to a site is not stated.
ue-2425-xlsx-gt-demand-4-9pm,unitedenergy,unitedenergy-2024-25-tariff-summary-28mar2024,2024-25,Trial: generator storage (GT) demand window option 4-9pm,local_time,not_stated,0,xlsx:UE_2024-25_TRIAL_NUOS!B17,"Generator storage tariff kW demand charge based on the highest 30-minute demand measured over the last 12 months for only 4-9pm or only 11am-4pm, every day of year, local time",Two alternative windows ('only 4-9pm or only 11am-4pm'); which applies to a site is not stated.
ue-2425-xlsx-trial-saver,unitedenergy,unitedenergy-2024-25-tariff-summary-28mar2024,2024-25,Trial: residential daytime saver (URDS) and community battery (LVNDBB) periods,local_time,not_stated,1,xlsx:UE_2024-25_TRIAL_NUOS!B15,"Residential daytime saver and community battery peak period is 4pm-9pm, saver period is 10am-3pm, and off-peak is all other times, local time","Trial sheet note. The workbook states no day restriction, so the periods are taken to apply every day (the 2023-24 pricing proposal says 'from Monday to Sunday'); 3pm-4pm falls in 'all other times'."
ue-2526-pdf-kva-energy,unitedenergy,unitedenergy-2025-26-final-pricing-31mar2025,2025-26,Large kVA tariffs peak / off-peak usage,local_time,not_stated,1,pdf:p10,Peak usage is kWh usage between 7am and 7pm local time on workdays.,"Section 2.5.4; Table 6 (p8) shows 'Workdays 7am-7pm' / 'Non-peak times' for all five kVA tariffs. 'workdays' is not defined in the document, so mapped to weekday (Mon-Fri); public holiday treatment not stated"
ue-2526-pdf-kva-rolling,unitedenergy,unitedenergy-2025-26-final-pricing-31mar2025,2025-26,Large kVA tariffs rolling demand measurement window,local_time,not_stated,0,pdf:p10,Maximum 30-minute kW is measured between 7am and 7pm local time on workdays over the prior 12 months.,"Section 2.5.2. 'workdays' is not defined in the document, so mapped to weekday (Mon-Fri); public holiday treatment not stated"
ue-2526-pdf-kva-summer-incentive-1-4pm,unitedenergy,unitedenergy-2025-26-final-pricing-31mar2025,2025-26,Large kVA tariffs summer incentive demand window 1-4pm,local_time,not_stated,0,pdf:p10,Maximum monthly kVA is based on a fixed either a 1-4pm or 4-7pm measurement period on each workday of the applicable months.,"Section 2.5.3; Table 6 (p8; rotated table, row quote checked against OCR of the rendered page) summer incentive column: Workdays 1-4pm for LVkVATOU1/HVkVATOU1, Workdays 4-7pm for LVkVATOU2/HVkVATOU2/SUBTkVATOU. 'workdays' is not defined in the document, so mapped to weekday (Mon-Fri); public holiday treatment not stated"
ue-2526-pdf-kva-summer-incentive-4-7pm,unitedenergy,unitedenergy-2025-26-final-pricing-31mar2025,2025-26,Large kVA tariffs summer incentive demand window 4-7pm,local_time,not_stated,0,pdf:p10,Maximum monthly kVA is based on a fixed either a 1-4pm or 4-7pm measurement period on each workday of the applicable months.,"Section 2.5.3; Table 6 (p8; rotated table, row quote checked against OCR of the rendered page) summer incentive column: Workdays 1-4pm for LVkVATOU1/HVkVATOU1, Workdays 4-7pm for LVkVATOU2/HVkVATOU2/SUBTkVATOU. 'workdays' is not defined in the document, so mapped to weekday (Mon-Fri); public holiday treatment not stated"
ue-2526-pdf-lvded-slab,unitedenergy,unitedenergy-2025-26-final-pricing-31mar2025,2025-26,Dedicated circuit (LVDED) slab heating typical switching times,local_time,not_stated,0,pdf:p6,Typically switching times may vary depending on localised demand management activities normally between 12am and 7am.,"Typical times only, may vary with localised demand management; days not stated (taken as every day). Same page: 'An afternoon boost between 1pm and 4pm may occur during winter.' (winter months not defined, not encoded). Hot water: 'Switching times will vary depending on localised demand management activities.' (no times stated)."
ue-2526-pdf-lvmkw1r-demand,unitedenergy,unitedenergy-2025-26-final-pricing-31mar2025,2025-26,Small/medium business demand (LVMKW1R) summer / non-summer window,local_time,not_stated,0,pdf-ocr:p7,Workdays 10am- LVMKW1R <120kVA Workdays 10am- Demand [otherwise Opt-in] 6pm 6pm,"pdf-ocr locator: Tables 5 and 6 are rotated on the page and the text layer extracts them one glyph column at a time, so the quote is checked against OCR of the rendered page. OCR renders the cell '(otherwise Opt-in)' with square brackets. Table 5 summer / non-summer demand columns. 'workdays' is not defined in the document, so mapped to weekday (Mon-Fri); public holiday treatment not stated"
ue-2526-pdf-lvtou,unitedenergy,unitedenergy-2025-26-final-pricing-31mar2025,2025-26,Small business ToU (LVTOU) energy peak / non-peak,local_time,not_stated,1,pdf-ocr:p7,Workdays 9am- ToU LVTOU Non-peak times (otherwise Opt-in) 9pm,"pdf-ocr locator: Tables 5 and 6 are rotated on the page and the text layer extracts them one glyph column at a time, so the quote is checked against OCR of the rendered page. Table 5. Weekend windows are the 'Non-peak times' complement. 'workdays' is not defined in the document, so mapped to weekday (Mon-Fri); public holiday treatment not stated"
ue-2526-pdf-reskw1r-demand,unitedenergy,unitedenergy-2025-26-final-pricing-31mar2025,2025-26,Residential demand (RESKW1R) summer / non-summer demand window,local_time,not_stated,0,pdf:p5,Workdays 3pm- Workdays 3pm- Demand RESKW1R Opt-in ✓ ✓ 9pm 9pm,"Table 4 summer / non-summer demand columns. 'workdays' is not defined in the document, so mapped to weekday (Mon-Fri); public holiday treatment not stated"
ue-2526-pdf-unmet,unitedenergy,unitedenergy-2025-26-final-pricing-31mar2025,2025-26,Unmetered supplies (UNMET) energy peak / non-peak,not_stated,not_stated,1,pdf-ocr:p7,Weekdays 7am- Unmetered supllies UNMET Open N/A 11pm Non-peak times,"pdf-ocr locator: Tables 5 and 6 are rotated on the page and the text layer extracts them one glyph column at a time, so the quote is checked against OCR of the rendered page. Table 5 notes: 'All times are local time, except for UNMET'; the document does not say what time basis UNMET uses, so it is recorded as not_stated. Weekend windows are the 'Non-peak times' complement."
ue-2526-pdf-urtou,unitedenergy,unitedenergy-2025-26-final-pricing-31mar2025,2025-26,Residential ToU (URTOU) energy peak / non-peak,local_time,not_stated,1,pdf:p5,ToU URTOU Default ✓ All days 3pm-9pm Non-peak times,Table 4; 'All times are local times unless specified otherwise.' (p5) and 'All times are local time' (p6).
ue-2627-pdf-evutou,unitedenergy,ue-pricing-proposal-2026-27-07may2026,2026-27,Trial: kerbside EV charging (EVUTOU) import and seasonal export credit periods,not_stated,not_stated,0,pdf-ocr:p14,All days import c/kWh Off-peak Saver Peak charge,"Figure 4 'KEVC trial network tariff structure' is an image: time axis 12am / 11am / 4pm / 9pm; OCR reads '12am 11am 4pm' but not the '9pm' label, so the 4pm-9pm peak and export-credit end was read visually from the figure. The 9pm-12am segment is shaded like off-peak but unlabelled, so it is not encoded. The PDF does not print a tariff code for the KEVC trial, so no tariff is linked to this schedule (the 2026-27 tariff summary trial sheet lists 'Residential kerbside EV charger' as EVUTOU). Time basis not stated for the trial."
ue-2627-pdf-kva-energy,unitedenergy,ue-pricing-proposal-2026-27-07may2026,2026-27,Large kVA tariffs peak / off-peak usage,local_time,not_stated,1,pdf:p12,Peak usage is kWh usage between 7am and 7pm local time on workdays.,"Section 2.5.4; Table 6 (p8) shows 'workdays 7am-7pm' / 'non-peak times' for these tariffs. The 2026-27 PDF prints the sub-transmission code as 'SUBTKVATOU2'; the 2026-27 tariff summary workbook and the parsed price tables use 'SUBTKVATOU', so that code is used here. 'workdays' is not defined in the document, so mapped to weekday (Mon-Fri); public holiday treatment not stated"
ue-2627-pdf-kva-incentive-1-4pm-summer,unitedenergy,ue-pricing-proposal-2026-27-07may2026,2026-27,Large kVA tariffs incentive demand window 1-4pm-summer,local_time,not_stated,0,pdf:p11,"1-4pm local time workdays in summer (Dec-Mar), or","Section 2.5.3; Table 6 notes (p9) map the code suffix to the period. Incentive demand is not applicable to sub-transmission (p12). 'workdays' is not defined in the document, so mapped to weekday (Mon-Fri); public holiday treatment not stated"
ue-2627-pdf-kva-incentive-4-7pm-summer,unitedenergy,ue-pricing-proposal-2026-27-07may2026,2026-27,Large kVA tariffs incentive demand window 4-7pm-summer,local_time,not_stated,0,pdf:p11,"4-7pm local time workdays in summer (Dec-Mar), or","Section 2.5.3; Table 6 notes (p9) map the code suffix to the period. Incentive demand is not applicable to sub-transmission (p12). 'workdays' is not defined in the document, so mapped to weekday (Mon-Fri); public holiday treatment not stated"
ue-2627-pdf-kva-incentive-4-7pm-winter,unitedenergy,ue-pricing-proposal-2026-27-07may2026,2026-27,Large kVA tariffs incentive demand window 4-7pm-winter,local_time,not_stated,0,pdf:p11,4-7pm local time workdays in winter (May-Aug).,"Section 2.5.3; Table 6 notes (p9) map the code suffix to the period. Incentive demand is not applicable to sub-transmission (p12). 'workdays' is not defined in the document, so mapped to weekday (Mon-Fri); public holiday treatment not stated"
ue-2627-pdf-kva-rolling,unitedenergy,ue-pricing-proposal-2026-27-07may2026,2026-27,Large kVA tariffs rolling demand measurement window,local_time,not_stated,0,pdf:p11,Maximum 30-minute kW is measured between 7am and 7pm local time on workdays over the most recent 12 months.,"Section 2.5.2. The 2026-27 PDF prints the sub-transmission code as 'SUBTKVATOU2'; the 2026-27 tariff summary workbook and the parsed price tables use 'SUBTKVATOU', so that code is used here. 'workdays' is not defined in the document, so mapped to weekday (Mon-Fri); public holiday treatment not stated"
ue-2627-pdf-lvded-slab,unitedenergy,ue-pricing-proposal-2026-27-07may2026,2026-27,Dedicated circuit (LVDED) slab heating typical switching times,local_time,not_stated,0,pdf:p6,Typically switching times are between 12am and 7am but may vary depending on localised demand management activities.,"Typical times only; days not stated (taken as every day). Same page: 'An afternoon boost between 1pm and 4pm may occur during winter.' (winter not defined, not encoded). Hot water: 'Switching times will vary depending on localised demand management activities.' (no times stated)."
ue-2627-pdf-lvmkw1r-umbd-demand,unitedenergy,ue-pricing-proposal-2026-27-07may2026,2026-27,"Small/medium business demand (LVMKW1R, UMBD) summer / non-summer window",local_time,not_stated,0,pdf:p7,workdays 10am-workdays 10am- Small business demand LVMKW1R Opt-in ✓ ✓ 6pm 6pm ≥ 40MWh pa workdays 10am-workdays 10am- Medium business demand UMBD Default ≤160MWh ✓ ✓ 6pm 6pm,"Table 5 summer / non-summer demand columns. 'workdays' is not defined in the document, so mapped to weekday (Mon-Fri); public holiday treatment not stated"
ue-2627-pdf-lvtou,unitedenergy,ue-pricing-proposal-2026-27-07may2026,2026-27,Small business ToU (LVTOU) energy peak / non-peak,local_time,not_stated,1,pdf:p7,workdays 9am- Small business ToU LVTOU Default non-peak times ✓ 9pm,"Table 5. Weekend windows are the 'non-peak times' complement. 'workdays' is not defined in the document, so mapped to weekday (Mon-Fri); public holiday treatment not stated"
ue-2627-pdf-ufl,unitedenergy,ue-pricing-proposal-2026-27-07may2026,2026-27,Flexible large (UFL) energy peak / non-peak,local_time,not_stated,1,pdf:p8,> 240 kVA & all days 4pm- Flexible large UFL Default N/A < 30MVA import - all times 9pm during Dec- non-peak times - not applicable capacity Feb and Jun-Aug,"Table 6 UFL row: Peak energy 'all days 4pm-9pm during Dec-Feb and Jun-Aug', Off-peak 'non-peak times'; Table 6 notes (p9): 'All times are local time'."
ue-2627-pdf-ufs-export,unitedenergy,ue-pricing-proposal-2026-27-07may2026,2026-27,Flexible small (UFS) export credit / export charge windows,local_time,not_stated,0,pdf:p7,all days 11am- all days 4pm- all days 4pm- ≤240kVA import outside of peak 4pm during Sep- Flexible small UFS Default 9pm during Dec- 9pm during Dec- capacity ✓ import times May with 1 kWh Feb and Jun-Aug Feb and Jun-Aug per day BEL,"Table 5 UFS row, columns Peak energy export credit and Saver energy export (read on the rendered page)."
ue-2627-pdf-ufs-import,unitedenergy,ue-pricing-proposal-2026-27-07may2026,2026-27,Flexible small (UFS) import peak / off-peak,local_time,not_stated,1,pdf:p7,all days 11am- all days 4pm- all days 4pm- ≤240kVA import outside of peak 4pm during Sep- Flexible small UFS Default 9pm during Dec- 9pm during Dec- capacity ✓ import times May with 1 kWh Feb and Jun-Aug Feb and Jun-Aug per day BEL,"Table 5 UFS row (cells interleave in the text layer; read on the rendered page): Peak energy 'all days 4pm-9pm during Dec-Feb and Jun-Aug', Off-peak energy 'outside of peak import times'."
ue-2627-pdf-umbo,unitedenergy,ue-pricing-proposal-2026-27-07may2026,2026-27,Medium business opt-out (UMBO) energy peak / non-peak,local_time,not_stated,1,pdf:p7,≥ 40MWh pa workdays 10am- Medium business opt-out UMBO Opt-out non-peak times ≤160MWh ✓ 6pm,"Table 5. Weekend windows are the 'non-peak times' complement. 'workdays' is not defined in the document, so mapped to weekday (Mon-Fri); public holiday treatment not stated"
ue-2627-pdf-unmet,unitedenergy,ue-pricing-proposal-2026-27-07may2026,2026-27,Type 7 or 9 metering (UNMET) energy peak / non-peak,standard_time,not_stated,1,pdf:p7,(threshold not weekdays 7am- Type 7 or 9 metering UNMET Default non-peak times applicable to 11pm,"Table 5 notes: 'All times are local time, except for UNMET which is in AEST'. Weekend windows are the 'non-peak times' complement."
ue-2627-pdf-urcer-export,unitedenergy,ue-pricing-proposal-2026-27-07may2026,2026-27,Residential CER (URCER) export credit / export charge windows,local_time,not_stated,0,pdf:p5,all days 4pm- all days 11am- < 1kV N/A all days 4pm- all days 4pm- 9pm during Mar- all days 9pm- all days 11am- 4pm during Sep- Residential CER URCER Opt-in 9pm during Dec- 9pm during Dec- ✓ May and Sep- 11am 4pm May with 1 kWh Feb and Jun-Aug Feb and Jun-Aug Nov per day BEL,"Table 4 URCER row, columns Peak energy export credit and Saver energy export (read on the rendered page). BEL = basic export level, see steps."
ue-2627-pdf-urcer-import,unitedenergy,ue-pricing-proposal-2026-27-07may2026,2026-27,Residential CER (URCER) import peak / shoulder / off-peak / saver,local_time,not_stated,1,pdf:p5,all days 4pm- all days 11am- < 1kV N/A all days 4pm- all days 4pm- 9pm during Mar- all days 9pm- all days 11am- 4pm during Sep- Residential CER URCER Opt-in 9pm during Dec- 9pm during Dec- ✓ May and Sep- 11am 4pm May with 1 kWh Feb and Jun-Aug Feb and Jun-Aug Nov per day BEL,"Table 4 URCER row; the cells interleave in the text layer, columns read on the rendered page: Peak energy 'all days 4pm-9pm during Dec-Feb and Jun-Aug', Peak energy (shoulder) 'all days 4pm-9pm during Mar-May and Sep-Nov', Off-peak 'all days 9pm-11am', Saver 'all days 11am-4pm'."
ue-2627-pdf-urstou,unitedenergy,ue-pricing-proposal-2026-27-07may2026,2026-27,Residential ToU (URSTOU) energy peak / off-peak / saver,local_time,not_stated,1,pdf:p5,all days 4pm- all days 9pm- all days 11am- Residential ToU URSTOU Default ✓ 9pm 11am 4pm,"Table 4 columns Peak energy 'all days 4pm-9pm', Off-peak energy 'all days 9pm-11am', Saver energy 'all days 11am-4pm' (column order checked on the rendered page). Notes: 'All times are local time'."
