distributor,fin_year,status,explanation,tariff_code,tariff_name,component,aer_value,aer_unit,dnsp_value,dnsp_unit,aer_value_std,dnsp_value_std,unit_std,abs_diff,pct_diff,aer_basis,dnsp_basis,aer_side,dnsp_side,aer_source,aer_url,dnsp_source,dnsp_url,dnsp_tariff_name,dnsp_component,detail,note
AusNet Services,2024-25,aer_only_code,,NASN2P,Business > 40 MWh two rate demand premium feed in,5 priced component(s),,,,,,,,,,NUoS,NUoS,AER,AER_HOSTED,sources/aer/2024-25_stakeholder_reports/AER_Stakeholder_report_AusNet_2024-25.xlsx,https://www.aer.gov.au/system/files/2024-05/AER%20-%20Stakeholder%20report%20-%20AusNet%20Services%20-%202024%E2%80%9325%20Annual%20Pricing%20Proposal.xlsx,sources/aer/dnsp_copies/AusNet_2024-25_Schedule_of_tariffs_28Mar2024.xlsx,,,,tariff code present in AER-side file but not in distributor publication,
AusNet Services,2024-25,aer_only_code,,NASN2S,Business > 40 MWh two rate demand standard feed in,5 priced component(s),,,,,,,,,,NUoS,NUoS,AER,AER_HOSTED,sources/aer/2024-25_stakeholder_reports/AER_Stakeholder_report_AusNet_2024-25.xlsx,https://www.aer.gov.au/system/files/2024-05/AER%20-%20Stakeholder%20report%20-%20AusNet%20Services%20-%202024%E2%80%9325%20Annual%20Pricing%20Proposal.xlsx,sources/aer/dnsp_copies/AusNet_2024-25_Schedule_of_tariffs_28Mar2024.xlsx,,,,tariff code present in AER-side file but not in distributor publication,
AusNet Services,2024-25,dnsp_only_code,withdrawn_tariff,NEE93,Large Labtrobe Valley open cut supplies,2 component(s),,,,,,,,,,NUoS,NUoS,AER,AER_HOSTED,sources/aer/2024-25_stakeholder_reports/AER_Stakeholder_report_AusNet_2024-25.xlsx,,sources/aer/dnsp_copies/AusNet_2024-25_Schedule_of_tariffs_28Mar2024.xlsx,https://www.aer.gov.au/system/files/2024-04/AusNet%20Services%20-%20Schedule%20of%20tariffs%202024-25%20-%2028%20March%202024.xlsx,Large Labtrobe Valley open cut supplies,,distributor still prices a tariff it marks obsolete/closed; AER-side file does not list it,sheet 'Network 2024-25' row 90; tariff structure 3; closed to new entrants
AusNet Services,2024-25,dnsp_only_code,,NSP82,High voltage critical peak demand traction,6 component(s),,,,,,,,,,NUoS,NUoS,AER,AER_HOSTED,sources/aer/2024-25_stakeholder_reports/AER_Stakeholder_report_AusNet_2024-25.xlsx,,sources/aer/dnsp_copies/AusNet_2024-25_Schedule_of_tariffs_28Mar2024.xlsx,https://www.aer.gov.au/system/files/2024-04/AusNet%20Services%20-%20Schedule%20of%20tariffs%202024-25%20-%2028%20March%202024.xlsx,High voltage critical peak demand traction,,tariff code present in distributor publication but not in AER-side file,sheet 'Network 2024-25' row 87; tariff structure 13
AusNet Services,2024-25,dnsp_only_code,,NSP91,Sub transmission critical peak demand < 25 MVA & < 20 km from ts,5 component(s),,,,,,,,,,NUoS,NUoS,AER,AER_HOSTED,sources/aer/2024-25_stakeholder_reports/AER_Stakeholder_report_AusNet_2024-25.xlsx,,sources/aer/dnsp_copies/AusNet_2024-25_Schedule_of_tariffs_28Mar2024.xlsx,https://www.aer.gov.au/system/files/2024-04/AusNet%20Services%20-%20Schedule%20of%20tariffs%202024-25%20-%2028%20March%202024.xlsx,Sub transmission critical peak demand < 25 MVA & < 20 km from ts,,tariff code present in distributor publication but not in AER-side file,sheet 'Network 2024-25' row 89; tariff structure 14
AusNet Services,2024-25,dnsp_only_code,,NSP94,Sub transmission critical peak demand > 25 MVA & < 20 km from ts,5 component(s),,,,,,,,,,NUoS,NUoS,AER,AER_HOSTED,sources/aer/2024-25_stakeholder_reports/AER_Stakeholder_report_AusNet_2024-25.xlsx,,sources/aer/dnsp_copies/AusNet_2024-25_Schedule_of_tariffs_28Mar2024.xlsx,https://www.aer.gov.au/system/files/2024-04/AusNet%20Services%20-%20Schedule%20of%20tariffs%202024-25%20-%2028%20March%202024.xlsx,Sub transmission critical peak demand > 25 MVA & < 20 km from ts,,tariff code present in distributor publication but not in AER-side file,sheet 'Network 2024-25' row 91; tariff structure 14
AusNet Services,2024-25,dnsp_only_code,,NSP95,Sub transmission critical peak demand < 25 MVA & > 20 km from ts,5 component(s),,,,,,,,,,NUoS,NUoS,AER,AER_HOSTED,sources/aer/2024-25_stakeholder_reports/AER_Stakeholder_report_AusNet_2024-25.xlsx,,sources/aer/dnsp_copies/AusNet_2024-25_Schedule_of_tariffs_28Mar2024.xlsx,https://www.aer.gov.au/system/files/2024-04/AusNet%20Services%20-%20Schedule%20of%20tariffs%202024-25%20-%2028%20March%202024.xlsx,Sub transmission critical peak demand < 25 MVA & > 20 km from ts,,tariff code present in distributor publication but not in AER-side file,sheet 'Network 2024-25' row 92; tariff structure 14
AusNet Services,2024-25,dnsp_only_component,,NASN11P,Small residential single rate demand premium feed in,Feed in rates,,,-60,c/kWh,,-60.0,c/kWh,,,NUoS,NUoS,AER,AER_HOSTED,sources/aer/2024-25_stakeholder_reports/AER_Stakeholder_report_AusNet_2024-25.xlsx,,sources/aer/dnsp_copies/AusNet_2024-25_Schedule_of_tariffs_28Mar2024.xlsx,https://www.aer.gov.au/system/files/2024-04/AusNet%20Services%20-%20Schedule%20of%20tariffs%202024-25%20-%2028%20March%202024.xlsx,Small residential single rate demand premium feed in,Feed in rates,component priced in distributor publication with no counterpart in AER-side file,sheet 'Network 2024-25' row 22; tariff structure 15; closed to new entrants
AusNet Services,2024-25,dnsp_only_component,,NASN12P,Small business single rate demand premium feed in,Feed in rates,,,-60,c/kWh,,-60.0,c/kWh,,,NUoS,NUoS,AER,AER_HOSTED,sources/aer/2024-25_stakeholder_reports/AER_Stakeholder_report_AusNet_2024-25.xlsx,,sources/aer/dnsp_copies/AusNet_2024-25_Schedule_of_tariffs_28Mar2024.xlsx,https://www.aer.gov.au/system/files/2024-04/AusNet%20Services%20-%20Schedule%20of%20tariffs%202024-25%20-%2028%20March%202024.xlsx,Small business single rate demand premium feed in,Feed in rates,component priced in distributor publication with no counterpart in AER-side file,sheet 'Network 2024-25' row 55; tariff structure 15; closed to new entrants
AusNet Services,2024-25,dnsp_only_component,,NAST11P,Small residential time of use premium feed in,Feed in rates,,,-60,c/kWh,,-60.0,c/kWh,,,NUoS,NUoS,AER,AER_HOSTED,sources/aer/2024-25_stakeholder_reports/AER_Stakeholder_report_AusNet_2024-25.xlsx,,sources/aer/dnsp_copies/AusNet_2024-25_Schedule_of_tariffs_28Mar2024.xlsx,https://www.aer.gov.au/system/files/2024-04/AusNet%20Services%20-%20Schedule%20of%20tariffs%202024-25%20-%2028%20March%202024.xlsx,Small residential time of use premium feed in,Feed in rates,component priced in distributor publication with no counterpart in AER-side file,sheet 'Network 2024-25' row 16; tariff structure 16; closed to new entrants
AusNet Services,2024-25,dnsp_only_component,,NAST12P,Small business time of use premium feed in,Feed in rates,,,-60,c/kWh,,-60.0,c/kWh,,,NUoS,NUoS,AER,AER_HOSTED,sources/aer/2024-25_stakeholder_reports/AER_Stakeholder_report_AusNet_2024-25.xlsx,,sources/aer/dnsp_copies/AusNet_2024-25_Schedule_of_tariffs_28Mar2024.xlsx,https://www.aer.gov.au/system/files/2024-04/AusNet%20Services%20-%20Schedule%20of%20tariffs%202024-25%20-%2028%20March%202024.xlsx,Small business time of use premium feed in,Feed in rates,component priced in distributor publication with no counterpart in AER-side file,sheet 'Network 2024-25' row 52; tariff structure 17; closed to new entrants
AusNet Services,2024-25,dnsp_only_component,,NEE11P,Small single rate premium feed in,Feed in rates,,,-60,c/kWh,,-60.0,c/kWh,,,NUoS,NUoS,AER,AER_HOSTED,sources/aer/2024-25_stakeholder_reports/AER_Stakeholder_report_AusNet_2024-25.xlsx,,sources/aer/dnsp_copies/AusNet_2024-25_Schedule_of_tariffs_28Mar2024.xlsx,https://www.aer.gov.au/system/files/2024-04/AusNet%20Services%20-%20Schedule%20of%20tariffs%202024-25%20-%2028%20March%202024.xlsx,Small single rate premium feed in,Feed in rates,component priced in distributor publication with no counterpart in AER-side file,sheet 'Network 2024-25' row 9; tariff structure 1; closed to new entrants
AusNet Services,2024-25,dnsp_only_component,,NEE12P,Small single rate premium feed in (business),Feed in rates,,,-60,c/kWh,,-60.0,c/kWh,,,NUoS,NUoS,AER,AER_HOSTED,sources/aer/2024-25_stakeholder_reports/AER_Stakeholder_report_AusNet_2024-25.xlsx,,sources/aer/dnsp_copies/AusNet_2024-25_Schedule_of_tariffs_28Mar2024.xlsx,https://www.aer.gov.au/system/files/2024-04/AusNet%20Services%20-%20Schedule%20of%20tariffs%202024-25%20-%2028%20March%202024.xlsx,Small single rate premium feed in,Feed in rates,component priced in distributor publication with no counterpart in AER-side file,sheet 'Network 2024-25' row 45; tariff structure 1; closed to new entrants
AusNet Services,2024-25,dnsp_only_component,,SSP21,Small interval meter time of use solar installation premium feed in (business),Feed in rates,,,-60,c/kWh,,-60.0,c/kWh,,,NUoS,NUoS,AER,AER_HOSTED,sources/aer/2024-25_stakeholder_reports/AER_Stakeholder_report_AusNet_2024-25.xlsx,,sources/aer/dnsp_copies/AusNet_2024-25_Schedule_of_tariffs_28Mar2024.xlsx,https://www.aer.gov.au/system/files/2024-04/AusNet%20Services%20-%20Schedule%20of%20tariffs%202024-25%20-%2028%20March%202024.xlsx,Small interval meter time of use solar installation premium feed in,Feed in rates,component priced in distributor publication with no counterpart in AER-side file,sheet 'Network 2024-25' row 64; tariff structure 7; closed to new entrants
AusNet Services,2024-25,dnsp_only_component,,SSP23,Small interval meter time of use solar installation premium feed in,Feed in rates,,,-60,c/kWh,,-60.0,c/kWh,,,NUoS,NUoS,AER,AER_HOSTED,sources/aer/2024-25_stakeholder_reports/AER_Stakeholder_report_AusNet_2024-25.xlsx,,sources/aer/dnsp_copies/AusNet_2024-25_Schedule_of_tariffs_28Mar2024.xlsx,https://www.aer.gov.au/system/files/2024-04/AusNet%20Services%20-%20Schedule%20of%20tariffs%202024-25%20-%2028%20March%202024.xlsx,Small interval meter time of use solar installation premium feed in,Feed in rates,component priced in distributor publication with no counterpart in AER-side file,sheet 'Network 2024-25' row 27; tariff structure 7; closed to new entrants
AusNet Services,2025-26,aer_only_code,aer_zero_placeholder,CL,CL,0 priced component(s),,,,,,,,,,NUoS,NUoS,AER,DNSP,sources/aer/AER_Consolidated_stakeholder_report_2025-26_v5.xlsx,https://www.aer.gov.au/system/files/2025-05/AER%20-%20Consolidated%20stakeholder%20report%202025%E2%80%9326%20v5%C2%A0.xlsx,sources/dnsp/ausnet/AusNet_Network_Tariff_Schedule_2025-26.xlsx,,,,AER-side file lists this tariff with no prices (placeholder / TBA code),zero-priced row; aer_id=TD-ANS26res-
AusNet Services,2025-26,aer_only_code,aer_zero_placeholder,NASN11P,Small residential single rate demand premium feed in,0 priced component(s),,,,,,,,,,NUoS,NUoS,AER,DNSP,sources/aer/AER_Consolidated_stakeholder_report_2025-26_v5.xlsx,https://www.aer.gov.au/system/files/2025-05/AER%20-%20Consolidated%20stakeholder%20report%202025%E2%80%9326%20v5%C2%A0.xlsx,sources/dnsp/ausnet/AusNet_Network_Tariff_Schedule_2025-26.xlsx,,,,AER-side file lists this tariff with no prices (placeholder / TBA code),zero-priced row; aer_id=TD-ANS26res-DmdPFiT
AusNet Services,2025-26,aer_only_code,aer_zero_placeholder,NASN12P,Small business single rate demand premium feed in,0 priced component(s),,,,,,,,,,NUoS,NUoS,AER,DNSP,sources/aer/AER_Consolidated_stakeholder_report_2025-26_v5.xlsx,https://www.aer.gov.au/system/files/2025-05/AER%20-%20Consolidated%20stakeholder%20report%202025%E2%80%9326%20v5%C2%A0.xlsx,sources/dnsp/ausnet/AusNet_Network_Tariff_Schedule_2025-26.xlsx,,,,AER-side file lists this tariff with no prices (placeholder / TBA code),zero-priced row; aer_id=TD-ANS26smb-DmdPFiT
AusNet Services,2025-26,aer_only_code,aer_zero_placeholder,NASN2P,Business > 40 MWh two rate demand premium feed in,0 priced component(s),,,,,,,,,,NUoS,NUoS,AER,DNSP,sources/aer/AER_Consolidated_stakeholder_report_2025-26_v5.xlsx,https://www.aer.gov.au/system/files/2025-05/AER%20-%20Consolidated%20stakeholder%20report%202025%E2%80%9326%20v5%C2%A0.xlsx,sources/dnsp/ausnet/AusNet_Network_Tariff_Schedule_2025-26.xlsx,,,,AER-side file lists this tariff with no prices (placeholder / TBA code),zero-priced row; aer_id=TD-ANS26oth-DmdPFiT
AusNet Services,2025-26,aer_only_code,,NASN2S,Business > 40 MWh two rate demand standard feed in,5 priced component(s),,,,,,,,,,NUoS,NUoS,AER,DNSP,sources/aer/AER_Consolidated_stakeholder_report_2025-26_v5.xlsx,https://www.aer.gov.au/system/files/2025-05/AER%20-%20Consolidated%20stakeholder%20report%202025%E2%80%9326%20v5%C2%A0.xlsx,sources/dnsp/ausnet/AusNet_Network_Tariff_Schedule_2025-26.xlsx,,,,tariff code present in AER-side file but not in distributor publication,aer_id=TD-ANS26oth-DmdFiT
AusNet Services,2025-26,aer_only_code,aer_zero_placeholder,NAST11P,Small residential time of use premium feed in,0 priced component(s),,,,,,,,,,NUoS,NUoS,AER,DNSP,sources/aer/AER_Consolidated_stakeholder_report_2025-26_v5.xlsx,https://www.aer.gov.au/system/files/2025-05/AER%20-%20Consolidated%20stakeholder%20report%202025%E2%80%9326%20v5%C2%A0.xlsx,sources/dnsp/ausnet/AusNet_Network_Tariff_Schedule_2025-26.xlsx,,,,AER-side file lists this tariff with no prices (placeholder / TBA code),zero-priced row; aer_id=TD-ANS26res-TOUPFiT
AusNet Services,2025-26,aer_only_code,aer_zero_placeholder,NAST12P,Small business time of use premium feed in,0 priced component(s),,,,,,,,,,NUoS,NUoS,AER,DNSP,sources/aer/AER_Consolidated_stakeholder_report_2025-26_v5.xlsx,https://www.aer.gov.au/system/files/2025-05/AER%20-%20Consolidated%20stakeholder%20report%202025%E2%80%9326%20v5%C2%A0.xlsx,sources/dnsp/ausnet/AusNet_Network_Tariff_Schedule_2025-26.xlsx,,,,AER-side file lists this tariff with no prices (placeholder / TBA code),zero-priced row; aer_id=TD-ANS26smb-TOUPFiT
AusNet Services,2025-26,aer_only_code,aer_zero_placeholder,NEE11P,Small single rate premium feed in,0 priced component(s),,,,,,,,,,NUoS,NUoS,AER,DNSP,sources/aer/AER_Consolidated_stakeholder_report_2025-26_v5.xlsx,https://www.aer.gov.au/system/files/2025-05/AER%20-%20Consolidated%20stakeholder%20report%202025%E2%80%9326%20v5%C2%A0.xlsx,sources/dnsp/ausnet/AusNet_Network_Tariff_Schedule_2025-26.xlsx,,,,AER-side file lists this tariff with no prices (placeholder / TBA code),zero-priced row; aer_id=TD-ANS26res-FlatPFiT
AusNet Services,2025-26,aer_only_code,aer_zero_placeholder,NEE12P,Small single rate premium feed in (business),0 priced component(s),,,,,,,,,,NUoS,NUoS,AER,DNSP,sources/aer/AER_Consolidated_stakeholder_report_2025-26_v5.xlsx,https://www.aer.gov.au/system/files/2025-05/AER%20-%20Consolidated%20stakeholder%20report%202025%E2%80%9326%20v5%C2%A0.xlsx,sources/dnsp/ausnet/AusNet_Network_Tariff_Schedule_2025-26.xlsx,,,,AER-side file lists this tariff with no prices (placeholder / TBA code),zero-priced row; aer_id=TD-ANS26smb-FlatPFiT
AusNet Services,2025-26,aer_only_code,aer_zero_placeholder,SSP21,Small interval meter time of use solar installation premium feed in (business),0 priced component(s),,,,,,,,,,NUoS,NUoS,AER,DNSP,sources/aer/AER_Consolidated_stakeholder_report_2025-26_v5.xlsx,https://www.aer.gov.au/system/files/2025-05/AER%20-%20Consolidated%20stakeholder%20report%202025%E2%80%9326%20v5%C2%A0.xlsx,sources/dnsp/ausnet/AusNet_Network_Tariff_Schedule_2025-26.xlsx,,,,AER-side file lists this tariff with no prices (placeholder / TBA code),zero-priced row; aer_id=TD-ANS26smb-TOUSolPFiT
AusNet Services,2025-26,aer_only_code,aer_zero_placeholder,SSP23,Small interval meter time of use solar installation premium feed in,0 priced component(s),,,,,,,,,,NUoS,NUoS,AER,DNSP,sources/aer/AER_Consolidated_stakeholder_report_2025-26_v5.xlsx,https://www.aer.gov.au/system/files/2025-05/AER%20-%20Consolidated%20stakeholder%20report%202025%E2%80%9326%20v5%C2%A0.xlsx,sources/dnsp/ausnet/AusNet_Network_Tariff_Schedule_2025-26.xlsx,,,,AER-side file lists this tariff with no prices (placeholder / TBA code),zero-priced row; aer_id=TD-ANS26res-TOUSolPFiT
AusNet Services,2025-26,dnsp_only_code,withdrawn_tariff,NEE93,Large Labtrobe Valley open cut supplies,2 component(s),,,,,,,,,,NUoS,NUoS,AER,DNSP,sources/aer/AER_Consolidated_stakeholder_report_2025-26_v5.xlsx,,sources/dnsp/ausnet/AusNet_Network_Tariff_Schedule_2025-26.xlsx,https://www.ausnetservices.com.au/-/media/project/ausnet/corporate-website/files/electricity/tariffs-and-charges/2026/network-tariff-schedule-2025-26.xlsx?rev=b7d9ee4b25ce471a824baf6fe65eb595,Large Labtrobe Valley open cut supplies,,distributor still prices a tariff it marks obsolete/closed; AER-side file does not list it,sheet 'Network 2025-26' row 81; tariff structure 3; closed to new entrants
AusNet Services,2025-26,dnsp_only_code,,NSP82,High voltage critical peak demand traction,6 component(s),,,,,,,,,,NUoS,NUoS,AER,DNSP,sources/aer/AER_Consolidated_stakeholder_report_2025-26_v5.xlsx,,sources/dnsp/ausnet/AusNet_Network_Tariff_Schedule_2025-26.xlsx,https://www.ausnetservices.com.au/-/media/project/ausnet/corporate-website/files/electricity/tariffs-and-charges/2026/network-tariff-schedule-2025-26.xlsx?rev=b7d9ee4b25ce471a824baf6fe65eb595,High voltage critical peak demand traction,,tariff code present in distributor publication but not in AER-side file,sheet 'Network 2025-26' row 78; tariff structure 13
AusNet Services,2025-26,dnsp_only_code,,NSP91,Sub transmission critical peak demand < 25 MVA & < 20 km from ts,5 component(s),,,,,,,,,,NUoS,NUoS,AER,DNSP,sources/aer/AER_Consolidated_stakeholder_report_2025-26_v5.xlsx,,sources/dnsp/ausnet/AusNet_Network_Tariff_Schedule_2025-26.xlsx,https://www.ausnetservices.com.au/-/media/project/ausnet/corporate-website/files/electricity/tariffs-and-charges/2026/network-tariff-schedule-2025-26.xlsx?rev=b7d9ee4b25ce471a824baf6fe65eb595,Sub transmission critical peak demand < 25 MVA & < 20 km from ts,,tariff code present in distributor publication but not in AER-side file,sheet 'Network 2025-26' row 80; tariff structure 14
AusNet Services,2025-26,dnsp_only_code,,NSP94,Sub transmission critical peak demand > 25 MVA & < 20 km from ts,5 component(s),,,,,,,,,,NUoS,NUoS,AER,DNSP,sources/aer/AER_Consolidated_stakeholder_report_2025-26_v5.xlsx,,sources/dnsp/ausnet/AusNet_Network_Tariff_Schedule_2025-26.xlsx,https://www.ausnetservices.com.au/-/media/project/ausnet/corporate-website/files/electricity/tariffs-and-charges/2026/network-tariff-schedule-2025-26.xlsx?rev=b7d9ee4b25ce471a824baf6fe65eb595,Sub transmission critical peak demand > 25 MVA & < 20 km from ts,,tariff code present in distributor publication but not in AER-side file,sheet 'Network 2025-26' row 82; tariff structure 14
AusNet Services,2025-26,dnsp_only_code,,NSP95,Sub transmission critical peak demand < 25 MVA & > 20 km from ts,5 component(s),,,,,,,,,,NUoS,NUoS,AER,DNSP,sources/aer/AER_Consolidated_stakeholder_report_2025-26_v5.xlsx,,sources/dnsp/ausnet/AusNet_Network_Tariff_Schedule_2025-26.xlsx,https://www.ausnetservices.com.au/-/media/project/ausnet/corporate-website/files/electricity/tariffs-and-charges/2026/network-tariff-schedule-2025-26.xlsx?rev=b7d9ee4b25ce471a824baf6fe65eb595,Sub transmission critical peak demand < 25 MVA & > 20 km from ts,,tariff code present in distributor publication but not in AER-side file,sheet 'Network 2025-26' row 83; tariff structure 14
AusNet Services,2026-27,aer_only_code,,NASN2S,Business > 40 MWh two rate demand standard feed in,5 priced component(s),,,,,,,,,,NUoS,NUoS,AER,DNSP,sources/aer/AER_Consolidated_stakeholder_report_2026-27_26Aug2026.xlsx,https://www.aer.gov.au/system/files/2026-08/AER%20%E2%80%93%202026%E2%80%9327%20%E2%80%93%20Consolidated%20stakeholder%20report%20%E2%80%93%2026%20August%202026.xlsx,sources/dnsp/ausnet/AusNet_Network_Tariff_Schedule_2026-27_20260515.xlsx,,,,tariff code present in AER-side file but not in distributor publication,
AusNet Services,2026-27,dnsp_only_code,,NAL84,High voltage critical peak demand locational,5 component(s),,,,,,,,,,NUoS,NUoS,AER,DNSP,sources/aer/AER_Consolidated_stakeholder_report_2026-27_26Aug2026.xlsx,,sources/dnsp/ausnet/AusNet_Network_Tariff_Schedule_2026-27_20260515.xlsx,https://www.ausnetservices.com.au/-/media/project/ausnet/corporate-website/files/electricity/tariffs-and-charges/2027/ausnet---network-tariff-schedule-2026-27---20260515.xlsx?rev=bcd9eeedbe1c4b9cbba7ccc0f383df89,High voltage critical peak demand locational,,tariff code present in distributor publication but not in AER-side file,"sheet 'Network 2026-27' row 61; tariff structure 14; GST not stated in sheet; assumed excl; cell stores unrounded 7829.429076999375, displayed as 7829.43"
AusNet Services,2026-27,dnsp_only_code,,NAL96,Sub transmission critical peak demand locational,5 component(s),,,,,,,,,,NUoS,NUoS,AER,DNSP,sources/aer/AER_Consolidated_stakeholder_report_2026-27_26Aug2026.xlsx,,sources/dnsp/ausnet/AusNet_Network_Tariff_Schedule_2026-27_20260515.xlsx,https://www.ausnetservices.com.au/-/media/project/ausnet/corporate-website/files/electricity/tariffs-and-charges/2027/ausnet---network-tariff-schedule-2026-27---20260515.xlsx?rev=bcd9eeedbe1c4b9cbba7ccc0f383df89,Sub transmission critical peak demand locational,,tariff code present in distributor publication but not in AER-side file,"sheet 'Network 2026-27' row 67; tariff structure 14; GST not stated in sheet; assumed excl; cell stores unrounded 27707.272346285317, displayed as 27707.27"
AusNet Services,2026-27,dnsp_only_code,withdrawn_tariff,NEE93,Large Labtrobe Valley open cut supplies,2 component(s),,,,,,,,,,NUoS,NUoS,AER,DNSP,sources/aer/AER_Consolidated_stakeholder_report_2026-27_26Aug2026.xlsx,,sources/dnsp/ausnet/AusNet_Network_Tariff_Schedule_2026-27_20260515.xlsx,https://www.ausnetservices.com.au/-/media/project/ausnet/corporate-website/files/electricity/tariffs-and-charges/2027/ausnet---network-tariff-schedule-2026-27---20260515.xlsx?rev=bcd9eeedbe1c4b9cbba7ccc0f383df89,Large Labtrobe Valley open cut supplies,,distributor still prices a tariff it marks obsolete/closed; AER-side file does not list it,"sheet 'Network 2026-27' row 63; tariff structure 3; closed to new entrants; GST not stated in sheet; assumed excl; cell stores unrounded 3.397102809998323, displayed as 3.3971"
AusNet Services,2026-27,dnsp_only_code,,NSP82,High voltage critical peak demand traction,6 component(s),,,,,,,,,,NUoS,NUoS,AER,DNSP,sources/aer/AER_Consolidated_stakeholder_report_2026-27_26Aug2026.xlsx,,sources/dnsp/ausnet/AusNet_Network_Tariff_Schedule_2026-27_20260515.xlsx,https://www.ausnetservices.com.au/-/media/project/ausnet/corporate-website/files/electricity/tariffs-and-charges/2027/ausnet---network-tariff-schedule-2026-27---20260515.xlsx?rev=bcd9eeedbe1c4b9cbba7ccc0f383df89,High voltage critical peak demand traction,,tariff code present in distributor publication but not in AER-side file,"sheet 'Network 2026-27' row 59; tariff structure 13; GST not stated in sheet; assumed excl; cell stores unrounded 7830.806817278543, displayed as 7830.81"
AusNet Services,2026-27,dnsp_only_code,,NSP91,Sub transmission critical peak demand < 25 MVA & < 20 km from ts,5 component(s),,,,,,,,,,NUoS,NUoS,AER,DNSP,sources/aer/AER_Consolidated_stakeholder_report_2026-27_26Aug2026.xlsx,,sources/dnsp/ausnet/AusNet_Network_Tariff_Schedule_2026-27_20260515.xlsx,https://www.ausnetservices.com.au/-/media/project/ausnet/corporate-website/files/electricity/tariffs-and-charges/2027/ausnet---network-tariff-schedule-2026-27---20260515.xlsx?rev=bcd9eeedbe1c4b9cbba7ccc0f383df89,Sub transmission critical peak demand < 25 MVA & < 20 km from ts,,tariff code present in distributor publication but not in AER-side file,"sheet 'Network 2026-27' row 62; tariff structure 14; GST not stated in sheet; assumed excl; cell stores unrounded 27707.272346285317, displayed as 27707.27"
AusNet Services,2026-27,dnsp_only_code,,NSP94,Sub transmission critical peak demand > 25 MVA & < 20 km from ts,5 component(s),,,,,,,,,,NUoS,NUoS,AER,DNSP,sources/aer/AER_Consolidated_stakeholder_report_2026-27_26Aug2026.xlsx,,sources/dnsp/ausnet/AusNet_Network_Tariff_Schedule_2026-27_20260515.xlsx,https://www.ausnetservices.com.au/-/media/project/ausnet/corporate-website/files/electricity/tariffs-and-charges/2027/ausnet---network-tariff-schedule-2026-27---20260515.xlsx?rev=bcd9eeedbe1c4b9cbba7ccc0f383df89,Sub transmission critical peak demand > 25 MVA & < 20 km from ts,,tariff code present in distributor publication but not in AER-side file,"sheet 'Network 2026-27' row 64; tariff structure 14; GST not stated in sheet; assumed excl; cell stores unrounded 27707.272346285317, displayed as 27707.27"
AusNet Services,2026-27,dnsp_only_code,,NSP95,Sub transmission critical peak demand < 25 MVA & > 20 km from ts,5 component(s),,,,,,,,,,NUoS,NUoS,AER,DNSP,sources/aer/AER_Consolidated_stakeholder_report_2026-27_26Aug2026.xlsx,,sources/dnsp/ausnet/AusNet_Network_Tariff_Schedule_2026-27_20260515.xlsx,https://www.ausnetservices.com.au/-/media/project/ausnet/corporate-website/files/electricity/tariffs-and-charges/2027/ausnet---network-tariff-schedule-2026-27---20260515.xlsx?rev=bcd9eeedbe1c4b9cbba7ccc0f383df89,Sub transmission critical peak demand < 25 MVA & > 20 km from ts,,tariff code present in distributor publication but not in AER-side file,"sheet 'Network 2026-27' row 66; tariff structure 14; GST not stated in sheet; assumed excl; cell stores unrounded 27707.272346285317, displayed as 27707.27"
Ausgrid,2024-25,dnsp_only_code,trial_tariff,EA956,Local use of system,3 component(s),,,,,,,,,,NUoS,NUoS,AER,DNSP,sources/aer/2024-25_stakeholder_reports/AER_Stakeholder_report_Ausgrid_2024-25.xlsx,,sources/dnsp/ausgrid/Ausgrid_Network_Price_List_2024-25_wayback20250806.pdf,https://web.archive.org/web/20250806041313/https://www.ausgrid.com.au/-/media/Documents/Regulation/Pricing/PList/Ausgrid-Network-Price-List-2024-25.pdf?rev=61699dd84f6d421785a6591885745c70,Local use of system,,trial tariff published by distributor; AER-side file has no priced counterpart,Network Price List 2024-25 p3; GST exclusive; network price = NUOS (list shows no DUOS/TUOS/CCF split; excludes the separate Metering Service Charge column); PDF dated 2024-05-23; trial tariff (partner retailers only)
Ausgrid,2024-25,dnsp_only_code,trial_tariff,EA957,SAPS,1 component(s),,,,,,,,,,NUoS,NUoS,AER,DNSP,sources/aer/2024-25_stakeholder_reports/AER_Stakeholder_report_Ausgrid_2024-25.xlsx,,sources/dnsp/ausgrid/Ausgrid_Network_Price_List_2024-25_wayback20250806.pdf,https://web.archive.org/web/20250806041313/https://www.ausgrid.com.au/-/media/Documents/Regulation/Pricing/PList/Ausgrid-Network-Price-List-2024-25.pdf?rev=61699dd84f6d421785a6591885745c70,SAPS,,trial tariff published by distributor; AER-side file has no priced counterpart,Network Price List 2024-25 p3; GST exclusive; network price = NUOS (list shows no DUOS/TUOS/CCF split; excludes the separate Metering Service Charge column); PDF dated 2024-05-23; trial tariff (partner retailers only)
Ausgrid,2024-25,dnsp_only_code,trial_tariff,EA958,Super off-peak,3 component(s),,,,,,,,,,NUoS,NUoS,AER,DNSP,sources/aer/2024-25_stakeholder_reports/AER_Stakeholder_report_Ausgrid_2024-25.xlsx,,sources/dnsp/ausgrid/Ausgrid_Network_Price_List_2024-25_wayback20250806.pdf,https://web.archive.org/web/20250806041313/https://www.ausgrid.com.au/-/media/Documents/Regulation/Pricing/PList/Ausgrid-Network-Price-List-2024-25.pdf?rev=61699dd84f6d421785a6591885745c70,Super off-peak,,trial tariff published by distributor; AER-side file has no priced counterpart,Network Price List 2024-25 p3; GST exclusive; network price = NUOS (list shows no DUOS/TUOS/CCF split; excludes the separate Metering Service Charge column); PDF dated 2024-05-23; trial tariff (partner retailers only); footnote: The charging windows for EA958 differ from the standard network charging windows. The off-peak (branded ‘super off-peak’) applies from midnight to 6am every day. The peak applies to all other times.
Ausgrid,2024-25,dnsp_only_code,trial_tariff,EA964,Flexible load (primary),3 component(s),,,,,,,,,,NUoS,NUoS,AER,DNSP,sources/aer/2024-25_stakeholder_reports/AER_Stakeholder_report_Ausgrid_2024-25.xlsx,,sources/dnsp/ausgrid/Ausgrid_Network_Price_List_2024-25_wayback20250806.pdf,https://web.archive.org/web/20250806041313/https://www.ausgrid.com.au/-/media/Documents/Regulation/Pricing/PList/Ausgrid-Network-Price-List-2024-25.pdf?rev=61699dd84f6d421785a6591885745c70,Flexible load (primary),,trial tariff published by distributor; AER-side file has no priced counterpart,Network Price List 2024-25 p3; GST exclusive; network price = NUOS (list shows no DUOS/TUOS/CCF split; excludes the separate Metering Service Charge column); PDF dated 2024-05-23; trial tariff (partner retailers only)
Ausgrid,2024-25,dnsp_only_code,trial_tariff,EA965,Flexible load (secondary),3 component(s),,,,,,,,,,NUoS,NUoS,AER,DNSP,sources/aer/2024-25_stakeholder_reports/AER_Stakeholder_report_Ausgrid_2024-25.xlsx,,sources/dnsp/ausgrid/Ausgrid_Network_Price_List_2024-25_wayback20250806.pdf,https://web.archive.org/web/20250806041313/https://www.ausgrid.com.au/-/media/Documents/Regulation/Pricing/PList/Ausgrid-Network-Price-List-2024-25.pdf?rev=61699dd84f6d421785a6591885745c70,Flexible load (secondary),,trial tariff published by distributor; AER-side file has no priced counterpart,Network Price List 2024-25 p3; GST exclusive; network price = NUOS (list shows no DUOS/TUOS/CCF split; excludes the separate Metering Service Charge column); PDF dated 2024-05-23; trial tariff (partner retailers only)
Ausgrid,2025-26,dnsp_only_code,trial_tariff,EA955,Local use of system trial - small business,3 component(s),,,,,,,,,,NUoS,NUoS,AER,DNSP,sources/aer/AER_Consolidated_stakeholder_report_2025-26_v5.xlsx,,sources/dnsp/ausgrid/Ausgrid_Network_Price_List_2025-26.pdf,https://aopt-p-001.sitecorecontenthub.cloud/api/public/content/739b6dfa167442638f6edb01d78f818c?v=3820be35,Local use of system trial - small business,,trial tariff published by distributor; AER-side file has no priced counterpart,Network Price List 2025-26 p3; GST exclusive; network price = NUOS (list shows no DUOS/TUOS/CCF split; excludes the separate Metering Service Charge column); PDF dated 2025-05-13; trial tariff (partner retailers only)
Ausgrid,2025-26,dnsp_only_code,trial_tariff,EA956,Local use of system trial - residential,3 component(s),,,,,,,,,,NUoS,NUoS,AER,DNSP,sources/aer/AER_Consolidated_stakeholder_report_2025-26_v5.xlsx,,sources/dnsp/ausgrid/Ausgrid_Network_Price_List_2025-26.pdf,https://aopt-p-001.sitecorecontenthub.cloud/api/public/content/739b6dfa167442638f6edb01d78f818c?v=3820be35,Local use of system trial - residential,,trial tariff published by distributor; AER-side file has no priced counterpart,Network Price List 2025-26 p3; GST exclusive; network price = NUOS (list shows no DUOS/TUOS/CCF split; excludes the separate Metering Service Charge column); PDF dated 2025-05-13; trial tariff (partner retailers only)
Ausgrid,2025-26,dnsp_only_code,trial_tariff,EA964,Flexible load (primary),3 component(s),,,,,,,,,,NUoS,NUoS,AER,DNSP,sources/aer/AER_Consolidated_stakeholder_report_2025-26_v5.xlsx,,sources/dnsp/ausgrid/Ausgrid_Network_Price_List_2025-26.pdf,https://aopt-p-001.sitecorecontenthub.cloud/api/public/content/739b6dfa167442638f6edb01d78f818c?v=3820be35,Flexible load (primary),,trial tariff published by distributor; AER-side file has no priced counterpart,Network Price List 2025-26 p3; GST exclusive; network price = NUOS (list shows no DUOS/TUOS/CCF split; excludes the separate Metering Service Charge column); PDF dated 2025-05-13; trial tariff (partner retailers only)
Ausgrid,2025-26,dnsp_only_code,trial_tariff,EA965,Flexible load (secondary),3 component(s),,,,,,,,,,NUoS,NUoS,AER,DNSP,sources/aer/AER_Consolidated_stakeholder_report_2025-26_v5.xlsx,,sources/dnsp/ausgrid/Ausgrid_Network_Price_List_2025-26.pdf,https://aopt-p-001.sitecorecontenthub.cloud/api/public/content/739b6dfa167442638f6edb01d78f818c?v=3820be35,Flexible load (secondary),,trial tariff published by distributor; AER-side file has no priced counterpart,Network Price List 2025-26 p3; GST exclusive; network price = NUOS (list shows no DUOS/TUOS/CCF split; excludes the separate Metering Service Charge column); PDF dated 2025-05-13; trial tariff (partner retailers only)
Ausgrid,2026-27,dnsp_only_code,,EA501,Transmission Connected,2 component(s),,,,,,,,,,NUoS,NUoS,AER,DNSP,sources/aer/AER_Consolidated_stakeholder_report_2026-27_26Aug2026.xlsx,,sources/dnsp/ausgrid/Ausgrid_Network_Price_List_2026-27.pdf,https://aopt-p-001.sitecorecontenthub.cloud/api/public/content/a6b7b18dc0e84cda9ab067f61a6bbab7?v=21f13674,Transmission Connected,,tariff code present in distributor publication but not in AER-side file,Network Price List 2026-27 p1; GST exclusive; network price = NUOS (list shows no DUOS/TUOS/CCF split; excludes the separate Metering Service Charge column); PDF dated 2026-07-03
Ausgrid,2026-27,dnsp_only_code,trial_tariff,EA905,Flexible load (LV large),3 component(s),,,,,,,,,,NUoS,NUoS,AER,DNSP,sources/aer/AER_Consolidated_stakeholder_report_2026-27_26Aug2026.xlsx,,sources/dnsp/ausgrid/Ausgrid_Network_Price_List_2026-27.pdf,https://aopt-p-001.sitecorecontenthub.cloud/api/public/content/a6b7b18dc0e84cda9ab067f61a6bbab7?v=21f13674,Flexible load (LV large),,trial tariff published by distributor; AER-side file has no priced counterpart,Network Price List 2026-27 p3; GST exclusive; network price = NUOS (list shows no DUOS/TUOS/CCF split; excludes the separate Metering Service Charge column); PDF dated 2026-07-03; trial tariff (partner retailers only)
Ausgrid,2026-27,dnsp_only_code,trial_tariff,EA955,Local use of system trial - small business,3 component(s),,,,,,,,,,NUoS,NUoS,AER,DNSP,sources/aer/AER_Consolidated_stakeholder_report_2026-27_26Aug2026.xlsx,,sources/dnsp/ausgrid/Ausgrid_Network_Price_List_2026-27.pdf,https://aopt-p-001.sitecorecontenthub.cloud/api/public/content/a6b7b18dc0e84cda9ab067f61a6bbab7?v=21f13674,Local use of system trial - small business,,trial tariff published by distributor; AER-side file has no priced counterpart,Network Price List 2026-27 p3; GST exclusive; network price = NUOS (list shows no DUOS/TUOS/CCF split; excludes the separate Metering Service Charge column); PDF dated 2026-07-03; trial tariff (partner retailers only)
Ausgrid,2026-27,dnsp_only_code,trial_tariff,EA956,Local use of system trial - residential,3 component(s),,,,,,,,,,NUoS,NUoS,AER,DNSP,sources/aer/AER_Consolidated_stakeholder_report_2026-27_26Aug2026.xlsx,,sources/dnsp/ausgrid/Ausgrid_Network_Price_List_2026-27.pdf,https://aopt-p-001.sitecorecontenthub.cloud/api/public/content/a6b7b18dc0e84cda9ab067f61a6bbab7?v=21f13674,Local use of system trial - residential,,trial tariff published by distributor; AER-side file has no priced counterpart,Network Price List 2026-27 p3; GST exclusive; network price = NUOS (list shows no DUOS/TUOS/CCF split; excludes the separate Metering Service Charge column); PDF dated 2026-07-03; trial tariff (partner retailers only)
Ausgrid,2026-27,dnsp_only_code,trial_tariff,EA964,Flexible load (primary),3 component(s),,,,,,,,,,NUoS,NUoS,AER,DNSP,sources/aer/AER_Consolidated_stakeholder_report_2026-27_26Aug2026.xlsx,,sources/dnsp/ausgrid/Ausgrid_Network_Price_List_2026-27.pdf,https://aopt-p-001.sitecorecontenthub.cloud/api/public/content/a6b7b18dc0e84cda9ab067f61a6bbab7?v=21f13674,Flexible load (primary),,trial tariff published by distributor; AER-side file has no priced counterpart,Network Price List 2026-27 p3; GST exclusive; network price = NUOS (list shows no DUOS/TUOS/CCF split; excludes the separate Metering Service Charge column); PDF dated 2026-07-03; trial tariff (partner retailers only); footnote: The EA964 and EA965 peak charges apply to critical peaks only when called by Ausgrid.
Ausgrid,2026-27,dnsp_only_code,trial_tariff,EA965,Flexible load (secondary),3 component(s),,,,,,,,,,NUoS,NUoS,AER,DNSP,sources/aer/AER_Consolidated_stakeholder_report_2026-27_26Aug2026.xlsx,,sources/dnsp/ausgrid/Ausgrid_Network_Price_List_2026-27.pdf,https://aopt-p-001.sitecorecontenthub.cloud/api/public/content/a6b7b18dc0e84cda9ab067f61a6bbab7?v=21f13674,Flexible load (secondary),,trial tariff published by distributor; AER-side file has no priced counterpart,Network Price List 2026-27 p3; GST exclusive; network price = NUOS (list shows no DUOS/TUOS/CCF split; excludes the separate Metering Service Charge column); PDF dated 2026-07-03; trial tariff (partner retailers only); footnote: The EA964 and EA965 peak charges apply to critical peaks only when called by Ausgrid.
Ausgrid,2026-27,dnsp_only_code,trial_tariff,EA974,Residential Dynamic Tariff (load),4 component(s),,,,,,,,,,NUoS,NUoS,AER,DNSP,sources/aer/AER_Consolidated_stakeholder_report_2026-27_26Aug2026.xlsx,,sources/dnsp/ausgrid/Ausgrid_Network_Price_List_2026-27.pdf,https://aopt-p-001.sitecorecontenthub.cloud/api/public/content/a6b7b18dc0e84cda9ab067f61a6bbab7?v=21f13674,Residential Dynamic Tariff (load),,trial tariff published by distributor; AER-side file has no priced counterpart,Network Price List 2026-27 p3; GST exclusive; network price = NUOS (list shows no DUOS/TUOS/CCF split; excludes the separate Metering Service Charge column); PDF dated 2026-07-03; trial tariff (partner retailers only); footnote: EA974 and EA975 dynamic tariff components are applied to customers only when an event is called by Ausgrid.
Ausgrid,2026-27,dnsp_only_code,trial_tariff,EA975,Residential Dynamic Tariff (generation),2 component(s),,,,,,,,,,NUoS,NUoS,AER,DNSP,sources/aer/AER_Consolidated_stakeholder_report_2026-27_26Aug2026.xlsx,,sources/dnsp/ausgrid/Ausgrid_Network_Price_List_2026-27.pdf,https://aopt-p-001.sitecorecontenthub.cloud/api/public/content/a6b7b18dc0e84cda9ab067f61a6bbab7?v=21f13674,Residential Dynamic Tariff (generation),,trial tariff published by distributor; AER-side file has no priced counterpart,Network Price List 2026-27 p3; GST exclusive; network price = NUOS (list shows no DUOS/TUOS/CCF split; excludes the separate Metering Service Charge column); PDF dated 2026-07-03; trial tariff (partner retailers only); footnote: EA974 and EA975 dynamic tariff components are applied to customers only when an event is called by Ausgrid.
Ausgrid,2026-27,dnsp_only_code,trial_tariff,EA976,HV Dynamic Connection,5 component(s),,,,,,,,,,NUoS,NUoS,AER,DNSP,sources/aer/AER_Consolidated_stakeholder_report_2026-27_26Aug2026.xlsx,,sources/dnsp/ausgrid/Ausgrid_Network_Price_List_2026-27.pdf,https://aopt-p-001.sitecorecontenthub.cloud/api/public/content/a6b7b18dc0e84cda9ab067f61a6bbab7?v=21f13674,HV Dynamic Connection,,trial tariff published by distributor; AER-side file has no priced counterpart,"Network Price List 2026-27 p3; GST exclusive; network price = NUOS (list shows no DUOS/TUOS/CCF split; excludes the separate Metering Service Charge column); PDF dated 2026-07-03; trial tariff (partner retailers only); footnote: For EA976, block 1 rate applies for the customer's guaranteed kVA threshold. Block 2 is the rate applied to demand used above the firm threshold."
Ausgrid,2026-27,aer_only_component,,EA335,LV storage (Export),Off-peak energy,0.8856072821,cents/kWh,,,0.885607,,c/kWh,,,NUoS,NUoS,AER,DNSP,sources/aer/AER_Consolidated_stakeholder_report_2026-27_26Aug2026.xlsx,https://www.aer.gov.au/system/files/2026-08/AER%20%E2%80%93%202026%E2%80%9327%20%E2%80%93%20Consolidated%20stakeholder%20report%20%E2%80%93%2026%20August%202026.xlsx,sources/dnsp/ausgrid/Ausgrid_Network_Price_List_2026-27.pdf,,Storage (generation),,component priced in AER-side file with no counterpart in distributor publication,
CitiPower,2023-24,dnsp_only_code,trial_tariff,CDBB,Distributor-owned community battery,1 component(s),,,,,,,,,,NUoS,NUoS,AER_HOSTED,DNSP,sources/aer/2023-24_price_lists/CitiPower_2023-24_Tariff_Summary_31Mar2023.xlsx,,sources/dnsp/citipower/CitiPower_Pricing_Proposal_2023-24_wayback.pdf,https://web.archive.org/web/20230619153219/https://media.powercor.com.au/wp-content/uploads/2023/05/17151834/CitiPower_2023-24_Pricing_-Proposal.pdf,Distributor-owned community battery,,trial tariff published by distributor; AER-side file has no priced counterpart,"page 13 Table 6 Trial tariffs 2023/24 Proposed Tariffs; 2023/24 Pricing Proposal PDF (Wayback copy, file dated May 2023); trial tariff; Status: Default; GST not stated for this table; assumed excl (document marks its other price tables GST exclusive)"
CitiPower,2023-24,dnsp_only_code,trial_tariff,CNDB,Community battery time of use,4 component(s),,,,,,,,,,NUoS,NUoS,AER_HOSTED,DNSP,sources/aer/2023-24_price_lists/CitiPower_2023-24_Tariff_Summary_31Mar2023.xlsx,,sources/dnsp/citipower/CitiPower_Pricing_Proposal_2023-24_wayback.pdf,https://web.archive.org/web/20230619153219/https://media.powercor.com.au/wp-content/uploads/2023/05/17151834/CitiPower_2023-24_Pricing_-Proposal.pdf,Community battery time of use,,trial tariff published by distributor; AER-side file has no priced counterpart,"page 13 Table 6 Trial tariffs 2023/24 Proposed Tariffs; 2023/24 Pricing Proposal PDF (Wayback copy, file dated May 2023); trial tariff; Status: Default; GST not stated for this table; assumed excl (document marks its other price tables GST exclusive)"
CitiPower,2023-24,dnsp_only_code,trial_tariff,CRDS,Residential daytime saver,3 component(s),,,,,,,,,,NUoS,NUoS,AER_HOSTED,DNSP,sources/aer/2023-24_price_lists/CitiPower_2023-24_Tariff_Summary_31Mar2023.xlsx,,sources/dnsp/citipower/CitiPower_Pricing_Proposal_2023-24_wayback.pdf,https://web.archive.org/web/20230619153219/https://media.powercor.com.au/wp-content/uploads/2023/05/17151834/CitiPower_2023-24_Pricing_-Proposal.pdf,Residential daytime saver,,trial tariff published by distributor; AER-side file has no priced counterpart,"page 13 Table 6 Trial tariffs 2023/24 Proposed Tariffs; 2023/24 Pricing Proposal PDF (Wayback copy, file dated May 2023); trial tariff; Status: Opt-in; GST not stated for this table; assumed excl (document marks its other price tables GST exclusive)"
CitiPower,2023-24,dnsp_only_code,trial_tariff,GT,Generator storage,3 component(s),,,,,,,,,,NUoS,NUoS,AER_HOSTED,DNSP,sources/aer/2023-24_price_lists/CitiPower_2023-24_Tariff_Summary_31Mar2023.xlsx,,sources/dnsp/citipower/CitiPower_Pricing_Proposal_2023-24_wayback.pdf,https://web.archive.org/web/20230619153219/https://media.powercor.com.au/wp-content/uploads/2023/05/17151834/CitiPower_2023-24_Pricing_-Proposal.pdf,Generator storage,,trial tariff published by distributor; AER-side file has no priced counterpart,"page 13 Table 6 Trial tariffs 2023/24 Proposed Tariffs; 2023/24 Pricing Proposal PDF (Wayback copy, file dated May 2023); trial tariff; Status: Opt-in; GST not stated for this table; assumed excl (document marks its other price tables GST exclusive)"
CitiPower,2024-25,dnsp_only_code,trial_tariff,CDBB,Distributor-owned community battery,1 component(s),,,,,,,,,,NUoS,NUoS,AER,DNSP,sources/aer/2024-25_stakeholder_reports/AER_Stakeholder_report_CitiPower_2024-25.xlsx,,sources/dnsp/citipower/CitiPower_Pricing_Proposal_2024-25_28Mar2024_wayback.pdf,https://web.archive.org/web/20250114231917/https://media.powercor.com.au/wp-content/uploads/2024/06/11153813/CitiPower-2024-25-Pricing-28-March-2024-PUBLIC.pdf,Distributor-owned community battery,,trial tariff published by distributor; AER-side file has no priced counterpart,page 6 TABLE 2 TRIAL TARIFFS 2024/25 TARIFFS; 2024/25 Pricing PDF 28 Mar 2024 (Wayback copy); trial tariff; GST not stated for this table; assumed excl (document marks its other price tables GST exclusive)
CitiPower,2024-25,dnsp_only_code,,CHVT1,High Voltage Transitional,4 component(s),,,,,,,,,,NUoS,NUoS,AER,DNSP,sources/aer/2024-25_stakeholder_reports/AER_Stakeholder_report_CitiPower_2024-25.xlsx,,sources/dnsp/citipower/CitiPower_Pricing_Proposal_2024-25_28Mar2024_wayback.pdf,https://web.archive.org/web/20250114231917/https://media.powercor.com.au/wp-content/uploads/2024/06/11153813/CitiPower-2024-25-Pricing-28-March-2024-PUBLIC.pdf,High Voltage Transitional,,tariff code present in distributor publication but not in AER-side file,page 5 TABLE 1 NETWORK TARIFF 2024/25; 2024/25 Pricing PDF 28 Mar 2024 (Wayback copy); GST not stated for this table; assumed excl (document marks its other price tables GST exclusive)
CitiPower,2024-25,dnsp_only_code,,CHVT2,High Voltage Transitional,4 component(s),,,,,,,,,,NUoS,NUoS,AER,DNSP,sources/aer/2024-25_stakeholder_reports/AER_Stakeholder_report_CitiPower_2024-25.xlsx,,sources/dnsp/citipower/CitiPower_Pricing_Proposal_2024-25_28Mar2024_wayback.pdf,https://web.archive.org/web/20250114231917/https://media.powercor.com.au/wp-content/uploads/2024/06/11153813/CitiPower-2024-25-Pricing-28-March-2024-PUBLIC.pdf,High Voltage Transitional,,tariff code present in distributor publication but not in AER-side file,page 5 TABLE 1 NETWORK TARIFF 2024/25; 2024/25 Pricing PDF 28 Mar 2024 (Wayback copy); GST not stated for this table; assumed excl (document marks its other price tables GST exclusive)
CitiPower,2024-25,dnsp_only_code,,CLLVT1,Large low Voltage Transitional,4 component(s),,,,,,,,,,NUoS,NUoS,AER,DNSP,sources/aer/2024-25_stakeholder_reports/AER_Stakeholder_report_CitiPower_2024-25.xlsx,,sources/dnsp/citipower/CitiPower_Pricing_Proposal_2024-25_28Mar2024_wayback.pdf,https://web.archive.org/web/20250114231917/https://media.powercor.com.au/wp-content/uploads/2024/06/11153813/CitiPower-2024-25-Pricing-28-March-2024-PUBLIC.pdf,Large low Voltage Transitional,,tariff code present in distributor publication but not in AER-side file,page 5 TABLE 1 NETWORK TARIFF 2024/25; 2024/25 Pricing PDF 28 Mar 2024 (Wayback copy); GST not stated for this table; assumed excl (document marks its other price tables GST exclusive)
CitiPower,2024-25,dnsp_only_code,,CLLVT2,Large low Voltage Transitional,4 component(s),,,,,,,,,,NUoS,NUoS,AER,DNSP,sources/aer/2024-25_stakeholder_reports/AER_Stakeholder_report_CitiPower_2024-25.xlsx,,sources/dnsp/citipower/CitiPower_Pricing_Proposal_2024-25_28Mar2024_wayback.pdf,https://web.archive.org/web/20250114231917/https://media.powercor.com.au/wp-content/uploads/2024/06/11153813/CitiPower-2024-25-Pricing-28-March-2024-PUBLIC.pdf,Large low Voltage Transitional,,tariff code present in distributor publication but not in AER-side file,page 5 TABLE 1 NETWORK TARIFF 2024/25; 2024/25 Pricing PDF 28 Mar 2024 (Wayback copy); GST not stated for this table; assumed excl (document marks its other price tables GST exclusive)
CitiPower,2024-25,dnsp_only_code,trial_tariff,CNDB,Community battery time of use,4 component(s),,,,,,,,,,NUoS,NUoS,AER,DNSP,sources/aer/2024-25_stakeholder_reports/AER_Stakeholder_report_CitiPower_2024-25.xlsx,,sources/dnsp/citipower/CitiPower_Pricing_Proposal_2024-25_28Mar2024_wayback.pdf,https://web.archive.org/web/20250114231917/https://media.powercor.com.au/wp-content/uploads/2024/06/11153813/CitiPower-2024-25-Pricing-28-March-2024-PUBLIC.pdf,Community battery time of use,,trial tariff published by distributor; AER-side file has no priced counterpart,page 6 TABLE 2 TRIAL TARIFFS 2024/25 TARIFFS; 2024/25 Pricing PDF 28 Mar 2024 (Wayback copy); trial tariff; GST not stated for this table; assumed excl (document marks its other price tables GST exclusive)
CitiPower,2024-25,dnsp_only_code,trial_tariff,CRDS,Residential daytime saver,3 component(s),,,,,,,,,,NUoS,NUoS,AER,DNSP,sources/aer/2024-25_stakeholder_reports/AER_Stakeholder_report_CitiPower_2024-25.xlsx,,sources/dnsp/citipower/CitiPower_Pricing_Proposal_2024-25_28Mar2024_wayback.pdf,https://web.archive.org/web/20250114231917/https://media.powercor.com.au/wp-content/uploads/2024/06/11153813/CitiPower-2024-25-Pricing-28-March-2024-PUBLIC.pdf,Residential daytime saver,,trial tariff published by distributor; AER-side file has no priced counterpart,page 6 TABLE 2 TRIAL TARIFFS 2024/25 TARIFFS; 2024/25 Pricing PDF 28 Mar 2024 (Wayback copy); trial tariff; GST not stated for this table; assumed excl (document marks its other price tables GST exclusive)
CitiPower,2024-25,dnsp_only_code,trial_tariff,GT,Generator storage,3 component(s),,,,,,,,,,NUoS,NUoS,AER,DNSP,sources/aer/2024-25_stakeholder_reports/AER_Stakeholder_report_CitiPower_2024-25.xlsx,,sources/dnsp/citipower/CitiPower_Pricing_Proposal_2024-25_28Mar2024_wayback.pdf,https://web.archive.org/web/20250114231917/https://media.powercor.com.au/wp-content/uploads/2024/06/11153813/CitiPower-2024-25-Pricing-28-March-2024-PUBLIC.pdf,Generator storage,,trial tariff published by distributor; AER-side file has no priced counterpart,page 6 TABLE 2 TRIAL TARIFFS 2024/25 TARIFFS; 2024/25 Pricing PDF 28 Mar 2024 (Wayback copy); trial tariff; GST not stated for this table; assumed excl (document marks its other price tables GST exclusive)
CitiPower,2026-27,aer_only_code,aer_zero_placeholder,CFTUOS,Flexible TUOS Pass-Through,0 priced component(s),,,,,,,,,,NUoS,NUoS,AER,DNSP,sources/aer/AER_Consolidated_stakeholder_report_2026-27_26Aug2026.xlsx,https://www.aer.gov.au/system/files/2026-08/AER%20%E2%80%93%202026%E2%80%9327%20%E2%80%93%20Consolidated%20stakeholder%20report%20%E2%80%93%2026%20August%202026.xlsx,sources/dnsp/citipower/CitiPower_Tariff_Summary_2026-27_07May2026.xlsx,,,,AER-side file lists this tariff with no prices (placeholder / TBA code),zero-priced row
CitiPower,2026-27,aer_only_code,,CHV,High Voltage,4 priced component(s),,,,,,,,,,NUoS,NUoS,AER,DNSP,sources/aer/AER_Consolidated_stakeholder_report_2026-27_26Aug2026.xlsx,https://www.aer.gov.au/system/files/2026-08/AER%20%E2%80%93%202026%E2%80%9327%20%E2%80%93%20Consolidated%20stakeholder%20report%20%E2%80%93%2026%20August%202026.xlsx,sources/dnsp/citipower/CitiPower_Tariff_Summary_2026-27_07May2026.xlsx,,,,tariff code present in AER-side file but not in distributor publication,
CitiPower,2026-27,aer_only_code,,CLLV,Large low Voltage,4 priced component(s),,,,,,,,,,NUoS,NUoS,AER,DNSP,sources/aer/AER_Consolidated_stakeholder_report_2026-27_26Aug2026.xlsx,https://www.aer.gov.au/system/files/2026-08/AER%20%E2%80%93%202026%E2%80%9327%20%E2%80%93%20Consolidated%20stakeholder%20report%20%E2%80%93%2026%20August%202026.xlsx,sources/dnsp/citipower/CitiPower_Tariff_Summary_2026-27_07May2026.xlsx,,,,tariff code present in AER-side file but not in distributor publication,
CitiPower,2026-27,dnsp_only_code,,CHV1,High voltage 1,4 component(s),,,,,,,,,,NUoS,NUoS,AER,DNSP,sources/aer/AER_Consolidated_stakeholder_report_2026-27_26Aug2026.xlsx,,sources/dnsp/citipower/CitiPower_Tariff_Summary_2026-27_07May2026.xlsx,https://media.powercor.com.au/documents/Network-pricing/CitiPower-FINAL-2026-27-Tariff-Summary-07-May-2026-PUBLIC.xlsx,High voltage 1,,tariff code present in distributor publication but not in AER-side file,sheet 'CP_2026-27_NUOS'; FINAL 2026-27 Tariff Summary 7 May 2026; Status: Default
CitiPower,2026-27,dnsp_only_code,,CHV2,High voltage 2,4 component(s),,,,,,,,,,NUoS,NUoS,AER,DNSP,sources/aer/AER_Consolidated_stakeholder_report_2026-27_26Aug2026.xlsx,,sources/dnsp/citipower/CitiPower_Tariff_Summary_2026-27_07May2026.xlsx,https://media.powercor.com.au/documents/Network-pricing/CitiPower-FINAL-2026-27-Tariff-Summary-07-May-2026-PUBLIC.xlsx,High voltage 2,,tariff code present in distributor publication but not in AER-side file,sheet 'CP_2026-27_NUOS'; FINAL 2026-27 Tariff Summary 7 May 2026; Status: Default
CitiPower,2026-27,dnsp_only_code,,CHV3,High voltage 3,4 component(s),,,,,,,,,,NUoS,NUoS,AER,DNSP,sources/aer/AER_Consolidated_stakeholder_report_2026-27_26Aug2026.xlsx,,sources/dnsp/citipower/CitiPower_Tariff_Summary_2026-27_07May2026.xlsx,https://media.powercor.com.au/documents/Network-pricing/CitiPower-FINAL-2026-27-Tariff-Summary-07-May-2026-PUBLIC.xlsx,High voltage 3,,tariff code present in distributor publication but not in AER-side file,sheet 'CP_2026-27_NUOS'; FINAL 2026-27 Tariff Summary 7 May 2026; Status: Default
CitiPower,2026-27,dnsp_only_code,,CLLV1,Large low voltage 1,4 component(s),,,,,,,,,,NUoS,NUoS,AER,DNSP,sources/aer/AER_Consolidated_stakeholder_report_2026-27_26Aug2026.xlsx,,sources/dnsp/citipower/CitiPower_Tariff_Summary_2026-27_07May2026.xlsx,https://media.powercor.com.au/documents/Network-pricing/CitiPower-FINAL-2026-27-Tariff-Summary-07-May-2026-PUBLIC.xlsx,Large low voltage 1,,tariff code present in distributor publication but not in AER-side file,sheet 'CP_2026-27_NUOS'; FINAL 2026-27 Tariff Summary 7 May 2026; Status: Default
CitiPower,2026-27,dnsp_only_code,,CLLV2,Large low voltage 2,4 component(s),,,,,,,,,,NUoS,NUoS,AER,DNSP,sources/aer/AER_Consolidated_stakeholder_report_2026-27_26Aug2026.xlsx,,sources/dnsp/citipower/CitiPower_Tariff_Summary_2026-27_07May2026.xlsx,https://media.powercor.com.au/documents/Network-pricing/CitiPower-FINAL-2026-27-Tariff-Summary-07-May-2026-PUBLIC.xlsx,Large low voltage 2,,tariff code present in distributor publication but not in AER-side file,sheet 'CP_2026-27_NUOS'; FINAL 2026-27 Tariff Summary 7 May 2026; Status: Default
CitiPower,2026-27,dnsp_only_code,,CLLV3,Large low voltage 3,4 component(s),,,,,,,,,,NUoS,NUoS,AER,DNSP,sources/aer/AER_Consolidated_stakeholder_report_2026-27_26Aug2026.xlsx,,sources/dnsp/citipower/CitiPower_Tariff_Summary_2026-27_07May2026.xlsx,https://media.powercor.com.au/documents/Network-pricing/CitiPower-FINAL-2026-27-Tariff-Summary-07-May-2026-PUBLIC.xlsx,Large low voltage 3,,tariff code present in distributor publication but not in AER-side file,sheet 'CP_2026-27_NUOS'; FINAL 2026-27 Tariff Summary 7 May 2026; Status: Default
CitiPower,2026-27,dnsp_only_code,trial_tariff,EVCTOU,Residential kerbside EV charger,4 component(s),,,,,,,,,,NUoS,NUoS,AER,DNSP,sources/aer/AER_Consolidated_stakeholder_report_2026-27_26Aug2026.xlsx,,sources/dnsp/citipower/CitiPower_Tariff_Summary_2026-27_07May2026.xlsx,https://media.powercor.com.au/documents/Network-pricing/CitiPower-FINAL-2026-27-Tariff-Summary-07-May-2026-PUBLIC.xlsx,Residential kerbside EV charger,,trial tariff published by distributor; AER-side file has no priced counterpart,sheet 'CP_2026-27_TRIAL_NUOS'; FINAL 2026-27 Tariff Summary 7 May 2026; trial tariff; Status: Default
Endeavour Energy,2024-25,value_differs,metering_in_fixed,N50,Controlled Load 1,Fixed,6.2,cents/day,9.6025,c/day,6.2,9.6025,c/day,3.4025,54.879,NUoS,NUoS,AER,DNSP,sources/aer/2024-25_stakeholder_reports/AER_Stakeholder_report_Endeavour_2024-25.xlsx,https://www.aer.gov.au/system/files/2024-05/AER%20-%20Stakeholder%20report%20-%20Endeavour%20Energy%20-%202024%E2%80%9325%20Annual%20Pricing%20Proposal.xlsx,sources/dnsp/endeavour/Endeavour_NUOS_Price_List_2024-25_v10.pdf,https://edge.sitecorecloud.io/endeavouren152b-endeavouren7772-production9ea5-b88d/media/Endeavour-Energy/Publications/PDFs/ANS-and-Network-Price-List/NUOS-Price-List-202425-v10.pdf,Controlled Load 1,Daily Access Charge,distributor's NUoS fixed charge embeds the legacy metering charge (stated in its document); AER file lists metering separately,"NUOS Price List 2024-25 v1.0 (v1.0 14 Jun 2024 Final); Table 1a p39; GST exclusive; Daily Access Charge is the NUOS network access charge incl. metering - document: ""Network prices comprise Distribution (DUOS) charges including Metering, Transmission (TUOS) passthroughs and recovery of the NSW Climate Change Fund (CCF) and Energy Infrastructure Roadmap (EIR) contributions.""; no metering/network split published"
Endeavour Energy,2024-25,value_differs,metering_in_fixed,N54,Controlled Load 2,Fixed,6.2,cents/day,9.6025,c/day,6.2,9.6025,c/day,3.4025,54.879,NUoS,NUoS,AER,DNSP,sources/aer/2024-25_stakeholder_reports/AER_Stakeholder_report_Endeavour_2024-25.xlsx,https://www.aer.gov.au/system/files/2024-05/AER%20-%20Stakeholder%20report%20-%20Endeavour%20Energy%20-%202024%E2%80%9325%20Annual%20Pricing%20Proposal.xlsx,sources/dnsp/endeavour/Endeavour_NUOS_Price_List_2024-25_v10.pdf,https://edge.sitecorecloud.io/endeavouren152b-endeavouren7772-production9ea5-b88d/media/Endeavour-Energy/Publications/PDFs/ANS-and-Network-Price-List/NUOS-Price-List-202425-v10.pdf,Controlled Load 2,Daily Access Charge,distributor's NUoS fixed charge embeds the legacy metering charge (stated in its document); AER file lists metering separately,"NUOS Price List 2024-25 v1.0 (v1.0 14 Jun 2024 Final); Table 1a p39; GST exclusive; Daily Access Charge is the NUOS network access charge incl. metering - document: ""Network prices comprise Distribution (DUOS) charges including Metering, Transmission (TUOS) passthroughs and recovery of the NSW Climate Change Fund (CCF) and Energy Infrastructure Roadmap (EIR) contributions.""; no metering/network split published"
Endeavour Energy,2024-25,value_differs,metering_in_fixed,N70,Residential Flat,Fixed,52.13,cents/day,55.5325,c/day,52.13,55.5325,c/day,3.4025,6.527,NUoS,NUoS,AER,DNSP,sources/aer/2024-25_stakeholder_reports/AER_Stakeholder_report_Endeavour_2024-25.xlsx,https://www.aer.gov.au/system/files/2024-05/AER%20-%20Stakeholder%20report%20-%20Endeavour%20Energy%20-%202024%E2%80%9325%20Annual%20Pricing%20Proposal.xlsx,sources/dnsp/endeavour/Endeavour_NUOS_Price_List_2024-25_v10.pdf,https://edge.sitecorecloud.io/endeavouren152b-endeavouren7772-production9ea5-b88d/media/Endeavour-Energy/Publications/PDFs/ANS-and-Network-Price-List/NUOS-Price-List-202425-v10.pdf,Residential Flat,Daily Access Charge,distributor's NUoS fixed charge embeds the legacy metering charge (stated in its document); AER file lists metering separately,"NUOS Price List 2024-25 v1.0 (v1.0 14 Jun 2024 Final); Table 1a p39; GST exclusive; Daily Access Charge is the NUOS network access charge incl. metering - document: ""Network prices comprise Distribution (DUOS) charges including Metering, Transmission (TUOS) passthroughs and recovery of the NSW Climate Change Fund (CCF) and Energy Infrastructure Roadmap (EIR) contributions.""; no metering/network split published"
Endeavour Energy,2024-25,value_differs,metering_in_fixed,N71,Residential STOU,Fixed,52.13,cents/day,55.5325,c/day,52.13,55.5325,c/day,3.4025,6.527,NUoS,NUoS,AER,DNSP,sources/aer/2024-25_stakeholder_reports/AER_Stakeholder_report_Endeavour_2024-25.xlsx,https://www.aer.gov.au/system/files/2024-05/AER%20-%20Stakeholder%20report%20-%20Endeavour%20Energy%20-%202024%E2%80%9325%20Annual%20Pricing%20Proposal.xlsx,sources/dnsp/endeavour/Endeavour_NUOS_Price_List_2024-25_v10.pdf,https://edge.sitecorecloud.io/endeavouren152b-endeavouren7772-production9ea5-b88d/media/Endeavour-Energy/Publications/PDFs/ANS-and-Network-Price-List/NUOS-Price-List-202425-v10.pdf,Residential STOU,Daily Access Charge,distributor's NUoS fixed charge embeds the legacy metering charge (stated in its document); AER file lists metering separately,"NUOS Price List 2024-25 v1.0 (v1.0 14 Jun 2024 Final); Table 1a p39; GST exclusive; Daily Access Charge is the NUOS network access charge incl. metering - document: ""Network prices comprise Distribution (DUOS) charges including Metering, Transmission (TUOS) passthroughs and recovery of the NSW Climate Change Fund (CCF) and Energy Infrastructure Roadmap (EIR) contributions.""; no metering/network split published"
Endeavour Energy,2024-25,value_differs,metering_in_fixed,N72,Residential Demand,Fixed,52.13,cents/day,55.5325,c/day,52.13,55.5325,c/day,3.4025,6.527,NUoS,NUoS,AER,DNSP,sources/aer/2024-25_stakeholder_reports/AER_Stakeholder_report_Endeavour_2024-25.xlsx,https://www.aer.gov.au/system/files/2024-05/AER%20-%20Stakeholder%20report%20-%20Endeavour%20Energy%20-%202024%E2%80%9325%20Annual%20Pricing%20Proposal.xlsx,sources/dnsp/endeavour/Endeavour_NUOS_Price_List_2024-25_v10.pdf,https://edge.sitecorecloud.io/endeavouren152b-endeavouren7772-production9ea5-b88d/media/Endeavour-Energy/Publications/PDFs/ANS-and-Network-Price-List/NUOS-Price-List-202425-v10.pdf,Residential Demand,Daily Access Charge,distributor's NUoS fixed charge embeds the legacy metering charge (stated in its document); AER file lists metering separately,"NUOS Price List 2024-25 v1.0 (v1.0 14 Jun 2024 Final); Table 1a p39; GST exclusive; Daily Access Charge is the NUOS network access charge incl. metering - document: ""Network prices comprise Distribution (DUOS) charges including Metering, Transmission (TUOS) passthroughs and recovery of the NSW Climate Change Fund (CCF) and Energy Infrastructure Roadmap (EIR) contributions.""; no metering/network split published"
Endeavour Energy,2024-25,value_differs,metering_in_fixed,N73,Residential Demand Transitional,Fixed,52.13,cents/day,55.5325,c/day,52.13,55.5325,c/day,3.4025,6.527,NUoS,NUoS,AER,DNSP,sources/aer/2024-25_stakeholder_reports/AER_Stakeholder_report_Endeavour_2024-25.xlsx,https://www.aer.gov.au/system/files/2024-05/AER%20-%20Stakeholder%20report%20-%20Endeavour%20Energy%20-%202024%E2%80%9325%20Annual%20Pricing%20Proposal.xlsx,sources/dnsp/endeavour/Endeavour_NUOS_Price_List_2024-25_v10.pdf,https://edge.sitecorecloud.io/endeavouren152b-endeavouren7772-production9ea5-b88d/media/Endeavour-Energy/Publications/PDFs/ANS-and-Network-Price-List/NUOS-Price-List-202425-v10.pdf,Residential Demand Transitional,Daily Access Charge,distributor's NUoS fixed charge embeds the legacy metering charge (stated in its document); AER file lists metering separately,"NUOS Price List 2024-25 v1.0 (v1.0 14 Jun 2024 Final); Table 1a p39; GST exclusive; transitional tariff; Daily Access Charge is the NUOS network access charge incl. metering - document: ""Network prices comprise Distribution (DUOS) charges including Metering, Transmission (TUOS) passthroughs and recovery of the NSW Climate Change Fund (CCF) and Energy Infrastructure Roadmap (EIR) contributions.""; no metering/network split published"
Endeavour Energy,2024-25,value_differs,metering_in_fixed,N90,General Supply Block,Fixed,74.61,cents/day,78.0125,c/day,74.61,78.0125,c/day,3.4025,4.5604,NUoS,NUoS,AER,DNSP,sources/aer/2024-25_stakeholder_reports/AER_Stakeholder_report_Endeavour_2024-25.xlsx,https://www.aer.gov.au/system/files/2024-05/AER%20-%20Stakeholder%20report%20-%20Endeavour%20Energy%20-%202024%E2%80%9325%20Annual%20Pricing%20Proposal.xlsx,sources/dnsp/endeavour/Endeavour_NUOS_Price_List_2024-25_v10.pdf,https://edge.sitecorecloud.io/endeavouren152b-endeavouren7772-production9ea5-b88d/media/Endeavour-Energy/Publications/PDFs/ANS-and-Network-Price-List/NUOS-Price-List-202425-v10.pdf,General Supply Block,Daily Access Charge,distributor's NUoS fixed charge embeds the legacy metering charge (stated in its document); AER file lists metering separately,"NUOS Price List 2024-25 v1.0 (v1.0 14 Jun 2024 Final); Table 1a p39; GST exclusive; Daily Access Charge is the NUOS network access charge incl. metering - document: ""Network prices comprise Distribution (DUOS) charges including Metering, Transmission (TUOS) passthroughs and recovery of the NSW Climate Change Fund (CCF) and Energy Infrastructure Roadmap (EIR) contributions.""; no metering/network split published"
Endeavour Energy,2024-25,value_differs,metering_in_fixed,N91,GS STOU,Fixed,74.61,cents/day,78.0125,c/day,74.61,78.0125,c/day,3.4025,4.5604,NUoS,NUoS,AER,DNSP,sources/aer/2024-25_stakeholder_reports/AER_Stakeholder_report_Endeavour_2024-25.xlsx,https://www.aer.gov.au/system/files/2024-05/AER%20-%20Stakeholder%20report%20-%20Endeavour%20Energy%20-%202024%E2%80%9325%20Annual%20Pricing%20Proposal.xlsx,sources/dnsp/endeavour/Endeavour_NUOS_Price_List_2024-25_v10.pdf,https://edge.sitecorecloud.io/endeavouren152b-endeavouren7772-production9ea5-b88d/media/Endeavour-Energy/Publications/PDFs/ANS-and-Network-Price-List/NUOS-Price-List-202425-v10.pdf,GS STOU,Daily Access Charge,distributor's NUoS fixed charge embeds the legacy metering charge (stated in its document); AER file lists metering separately,"NUOS Price List 2024-25 v1.0 (v1.0 14 Jun 2024 Final); Table 1a p39; GST exclusive; Daily Access Charge is the NUOS network access charge incl. metering - document: ""Network prices comprise Distribution (DUOS) charges including Metering, Transmission (TUOS) passthroughs and recovery of the NSW Climate Change Fund (CCF) and Energy Infrastructure Roadmap (EIR) contributions.""; no metering/network split published"
Endeavour Energy,2024-25,value_differs,metering_in_fixed,N92,GS Demand,Fixed,74.61,cents/day,78.0125,c/day,74.61,78.0125,c/day,3.4025,4.5604,NUoS,NUoS,AER,DNSP,sources/aer/2024-25_stakeholder_reports/AER_Stakeholder_report_Endeavour_2024-25.xlsx,https://www.aer.gov.au/system/files/2024-05/AER%20-%20Stakeholder%20report%20-%20Endeavour%20Energy%20-%202024%E2%80%9325%20Annual%20Pricing%20Proposal.xlsx,sources/dnsp/endeavour/Endeavour_NUOS_Price_List_2024-25_v10.pdf,https://edge.sitecorecloud.io/endeavouren152b-endeavouren7772-production9ea5-b88d/media/Endeavour-Energy/Publications/PDFs/ANS-and-Network-Price-List/NUOS-Price-List-202425-v10.pdf,GS Demand,Daily Access Charge,distributor's NUoS fixed charge embeds the legacy metering charge (stated in its document); AER file lists metering separately,"NUOS Price List 2024-25 v1.0 (v1.0 14 Jun 2024 Final); Table 1a p39; GST exclusive; Daily Access Charge is the NUOS network access charge incl. metering - document: ""Network prices comprise Distribution (DUOS) charges including Metering, Transmission (TUOS) passthroughs and recovery of the NSW Climate Change Fund (CCF) and Energy Infrastructure Roadmap (EIR) contributions.""; no metering/network split published"
Endeavour Energy,2024-25,value_differs,metering_in_fixed,N93,GS Demand Transitional,Fixed,74.61,cents/day,78.0125,c/day,74.61,78.0125,c/day,3.4025,4.5604,NUoS,NUoS,AER,DNSP,sources/aer/2024-25_stakeholder_reports/AER_Stakeholder_report_Endeavour_2024-25.xlsx,https://www.aer.gov.au/system/files/2024-05/AER%20-%20Stakeholder%20report%20-%20Endeavour%20Energy%20-%202024%E2%80%9325%20Annual%20Pricing%20Proposal.xlsx,sources/dnsp/endeavour/Endeavour_NUOS_Price_List_2024-25_v10.pdf,https://edge.sitecorecloud.io/endeavouren152b-endeavouren7772-production9ea5-b88d/media/Endeavour-Energy/Publications/PDFs/ANS-and-Network-Price-List/NUOS-Price-List-202425-v10.pdf,GS Demand Transitional,Daily Access Charge,distributor's NUoS fixed charge embeds the legacy metering charge (stated in its document); AER file lists metering separately,"NUOS Price List 2024-25 v1.0 (v1.0 14 Jun 2024 Final); Table 1a p39; GST exclusive; transitional tariff; Daily Access Charge is the NUOS network access charge incl. metering - document: ""Network prices comprise Distribution (DUOS) charges including Metering, Transmission (TUOS) passthroughs and recovery of the NSW Climate Change Fund (CCF) and Energy Infrastructure Roadmap (EIR) contributions.""; no metering/network split published"
Endeavour Energy,2024-25,value_differs,metering_in_fixed,N95,Storage,Fixed,143.03,cents/day,146.4325,c/day,143.03,146.4325,c/day,3.4025,2.3789,NUoS,NUoS,AER,DNSP,sources/aer/2024-25_stakeholder_reports/AER_Stakeholder_report_Endeavour_2024-25.xlsx,https://www.aer.gov.au/system/files/2024-05/AER%20-%20Stakeholder%20report%20-%20Endeavour%20Energy%20-%202024%E2%80%9325%20Annual%20Pricing%20Proposal.xlsx,sources/dnsp/endeavour/Endeavour_NUOS_Price_List_2024-25_v10.pdf,https://edge.sitecorecloud.io/endeavouren152b-endeavouren7772-production9ea5-b88d/media/Endeavour-Energy/Publications/PDFs/ANS-and-Network-Price-List/NUOS-Price-List-202425-v10.pdf,Storage,Daily Access Charge,distributor's NUoS fixed charge embeds the legacy metering charge (stated in its document); AER file lists metering separately,"NUOS Price List 2024-25 v1.0 (v1.0 14 Jun 2024 Final); Table 1a p39; GST exclusive; Daily Access Charge is the NUOS network access charge incl. metering - document: ""Network prices comprise Distribution (DUOS) charges including Metering, Transmission (TUOS) passthroughs and recovery of the NSW Climate Change Fund (CCF) and Energy Infrastructure Roadmap (EIR) contributions.""; no metering/network split published"
Endeavour Energy,2024-25,dnsp_only_code,withdrawn_tariff,NC01,"Residential Flat, Controlled Load 1",3 component(s),,,,,,,,,,NUoS,NUoS,AER,DNSP,sources/aer/2024-25_stakeholder_reports/AER_Stakeholder_report_Endeavour_2024-25.xlsx,,sources/dnsp/endeavour/Endeavour_NUOS_Price_List_2024-25_v10.pdf,https://edge.sitecorecloud.io/endeavouren152b-endeavouren7772-production9ea5-b88d/media/Endeavour-Energy/Publications/PDFs/ANS-and-Network-Price-List/NUOS-Price-List-202425-v10.pdf,"Residential Flat, Controlled Load 1",,distributor still prices a tariff it marks obsolete/closed; AER-side file does not list it,"NUOS Price List 2024-25 v1.0 (v1.0 14 Jun 2024 Final); Table 3a p42; GST exclusive; OBSOLETE pricing option (Table 3a: legacy combination codes = standard tariff + controlled load and/or gross/net generation metering variants, priced as the parent tariff); 'obsolete and no new customers will be added ... not available on application'; placeholder 0.0000 cells dropped; Daily Access Charge is the NUOS network access charge incl. metering - document: ""Network prices comprise Distribution (DUOS) charges including Metering, Transmission (TUOS) passthroughs and recovery of the NSW Climate Change Fund (CCF) and Energy Infrastructure Roadmap (EIR) contributions.""; no metering/network split published"
Endeavour Energy,2024-25,dnsp_only_code,withdrawn_tariff,NC02,"Residential Flat, Controlled Load 2",3 component(s),,,,,,,,,,NUoS,NUoS,AER,DNSP,sources/aer/2024-25_stakeholder_reports/AER_Stakeholder_report_Endeavour_2024-25.xlsx,,sources/dnsp/endeavour/Endeavour_NUOS_Price_List_2024-25_v10.pdf,https://edge.sitecorecloud.io/endeavouren152b-endeavouren7772-production9ea5-b88d/media/Endeavour-Energy/Publications/PDFs/ANS-and-Network-Price-List/NUOS-Price-List-202425-v10.pdf,"Residential Flat, Controlled Load 2",,distributor still prices a tariff it marks obsolete/closed; AER-side file does not list it,"NUOS Price List 2024-25 v1.0 (v1.0 14 Jun 2024 Final); Table 3a p42; GST exclusive; OBSOLETE pricing option (Table 3a: legacy combination codes = standard tariff + controlled load and/or gross/net generation metering variants, priced as the parent tariff); 'obsolete and no new customers will be added ... not available on application'; placeholder 0.0000 cells dropped; Daily Access Charge is the NUOS network access charge incl. metering - document: ""Network prices comprise Distribution (DUOS) charges including Metering, Transmission (TUOS) passthroughs and recovery of the NSW Climate Change Fund (CCF) and Energy Infrastructure Roadmap (EIR) contributions.""; no metering/network split published"
Endeavour Energy,2024-25,dnsp_only_code,withdrawn_tariff,NC03,"General Supply Block, Controlled Load 1",4 component(s),,,,,,,,,,NUoS,NUoS,AER,DNSP,sources/aer/2024-25_stakeholder_reports/AER_Stakeholder_report_Endeavour_2024-25.xlsx,,sources/dnsp/endeavour/Endeavour_NUOS_Price_List_2024-25_v10.pdf,https://edge.sitecorecloud.io/endeavouren152b-endeavouren7772-production9ea5-b88d/media/Endeavour-Energy/Publications/PDFs/ANS-and-Network-Price-List/NUOS-Price-List-202425-v10.pdf,"General Supply Block, Controlled Load 1",,distributor still prices a tariff it marks obsolete/closed; AER-side file does not list it,"NUOS Price List 2024-25 v1.0 (v1.0 14 Jun 2024 Final); Table 3a p42; GST exclusive; OBSOLETE pricing option (Table 3a: legacy combination codes = standard tariff + controlled load and/or gross/net generation metering variants, priced as the parent tariff); 'obsolete and no new customers will be added ... not available on application'; placeholder 0.0000 cells dropped; Daily Access Charge is the NUOS network access charge incl. metering - document: ""Network prices comprise Distribution (DUOS) charges including Metering, Transmission (TUOS) passthroughs and recovery of the NSW Climate Change Fund (CCF) and Energy Infrastructure Roadmap (EIR) contributions.""; no metering/network split published"
Endeavour Energy,2024-25,dnsp_only_code,withdrawn_tariff,NC04,"General Supply Block, Controlled Load 2",4 component(s),,,,,,,,,,NUoS,NUoS,AER,DNSP,sources/aer/2024-25_stakeholder_reports/AER_Stakeholder_report_Endeavour_2024-25.xlsx,,sources/dnsp/endeavour/Endeavour_NUOS_Price_List_2024-25_v10.pdf,https://edge.sitecorecloud.io/endeavouren152b-endeavouren7772-production9ea5-b88d/media/Endeavour-Energy/Publications/PDFs/ANS-and-Network-Price-List/NUOS-Price-List-202425-v10.pdf,"General Supply Block, Controlled Load 2",,distributor still prices a tariff it marks obsolete/closed; AER-side file does not list it,"NUOS Price List 2024-25 v1.0 (v1.0 14 Jun 2024 Final); Table 3a p42; GST exclusive; OBSOLETE pricing option (Table 3a: legacy combination codes = standard tariff + controlled load and/or gross/net generation metering variants, priced as the parent tariff); 'obsolete and no new customers will be added ... not available on application'; placeholder 0.0000 cells dropped; Daily Access Charge is the NUOS network access charge incl. metering - document: ""Network prices comprise Distribution (DUOS) charges including Metering, Transmission (TUOS) passthroughs and recovery of the NSW Climate Change Fund (CCF) and Energy Infrastructure Roadmap (EIR) contributions.""; no metering/network split published"
Endeavour Energy,2024-25,dnsp_only_code,withdrawn_tariff,NFT0,"Residential Flat, Gen Net DR meter",2 component(s),,,,,,,,,,NUoS,NUoS,AER,DNSP,sources/aer/2024-25_stakeholder_reports/AER_Stakeholder_report_Endeavour_2024-25.xlsx,,sources/dnsp/endeavour/Endeavour_NUOS_Price_List_2024-25_v10.pdf,https://edge.sitecorecloud.io/endeavouren152b-endeavouren7772-production9ea5-b88d/media/Endeavour-Energy/Publications/PDFs/ANS-and-Network-Price-List/NUOS-Price-List-202425-v10.pdf,"Residential Flat, Gen Net DR meter",,distributor still prices a tariff it marks obsolete/closed; AER-side file does not list it,"NUOS Price List 2024-25 v1.0 (v1.0 14 Jun 2024 Final); Table 3a p42; GST exclusive; OBSOLETE pricing option (Table 3a: legacy combination codes = standard tariff + controlled load and/or gross/net generation metering variants, priced as the parent tariff); 'obsolete and no new customers will be added ... not available on application'; placeholder 0.0000 cells dropped; Daily Access Charge is the NUOS network access charge incl. metering - document: ""Network prices comprise Distribution (DUOS) charges including Metering, Transmission (TUOS) passthroughs and recovery of the NSW Climate Change Fund (CCF) and Energy Infrastructure Roadmap (EIR) contributions.""; no metering/network split published"
Endeavour Energy,2024-25,dnsp_only_code,withdrawn_tariff,NFT9,"Residential Flat, Gen Net DR meter",2 component(s),,,,,,,,,,NUoS,NUoS,AER,DNSP,sources/aer/2024-25_stakeholder_reports/AER_Stakeholder_report_Endeavour_2024-25.xlsx,,sources/dnsp/endeavour/Endeavour_NUOS_Price_List_2024-25_v10.pdf,https://edge.sitecorecloud.io/endeavouren152b-endeavouren7772-production9ea5-b88d/media/Endeavour-Energy/Publications/PDFs/ANS-and-Network-Price-List/NUOS-Price-List-202425-v10.pdf,"Residential Flat, Gen Net DR meter",,distributor still prices a tariff it marks obsolete/closed; AER-side file does not list it,"NUOS Price List 2024-25 v1.0 (v1.0 14 Jun 2024 Final); Table 3a p42; GST exclusive; OBSOLETE pricing option (Table 3a: legacy combination codes = standard tariff + controlled load and/or gross/net generation metering variants, priced as the parent tariff); 'obsolete and no new customers will be added ... not available on application'; placeholder 0.0000 cells dropped; Daily Access Charge is the NUOS network access charge incl. metering - document: ""Network prices comprise Distribution (DUOS) charges including Metering, Transmission (TUOS) passthroughs and recovery of the NSW Climate Change Fund (CCF) and Energy Infrastructure Roadmap (EIR) contributions.""; no metering/network split published"
Endeavour Energy,2024-25,dnsp_only_code,withdrawn_tariff,NFTA,"General Supply Block, Gen Net",3 component(s),,,,,,,,,,NUoS,NUoS,AER,DNSP,sources/aer/2024-25_stakeholder_reports/AER_Stakeholder_report_Endeavour_2024-25.xlsx,,sources/dnsp/endeavour/Endeavour_NUOS_Price_List_2024-25_v10.pdf,https://edge.sitecorecloud.io/endeavouren152b-endeavouren7772-production9ea5-b88d/media/Endeavour-Energy/Publications/PDFs/ANS-and-Network-Price-List/NUOS-Price-List-202425-v10.pdf,"General Supply Block, Gen Net",,distributor still prices a tariff it marks obsolete/closed; AER-side file does not list it,"NUOS Price List 2024-25 v1.0 (v1.0 14 Jun 2024 Final); Table 3a p42; GST exclusive; OBSOLETE pricing option (Table 3a: legacy combination codes = standard tariff + controlled load and/or gross/net generation metering variants, priced as the parent tariff); 'obsolete and no new customers will be added ... not available on application'; placeholder 0.0000 cells dropped; Daily Access Charge is the NUOS network access charge incl. metering - document: ""Network prices comprise Distribution (DUOS) charges including Metering, Transmission (TUOS) passthroughs and recovery of the NSW Climate Change Fund (CCF) and Energy Infrastructure Roadmap (EIR) contributions.""; no metering/network split published"
Endeavour Energy,2024-25,dnsp_only_code,withdrawn_tariff,NFTB,"General Supply Block, Gen Net",3 component(s),,,,,,,,,,NUoS,NUoS,AER,DNSP,sources/aer/2024-25_stakeholder_reports/AER_Stakeholder_report_Endeavour_2024-25.xlsx,,sources/dnsp/endeavour/Endeavour_NUOS_Price_List_2024-25_v10.pdf,https://edge.sitecorecloud.io/endeavouren152b-endeavouren7772-production9ea5-b88d/media/Endeavour-Energy/Publications/PDFs/ANS-and-Network-Price-List/NUOS-Price-List-202425-v10.pdf,"General Supply Block, Gen Net",,distributor still prices a tariff it marks obsolete/closed; AER-side file does not list it,"NUOS Price List 2024-25 v1.0 (v1.0 14 Jun 2024 Final); Table 3a p42; GST exclusive; OBSOLETE pricing option (Table 3a: legacy combination codes = standard tariff + controlled load and/or gross/net generation metering variants, priced as the parent tariff); 'obsolete and no new customers will be added ... not available on application'; placeholder 0.0000 cells dropped; Daily Access Charge is the NUOS network access charge incl. metering - document: ""Network prices comprise Distribution (DUOS) charges including Metering, Transmission (TUOS) passthroughs and recovery of the NSW Climate Change Fund (CCF) and Energy Infrastructure Roadmap (EIR) contributions.""; no metering/network split published"
Endeavour Energy,2024-25,dnsp_only_code,withdrawn_tariff,NFTC,"Residential Flat, CL1, Gen Net",3 component(s),,,,,,,,,,NUoS,NUoS,AER,DNSP,sources/aer/2024-25_stakeholder_reports/AER_Stakeholder_report_Endeavour_2024-25.xlsx,,sources/dnsp/endeavour/Endeavour_NUOS_Price_List_2024-25_v10.pdf,https://edge.sitecorecloud.io/endeavouren152b-endeavouren7772-production9ea5-b88d/media/Endeavour-Energy/Publications/PDFs/ANS-and-Network-Price-List/NUOS-Price-List-202425-v10.pdf,"Residential Flat, CL1, Gen Net",,distributor still prices a tariff it marks obsolete/closed; AER-side file does not list it,"NUOS Price List 2024-25 v1.0 (v1.0 14 Jun 2024 Final); Table 3a p42; GST exclusive; OBSOLETE pricing option (Table 3a: legacy combination codes = standard tariff + controlled load and/or gross/net generation metering variants, priced as the parent tariff); 'obsolete and no new customers will be added ... not available on application'; placeholder 0.0000 cells dropped; Daily Access Charge is the NUOS network access charge incl. metering - document: ""Network prices comprise Distribution (DUOS) charges including Metering, Transmission (TUOS) passthroughs and recovery of the NSW Climate Change Fund (CCF) and Energy Infrastructure Roadmap (EIR) contributions.""; no metering/network split published"
Endeavour Energy,2024-25,dnsp_only_code,withdrawn_tariff,NFTD,"Residential Flat, CL2, Gen Net",3 component(s),,,,,,,,,,NUoS,NUoS,AER,DNSP,sources/aer/2024-25_stakeholder_reports/AER_Stakeholder_report_Endeavour_2024-25.xlsx,,sources/dnsp/endeavour/Endeavour_NUOS_Price_List_2024-25_v10.pdf,https://edge.sitecorecloud.io/endeavouren152b-endeavouren7772-production9ea5-b88d/media/Endeavour-Energy/Publications/PDFs/ANS-and-Network-Price-List/NUOS-Price-List-202425-v10.pdf,"Residential Flat, CL2, Gen Net",,distributor still prices a tariff it marks obsolete/closed; AER-side file does not list it,"NUOS Price List 2024-25 v1.0 (v1.0 14 Jun 2024 Final); Table 3a p42; GST exclusive; OBSOLETE pricing option (Table 3a: legacy combination codes = standard tariff + controlled load and/or gross/net generation metering variants, priced as the parent tariff); 'obsolete and no new customers will be added ... not available on application'; placeholder 0.0000 cells dropped; Daily Access Charge is the NUOS network access charge incl. metering - document: ""Network prices comprise Distribution (DUOS) charges including Metering, Transmission (TUOS) passthroughs and recovery of the NSW Climate Change Fund (CCF) and Energy Infrastructure Roadmap (EIR) contributions.""; no metering/network split published"
Endeavour Energy,2024-25,dnsp_only_code,withdrawn_tariff,NFTE,"General Supply Block, CL1, Gen Net",4 component(s),,,,,,,,,,NUoS,NUoS,AER,DNSP,sources/aer/2024-25_stakeholder_reports/AER_Stakeholder_report_Endeavour_2024-25.xlsx,,sources/dnsp/endeavour/Endeavour_NUOS_Price_List_2024-25_v10.pdf,https://edge.sitecorecloud.io/endeavouren152b-endeavouren7772-production9ea5-b88d/media/Endeavour-Energy/Publications/PDFs/ANS-and-Network-Price-List/NUOS-Price-List-202425-v10.pdf,"General Supply Block, CL1, Gen Net",,distributor still prices a tariff it marks obsolete/closed; AER-side file does not list it,"NUOS Price List 2024-25 v1.0 (v1.0 14 Jun 2024 Final); Table 3a p42; GST exclusive; OBSOLETE pricing option (Table 3a: legacy combination codes = standard tariff + controlled load and/or gross/net generation metering variants, priced as the parent tariff); 'obsolete and no new customers will be added ... not available on application'; placeholder 0.0000 cells dropped; Daily Access Charge is the NUOS network access charge incl. metering - document: ""Network prices comprise Distribution (DUOS) charges including Metering, Transmission (TUOS) passthroughs and recovery of the NSW Climate Change Fund (CCF) and Energy Infrastructure Roadmap (EIR) contributions.""; no metering/network split published"
Endeavour Energy,2024-25,dnsp_only_code,withdrawn_tariff,NFTF,"General Supply Block, CL2, Gen Net",4 component(s),,,,,,,,,,NUoS,NUoS,AER,DNSP,sources/aer/2024-25_stakeholder_reports/AER_Stakeholder_report_Endeavour_2024-25.xlsx,,sources/dnsp/endeavour/Endeavour_NUOS_Price_List_2024-25_v10.pdf,https://edge.sitecorecloud.io/endeavouren152b-endeavouren7772-production9ea5-b88d/media/Endeavour-Energy/Publications/PDFs/ANS-and-Network-Price-List/NUOS-Price-List-202425-v10.pdf,"General Supply Block, CL2, Gen Net",,distributor still prices a tariff it marks obsolete/closed; AER-side file does not list it,"NUOS Price List 2024-25 v1.0 (v1.0 14 Jun 2024 Final); Table 3a p42; GST exclusive; OBSOLETE pricing option (Table 3a: legacy combination codes = standard tariff + controlled load and/or gross/net generation metering variants, priced as the parent tariff); 'obsolete and no new customers will be added ... not available on application'; placeholder 0.0000 cells dropped; Daily Access Charge is the NUOS network access charge incl. metering - document: ""Network prices comprise Distribution (DUOS) charges including Metering, Transmission (TUOS) passthroughs and recovery of the NSW Climate Change Fund (CCF) and Energy Infrastructure Roadmap (EIR) contributions.""; no metering/network split published"
Endeavour Energy,2024-25,dnsp_only_code,withdrawn_tariff,NFTG,"Residential Flat, Gen Gross DR meter",2 component(s),,,,,,,,,,NUoS,NUoS,AER,DNSP,sources/aer/2024-25_stakeholder_reports/AER_Stakeholder_report_Endeavour_2024-25.xlsx,,sources/dnsp/endeavour/Endeavour_NUOS_Price_List_2024-25_v10.pdf,https://edge.sitecorecloud.io/endeavouren152b-endeavouren7772-production9ea5-b88d/media/Endeavour-Energy/Publications/PDFs/ANS-and-Network-Price-List/NUOS-Price-List-202425-v10.pdf,"Residential Flat, Gen Gross DR meter",,distributor still prices a tariff it marks obsolete/closed; AER-side file does not list it,"NUOS Price List 2024-25 v1.0 (v1.0 14 Jun 2024 Final); Table 3a p42; GST exclusive; OBSOLETE pricing option (Table 3a: legacy combination codes = standard tariff + controlled load and/or gross/net generation metering variants, priced as the parent tariff); 'obsolete and no new customers will be added ... not available on application'; placeholder 0.0000 cells dropped; Daily Access Charge is the NUOS network access charge incl. metering - document: ""Network prices comprise Distribution (DUOS) charges including Metering, Transmission (TUOS) passthroughs and recovery of the NSW Climate Change Fund (CCF) and Energy Infrastructure Roadmap (EIR) contributions.""; no metering/network split published"
Endeavour Energy,2024-25,dnsp_only_code,withdrawn_tariff,NFTH,"Residential Flat, Gen Gross DR meter",2 component(s),,,,,,,,,,NUoS,NUoS,AER,DNSP,sources/aer/2024-25_stakeholder_reports/AER_Stakeholder_report_Endeavour_2024-25.xlsx,,sources/dnsp/endeavour/Endeavour_NUOS_Price_List_2024-25_v10.pdf,https://edge.sitecorecloud.io/endeavouren152b-endeavouren7772-production9ea5-b88d/media/Endeavour-Energy/Publications/PDFs/ANS-and-Network-Price-List/NUOS-Price-List-202425-v10.pdf,"Residential Flat, Gen Gross DR meter",,distributor still prices a tariff it marks obsolete/closed; AER-side file does not list it,"NUOS Price List 2024-25 v1.0 (v1.0 14 Jun 2024 Final); Table 3a p42; GST exclusive; OBSOLETE pricing option (Table 3a: legacy combination codes = standard tariff + controlled load and/or gross/net generation metering variants, priced as the parent tariff); 'obsolete and no new customers will be added ... not available on application'; placeholder 0.0000 cells dropped; Daily Access Charge is the NUOS network access charge incl. metering - document: ""Network prices comprise Distribution (DUOS) charges including Metering, Transmission (TUOS) passthroughs and recovery of the NSW Climate Change Fund (CCF) and Energy Infrastructure Roadmap (EIR) contributions.""; no metering/network split published"
Endeavour Energy,2024-25,dnsp_only_code,withdrawn_tariff,NFTJ,"General Supply Block, Gen Gross DR meter",3 component(s),,,,,,,,,,NUoS,NUoS,AER,DNSP,sources/aer/2024-25_stakeholder_reports/AER_Stakeholder_report_Endeavour_2024-25.xlsx,,sources/dnsp/endeavour/Endeavour_NUOS_Price_List_2024-25_v10.pdf,https://edge.sitecorecloud.io/endeavouren152b-endeavouren7772-production9ea5-b88d/media/Endeavour-Energy/Publications/PDFs/ANS-and-Network-Price-List/NUOS-Price-List-202425-v10.pdf,"General Supply Block, Gen Gross DR meter",,distributor still prices a tariff it marks obsolete/closed; AER-side file does not list it,"NUOS Price List 2024-25 v1.0 (v1.0 14 Jun 2024 Final); Table 3a p42; GST exclusive; OBSOLETE pricing option (Table 3a: legacy combination codes = standard tariff + controlled load and/or gross/net generation metering variants, priced as the parent tariff); 'obsolete and no new customers will be added ... not available on application'; placeholder 0.0000 cells dropped; Daily Access Charge is the NUOS network access charge incl. metering - document: ""Network prices comprise Distribution (DUOS) charges including Metering, Transmission (TUOS) passthroughs and recovery of the NSW Climate Change Fund (CCF) and Energy Infrastructure Roadmap (EIR) contributions.""; no metering/network split published"
Endeavour Energy,2024-25,dnsp_only_code,withdrawn_tariff,NFTK,"General Supply Block, Gen Gross DR meter",3 component(s),,,,,,,,,,NUoS,NUoS,AER,DNSP,sources/aer/2024-25_stakeholder_reports/AER_Stakeholder_report_Endeavour_2024-25.xlsx,,sources/dnsp/endeavour/Endeavour_NUOS_Price_List_2024-25_v10.pdf,https://edge.sitecorecloud.io/endeavouren152b-endeavouren7772-production9ea5-b88d/media/Endeavour-Energy/Publications/PDFs/ANS-and-Network-Price-List/NUOS-Price-List-202425-v10.pdf,"General Supply Block, Gen Gross DR meter",,distributor still prices a tariff it marks obsolete/closed; AER-side file does not list it,"NUOS Price List 2024-25 v1.0 (v1.0 14 Jun 2024 Final); Table 3a p42; GST exclusive; OBSOLETE pricing option (Table 3a: legacy combination codes = standard tariff + controlled load and/or gross/net generation metering variants, priced as the parent tariff); 'obsolete and no new customers will be added ... not available on application'; placeholder 0.0000 cells dropped; Daily Access Charge is the NUOS network access charge incl. metering - document: ""Network prices comprise Distribution (DUOS) charges including Metering, Transmission (TUOS) passthroughs and recovery of the NSW Climate Change Fund (CCF) and Energy Infrastructure Roadmap (EIR) contributions.""; no metering/network split published"
Endeavour Energy,2024-25,dnsp_only_code,withdrawn_tariff,NG70,"Residential Flat, Gen Gross",2 component(s),,,,,,,,,,NUoS,NUoS,AER,DNSP,sources/aer/2024-25_stakeholder_reports/AER_Stakeholder_report_Endeavour_2024-25.xlsx,,sources/dnsp/endeavour/Endeavour_NUOS_Price_List_2024-25_v10.pdf,https://edge.sitecorecloud.io/endeavouren152b-endeavouren7772-production9ea5-b88d/media/Endeavour-Energy/Publications/PDFs/ANS-and-Network-Price-List/NUOS-Price-List-202425-v10.pdf,"Residential Flat, Gen Gross",,distributor still prices a tariff it marks obsolete/closed; AER-side file does not list it,"NUOS Price List 2024-25 v1.0 (v1.0 14 Jun 2024 Final); Table 3a p42; GST exclusive; OBSOLETE pricing option (Table 3a: legacy combination codes = standard tariff + controlled load and/or gross/net generation metering variants, priced as the parent tariff); 'obsolete and no new customers will be added ... not available on application'; placeholder 0.0000 cells dropped; Daily Access Charge is the NUOS network access charge incl. metering - document: ""Network prices comprise Distribution (DUOS) charges including Metering, Transmission (TUOS) passthroughs and recovery of the NSW Climate Change Fund (CCF) and Energy Infrastructure Roadmap (EIR) contributions.""; no metering/network split published"
Endeavour Energy,2024-25,dnsp_only_code,withdrawn_tariff,NG90,"General Supply Block, Gen Gross",3 component(s),,,,,,,,,,NUoS,NUoS,AER,DNSP,sources/aer/2024-25_stakeholder_reports/AER_Stakeholder_report_Endeavour_2024-25.xlsx,,sources/dnsp/endeavour/Endeavour_NUOS_Price_List_2024-25_v10.pdf,https://edge.sitecorecloud.io/endeavouren152b-endeavouren7772-production9ea5-b88d/media/Endeavour-Energy/Publications/PDFs/ANS-and-Network-Price-List/NUOS-Price-List-202425-v10.pdf,"General Supply Block, Gen Gross",,distributor still prices a tariff it marks obsolete/closed; AER-side file does not list it,"NUOS Price List 2024-25 v1.0 (v1.0 14 Jun 2024 Final); Table 3a p42; GST exclusive; OBSOLETE pricing option (Table 3a: legacy combination codes = standard tariff + controlled load and/or gross/net generation metering variants, priced as the parent tariff); 'obsolete and no new customers will be added ... not available on application'; placeholder 0.0000 cells dropped; Daily Access Charge is the NUOS network access charge incl. metering - document: ""Network prices comprise Distribution (DUOS) charges including Metering, Transmission (TUOS) passthroughs and recovery of the NSW Climate Change Fund (CCF) and Energy Infrastructure Roadmap (EIR) contributions.""; no metering/network split published"
Endeavour Energy,2024-25,dnsp_only_code,withdrawn_tariff,NS19,"LV STOU Demand, Gen Net",6 component(s),,,,,,,,,,NUoS,NUoS,AER,DNSP,sources/aer/2024-25_stakeholder_reports/AER_Stakeholder_report_Endeavour_2024-25.xlsx,,sources/dnsp/endeavour/Endeavour_NUOS_Price_List_2024-25_v10.pdf,https://edge.sitecorecloud.io/endeavouren152b-endeavouren7772-production9ea5-b88d/media/Endeavour-Energy/Publications/PDFs/ANS-and-Network-Price-List/NUOS-Price-List-202425-v10.pdf,"LV STOU Demand, Gen Net",,distributor still prices a tariff it marks obsolete/closed; AER-side file does not list it,"NUOS Price List 2024-25 v1.0 (v1.0 14 Jun 2024 Final); Table 3a p42; GST exclusive; OBSOLETE pricing option (Table 3a: legacy combination codes = standard tariff + controlled load and/or gross/net generation metering variants, priced as the parent tariff); 'obsolete and no new customers will be added ... not available on application'; placeholder 0.0000 cells dropped; Daily Access Charge is the NUOS network access charge incl. metering - document: ""Network prices comprise Distribution (DUOS) charges including Metering, Transmission (TUOS) passthroughs and recovery of the NSW Climate Change Fund (CCF) and Energy Infrastructure Roadmap (EIR) contributions.""; no metering/network split published"
Endeavour Energy,2024-25,dnsp_only_code,withdrawn_tariff,NS29,"HV STOU Demand, Gen Net",6 component(s),,,,,,,,,,NUoS,NUoS,AER,DNSP,sources/aer/2024-25_stakeholder_reports/AER_Stakeholder_report_Endeavour_2024-25.xlsx,,sources/dnsp/endeavour/Endeavour_NUOS_Price_List_2024-25_v10.pdf,https://edge.sitecorecloud.io/endeavouren152b-endeavouren7772-production9ea5-b88d/media/Endeavour-Energy/Publications/PDFs/ANS-and-Network-Price-List/NUOS-Price-List-202425-v10.pdf,"HV STOU Demand, Gen Net",,distributor still prices a tariff it marks obsolete/closed; AER-side file does not list it,"NUOS Price List 2024-25 v1.0 (v1.0 14 Jun 2024 Final); Table 3a p42; GST exclusive; OBSOLETE pricing option (Table 3a: legacy combination codes = standard tariff + controlled load and/or gross/net generation metering variants, priced as the parent tariff); 'obsolete and no new customers will be added ... not available on application'; placeholder 0.0000 cells dropped; Daily Access Charge is the NUOS network access charge incl. metering - document: ""Network prices comprise Distribution (DUOS) charges including Metering, Transmission (TUOS) passthroughs and recovery of the NSW Climate Change Fund (CCF) and Energy Infrastructure Roadmap (EIR) contributions.""; no metering/network split published"
Endeavour Energy,2024-25,dnsp_only_code,withdrawn_tariff,NS39,"ST STOU Demand, Gen Net",6 component(s),,,,,,,,,,NUoS,NUoS,AER,DNSP,sources/aer/2024-25_stakeholder_reports/AER_Stakeholder_report_Endeavour_2024-25.xlsx,,sources/dnsp/endeavour/Endeavour_NUOS_Price_List_2024-25_v10.pdf,https://edge.sitecorecloud.io/endeavouren152b-endeavouren7772-production9ea5-b88d/media/Endeavour-Energy/Publications/PDFs/ANS-and-Network-Price-List/NUOS-Price-List-202425-v10.pdf,"ST STOU Demand, Gen Net",,distributor still prices a tariff it marks obsolete/closed; AER-side file does not list it,"NUOS Price List 2024-25 v1.0 (v1.0 14 Jun 2024 Final); Table 3a p42; GST exclusive; OBSOLETE pricing option (Table 3a: legacy combination codes = standard tariff + controlled load and/or gross/net generation metering variants, priced as the parent tariff); 'obsolete and no new customers will be added ... not available on application'; placeholder 0.0000 cells dropped; Daily Access Charge is the NUOS network access charge incl. metering - document: ""Network prices comprise Distribution (DUOS) charges including Metering, Transmission (TUOS) passthroughs and recovery of the NSW Climate Change Fund (CCF) and Energy Infrastructure Roadmap (EIR) contributions.""; no metering/network split published"
Endeavour Energy,2024-25,dnsp_only_code,withdrawn_tariff,NS70,"Residential Flat, Gen Net",2 component(s),,,,,,,,,,NUoS,NUoS,AER,DNSP,sources/aer/2024-25_stakeholder_reports/AER_Stakeholder_report_Endeavour_2024-25.xlsx,,sources/dnsp/endeavour/Endeavour_NUOS_Price_List_2024-25_v10.pdf,https://edge.sitecorecloud.io/endeavouren152b-endeavouren7772-production9ea5-b88d/media/Endeavour-Energy/Publications/PDFs/ANS-and-Network-Price-List/NUOS-Price-List-202425-v10.pdf,"Residential Flat, Gen Net",,distributor still prices a tariff it marks obsolete/closed; AER-side file does not list it,"NUOS Price List 2024-25 v1.0 (v1.0 14 Jun 2024 Final); Table 3a p42; GST exclusive; OBSOLETE pricing option (Table 3a: legacy combination codes = standard tariff + controlled load and/or gross/net generation metering variants, priced as the parent tariff); 'obsolete and no new customers will be added ... not available on application'; placeholder 0.0000 cells dropped; Daily Access Charge is the NUOS network access charge incl. metering - document: ""Network prices comprise Distribution (DUOS) charges including Metering, Transmission (TUOS) passthroughs and recovery of the NSW Climate Change Fund (CCF) and Energy Infrastructure Roadmap (EIR) contributions.""; no metering/network split published"
Endeavour Energy,2024-25,dnsp_only_code,withdrawn_tariff,NS90,"General Supply Block, Gen Net",3 component(s),,,,,,,,,,NUoS,NUoS,AER,DNSP,sources/aer/2024-25_stakeholder_reports/AER_Stakeholder_report_Endeavour_2024-25.xlsx,,sources/dnsp/endeavour/Endeavour_NUOS_Price_List_2024-25_v10.pdf,https://edge.sitecorecloud.io/endeavouren152b-endeavouren7772-production9ea5-b88d/media/Endeavour-Energy/Publications/PDFs/ANS-and-Network-Price-List/NUOS-Price-List-202425-v10.pdf,"General Supply Block, Gen Net",,distributor still prices a tariff it marks obsolete/closed; AER-side file does not list it,"NUOS Price List 2024-25 v1.0 (v1.0 14 Jun 2024 Final); Table 3a p42; GST exclusive; OBSOLETE pricing option (Table 3a: legacy combination codes = standard tariff + controlled load and/or gross/net generation metering variants, priced as the parent tariff); 'obsolete and no new customers will be added ... not available on application'; placeholder 0.0000 cells dropped; Daily Access Charge is the NUOS network access charge incl. metering - document: ""Network prices comprise Distribution (DUOS) charges including Metering, Transmission (TUOS) passthroughs and recovery of the NSW Climate Change Fund (CCF) and Energy Infrastructure Roadmap (EIR) contributions.""; no metering/network split published"
Endeavour Energy,2025-26,value_differs,metering_in_fixed,N50,Controlled Load 1,Fixed,7.25,cents/day,10.717,c/day,7.25,10.717,c/day,3.467,47.8207,NUoS,NUoS,AER,DNSP,sources/aer/AER_Consolidated_stakeholder_report_2025-26_v5.xlsx,https://www.aer.gov.au/system/files/2025-05/AER%20-%20Consolidated%20stakeholder%20report%202025%E2%80%9326%20v5%C2%A0.xlsx,sources/dnsp/endeavour/Endeavour_NUOS_Price_List_2025-26_v11.pdf,https://edge.sitecorecloud.io/endeavouren152b-endeavouren7772-production9ea5-b88d/media/Endeavour-Energy/Publications/PDFs/ANS-and-Network-Price-List/NUOS-Price-List-202526-v11.pdf,Controlled Load 1,Daily Access Charge,distributor's NUoS fixed charge embeds the legacy metering charge (stated in its document); AER file lists metering separately,"aer_id=TD-END26res-CL1; NUOS Price List 2025-26 v1.1 (v1.0 15 May 2025 Final; v1.1 21 May 2025 Updated Contact Centre telephone number); Table 1a p37; GST exclusive; Daily Access Charge is the NUOS network access charge incl. metering - document: ""Network prices comprise Distribution (DUOS) charges including Metering, Transmission (TUOS) passthroughs and recovery of the NSW Climate Change Fund (CCF) and Energy Infrastructure Roadmap (EIR) contributions.""; no metering/network split published"
Endeavour Energy,2025-26,value_differs,metering_in_fixed,N54,Controlled Load 2,Fixed,7.25,cents/day,10.717,c/day,7.25,10.717,c/day,3.467,47.8207,NUoS,NUoS,AER,DNSP,sources/aer/AER_Consolidated_stakeholder_report_2025-26_v5.xlsx,https://www.aer.gov.au/system/files/2025-05/AER%20-%20Consolidated%20stakeholder%20report%202025%E2%80%9326%20v5%C2%A0.xlsx,sources/dnsp/endeavour/Endeavour_NUOS_Price_List_2025-26_v11.pdf,https://edge.sitecorecloud.io/endeavouren152b-endeavouren7772-production9ea5-b88d/media/Endeavour-Energy/Publications/PDFs/ANS-and-Network-Price-List/NUOS-Price-List-202526-v11.pdf,Controlled Load 2,Daily Access Charge,distributor's NUoS fixed charge embeds the legacy metering charge (stated in its document); AER file lists metering separately,"aer_id=TD-END26res-CL2; NUOS Price List 2025-26 v1.1 (v1.0 15 May 2025 Final; v1.1 21 May 2025 Updated Contact Centre telephone number); Table 1a p37; GST exclusive; Daily Access Charge is the NUOS network access charge incl. metering - document: ""Network prices comprise Distribution (DUOS) charges including Metering, Transmission (TUOS) passthroughs and recovery of the NSW Climate Change Fund (CCF) and Energy Infrastructure Roadmap (EIR) contributions.""; no metering/network split published"
Endeavour Energy,2025-26,value_differs,metering_in_fixed,N70,Residential Flat,Fixed,59.66,cents/day,63.127,c/day,59.66,63.127,c/day,3.467,5.8113,NUoS,NUoS,AER,DNSP,sources/aer/AER_Consolidated_stakeholder_report_2025-26_v5.xlsx,https://www.aer.gov.au/system/files/2025-05/AER%20-%20Consolidated%20stakeholder%20report%202025%E2%80%9326%20v5%C2%A0.xlsx,sources/dnsp/endeavour/Endeavour_NUOS_Price_List_2025-26_v11.pdf,https://edge.sitecorecloud.io/endeavouren152b-endeavouren7772-production9ea5-b88d/media/Endeavour-Energy/Publications/PDFs/ANS-and-Network-Price-List/NUOS-Price-List-202526-v11.pdf,Residential Flat,Daily Access Charge,distributor's NUoS fixed charge embeds the legacy metering charge (stated in its document); AER file lists metering separately,"aer_id=TD-END26res-Flat; NUOS Price List 2025-26 v1.1 (v1.0 15 May 2025 Final; v1.1 21 May 2025 Updated Contact Centre telephone number); Table 1a p37; GST exclusive; Daily Access Charge is the NUOS network access charge incl. metering - document: ""Network prices comprise Distribution (DUOS) charges including Metering, Transmission (TUOS) passthroughs and recovery of the NSW Climate Change Fund (CCF) and Energy Infrastructure Roadmap (EIR) contributions.""; no metering/network split published"
Endeavour Energy,2025-26,value_differs,metering_in_fixed,N71,Residential STOU,Fixed,59.66,cents/day,63.127,c/day,59.66,63.127,c/day,3.467,5.8113,NUoS,NUoS,AER,DNSP,sources/aer/AER_Consolidated_stakeholder_report_2025-26_v5.xlsx,https://www.aer.gov.au/system/files/2025-05/AER%20-%20Consolidated%20stakeholder%20report%202025%E2%80%9326%20v5%C2%A0.xlsx,sources/dnsp/endeavour/Endeavour_NUOS_Price_List_2025-26_v11.pdf,https://edge.sitecorecloud.io/endeavouren152b-endeavouren7772-production9ea5-b88d/media/Endeavour-Energy/Publications/PDFs/ANS-and-Network-Price-List/NUOS-Price-List-202526-v11.pdf,Residential STOU,Daily Access Charge,distributor's NUoS fixed charge embeds the legacy metering charge (stated in its document); AER file lists metering separately,"aer_id=TD-END26res-TOU; NUOS Price List 2025-26 v1.1 (v1.0 15 May 2025 Final; v1.1 21 May 2025 Updated Contact Centre telephone number); Table 1a p37; GST exclusive; Daily Access Charge is the NUOS network access charge incl. metering - document: ""Network prices comprise Distribution (DUOS) charges including Metering, Transmission (TUOS) passthroughs and recovery of the NSW Climate Change Fund (CCF) and Energy Infrastructure Roadmap (EIR) contributions.""; no metering/network split published"
Endeavour Energy,2025-26,value_differs,metering_in_fixed,N72,Residential Demand,Fixed,59.66,cents/day,63.127,c/day,59.66,63.127,c/day,3.467,5.8113,NUoS,NUoS,AER,DNSP,sources/aer/AER_Consolidated_stakeholder_report_2025-26_v5.xlsx,https://www.aer.gov.au/system/files/2025-05/AER%20-%20Consolidated%20stakeholder%20report%202025%E2%80%9326%20v5%C2%A0.xlsx,sources/dnsp/endeavour/Endeavour_NUOS_Price_List_2025-26_v11.pdf,https://edge.sitecorecloud.io/endeavouren152b-endeavouren7772-production9ea5-b88d/media/Endeavour-Energy/Publications/PDFs/ANS-and-Network-Price-List/NUOS-Price-List-202526-v11.pdf,Residential Demand,Daily Access Charge,distributor's NUoS fixed charge embeds the legacy metering charge (stated in its document); AER file lists metering separately,"aer_id=TD-END26res-Dmd; NUOS Price List 2025-26 v1.1 (v1.0 15 May 2025 Final; v1.1 21 May 2025 Updated Contact Centre telephone number); Table 1a p37; GST exclusive; Daily Access Charge is the NUOS network access charge incl. metering - document: ""Network prices comprise Distribution (DUOS) charges including Metering, Transmission (TUOS) passthroughs and recovery of the NSW Climate Change Fund (CCF) and Energy Infrastructure Roadmap (EIR) contributions.""; no metering/network split published"
Endeavour Energy,2025-26,value_differs,metering_in_fixed,N73,Residential Demand Transitional,Fixed,59.66,cents/day,63.127,c/day,59.66,63.127,c/day,3.467,5.8113,NUoS,NUoS,AER,DNSP,sources/aer/AER_Consolidated_stakeholder_report_2025-26_v5.xlsx,https://www.aer.gov.au/system/files/2025-05/AER%20-%20Consolidated%20stakeholder%20report%202025%E2%80%9326%20v5%C2%A0.xlsx,sources/dnsp/endeavour/Endeavour_NUOS_Price_List_2025-26_v11.pdf,https://edge.sitecorecloud.io/endeavouren152b-endeavouren7772-production9ea5-b88d/media/Endeavour-Energy/Publications/PDFs/ANS-and-Network-Price-List/NUOS-Price-List-202526-v11.pdf,Residential Demand Transitional,Daily Access Charge,distributor's NUoS fixed charge embeds the legacy metering charge (stated in its document); AER file lists metering separately,"aer_id=TD-END26res-DmdTrans; NUOS Price List 2025-26 v1.1 (v1.0 15 May 2025 Final; v1.1 21 May 2025 Updated Contact Centre telephone number); Table 1a p37; GST exclusive; transitional tariff; Daily Access Charge is the NUOS network access charge incl. metering - document: ""Network prices comprise Distribution (DUOS) charges including Metering, Transmission (TUOS) passthroughs and recovery of the NSW Climate Change Fund (CCF) and Energy Infrastructure Roadmap (EIR) contributions.""; no metering/network split published"
Endeavour Energy,2025-26,value_differs,metering_in_fixed,N90,General Supply Block,Fixed,85.38,cents/day,88.847,c/day,85.38,88.847,c/day,3.467,4.0607,NUoS,NUoS,AER,DNSP,sources/aer/AER_Consolidated_stakeholder_report_2025-26_v5.xlsx,https://www.aer.gov.au/system/files/2025-05/AER%20-%20Consolidated%20stakeholder%20report%202025%E2%80%9326%20v5%C2%A0.xlsx,sources/dnsp/endeavour/Endeavour_NUOS_Price_List_2025-26_v11.pdf,https://edge.sitecorecloud.io/endeavouren152b-endeavouren7772-production9ea5-b88d/media/Endeavour-Energy/Publications/PDFs/ANS-and-Network-Price-List/NUOS-Price-List-202526-v11.pdf,General Supply Block,Daily Access Charge,distributor's NUoS fixed charge embeds the legacy metering charge (stated in its document); AER file lists metering separately,"aer_id=TD-END26smb-Block; NUOS Price List 2025-26 v1.1 (v1.0 15 May 2025 Final; v1.1 21 May 2025 Updated Contact Centre telephone number); Table 1a p37; GST exclusive; Daily Access Charge is the NUOS network access charge incl. metering - document: ""Network prices comprise Distribution (DUOS) charges including Metering, Transmission (TUOS) passthroughs and recovery of the NSW Climate Change Fund (CCF) and Energy Infrastructure Roadmap (EIR) contributions.""; no metering/network split published"
Endeavour Energy,2025-26,value_differs,metering_in_fixed,N91,GS STOU,Fixed,85.38,cents/day,88.847,c/day,85.38,88.847,c/day,3.467,4.0607,NUoS,NUoS,AER,DNSP,sources/aer/AER_Consolidated_stakeholder_report_2025-26_v5.xlsx,https://www.aer.gov.au/system/files/2025-05/AER%20-%20Consolidated%20stakeholder%20report%202025%E2%80%9326%20v5%C2%A0.xlsx,sources/dnsp/endeavour/Endeavour_NUOS_Price_List_2025-26_v11.pdf,https://edge.sitecorecloud.io/endeavouren152b-endeavouren7772-production9ea5-b88d/media/Endeavour-Energy/Publications/PDFs/ANS-and-Network-Price-List/NUOS-Price-List-202526-v11.pdf,GS STOU,Daily Access Charge,distributor's NUoS fixed charge embeds the legacy metering charge (stated in its document); AER file lists metering separately,"aer_id=TD-END26smb-TOU; NUOS Price List 2025-26 v1.1 (v1.0 15 May 2025 Final; v1.1 21 May 2025 Updated Contact Centre telephone number); Table 1a p37; GST exclusive; Daily Access Charge is the NUOS network access charge incl. metering - document: ""Network prices comprise Distribution (DUOS) charges including Metering, Transmission (TUOS) passthroughs and recovery of the NSW Climate Change Fund (CCF) and Energy Infrastructure Roadmap (EIR) contributions.""; no metering/network split published"
Endeavour Energy,2025-26,value_differs,metering_in_fixed,N92,GS Demand,Fixed,85.38,cents/day,88.847,c/day,85.38,88.847,c/day,3.467,4.0607,NUoS,NUoS,AER,DNSP,sources/aer/AER_Consolidated_stakeholder_report_2025-26_v5.xlsx,https://www.aer.gov.au/system/files/2025-05/AER%20-%20Consolidated%20stakeholder%20report%202025%E2%80%9326%20v5%C2%A0.xlsx,sources/dnsp/endeavour/Endeavour_NUOS_Price_List_2025-26_v11.pdf,https://edge.sitecorecloud.io/endeavouren152b-endeavouren7772-production9ea5-b88d/media/Endeavour-Energy/Publications/PDFs/ANS-and-Network-Price-List/NUOS-Price-List-202526-v11.pdf,GS Demand,Daily Access Charge,distributor's NUoS fixed charge embeds the legacy metering charge (stated in its document); AER file lists metering separately,"aer_id=TD-END26smb-Dmd; NUOS Price List 2025-26 v1.1 (v1.0 15 May 2025 Final; v1.1 21 May 2025 Updated Contact Centre telephone number); Table 1a p37; GST exclusive; Daily Access Charge is the NUOS network access charge incl. metering - document: ""Network prices comprise Distribution (DUOS) charges including Metering, Transmission (TUOS) passthroughs and recovery of the NSW Climate Change Fund (CCF) and Energy Infrastructure Roadmap (EIR) contributions.""; no metering/network split published"
Endeavour Energy,2025-26,value_differs,metering_in_fixed,N93,GS Demand Transitional,Fixed,85.38,cents/day,88.847,c/day,85.38,88.847,c/day,3.467,4.0607,NUoS,NUoS,AER,DNSP,sources/aer/AER_Consolidated_stakeholder_report_2025-26_v5.xlsx,https://www.aer.gov.au/system/files/2025-05/AER%20-%20Consolidated%20stakeholder%20report%202025%E2%80%9326%20v5%C2%A0.xlsx,sources/dnsp/endeavour/Endeavour_NUOS_Price_List_2025-26_v11.pdf,https://edge.sitecorecloud.io/endeavouren152b-endeavouren7772-production9ea5-b88d/media/Endeavour-Energy/Publications/PDFs/ANS-and-Network-Price-List/NUOS-Price-List-202526-v11.pdf,GS Demand Transitional,Daily Access Charge,distributor's NUoS fixed charge embeds the legacy metering charge (stated in its document); AER file lists metering separately,"aer_id=TD-END26smb-DmdTrans; NUOS Price List 2025-26 v1.1 (v1.0 15 May 2025 Final; v1.1 21 May 2025 Updated Contact Centre telephone number); Table 1a p37; GST exclusive; transitional tariff; Daily Access Charge is the NUOS network access charge incl. metering - document: ""Network prices comprise Distribution (DUOS) charges including Metering, Transmission (TUOS) passthroughs and recovery of the NSW Climate Change Fund (CCF) and Energy Infrastructure Roadmap (EIR) contributions.""; no metering/network split published"
Endeavour Energy,2025-26,value_differs,metering_in_fixed,N95,Storage,Fixed,157.69,cents/day,161.157,c/day,157.69,161.157,c/day,3.467,2.1986,NUoS,NUoS,AER,DNSP,sources/aer/AER_Consolidated_stakeholder_report_2025-26_v5.xlsx,https://www.aer.gov.au/system/files/2025-05/AER%20-%20Consolidated%20stakeholder%20report%202025%E2%80%9326%20v5%C2%A0.xlsx,sources/dnsp/endeavour/Endeavour_NUOS_Price_List_2025-26_v11.pdf,https://edge.sitecorecloud.io/endeavouren152b-endeavouren7772-production9ea5-b88d/media/Endeavour-Energy/Publications/PDFs/ANS-and-Network-Price-List/NUOS-Price-List-202526-v11.pdf,Storage,Daily Access Charge,distributor's NUoS fixed charge embeds the legacy metering charge (stated in its document); AER file lists metering separately,"aer_id=TD-END26smb-Strg; NUOS Price List 2025-26 v1.1 (v1.0 15 May 2025 Final; v1.1 21 May 2025 Updated Contact Centre telephone number); Table 1a p37; GST exclusive; Daily Access Charge is the NUOS network access charge incl. metering - document: ""Network prices comprise Distribution (DUOS) charges including Metering, Transmission (TUOS) passthroughs and recovery of the NSW Climate Change Fund (CCF) and Energy Infrastructure Roadmap (EIR) contributions.""; no metering/network split published"
Endeavour Energy,2026-27,value_differs,metering_in_fixed,N50,Controlled Load 1,Fixed,8.23,cents/day,11.8721,c/day,8.23,11.8721,c/day,3.6421,44.2539,NUoS,NUoS,AER,DNSP,sources/aer/AER_Consolidated_stakeholder_report_2026-27_26Aug2026.xlsx,https://www.aer.gov.au/system/files/2026-08/AER%20%E2%80%93%202026%E2%80%9327%20%E2%80%93%20Consolidated%20stakeholder%20report%20%E2%80%93%2026%20August%202026.xlsx,sources/dnsp/endeavour/Endeavour_NUOS_Price_List_2026-27.pdf,https://edge.sitecorecloud.io/endeavouren152b-endeavouren7772-production9ea5-b88d/media/Endeavour-Energy/Publications/Documents/NUOS-Price-List.pdf,Controlled Load 1,Daily Access Charge,distributor's NUoS fixed charge embeds the legacy metering charge (stated in its document); AER file lists metering separately,"NUOS Price List 2026-27 v1.0 (v1.0 28 Apr 2026 Final); Table 1a p37; GST exclusive; Daily Access Charge is the NUOS network access charge incl. metering - document: ""Network prices comprise Distribution (DUOS) charges including Metering, Transmission (TUOS) passthroughs and recovery of the NSW Climate Change Fund (CCF) and Energy Infrastructure Roadmap (EIR) contributions.""; no metering/network split published"
Endeavour Energy,2026-27,value_differs,metering_in_fixed,N54,Controlled Load 2,Fixed,8.23,cents/day,11.8721,c/day,8.23,11.8721,c/day,3.6421,44.2539,NUoS,NUoS,AER,DNSP,sources/aer/AER_Consolidated_stakeholder_report_2026-27_26Aug2026.xlsx,https://www.aer.gov.au/system/files/2026-08/AER%20%E2%80%93%202026%E2%80%9327%20%E2%80%93%20Consolidated%20stakeholder%20report%20%E2%80%93%2026%20August%202026.xlsx,sources/dnsp/endeavour/Endeavour_NUOS_Price_List_2026-27.pdf,https://edge.sitecorecloud.io/endeavouren152b-endeavouren7772-production9ea5-b88d/media/Endeavour-Energy/Publications/Documents/NUOS-Price-List.pdf,Controlled Load 2,Daily Access Charge,distributor's NUoS fixed charge embeds the legacy metering charge (stated in its document); AER file lists metering separately,"NUOS Price List 2026-27 v1.0 (v1.0 28 Apr 2026 Final); Table 1a p37; GST exclusive; Daily Access Charge is the NUOS network access charge incl. metering - document: ""Network prices comprise Distribution (DUOS) charges including Metering, Transmission (TUOS) passthroughs and recovery of the NSW Climate Change Fund (CCF) and Energy Infrastructure Roadmap (EIR) contributions.""; no metering/network split published"
Endeavour Energy,2026-27,value_differs,metering_in_fixed,N70,Residential Flat,Fixed,66.55,cents/day,70.1921,c/day,66.55,70.1921,c/day,3.6421,5.4727,NUoS,NUoS,AER,DNSP,sources/aer/AER_Consolidated_stakeholder_report_2026-27_26Aug2026.xlsx,https://www.aer.gov.au/system/files/2026-08/AER%20%E2%80%93%202026%E2%80%9327%20%E2%80%93%20Consolidated%20stakeholder%20report%20%E2%80%93%2026%20August%202026.xlsx,sources/dnsp/endeavour/Endeavour_NUOS_Price_List_2026-27.pdf,https://edge.sitecorecloud.io/endeavouren152b-endeavouren7772-production9ea5-b88d/media/Endeavour-Energy/Publications/Documents/NUOS-Price-List.pdf,Residential Flat,Daily Access Charge,distributor's NUoS fixed charge embeds the legacy metering charge (stated in its document); AER file lists metering separately,"NUOS Price List 2026-27 v1.0 (v1.0 28 Apr 2026 Final); Table 1a p37; GST exclusive; Daily Access Charge is the NUOS network access charge incl. metering - document: ""Network prices comprise Distribution (DUOS) charges including Metering, Transmission (TUOS) passthroughs and recovery of the NSW Climate Change Fund (CCF) and Energy Infrastructure Roadmap (EIR) contributions.""; no metering/network split published"
Endeavour Energy,2026-27,value_differs,metering_in_fixed,N71,Residential STOU,Fixed,66.55,cents/day,70.1921,c/day,66.55,70.1921,c/day,3.6421,5.4727,NUoS,NUoS,AER,DNSP,sources/aer/AER_Consolidated_stakeholder_report_2026-27_26Aug2026.xlsx,https://www.aer.gov.au/system/files/2026-08/AER%20%E2%80%93%202026%E2%80%9327%20%E2%80%93%20Consolidated%20stakeholder%20report%20%E2%80%93%2026%20August%202026.xlsx,sources/dnsp/endeavour/Endeavour_NUOS_Price_List_2026-27.pdf,https://edge.sitecorecloud.io/endeavouren152b-endeavouren7772-production9ea5-b88d/media/Endeavour-Energy/Publications/Documents/NUOS-Price-List.pdf,Residential STOU,Daily Access Charge,distributor's NUoS fixed charge embeds the legacy metering charge (stated in its document); AER file lists metering separately,"NUOS Price List 2026-27 v1.0 (v1.0 28 Apr 2026 Final); Table 1a p37; GST exclusive; Daily Access Charge is the NUOS network access charge incl. metering - document: ""Network prices comprise Distribution (DUOS) charges including Metering, Transmission (TUOS) passthroughs and recovery of the NSW Climate Change Fund (CCF) and Energy Infrastructure Roadmap (EIR) contributions.""; no metering/network split published"
Endeavour Energy,2026-27,value_differs,metering_in_fixed,N72,Residential Demand,Fixed,66.55,cents/day,70.1921,c/day,66.55,70.1921,c/day,3.6421,5.4727,NUoS,NUoS,AER,DNSP,sources/aer/AER_Consolidated_stakeholder_report_2026-27_26Aug2026.xlsx,https://www.aer.gov.au/system/files/2026-08/AER%20%E2%80%93%202026%E2%80%9327%20%E2%80%93%20Consolidated%20stakeholder%20report%20%E2%80%93%2026%20August%202026.xlsx,sources/dnsp/endeavour/Endeavour_NUOS_Price_List_2026-27.pdf,https://edge.sitecorecloud.io/endeavouren152b-endeavouren7772-production9ea5-b88d/media/Endeavour-Energy/Publications/Documents/NUOS-Price-List.pdf,Residential Demand,Daily Access Charge,distributor's NUoS fixed charge embeds the legacy metering charge (stated in its document); AER file lists metering separately,"NUOS Price List 2026-27 v1.0 (v1.0 28 Apr 2026 Final); Table 1a p37; GST exclusive; Daily Access Charge is the NUOS network access charge incl. metering - document: ""Network prices comprise Distribution (DUOS) charges including Metering, Transmission (TUOS) passthroughs and recovery of the NSW Climate Change Fund (CCF) and Energy Infrastructure Roadmap (EIR) contributions.""; no metering/network split published"
Endeavour Energy,2026-27,value_differs,metering_in_fixed,N73,Residential Demand Transitional,Fixed,66.55,cents/day,70.1921,c/day,66.55,70.1921,c/day,3.6421,5.4727,NUoS,NUoS,AER,DNSP,sources/aer/AER_Consolidated_stakeholder_report_2026-27_26Aug2026.xlsx,https://www.aer.gov.au/system/files/2026-08/AER%20%E2%80%93%202026%E2%80%9327%20%E2%80%93%20Consolidated%20stakeholder%20report%20%E2%80%93%2026%20August%202026.xlsx,sources/dnsp/endeavour/Endeavour_NUOS_Price_List_2026-27.pdf,https://edge.sitecorecloud.io/endeavouren152b-endeavouren7772-production9ea5-b88d/media/Endeavour-Energy/Publications/Documents/NUOS-Price-List.pdf,Residential Demand Transitional,Daily Access Charge,distributor's NUoS fixed charge embeds the legacy metering charge (stated in its document); AER file lists metering separately,"NUOS Price List 2026-27 v1.0 (v1.0 28 Apr 2026 Final); Table 1a p37; GST exclusive; transitional tariff; Daily Access Charge is the NUOS network access charge incl. metering - document: ""Network prices comprise Distribution (DUOS) charges including Metering, Transmission (TUOS) passthroughs and recovery of the NSW Climate Change Fund (CCF) and Energy Infrastructure Roadmap (EIR) contributions.""; no metering/network split published"
Endeavour Energy,2026-27,value_differs,metering_in_fixed,N90,General Supply Block,Fixed,95.24,cents/day,98.8821,c/day,95.24,98.8821,c/day,3.6421,3.8241,NUoS,NUoS,AER,DNSP,sources/aer/AER_Consolidated_stakeholder_report_2026-27_26Aug2026.xlsx,https://www.aer.gov.au/system/files/2026-08/AER%20%E2%80%93%202026%E2%80%9327%20%E2%80%93%20Consolidated%20stakeholder%20report%20%E2%80%93%2026%20August%202026.xlsx,sources/dnsp/endeavour/Endeavour_NUOS_Price_List_2026-27.pdf,https://edge.sitecorecloud.io/endeavouren152b-endeavouren7772-production9ea5-b88d/media/Endeavour-Energy/Publications/Documents/NUOS-Price-List.pdf,General Supply Block,Daily Access Charge,distributor's NUoS fixed charge embeds the legacy metering charge (stated in its document); AER file lists metering separately,"NUOS Price List 2026-27 v1.0 (v1.0 28 Apr 2026 Final); Table 1a p37; GST exclusive; Daily Access Charge is the NUOS network access charge incl. metering - document: ""Network prices comprise Distribution (DUOS) charges including Metering, Transmission (TUOS) passthroughs and recovery of the NSW Climate Change Fund (CCF) and Energy Infrastructure Roadmap (EIR) contributions.""; no metering/network split published"
Endeavour Energy,2026-27,value_differs,metering_in_fixed,N91,GS STOU,Fixed,95.24,cents/day,98.8821,c/day,95.24,98.8821,c/day,3.6421,3.8241,NUoS,NUoS,AER,DNSP,sources/aer/AER_Consolidated_stakeholder_report_2026-27_26Aug2026.xlsx,https://www.aer.gov.au/system/files/2026-08/AER%20%E2%80%93%202026%E2%80%9327%20%E2%80%93%20Consolidated%20stakeholder%20report%20%E2%80%93%2026%20August%202026.xlsx,sources/dnsp/endeavour/Endeavour_NUOS_Price_List_2026-27.pdf,https://edge.sitecorecloud.io/endeavouren152b-endeavouren7772-production9ea5-b88d/media/Endeavour-Energy/Publications/Documents/NUOS-Price-List.pdf,GS STOU,Daily Access Charge,distributor's NUoS fixed charge embeds the legacy metering charge (stated in its document); AER file lists metering separately,"NUOS Price List 2026-27 v1.0 (v1.0 28 Apr 2026 Final); Table 1a p37; GST exclusive; Daily Access Charge is the NUOS network access charge incl. metering - document: ""Network prices comprise Distribution (DUOS) charges including Metering, Transmission (TUOS) passthroughs and recovery of the NSW Climate Change Fund (CCF) and Energy Infrastructure Roadmap (EIR) contributions.""; no metering/network split published"
Endeavour Energy,2026-27,value_differs,metering_in_fixed,N92,GS Demand,Fixed,95.24,cents/day,98.8821,c/day,95.24,98.8821,c/day,3.6421,3.8241,NUoS,NUoS,AER,DNSP,sources/aer/AER_Consolidated_stakeholder_report_2026-27_26Aug2026.xlsx,https://www.aer.gov.au/system/files/2026-08/AER%20%E2%80%93%202026%E2%80%9327%20%E2%80%93%20Consolidated%20stakeholder%20report%20%E2%80%93%2026%20August%202026.xlsx,sources/dnsp/endeavour/Endeavour_NUOS_Price_List_2026-27.pdf,https://edge.sitecorecloud.io/endeavouren152b-endeavouren7772-production9ea5-b88d/media/Endeavour-Energy/Publications/Documents/NUOS-Price-List.pdf,GS Demand,Daily Access Charge,distributor's NUoS fixed charge embeds the legacy metering charge (stated in its document); AER file lists metering separately,"NUOS Price List 2026-27 v1.0 (v1.0 28 Apr 2026 Final); Table 1a p37; GST exclusive; Daily Access Charge is the NUOS network access charge incl. metering - document: ""Network prices comprise Distribution (DUOS) charges including Metering, Transmission (TUOS) passthroughs and recovery of the NSW Climate Change Fund (CCF) and Energy Infrastructure Roadmap (EIR) contributions.""; no metering/network split published"
Endeavour Energy,2026-27,value_differs,metering_in_fixed,N93,GS Demand Transitional,Fixed,95.24,cents/day,98.8821,c/day,95.24,98.8821,c/day,3.6421,3.8241,NUoS,NUoS,AER,DNSP,sources/aer/AER_Consolidated_stakeholder_report_2026-27_26Aug2026.xlsx,https://www.aer.gov.au/system/files/2026-08/AER%20%E2%80%93%202026%E2%80%9327%20%E2%80%93%20Consolidated%20stakeholder%20report%20%E2%80%93%2026%20August%202026.xlsx,sources/dnsp/endeavour/Endeavour_NUOS_Price_List_2026-27.pdf,https://edge.sitecorecloud.io/endeavouren152b-endeavouren7772-production9ea5-b88d/media/Endeavour-Energy/Publications/Documents/NUOS-Price-List.pdf,GS Demand Transitional,Daily Access Charge,distributor's NUoS fixed charge embeds the legacy metering charge (stated in its document); AER file lists metering separately,"NUOS Price List 2026-27 v1.0 (v1.0 28 Apr 2026 Final); Table 1a p37; GST exclusive; transitional tariff; Daily Access Charge is the NUOS network access charge incl. metering - document: ""Network prices comprise Distribution (DUOS) charges including Metering, Transmission (TUOS) passthroughs and recovery of the NSW Climate Change Fund (CCF) and Energy Infrastructure Roadmap (EIR) contributions.""; no metering/network split published"
Endeavour Energy,2026-27,value_differs,metering_in_fixed,N95,Storage,Fixed,169.69,cents/day,173.3321,c/day,169.69,173.3321,c/day,3.6421,2.1463,NUoS,NUoS,AER,DNSP,sources/aer/AER_Consolidated_stakeholder_report_2026-27_26Aug2026.xlsx,https://www.aer.gov.au/system/files/2026-08/AER%20%E2%80%93%202026%E2%80%9327%20%E2%80%93%20Consolidated%20stakeholder%20report%20%E2%80%93%2026%20August%202026.xlsx,sources/dnsp/endeavour/Endeavour_NUOS_Price_List_2026-27.pdf,https://edge.sitecorecloud.io/endeavouren152b-endeavouren7772-production9ea5-b88d/media/Endeavour-Energy/Publications/Documents/NUOS-Price-List.pdf,Storage,Daily Access Charge,distributor's NUoS fixed charge embeds the legacy metering charge (stated in its document); AER file lists metering separately,"NUOS Price List 2026-27 v1.0 (v1.0 28 Apr 2026 Final); Table 1a p37; GST exclusive; Daily Access Charge is the NUOS network access charge incl. metering - document: ""Network prices comprise Distribution (DUOS) charges including Metering, Transmission (TUOS) passthroughs and recovery of the NSW Climate Change Fund (CCF) and Energy Infrastructure Roadmap (EIR) contributions.""; no metering/network split published"
Energex,2024-25,aer_only_code,aer_zero_placeholder,1000,ICC,0 priced component(s),,,,,,,,,,NUoS,NUoS,AER,DNSP,sources/aer/2024-25_stakeholder_reports/AER_Stakeholder_report_Energex_2024-25.xlsx,https://www.aer.gov.au/system/files/2024-05/AER%20-%20Stakeholder%20report%20-%20Energex%20-%202024%E2%80%9325%20Annual%20Pricing%20Proposal.xlsx,sources/dnsp/energex/Energex_Network_Price_List_2024-25_Sch8_wayback.xlsx,,,,AER-side file lists this tariff with no prices (placeholder / TBA code),zero-priced row; other_id=ICC1000
Energex,2024-25,dnsp_only_code,trial_tariff,92000,CAC Dynamic Flex Storage,5 component(s),,,,,,,,,,NUoS,NUoS,AER,DNSP,sources/aer/2024-25_stakeholder_reports/AER_Stakeholder_report_Energex_2024-25.xlsx,,sources/dnsp/energex/Energex_Network_Price_List_2024-25_Sch8_wayback.xlsx,https://web.archive.org/web/20241024104238/https://www.energex.com.au/__data/assets/excel_doc/0020/1314425/Energex-2024-25-Network-Price-List-Updated-for-Sch-8.xlsx,CAC Dynamic Flex Storage,,trial tariff published by distributor; AER-side file has no priced counterpart,sheet 'Trial Tariffs' NUoS block row 8; trial tariff
Energex,2024-25,dnsp_only_code,trial_tariff,92100,CAC Dynamic Price Storage,7 component(s),,,,,,,,,,NUoS,NUoS,AER,DNSP,sources/aer/2024-25_stakeholder_reports/AER_Stakeholder_report_Energex_2024-25.xlsx,,sources/dnsp/energex/Energex_Network_Price_List_2024-25_Sch8_wayback.xlsx,https://web.archive.org/web/20241024104238/https://www.energex.com.au/__data/assets/excel_doc/0020/1314425/Energex-2024-25-Network-Price-List-Updated-for-Sch-8.xlsx,CAC Dynamic Price Storage,,trial tariff published by distributor; AER-side file has no priced counterpart,sheet 'Trial Tariffs' NUoS block row 7; trial tariff
Energex,2024-25,dnsp_only_code,trial_tariff,94000,Large Dynamic Flex Storage,5 component(s),,,,,,,,,,NUoS,NUoS,AER,DNSP,sources/aer/2024-25_stakeholder_reports/AER_Stakeholder_report_Energex_2024-25.xlsx,,sources/dnsp/energex/Energex_Network_Price_List_2024-25_Sch8_wayback.xlsx,https://web.archive.org/web/20241024104238/https://www.energex.com.au/__data/assets/excel_doc/0020/1314425/Energex-2024-25-Network-Price-List-Updated-for-Sch-8.xlsx,Large Dynamic Flex Storage,,trial tariff published by distributor; AER-side file has no priced counterpart,sheet 'Trial Tariffs' NUoS block row 9; trial tariff
Energex,2024-25,dnsp_only_component,aer_zero_placeholder,3000,EG 11 kV,Volume Charge,,,0.0012,$/kWh,,0.12,c/kWh,,,NUoS,NUoS,AER,DNSP,sources/aer/2024-25_stakeholder_reports/AER_Stakeholder_report_Energex_2024-25.xlsx,,sources/dnsp/energex/Energex_Network_Price_List_2024-25_Sch8_wayback.xlsx,https://web.archive.org/web/20241024104238/https://www.energex.com.au/__data/assets/excel_doc/0020/1314425/Energex-2024-25-Network-Price-List-Updated-for-Sch-8.xlsx,EG - 11kV,Volume Charge,component priced in distributor publication with no counterpart in AER-side file,sheet 'CAC' NUoS block row 7; *Grandfathered; site-specific: Fixed Charge published as 'Site Specific'
Energex,2024-25,dnsp_only_component,aer_zero_placeholder,3000,EG 11 kV,Volume Off Peak Charge,,,0.01665,$/kWh,,1.665,c/kWh,,,NUoS,NUoS,AER,DNSP,sources/aer/2024-25_stakeholder_reports/AER_Stakeholder_report_Energex_2024-25.xlsx,,sources/dnsp/energex/Energex_Network_Price_List_2024-25_Sch8_wayback.xlsx,https://web.archive.org/web/20241024104238/https://www.energex.com.au/__data/assets/excel_doc/0020/1314425/Energex-2024-25-Network-Price-List-Updated-for-Sch-8.xlsx,EG - 11kV,Volume Off Peak Charge,component priced in distributor publication with no counterpart in AER-side file,sheet 'CAC' NUoS block row 7; *Grandfathered; site-specific: Fixed Charge published as 'Site Specific'
Energex,2024-25,dnsp_only_component,aer_zero_placeholder,3000,EG 11 kV,Volume Peak Charge,,,0.01665,$/kWh,,1.665,c/kWh,,,NUoS,NUoS,AER,DNSP,sources/aer/2024-25_stakeholder_reports/AER_Stakeholder_report_Energex_2024-25.xlsx,,sources/dnsp/energex/Energex_Network_Price_List_2024-25_Sch8_wayback.xlsx,https://web.archive.org/web/20241024104238/https://www.energex.com.au/__data/assets/excel_doc/0020/1314425/Energex-2024-25-Network-Price-List-Updated-for-Sch-8.xlsx,EG - 11kV,Volume Peak Charge,component priced in distributor publication with no counterpart in AER-side file,sheet 'CAC' NUoS block row 7; *Grandfathered; site-specific: Fixed Charge published as 'Site Specific'
Energex,2024-25,dnsp_only_component,aer_zero_placeholder,3000,EG 11 kV,Demand Charge kVA,,,10.021,$/kVA/month,,1002.1,c/kVA/month,,,NUoS,NUoS,AER,DNSP,sources/aer/2024-25_stakeholder_reports/AER_Stakeholder_report_Energex_2024-25.xlsx,,sources/dnsp/energex/Energex_Network_Price_List_2024-25_Sch8_wayback.xlsx,https://web.archive.org/web/20241024104238/https://www.energex.com.au/__data/assets/excel_doc/0020/1314425/Energex-2024-25-Network-Price-List-Updated-for-Sch-8.xlsx,EG - 11kV,Demand Charge kVA,component priced in distributor publication with no counterpart in AER-side file,sheet 'CAC' NUoS block row 7; *Grandfathered; site-specific: Fixed Charge published as 'Site Specific'
Energex,2024-25,dnsp_only_component,aer_zero_placeholder,4000,11 kV Bus,Volume Charge,,,0.0012,$/kWh,,0.12,c/kWh,,,NUoS,NUoS,AER,DNSP,sources/aer/2024-25_stakeholder_reports/AER_Stakeholder_report_Energex_2024-25.xlsx,,sources/dnsp/energex/Energex_Network_Price_List_2024-25_Sch8_wayback.xlsx,https://web.archive.org/web/20241024104238/https://www.energex.com.au/__data/assets/excel_doc/0020/1314425/Energex-2024-25-Network-Price-List-Updated-for-Sch-8.xlsx,11kV Bus,Volume Charge,component priced in distributor publication with no counterpart in AER-side file,sheet 'CAC' NUoS block row 8; site-specific: Fixed Charge published as 'Site Specific'
Energex,2024-25,dnsp_only_component,aer_zero_placeholder,4000,11 kV Bus,Volume Off Peak Charge,,,0.00454,$/kWh,,0.454,c/kWh,,,NUoS,NUoS,AER,DNSP,sources/aer/2024-25_stakeholder_reports/AER_Stakeholder_report_Energex_2024-25.xlsx,,sources/dnsp/energex/Energex_Network_Price_List_2024-25_Sch8_wayback.xlsx,https://web.archive.org/web/20241024104238/https://www.energex.com.au/__data/assets/excel_doc/0020/1314425/Energex-2024-25-Network-Price-List-Updated-for-Sch-8.xlsx,11kV Bus,Volume Off Peak Charge,component priced in distributor publication with no counterpart in AER-side file,sheet 'CAC' NUoS block row 8; site-specific: Fixed Charge published as 'Site Specific'
Energex,2024-25,dnsp_only_component,aer_zero_placeholder,4000,11 kV Bus,Volume Peak Charge,,,0.00454,$/kWh,,0.454,c/kWh,,,NUoS,NUoS,AER,DNSP,sources/aer/2024-25_stakeholder_reports/AER_Stakeholder_report_Energex_2024-25.xlsx,,sources/dnsp/energex/Energex_Network_Price_List_2024-25_Sch8_wayback.xlsx,https://web.archive.org/web/20241024104238/https://www.energex.com.au/__data/assets/excel_doc/0020/1314425/Energex-2024-25-Network-Price-List-Updated-for-Sch-8.xlsx,11kV Bus,Volume Peak Charge,component priced in distributor publication with no counterpart in AER-side file,sheet 'CAC' NUoS block row 8; site-specific: Fixed Charge published as 'Site Specific'
Energex,2024-25,dnsp_only_component,aer_zero_placeholder,4000,11 kV Bus,Demand Charge kVA,,,7.886,$/kVA/month,,788.6,c/kVA/month,,,NUoS,NUoS,AER,DNSP,sources/aer/2024-25_stakeholder_reports/AER_Stakeholder_report_Energex_2024-25.xlsx,,sources/dnsp/energex/Energex_Network_Price_List_2024-25_Sch8_wayback.xlsx,https://web.archive.org/web/20241024104238/https://www.energex.com.au/__data/assets/excel_doc/0020/1314425/Energex-2024-25-Network-Price-List-Updated-for-Sch-8.xlsx,11kV Bus,Demand Charge kVA,component priced in distributor publication with no counterpart in AER-side file,sheet 'CAC' NUoS block row 8; site-specific: Fixed Charge published as 'Site Specific'
Energex,2024-25,dnsp_only_component,aer_zero_placeholder,4500,11 kV Line,Volume Charge,,,0.0012,$/kWh,,0.12,c/kWh,,,NUoS,NUoS,AER,DNSP,sources/aer/2024-25_stakeholder_reports/AER_Stakeholder_report_Energex_2024-25.xlsx,,sources/dnsp/energex/Energex_Network_Price_List_2024-25_Sch8_wayback.xlsx,https://web.archive.org/web/20241024104238/https://www.energex.com.au/__data/assets/excel_doc/0020/1314425/Energex-2024-25-Network-Price-List-Updated-for-Sch-8.xlsx,11kV Line,Volume Charge,component priced in distributor publication with no counterpart in AER-side file,sheet 'CAC' NUoS block row 9; *Grandfathered; site-specific: Fixed Charge published as 'Site Specific'
Energex,2024-25,dnsp_only_component,aer_zero_placeholder,4500,11 kV Line,Volume Off Peak Charge,,,0.01665,$/kWh,,1.665,c/kWh,,,NUoS,NUoS,AER,DNSP,sources/aer/2024-25_stakeholder_reports/AER_Stakeholder_report_Energex_2024-25.xlsx,,sources/dnsp/energex/Energex_Network_Price_List_2024-25_Sch8_wayback.xlsx,https://web.archive.org/web/20241024104238/https://www.energex.com.au/__data/assets/excel_doc/0020/1314425/Energex-2024-25-Network-Price-List-Updated-for-Sch-8.xlsx,11kV Line,Volume Off Peak Charge,component priced in distributor publication with no counterpart in AER-side file,sheet 'CAC' NUoS block row 9; *Grandfathered; site-specific: Fixed Charge published as 'Site Specific'
Energex,2024-25,dnsp_only_component,aer_zero_placeholder,4500,11 kV Line,Volume Peak Charge,,,0.01665,$/kWh,,1.665,c/kWh,,,NUoS,NUoS,AER,DNSP,sources/aer/2024-25_stakeholder_reports/AER_Stakeholder_report_Energex_2024-25.xlsx,,sources/dnsp/energex/Energex_Network_Price_List_2024-25_Sch8_wayback.xlsx,https://web.archive.org/web/20241024104238/https://www.energex.com.au/__data/assets/excel_doc/0020/1314425/Energex-2024-25-Network-Price-List-Updated-for-Sch-8.xlsx,11kV Line,Volume Peak Charge,component priced in distributor publication with no counterpart in AER-side file,sheet 'CAC' NUoS block row 9; *Grandfathered; site-specific: Fixed Charge published as 'Site Specific'
Energex,2024-25,dnsp_only_component,aer_zero_placeholder,4500,11 kV Line,Demand Charge kVA,,,10.021,$/kVA/month,,1002.1,c/kVA/month,,,NUoS,NUoS,AER,DNSP,sources/aer/2024-25_stakeholder_reports/AER_Stakeholder_report_Energex_2024-25.xlsx,,sources/dnsp/energex/Energex_Network_Price_List_2024-25_Sch8_wayback.xlsx,https://web.archive.org/web/20241024104238/https://www.energex.com.au/__data/assets/excel_doc/0020/1314425/Energex-2024-25-Network-Price-List-Updated-for-Sch-8.xlsx,11kV Line,Demand Charge kVA,component priced in distributor publication with no counterpart in AER-side file,sheet 'CAC' NUoS block row 9; *Grandfathered; site-specific: Fixed Charge published as 'Site Specific'
Energex,2024-25,dnsp_only_component,,6000,Wide Inclining Fixed,Band 5 Charge,,,1.888,$/day,,188.8,c/day,,,NUoS,NUoS,AER,DNSP,sources/aer/2024-25_stakeholder_reports/AER_Stakeholder_report_Energex_2024-25.xlsx,,sources/dnsp/energex/Energex_Network_Price_List_2024-25_Sch8_wayback.xlsx,https://web.archive.org/web/20241024104238/https://www.energex.com.au/__data/assets/excel_doc/0020/1314425/Energex-2024-25-Network-Price-List-Updated-for-Sch-8.xlsx,Small Business Wide IFT,Band 5 Charge,component priced in distributor publication with no counterpart in AER-side file,sheet 'SACS Business' NUoS block row 9
Energex,2024-25,dnsp_only_component,,6800,Small Business ToU Energy,Band 5 Charge,,,1.95,$/day,,195.0,c/day,,,NUoS,NUoS,AER,DNSP,sources/aer/2024-25_stakeholder_reports/AER_Stakeholder_report_Energex_2024-25.xlsx,,sources/dnsp/energex/Energex_Network_Price_List_2024-25_Sch8_wayback.xlsx,https://web.archive.org/web/20241024104238/https://www.energex.com.au/__data/assets/excel_doc/0020/1314425/Energex-2024-25-Network-Price-List-Updated-for-Sch-8.xlsx,Small Business ToU Energy,Band 5 Charge,component priced in distributor publication with no counterpart in AER-side file,sheet 'SACS Business' NUoS block row 10
Energex,2024-25,dnsp_only_component,aer_zero_placeholder,7400,HV ToU Demand,Fixed Charge,,,1.905,$/day,,190.5,c/day,,,NUoS,NUoS,AER,DNSP,sources/aer/2024-25_stakeholder_reports/AER_Stakeholder_report_Energex_2024-25.xlsx,,sources/dnsp/energex/Energex_Network_Price_List_2024-25_Sch8_wayback.xlsx,https://web.archive.org/web/20241024104238/https://www.energex.com.au/__data/assets/excel_doc/0020/1314425/Energex-2024-25-Network-Price-List-Updated-for-Sch-8.xlsx,Demand ToU 11kV,Fixed Charge,component priced in distributor publication with no counterpart in AER-side file,sheet 'CAC' NUoS block row 10
Energex,2024-25,dnsp_only_component,aer_zero_placeholder,7400,HV ToU Demand,CAV Charge,,,42.034,$/day/$M-CAV,,4203.4,c/day,,,NUoS,NUoS,AER,DNSP,sources/aer/2024-25_stakeholder_reports/AER_Stakeholder_report_Energex_2024-25.xlsx,,sources/dnsp/energex/Energex_Network_Price_List_2024-25_Sch8_wayback.xlsx,https://web.archive.org/web/20241024104238/https://www.energex.com.au/__data/assets/excel_doc/0020/1314425/Energex-2024-25-Network-Price-List-Updated-for-Sch-8.xlsx,Demand ToU 11kV,CAV Charge,component priced in distributor publication with no counterpart in AER-side file,sheet 'CAC' NUoS block row 10
Energex,2024-25,dnsp_only_component,aer_zero_placeholder,7400,HV ToU Demand,NCCAV Charge,,,89.356,$/day/$M-NCCAV,,8935.6,c/day,,,NUoS,NUoS,AER,DNSP,sources/aer/2024-25_stakeholder_reports/AER_Stakeholder_report_Energex_2024-25.xlsx,,sources/dnsp/energex/Energex_Network_Price_List_2024-25_Sch8_wayback.xlsx,https://web.archive.org/web/20241024104238/https://www.energex.com.au/__data/assets/excel_doc/0020/1314425/Energex-2024-25-Network-Price-List-Updated-for-Sch-8.xlsx,Demand ToU 11kV,NCCAV Charge,component priced in distributor publication with no counterpart in AER-side file,sheet 'CAC' NUoS block row 10
Energex,2024-25,dnsp_only_component,aer_zero_placeholder,7400,HV ToU Demand,Volume Charge,,,0.01827,$/kWh,,1.827,c/kWh,,,NUoS,NUoS,AER,DNSP,sources/aer/2024-25_stakeholder_reports/AER_Stakeholder_report_Energex_2024-25.xlsx,,sources/dnsp/energex/Energex_Network_Price_List_2024-25_Sch8_wayback.xlsx,https://web.archive.org/web/20241024104238/https://www.energex.com.au/__data/assets/excel_doc/0020/1314425/Energex-2024-25-Network-Price-List-Updated-for-Sch-8.xlsx,Demand ToU 11kV,Volume Charge,component priced in distributor publication with no counterpart in AER-side file,sheet 'CAC' NUoS block row 10
Energex,2024-25,dnsp_only_component,aer_zero_placeholder,7400,HV ToU Demand,Excess Demand Charge,,,1.526,$/kVA/month,,152.6,c/kVA/month,,,NUoS,NUoS,AER,DNSP,sources/aer/2024-25_stakeholder_reports/AER_Stakeholder_report_Energex_2024-25.xlsx,,sources/dnsp/energex/Energex_Network_Price_List_2024-25_Sch8_wayback.xlsx,https://web.archive.org/web/20241024104238/https://www.energex.com.au/__data/assets/excel_doc/0020/1314425/Energex-2024-25-Network-Price-List-Updated-for-Sch-8.xlsx,Demand ToU 11kV,Excess Demand Charge,component priced in distributor publication with no counterpart in AER-side file,sheet 'CAC' NUoS block row 10
Energex,2024-25,dnsp_only_component,aer_zero_placeholder,7400,HV ToU Demand,Peak Demand Charge kVA,,,10.908,$/kVA/month,,1090.8,c/kVA/month,,,NUoS,NUoS,AER,DNSP,sources/aer/2024-25_stakeholder_reports/AER_Stakeholder_report_Energex_2024-25.xlsx,,sources/dnsp/energex/Energex_Network_Price_List_2024-25_Sch8_wayback.xlsx,https://web.archive.org/web/20241024104238/https://www.energex.com.au/__data/assets/excel_doc/0020/1314425/Energex-2024-25-Network-Price-List-Updated-for-Sch-8.xlsx,Demand ToU 11kV,Peak Demand Charge kVA,component priced in distributor publication with no counterpart in AER-side file,sheet 'CAC' NUoS block row 10
Energex,2025-26,value_differs,metering_in_fixed,3900,Residential TOU Demand&Energy,Fixed charge,0.323,$dollars/day,0.444,$/day,32.3,44.4,c/day,12.1,37.4613,NUoS,NUoS,AER,DNSP,sources/aer/AER_Consolidated_stakeholder_report_2025-26_v5.xlsx,https://www.aer.gov.au/system/files/2025-05/AER%20-%20Consolidated%20stakeholder%20report%202025%E2%80%9326%20v5%C2%A0.xlsx,sources/dnsp/energex/Energex_Network_Price_List_2025-26_Sch8_wayback.xlsx,https://web.archive.org/web/20251106081540/https://www.energex.com.au/__data/assets/excel_doc/0005/1631165/Energex-2025-26-Network-Price-List-updated-for-Sch-8.xlsx,Residential TOU Demand&Energy,Fixed Charge,distributor's NUoS fixed charge embeds the legacy metering charge (stated in its document); AER file lists metering separately,aer_id=TD-EGX26res-TOUD; sheet 'SACS Residential' NUoS block row 9; NUoS includes Metering block charge 0.121 $/day (NUoS = DUoS+TUoS+JSA+Metering)
Energex,2025-26,value_differs,metering_in_fixed,6900,Residential ToU Energy,Fixed charge,0.518,$dollars/day,0.639,$/day,51.8,63.9,c/day,12.1,23.3591,NUoS,NUoS,AER,DNSP,sources/aer/AER_Consolidated_stakeholder_report_2025-26_v5.xlsx,https://www.aer.gov.au/system/files/2025-05/AER%20-%20Consolidated%20stakeholder%20report%202025%E2%80%9326%20v5%C2%A0.xlsx,sources/dnsp/energex/Energex_Network_Price_List_2025-26_Sch8_wayback.xlsx,https://web.archive.org/web/20251106081540/https://www.energex.com.au/__data/assets/excel_doc/0005/1631165/Energex-2025-26-Network-Price-List-updated-for-Sch-8.xlsx,Residential ToU Energy,Fixed Charge,distributor's NUoS fixed charge embeds the legacy metering charge (stated in its document); AER file lists metering separately,aer_id=TD-EGX26res-TOU; sheet 'SACS Residential' NUoS block row 8; NUoS includes Metering block charge 0.121 $/day (NUoS = DUoS+TUoS+JSA+Metering)
Energex,2025-26,value_differs,metering_in_fixed,8400,Residential Flat,Fixed charge,0.694,$dollars/day,0.815,$/day,69.4,81.5,c/day,12.1,17.4352,NUoS,NUoS,AER,DNSP,sources/aer/AER_Consolidated_stakeholder_report_2025-26_v5.xlsx,https://www.aer.gov.au/system/files/2025-05/AER%20-%20Consolidated%20stakeholder%20report%202025%E2%80%9326%20v5%C2%A0.xlsx,sources/dnsp/energex/Energex_Network_Price_List_2025-26_Sch8_wayback.xlsx,https://web.archive.org/web/20251106081540/https://www.energex.com.au/__data/assets/excel_doc/0005/1631165/Energex-2025-26-Network-Price-List-updated-for-Sch-8.xlsx,Residential Flat,Fixed Charge,distributor's NUoS fixed charge embeds the legacy metering charge (stated in its document); AER file lists metering separately,aer_id=TD-EGX26res-Flat; sheet 'SACS Residential' NUoS block row 10; *Grandfathered; NUoS includes Metering block charge 0.121 $/day (NUoS = DUoS+TUoS+JSA+Metering)
Energex,2025-26,value_differs,metering_in_fixed,3800,Small Business TOU Demand&Energy,Fixed charge,0.702,$dollars/day,0.823,$/day,70.2,82.3,c/day,12.1,17.2365,NUoS,NUoS,AER,DNSP,sources/aer/AER_Consolidated_stakeholder_report_2025-26_v5.xlsx,https://www.aer.gov.au/system/files/2025-05/AER%20-%20Consolidated%20stakeholder%20report%202025%E2%80%9326%20v5%C2%A0.xlsx,sources/dnsp/energex/Energex_Network_Price_List_2025-26_Sch8_wayback.xlsx,https://web.archive.org/web/20251106081540/https://www.energex.com.au/__data/assets/excel_doc/0005/1631165/Energex-2025-26-Network-Price-List-updated-for-Sch-8.xlsx,Small Business TOU Demand&Energy,Fixed Charge,distributor's NUoS fixed charge embeds the legacy metering charge (stated in its document); AER file lists metering separately,aer_id=TD-EGX26smb-TOUD; sheet 'SACS Business' NUoS block row 9; NUoS includes Metering block charge 0.121 $/day (NUoS = DUoS+TUoS+JSA+Metering)
Energex,2025-26,value_differs,metering_in_fixed,5700,Small Business Primary Load Control,Fixed charge,0.702,$dollars/day,0.823,$/day,70.2,82.3,c/day,12.1,17.2365,NUoS,NUoS,AER,DNSP,sources/aer/AER_Consolidated_stakeholder_report_2025-26_v5.xlsx,https://www.aer.gov.au/system/files/2025-05/AER%20-%20Consolidated%20stakeholder%20report%202025%E2%80%9326%20v5%C2%A0.xlsx,sources/dnsp/energex/Energex_Network_Price_List_2025-26_Sch8_wayback.xlsx,https://web.archive.org/web/20251106081540/https://www.energex.com.au/__data/assets/excel_doc/0005/1631165/Energex-2025-26-Network-Price-List-updated-for-Sch-8.xlsx,Small Business Primary Load Control,Fixed Charge,distributor's NUoS fixed charge embeds the legacy metering charge (stated in its document); AER file lists metering separately,aer_id=TD-EGX26smb-PriLC; sheet 'SACS Business' NUoS block row 12; NUoS includes Metering block charge 0.121 $/day (NUoS = DUoS+TUoS+JSA+Metering)
Energex,2025-26,value_differs,metering_in_fixed,8500,Small Business Flat,Fixed charge,0.929,$dollars/day,1.05,$/day,92.9,105.0,c/day,12.1,13.0248,NUoS,NUoS,AER,DNSP,sources/aer/AER_Consolidated_stakeholder_report_2025-26_v5.xlsx,https://www.aer.gov.au/system/files/2025-05/AER%20-%20Consolidated%20stakeholder%20report%202025%E2%80%9326%20v5%C2%A0.xlsx,sources/dnsp/energex/Energex_Network_Price_List_2025-26_Sch8_wayback.xlsx,https://web.archive.org/web/20251106081540/https://www.energex.com.au/__data/assets/excel_doc/0005/1631165/Energex-2025-26-Network-Price-List-updated-for-Sch-8.xlsx,Business Flat,Fixed Charge,distributor's NUoS fixed charge embeds the legacy metering charge (stated in its document); AER file lists metering separately,aer_id=TD-EGX26smb-Flat; sheet 'SACS Business' NUoS block row 10; *Grandfathered; NUoS includes Metering block charge 0.121 $/day (NUoS = DUoS+TUoS+JSA+Metering)
Energex,2025-26,value_differs,metering_in_fixed,6800,Small Business ToU Energy,Fixed charge,0.977,$dollars/day,1.098,$/day,97.7,109.8,c/day,12.1,12.3849,NUoS,NUoS,AER,DNSP,sources/aer/AER_Consolidated_stakeholder_report_2025-26_v5.xlsx,https://www.aer.gov.au/system/files/2025-05/AER%20-%20Consolidated%20stakeholder%20report%202025%E2%80%9326%20v5%C2%A0.xlsx,sources/dnsp/energex/Energex_Network_Price_List_2025-26_Sch8_wayback.xlsx,https://web.archive.org/web/20251106081540/https://www.energex.com.au/__data/assets/excel_doc/0005/1631165/Energex-2025-26-Network-Price-List-updated-for-Sch-8.xlsx,Small Business ToU Energy,Fixed Charge,distributor's NUoS fixed charge embeds the legacy metering charge (stated in its document); AER file lists metering separately,aer_id=TD-EGX26smb-TOU; sheet 'SACS Business' NUoS block row 8; NUoS includes Metering block charge 0.121 $/day (NUoS = DUoS+TUoS+JSA+Metering)
Energex,2025-26,value_differs,metering_in_fixed,5800,Large Business Primary Load Control,Fixed charge,7.544,$dollars/day,7.665,$/day,754.4,766.5,c/day,12.1,1.6039,NUoS,NUoS,AER,DNSP,sources/aer/AER_Consolidated_stakeholder_report_2025-26_v5.xlsx,https://www.aer.gov.au/system/files/2025-05/AER%20-%20Consolidated%20stakeholder%20report%202025%E2%80%9326%20v5%C2%A0.xlsx,sources/dnsp/energex/Energex_Network_Price_List_2025-26_Sch8_wayback.xlsx,https://web.archive.org/web/20251106081540/https://www.energex.com.au/__data/assets/excel_doc/0005/1631165/Energex-2025-26-Network-Price-List-updated-for-Sch-8.xlsx,Large Business Primary Load Control,Fixed Charge,distributor's NUoS fixed charge embeds the legacy metering charge (stated in its document); AER file lists metering separately,aer_id=TD-EGX26oth-PriLC; sheet 'SAC Large' NUoS block row 15; NUoS includes Metering block charge 0.121 $/day (NUoS = DUoS+TUoS+JSA+Metering)
Energex,2025-26,value_differs,metering_in_fixed,7200,Large TOU Demand&Energy,Fixed charge,7.544,$dollars/day,7.665,$/day,754.4,766.5,c/day,12.1,1.6039,NUoS,NUoS,AER,DNSP,sources/aer/AER_Consolidated_stakeholder_report_2025-26_v5.xlsx,https://www.aer.gov.au/system/files/2025-05/AER%20-%20Consolidated%20stakeholder%20report%202025%E2%80%9326%20v5%C2%A0.xlsx,sources/dnsp/energex/Energex_Network_Price_List_2025-26_Sch8_wayback.xlsx,https://web.archive.org/web/20251106081540/https://www.energex.com.au/__data/assets/excel_doc/0005/1631165/Energex-2025-26-Network-Price-List-updated-for-Sch-8.xlsx,Large TOU Demand&Energy,Fixed Charge,distributor's NUoS fixed charge embeds the legacy metering charge (stated in its document); AER file lists metering separately,aer_id=TD-EGX26oth-TOUD; sheet 'SAC Large' NUoS block row 8; NUoS includes Metering block charge 0.121 $/day (NUoS = DUoS+TUoS+JSA+Metering)
Energex,2025-26,value_differs,metering_in_fixed,94000,Large Dynamic Flex Storage,Fixed charge,7.544,$dollars/day,7.665,$/day,754.4,766.5,c/day,12.1,1.6039,NUoS,NUoS,AER,DNSP,sources/aer/AER_Consolidated_stakeholder_report_2025-26_v5.xlsx,https://www.aer.gov.au/system/files/2025-05/AER%20-%20Consolidated%20stakeholder%20report%202025%E2%80%9326%20v5%C2%A0.xlsx,sources/dnsp/energex/Energex_Network_Price_List_2025-26_Sch8_wayback.xlsx,https://web.archive.org/web/20251106081540/https://www.energex.com.au/__data/assets/excel_doc/0005/1631165/Energex-2025-26-Network-Price-List-updated-for-Sch-8.xlsx,Large Dynamic Flex Storage,Fixed Charge,distributor's NUoS fixed charge embeds the legacy metering charge (stated in its document); AER file lists metering separately,aer_id=TD-EGX26oth-Flx; sheet 'SAC Large' NUoS block row 13; NUoS includes Metering block charge 0.121 $/day (NUoS = DUoS+TUoS+JSA+Metering)
Energex,2025-26,value_differs,metering_in_fixed,94300,Large TOU Energy,Fixed charge,7.544,$dollars/day,7.665,$/day,754.4,766.5,c/day,12.1,1.6039,NUoS,NUoS,AER,DNSP,sources/aer/AER_Consolidated_stakeholder_report_2025-26_v5.xlsx,https://www.aer.gov.au/system/files/2025-05/AER%20-%20Consolidated%20stakeholder%20report%202025%E2%80%9326%20v5%C2%A0.xlsx,sources/dnsp/energex/Energex_Network_Price_List_2025-26_Sch8_wayback.xlsx,https://web.archive.org/web/20251106081540/https://www.energex.com.au/__data/assets/excel_doc/0005/1631165/Energex-2025-26-Network-Price-List-updated-for-Sch-8.xlsx,Large TOU Energy,Fixed Charge,distributor's NUoS fixed charge embeds the legacy metering charge (stated in its document); AER file lists metering separately,aer_id=TD-EGX26oth-TOU; sheet 'SAC Large' NUoS block row 11; NUoS includes Metering block charge 0.121 $/day (NUoS = DUoS+TUoS+JSA+Metering)
Energex,2025-26,value_differs,metering_in_fixed,6700,Large Business Energy,Fixed charge,7.603,$dollars/day,7.724,$/day,760.3,772.4,c/day,12.1,1.5915,NUoS,NUoS,AER,DNSP,sources/aer/AER_Consolidated_stakeholder_report_2025-26_v5.xlsx,https://www.aer.gov.au/system/files/2025-05/AER%20-%20Consolidated%20stakeholder%20report%202025%E2%80%9326%20v5%C2%A0.xlsx,sources/dnsp/energex/Energex_Network_Price_List_2025-26_Sch8_wayback.xlsx,https://web.archive.org/web/20251106081540/https://www.energex.com.au/__data/assets/excel_doc/0005/1631165/Energex-2025-26-Network-Price-List-updated-for-Sch-8.xlsx,Large Business Energy,Fixed Charge,distributor's NUoS fixed charge embeds the legacy metering charge (stated in its document); AER file lists metering separately,aer_id=TD-EGX26oth-Flat; sheet 'SAC Large' NUoS block row 10; NUoS includes Metering block charge 0.121 $/day (NUoS = DUoS+TUoS+JSA+Metering)
Energex,2025-26,value_differs,metering_in_fixed,8300,Demand Small,Fixed charge,7.603,$dollars/day,7.724,$/day,760.3,772.4,c/day,12.1,1.5915,NUoS,NUoS,AER,DNSP,sources/aer/AER_Consolidated_stakeholder_report_2025-26_v5.xlsx,https://www.aer.gov.au/system/files/2025-05/AER%20-%20Consolidated%20stakeholder%20report%202025%E2%80%9326%20v5%C2%A0.xlsx,sources/dnsp/energex/Energex_Network_Price_List_2025-26_Sch8_wayback.xlsx,https://web.archive.org/web/20251106081540/https://www.energex.com.au/__data/assets/excel_doc/0005/1631165/Energex-2025-26-Network-Price-List-updated-for-Sch-8.xlsx,Demand Small,Fixed Charge,distributor's NUoS fixed charge embeds the legacy metering charge (stated in its document); AER file lists metering separately,aer_id=TD-EGX26oth-Dmd; sheet 'SAC Large' NUoS block row 9; NUoS includes Metering block charge 0.121 $/day (NUoS = DUoS+TUoS+JSA+Metering)
Energex,2025-26,aer_only_code,aer_zero_placeholder,1000,ICC,0 priced component(s),,,,,,,,,,NUoS,NUoS,AER,DNSP,sources/aer/AER_Consolidated_stakeholder_report_2025-26_v5.xlsx,https://www.aer.gov.au/system/files/2025-05/AER%20-%20Consolidated%20stakeholder%20report%202025%E2%80%9326%20v5%C2%A0.xlsx,sources/dnsp/energex/Energex_Network_Price_List_2025-26_Sch8_wayback.xlsx,,,,AER-side file lists this tariff with no prices (placeholder / TBA code),zero-priced row; aer_id=TD-EGX26oth-ICCH
Energex,2025-26,aer_only_code,aer_zero_placeholder,CSAC,Historic CAC,0 priced component(s),,,,,,,,,,NUoS,NUoS,AER,DNSP,sources/aer/AER_Consolidated_stakeholder_report_2025-26_v5.xlsx,https://www.aer.gov.au/system/files/2025-05/AER%20-%20Consolidated%20stakeholder%20report%202025%E2%80%9326%20v5%C2%A0.xlsx,sources/dnsp/energex/Energex_Network_Price_List_2025-26_Sch8_wayback.xlsx,,,,AER-side file lists this tariff with no prices (placeholder / TBA code),zero-priced row; aer_id=TD-EGX26oth-Hist2
Energex,2025-26,aer_only_code,aer_zero_placeholder,HSAC,Historic SAC,0 priced component(s),,,,,,,,,,NUoS,NUoS,AER,DNSP,sources/aer/AER_Consolidated_stakeholder_report_2025-26_v5.xlsx,https://www.aer.gov.au/system/files/2025-05/AER%20-%20Consolidated%20stakeholder%20report%202025%E2%80%9326%20v5%C2%A0.xlsx,sources/dnsp/energex/Energex_Network_Price_List_2025-26_Sch8_wayback.xlsx,,,,AER-side file lists this tariff with no prices (placeholder / TBA code),zero-priced row; aer_id=TD-EGX26oth-Hist1
Energex,2025-26,aer_only_code,withdrawn_tariff,HSAC,Business ToU (withdrawn from 1 Jul 25)*,3 priced component(s),,,,,,,,,,NUoS,NUoS,AER,DNSP,sources/aer/AER_Consolidated_stakeholder_report_2025-26_v5.xlsx,https://www.aer.gov.au/system/files/2025-05/AER%20-%20Consolidated%20stakeholder%20report%202025%E2%80%9326%20v5%C2%A0.xlsx,sources/dnsp/energex/Energex_Network_Price_List_2025-26_Sch8_wayback.xlsx,,,,AER-side file prices a tariff its own name marks as withdrawn/closed; distributor no longer publishes it,
Energex,2025-26,aer_only_code,withdrawn_tariff,HSAC,Residential ToU (withdrawn from 1 Jul 25)*,4 priced component(s),,,,,,,,,,NUoS,NUoS,AER,DNSP,sources/aer/AER_Consolidated_stakeholder_report_2025-26_v5.xlsx,https://www.aer.gov.au/system/files/2025-05/AER%20-%20Consolidated%20stakeholder%20report%202025%E2%80%9326%20v5%C2%A0.xlsx,sources/dnsp/energex/Energex_Network_Price_List_2025-26_Sch8_wayback.xlsx,,,,AER-side file prices a tariff its own name marks as withdrawn/closed; distributor no longer publishes it,
Energex,2025-26,aer_only_code,withdrawn_tariff,HSAC,Small Business Wide IFT (withdrawn from 1 Jul 25)*,6 priced component(s),,,,,,,,,,NUoS,NUoS,AER,DNSP,sources/aer/AER_Consolidated_stakeholder_report_2025-26_v5.xlsx,https://www.aer.gov.au/system/files/2025-05/AER%20-%20Consolidated%20stakeholder%20report%202025%E2%80%9326%20v5%C2%A0.xlsx,sources/dnsp/energex/Energex_Network_Price_List_2025-26_Sch8_wayback.xlsx,,,,AER-side file prices a tariff its own name marks as withdrawn/closed; distributor no longer publishes it,
Energex,2025-26,aer_only_code,aer_zero_placeholder,TBA10,Small Business Flexible Load,0 priced component(s),,,,,,,,,,NUoS,NUoS,AER,DNSP,sources/aer/AER_Consolidated_stakeholder_report_2025-26_v5.xlsx,https://www.aer.gov.au/system/files/2025-05/AER%20-%20Consolidated%20stakeholder%20report%202025%E2%80%9326%20v5%C2%A0.xlsx,sources/dnsp/energex/Energex_Network_Price_List_2025-26_Sch8_wayback.xlsx,,,,AER-side file lists this tariff with no prices (placeholder / TBA code),zero-priced row; aer_id=TD-EGX26smb-Flx
Energex,2025-26,aer_only_code,aer_zero_placeholder,TBA11,Residential Demand,0 priced component(s),,,,,,,,,,NUoS,NUoS,AER,DNSP,sources/aer/AER_Consolidated_stakeholder_report_2025-26_v5.xlsx,https://www.aer.gov.au/system/files/2025-05/AER%20-%20Consolidated%20stakeholder%20report%202025%E2%80%9326%20v5%C2%A0.xlsx,sources/dnsp/energex/Energex_Network_Price_List_2025-26_Sch8_wayback.xlsx,,,,AER-side file lists this tariff with no prices (placeholder / TBA code),zero-priced row; aer_id=TD-EGX26res-Dmd
Energex,2025-26,aer_only_code,aer_zero_placeholder,TBA13,Residential Flexible Load,0 priced component(s),,,,,,,,,,NUoS,NUoS,AER,DNSP,sources/aer/AER_Consolidated_stakeholder_report_2025-26_v5.xlsx,https://www.aer.gov.au/system/files/2025-05/AER%20-%20Consolidated%20stakeholder%20report%202025%E2%80%9326%20v5%C2%A0.xlsx,sources/dnsp/energex/Energex_Network_Price_List_2025-26_Sch8_wayback.xlsx,,,,AER-side file lists this tariff with no prices (placeholder / TBA code),zero-priced row; aer_id=TD-EGX26res-Flx
Energex,2025-26,aer_only_code,aer_zero_placeholder,TBA8,Small Business Demand,0 priced component(s),,,,,,,,,,NUoS,NUoS,AER,DNSP,sources/aer/AER_Consolidated_stakeholder_report_2025-26_v5.xlsx,https://www.aer.gov.au/system/files/2025-05/AER%20-%20Consolidated%20stakeholder%20report%202025%E2%80%9326%20v5%C2%A0.xlsx,sources/dnsp/energex/Energex_Network_Price_List_2025-26_Sch8_wayback.xlsx,,,,AER-side file lists this tariff with no prices (placeholder / TBA code),zero-priced row; aer_id=TD-EGX26smb-Dmd
Energex,2025-26,dnsp_only_code,trial_tariff,92100,CAC Dynamic Price Storage,4 component(s),,,,,,,,,,NUoS,NUoS,AER,DNSP,sources/aer/AER_Consolidated_stakeholder_report_2025-26_v5.xlsx,,sources/dnsp/energex/Energex_Network_Price_List_2025-26_Sch8_wayback.xlsx,https://web.archive.org/web/20251106081540/https://www.energex.com.au/__data/assets/excel_doc/0005/1631165/Energex-2025-26-Network-Price-List-updated-for-Sch-8.xlsx,CAC Dynamic Price Storage,,trial tariff published by distributor; AER-side file has no priced counterpart,sheet 'Tariff Trials' NUoS block row 8; trial tariff
Energex,2025-26,dnsp_only_code,trial_tariff,92200,CAC Secondary Dynamic Price Storage,2 component(s),,,,,,,,,,NUoS,NUoS,AER,DNSP,sources/aer/AER_Consolidated_stakeholder_report_2025-26_v5.xlsx,,sources/dnsp/energex/Energex_Network_Price_List_2025-26_Sch8_wayback.xlsx,https://web.archive.org/web/20251106081540/https://www.energex.com.au/__data/assets/excel_doc/0005/1631165/Energex-2025-26-Network-Price-List-updated-for-Sch-8.xlsx,CAC Secondary Dynamic Price Storage,,trial tariff published by distributor; AER-side file has no priced counterpart,sheet 'Tariff Trials' NUoS block row 11; trial tariff
Energex,2025-26,dnsp_only_code,trial_tariff,94100,SAC Dynamic Price Storage,4 component(s),,,,,,,,,,NUoS,NUoS,AER,DNSP,sources/aer/AER_Consolidated_stakeholder_report_2025-26_v5.xlsx,,sources/dnsp/energex/Energex_Network_Price_List_2025-26_Sch8_wayback.xlsx,https://web.archive.org/web/20251106081540/https://www.energex.com.au/__data/assets/excel_doc/0005/1631165/Energex-2025-26-Network-Price-List-updated-for-Sch-8.xlsx,SAC Dynamic Price Storage,,trial tariff published by distributor; AER-side file has no priced counterpart,sheet 'Tariff Trials' NUoS block row 9; trial tariff
Energex,2025-26,dnsp_only_code,trial_tariff,94200,SAC Secondary Dynamic Price Storage,2 component(s),,,,,,,,,,NUoS,NUoS,AER,DNSP,sources/aer/AER_Consolidated_stakeholder_report_2025-26_v5.xlsx,,sources/dnsp/energex/Energex_Network_Price_List_2025-26_Sch8_wayback.xlsx,https://web.archive.org/web/20251106081540/https://www.energex.com.au/__data/assets/excel_doc/0005/1631165/Energex-2025-26-Network-Price-List-updated-for-Sch-8.xlsx,SAC Secondary Dynamic Price Storage,,trial tariff published by distributor; AER-side file has no priced counterpart,sheet 'Tariff Trials' NUoS block row 12; trial tariff
Energex,2026-27,value_differs,metering_in_fixed,3900,Residential TOU Demand&Energy,Fixed charge,0.451,$/day,0.574,$/day,45.1,57.4,c/day,12.3,27.2727,NUoS,NUoS,AER,DNSP,sources/aer/AER_Consolidated_stakeholder_report_2026-27_26Aug2026.xlsx,https://www.aer.gov.au/system/files/2026-08/AER%20%E2%80%93%202026%E2%80%9327%20%E2%80%93%20Consolidated%20stakeholder%20report%20%E2%80%93%2026%20August%202026.xlsx,sources/dnsp/energex/Energex_Network_Price_List_2026-27_Sch8_wayback.xlsx,https://web.archive.org/web/20260714065003/https://www.energex.com.au/__data/assets/excel_doc/0010/1985968/Energex-2026-27-Network-Price-List-Updated-for-Sch-8.xlsx,Residential TOU Demand&Energy,Fixed Charge,distributor's NUoS fixed charge embeds the legacy metering charge (stated in its document); AER file lists metering separately,sheet 'SACS Residential' NUoS block row 9; NUoS includes Metering block charge 0.123 $/day (NUoS = DUoS+TUoS+JSA+Metering)
Energex,2026-27,value_differs,metering_in_fixed,6900,Residential ToU Energy,Fixed charge,0.651,$/day,0.774,$/day,65.1,77.4,c/day,12.3,18.894,NUoS,NUoS,AER,DNSP,sources/aer/AER_Consolidated_stakeholder_report_2026-27_26Aug2026.xlsx,https://www.aer.gov.au/system/files/2026-08/AER%20%E2%80%93%202026%E2%80%9327%20%E2%80%93%20Consolidated%20stakeholder%20report%20%E2%80%93%2026%20August%202026.xlsx,sources/dnsp/energex/Energex_Network_Price_List_2026-27_Sch8_wayback.xlsx,https://web.archive.org/web/20260714065003/https://www.energex.com.au/__data/assets/excel_doc/0010/1985968/Energex-2026-27-Network-Price-List-Updated-for-Sch-8.xlsx,Residential ToU Energy,Fixed Charge,distributor's NUoS fixed charge embeds the legacy metering charge (stated in its document); AER file lists metering separately,sheet 'SACS Residential' NUoS block row 8; NUoS includes Metering block charge 0.123 $/day (NUoS = DUoS+TUoS+JSA+Metering)
Energex,2026-27,value_differs,metering_in_fixed,3800,Small Business TOU Demand&Energy,Fixed charge,0.863,$/day,0.986,$/day,86.3,98.6,c/day,12.3,14.2526,NUoS,NUoS,AER,DNSP,sources/aer/AER_Consolidated_stakeholder_report_2026-27_26Aug2026.xlsx,https://www.aer.gov.au/system/files/2026-08/AER%20%E2%80%93%202026%E2%80%9327%20%E2%80%93%20Consolidated%20stakeholder%20report%20%E2%80%93%2026%20August%202026.xlsx,sources/dnsp/energex/Energex_Network_Price_List_2026-27_Sch8_wayback.xlsx,https://web.archive.org/web/20260714065003/https://www.energex.com.au/__data/assets/excel_doc/0010/1985968/Energex-2026-27-Network-Price-List-Updated-for-Sch-8.xlsx,Small Business TOU Demand&Energy,Fixed Charge,distributor's NUoS fixed charge embeds the legacy metering charge (stated in its document); AER file lists metering separately,sheet 'SACS Business' NUoS block row 9; NUoS includes Metering block charge 0.123 $/day (NUoS = DUoS+TUoS+JSA+Metering)
Energex,2026-27,value_differs,metering_in_fixed,5700,Small Business Primary Load Control,Fixed charge,0.863,$/day,0.986,$/day,86.3,98.6,c/day,12.3,14.2526,NUoS,NUoS,AER,DNSP,sources/aer/AER_Consolidated_stakeholder_report_2026-27_26Aug2026.xlsx,https://www.aer.gov.au/system/files/2026-08/AER%20%E2%80%93%202026%E2%80%9327%20%E2%80%93%20Consolidated%20stakeholder%20report%20%E2%80%93%2026%20August%202026.xlsx,sources/dnsp/energex/Energex_Network_Price_List_2026-27_Sch8_wayback.xlsx,https://web.archive.org/web/20260714065003/https://www.energex.com.au/__data/assets/excel_doc/0010/1985968/Energex-2026-27-Network-Price-List-Updated-for-Sch-8.xlsx,Small Business Primary Load Control,Fixed Charge,distributor's NUoS fixed charge embeds the legacy metering charge (stated in its document); AER file lists metering separately,sheet 'SACS Business' NUoS block row 12; NUoS includes Metering block charge 0.123 $/day (NUoS = DUoS+TUoS+JSA+Metering)
Energex,2026-27,value_differs,metering_in_fixed,8400,Residential Flat,Fixed charge,0.871,$/day,0.994,$/day,87.1,99.4,c/day,12.3,14.1217,NUoS,NUoS,AER,DNSP,sources/aer/AER_Consolidated_stakeholder_report_2026-27_26Aug2026.xlsx,https://www.aer.gov.au/system/files/2026-08/AER%20%E2%80%93%202026%E2%80%9327%20%E2%80%93%20Consolidated%20stakeholder%20report%20%E2%80%93%2026%20August%202026.xlsx,sources/dnsp/energex/Energex_Network_Price_List_2026-27_Sch8_wayback.xlsx,https://web.archive.org/web/20260714065003/https://www.energex.com.au/__data/assets/excel_doc/0010/1985968/Energex-2026-27-Network-Price-List-Updated-for-Sch-8.xlsx,Residential Flat,Fixed Charge,distributor's NUoS fixed charge embeds the legacy metering charge (stated in its document); AER file lists metering separately,sheet 'SACS Residential' NUoS block row 10; *Closed to new customers; NUoS includes Metering block charge 0.123 $/day (NUoS = DUoS+TUoS+JSA+Metering)
Energex,2026-27,value_differs,metering_in_fixed,6800,Small Business ToU Energy,Fixed charge,1.221,$/day,1.344,$/day,122.1,134.4,c/day,12.3,10.0737,NUoS,NUoS,AER,DNSP,sources/aer/AER_Consolidated_stakeholder_report_2026-27_26Aug2026.xlsx,https://www.aer.gov.au/system/files/2026-08/AER%20%E2%80%93%202026%E2%80%9327%20%E2%80%93%20Consolidated%20stakeholder%20report%20%E2%80%93%2026%20August%202026.xlsx,sources/dnsp/energex/Energex_Network_Price_List_2026-27_Sch8_wayback.xlsx,https://web.archive.org/web/20260714065003/https://www.energex.com.au/__data/assets/excel_doc/0010/1985968/Energex-2026-27-Network-Price-List-Updated-for-Sch-8.xlsx,Small Business ToU Energy,Fixed Charge,distributor's NUoS fixed charge embeds the legacy metering charge (stated in its document); AER file lists metering separately,sheet 'SACS Business' NUoS block row 8; NUoS includes Metering block charge 0.123 $/day (NUoS = DUoS+TUoS+JSA+Metering)
Energex,2026-27,value_differs,metering_in_fixed,8500,Small Business Flat,Fixed charge,1.224,$/day,1.347,$/day,122.4,134.7,c/day,12.3,10.049,NUoS,NUoS,AER,DNSP,sources/aer/AER_Consolidated_stakeholder_report_2026-27_26Aug2026.xlsx,https://www.aer.gov.au/system/files/2026-08/AER%20%E2%80%93%202026%E2%80%9327%20%E2%80%93%20Consolidated%20stakeholder%20report%20%E2%80%93%2026%20August%202026.xlsx,sources/dnsp/energex/Energex_Network_Price_List_2026-27_Sch8_wayback.xlsx,https://web.archive.org/web/20260714065003/https://www.energex.com.au/__data/assets/excel_doc/0010/1985968/Energex-2026-27-Network-Price-List-Updated-for-Sch-8.xlsx,Business Flat,Fixed Charge,distributor's NUoS fixed charge embeds the legacy metering charge (stated in its document); AER file lists metering separately,sheet 'SACS Business' NUoS block row 10; *Closed to new customers; NUoS includes Metering block charge 0.123 $/day (NUoS = DUoS+TUoS+JSA+Metering)
Energex,2026-27,value_differs,metering_in_fixed,94300,Large TOU Energy,Fixed charge,7.777,$/day,7.9,$/day,777.7,790.0,c/day,12.3,1.5816,NUoS,NUoS,AER,DNSP,sources/aer/AER_Consolidated_stakeholder_report_2026-27_26Aug2026.xlsx,https://www.aer.gov.au/system/files/2026-08/AER%20%E2%80%93%202026%E2%80%9327%20%E2%80%93%20Consolidated%20stakeholder%20report%20%E2%80%93%2026%20August%202026.xlsx,sources/dnsp/energex/Energex_Network_Price_List_2026-27_Sch8_wayback.xlsx,https://web.archive.org/web/20260714065003/https://www.energex.com.au/__data/assets/excel_doc/0010/1985968/Energex-2026-27-Network-Price-List-Updated-for-Sch-8.xlsx,Large TOU Energy,Fixed Charge,distributor's NUoS fixed charge embeds the legacy metering charge (stated in its document); AER file lists metering separately,sheet 'SAC Large' NUoS block row 11; NUoS includes Metering block charge 0.123 $/day (NUoS = DUoS+TUoS+JSA+Metering)
Energex,2026-27,value_differs,metering_in_fixed,94000,Large Dynamic Flex Storage,Fixed charge,8.382,$/day,8.505,$/day,838.2,850.5,c/day,12.3,1.4674,NUoS,NUoS,AER,DNSP,sources/aer/AER_Consolidated_stakeholder_report_2026-27_26Aug2026.xlsx,https://www.aer.gov.au/system/files/2026-08/AER%20%E2%80%93%202026%E2%80%9327%20%E2%80%93%20Consolidated%20stakeholder%20report%20%E2%80%93%2026%20August%202026.xlsx,sources/dnsp/energex/Energex_Network_Price_List_2026-27_Sch8_wayback.xlsx,https://web.archive.org/web/20260714065003/https://www.energex.com.au/__data/assets/excel_doc/0010/1985968/Energex-2026-27-Network-Price-List-Updated-for-Sch-8.xlsx,Large Dynamic Flex Storage,Fixed Charge,distributor's NUoS fixed charge embeds the legacy metering charge (stated in its document); AER file lists metering separately,sheet 'SAC Large' NUoS block row 13; NUoS includes Metering block charge 0.123 $/day (NUoS = DUoS+TUoS+JSA+Metering)
Energex,2026-27,value_differs,metering_in_fixed,6700,Large Business Energy,Fixed charge,8.759,$/day,8.882,$/day,875.9,888.2,c/day,12.3,1.4043,NUoS,NUoS,AER,DNSP,sources/aer/AER_Consolidated_stakeholder_report_2026-27_26Aug2026.xlsx,https://www.aer.gov.au/system/files/2026-08/AER%20%E2%80%93%202026%E2%80%9327%20%E2%80%93%20Consolidated%20stakeholder%20report%20%E2%80%93%2026%20August%202026.xlsx,sources/dnsp/energex/Energex_Network_Price_List_2026-27_Sch8_wayback.xlsx,https://web.archive.org/web/20260714065003/https://www.energex.com.au/__data/assets/excel_doc/0010/1985968/Energex-2026-27-Network-Price-List-Updated-for-Sch-8.xlsx,Large Business Energy,Fixed Charge,distributor's NUoS fixed charge embeds the legacy metering charge (stated in its document); AER file lists metering separately,sheet 'SAC Large' NUoS block row 10; NUoS includes Metering block charge 0.123 $/day (NUoS = DUoS+TUoS+JSA+Metering)
Energex,2026-27,value_differs,metering_in_fixed,5800,Large Business Primary Load Control,Fixed charge,9.134,$/day,9.257,$/day,913.4,925.7,c/day,12.3,1.3466,NUoS,NUoS,AER,DNSP,sources/aer/AER_Consolidated_stakeholder_report_2026-27_26Aug2026.xlsx,https://www.aer.gov.au/system/files/2026-08/AER%20%E2%80%93%202026%E2%80%9327%20%E2%80%93%20Consolidated%20stakeholder%20report%20%E2%80%93%2026%20August%202026.xlsx,sources/dnsp/energex/Energex_Network_Price_List_2026-27_Sch8_wayback.xlsx,https://web.archive.org/web/20260714065003/https://www.energex.com.au/__data/assets/excel_doc/0010/1985968/Energex-2026-27-Network-Price-List-Updated-for-Sch-8.xlsx,Large Business Primary Load Control,Fixed Charge,distributor's NUoS fixed charge embeds the legacy metering charge (stated in its document); AER file lists metering separately,sheet 'SAC Large' NUoS block row 15; NUoS includes Metering block charge 0.123 $/day (NUoS = DUoS+TUoS+JSA+Metering)
Energex,2026-27,value_differs,metering_in_fixed,7200,Large TOU Demand&Energy,Fixed charge,9.134,$/day,9.257,$/day,913.4,925.7,c/day,12.3,1.3466,NUoS,NUoS,AER,DNSP,sources/aer/AER_Consolidated_stakeholder_report_2026-27_26Aug2026.xlsx,https://www.aer.gov.au/system/files/2026-08/AER%20%E2%80%93%202026%E2%80%9327%20%E2%80%93%20Consolidated%20stakeholder%20report%20%E2%80%93%2026%20August%202026.xlsx,sources/dnsp/energex/Energex_Network_Price_List_2026-27_Sch8_wayback.xlsx,https://web.archive.org/web/20260714065003/https://www.energex.com.au/__data/assets/excel_doc/0010/1985968/Energex-2026-27-Network-Price-List-Updated-for-Sch-8.xlsx,Large TOU Demand&Energy,Fixed Charge,distributor's NUoS fixed charge embeds the legacy metering charge (stated in its document); AER file lists metering separately,sheet 'SAC Large' NUoS block row 8; NUoS includes Metering block charge 0.123 $/day (NUoS = DUoS+TUoS+JSA+Metering)
Energex,2026-27,value_differs,metering_in_fixed,8300,Demand Small,Fixed charge,10.317,$/day,10.44,$/day,1031.7,1044.0,c/day,12.3,1.1922,NUoS,NUoS,AER,DNSP,sources/aer/AER_Consolidated_stakeholder_report_2026-27_26Aug2026.xlsx,https://www.aer.gov.au/system/files/2026-08/AER%20%E2%80%93%202026%E2%80%9327%20%E2%80%93%20Consolidated%20stakeholder%20report%20%E2%80%93%2026%20August%202026.xlsx,sources/dnsp/energex/Energex_Network_Price_List_2026-27_Sch8_wayback.xlsx,https://web.archive.org/web/20260714065003/https://www.energex.com.au/__data/assets/excel_doc/0010/1985968/Energex-2026-27-Network-Price-List-Updated-for-Sch-8.xlsx,Demand Small,Fixed Charge,distributor's NUoS fixed charge embeds the legacy metering charge (stated in its document); AER file lists metering separately,sheet 'SAC Large' NUoS block row 9; NUoS includes Metering block charge 0.123 $/day (NUoS = DUoS+TUoS+JSA+Metering)
Energex,2026-27,aer_only_code,aer_zero_placeholder,1000,ICC,0 priced component(s),,,,,,,,,,NUoS,NUoS,AER,DNSP,sources/aer/AER_Consolidated_stakeholder_report_2026-27_26Aug2026.xlsx,https://www.aer.gov.au/system/files/2026-08/AER%20%E2%80%93%202026%E2%80%9327%20%E2%80%93%20Consolidated%20stakeholder%20report%20%E2%80%93%2026%20August%202026.xlsx,sources/dnsp/energex/Energex_Network_Price_List_2026-27_Sch8_wayback.xlsx,,,,AER-side file lists this tariff with no prices (placeholder / TBA code),zero-priced row
Energex,2026-27,aer_only_code,aer_zero_placeholder,CSAC,Historic CAC,0 priced component(s),,,,,,,,,,NUoS,NUoS,AER,DNSP,sources/aer/AER_Consolidated_stakeholder_report_2026-27_26Aug2026.xlsx,https://www.aer.gov.au/system/files/2026-08/AER%20%E2%80%93%202026%E2%80%9327%20%E2%80%93%20Consolidated%20stakeholder%20report%20%E2%80%93%2026%20August%202026.xlsx,sources/dnsp/energex/Energex_Network_Price_List_2026-27_Sch8_wayback.xlsx,,,,AER-side file lists this tariff with no prices (placeholder / TBA code),zero-priced row
Energex,2026-27,aer_only_code,aer_zero_placeholder,HSAC,Historic SAC,0 priced component(s),,,,,,,,,,NUoS,NUoS,AER,DNSP,sources/aer/AER_Consolidated_stakeholder_report_2026-27_26Aug2026.xlsx,https://www.aer.gov.au/system/files/2026-08/AER%20%E2%80%93%202026%E2%80%9327%20%E2%80%93%20Consolidated%20stakeholder%20report%20%E2%80%93%2026%20August%202026.xlsx,sources/dnsp/energex/Energex_Network_Price_List_2026-27_Sch8_wayback.xlsx,,,,AER-side file lists this tariff with no prices (placeholder / TBA code),zero-priced row
Energex,2026-27,aer_only_code,aer_zero_placeholder,TBA10,Small Business Flexible Load,0 priced component(s),,,,,,,,,,NUoS,NUoS,AER,DNSP,sources/aer/AER_Consolidated_stakeholder_report_2026-27_26Aug2026.xlsx,https://www.aer.gov.au/system/files/2026-08/AER%20%E2%80%93%202026%E2%80%9327%20%E2%80%93%20Consolidated%20stakeholder%20report%20%E2%80%93%2026%20August%202026.xlsx,sources/dnsp/energex/Energex_Network_Price_List_2026-27_Sch8_wayback.xlsx,,,,AER-side file lists this tariff with no prices (placeholder / TBA code),zero-priced row
Energex,2026-27,aer_only_code,aer_zero_placeholder,TBA11,Residential Demand,0 priced component(s),,,,,,,,,,NUoS,NUoS,AER,DNSP,sources/aer/AER_Consolidated_stakeholder_report_2026-27_26Aug2026.xlsx,https://www.aer.gov.au/system/files/2026-08/AER%20%E2%80%93%202026%E2%80%9327%20%E2%80%93%20Consolidated%20stakeholder%20report%20%E2%80%93%2026%20August%202026.xlsx,sources/dnsp/energex/Energex_Network_Price_List_2026-27_Sch8_wayback.xlsx,,,,AER-side file lists this tariff with no prices (placeholder / TBA code),zero-priced row
Energex,2026-27,aer_only_code,aer_zero_placeholder,TBA13,Residential Flexible Load,0 priced component(s),,,,,,,,,,NUoS,NUoS,AER,DNSP,sources/aer/AER_Consolidated_stakeholder_report_2026-27_26Aug2026.xlsx,https://www.aer.gov.au/system/files/2026-08/AER%20%E2%80%93%202026%E2%80%9327%20%E2%80%93%20Consolidated%20stakeholder%20report%20%E2%80%93%2026%20August%202026.xlsx,sources/dnsp/energex/Energex_Network_Price_List_2026-27_Sch8_wayback.xlsx,,,,AER-side file lists this tariff with no prices (placeholder / TBA code),zero-priced row
Energex,2026-27,aer_only_code,aer_zero_placeholder,TBA8,Small Business Demand,0 priced component(s),,,,,,,,,,NUoS,NUoS,AER,DNSP,sources/aer/AER_Consolidated_stakeholder_report_2026-27_26Aug2026.xlsx,https://www.aer.gov.au/system/files/2026-08/AER%20%E2%80%93%202026%E2%80%9327%20%E2%80%93%20Consolidated%20stakeholder%20report%20%E2%80%93%2026%20August%202026.xlsx,sources/dnsp/energex/Energex_Network_Price_List_2026-27_Sch8_wayback.xlsx,,,,AER-side file lists this tariff with no prices (placeholder / TBA code),zero-priced row
Energex,2026-27,dnsp_only_code,trial_tariff,92500,Dynamic Business HV Tariff Trial,7 component(s),,,,,,,,,,NUoS,NUoS,AER,DNSP,sources/aer/AER_Consolidated_stakeholder_report_2026-27_26Aug2026.xlsx,,sources/dnsp/energex/Energex_Network_Price_List_2026-27_Sch8_wayback.xlsx,https://web.archive.org/web/20260714065003/https://www.energex.com.au/__data/assets/excel_doc/0010/1985968/Energex-2026-27-Network-Price-List-Updated-for-Sch-8.xlsx,Dynamic Business HV Tariff Trial,,trial tariff published by distributor; AER-side file has no priced counterpart,sheet 'Tariff Trials' NUoS block row 11; trial tariff
Energex,2026-27,dnsp_only_code,trial_tariff,94500,Dynamic Business LV Tariff Trial,6 component(s),,,,,,,,,,NUoS,NUoS,AER,DNSP,sources/aer/AER_Consolidated_stakeholder_report_2026-27_26Aug2026.xlsx,,sources/dnsp/energex/Energex_Network_Price_List_2026-27_Sch8_wayback.xlsx,https://web.archive.org/web/20260714065003/https://www.energex.com.au/__data/assets/excel_doc/0010/1985968/Energex-2026-27-Network-Price-List-Updated-for-Sch-8.xlsx,Dynamic Business LV Tariff Trial,,trial tariff published by distributor; AER-side file has no priced counterpart,sheet 'Tariff Trials' NUoS block row 9; trial tariff
Energex,2026-27,dnsp_only_code,trial_tariff,96200,Residential Two-Way Tariff Trial,6 component(s),,,,,,,,,,NUoS,NUoS,AER,DNSP,sources/aer/AER_Consolidated_stakeholder_report_2026-27_26Aug2026.xlsx,,sources/dnsp/energex/Energex_Network_Price_List_2026-27_Sch8_wayback.xlsx,https://web.archive.org/web/20260714065003/https://www.energex.com.au/__data/assets/excel_doc/0010/1985968/Energex-2026-27-Network-Price-List-Updated-for-Sch-8.xlsx,Residential Two-Way Tariff Trial,,trial tariff published by distributor; AER-side file has no priced counterpart,sheet 'Tariff Trials' NUoS block row 8; trial tariff
Ergon Energy,2024-25,aer_only_code,aer_zero_placeholder,ICC,ICC,0 priced component(s),,,,,,,,,,NUoS,NUoS,AER,DNSP,sources/aer/2024-25_stakeholder_reports/AER_Stakeholder_report_Ergon_2024-25.xlsx,https://www.aer.gov.au/system/files/2024-05/AER%20-%20Stakeholder%20report%20-%20Ergon%20Energy%20-%202024%E2%80%9325%20Annual%20Pricing%20Proposal.xlsx,sources/dnsp/ergon/Ergon_Network_Price_List_2024-25_Sch8_wayback.xlsx,,,,AER-side file lists this tariff with no prices (placeholder / TBA code),zero-priced row
Ergon Energy,2024-25,dnsp_only_code,trial_tariff,ECFLEXT1,CAC Dynamic Flex Storage,5 component(s),,,,,,,,,,NUoS,NUoS,AER,DNSP,sources/aer/2024-25_stakeholder_reports/AER_Stakeholder_report_Ergon_2024-25.xlsx,,sources/dnsp/ergon/Ergon_Network_Price_List_2024-25_Sch8_wayback.xlsx,https://web.archive.org/web/20241103164817/https://www.ergon.com.au/__data/assets/excel_doc/0018/1314414/Ergon-2024-25-Network-Price-List-Updated-for-Sch-8.xlsx,CAC Dynamic Flex Storage,,trial tariff published by distributor; AER-side file has no priced counterpart,sheet 'Tariff Trials' NUoS block row 9; zone: East; trial tariff
Ergon Energy,2024-25,dnsp_only_code,trial_tariff,ECPRCET1,CAC Dynamic Price Storage,7 component(s),,,,,,,,,,NUoS,NUoS,AER,DNSP,sources/aer/2024-25_stakeholder_reports/AER_Stakeholder_report_Ergon_2024-25.xlsx,,sources/dnsp/ergon/Ergon_Network_Price_List_2024-25_Sch8_wayback.xlsx,https://web.archive.org/web/20241103164817/https://www.ergon.com.au/__data/assets/excel_doc/0018/1314414/Ergon-2024-25-Network-Price-List-Updated-for-Sch-8.xlsx,CAC Dynamic Price Storage,,trial tariff published by distributor; AER-side file has no priced counterpart,sheet 'Tariff Trials' NUoS block row 10; zone: East; trial tariff
Ergon Energy,2024-25,dnsp_only_code,trial_tariff,ELFLEXT1,Large Dynamic Flex Storage,5 component(s),,,,,,,,,,NUoS,NUoS,AER,DNSP,sources/aer/2024-25_stakeholder_reports/AER_Stakeholder_report_Ergon_2024-25.xlsx,,sources/dnsp/ergon/Ergon_Network_Price_List_2024-25_Sch8_wayback.xlsx,https://web.archive.org/web/20241103164817/https://www.ergon.com.au/__data/assets/excel_doc/0018/1314414/Ergon-2024-25-Network-Price-List-Updated-for-Sch-8.xlsx,Large Dynamic Flex Storage,,trial tariff published by distributor; AER-side file has no priced counterpart,sheet 'Tariff Trials' NUoS block row 7; zone: East; trial tariff
Ergon Energy,2024-25,dnsp_only_component,,ELTOUDT1,East SAC>100MWhpa TOUD,Excess Demand Charge,,,1.739,$/kVA/month,,173.9,c/kVA/month,,,NUoS,NUoS,AER,DNSP,sources/aer/2024-25_stakeholder_reports/AER_Stakeholder_report_Ergon_2024-25.xlsx,,sources/dnsp/ergon/Ergon_Network_Price_List_2024-25_Sch8_wayback.xlsx,https://web.archive.org/web/20241103164817/https://www.ergon.com.au/__data/assets/excel_doc/0018/1314414/Ergon-2024-25-Network-Price-List-Updated-for-Sch-8.xlsx,ToU Demand,Excess Demand Charge,code differs (ELTOUD vs ELTOUDT1); matched by code alias,sheet 'SAC Large' NUoS block row 7; zone: East
Ergon Energy,2024-25,dnsp_only_component,,ELTOUDT2,East SAC>100MWhpa TOUD,Excess Demand Charge,,,1.884,$/kVA/month,,188.4,c/kVA/month,,,NUoS,NUoS,AER,DNSP,sources/aer/2024-25_stakeholder_reports/AER_Stakeholder_report_Ergon_2024-25.xlsx,,sources/dnsp/ergon/Ergon_Network_Price_List_2024-25_Sch8_wayback.xlsx,https://web.archive.org/web/20241103164817/https://www.ergon.com.au/__data/assets/excel_doc/0018/1314414/Ergon-2024-25-Network-Price-List-Updated-for-Sch-8.xlsx,ToU Demand,Excess Demand Charge,code differs (ELTOUD vs ELTOUDT2); matched by code alias,sheet 'SAC Large' NUoS block row 8; zone: East
Ergon Energy,2024-25,dnsp_only_component,,ELTOUDT3,East SAC>100MWhpa TOUD,Excess Demand Charge,,,2.139,$/kVA/month,,213.9,c/kVA/month,,,NUoS,NUoS,AER,DNSP,sources/aer/2024-25_stakeholder_reports/AER_Stakeholder_report_Ergon_2024-25.xlsx,,sources/dnsp/ergon/Ergon_Network_Price_List_2024-25_Sch8_wayback.xlsx,https://web.archive.org/web/20241103164817/https://www.ergon.com.au/__data/assets/excel_doc/0018/1314414/Ergon-2024-25-Network-Price-List-Updated-for-Sch-8.xlsx,ToU Demand,Excess Demand Charge,code differs (ELTOUD vs ELTOUDT3); matched by code alias,sheet 'SAC Large' NUoS block row 9; zone: East
Ergon Energy,2024-25,dnsp_only_component,,MLTOUDT4,MtIsa SAC>100MWhpa TOUD,Excess Demand Charge,,,1.18,$/kVA/month,,118.0,c/kVA/month,,,NUoS,NUoS,AER,DNSP,sources/aer/2024-25_stakeholder_reports/AER_Stakeholder_report_Ergon_2024-25.xlsx,,sources/dnsp/ergon/Ergon_Network_Price_List_2024-25_Sch8_wayback.xlsx,https://web.archive.org/web/20241103164817/https://www.ergon.com.au/__data/assets/excel_doc/0018/1314414/Ergon-2024-25-Network-Price-List-Updated-for-Sch-8.xlsx,ToU Demand,Excess Demand Charge,code differs (MLTOUD vs MLTOUDT4); matched by code alias,sheet 'SAC Large' NUoS block row 13; zone: Mt Isa
Ergon Energy,2024-25,dnsp_only_component,,WLTOUDT1,West SAC>100MWhpa TOUD,Excess Demand Charge,,,4.765,$/kVA/month,,476.5,c/kVA/month,,,NUoS,NUoS,AER,DNSP,sources/aer/2024-25_stakeholder_reports/AER_Stakeholder_report_Ergon_2024-25.xlsx,,sources/dnsp/ergon/Ergon_Network_Price_List_2024-25_Sch8_wayback.xlsx,https://web.archive.org/web/20241103164817/https://www.ergon.com.au/__data/assets/excel_doc/0018/1314414/Ergon-2024-25-Network-Price-List-Updated-for-Sch-8.xlsx,ToU Demand,Excess Demand Charge,code differs (WLTOUD vs WLTOUDT1); matched by code alias,sheet 'SAC Large' NUoS block row 10; zone: West
Ergon Energy,2024-25,dnsp_only_component,,WLTOUDT2,West SAC>100MWhpa TOUD,Excess Demand Charge,,,4.91,$/kVA/month,,491.0,c/kVA/month,,,NUoS,NUoS,AER,DNSP,sources/aer/2024-25_stakeholder_reports/AER_Stakeholder_report_Ergon_2024-25.xlsx,,sources/dnsp/ergon/Ergon_Network_Price_List_2024-25_Sch8_wayback.xlsx,https://web.archive.org/web/20241103164817/https://www.ergon.com.au/__data/assets/excel_doc/0018/1314414/Ergon-2024-25-Network-Price-List-Updated-for-Sch-8.xlsx,ToU Demand,Excess Demand Charge,code differs (WLTOUD vs WLTOUDT2); matched by code alias,sheet 'SAC Large' NUoS block row 11; zone: West
Ergon Energy,2024-25,dnsp_only_component,,WLTOUDT3,West SAC>100MWhpa TOUD,Excess Demand Charge,,,5.165,$/kVA/month,,516.5,c/kVA/month,,,NUoS,NUoS,AER,DNSP,sources/aer/2024-25_stakeholder_reports/AER_Stakeholder_report_Ergon_2024-25.xlsx,,sources/dnsp/ergon/Ergon_Network_Price_List_2024-25_Sch8_wayback.xlsx,https://web.archive.org/web/20241103164817/https://www.ergon.com.au/__data/assets/excel_doc/0018/1314414/Ergon-2024-25-Network-Price-List-Updated-for-Sch-8.xlsx,ToU Demand,Excess Demand Charge,code differs (WLTOUD vs WLTOUDT3); matched by code alias,sheet 'SAC Large' NUoS block row 12; zone: West
Ergon Energy,2025-26,value_differs,metering_in_fixed,MRTDEMT4,MtIsa Residential TOU Demand&Energy,Fixed,1.443,$dollars/day,1.558,$/day,144.3,155.8,c/day,11.5,7.9695,NUoS,NUoS,AER,DNSP,sources/aer/AER_Consolidated_stakeholder_report_2025-26_v5.xlsx,https://www.aer.gov.au/system/files/2025-05/AER%20-%20Consolidated%20stakeholder%20report%202025%E2%80%9326%20v5%C2%A0.xlsx,sources/dnsp/ergon/Ergon_Network_Price_List_2025-26_Sch8_wayback.xlsx,https://web.archive.org/web/20251115144400/https://www.ergon.com.au/__data/assets/excel_doc/0006/1631166/Ergon-Energy-2025-26-Network-Price-List-updated-for-Sch-8.xlsx,Residential ToU Demand&Energy,Fixed Charge,distributor's NUoS fixed charge embeds the legacy metering charge (stated in its document); AER file lists metering separately,aer_id=TD-ERG26res-TOUDmdM; sheet 'SACS Residential' NUoS block row 13; zone: Mt Isa; NUoS includes Metering block charge 0.115 $/day (NUoS = DUoS+TUoS+JSA+Metering)
Ergon Energy,2025-26,value_differs,metering_in_fixed,ERTDEMT1,East Residential TOU Demand&Energy,Fixed,1.553,$dollars/day,1.668,$/day,155.3,166.8,c/day,11.5,7.405,NUoS,NUoS,AER,DNSP,sources/aer/AER_Consolidated_stakeholder_report_2025-26_v5.xlsx,https://www.aer.gov.au/system/files/2025-05/AER%20-%20Consolidated%20stakeholder%20report%202025%E2%80%9326%20v5%C2%A0.xlsx,sources/dnsp/ergon/Ergon_Network_Price_List_2025-26_Sch8_wayback.xlsx,https://web.archive.org/web/20251115144400/https://www.ergon.com.au/__data/assets/excel_doc/0006/1631166/Ergon-Energy-2025-26-Network-Price-List-updated-for-Sch-8.xlsx,Residential ToU Demand&Energy,Fixed Charge,distributor's NUoS fixed charge embeds the legacy metering charge (stated in its document); AER file lists metering separately,aer_id=TD-ERG26res-TOUDmd; sheet 'SACS Residential' NUoS block row 11; zone: East; NUoS includes Metering block charge 0.115 $/day (NUoS = DUoS+TUoS+JSA+Metering)
Ergon Energy,2025-26,value_differs,metering_in_fixed,MRTOUET4,MtIsa Residential TOU Energy,Fixed,1.583,$dollars/day,1.698,$/day,158.3,169.8,c/day,11.5,7.2647,NUoS,NUoS,AER,DNSP,sources/aer/AER_Consolidated_stakeholder_report_2025-26_v5.xlsx,https://www.aer.gov.au/system/files/2025-05/AER%20-%20Consolidated%20stakeholder%20report%202025%E2%80%9326%20v5%C2%A0.xlsx,sources/dnsp/ergon/Ergon_Network_Price_List_2025-26_Sch8_wayback.xlsx,https://web.archive.org/web/20251115144400/https://www.ergon.com.au/__data/assets/excel_doc/0006/1631166/Ergon-Energy-2025-26-Network-Price-List-updated-for-Sch-8.xlsx,Residential ToU Energy,Fixed Charge,distributor's NUoS fixed charge embeds the legacy metering charge (stated in its document); AER file lists metering separately,aer_id=TD-ERG26res-TOUM; sheet 'SACS Residential' NUoS block row 10; zone: Mt Isa; NUoS includes Metering block charge 0.115 $/day (NUoS = DUoS+TUoS+JSA+Metering)
Ergon Energy,2025-26,value_differs,metering_in_fixed,ERTOUET1,East Residential TOU Energy,Fixed,1.693,$dollars/day,1.808,$/day,169.3,180.8,c/day,11.5,6.7927,NUoS,NUoS,AER,DNSP,sources/aer/AER_Consolidated_stakeholder_report_2025-26_v5.xlsx,https://www.aer.gov.au/system/files/2025-05/AER%20-%20Consolidated%20stakeholder%20report%202025%E2%80%9326%20v5%C2%A0.xlsx,sources/dnsp/ergon/Ergon_Network_Price_List_2025-26_Sch8_wayback.xlsx,https://web.archive.org/web/20251115144400/https://www.ergon.com.au/__data/assets/excel_doc/0006/1631166/Ergon-Energy-2025-26-Network-Price-List-updated-for-Sch-8.xlsx,Residential ToU Energy,Fixed Charge,distributor's NUoS fixed charge embeds the legacy metering charge (stated in its document); AER file lists metering separately,aer_id=TD-ERG26res-TOU; sheet 'SACS Residential' NUoS block row 8; zone: East; NUoS includes Metering block charge 0.115 $/day (NUoS = DUoS+TUoS+JSA+Metering)
Ergon Energy,2025-26,value_differs,metering_in_fixed,MRIBT4,MtIsa Residential Flat,Fixed,1.901,$dollars/day,2.016,$/day,190.1,201.6,c/day,11.5,6.0494,NUoS,NUoS,AER,DNSP,sources/aer/AER_Consolidated_stakeholder_report_2025-26_v5.xlsx,https://www.aer.gov.au/system/files/2025-05/AER%20-%20Consolidated%20stakeholder%20report%202025%E2%80%9326%20v5%C2%A0.xlsx,sources/dnsp/ergon/Ergon_Network_Price_List_2025-26_Sch8_wayback.xlsx,https://web.archive.org/web/20251115144400/https://www.ergon.com.au/__data/assets/excel_doc/0006/1631166/Ergon-Energy-2025-26-Network-Price-List-updated-for-Sch-8.xlsx,Residential Flat,Fixed Charge,distributor's NUoS fixed charge embeds the legacy metering charge (stated in its document); AER file lists metering separately,aer_id=TD-ERG26res-FltM; sheet 'SACS Residential' NUoS block row 16; zone: Mt Isa; *Grandfathered; NUoS includes Metering block charge 0.115 $/day (NUoS = DUoS+TUoS+JSA+Metering)
Ergon Energy,2025-26,value_differs,metering_in_fixed,ERIBT1,East Residential Flat,Fixed,2.011,$dollars/day,2.126,$/day,201.1,212.6,c/day,11.5,5.7185,NUoS,NUoS,AER,DNSP,sources/aer/AER_Consolidated_stakeholder_report_2025-26_v5.xlsx,https://www.aer.gov.au/system/files/2025-05/AER%20-%20Consolidated%20stakeholder%20report%202025%E2%80%9326%20v5%C2%A0.xlsx,sources/dnsp/ergon/Ergon_Network_Price_List_2025-26_Sch8_wayback.xlsx,https://web.archive.org/web/20251115144400/https://www.ergon.com.au/__data/assets/excel_doc/0006/1631166/Ergon-Energy-2025-26-Network-Price-List-updated-for-Sch-8.xlsx,Residential Flat,Fixed Charge,distributor's NUoS fixed charge embeds the legacy metering charge (stated in its document); AER file lists metering separately,aer_id=TD-ERG26res-Flt; sheet 'SACS Residential' NUoS block row 14; zone: East; *Grandfathered; NUoS includes Metering block charge 0.115 $/day (NUoS = DUoS+TUoS+JSA+Metering)
Ergon Energy,2025-26,value_differs,metering_in_fixed,MBTDEMT4,MtIsa Small Business TOU Demand&Energy,Fixed,2.464,$dollars/day,2.579,$/day,246.4,257.9,c/day,11.5,4.6672,NUoS,NUoS,AER,DNSP,sources/aer/AER_Consolidated_stakeholder_report_2025-26_v5.xlsx,https://www.aer.gov.au/system/files/2025-05/AER%20-%20Consolidated%20stakeholder%20report%202025%E2%80%9326%20v5%C2%A0.xlsx,sources/dnsp/ergon/Ergon_Network_Price_List_2025-26_Sch8_wayback.xlsx,https://web.archive.org/web/20251115144400/https://www.ergon.com.au/__data/assets/excel_doc/0006/1631166/Ergon-Energy-2025-26-Network-Price-List-updated-for-Sch-8.xlsx,Small Business ToU Demand&Energy,Fixed Charge,distributor's NUoS fixed charge embeds the legacy metering charge (stated in its document); AER file lists metering separately,aer_id=TD-ERG26smb-TOUDmdM; sheet 'SACS Business' NUoS block row 13; zone: Mt Isa; NUoS includes Metering block charge 0.115 $/day (NUoS = DUoS+TUoS+JSA+Metering)
Ergon Energy,2025-26,value_differs,metering_in_fixed,MBPLCT4,Mt Isa Small Business Primary Load Control,Fixed,2.469,$dollars/day,2.584,$/day,246.9,258.4,c/day,11.5,4.6578,NUoS,NUoS,AER,DNSP,sources/aer/AER_Consolidated_stakeholder_report_2025-26_v5.xlsx,https://www.aer.gov.au/system/files/2025-05/AER%20-%20Consolidated%20stakeholder%20report%202025%E2%80%9326%20v5%C2%A0.xlsx,sources/dnsp/ergon/Ergon_Network_Price_List_2025-26_Sch8_wayback.xlsx,https://web.archive.org/web/20251115144400/https://www.ergon.com.au/__data/assets/excel_doc/0006/1631166/Ergon-Energy-2025-26-Network-Price-List-updated-for-Sch-8.xlsx,Small Business Primary Load Control,Fixed Charge,distributor's NUoS fixed charge embeds the legacy metering charge (stated in its document); AER file lists metering separately,aer_id=TD-ERG26smb-PriLCM; sheet 'SACS Business' NUoS block row 23; zone: Mt Isa; NUoS includes Metering block charge 0.115 $/day (NUoS = DUoS+TUoS+JSA+Metering)
Ergon Energy,2025-26,value_differs,metering_in_fixed,EBPLCT1,East Small Business Primary Load Control,Fixed,2.652,$dollars/day,2.767,$/day,265.2,276.7,c/day,11.5,4.3363,NUoS,NUoS,AER,DNSP,sources/aer/AER_Consolidated_stakeholder_report_2025-26_v5.xlsx,https://www.aer.gov.au/system/files/2025-05/AER%20-%20Consolidated%20stakeholder%20report%202025%E2%80%9326%20v5%C2%A0.xlsx,sources/dnsp/ergon/Ergon_Network_Price_List_2025-26_Sch8_wayback.xlsx,https://web.archive.org/web/20251115144400/https://www.ergon.com.au/__data/assets/excel_doc/0006/1631166/Ergon-Energy-2025-26-Network-Price-List-updated-for-Sch-8.xlsx,Small Business Primary Load Control,Fixed Charge,distributor's NUoS fixed charge embeds the legacy metering charge (stated in its document); AER file lists metering separately,aer_id=TD-ERG26smb-PriLC; sheet 'SACS Business' NUoS block row 21; zone: East; NUoS includes Metering block charge 0.115 $/day (NUoS = DUoS+TUoS+JSA+Metering)
Ergon Energy,2025-26,value_differs,metering_in_fixed,EBTDEMT1,East Small Business TOU Demand&Energy,Fixed,2.652,$dollars/day,2.767,$/day,265.2,276.7,c/day,11.5,4.3363,NUoS,NUoS,AER,DNSP,sources/aer/AER_Consolidated_stakeholder_report_2025-26_v5.xlsx,https://www.aer.gov.au/system/files/2025-05/AER%20-%20Consolidated%20stakeholder%20report%202025%E2%80%9326%20v5%C2%A0.xlsx,sources/dnsp/ergon/Ergon_Network_Price_List_2025-26_Sch8_wayback.xlsx,https://web.archive.org/web/20251115144400/https://www.ergon.com.au/__data/assets/excel_doc/0006/1631166/Ergon-Energy-2025-26-Network-Price-List-updated-for-Sch-8.xlsx,Small Business ToU Demand&Energy,Fixed Charge,distributor's NUoS fixed charge embeds the legacy metering charge (stated in its document); AER file lists metering separately,aer_id=TD-ERG26smb-TOUDmd; sheet 'SACS Business' NUoS block row 11; zone: East; NUoS includes Metering block charge 0.115 $/day (NUoS = DUoS+TUoS+JSA+Metering)
Ergon Energy,2025-26,value_differs,metering_in_fixed,MBTOUET4,MtIsa Small Business ToU Energy,Fixed,3.034,$dollars/day,3.149,$/day,303.4,314.9,c/day,11.5,3.7904,NUoS,NUoS,AER,DNSP,sources/aer/AER_Consolidated_stakeholder_report_2025-26_v5.xlsx,https://www.aer.gov.au/system/files/2025-05/AER%20-%20Consolidated%20stakeholder%20report%202025%E2%80%9326%20v5%C2%A0.xlsx,sources/dnsp/ergon/Ergon_Network_Price_List_2025-26_Sch8_wayback.xlsx,https://web.archive.org/web/20251115144400/https://www.ergon.com.au/__data/assets/excel_doc/0006/1631166/Ergon-Energy-2025-26-Network-Price-List-updated-for-Sch-8.xlsx,Small Business ToU Energy,Fixed Charge,distributor's NUoS fixed charge embeds the legacy metering charge (stated in its document); AER file lists metering separately,aer_id=TD-ERG26smb-TOUM; sheet 'SACS Business' NUoS block row 10; zone: Mt Isa; NUoS includes Metering block charge 0.115 $/day (NUoS = DUoS+TUoS+JSA+Metering)
Ergon Energy,2025-26,value_differs,metering_in_fixed,EBTOUET1,East Small Business ToU Energy,Fixed,3.222,$dollars/day,3.337,$/day,322.2,333.7,c/day,11.5,3.5692,NUoS,NUoS,AER,DNSP,sources/aer/AER_Consolidated_stakeholder_report_2025-26_v5.xlsx,https://www.aer.gov.au/system/files/2025-05/AER%20-%20Consolidated%20stakeholder%20report%202025%E2%80%9326%20v5%C2%A0.xlsx,sources/dnsp/ergon/Ergon_Network_Price_List_2025-26_Sch8_wayback.xlsx,https://web.archive.org/web/20251115144400/https://www.ergon.com.au/__data/assets/excel_doc/0006/1631166/Ergon-Energy-2025-26-Network-Price-List-updated-for-Sch-8.xlsx,Small Business ToU Energy,Fixed Charge,distributor's NUoS fixed charge embeds the legacy metering charge (stated in its document); AER file lists metering separately,aer_id=TD-ERG26smb-TOU; sheet 'SACS Business' NUoS block row 8; zone: East; NUoS includes Metering block charge 0.115 $/day (NUoS = DUoS+TUoS+JSA+Metering)
Ergon Energy,2025-26,value_differs,metering_in_fixed,MBIBT4,MtIsa Business Flat,Fixed,3.229,$dollars/day,3.344,$/day,322.9,334.4,c/day,11.5,3.5615,NUoS,NUoS,AER,DNSP,sources/aer/AER_Consolidated_stakeholder_report_2025-26_v5.xlsx,https://www.aer.gov.au/system/files/2025-05/AER%20-%20Consolidated%20stakeholder%20report%202025%E2%80%9326%20v5%C2%A0.xlsx,sources/dnsp/ergon/Ergon_Network_Price_List_2025-26_Sch8_wayback.xlsx,https://web.archive.org/web/20251115144400/https://www.ergon.com.au/__data/assets/excel_doc/0006/1631166/Ergon-Energy-2025-26-Network-Price-List-updated-for-Sch-8.xlsx,Business Flat,Fixed Charge,distributor's NUoS fixed charge embeds the legacy metering charge (stated in its document); AER file lists metering separately,aer_id=TD-ERG26smb-FltM; sheet 'SACS Business' NUoS block row 16; zone: Mt Isa; *Grandfathered; NUoS includes Metering block charge 0.115 $/day (NUoS = DUoS+TUoS+JSA+Metering)
Ergon Energy,2025-26,value_differs,metering_in_fixed,EBIBT1,East Business Flat,Fixed,3.417,$dollars/day,3.532,$/day,341.7,353.2,c/day,11.5,3.3655,NUoS,NUoS,AER,DNSP,sources/aer/AER_Consolidated_stakeholder_report_2025-26_v5.xlsx,https://www.aer.gov.au/system/files/2025-05/AER%20-%20Consolidated%20stakeholder%20report%202025%E2%80%9326%20v5%C2%A0.xlsx,sources/dnsp/ergon/Ergon_Network_Price_List_2025-26_Sch8_wayback.xlsx,https://web.archive.org/web/20251115144400/https://www.ergon.com.au/__data/assets/excel_doc/0006/1631166/Ergon-Energy-2025-26-Network-Price-List-updated-for-Sch-8.xlsx,Business Flat,Fixed Charge,distributor's NUoS fixed charge embeds the legacy metering charge (stated in its document); AER file lists metering separately,aer_id=TD-ERG26smb-Flt; sheet 'SACS Business' NUoS block row 14; zone: East; *Grandfathered; NUoS includes Metering block charge 0.115 $/day (NUoS = DUoS+TUoS+JSA+Metering)
Ergon Energy,2025-26,value_differs,metering_in_fixed,WRTDEMT1,West Residential TOU Demand&Energy,Fixed,6.409,$dollars/day,6.524,$/day,640.9,652.4,c/day,11.5,1.7944,NUoS,NUoS,AER,DNSP,sources/aer/AER_Consolidated_stakeholder_report_2025-26_v5.xlsx,https://www.aer.gov.au/system/files/2025-05/AER%20-%20Consolidated%20stakeholder%20report%202025%E2%80%9326%20v5%C2%A0.xlsx,sources/dnsp/ergon/Ergon_Network_Price_List_2025-26_Sch8_wayback.xlsx,https://web.archive.org/web/20251115144400/https://www.ergon.com.au/__data/assets/excel_doc/0006/1631166/Ergon-Energy-2025-26-Network-Price-List-updated-for-Sch-8.xlsx,Residential ToU Demand&Energy,Fixed Charge,distributor's NUoS fixed charge embeds the legacy metering charge (stated in its document); AER file lists metering separately,aer_id=TD-ERG26res-TOUDmdW; sheet 'SACS Residential' NUoS block row 12; zone: West; NUoS includes Metering block charge 0.115 $/day (NUoS = DUoS+TUoS+JSA+Metering)
Ergon Energy,2025-26,value_differs,metering_in_fixed,WRTOUET1,West Residential TOU Energy,Fixed,7.095,$dollars/day,7.21,$/day,709.5,721.0,c/day,11.5,1.6209,NUoS,NUoS,AER,DNSP,sources/aer/AER_Consolidated_stakeholder_report_2025-26_v5.xlsx,https://www.aer.gov.au/system/files/2025-05/AER%20-%20Consolidated%20stakeholder%20report%202025%E2%80%9326%20v5%C2%A0.xlsx,sources/dnsp/ergon/Ergon_Network_Price_List_2025-26_Sch8_wayback.xlsx,https://web.archive.org/web/20251115144400/https://www.ergon.com.au/__data/assets/excel_doc/0006/1631166/Ergon-Energy-2025-26-Network-Price-List-updated-for-Sch-8.xlsx,Residential ToU Energy,Fixed Charge,distributor's NUoS fixed charge embeds the legacy metering charge (stated in its document); AER file lists metering separately,aer_id=TD-ERG26res-TOUW; sheet 'SACS Residential' NUoS block row 9; zone: West; NUoS includes Metering block charge 0.115 $/day (NUoS = DUoS+TUoS+JSA+Metering)
Ergon Energy,2025-26,value_differs,metering_in_fixed,WRIBT1,West Residential Flat,Fixed,8.653,$dollars/day,8.768,$/day,865.3,876.8,c/day,11.5,1.329,NUoS,NUoS,AER,DNSP,sources/aer/AER_Consolidated_stakeholder_report_2025-26_v5.xlsx,https://www.aer.gov.au/system/files/2025-05/AER%20-%20Consolidated%20stakeholder%20report%202025%E2%80%9326%20v5%C2%A0.xlsx,sources/dnsp/ergon/Ergon_Network_Price_List_2025-26_Sch8_wayback.xlsx,https://web.archive.org/web/20251115144400/https://www.ergon.com.au/__data/assets/excel_doc/0006/1631166/Ergon-Energy-2025-26-Network-Price-List-updated-for-Sch-8.xlsx,Residential Flat,Fixed Charge,distributor's NUoS fixed charge embeds the legacy metering charge (stated in its document); AER file lists metering separately,aer_id=TD-ERG26res-FltW; sheet 'SACS Residential' NUoS block row 15; zone: West; *Grandfathered; NUoS includes Metering block charge 0.115 $/day (NUoS = DUoS+TUoS+JSA+Metering)
Ergon Energy,2025-26,value_differs,metering_in_fixed,WBPLCT1,West Small Business Primary Load Control,Fixed,10.881,$dollars/day,10.996,$/day,1088.1,1099.6,c/day,11.5,1.0569,NUoS,NUoS,AER,DNSP,sources/aer/AER_Consolidated_stakeholder_report_2025-26_v5.xlsx,https://www.aer.gov.au/system/files/2025-05/AER%20-%20Consolidated%20stakeholder%20report%202025%E2%80%9326%20v5%C2%A0.xlsx,sources/dnsp/ergon/Ergon_Network_Price_List_2025-26_Sch8_wayback.xlsx,https://web.archive.org/web/20251115144400/https://www.ergon.com.au/__data/assets/excel_doc/0006/1631166/Ergon-Energy-2025-26-Network-Price-List-updated-for-Sch-8.xlsx,Small Business Primary Load Control,Fixed Charge,distributor's NUoS fixed charge embeds the legacy metering charge (stated in its document); AER file lists metering separately,aer_id=TD-ERG26smb-PriLCW; sheet 'SACS Business' NUoS block row 22; zone: West; NUoS includes Metering block charge 0.115 $/day (NUoS = DUoS+TUoS+JSA+Metering)
Ergon Energy,2025-26,value_differs,metering_in_fixed,WBTDEMT1,West Small Business TOU Demand&Energy,Fixed,10.881,$dollars/day,10.996,$/day,1088.1,1099.6,c/day,11.5,1.0569,NUoS,NUoS,AER,DNSP,sources/aer/AER_Consolidated_stakeholder_report_2025-26_v5.xlsx,https://www.aer.gov.au/system/files/2025-05/AER%20-%20Consolidated%20stakeholder%20report%202025%E2%80%9326%20v5%C2%A0.xlsx,sources/dnsp/ergon/Ergon_Network_Price_List_2025-26_Sch8_wayback.xlsx,https://web.archive.org/web/20251115144400/https://www.ergon.com.au/__data/assets/excel_doc/0006/1631166/Ergon-Energy-2025-26-Network-Price-List-updated-for-Sch-8.xlsx,Small Business ToU Demand&Energy,Fixed Charge,distributor's NUoS fixed charge embeds the legacy metering charge (stated in its document); AER file lists metering separately,aer_id=TD-ERG26smb-TOUDmdW; sheet 'SACS Business' NUoS block row 12; zone: West; NUoS includes Metering block charge 0.115 $/day (NUoS = DUoS+TUoS+JSA+Metering)
Ergon Energy,2025-26,value_differs,metering_in_fixed,WBTOUET1,West Small Business ToU Energy,Fixed,13.56,$dollars/day,13.675,$/day,1356.0,1367.5,c/day,11.5,0.8481,NUoS,NUoS,AER,DNSP,sources/aer/AER_Consolidated_stakeholder_report_2025-26_v5.xlsx,https://www.aer.gov.au/system/files/2025-05/AER%20-%20Consolidated%20stakeholder%20report%202025%E2%80%9326%20v5%C2%A0.xlsx,sources/dnsp/ergon/Ergon_Network_Price_List_2025-26_Sch8_wayback.xlsx,https://web.archive.org/web/20251115144400/https://www.ergon.com.au/__data/assets/excel_doc/0006/1631166/Ergon-Energy-2025-26-Network-Price-List-updated-for-Sch-8.xlsx,Small Business ToU Energy,Fixed Charge,distributor's NUoS fixed charge embeds the legacy metering charge (stated in its document); AER file lists metering separately,aer_id=TD-ERG26smb-TOUW; sheet 'SACS Business' NUoS block row 9; zone: West; NUoS includes Metering block charge 0.115 $/day (NUoS = DUoS+TUoS+JSA+Metering)
Ergon Energy,2025-26,value_differs,metering_in_fixed,WBIBT1,West Business Flat,Fixed,14.476,$dollars/day,14.591,$/day,1447.6,1459.1,c/day,11.5,0.7944,NUoS,NUoS,AER,DNSP,sources/aer/AER_Consolidated_stakeholder_report_2025-26_v5.xlsx,https://www.aer.gov.au/system/files/2025-05/AER%20-%20Consolidated%20stakeholder%20report%202025%E2%80%9326%20v5%C2%A0.xlsx,sources/dnsp/ergon/Ergon_Network_Price_List_2025-26_Sch8_wayback.xlsx,https://web.archive.org/web/20251115144400/https://www.ergon.com.au/__data/assets/excel_doc/0006/1631166/Ergon-Energy-2025-26-Network-Price-List-updated-for-Sch-8.xlsx,Business Flat,Fixed Charge,distributor's NUoS fixed charge embeds the legacy metering charge (stated in its document); AER file lists metering separately,aer_id=TD-ERG26smb-FltW; sheet 'SACS Business' NUoS block row 15; zone: West; *Grandfathered; NUoS includes Metering block charge 0.115 $/day (NUoS = DUoS+TUoS+JSA+Metering)
Ergon Energy,2025-26,value_differs,metering_in_fixed,MLFLEXT4,MtIsa Large Dynamic Flex Storage,Fixed,45.749,$dollars/day,45.864,$/day,4574.9,4586.4,c/day,11.5,0.2514,NUoS,NUoS,AER,DNSP,sources/aer/AER_Consolidated_stakeholder_report_2025-26_v5.xlsx,https://www.aer.gov.au/system/files/2025-05/AER%20-%20Consolidated%20stakeholder%20report%202025%E2%80%9326%20v5%C2%A0.xlsx,sources/dnsp/ergon/Ergon_Network_Price_List_2025-26_Sch8_wayback.xlsx,https://web.archive.org/web/20251115144400/https://www.ergon.com.au/__data/assets/excel_doc/0006/1631166/Ergon-Energy-2025-26-Network-Price-List-updated-for-Sch-8.xlsx,Large Dynamic Flex Storage,Fixed Charge,distributor's NUoS fixed charge embeds the legacy metering charge (stated in its document); AER file lists metering separately,aer_id=TD-ERG26oth-FlxLgeM; sheet 'SAC Large' NUoS block row 23; zone: Mt Isa; NUoS includes Metering block charge 0.115 $/day (NUoS = DUoS+TUoS+JSA+Metering)
Ergon Energy,2025-26,value_differs,metering_in_fixed,MLPLCT4,MtIsa Large Business Primary Load Control,Fixed,45.749,$dollars/day,45.864,$/day,4574.9,4586.4,c/day,11.5,0.2514,NUoS,NUoS,AER,DNSP,sources/aer/AER_Consolidated_stakeholder_report_2025-26_v5.xlsx,https://www.aer.gov.au/system/files/2025-05/AER%20-%20Consolidated%20stakeholder%20report%202025%E2%80%9326%20v5%C2%A0.xlsx,sources/dnsp/ergon/Ergon_Network_Price_List_2025-26_Sch8_wayback.xlsx,https://web.archive.org/web/20251115144400/https://www.ergon.com.au/__data/assets/excel_doc/0006/1631166/Ergon-Energy-2025-26-Network-Price-List-updated-for-Sch-8.xlsx,Large Business Primary Load Control,Fixed Charge,distributor's NUoS fixed charge embeds the legacy metering charge (stated in its document); AER file lists metering separately,aer_id=TD-ERG26oth-PriLCM; sheet 'SAC Large' NUoS block row 27; zone: Mt Isa; NUoS includes Metering block charge 0.115 $/day (NUoS = DUoS+TUoS+JSA+Metering)
Ergon Energy,2025-26,value_differs,metering_in_fixed,MLTOUDT4,MtIsa Large TOU Demand&Energy,Fixed,45.749,$dollars/day,45.864,$/day,4574.9,4586.4,c/day,11.5,0.2514,NUoS,NUoS,AER,DNSP,sources/aer/AER_Consolidated_stakeholder_report_2025-26_v5.xlsx,https://www.aer.gov.au/system/files/2025-05/AER%20-%20Consolidated%20stakeholder%20report%202025%E2%80%9326%20v5%C2%A0.xlsx,sources/dnsp/ergon/Ergon_Network_Price_List_2025-26_Sch8_wayback.xlsx,https://web.archive.org/web/20251115144400/https://www.ergon.com.au/__data/assets/excel_doc/0006/1631166/Ergon-Energy-2025-26-Network-Price-List-updated-for-Sch-8.xlsx,Large ToU Demand&Energy,Fixed Charge,distributor's NUoS fixed charge embeds the legacy metering charge (stated in its document); AER file lists metering separately,aer_id=TD-ERG26oth-TOUDM; sheet 'SAC Large' NUoS block row 10; zone: Mt Isa; NUoS includes Metering block charge 0.115 $/day (NUoS = DUoS+TUoS+JSA+Metering)
Ergon Energy,2025-26,value_differs,metering_in_fixed,MLTOUET4,MtIsa Large TOU Energy,Fixed,45.749,$dollars/day,45.864,$/day,4574.9,4586.4,c/day,11.5,0.2514,NUoS,NUoS,AER,DNSP,sources/aer/AER_Consolidated_stakeholder_report_2025-26_v5.xlsx,https://www.aer.gov.au/system/files/2025-05/AER%20-%20Consolidated%20stakeholder%20report%202025%E2%80%9326%20v5%C2%A0.xlsx,sources/dnsp/ergon/Ergon_Network_Price_List_2025-26_Sch8_wayback.xlsx,https://web.archive.org/web/20251115144400/https://www.ergon.com.au/__data/assets/excel_doc/0006/1631166/Ergon-Energy-2025-26-Network-Price-List-updated-for-Sch-8.xlsx,Large TOU Energy,Fixed Charge,distributor's NUoS fixed charge embeds the legacy metering charge (stated in its document); AER file lists metering separately,aer_id=TD-ERG26oth-TOUM; sheet 'SAC Large' NUoS block row 19; zone: Mt Isa; NUoS includes Metering block charge 0.115 $/day (NUoS = DUoS+TUoS+JSA+Metering)
Ergon Energy,2025-26,value_differs,metering_in_fixed,ELFLEXT1,East Large Dynamic Flex Storage,Fixed,47.847,$dollars/day,47.962,$/day,4784.7,4796.2,c/day,11.5,0.2403,NUoS,NUoS,AER,DNSP,sources/aer/AER_Consolidated_stakeholder_report_2025-26_v5.xlsx,https://www.aer.gov.au/system/files/2025-05/AER%20-%20Consolidated%20stakeholder%20report%202025%E2%80%9326%20v5%C2%A0.xlsx,sources/dnsp/ergon/Ergon_Network_Price_List_2025-26_Sch8_wayback.xlsx,https://web.archive.org/web/20251115144400/https://www.ergon.com.au/__data/assets/excel_doc/0006/1631166/Ergon-Energy-2025-26-Network-Price-List-updated-for-Sch-8.xlsx,Large Dynamic Flex Storage,Fixed Charge,distributor's NUoS fixed charge embeds the legacy metering charge (stated in its document); AER file lists metering separately,aer_id=TD-ERG26oth-FlxLge; sheet 'SAC Large' NUoS block row 21; zone: East; NUoS includes Metering block charge 0.115 $/day (NUoS = DUoS+TUoS+JSA+Metering)
Ergon Energy,2025-26,value_differs,metering_in_fixed,ELPLCT1,East Large Business Primary Load Control,Fixed,47.847,$dollars/day,47.962,$/day,4784.7,4796.2,c/day,11.5,0.2403,NUoS,NUoS,AER,DNSP,sources/aer/AER_Consolidated_stakeholder_report_2025-26_v5.xlsx,https://www.aer.gov.au/system/files/2025-05/AER%20-%20Consolidated%20stakeholder%20report%202025%E2%80%9326%20v5%C2%A0.xlsx,sources/dnsp/ergon/Ergon_Network_Price_List_2025-26_Sch8_wayback.xlsx,https://web.archive.org/web/20251115144400/https://www.ergon.com.au/__data/assets/excel_doc/0006/1631166/Ergon-Energy-2025-26-Network-Price-List-updated-for-Sch-8.xlsx,Large Business Primary Load Control,Fixed Charge,distributor's NUoS fixed charge embeds the legacy metering charge (stated in its document); AER file lists metering separately,aer_id=TD-ERG26oth-PriLC; sheet 'SAC Large' NUoS block row 25; zone: East; NUoS includes Metering block charge 0.115 $/day (NUoS = DUoS+TUoS+JSA+Metering)
Ergon Energy,2025-26,value_differs,metering_in_fixed,ELTOUDT1,East Large TOU Demand&Energy,Fixed,47.847,$dollars/day,47.962,$/day,4784.7,4796.2,c/day,11.5,0.2403,NUoS,NUoS,AER,DNSP,sources/aer/AER_Consolidated_stakeholder_report_2025-26_v5.xlsx,https://www.aer.gov.au/system/files/2025-05/AER%20-%20Consolidated%20stakeholder%20report%202025%E2%80%9326%20v5%C2%A0.xlsx,sources/dnsp/ergon/Ergon_Network_Price_List_2025-26_Sch8_wayback.xlsx,https://web.archive.org/web/20251115144400/https://www.ergon.com.au/__data/assets/excel_doc/0006/1631166/Ergon-Energy-2025-26-Network-Price-List-updated-for-Sch-8.xlsx,Large ToU Demand&Energy,Fixed Charge,distributor's NUoS fixed charge embeds the legacy metering charge (stated in its document); AER file lists metering separately,aer_id=TD-ERG26oth-TOUD; sheet 'SAC Large' NUoS block row 8; zone: East; NUoS includes Metering block charge 0.115 $/day (NUoS = DUoS+TUoS+JSA+Metering)
Ergon Energy,2025-26,value_differs,metering_in_fixed,MBESTT4,MtIsa Large Business Energy,Fixed,50.023,$dollars/day,50.138,$/day,5002.3,5013.8,c/day,11.5,0.2299,NUoS,NUoS,AER,DNSP,sources/aer/AER_Consolidated_stakeholder_report_2025-26_v5.xlsx,https://www.aer.gov.au/system/files/2025-05/AER%20-%20Consolidated%20stakeholder%20report%202025%E2%80%9326%20v5%C2%A0.xlsx,sources/dnsp/ergon/Ergon_Network_Price_List_2025-26_Sch8_wayback.xlsx,https://web.archive.org/web/20251115144400/https://www.ergon.com.au/__data/assets/excel_doc/0006/1631166/Ergon-Energy-2025-26-Network-Price-List-updated-for-Sch-8.xlsx,Large Business Energy,Fixed Charge,distributor's NUoS fixed charge embeds the legacy metering charge (stated in its document); AER file lists metering separately,aer_id=TD-ERG26oth-BlockM; sheet 'SAC Large' NUoS block row 16; zone: Mt Isa; NUoS includes Metering block charge 0.115 $/day (NUoS = DUoS+TUoS+JSA+Metering)
Ergon Energy,2025-26,value_differs,metering_in_fixed,MDSTT4,MtIsa Demand Small,Fixed,50.023,$dollars/day,50.138,$/day,5002.3,5013.8,c/day,11.5,0.2299,NUoS,NUoS,AER,DNSP,sources/aer/AER_Consolidated_stakeholder_report_2025-26_v5.xlsx,https://www.aer.gov.au/system/files/2025-05/AER%20-%20Consolidated%20stakeholder%20report%202025%E2%80%9326%20v5%C2%A0.xlsx,sources/dnsp/ergon/Ergon_Network_Price_List_2025-26_Sch8_wayback.xlsx,https://web.archive.org/web/20251115144400/https://www.ergon.com.au/__data/assets/excel_doc/0006/1631166/Ergon-Energy-2025-26-Network-Price-List-updated-for-Sch-8.xlsx,Demand Small,Fixed Charge,code differs (MDSTT4 vs MDSTT4); matched by code alias; distributor's NUoS fixed charge embeds the legacy metering charge (stated in its document); AER file lists metering separately,aer_id=TD-ERG26oth-DmdSmlM; sheet 'SAC Large' NUoS block row 13; zone: Mt Isa; NUoS includes Metering block charge 0.115 $/day (NUoS = DUoS+TUoS+JSA+Metering)
Ergon Energy,2025-26,value_differs,metering_in_fixed,EBESTT1,East Large Business Energy,Fixed,52.121,$dollars/day,52.236,$/day,5212.1,5223.6,c/day,11.5,0.2206,NUoS,NUoS,AER,DNSP,sources/aer/AER_Consolidated_stakeholder_report_2025-26_v5.xlsx,https://www.aer.gov.au/system/files/2025-05/AER%20-%20Consolidated%20stakeholder%20report%202025%E2%80%9326%20v5%C2%A0.xlsx,sources/dnsp/ergon/Ergon_Network_Price_List_2025-26_Sch8_wayback.xlsx,https://web.archive.org/web/20251115144400/https://www.ergon.com.au/__data/assets/excel_doc/0006/1631166/Ergon-Energy-2025-26-Network-Price-List-updated-for-Sch-8.xlsx,Large Business Energy,Fixed Charge,distributor's NUoS fixed charge embeds the legacy metering charge (stated in its document); AER file lists metering separately,aer_id=TD-ERG26oth-Block; sheet 'SAC Large' NUoS block row 14; zone: East; NUoS includes Metering block charge 0.115 $/day (NUoS = DUoS+TUoS+JSA+Metering)
Ergon Energy,2025-26,value_differs,metering_in_fixed,EDSTT1,East Demand Small,Fixed,52.121,$dollars/day,52.236,$/day,5212.1,5223.6,c/day,11.5,0.2206,NUoS,NUoS,AER,DNSP,sources/aer/AER_Consolidated_stakeholder_report_2025-26_v5.xlsx,https://www.aer.gov.au/system/files/2025-05/AER%20-%20Consolidated%20stakeholder%20report%202025%E2%80%9326%20v5%C2%A0.xlsx,sources/dnsp/ergon/Ergon_Network_Price_List_2025-26_Sch8_wayback.xlsx,https://web.archive.org/web/20251115144400/https://www.ergon.com.au/__data/assets/excel_doc/0006/1631166/Ergon-Energy-2025-26-Network-Price-List-updated-for-Sch-8.xlsx,Demand Small,Fixed Charge,code differs (EDSTT1 vs EDSTT1); matched by code alias; distributor's NUoS fixed charge embeds the legacy metering charge (stated in its document); AER file lists metering separately,aer_id=TD-ERG26oth-DmdSml; sheet 'SAC Large' NUoS block row 11; zone: East; NUoS includes Metering block charge 0.115 $/day (NUoS = DUoS+TUoS+JSA+Metering)
Ergon Energy,2025-26,value_differs,metering_in_fixed,WLFLEXT1,West Large Dynamic Flex Storage,Fixed,232.892,$dollars/day,233.007,$/day,23289.2,23300.7,c/day,11.5,0.0494,NUoS,NUoS,AER,DNSP,sources/aer/AER_Consolidated_stakeholder_report_2025-26_v5.xlsx,https://www.aer.gov.au/system/files/2025-05/AER%20-%20Consolidated%20stakeholder%20report%202025%E2%80%9326%20v5%C2%A0.xlsx,sources/dnsp/ergon/Ergon_Network_Price_List_2025-26_Sch8_wayback.xlsx,https://web.archive.org/web/20251115144400/https://www.ergon.com.au/__data/assets/excel_doc/0006/1631166/Ergon-Energy-2025-26-Network-Price-List-updated-for-Sch-8.xlsx,Large Dynamic Flex Storage,Fixed Charge,distributor's NUoS fixed charge embeds the legacy metering charge (stated in its document); AER file lists metering separately,aer_id=TD-ERG26oth-FlxLgeW; sheet 'SAC Large' NUoS block row 22; zone: West; NUoS includes Metering block charge 0.115 $/day (NUoS = DUoS+TUoS+JSA+Metering)
Ergon Energy,2025-26,value_differs,metering_in_fixed,WLPLCT1,West Large Business Primary Load Control,Fixed,232.892,$dollars/day,233.007,$/day,23289.2,23300.7,c/day,11.5,0.0494,NUoS,NUoS,AER,DNSP,sources/aer/AER_Consolidated_stakeholder_report_2025-26_v5.xlsx,https://www.aer.gov.au/system/files/2025-05/AER%20-%20Consolidated%20stakeholder%20report%202025%E2%80%9326%20v5%C2%A0.xlsx,sources/dnsp/ergon/Ergon_Network_Price_List_2025-26_Sch8_wayback.xlsx,https://web.archive.org/web/20251115144400/https://www.ergon.com.au/__data/assets/excel_doc/0006/1631166/Ergon-Energy-2025-26-Network-Price-List-updated-for-Sch-8.xlsx,Large Business Primary Load Control,Fixed Charge,distributor's NUoS fixed charge embeds the legacy metering charge (stated in its document); AER file lists metering separately,aer_id=TD-ERG26oth-PriLCW; sheet 'SAC Large' NUoS block row 26; zone: West; NUoS includes Metering block charge 0.115 $/day (NUoS = DUoS+TUoS+JSA+Metering)
Ergon Energy,2025-26,value_differs,metering_in_fixed,WLTOUDT1,West Large TOU Demand&Energy,Fixed,232.892,$dollars/day,233.007,$/day,23289.2,23300.7,c/day,11.5,0.0494,NUoS,NUoS,AER,DNSP,sources/aer/AER_Consolidated_stakeholder_report_2025-26_v5.xlsx,https://www.aer.gov.au/system/files/2025-05/AER%20-%20Consolidated%20stakeholder%20report%202025%E2%80%9326%20v5%C2%A0.xlsx,sources/dnsp/ergon/Ergon_Network_Price_List_2025-26_Sch8_wayback.xlsx,https://web.archive.org/web/20251115144400/https://www.ergon.com.au/__data/assets/excel_doc/0006/1631166/Ergon-Energy-2025-26-Network-Price-List-updated-for-Sch-8.xlsx,Large ToU Demand&Energy,Fixed Charge,distributor's NUoS fixed charge embeds the legacy metering charge (stated in its document); AER file lists metering separately,aer_id=TD-ERG26oth-TOUDW; sheet 'SAC Large' NUoS block row 9; zone: West; NUoS includes Metering block charge 0.115 $/day (NUoS = DUoS+TUoS+JSA+Metering)
Ergon Energy,2025-26,value_differs,metering_in_fixed,WBESTT1,West Large Business Energy,Fixed,256.399,$dollars/day,256.514,$/day,25639.9,25651.4,c/day,11.5,0.0449,NUoS,NUoS,AER,DNSP,sources/aer/AER_Consolidated_stakeholder_report_2025-26_v5.xlsx,https://www.aer.gov.au/system/files/2025-05/AER%20-%20Consolidated%20stakeholder%20report%202025%E2%80%9326%20v5%C2%A0.xlsx,sources/dnsp/ergon/Ergon_Network_Price_List_2025-26_Sch8_wayback.xlsx,https://web.archive.org/web/20251115144400/https://www.ergon.com.au/__data/assets/excel_doc/0006/1631166/Ergon-Energy-2025-26-Network-Price-List-updated-for-Sch-8.xlsx,Large Business Energy,Fixed Charge,distributor's NUoS fixed charge embeds the legacy metering charge (stated in its document); AER file lists metering separately,aer_id=TD-ERG26oth-BlockW; sheet 'SAC Large' NUoS block row 15; zone: West; NUoS includes Metering block charge 0.115 $/day (NUoS = DUoS+TUoS+JSA+Metering)
Ergon Energy,2025-26,value_differs,metering_in_fixed,WDSTT1,West Demand Small,Fixed,256.399,$dollars/day,256.514,$/day,25639.9,25651.4,c/day,11.5,0.0449,NUoS,NUoS,AER,DNSP,sources/aer/AER_Consolidated_stakeholder_report_2025-26_v5.xlsx,https://www.aer.gov.au/system/files/2025-05/AER%20-%20Consolidated%20stakeholder%20report%202025%E2%80%9326%20v5%C2%A0.xlsx,sources/dnsp/ergon/Ergon_Network_Price_List_2025-26_Sch8_wayback.xlsx,https://web.archive.org/web/20251115144400/https://www.ergon.com.au/__data/assets/excel_doc/0006/1631166/Ergon-Energy-2025-26-Network-Price-List-updated-for-Sch-8.xlsx,Demand Small,Fixed Charge,code differs (WDSTT1 vs WDSTT1); matched by code alias; distributor's NUoS fixed charge embeds the legacy metering charge (stated in its document); AER file lists metering separately,aer_id=TD-ERG26oth-DmdSmlW; sheet 'SAC Large' NUoS block row 12; zone: West; NUoS includes Metering block charge 0.115 $/day (NUoS = DUoS+TUoS+JSA+Metering)
Ergon Energy,2025-26,value_differs,metering_in_fixed,ELTOUET1,East Large TOU Energy,Fixed,268.724,$dollars/day,268.839,$/day,26872.4,26883.9,c/day,11.5,0.0428,NUoS,NUoS,AER,DNSP,sources/aer/AER_Consolidated_stakeholder_report_2025-26_v5.xlsx,https://www.aer.gov.au/system/files/2025-05/AER%20-%20Consolidated%20stakeholder%20report%202025%E2%80%9326%20v5%C2%A0.xlsx,sources/dnsp/ergon/Ergon_Network_Price_List_2025-26_Sch8_wayback.xlsx,https://web.archive.org/web/20251115144400/https://www.ergon.com.au/__data/assets/excel_doc/0006/1631166/Ergon-Energy-2025-26-Network-Price-List-updated-for-Sch-8.xlsx,Large TOU Energy,Fixed Charge,distributor's NUoS fixed charge embeds the legacy metering charge (stated in its document); AER file lists metering separately,aer_id=TD-ERG26oth-TOU; sheet 'SAC Large' NUoS block row 17; zone: East; NUoS includes Metering block charge 0.115 $/day (NUoS = DUoS+TUoS+JSA+Metering)
Ergon Energy,2025-26,value_differs,metering_in_fixed,WLTOUET1,West Large TOU Energy,Fixed,286.143,$dollars/day,286.258,$/day,28614.3,28625.8,c/day,11.5,0.0402,NUoS,NUoS,AER,DNSP,sources/aer/AER_Consolidated_stakeholder_report_2025-26_v5.xlsx,https://www.aer.gov.au/system/files/2025-05/AER%20-%20Consolidated%20stakeholder%20report%202025%E2%80%9326%20v5%C2%A0.xlsx,sources/dnsp/ergon/Ergon_Network_Price_List_2025-26_Sch8_wayback.xlsx,https://web.archive.org/web/20251115144400/https://www.ergon.com.au/__data/assets/excel_doc/0006/1631166/Ergon-Energy-2025-26-Network-Price-List-updated-for-Sch-8.xlsx,Large TOU Energy,Fixed Charge,distributor's NUoS fixed charge embeds the legacy metering charge (stated in its document); AER file lists metering separately,aer_id=TD-ERG26oth-TOUW; sheet 'SAC Large' NUoS block row 18; zone: West; NUoS includes Metering block charge 0.115 $/day (NUoS = DUoS+TUoS+JSA+Metering)
Ergon Energy,2025-26,aer_only_code,withdrawn_tariff,EBWIFT1,East Small Business Wide IFT (withdrawn from 1 Jul 25),6 priced component(s),,,,,,,,,,NUoS,NUoS,AER,DNSP,sources/aer/AER_Consolidated_stakeholder_report_2025-26_v5.xlsx,https://www.aer.gov.au/system/files/2025-05/AER%20-%20Consolidated%20stakeholder%20report%202025%E2%80%9326%20v5%C2%A0.xlsx,sources/dnsp/ergon/Ergon_Network_Price_List_2025-26_Sch8_wayback.xlsx,,,,AER-side file prices a tariff its own name marks as withdrawn/closed; distributor no longer publishes it,
Ergon Energy,2025-26,aer_only_code,withdrawn_tariff,EBWIFT2,East Small Business Wide IFT (withdrawn from 1 Jul 25),6 priced component(s),,,,,,,,,,NUoS,NUoS,AER,DNSP,sources/aer/AER_Consolidated_stakeholder_report_2025-26_v5.xlsx,https://www.aer.gov.au/system/files/2025-05/AER%20-%20Consolidated%20stakeholder%20report%202025%E2%80%9326%20v5%C2%A0.xlsx,sources/dnsp/ergon/Ergon_Network_Price_List_2025-26_Sch8_wayback.xlsx,,,,AER-side file prices a tariff its own name marks as withdrawn/closed; distributor no longer publishes it,
Ergon Energy,2025-26,aer_only_code,withdrawn_tariff,EBWIFT3,East Small Business Wide IFT (withdrawn from 1 Jul 25),6 priced component(s),,,,,,,,,,NUoS,NUoS,AER,DNSP,sources/aer/AER_Consolidated_stakeholder_report_2025-26_v5.xlsx,https://www.aer.gov.au/system/files/2025-05/AER%20-%20Consolidated%20stakeholder%20report%202025%E2%80%9326%20v5%C2%A0.xlsx,sources/dnsp/ergon/Ergon_Network_Price_List_2025-26_Sch8_wayback.xlsx,,,,AER-side file prices a tariff its own name marks as withdrawn/closed; distributor no longer publishes it,
Ergon Energy,2025-26,aer_only_code,withdrawn_tariff,EDLTT2,East Demand Large (withdrawn from 1 Jul 25),4 priced component(s),,,,,,,,,,NUoS,NUoS,AER,DNSP,sources/aer/AER_Consolidated_stakeholder_report_2025-26_v5.xlsx,https://www.aer.gov.au/system/files/2025-05/AER%20-%20Consolidated%20stakeholder%20report%202025%E2%80%9326%20v5%C2%A0.xlsx,sources/dnsp/ergon/Ergon_Network_Price_List_2025-26_Sch8_wayback.xlsx,,,,AER-side file prices a tariff its own name marks as withdrawn/closed; distributor no longer publishes it,
Ergon Energy,2025-26,aer_only_code,withdrawn_tariff,EDMTT1,East Demand Medium (withdrawn from 1 Jul 25),4 priced component(s),,,,,,,,,,NUoS,NUoS,AER,DNSP,sources/aer/AER_Consolidated_stakeholder_report_2025-26_v5.xlsx,https://www.aer.gov.au/system/files/2025-05/AER%20-%20Consolidated%20stakeholder%20report%202025%E2%80%9326%20v5%C2%A0.xlsx,sources/dnsp/ergon/Ergon_Network_Price_List_2025-26_Sch8_wayback.xlsx,,,,AER-side file prices a tariff its own name marks as withdrawn/closed; distributor no longer publishes it,
Ergon Energy,2025-26,aer_only_code,withdrawn_tariff,EDMTT2,East Demand Medium (withdrawn from 1 Jul 25),4 priced component(s),,,,,,,,,,NUoS,NUoS,AER,DNSP,sources/aer/AER_Consolidated_stakeholder_report_2025-26_v5.xlsx,https://www.aer.gov.au/system/files/2025-05/AER%20-%20Consolidated%20stakeholder%20report%202025%E2%80%9326%20v5%C2%A0.xlsx,sources/dnsp/ergon/Ergon_Network_Price_List_2025-26_Sch8_wayback.xlsx,,,,AER-side file prices a tariff its own name marks as withdrawn/closed; distributor no longer publishes it,
Ergon Energy,2025-26,aer_only_code,withdrawn_tariff,EDMTT3,East Demand Medium (withdrawn from 1 Jul 25),4 priced component(s),,,,,,,,,,NUoS,NUoS,AER,DNSP,sources/aer/AER_Consolidated_stakeholder_report_2025-26_v5.xlsx,https://www.aer.gov.au/system/files/2025-05/AER%20-%20Consolidated%20stakeholder%20report%202025%E2%80%9326%20v5%C2%A0.xlsx,sources/dnsp/ergon/Ergon_Network_Price_List_2025-26_Sch8_wayback.xlsx,,,,AER-side file prices a tariff its own name marks as withdrawn/closed; distributor no longer publishes it,
Ergon Energy,2025-26,aer_only_code,withdrawn_tariff,EDSTT1,East Demand Small (withdrawn from 1 Jul 25),4 priced component(s),,,,,,,,,,NUoS,NUoS,AER,DNSP,sources/aer/AER_Consolidated_stakeholder_report_2025-26_v5.xlsx,https://www.aer.gov.au/system/files/2025-05/AER%20-%20Consolidated%20stakeholder%20report%202025%E2%80%9326%20v5%C2%A0.xlsx,sources/dnsp/ergon/Ergon_Network_Price_List_2025-26_Sch8_wayback.xlsx,,,,AER-side file prices a tariff its own name marks as withdrawn/closed; distributor no longer publishes it,
Ergon Energy,2025-26,aer_only_code,withdrawn_tariff,EDSTT2,East Demand Small (withdrawn from 1 Jul 25),4 priced component(s),,,,,,,,,,NUoS,NUoS,AER,DNSP,sources/aer/AER_Consolidated_stakeholder_report_2025-26_v5.xlsx,https://www.aer.gov.au/system/files/2025-05/AER%20-%20Consolidated%20stakeholder%20report%202025%E2%80%9326%20v5%C2%A0.xlsx,sources/dnsp/ergon/Ergon_Network_Price_List_2025-26_Sch8_wayback.xlsx,,,,AER-side file prices a tariff its own name marks as withdrawn/closed; distributor no longer publishes it,
Ergon Energy,2025-26,aer_only_code,withdrawn_tariff,EDSTT3,East Demand Small (withdrawn from 1 Jul 25),4 priced component(s),,,,,,,,,,NUoS,NUoS,AER,DNSP,sources/aer/AER_Consolidated_stakeholder_report_2025-26_v5.xlsx,https://www.aer.gov.au/system/files/2025-05/AER%20-%20Consolidated%20stakeholder%20report%202025%E2%80%9326%20v5%C2%A0.xlsx,sources/dnsp/ergon/Ergon_Network_Price_List_2025-26_Sch8_wayback.xlsx,,,,AER-side file prices a tariff its own name marks as withdrawn/closed; distributor no longer publishes it,
Ergon Energy,2025-26,aer_only_code,aer_zero_placeholder,ETBA10T1,East Small Business Demand,0 priced component(s),,,,,,,,,,NUoS,NUoS,AER,DNSP,sources/aer/AER_Consolidated_stakeholder_report_2025-26_v5.xlsx,https://www.aer.gov.au/system/files/2025-05/AER%20-%20Consolidated%20stakeholder%20report%202025%E2%80%9326%20v5%C2%A0.xlsx,sources/dnsp/ergon/Ergon_Network_Price_List_2025-26_Sch8_wayback.xlsx,,,,AER-side file lists this tariff with no prices (placeholder / TBA code),zero-priced row; aer_id=TD-ERG26oth-Dmd
Ergon Energy,2025-26,aer_only_code,aer_zero_placeholder,ETBA12T1,East Small Business Flexible Load,0 priced component(s),,,,,,,,,,NUoS,NUoS,AER,DNSP,sources/aer/AER_Consolidated_stakeholder_report_2025-26_v5.xlsx,https://www.aer.gov.au/system/files/2025-05/AER%20-%20Consolidated%20stakeholder%20report%202025%E2%80%9326%20v5%C2%A0.xlsx,sources/dnsp/ergon/Ergon_Network_Price_List_2025-26_Sch8_wayback.xlsx,,,,AER-side file lists this tariff with no prices (placeholder / TBA code),zero-priced row; aer_id=TD-ERG26oth-Flx
Ergon Energy,2025-26,aer_only_code,aer_zero_placeholder,ETBA13T1,East Residential Demand,0 priced component(s),,,,,,,,,,NUoS,NUoS,AER,DNSP,sources/aer/AER_Consolidated_stakeholder_report_2025-26_v5.xlsx,https://www.aer.gov.au/system/files/2025-05/AER%20-%20Consolidated%20stakeholder%20report%202025%E2%80%9326%20v5%C2%A0.xlsx,sources/dnsp/ergon/Ergon_Network_Price_List_2025-26_Sch8_wayback.xlsx,,,,AER-side file lists this tariff with no prices (placeholder / TBA code),zero-priced row; aer_id=TD-ERG26res-Dmd
Ergon Energy,2025-26,aer_only_code,aer_zero_placeholder,ETBA15T1,East Residential Flexible Load,0 priced component(s),,,,,,,,,,NUoS,NUoS,AER,DNSP,sources/aer/AER_Consolidated_stakeholder_report_2025-26_v5.xlsx,https://www.aer.gov.au/system/files/2025-05/AER%20-%20Consolidated%20stakeholder%20report%202025%E2%80%9326%20v5%C2%A0.xlsx,sources/dnsp/ergon/Ergon_Network_Price_List_2025-26_Sch8_wayback.xlsx,,,,AER-side file lists this tariff with no prices (placeholder / TBA code),zero-priced row; aer_id=TD-ERG26res-Flx
Ergon Energy,2025-26,aer_only_code,withdrawn_tariff,MBWIFT4,Mt Isa Small Business Wide IFT (withdrawn from 1 Jul 25),6 priced component(s),,,,,,,,,,NUoS,NUoS,AER,DNSP,sources/aer/AER_Consolidated_stakeholder_report_2025-26_v5.xlsx,https://www.aer.gov.au/system/files/2025-05/AER%20-%20Consolidated%20stakeholder%20report%202025%E2%80%9326%20v5%C2%A0.xlsx,sources/dnsp/ergon/Ergon_Network_Price_List_2025-26_Sch8_wayback.xlsx,,,,AER-side file prices a tariff its own name marks as withdrawn/closed; distributor no longer publishes it,
Ergon Energy,2025-26,aer_only_code,withdrawn_tariff,MDLTT4,Mt Isa Demand Large (withdrawn from 1 Jul 25),4 priced component(s),,,,,,,,,,NUoS,NUoS,AER,DNSP,sources/aer/AER_Consolidated_stakeholder_report_2025-26_v5.xlsx,https://www.aer.gov.au/system/files/2025-05/AER%20-%20Consolidated%20stakeholder%20report%202025%E2%80%9326%20v5%C2%A0.xlsx,sources/dnsp/ergon/Ergon_Network_Price_List_2025-26_Sch8_wayback.xlsx,,,,AER-side file prices a tariff its own name marks as withdrawn/closed; distributor no longer publishes it,
Ergon Energy,2025-26,aer_only_code,withdrawn_tariff,MDMTT4,Mt Isa Demand Medium (withdrawn from 1 Jul 25),4 priced component(s),,,,,,,,,,NUoS,NUoS,AER,DNSP,sources/aer/AER_Consolidated_stakeholder_report_2025-26_v5.xlsx,https://www.aer.gov.au/system/files/2025-05/AER%20-%20Consolidated%20stakeholder%20report%202025%E2%80%9326%20v5%C2%A0.xlsx,sources/dnsp/ergon/Ergon_Network_Price_List_2025-26_Sch8_wayback.xlsx,,,,AER-side file prices a tariff its own name marks as withdrawn/closed; distributor no longer publishes it,
Ergon Energy,2025-26,aer_only_code,withdrawn_tariff,MDSTT4,Mt Isa Demand Small (withdrawn from 1 Jul 25),4 priced component(s),,,,,,,,,,NUoS,NUoS,AER,DNSP,sources/aer/AER_Consolidated_stakeholder_report_2025-26_v5.xlsx,https://www.aer.gov.au/system/files/2025-05/AER%20-%20Consolidated%20stakeholder%20report%202025%E2%80%9326%20v5%C2%A0.xlsx,sources/dnsp/ergon/Ergon_Network_Price_List_2025-26_Sch8_wayback.xlsx,,,,AER-side file prices a tariff its own name marks as withdrawn/closed; distributor no longer publishes it,
Ergon Energy,2025-26,aer_only_code,aer_zero_placeholder,MTBA10T4,MtIsa Small Business Flexible Load,0 priced component(s),,,,,,,,,,NUoS,NUoS,AER,DNSP,sources/aer/AER_Consolidated_stakeholder_report_2025-26_v5.xlsx,https://www.aer.gov.au/system/files/2025-05/AER%20-%20Consolidated%20stakeholder%20report%202025%E2%80%9326%20v5%C2%A0.xlsx,sources/dnsp/ergon/Ergon_Network_Price_List_2025-26_Sch8_wayback.xlsx,,,,AER-side file lists this tariff with no prices (placeholder / TBA code),zero-priced row; aer_id=TD-ERG26oth-FlxM
Ergon Energy,2025-26,aer_only_code,aer_zero_placeholder,MTBA11T4,MtIsa Residential Demand,0 priced component(s),,,,,,,,,,NUoS,NUoS,AER,DNSP,sources/aer/AER_Consolidated_stakeholder_report_2025-26_v5.xlsx,https://www.aer.gov.au/system/files/2025-05/AER%20-%20Consolidated%20stakeholder%20report%202025%E2%80%9326%20v5%C2%A0.xlsx,sources/dnsp/ergon/Ergon_Network_Price_List_2025-26_Sch8_wayback.xlsx,,,,AER-side file lists this tariff with no prices (placeholder / TBA code),zero-priced row; aer_id=TD-ERG26res-DmdM
Ergon Energy,2025-26,aer_only_code,aer_zero_placeholder,MTBA13T4,MtIsa Residential Flexible Load,0 priced component(s),,,,,,,,,,NUoS,NUoS,AER,DNSP,sources/aer/AER_Consolidated_stakeholder_report_2025-26_v5.xlsx,https://www.aer.gov.au/system/files/2025-05/AER%20-%20Consolidated%20stakeholder%20report%202025%E2%80%9326%20v5%C2%A0.xlsx,sources/dnsp/ergon/Ergon_Network_Price_List_2025-26_Sch8_wayback.xlsx,,,,AER-side file lists this tariff with no prices (placeholder / TBA code),zero-priced row; aer_id=TD-ERG26res-FlxM
Ergon Energy,2025-26,aer_only_code,aer_zero_placeholder,MTBA8T4,Mt Isa Small Business Demand,0 priced component(s),,,,,,,,,,NUoS,NUoS,AER,DNSP,sources/aer/AER_Consolidated_stakeholder_report_2025-26_v5.xlsx,https://www.aer.gov.au/system/files/2025-05/AER%20-%20Consolidated%20stakeholder%20report%202025%E2%80%9326%20v5%C2%A0.xlsx,sources/dnsp/ergon/Ergon_Network_Price_List_2025-26_Sch8_wayback.xlsx,,,,AER-side file lists this tariff with no prices (placeholder / TBA code),zero-priced row; aer_id=TD-ERG26oth-DmdM
Ergon Energy,2025-26,aer_only_code,withdrawn_tariff,WBWIFT1,West Small Business Wide IFT (withdrawn from 1 Jul 25),6 priced component(s),,,,,,,,,,NUoS,NUoS,AER,DNSP,sources/aer/AER_Consolidated_stakeholder_report_2025-26_v5.xlsx,https://www.aer.gov.au/system/files/2025-05/AER%20-%20Consolidated%20stakeholder%20report%202025%E2%80%9326%20v5%C2%A0.xlsx,sources/dnsp/ergon/Ergon_Network_Price_List_2025-26_Sch8_wayback.xlsx,,,,AER-side file prices a tariff its own name marks as withdrawn/closed; distributor no longer publishes it,
Ergon Energy,2025-26,aer_only_code,withdrawn_tariff,WBWIFT2,West Small Business Wide IFT (withdrawn from 1 Jul 25),6 priced component(s),,,,,,,,,,NUoS,NUoS,AER,DNSP,sources/aer/AER_Consolidated_stakeholder_report_2025-26_v5.xlsx,https://www.aer.gov.au/system/files/2025-05/AER%20-%20Consolidated%20stakeholder%20report%202025%E2%80%9326%20v5%C2%A0.xlsx,sources/dnsp/ergon/Ergon_Network_Price_List_2025-26_Sch8_wayback.xlsx,,,,AER-side file prices a tariff its own name marks as withdrawn/closed; distributor no longer publishes it,
Ergon Energy,2025-26,aer_only_code,withdrawn_tariff,WBWIFT3,West Small Business Wide IFT (withdrawn from 1 Jul 25),6 priced component(s),,,,,,,,,,NUoS,NUoS,AER,DNSP,sources/aer/AER_Consolidated_stakeholder_report_2025-26_v5.xlsx,https://www.aer.gov.au/system/files/2025-05/AER%20-%20Consolidated%20stakeholder%20report%202025%E2%80%9326%20v5%C2%A0.xlsx,sources/dnsp/ergon/Ergon_Network_Price_List_2025-26_Sch8_wayback.xlsx,,,,AER-side file prices a tariff its own name marks as withdrawn/closed; distributor no longer publishes it,
Ergon Energy,2025-26,aer_only_code,withdrawn_tariff,WDMTT1,West Demand Medium (withdrawn from 1 Jul 25),4 priced component(s),,,,,,,,,,NUoS,NUoS,AER,DNSP,sources/aer/AER_Consolidated_stakeholder_report_2025-26_v5.xlsx,https://www.aer.gov.au/system/files/2025-05/AER%20-%20Consolidated%20stakeholder%20report%202025%E2%80%9326%20v5%C2%A0.xlsx,sources/dnsp/ergon/Ergon_Network_Price_List_2025-26_Sch8_wayback.xlsx,,,,AER-side file prices a tariff its own name marks as withdrawn/closed; distributor no longer publishes it,
Ergon Energy,2025-26,aer_only_code,withdrawn_tariff,WDMTT2,West Demand Medium (withdrawn from 1 Jul 25),4 priced component(s),,,,,,,,,,NUoS,NUoS,AER,DNSP,sources/aer/AER_Consolidated_stakeholder_report_2025-26_v5.xlsx,https://www.aer.gov.au/system/files/2025-05/AER%20-%20Consolidated%20stakeholder%20report%202025%E2%80%9326%20v5%C2%A0.xlsx,sources/dnsp/ergon/Ergon_Network_Price_List_2025-26_Sch8_wayback.xlsx,,,,AER-side file prices a tariff its own name marks as withdrawn/closed; distributor no longer publishes it,
Ergon Energy,2025-26,aer_only_code,withdrawn_tariff,WDSTT1,West Demand Small (withdrawn from 1 Jul 25),4 priced component(s),,,,,,,,,,NUoS,NUoS,AER,DNSP,sources/aer/AER_Consolidated_stakeholder_report_2025-26_v5.xlsx,https://www.aer.gov.au/system/files/2025-05/AER%20-%20Consolidated%20stakeholder%20report%202025%E2%80%9326%20v5%C2%A0.xlsx,sources/dnsp/ergon/Ergon_Network_Price_List_2025-26_Sch8_wayback.xlsx,,,,AER-side file prices a tariff its own name marks as withdrawn/closed; distributor no longer publishes it,
Ergon Energy,2025-26,aer_only_code,withdrawn_tariff,WDSTT2,West Demand Small (withdrawn from 1 Jul 25),4 priced component(s),,,,,,,,,,NUoS,NUoS,AER,DNSP,sources/aer/AER_Consolidated_stakeholder_report_2025-26_v5.xlsx,https://www.aer.gov.au/system/files/2025-05/AER%20-%20Consolidated%20stakeholder%20report%202025%E2%80%9326%20v5%C2%A0.xlsx,sources/dnsp/ergon/Ergon_Network_Price_List_2025-26_Sch8_wayback.xlsx,,,,AER-side file prices a tariff its own name marks as withdrawn/closed; distributor no longer publishes it,
Ergon Energy,2025-26,aer_only_code,withdrawn_tariff,WDSTT3,West Demand Small (withdrawn from 1 Jul 25),4 priced component(s),,,,,,,,,,NUoS,NUoS,AER,DNSP,sources/aer/AER_Consolidated_stakeholder_report_2025-26_v5.xlsx,https://www.aer.gov.au/system/files/2025-05/AER%20-%20Consolidated%20stakeholder%20report%202025%E2%80%9326%20v5%C2%A0.xlsx,sources/dnsp/ergon/Ergon_Network_Price_List_2025-26_Sch8_wayback.xlsx,,,,AER-side file prices a tariff its own name marks as withdrawn/closed; distributor no longer publishes it,
Ergon Energy,2025-26,aer_only_code,aer_zero_placeholder,WTBA10T1,West Small Business Demand,0 priced component(s),,,,,,,,,,NUoS,NUoS,AER,DNSP,sources/aer/AER_Consolidated_stakeholder_report_2025-26_v5.xlsx,https://www.aer.gov.au/system/files/2025-05/AER%20-%20Consolidated%20stakeholder%20report%202025%E2%80%9326%20v5%C2%A0.xlsx,sources/dnsp/ergon/Ergon_Network_Price_List_2025-26_Sch8_wayback.xlsx,,,,AER-side file lists this tariff with no prices (placeholder / TBA code),zero-priced row; aer_id=TD-ERG26oth-DmdW
Ergon Energy,2025-26,aer_only_code,aer_zero_placeholder,WTBA12T1,West Small Business Flexible Load,0 priced component(s),,,,,,,,,,NUoS,NUoS,AER,DNSP,sources/aer/AER_Consolidated_stakeholder_report_2025-26_v5.xlsx,https://www.aer.gov.au/system/files/2025-05/AER%20-%20Consolidated%20stakeholder%20report%202025%E2%80%9326%20v5%C2%A0.xlsx,sources/dnsp/ergon/Ergon_Network_Price_List_2025-26_Sch8_wayback.xlsx,,,,AER-side file lists this tariff with no prices (placeholder / TBA code),zero-priced row; aer_id=TD-ERG26oth-FlxW
Ergon Energy,2025-26,aer_only_code,aer_zero_placeholder,WTBA13T1,West Residential Demand,0 priced component(s),,,,,,,,,,NUoS,NUoS,AER,DNSP,sources/aer/AER_Consolidated_stakeholder_report_2025-26_v5.xlsx,https://www.aer.gov.au/system/files/2025-05/AER%20-%20Consolidated%20stakeholder%20report%202025%E2%80%9326%20v5%C2%A0.xlsx,sources/dnsp/ergon/Ergon_Network_Price_List_2025-26_Sch8_wayback.xlsx,,,,AER-side file lists this tariff with no prices (placeholder / TBA code),zero-priced row; aer_id=TD-ERG26res-DmdW
Ergon Energy,2025-26,aer_only_code,aer_zero_placeholder,WTBA15T1,West Residential Flexible Load,0 priced component(s),,,,,,,,,,NUoS,NUoS,AER,DNSP,sources/aer/AER_Consolidated_stakeholder_report_2025-26_v5.xlsx,https://www.aer.gov.au/system/files/2025-05/AER%20-%20Consolidated%20stakeholder%20report%202025%E2%80%9326%20v5%C2%A0.xlsx,sources/dnsp/ergon/Ergon_Network_Price_List_2025-26_Sch8_wayback.xlsx,,,,AER-side file lists this tariff with no prices (placeholder / TBA code),zero-priced row; aer_id=TD-ERG26res-FlxW
Ergon Energy,2025-26,dnsp_only_code,withdrawn_tariff,EBFRMT1,Transitional Network ToU Energy Tariff 1,4 component(s),,,,,,,,,,NUoS,NUoS,AER,DNSP,sources/aer/AER_Consolidated_stakeholder_report_2025-26_v5.xlsx,,sources/dnsp/ergon/Ergon_Network_Price_List_2025-26_Sch8_wayback.xlsx,https://web.archive.org/web/20251115144400/https://www.ergon.com.au/__data/assets/excel_doc/0006/1631166/Ergon-Energy-2025-26-Network-Price-List-updated-for-Sch-8.xlsx,Transitional Network ToU Energy Tariff 1,,distributor still prices a tariff it marks obsolete/closed; AER-side file does not list it,sheet 'SACS Business' NUoS block row 17; zone: East; *Grandfathered; NUoS includes Metering block charge 0.115 $/day (NUoS = DUoS+TUoS+JSA+Metering)
Ergon Energy,2025-26,dnsp_only_code,withdrawn_tariff,EBIRRT1,Transitional Network ToU Energy Tariff 2,3 component(s),,,,,,,,,,NUoS,NUoS,AER,DNSP,sources/aer/AER_Consolidated_stakeholder_report_2025-26_v5.xlsx,,sources/dnsp/ergon/Ergon_Network_Price_List_2025-26_Sch8_wayback.xlsx,https://web.archive.org/web/20251115144400/https://www.ergon.com.au/__data/assets/excel_doc/0006/1631166/Ergon-Energy-2025-26-Network-Price-List-updated-for-Sch-8.xlsx,Transitional Network ToU Energy Tariff 2,,distributor still prices a tariff it marks obsolete/closed; AER-side file does not list it,sheet 'SACS Business' NUoS block row 18; zone: East; *Grandfathered; NUoS includes Metering block charge 0.115 $/day (NUoS = DUoS+TUoS+JSA+Metering)
Ergon Energy,2025-26,dnsp_only_code,withdrawn_tariff,EBPMPT1,Transitional Network Dual Rate Demand Tariff 3,4 component(s),,,,,,,,,,NUoS,NUoS,AER,DNSP,sources/aer/AER_Consolidated_stakeholder_report_2025-26_v5.xlsx,,sources/dnsp/ergon/Ergon_Network_Price_List_2025-26_Sch8_wayback.xlsx,https://web.archive.org/web/20251115144400/https://www.ergon.com.au/__data/assets/excel_doc/0006/1631166/Ergon-Energy-2025-26-Network-Price-List-updated-for-Sch-8.xlsx,Transitional Network Dual Rate Demand Tariff 3,,distributor still prices a tariff it marks obsolete/closed; AER-side file does not list it,sheet 'SACS Business' NUoS block row 19; zone: East; *Grandfathered; NUoS includes Metering block charge 0.115 $/day (NUoS = DUoS+TUoS+JSA+Metering)
Ergon Energy,2025-26,dnsp_only_code,trial_tariff,ECPRCET1,CAC Dynamic Price Storage,4 component(s),,,,,,,,,,NUoS,NUoS,AER,DNSP,sources/aer/AER_Consolidated_stakeholder_report_2025-26_v5.xlsx,,sources/dnsp/ergon/Ergon_Network_Price_List_2025-26_Sch8_wayback.xlsx,https://web.archive.org/web/20251115144400/https://www.ergon.com.au/__data/assets/excel_doc/0006/1631166/Ergon-Energy-2025-26-Network-Price-List-updated-for-Sch-8.xlsx,CAC Dynamic Price Storage,,trial tariff published by distributor; AER-side file has no priced counterpart,sheet 'Tariff Trials' NUoS block row 8; zone: East; trial tariff
Ergon Energy,2025-26,dnsp_only_code,trial_tariff,ESCPRCET1,CAC Secondary Dynamic Price Storage,2 component(s),,,,,,,,,,NUoS,NUoS,AER,DNSP,sources/aer/AER_Consolidated_stakeholder_report_2025-26_v5.xlsx,,sources/dnsp/ergon/Ergon_Network_Price_List_2025-26_Sch8_wayback.xlsx,https://web.archive.org/web/20251115144400/https://www.ergon.com.au/__data/assets/excel_doc/0006/1631166/Ergon-Energy-2025-26-Network-Price-List-updated-for-Sch-8.xlsx,CAC Secondary Dynamic Price Storage,,trial tariff published by distributor; AER-side file has no priced counterpart,sheet 'Tariff Trials' NUoS block row 11; zone: East; trial tariff
Ergon Energy,2025-26,dnsp_only_code,trial_tariff,ESPRCET1,SAC Dynamic Price Storage,4 component(s),,,,,,,,,,NUoS,NUoS,AER,DNSP,sources/aer/AER_Consolidated_stakeholder_report_2025-26_v5.xlsx,,sources/dnsp/ergon/Ergon_Network_Price_List_2025-26_Sch8_wayback.xlsx,https://web.archive.org/web/20251115144400/https://www.ergon.com.au/__data/assets/excel_doc/0006/1631166/Ergon-Energy-2025-26-Network-Price-List-updated-for-Sch-8.xlsx,SAC Dynamic Price Storage,,trial tariff published by distributor; AER-side file has no priced counterpart,sheet 'Tariff Trials' NUoS block row 9; zone: East; trial tariff
Ergon Energy,2025-26,dnsp_only_code,trial_tariff,ESSPRCET1,SAC Secondary Dynamic Price Storage,2 component(s),,,,,,,,,,NUoS,NUoS,AER,DNSP,sources/aer/AER_Consolidated_stakeholder_report_2025-26_v5.xlsx,,sources/dnsp/ergon/Ergon_Network_Price_List_2025-26_Sch8_wayback.xlsx,https://web.archive.org/web/20251115144400/https://www.ergon.com.au/__data/assets/excel_doc/0006/1631166/Ergon-Energy-2025-26-Network-Price-List-updated-for-Sch-8.xlsx,SAC Secondary Dynamic Price Storage,,trial tariff published by distributor; AER-side file has no priced counterpart,sheet 'Tariff Trials' NUoS block row 12; zone: East; trial tariff
Ergon Energy,2026-27,value_differs,metering_in_fixed,MRTDEMT4,MtIsa Residential TOU Demand&Energy,Fixed,1.561,$/day,1.677,$/day,156.1,167.7,c/day,11.6,7.4311,NUoS,NUoS,AER,DNSP,sources/aer/AER_Consolidated_stakeholder_report_2026-27_26Aug2026.xlsx,https://www.aer.gov.au/system/files/2026-08/AER%20%E2%80%93%202026%E2%80%9327%20%E2%80%93%20Consolidated%20stakeholder%20report%20%E2%80%93%2026%20August%202026.xlsx,sources/dnsp/ergon/Ergon_Network_Price_List_2026-27_Sch8_wayback.xlsx,https://web.archive.org/web/20260830070034/https://www.ergon.com.au/__data/assets/excel_doc/0012/1985979/Ergon-Energy-2026-27-Network-Price-List-Updated-for-Sch-8.xlsx,Residential ToU Demand&Energy,Fixed Charge,distributor's NUoS fixed charge embeds the legacy metering charge (stated in its document); AER file lists metering separately,sheet 'SACS Residential' NUoS block row 13; zone: Mt Isa; NUoS includes Metering block charge 0.116 $/day (NUoS = DUoS+TUoS+JSA+Metering)
Ergon Energy,2026-27,value_differs,metering_in_fixed,ERTDEMT1,East Residential TOU Demand&Energy,Fixed,1.603,$/day,1.719,$/day,160.3,171.9,c/day,11.6,7.2364,NUoS,NUoS,AER,DNSP,sources/aer/AER_Consolidated_stakeholder_report_2026-27_26Aug2026.xlsx,https://www.aer.gov.au/system/files/2026-08/AER%20%E2%80%93%202026%E2%80%9327%20%E2%80%93%20Consolidated%20stakeholder%20report%20%E2%80%93%2026%20August%202026.xlsx,sources/dnsp/ergon/Ergon_Network_Price_List_2026-27_Sch8_wayback.xlsx,https://web.archive.org/web/20260830070034/https://www.ergon.com.au/__data/assets/excel_doc/0012/1985979/Ergon-Energy-2026-27-Network-Price-List-Updated-for-Sch-8.xlsx,Residential ToU Demand&Energy,Fixed Charge,distributor's NUoS fixed charge embeds the legacy metering charge (stated in its document); AER file lists metering separately,sheet 'SACS Residential' NUoS block row 11; zone: East; NUoS includes Metering block charge 0.116 $/day (NUoS = DUoS+TUoS+JSA+Metering)
Ergon Energy,2026-27,value_differs,metering_in_fixed,ERTOUET1,East Residential TOU Energy,Fixed,1.73,$/day,1.846,$/day,173.0,184.6,c/day,11.6,6.7052,NUoS,NUoS,AER,DNSP,sources/aer/AER_Consolidated_stakeholder_report_2026-27_26Aug2026.xlsx,https://www.aer.gov.au/system/files/2026-08/AER%20%E2%80%93%202026%E2%80%9327%20%E2%80%93%20Consolidated%20stakeholder%20report%20%E2%80%93%2026%20August%202026.xlsx,sources/dnsp/ergon/Ergon_Network_Price_List_2026-27_Sch8_wayback.xlsx,https://web.archive.org/web/20260830070034/https://www.ergon.com.au/__data/assets/excel_doc/0012/1985979/Ergon-Energy-2026-27-Network-Price-List-Updated-for-Sch-8.xlsx,Residential ToU Energy,Fixed Charge,distributor's NUoS fixed charge embeds the legacy metering charge (stated in its document); AER file lists metering separately,sheet 'SACS Residential' NUoS block row 8; zone: East; NUoS includes Metering block charge 0.116 $/day (NUoS = DUoS+TUoS+JSA+Metering)
Ergon Energy,2026-27,value_differs,metering_in_fixed,MRTOUET4,MtIsa Residential TOU Energy,Fixed,1.743,$/day,1.859,$/day,174.3,185.9,c/day,11.6,6.6552,NUoS,NUoS,AER,DNSP,sources/aer/AER_Consolidated_stakeholder_report_2026-27_26Aug2026.xlsx,https://www.aer.gov.au/system/files/2026-08/AER%20%E2%80%93%202026%E2%80%9327%20%E2%80%93%20Consolidated%20stakeholder%20report%20%E2%80%93%2026%20August%202026.xlsx,sources/dnsp/ergon/Ergon_Network_Price_List_2026-27_Sch8_wayback.xlsx,https://web.archive.org/web/20260830070034/https://www.ergon.com.au/__data/assets/excel_doc/0012/1985979/Ergon-Energy-2026-27-Network-Price-List-Updated-for-Sch-8.xlsx,Residential ToU Energy,Fixed Charge,distributor's NUoS fixed charge embeds the legacy metering charge (stated in its document); AER file lists metering separately,sheet 'SACS Residential' NUoS block row 10; zone: Mt Isa; NUoS includes Metering block charge 0.116 $/day (NUoS = DUoS+TUoS+JSA+Metering)
Ergon Energy,2026-27,value_differs,metering_in_fixed,ERIBT1,East Residential Flat,Fixed,2.088,$/day,2.204,$/day,208.8,220.4,c/day,11.6,5.5556,NUoS,NUoS,AER,DNSP,sources/aer/AER_Consolidated_stakeholder_report_2026-27_26Aug2026.xlsx,https://www.aer.gov.au/system/files/2026-08/AER%20%E2%80%93%202026%E2%80%9327%20%E2%80%93%20Consolidated%20stakeholder%20report%20%E2%80%93%2026%20August%202026.xlsx,sources/dnsp/ergon/Ergon_Network_Price_List_2026-27_Sch8_wayback.xlsx,https://web.archive.org/web/20260830070034/https://www.ergon.com.au/__data/assets/excel_doc/0012/1985979/Ergon-Energy-2026-27-Network-Price-List-Updated-for-Sch-8.xlsx,Residential Flat,Fixed Charge,distributor's NUoS fixed charge embeds the legacy metering charge (stated in its document); AER file lists metering separately,sheet 'SACS Residential' NUoS block row 14; zone: East; * Closed to new customers; NUoS includes Metering block charge 0.116 $/day (NUoS = DUoS+TUoS+JSA+Metering)
Ergon Energy,2026-27,value_differs,metering_in_fixed,MRIBT4,MtIsa Residential Flat,Fixed,2.147,$/day,2.263,$/day,214.7,226.3,c/day,11.6,5.4029,NUoS,NUoS,AER,DNSP,sources/aer/AER_Consolidated_stakeholder_report_2026-27_26Aug2026.xlsx,https://www.aer.gov.au/system/files/2026-08/AER%20%E2%80%93%202026%E2%80%9327%20%E2%80%93%20Consolidated%20stakeholder%20report%20%E2%80%93%2026%20August%202026.xlsx,sources/dnsp/ergon/Ergon_Network_Price_List_2026-27_Sch8_wayback.xlsx,https://web.archive.org/web/20260830070034/https://www.ergon.com.au/__data/assets/excel_doc/0012/1985979/Ergon-Energy-2026-27-Network-Price-List-Updated-for-Sch-8.xlsx,Residential Flat,Fixed Charge,distributor's NUoS fixed charge embeds the legacy metering charge (stated in its document); AER file lists metering separately,sheet 'SACS Residential' NUoS block row 16; zone: Mt Isa; * Closed to new customers; NUoS includes Metering block charge 0.116 $/day (NUoS = DUoS+TUoS+JSA+Metering)
Ergon Energy,2026-27,value_differs,metering_in_fixed,MBPLCT4,Mt Isa Small Business Primary Load Control,Fixed,2.659,$/day,2.775,$/day,265.9,277.5,c/day,11.6,4.3625,NUoS,NUoS,AER,DNSP,sources/aer/AER_Consolidated_stakeholder_report_2026-27_26Aug2026.xlsx,https://www.aer.gov.au/system/files/2026-08/AER%20%E2%80%93%202026%E2%80%9327%20%E2%80%93%20Consolidated%20stakeholder%20report%20%E2%80%93%2026%20August%202026.xlsx,sources/dnsp/ergon/Ergon_Network_Price_List_2026-27_Sch8_wayback.xlsx,https://web.archive.org/web/20260830070034/https://www.ergon.com.au/__data/assets/excel_doc/0012/1985979/Ergon-Energy-2026-27-Network-Price-List-Updated-for-Sch-8.xlsx,Small Business Primary Load Control,Fixed Charge,distributor's NUoS fixed charge embeds the legacy metering charge (stated in its document); AER file lists metering separately,sheet 'SACS Business' NUoS block row 20; zone: Mt Isa; NUoS includes Metering block charge 0.116 $/day (NUoS = DUoS+TUoS+JSA+Metering)
Ergon Energy,2026-27,value_differs,metering_in_fixed,MBTDEMT4,MtIsa Small Business TOU Demand&Energy,Fixed,2.659,$/day,2.775,$/day,265.9,277.5,c/day,11.6,4.3625,NUoS,NUoS,AER,DNSP,sources/aer/AER_Consolidated_stakeholder_report_2026-27_26Aug2026.xlsx,https://www.aer.gov.au/system/files/2026-08/AER%20%E2%80%93%202026%E2%80%9327%20%E2%80%93%20Consolidated%20stakeholder%20report%20%E2%80%93%2026%20August%202026.xlsx,sources/dnsp/ergon/Ergon_Network_Price_List_2026-27_Sch8_wayback.xlsx,https://web.archive.org/web/20260830070034/https://www.ergon.com.au/__data/assets/excel_doc/0012/1985979/Ergon-Energy-2026-27-Network-Price-List-Updated-for-Sch-8.xlsx,Small Business ToU Demand&Energy,Fixed Charge,distributor's NUoS fixed charge embeds the legacy metering charge (stated in its document); AER file lists metering separately,sheet 'SACS Business' NUoS block row 13; zone: Mt Isa; NUoS includes Metering block charge 0.116 $/day (NUoS = DUoS+TUoS+JSA+Metering)
Ergon Energy,2026-27,value_differs,metering_in_fixed,EBPLCT1,East Small Business Primary Load Control,Fixed,2.687,$/day,2.803,$/day,268.7,280.3,c/day,11.6,4.3171,NUoS,NUoS,AER,DNSP,sources/aer/AER_Consolidated_stakeholder_report_2026-27_26Aug2026.xlsx,https://www.aer.gov.au/system/files/2026-08/AER%20%E2%80%93%202026%E2%80%9327%20%E2%80%93%20Consolidated%20stakeholder%20report%20%E2%80%93%2026%20August%202026.xlsx,sources/dnsp/ergon/Ergon_Network_Price_List_2026-27_Sch8_wayback.xlsx,https://web.archive.org/web/20260830070034/https://www.ergon.com.au/__data/assets/excel_doc/0012/1985979/Ergon-Energy-2026-27-Network-Price-List-Updated-for-Sch-8.xlsx,Small Business Primary Load Control,Fixed Charge,distributor's NUoS fixed charge embeds the legacy metering charge (stated in its document); AER file lists metering separately,sheet 'SACS Business' NUoS block row 18; zone: East; NUoS includes Metering block charge 0.116 $/day (NUoS = DUoS+TUoS+JSA+Metering)
Ergon Energy,2026-27,value_differs,metering_in_fixed,EBTDEMT1,East Small Business TOU Demand&Energy,Fixed,2.687,$/day,2.803,$/day,268.7,280.3,c/day,11.6,4.3171,NUoS,NUoS,AER,DNSP,sources/aer/AER_Consolidated_stakeholder_report_2026-27_26Aug2026.xlsx,https://www.aer.gov.au/system/files/2026-08/AER%20%E2%80%93%202026%E2%80%9327%20%E2%80%93%20Consolidated%20stakeholder%20report%20%E2%80%93%2026%20August%202026.xlsx,sources/dnsp/ergon/Ergon_Network_Price_List_2026-27_Sch8_wayback.xlsx,https://web.archive.org/web/20260830070034/https://www.ergon.com.au/__data/assets/excel_doc/0012/1985979/Ergon-Energy-2026-27-Network-Price-List-Updated-for-Sch-8.xlsx,Small Business ToU Demand&Energy,Fixed Charge,distributor's NUoS fixed charge embeds the legacy metering charge (stated in its document); AER file lists metering separately,sheet 'SACS Business' NUoS block row 11; zone: East; NUoS includes Metering block charge 0.116 $/day (NUoS = DUoS+TUoS+JSA+Metering)
Ergon Energy,2026-27,value_differs,metering_in_fixed,EBTOUET1,East Small Business ToU Energy,Fixed,3.329,$/day,3.445,$/day,332.9,344.5,c/day,11.6,3.4845,NUoS,NUoS,AER,DNSP,sources/aer/AER_Consolidated_stakeholder_report_2026-27_26Aug2026.xlsx,https://www.aer.gov.au/system/files/2026-08/AER%20%E2%80%93%202026%E2%80%9327%20%E2%80%93%20Consolidated%20stakeholder%20report%20%E2%80%93%2026%20August%202026.xlsx,sources/dnsp/ergon/Ergon_Network_Price_List_2026-27_Sch8_wayback.xlsx,https://web.archive.org/web/20260830070034/https://www.ergon.com.au/__data/assets/excel_doc/0012/1985979/Ergon-Energy-2026-27-Network-Price-List-Updated-for-Sch-8.xlsx,Small Business ToU Energy,Fixed Charge,distributor's NUoS fixed charge embeds the legacy metering charge (stated in its document); AER file lists metering separately,sheet 'SACS Business' NUoS block row 8; zone: East; NUoS includes Metering block charge 0.116 $/day (NUoS = DUoS+TUoS+JSA+Metering)
Ergon Energy,2026-27,value_differs,metering_in_fixed,MBTOUET4,MtIsa Small Business ToU Energy,Fixed,3.434,$/day,3.55,$/day,343.4,355.0,c/day,11.6,3.378,NUoS,NUoS,AER,DNSP,sources/aer/AER_Consolidated_stakeholder_report_2026-27_26Aug2026.xlsx,https://www.aer.gov.au/system/files/2026-08/AER%20%E2%80%93%202026%E2%80%9327%20%E2%80%93%20Consolidated%20stakeholder%20report%20%E2%80%93%2026%20August%202026.xlsx,sources/dnsp/ergon/Ergon_Network_Price_List_2026-27_Sch8_wayback.xlsx,https://web.archive.org/web/20260830070034/https://www.ergon.com.au/__data/assets/excel_doc/0012/1985979/Ergon-Energy-2026-27-Network-Price-List-Updated-for-Sch-8.xlsx,Small Business ToU Energy,Fixed Charge,distributor's NUoS fixed charge embeds the legacy metering charge (stated in its document); AER file lists metering separately,sheet 'SACS Business' NUoS block row 10; zone: Mt Isa; NUoS includes Metering block charge 0.116 $/day (NUoS = DUoS+TUoS+JSA+Metering)
Ergon Energy,2026-27,value_differs,metering_in_fixed,EBIBT1,East Business Flat,Fixed,3.515,$/day,3.631,$/day,351.5,363.1,c/day,11.6,3.3001,NUoS,NUoS,AER,DNSP,sources/aer/AER_Consolidated_stakeholder_report_2026-27_26Aug2026.xlsx,https://www.aer.gov.au/system/files/2026-08/AER%20%E2%80%93%202026%E2%80%9327%20%E2%80%93%20Consolidated%20stakeholder%20report%20%E2%80%93%2026%20August%202026.xlsx,sources/dnsp/ergon/Ergon_Network_Price_List_2026-27_Sch8_wayback.xlsx,https://web.archive.org/web/20260830070034/https://www.ergon.com.au/__data/assets/excel_doc/0012/1985979/Ergon-Energy-2026-27-Network-Price-List-Updated-for-Sch-8.xlsx,Business Flat,Fixed Charge,distributor's NUoS fixed charge embeds the legacy metering charge (stated in its document); AER file lists metering separately,sheet 'SACS Business' NUoS block row 14; zone: East; * Closed to new customers; NUoS includes Metering block charge 0.116 $/day (NUoS = DUoS+TUoS+JSA+Metering)
Ergon Energy,2026-27,value_differs,metering_in_fixed,MBIBT4,MtIsa Business Flat,Fixed,3.691,$/day,3.807,$/day,369.1,380.7,c/day,11.6,3.1428,NUoS,NUoS,AER,DNSP,sources/aer/AER_Consolidated_stakeholder_report_2026-27_26Aug2026.xlsx,https://www.aer.gov.au/system/files/2026-08/AER%20%E2%80%93%202026%E2%80%9327%20%E2%80%93%20Consolidated%20stakeholder%20report%20%E2%80%93%2026%20August%202026.xlsx,sources/dnsp/ergon/Ergon_Network_Price_List_2026-27_Sch8_wayback.xlsx,https://web.archive.org/web/20260830070034/https://www.ergon.com.au/__data/assets/excel_doc/0012/1985979/Ergon-Energy-2026-27-Network-Price-List-Updated-for-Sch-8.xlsx,Business Flat,Fixed Charge,distributor's NUoS fixed charge embeds the legacy metering charge (stated in its document); AER file lists metering separately,sheet 'SACS Business' NUoS block row 16; zone: Mt Isa; * Closed to new customers; NUoS includes Metering block charge 0.116 $/day (NUoS = DUoS+TUoS+JSA+Metering)
Ergon Energy,2026-27,value_differs,metering_in_fixed,WRTDEMT1,West Residential TOU Demand&Energy,Fixed,6.768,$/day,6.884,$/day,676.8,688.4,c/day,11.6,1.7139,NUoS,NUoS,AER,DNSP,sources/aer/AER_Consolidated_stakeholder_report_2026-27_26Aug2026.xlsx,https://www.aer.gov.au/system/files/2026-08/AER%20%E2%80%93%202026%E2%80%9327%20%E2%80%93%20Consolidated%20stakeholder%20report%20%E2%80%93%2026%20August%202026.xlsx,sources/dnsp/ergon/Ergon_Network_Price_List_2026-27_Sch8_wayback.xlsx,https://web.archive.org/web/20260830070034/https://www.ergon.com.au/__data/assets/excel_doc/0012/1985979/Ergon-Energy-2026-27-Network-Price-List-Updated-for-Sch-8.xlsx,Residential ToU Demand&Energy,Fixed Charge,distributor's NUoS fixed charge embeds the legacy metering charge (stated in its document); AER file lists metering separately,sheet 'SACS Residential' NUoS block row 12; zone: West; NUoS includes Metering block charge 0.116 $/day (NUoS = DUoS+TUoS+JSA+Metering)
Ergon Energy,2026-27,value_differs,metering_in_fixed,WRTOUET1,West Residential TOU Energy,Fixed,7.464,$/day,7.58,$/day,746.4,758.0,c/day,11.6,1.5541,NUoS,NUoS,AER,DNSP,sources/aer/AER_Consolidated_stakeholder_report_2026-27_26Aug2026.xlsx,https://www.aer.gov.au/system/files/2026-08/AER%20%E2%80%93%202026%E2%80%9327%20%E2%80%93%20Consolidated%20stakeholder%20report%20%E2%80%93%2026%20August%202026.xlsx,sources/dnsp/ergon/Ergon_Network_Price_List_2026-27_Sch8_wayback.xlsx,https://web.archive.org/web/20260830070034/https://www.ergon.com.au/__data/assets/excel_doc/0012/1985979/Ergon-Energy-2026-27-Network-Price-List-Updated-for-Sch-8.xlsx,Residential ToU Energy,Fixed Charge,distributor's NUoS fixed charge embeds the legacy metering charge (stated in its document); AER file lists metering separately,sheet 'SACS Residential' NUoS block row 9; zone: West; NUoS includes Metering block charge 0.116 $/day (NUoS = DUoS+TUoS+JSA+Metering)
Ergon Energy,2026-27,value_differs,metering_in_fixed,WRIBT1,West Residential Flat,Fixed,9.152,$/day,9.268,$/day,915.2,926.8,c/day,11.6,1.2675,NUoS,NUoS,AER,DNSP,sources/aer/AER_Consolidated_stakeholder_report_2026-27_26Aug2026.xlsx,https://www.aer.gov.au/system/files/2026-08/AER%20%E2%80%93%202026%E2%80%9327%20%E2%80%93%20Consolidated%20stakeholder%20report%20%E2%80%93%2026%20August%202026.xlsx,sources/dnsp/ergon/Ergon_Network_Price_List_2026-27_Sch8_wayback.xlsx,https://web.archive.org/web/20260830070034/https://www.ergon.com.au/__data/assets/excel_doc/0012/1985979/Ergon-Energy-2026-27-Network-Price-List-Updated-for-Sch-8.xlsx,Residential Flat,Fixed Charge,distributor's NUoS fixed charge embeds the legacy metering charge (stated in its document); AER file lists metering separately,sheet 'SACS Residential' NUoS block row 15; zone: West; * Closed to new customers; NUoS includes Metering block charge 0.116 $/day (NUoS = DUoS+TUoS+JSA+Metering)
Ergon Energy,2026-27,value_differs,metering_in_fixed,WBPLCT1,West Small Business Primary Load Control,Fixed,11.555,$/day,11.671,$/day,1155.5,1167.1,c/day,11.6,1.0039,NUoS,NUoS,AER,DNSP,sources/aer/AER_Consolidated_stakeholder_report_2026-27_26Aug2026.xlsx,https://www.aer.gov.au/system/files/2026-08/AER%20%E2%80%93%202026%E2%80%9327%20%E2%80%93%20Consolidated%20stakeholder%20report%20%E2%80%93%2026%20August%202026.xlsx,sources/dnsp/ergon/Ergon_Network_Price_List_2026-27_Sch8_wayback.xlsx,https://web.archive.org/web/20260830070034/https://www.ergon.com.au/__data/assets/excel_doc/0012/1985979/Ergon-Energy-2026-27-Network-Price-List-Updated-for-Sch-8.xlsx,Small Business Primary Load Control,Fixed Charge,distributor's NUoS fixed charge embeds the legacy metering charge (stated in its document); AER file lists metering separately,sheet 'SACS Business' NUoS block row 19; zone: West; NUoS includes Metering block charge 0.116 $/day (NUoS = DUoS+TUoS+JSA+Metering)
Ergon Energy,2026-27,value_differs,metering_in_fixed,WBTDEMT1,West Small Business TOU Demand&Energy,Fixed,11.555,$/day,11.671,$/day,1155.5,1167.1,c/day,11.6,1.0039,NUoS,NUoS,AER,DNSP,sources/aer/AER_Consolidated_stakeholder_report_2026-27_26Aug2026.xlsx,https://www.aer.gov.au/system/files/2026-08/AER%20%E2%80%93%202026%E2%80%9327%20%E2%80%93%20Consolidated%20stakeholder%20report%20%E2%80%93%2026%20August%202026.xlsx,sources/dnsp/ergon/Ergon_Network_Price_List_2026-27_Sch8_wayback.xlsx,https://web.archive.org/web/20260830070034/https://www.ergon.com.au/__data/assets/excel_doc/0012/1985979/Ergon-Energy-2026-27-Network-Price-List-Updated-for-Sch-8.xlsx,Small Business ToU Demand&Energy,Fixed Charge,distributor's NUoS fixed charge embeds the legacy metering charge (stated in its document); AER file lists metering separately,sheet 'SACS Business' NUoS block row 12; zone: West; NUoS includes Metering block charge 0.116 $/day (NUoS = DUoS+TUoS+JSA+Metering)
Ergon Energy,2026-27,value_differs,metering_in_fixed,WBTOUET1,West Small Business ToU Energy,Fixed,14.49,$/day,14.606,$/day,1449.0,1460.6,c/day,11.6,0.8006,NUoS,NUoS,AER,DNSP,sources/aer/AER_Consolidated_stakeholder_report_2026-27_26Aug2026.xlsx,https://www.aer.gov.au/system/files/2026-08/AER%20%E2%80%93%202026%E2%80%9327%20%E2%80%93%20Consolidated%20stakeholder%20report%20%E2%80%93%2026%20August%202026.xlsx,sources/dnsp/ergon/Ergon_Network_Price_List_2026-27_Sch8_wayback.xlsx,https://web.archive.org/web/20260830070034/https://www.ergon.com.au/__data/assets/excel_doc/0012/1985979/Ergon-Energy-2026-27-Network-Price-List-Updated-for-Sch-8.xlsx,Small Business ToU Energy,Fixed Charge,distributor's NUoS fixed charge embeds the legacy metering charge (stated in its document); AER file lists metering separately,sheet 'SACS Business' NUoS block row 9; zone: West; NUoS includes Metering block charge 0.116 $/day (NUoS = DUoS+TUoS+JSA+Metering)
Ergon Energy,2026-27,value_differs,metering_in_fixed,WBIBT1,West Business Flat,Fixed,15.706,$/day,15.822,$/day,1570.6,1582.2,c/day,11.6,0.7386,NUoS,NUoS,AER,DNSP,sources/aer/AER_Consolidated_stakeholder_report_2026-27_26Aug2026.xlsx,https://www.aer.gov.au/system/files/2026-08/AER%20%E2%80%93%202026%E2%80%9327%20%E2%80%93%20Consolidated%20stakeholder%20report%20%E2%80%93%2026%20August%202026.xlsx,sources/dnsp/ergon/Ergon_Network_Price_List_2026-27_Sch8_wayback.xlsx,https://web.archive.org/web/20260830070034/https://www.ergon.com.au/__data/assets/excel_doc/0012/1985979/Ergon-Energy-2026-27-Network-Price-List-Updated-for-Sch-8.xlsx,Business Flat,Fixed Charge,distributor's NUoS fixed charge embeds the legacy metering charge (stated in its document); AER file lists metering separately,sheet 'SACS Business' NUoS block row 15; zone: West; * Closed to new customers; NUoS includes Metering block charge 0.116 $/day (NUoS = DUoS+TUoS+JSA+Metering)
Ergon Energy,2026-27,value_differs,metering_in_fixed,MLTOUET4,MtIsa Large TOU Energy,Fixed,47.552,$/day,47.668,$/day,4755.2,4766.8,c/day,11.6,0.2439,NUoS,NUoS,AER,DNSP,sources/aer/AER_Consolidated_stakeholder_report_2026-27_26Aug2026.xlsx,https://www.aer.gov.au/system/files/2026-08/AER%20%E2%80%93%202026%E2%80%9327%20%E2%80%93%20Consolidated%20stakeholder%20report%20%E2%80%93%2026%20August%202026.xlsx,sources/dnsp/ergon/Ergon_Network_Price_List_2026-27_Sch8_wayback.xlsx,https://web.archive.org/web/20260830070034/https://www.ergon.com.au/__data/assets/excel_doc/0012/1985979/Ergon-Energy-2026-27-Network-Price-List-Updated-for-Sch-8.xlsx,Large TOU Energy,Fixed Charge,distributor's NUoS fixed charge embeds the legacy metering charge (stated in its document); AER file lists metering separately,sheet 'SAC Large' NUoS block row 19; zone: Mt Isa; NUoS includes Metering block charge 0.116 $/day (NUoS = DUoS+TUoS+JSA+Metering)
Ergon Energy,2026-27,value_differs,metering_in_fixed,MLPLCT4,MtIsa Large Business Primary Load Control,Fixed,49.041,$/day,49.157,$/day,4904.1,4915.7,c/day,11.6,0.2365,NUoS,NUoS,AER,DNSP,sources/aer/AER_Consolidated_stakeholder_report_2026-27_26Aug2026.xlsx,https://www.aer.gov.au/system/files/2026-08/AER%20%E2%80%93%202026%E2%80%9327%20%E2%80%93%20Consolidated%20stakeholder%20report%20%E2%80%93%2026%20August%202026.xlsx,sources/dnsp/ergon/Ergon_Network_Price_List_2026-27_Sch8_wayback.xlsx,https://web.archive.org/web/20260830070034/https://www.ergon.com.au/__data/assets/excel_doc/0012/1985979/Ergon-Energy-2026-27-Network-Price-List-Updated-for-Sch-8.xlsx,Large Business Primary Load Control,Fixed Charge,distributor's NUoS fixed charge embeds the legacy metering charge (stated in its document); AER file lists metering separately,sheet 'SAC Large' NUoS block row 27; zone: Mt Isa; NUoS includes Metering block charge 0.116 $/day (NUoS = DUoS+TUoS+JSA+Metering)
Ergon Energy,2026-27,value_differs,metering_in_fixed,ELPLCT1,East Large Business Primary Load Control,Fixed,49.458,$/day,49.574,$/day,4945.8,4957.4,c/day,11.6,0.2345,NUoS,NUoS,AER,DNSP,sources/aer/AER_Consolidated_stakeholder_report_2026-27_26Aug2026.xlsx,https://www.aer.gov.au/system/files/2026-08/AER%20%E2%80%93%202026%E2%80%9327%20%E2%80%93%20Consolidated%20stakeholder%20report%20%E2%80%93%2026%20August%202026.xlsx,sources/dnsp/ergon/Ergon_Network_Price_List_2026-27_Sch8_wayback.xlsx,https://web.archive.org/web/20260830070034/https://www.ergon.com.au/__data/assets/excel_doc/0012/1985979/Ergon-Energy-2026-27-Network-Price-List-Updated-for-Sch-8.xlsx,Large Business Primary Load Control,Fixed Charge,distributor's NUoS fixed charge embeds the legacy metering charge (stated in its document); AER file lists metering separately,sheet 'SAC Large' NUoS block row 25; zone: East; NUoS includes Metering block charge 0.116 $/day (NUoS = DUoS+TUoS+JSA+Metering)
Ergon Energy,2026-27,value_differs,metering_in_fixed,MLFLEXT4,MtIsa Large Dynamic Flex Storage,Fixed,49.608,$/day,49.724,$/day,4960.8,4972.4,c/day,11.6,0.2338,NUoS,NUoS,AER,DNSP,sources/aer/AER_Consolidated_stakeholder_report_2026-27_26Aug2026.xlsx,https://www.aer.gov.au/system/files/2026-08/AER%20%E2%80%93%202026%E2%80%9327%20%E2%80%93%20Consolidated%20stakeholder%20report%20%E2%80%93%2026%20August%202026.xlsx,sources/dnsp/ergon/Ergon_Network_Price_List_2026-27_Sch8_wayback.xlsx,https://web.archive.org/web/20260830070034/https://www.ergon.com.au/__data/assets/excel_doc/0012/1985979/Ergon-Energy-2026-27-Network-Price-List-Updated-for-Sch-8.xlsx,Large Dynamic Flex Storage,Fixed Charge,distributor's NUoS fixed charge embeds the legacy metering charge (stated in its document); AER file lists metering separately,sheet 'SAC Large' NUoS block row 23; zone: Mt Isa; NUoS includes Metering block charge 0.116 $/day (NUoS = DUoS+TUoS+JSA+Metering)
Ergon Energy,2026-27,value_differs,metering_in_fixed,ELFLEXT1,East Large Dynamic Flex Storage,Fixed,50.025,$/day,50.141,$/day,5002.5,5014.1,c/day,11.6,0.2319,NUoS,NUoS,AER,DNSP,sources/aer/AER_Consolidated_stakeholder_report_2026-27_26Aug2026.xlsx,https://www.aer.gov.au/system/files/2026-08/AER%20%E2%80%93%202026%E2%80%9327%20%E2%80%93%20Consolidated%20stakeholder%20report%20%E2%80%93%2026%20August%202026.xlsx,sources/dnsp/ergon/Ergon_Network_Price_List_2026-27_Sch8_wayback.xlsx,https://web.archive.org/web/20260830070034/https://www.ergon.com.au/__data/assets/excel_doc/0012/1985979/Ergon-Energy-2026-27-Network-Price-List-Updated-for-Sch-8.xlsx,Large Dynamic Flex Storage,Fixed Charge,distributor's NUoS fixed charge embeds the legacy metering charge (stated in its document); AER file lists metering separately,sheet 'SAC Large' NUoS block row 21; zone: East; NUoS includes Metering block charge 0.116 $/day (NUoS = DUoS+TUoS+JSA+Metering)
Ergon Energy,2026-27,value_differs,metering_in_fixed,MLTOUDT4,MtIsa Large TOU Demand&Energy,Fixed,51.664,$/day,51.78,$/day,5166.4,5178.0,c/day,11.6,0.2245,NUoS,NUoS,AER,DNSP,sources/aer/AER_Consolidated_stakeholder_report_2026-27_26Aug2026.xlsx,https://www.aer.gov.au/system/files/2026-08/AER%20%E2%80%93%202026%E2%80%9327%20%E2%80%93%20Consolidated%20stakeholder%20report%20%E2%80%93%2026%20August%202026.xlsx,sources/dnsp/ergon/Ergon_Network_Price_List_2026-27_Sch8_wayback.xlsx,https://web.archive.org/web/20260830070034/https://www.ergon.com.au/__data/assets/excel_doc/0012/1985979/Ergon-Energy-2026-27-Network-Price-List-Updated-for-Sch-8.xlsx,Large ToU Demand&Energy,Fixed Charge,distributor's NUoS fixed charge embeds the legacy metering charge (stated in its document); AER file lists metering separately,sheet 'SAC Large' NUoS block row 10; zone: Mt Isa; NUoS includes Metering block charge 0.116 $/day (NUoS = DUoS+TUoS+JSA+Metering)
Ergon Energy,2026-27,value_differs,metering_in_fixed,ELTOUDT1,East Large TOU Demand&Energy,Fixed,53.344,$/day,53.46,$/day,5334.4,5346.0,c/day,11.6,0.2175,NUoS,NUoS,AER,DNSP,sources/aer/AER_Consolidated_stakeholder_report_2026-27_26Aug2026.xlsx,https://www.aer.gov.au/system/files/2026-08/AER%20%E2%80%93%202026%E2%80%9327%20%E2%80%93%20Consolidated%20stakeholder%20report%20%E2%80%93%2026%20August%202026.xlsx,sources/dnsp/ergon/Ergon_Network_Price_List_2026-27_Sch8_wayback.xlsx,https://web.archive.org/web/20260830070034/https://www.ergon.com.au/__data/assets/excel_doc/0012/1985979/Ergon-Energy-2026-27-Network-Price-List-Updated-for-Sch-8.xlsx,Large ToU Demand&Energy,Fixed Charge,distributor's NUoS fixed charge embeds the legacy metering charge (stated in its document); AER file lists metering separately,sheet 'SAC Large' NUoS block row 8; zone: East; NUoS includes Metering block charge 0.116 $/day (NUoS = DUoS+TUoS+JSA+Metering)
Ergon Energy,2026-27,value_differs,metering_in_fixed,MBESTT4,MtIsa Large Business Energy,Fixed,54.837,$/day,54.953,$/day,5483.7,5495.3,c/day,11.6,0.2115,NUoS,NUoS,AER,DNSP,sources/aer/AER_Consolidated_stakeholder_report_2026-27_26Aug2026.xlsx,https://www.aer.gov.au/system/files/2026-08/AER%20%E2%80%93%202026%E2%80%9327%20%E2%80%93%20Consolidated%20stakeholder%20report%20%E2%80%93%2026%20August%202026.xlsx,sources/dnsp/ergon/Ergon_Network_Price_List_2026-27_Sch8_wayback.xlsx,https://web.archive.org/web/20260830070034/https://www.ergon.com.au/__data/assets/excel_doc/0012/1985979/Ergon-Energy-2026-27-Network-Price-List-Updated-for-Sch-8.xlsx,Large Business Energy,Fixed Charge,distributor's NUoS fixed charge embeds the legacy metering charge (stated in its document); AER file lists metering separately,sheet 'SAC Large' NUoS block row 16; zone: Mt Isa; NUoS includes Metering block charge 0.116 $/day (NUoS = DUoS+TUoS+JSA+Metering)
Ergon Energy,2026-27,value_differs,metering_in_fixed,MDSTT4,MtIsa Demand Small,Fixed,54.837,$/day,54.953,$/day,5483.7,5495.3,c/day,11.6,0.2115,NUoS,NUoS,AER,DNSP,sources/aer/AER_Consolidated_stakeholder_report_2026-27_26Aug2026.xlsx,https://www.aer.gov.au/system/files/2026-08/AER%20%E2%80%93%202026%E2%80%9327%20%E2%80%93%20Consolidated%20stakeholder%20report%20%E2%80%93%2026%20August%202026.xlsx,sources/dnsp/ergon/Ergon_Network_Price_List_2026-27_Sch8_wayback.xlsx,https://web.archive.org/web/20260830070034/https://www.ergon.com.au/__data/assets/excel_doc/0012/1985979/Ergon-Energy-2026-27-Network-Price-List-Updated-for-Sch-8.xlsx,Demand Small,Fixed Charge,distributor's NUoS fixed charge embeds the legacy metering charge (stated in its document); AER file lists metering separately,sheet 'SAC Large' NUoS block row 13; zone: Mt Isa; NUoS includes Metering block charge 0.116 $/day (NUoS = DUoS+TUoS+JSA+Metering)
Ergon Energy,2026-27,value_differs,metering_in_fixed,EBESTT1,East Large Business Energy,Fixed,56.782,$/day,56.898,$/day,5678.2,5689.8,c/day,11.6,0.2043,NUoS,NUoS,AER,DNSP,sources/aer/AER_Consolidated_stakeholder_report_2026-27_26Aug2026.xlsx,https://www.aer.gov.au/system/files/2026-08/AER%20%E2%80%93%202026%E2%80%9327%20%E2%80%93%20Consolidated%20stakeholder%20report%20%E2%80%93%2026%20August%202026.xlsx,sources/dnsp/ergon/Ergon_Network_Price_List_2026-27_Sch8_wayback.xlsx,https://web.archive.org/web/20260830070034/https://www.ergon.com.au/__data/assets/excel_doc/0012/1985979/Ergon-Energy-2026-27-Network-Price-List-Updated-for-Sch-8.xlsx,Large Business Energy,Fixed Charge,distributor's NUoS fixed charge embeds the legacy metering charge (stated in its document); AER file lists metering separately,sheet 'SAC Large' NUoS block row 14; zone: East; NUoS includes Metering block charge 0.116 $/day (NUoS = DUoS+TUoS+JSA+Metering)
Ergon Energy,2026-27,value_differs,metering_in_fixed,EDSTT1,East Demand Small,Fixed,56.782,$/day,56.898,$/day,5678.2,5689.8,c/day,11.6,0.2043,NUoS,NUoS,AER,DNSP,sources/aer/AER_Consolidated_stakeholder_report_2026-27_26Aug2026.xlsx,https://www.aer.gov.au/system/files/2026-08/AER%20%E2%80%93%202026%E2%80%9327%20%E2%80%93%20Consolidated%20stakeholder%20report%20%E2%80%93%2026%20August%202026.xlsx,sources/dnsp/ergon/Ergon_Network_Price_List_2026-27_Sch8_wayback.xlsx,https://web.archive.org/web/20260830070034/https://www.ergon.com.au/__data/assets/excel_doc/0012/1985979/Ergon-Energy-2026-27-Network-Price-List-Updated-for-Sch-8.xlsx,Demand Small,Fixed Charge,distributor's NUoS fixed charge embeds the legacy metering charge (stated in its document); AER file lists metering separately,sheet 'SAC Large' NUoS block row 11; zone: East; NUoS includes Metering block charge 0.116 $/day (NUoS = DUoS+TUoS+JSA+Metering)
Ergon Energy,2026-27,value_differs,metering_in_fixed,WLPLCT1,West Large Business Primary Load Control,Fixed,241.206,$/day,241.322,$/day,24120.6,24132.2,c/day,11.6,0.0481,NUoS,NUoS,AER,DNSP,sources/aer/AER_Consolidated_stakeholder_report_2026-27_26Aug2026.xlsx,https://www.aer.gov.au/system/files/2026-08/AER%20%E2%80%93%202026%E2%80%9327%20%E2%80%93%20Consolidated%20stakeholder%20report%20%E2%80%93%2026%20August%202026.xlsx,sources/dnsp/ergon/Ergon_Network_Price_List_2026-27_Sch8_wayback.xlsx,https://web.archive.org/web/20260830070034/https://www.ergon.com.au/__data/assets/excel_doc/0012/1985979/Ergon-Energy-2026-27-Network-Price-List-Updated-for-Sch-8.xlsx,Large Business Primary Load Control,Fixed Charge,distributor's NUoS fixed charge embeds the legacy metering charge (stated in its document); AER file lists metering separately,sheet 'SAC Large' NUoS block row 26; zone: West; NUoS includes Metering block charge 0.116 $/day (NUoS = DUoS+TUoS+JSA+Metering)
Ergon Energy,2026-27,value_differs,metering_in_fixed,WLFLEXT1,West Large Dynamic Flex Storage,Fixed,244.322,$/day,244.438,$/day,24432.2,24443.8,c/day,11.6,0.0475,NUoS,NUoS,AER,DNSP,sources/aer/AER_Consolidated_stakeholder_report_2026-27_26Aug2026.xlsx,https://www.aer.gov.au/system/files/2026-08/AER%20%E2%80%93%202026%E2%80%9327%20%E2%80%93%20Consolidated%20stakeholder%20report%20%E2%80%93%2026%20August%202026.xlsx,sources/dnsp/ergon/Ergon_Network_Price_List_2026-27_Sch8_wayback.xlsx,https://web.archive.org/web/20260830070034/https://www.ergon.com.au/__data/assets/excel_doc/0012/1985979/Ergon-Energy-2026-27-Network-Price-List-Updated-for-Sch-8.xlsx,Large Dynamic Flex Storage,Fixed Charge,distributor's NUoS fixed charge embeds the legacy metering charge (stated in its document); AER file lists metering separately,sheet 'SAC Large' NUoS block row 22; zone: West; NUoS includes Metering block charge 0.116 $/day (NUoS = DUoS+TUoS+JSA+Metering)
Ergon Energy,2026-27,value_differs,metering_in_fixed,WLTOUDT1,West Large TOU Demand&Energy,Fixed,244.322,$/day,244.438,$/day,24432.2,24443.8,c/day,11.6,0.0475,NUoS,NUoS,AER,DNSP,sources/aer/AER_Consolidated_stakeholder_report_2026-27_26Aug2026.xlsx,https://www.aer.gov.au/system/files/2026-08/AER%20%E2%80%93%202026%E2%80%9327%20%E2%80%93%20Consolidated%20stakeholder%20report%20%E2%80%93%2026%20August%202026.xlsx,sources/dnsp/ergon/Ergon_Network_Price_List_2026-27_Sch8_wayback.xlsx,https://web.archive.org/web/20260830070034/https://www.ergon.com.au/__data/assets/excel_doc/0012/1985979/Ergon-Energy-2026-27-Network-Price-List-Updated-for-Sch-8.xlsx,Large ToU Demand&Energy,Fixed Charge,distributor's NUoS fixed charge embeds the legacy metering charge (stated in its document); AER file lists metering separately,sheet 'SAC Large' NUoS block row 9; zone: West; NUoS includes Metering block charge 0.116 $/day (NUoS = DUoS+TUoS+JSA+Metering)
Ergon Energy,2026-27,value_differs,metering_in_fixed,ELTOUET1,East Large TOU Energy,Fixed,268.846,$/day,268.962,$/day,26884.6,26896.2,c/day,11.6,0.0431,NUoS,NUoS,AER,DNSP,sources/aer/AER_Consolidated_stakeholder_report_2026-27_26Aug2026.xlsx,https://www.aer.gov.au/system/files/2026-08/AER%20%E2%80%93%202026%E2%80%9327%20%E2%80%93%20Consolidated%20stakeholder%20report%20%E2%80%93%2026%20August%202026.xlsx,sources/dnsp/ergon/Ergon_Network_Price_List_2026-27_Sch8_wayback.xlsx,https://web.archive.org/web/20260830070034/https://www.ergon.com.au/__data/assets/excel_doc/0012/1985979/Ergon-Energy-2026-27-Network-Price-List-Updated-for-Sch-8.xlsx,Large TOU Energy,Fixed Charge,distributor's NUoS fixed charge embeds the legacy metering charge (stated in its document); AER file lists metering separately,sheet 'SAC Large' NUoS block row 17; zone: East; NUoS includes Metering block charge 0.116 $/day (NUoS = DUoS+TUoS+JSA+Metering)
Ergon Energy,2026-27,value_differs,metering_in_fixed,WBESTT1,West Large Business Energy,Fixed,282.95,$/day,283.066,$/day,28295.0,28306.6,c/day,11.6,0.041,NUoS,NUoS,AER,DNSP,sources/aer/AER_Consolidated_stakeholder_report_2026-27_26Aug2026.xlsx,https://www.aer.gov.au/system/files/2026-08/AER%20%E2%80%93%202026%E2%80%9327%20%E2%80%93%20Consolidated%20stakeholder%20report%20%E2%80%93%2026%20August%202026.xlsx,sources/dnsp/ergon/Ergon_Network_Price_List_2026-27_Sch8_wayback.xlsx,https://web.archive.org/web/20260830070034/https://www.ergon.com.au/__data/assets/excel_doc/0012/1985979/Ergon-Energy-2026-27-Network-Price-List-Updated-for-Sch-8.xlsx,Large Business Energy,Fixed Charge,distributor's NUoS fixed charge embeds the legacy metering charge (stated in its document); AER file lists metering separately,sheet 'SAC Large' NUoS block row 15; zone: West; NUoS includes Metering block charge 0.116 $/day (NUoS = DUoS+TUoS+JSA+Metering)
Ergon Energy,2026-27,value_differs,metering_in_fixed,WDSTT1,West Demand Small,Fixed,282.95,$/day,283.066,$/day,28295.0,28306.6,c/day,11.6,0.041,NUoS,NUoS,AER,DNSP,sources/aer/AER_Consolidated_stakeholder_report_2026-27_26Aug2026.xlsx,https://www.aer.gov.au/system/files/2026-08/AER%20%E2%80%93%202026%E2%80%9327%20%E2%80%93%20Consolidated%20stakeholder%20report%20%E2%80%93%2026%20August%202026.xlsx,sources/dnsp/ergon/Ergon_Network_Price_List_2026-27_Sch8_wayback.xlsx,https://web.archive.org/web/20260830070034/https://www.ergon.com.au/__data/assets/excel_doc/0012/1985979/Ergon-Energy-2026-27-Network-Price-List-Updated-for-Sch-8.xlsx,Demand Small,Fixed Charge,distributor's NUoS fixed charge embeds the legacy metering charge (stated in its document); AER file lists metering separately,sheet 'SAC Large' NUoS block row 12; zone: West; NUoS includes Metering block charge 0.116 $/day (NUoS = DUoS+TUoS+JSA+Metering)
Ergon Energy,2026-27,value_differs,metering_in_fixed,WLTOUET1,West Large TOU Energy,Fixed,286.265,$/day,286.381,$/day,28626.5,28638.1,c/day,11.6,0.0405,NUoS,NUoS,AER,DNSP,sources/aer/AER_Consolidated_stakeholder_report_2026-27_26Aug2026.xlsx,https://www.aer.gov.au/system/files/2026-08/AER%20%E2%80%93%202026%E2%80%9327%20%E2%80%93%20Consolidated%20stakeholder%20report%20%E2%80%93%2026%20August%202026.xlsx,sources/dnsp/ergon/Ergon_Network_Price_List_2026-27_Sch8_wayback.xlsx,https://web.archive.org/web/20260830070034/https://www.ergon.com.au/__data/assets/excel_doc/0012/1985979/Ergon-Energy-2026-27-Network-Price-List-Updated-for-Sch-8.xlsx,Large TOU Energy,Fixed Charge,distributor's NUoS fixed charge embeds the legacy metering charge (stated in its document); AER file lists metering separately,sheet 'SAC Large' NUoS block row 18; zone: West; NUoS includes Metering block charge 0.116 $/day (NUoS = DUoS+TUoS+JSA+Metering)
Ergon Energy,2026-27,aer_only_code,aer_zero_placeholder,EBFRMT1,East Transitional Network ToU Energy Tariff 1,0 priced component(s),,,,,,,,,,NUoS,NUoS,AER,DNSP,sources/aer/AER_Consolidated_stakeholder_report_2026-27_26Aug2026.xlsx,https://www.aer.gov.au/system/files/2026-08/AER%20%E2%80%93%202026%E2%80%9327%20%E2%80%93%20Consolidated%20stakeholder%20report%20%E2%80%93%2026%20August%202026.xlsx,sources/dnsp/ergon/Ergon_Network_Price_List_2026-27_Sch8_wayback.xlsx,,,,AER-side file lists this tariff with no prices (placeholder / TBA code),zero-priced row
Ergon Energy,2026-27,aer_only_code,aer_zero_placeholder,EBIRRT1,East Transitional Network ToU Energy Tariff 2,0 priced component(s),,,,,,,,,,NUoS,NUoS,AER,DNSP,sources/aer/AER_Consolidated_stakeholder_report_2026-27_26Aug2026.xlsx,https://www.aer.gov.au/system/files/2026-08/AER%20%E2%80%93%202026%E2%80%9327%20%E2%80%93%20Consolidated%20stakeholder%20report%20%E2%80%93%2026%20August%202026.xlsx,sources/dnsp/ergon/Ergon_Network_Price_List_2026-27_Sch8_wayback.xlsx,,,,AER-side file lists this tariff with no prices (placeholder / TBA code),zero-priced row
Ergon Energy,2026-27,aer_only_code,aer_zero_placeholder,EBPMPT1,East Transitional Network Dual Rate Demand Tariff 3,0 priced component(s),,,,,,,,,,NUoS,NUoS,AER,DNSP,sources/aer/AER_Consolidated_stakeholder_report_2026-27_26Aug2026.xlsx,https://www.aer.gov.au/system/files/2026-08/AER%20%E2%80%93%202026%E2%80%9327%20%E2%80%93%20Consolidated%20stakeholder%20report%20%E2%80%93%2026%20August%202026.xlsx,sources/dnsp/ergon/Ergon_Network_Price_List_2026-27_Sch8_wayback.xlsx,,,,AER-side file lists this tariff with no prices (placeholder / TBA code),zero-priced row
Ergon Energy,2026-27,aer_only_code,aer_zero_placeholder,EICCT1,East ICC,0 priced component(s),,,,,,,,,,NUoS,NUoS,AER,DNSP,sources/aer/AER_Consolidated_stakeholder_report_2026-27_26Aug2026.xlsx,https://www.aer.gov.au/system/files/2026-08/AER%20%E2%80%93%202026%E2%80%9327%20%E2%80%93%20Consolidated%20stakeholder%20report%20%E2%80%93%2026%20August%202026.xlsx,sources/dnsp/ergon/Ergon_Network_Price_List_2026-27_Sch8_wayback.xlsx,,,,AER-side file lists this tariff with no prices (placeholder / TBA code),zero-priced row
Ergon Energy,2026-27,aer_only_code,aer_zero_placeholder,ETBA10T1,East Small Business Demand,0 priced component(s),,,,,,,,,,NUoS,NUoS,AER,DNSP,sources/aer/AER_Consolidated_stakeholder_report_2026-27_26Aug2026.xlsx,https://www.aer.gov.au/system/files/2026-08/AER%20%E2%80%93%202026%E2%80%9327%20%E2%80%93%20Consolidated%20stakeholder%20report%20%E2%80%93%2026%20August%202026.xlsx,sources/dnsp/ergon/Ergon_Network_Price_List_2026-27_Sch8_wayback.xlsx,,,,AER-side file lists this tariff with no prices (placeholder / TBA code),zero-priced row
Ergon Energy,2026-27,aer_only_code,aer_zero_placeholder,ETBA12T1,East Small Business Flexible Load,0 priced component(s),,,,,,,,,,NUoS,NUoS,AER,DNSP,sources/aer/AER_Consolidated_stakeholder_report_2026-27_26Aug2026.xlsx,https://www.aer.gov.au/system/files/2026-08/AER%20%E2%80%93%202026%E2%80%9327%20%E2%80%93%20Consolidated%20stakeholder%20report%20%E2%80%93%2026%20August%202026.xlsx,sources/dnsp/ergon/Ergon_Network_Price_List_2026-27_Sch8_wayback.xlsx,,,,AER-side file lists this tariff with no prices (placeholder / TBA code),zero-priced row
Ergon Energy,2026-27,aer_only_code,aer_zero_placeholder,ETBA13T1,East Residential Demand,0 priced component(s),,,,,,,,,,NUoS,NUoS,AER,DNSP,sources/aer/AER_Consolidated_stakeholder_report_2026-27_26Aug2026.xlsx,https://www.aer.gov.au/system/files/2026-08/AER%20%E2%80%93%202026%E2%80%9327%20%E2%80%93%20Consolidated%20stakeholder%20report%20%E2%80%93%2026%20August%202026.xlsx,sources/dnsp/ergon/Ergon_Network_Price_List_2026-27_Sch8_wayback.xlsx,,,,AER-side file lists this tariff with no prices (placeholder / TBA code),zero-priced row
Ergon Energy,2026-27,aer_only_code,aer_zero_placeholder,ETBA15T1,East Residential Flexible Load,0 priced component(s),,,,,,,,,,NUoS,NUoS,AER,DNSP,sources/aer/AER_Consolidated_stakeholder_report_2026-27_26Aug2026.xlsx,https://www.aer.gov.au/system/files/2026-08/AER%20%E2%80%93%202026%E2%80%9327%20%E2%80%93%20Consolidated%20stakeholder%20report%20%E2%80%93%2026%20August%202026.xlsx,sources/dnsp/ergon/Ergon_Network_Price_List_2026-27_Sch8_wayback.xlsx,,,,AER-side file lists this tariff with no prices (placeholder / TBA code),zero-priced row
Ergon Energy,2026-27,aer_only_code,aer_zero_placeholder,MTBA10T4,MtIsa Small Business Flexible Load,0 priced component(s),,,,,,,,,,NUoS,NUoS,AER,DNSP,sources/aer/AER_Consolidated_stakeholder_report_2026-27_26Aug2026.xlsx,https://www.aer.gov.au/system/files/2026-08/AER%20%E2%80%93%202026%E2%80%9327%20%E2%80%93%20Consolidated%20stakeholder%20report%20%E2%80%93%2026%20August%202026.xlsx,sources/dnsp/ergon/Ergon_Network_Price_List_2026-27_Sch8_wayback.xlsx,,,,AER-side file lists this tariff with no prices (placeholder / TBA code),zero-priced row
Ergon Energy,2026-27,aer_only_code,aer_zero_placeholder,MTBA11T4,MtIsa Residential Demand,0 priced component(s),,,,,,,,,,NUoS,NUoS,AER,DNSP,sources/aer/AER_Consolidated_stakeholder_report_2026-27_26Aug2026.xlsx,https://www.aer.gov.au/system/files/2026-08/AER%20%E2%80%93%202026%E2%80%9327%20%E2%80%93%20Consolidated%20stakeholder%20report%20%E2%80%93%2026%20August%202026.xlsx,sources/dnsp/ergon/Ergon_Network_Price_List_2026-27_Sch8_wayback.xlsx,,,,AER-side file lists this tariff with no prices (placeholder / TBA code),zero-priced row
Ergon Energy,2026-27,aer_only_code,aer_zero_placeholder,MTBA13T4,MtIsa Residential Flexible Load,0 priced component(s),,,,,,,,,,NUoS,NUoS,AER,DNSP,sources/aer/AER_Consolidated_stakeholder_report_2026-27_26Aug2026.xlsx,https://www.aer.gov.au/system/files/2026-08/AER%20%E2%80%93%202026%E2%80%9327%20%E2%80%93%20Consolidated%20stakeholder%20report%20%E2%80%93%2026%20August%202026.xlsx,sources/dnsp/ergon/Ergon_Network_Price_List_2026-27_Sch8_wayback.xlsx,,,,AER-side file lists this tariff with no prices (placeholder / TBA code),zero-priced row
Ergon Energy,2026-27,aer_only_code,aer_zero_placeholder,MTBA8T4,Mt Isa Small Business Demand,0 priced component(s),,,,,,,,,,NUoS,NUoS,AER,DNSP,sources/aer/AER_Consolidated_stakeholder_report_2026-27_26Aug2026.xlsx,https://www.aer.gov.au/system/files/2026-08/AER%20%E2%80%93%202026%E2%80%9327%20%E2%80%93%20Consolidated%20stakeholder%20report%20%E2%80%93%2026%20August%202026.xlsx,sources/dnsp/ergon/Ergon_Network_Price_List_2026-27_Sch8_wayback.xlsx,,,,AER-side file lists this tariff with no prices (placeholder / TBA code),zero-priced row
Ergon Energy,2026-27,aer_only_code,aer_zero_placeholder,WICCT1,West ICC,0 priced component(s),,,,,,,,,,NUoS,NUoS,AER,DNSP,sources/aer/AER_Consolidated_stakeholder_report_2026-27_26Aug2026.xlsx,https://www.aer.gov.au/system/files/2026-08/AER%20%E2%80%93%202026%E2%80%9327%20%E2%80%93%20Consolidated%20stakeholder%20report%20%E2%80%93%2026%20August%202026.xlsx,sources/dnsp/ergon/Ergon_Network_Price_List_2026-27_Sch8_wayback.xlsx,,,,AER-side file lists this tariff with no prices (placeholder / TBA code),zero-priced row
Ergon Energy,2026-27,aer_only_code,aer_zero_placeholder,WTBA10T1,West Small Business Demand,0 priced component(s),,,,,,,,,,NUoS,NUoS,AER,DNSP,sources/aer/AER_Consolidated_stakeholder_report_2026-27_26Aug2026.xlsx,https://www.aer.gov.au/system/files/2026-08/AER%20%E2%80%93%202026%E2%80%9327%20%E2%80%93%20Consolidated%20stakeholder%20report%20%E2%80%93%2026%20August%202026.xlsx,sources/dnsp/ergon/Ergon_Network_Price_List_2026-27_Sch8_wayback.xlsx,,,,AER-side file lists this tariff with no prices (placeholder / TBA code),zero-priced row
Ergon Energy,2026-27,aer_only_code,aer_zero_placeholder,WTBA12T1,West Small Business Flexible Load,0 priced component(s),,,,,,,,,,NUoS,NUoS,AER,DNSP,sources/aer/AER_Consolidated_stakeholder_report_2026-27_26Aug2026.xlsx,https://www.aer.gov.au/system/files/2026-08/AER%20%E2%80%93%202026%E2%80%9327%20%E2%80%93%20Consolidated%20stakeholder%20report%20%E2%80%93%2026%20August%202026.xlsx,sources/dnsp/ergon/Ergon_Network_Price_List_2026-27_Sch8_wayback.xlsx,,,,AER-side file lists this tariff with no prices (placeholder / TBA code),zero-priced row
Ergon Energy,2026-27,aer_only_code,aer_zero_placeholder,WTBA13T1,West Residential Demand,0 priced component(s),,,,,,,,,,NUoS,NUoS,AER,DNSP,sources/aer/AER_Consolidated_stakeholder_report_2026-27_26Aug2026.xlsx,https://www.aer.gov.au/system/files/2026-08/AER%20%E2%80%93%202026%E2%80%9327%20%E2%80%93%20Consolidated%20stakeholder%20report%20%E2%80%93%2026%20August%202026.xlsx,sources/dnsp/ergon/Ergon_Network_Price_List_2026-27_Sch8_wayback.xlsx,,,,AER-side file lists this tariff with no prices (placeholder / TBA code),zero-priced row
Ergon Energy,2026-27,aer_only_code,aer_zero_placeholder,WTBA15T1,West Residential Flexible Load,0 priced component(s),,,,,,,,,,NUoS,NUoS,AER,DNSP,sources/aer/AER_Consolidated_stakeholder_report_2026-27_26Aug2026.xlsx,https://www.aer.gov.au/system/files/2026-08/AER%20%E2%80%93%202026%E2%80%9327%20%E2%80%93%20Consolidated%20stakeholder%20report%20%E2%80%93%2026%20August%202026.xlsx,sources/dnsp/ergon/Ergon_Network_Price_List_2026-27_Sch8_wayback.xlsx,,,,AER-side file lists this tariff with no prices (placeholder / TBA code),zero-priced row
Ergon Energy,2026-27,dnsp_only_code,trial_tariff,ECHVDBT1,Dynamic Business HV Tariff Trial,7 component(s),,,,,,,,,,NUoS,NUoS,AER,DNSP,sources/aer/AER_Consolidated_stakeholder_report_2026-27_26Aug2026.xlsx,,sources/dnsp/ergon/Ergon_Network_Price_List_2026-27_Sch8_wayback.xlsx,https://web.archive.org/web/20260830070034/https://www.ergon.com.au/__data/assets/excel_doc/0012/1985979/Ergon-Energy-2026-27-Network-Price-List-Updated-for-Sch-8.xlsx,Dynamic Business HV Tariff Trial,,trial tariff published by distributor; AER-side file has no priced counterpart,sheet 'Tariff Trials' NUoS block row 11; zone: East; trial tariff
Ergon Energy,2026-27,dnsp_only_code,trial_tariff,ESLVDBT1,Dynamic Business LV Tariff Trial,6 component(s),,,,,,,,,,NUoS,NUoS,AER,DNSP,sources/aer/AER_Consolidated_stakeholder_report_2026-27_26Aug2026.xlsx,,sources/dnsp/ergon/Ergon_Network_Price_List_2026-27_Sch8_wayback.xlsx,https://web.archive.org/web/20260830070034/https://www.ergon.com.au/__data/assets/excel_doc/0012/1985979/Ergon-Energy-2026-27-Network-Price-List-Updated-for-Sch-8.xlsx,Dynamic Business LV Tariff Trial,,trial tariff published by distributor; AER-side file has no priced counterpart,sheet 'Tariff Trials' NUoS block row 8; zone: East; trial tariff
Ergon Energy,2026-27,dnsp_only_code,trial_tariff,WCHVDBT1,Dynamic Business HV Tariff Trial,7 component(s),,,,,,,,,,NUoS,NUoS,AER,DNSP,sources/aer/AER_Consolidated_stakeholder_report_2026-27_26Aug2026.xlsx,,sources/dnsp/ergon/Ergon_Network_Price_List_2026-27_Sch8_wayback.xlsx,https://web.archive.org/web/20260830070034/https://www.ergon.com.au/__data/assets/excel_doc/0012/1985979/Ergon-Energy-2026-27-Network-Price-List-Updated-for-Sch-8.xlsx,Dynamic Business HV Tariff Trial,,trial tariff published by distributor; AER-side file has no priced counterpart,sheet 'Tariff Trials' NUoS block row 12; zone: West; trial tariff
Ergon Energy,2026-27,dnsp_only_code,trial_tariff,WSLVDBT1,Dynamic Business LV Tariff Trial,6 component(s),,,,,,,,,,NUoS,NUoS,AER,DNSP,sources/aer/AER_Consolidated_stakeholder_report_2026-27_26Aug2026.xlsx,,sources/dnsp/ergon/Ergon_Network_Price_List_2026-27_Sch8_wayback.xlsx,https://web.archive.org/web/20260830070034/https://www.ergon.com.au/__data/assets/excel_doc/0012/1985979/Ergon-Energy-2026-27-Network-Price-List-Updated-for-Sch-8.xlsx,Dynamic Business LV Tariff Trial,,trial tariff published by distributor; AER-side file has no priced counterpart,sheet 'Tariff Trials' NUoS block row 9; zone: West; trial tariff
Essential Energy,2024-25,value_differs,uniform_adder,BLND1AR,LV Residential Opt in Demand,Fixed,406.1573769016,$/year,1.2788,$/Day,111.275994,127.88,c/day,16.604006,14.9215,NUoS,NUoS,AER,DNSP,sources/aer/2024-25_stakeholder_reports/AER_Stakeholder_report_Essential_2024-25.xlsx,https://www.aer.gov.au/system/files/2024-05/AER%20-%20Stakeholder%20report%20-%20Essential%20Energy%20-%202024%E2%80%9325%20Annual%20Pricing%20Proposal.xlsx,sources/dnsp/essential/Essential_Price_List_and_Explanatory_Notes_2024-25.pdf,https://www.essentialenergy.com.au/-/media/Project/EssentialEnergy/Website/Files/Our-Network/PriceListAndExplanatoryNotes2024-25.pdf?rev=1b3f27cf847e4f4ab903b59b257cd0ff,LV Residential ToU - Opt in Demand,Network Access,"same +16.6045 c/day offset on 17 fixed components of this distributor/year (constant adder: e.g. jurisdictional scheme, metering charge or mid-year re-pricing)",NUOS network price (total network price incl. transmission and jurisdictional scheme components); page 1; time period: PSO-Int
Essential Energy,2024-25,value_differs,uniform_adder,BLNN2AU,LV Residential Anytime,Fixed,406.1573769016,$/year,1.2788,$/Day,111.275994,127.88,c/day,16.604006,14.9215,NUoS,NUoS,AER,DNSP,sources/aer/2024-25_stakeholder_reports/AER_Stakeholder_report_Essential_2024-25.xlsx,https://www.aer.gov.au/system/files/2024-05/AER%20-%20Stakeholder%20report%20-%20Essential%20Energy%20-%202024%E2%80%9325%20Annual%20Pricing%20Proposal.xlsx,sources/dnsp/essential/Essential_Price_List_and_Explanatory_Notes_2024-25.pdf,https://www.essentialenergy.com.au/-/media/Project/EssentialEnergy/Website/Files/Our-Network/PriceListAndExplanatoryNotes2024-25.pdf?rev=1b3f27cf847e4f4ab903b59b257cd0ff,LV Residential Anytime,Network Access,"same +16.6045 c/day offset on 17 fixed components of this distributor/year (constant adder: e.g. jurisdictional scheme, metering charge or mid-year re-pricing)",NUOS network price (total network price incl. transmission and jurisdictional scheme components); page 2; obsolete tariff - not available for new connects or tariff changes; time period: Any
Essential Energy,2024-25,value_differs,uniform_adder,BLNRSS2,LV Residential ToU Sun Soaker,Fixed,406.1573769016,$/year,1.2788,$/Day,111.275994,127.88,c/day,16.604006,14.9215,NUoS,NUoS,AER,DNSP,sources/aer/2024-25_stakeholder_reports/AER_Stakeholder_report_Essential_2024-25.xlsx,https://www.aer.gov.au/system/files/2024-05/AER%20-%20Stakeholder%20report%20-%20Essential%20Energy%20-%202024%E2%80%9325%20Annual%20Pricing%20Proposal.xlsx,sources/dnsp/essential/Essential_Price_List_and_Explanatory_Notes_2024-25.pdf,https://www.essentialenergy.com.au/-/media/Project/EssentialEnergy/Website/Files/Our-Network/PriceListAndExplanatoryNotes2024-25.pdf?rev=1b3f27cf847e4f4ab903b59b257cd0ff,LV Residential ToU - Sun Soaker,Network Access,"same +16.6045 c/day offset on 17 fixed components of this distributor/year (constant adder: e.g. jurisdictional scheme, metering charge or mid-year re-pricing)",NUOS network price (total network price incl. transmission and jurisdictional scheme components); page 1; time period: SS
Essential Energy,2024-25,value_differs,uniform_adder,BLNT3AL,LV Residential ToU Interval meter,Fixed,406.1573769016,$/year,1.2788,$/Day,111.275994,127.88,c/day,16.604006,14.9215,NUoS,NUoS,AER,DNSP,sources/aer/2024-25_stakeholder_reports/AER_Stakeholder_report_Essential_2024-25.xlsx,https://www.aer.gov.au/system/files/2024-05/AER%20-%20Stakeholder%20report%20-%20Essential%20Energy%20-%202024%E2%80%9325%20Annual%20Pricing%20Proposal.xlsx,sources/dnsp/essential/Essential_Price_List_and_Explanatory_Notes_2024-25.pdf,https://www.essentialenergy.com.au/-/media/Project/EssentialEnergy/Website/Files/Our-Network/PriceListAndExplanatoryNotes2024-25.pdf?rev=1b3f27cf847e4f4ab903b59b257cd0ff,LV Residential ToU - Interval meter,Network Access,"same +16.6045 c/day offset on 17 fixed components of this distributor/year (constant adder: e.g. jurisdictional scheme, metering charge or mid-year re-pricing)",NUOS network price (total network price incl. transmission and jurisdictional scheme components); page 2; obsolete tariff - not available for new connects or tariff changes; time period: PSO-Int
Essential Energy,2024-25,value_differs,uniform_adder,BLNT3AU,LV Residential ToU,Fixed,406.1573769016,$/year,1.2788,$/Day,111.275994,127.88,c/day,16.604006,14.9215,NUoS,NUoS,AER,DNSP,sources/aer/2024-25_stakeholder_reports/AER_Stakeholder_report_Essential_2024-25.xlsx,https://www.aer.gov.au/system/files/2024-05/AER%20-%20Stakeholder%20report%20-%20Essential%20Energy%20-%202024%E2%80%9325%20Annual%20Pricing%20Proposal.xlsx,sources/dnsp/essential/Essential_Price_List_and_Explanatory_Notes_2024-25.pdf,https://www.essentialenergy.com.au/-/media/Project/EssentialEnergy/Website/Files/Our-Network/PriceListAndExplanatoryNotes2024-25.pdf?rev=1b3f27cf847e4f4ab903b59b257cd0ff,LV Residential ToU - Basic meter,Network Access,"same +16.6045 c/day offset on 17 fixed components of this distributor/year (constant adder: e.g. jurisdictional scheme, metering charge or mid-year re-pricing)",NUOS network price (total network price incl. transmission and jurisdictional scheme components); page 2; obsolete tariff - not available for new connects or tariff changes; time period: PSO-B
Essential Energy,2024-25,value_differs,uniform_adder,BLNBSS1,LV Small Business ToU Sun Soaker,Fixed,690.5241662592,$/year,2.0579,$/Day,189.184703,205.79,c/day,16.605297,8.7773,NUoS,NUoS,AER,DNSP,sources/aer/2024-25_stakeholder_reports/AER_Stakeholder_report_Essential_2024-25.xlsx,https://www.aer.gov.au/system/files/2024-05/AER%20-%20Stakeholder%20report%20-%20Essential%20Energy%20-%202024%E2%80%9325%20Annual%20Pricing%20Proposal.xlsx,sources/dnsp/essential/Essential_Price_List_and_Explanatory_Notes_2024-25.pdf,https://www.essentialenergy.com.au/-/media/Project/EssentialEnergy/Website/Files/Our-Network/PriceListAndExplanatoryNotes2024-25.pdf?rev=1b3f27cf847e4f4ab903b59b257cd0ff,LV Small Business ToU - Sun Soaker,Network Access,"same +16.6045 c/day offset on 17 fixed components of this distributor/year (constant adder: e.g. jurisdictional scheme, metering charge or mid-year re-pricing)",NUOS network price (total network price incl. transmission and jurisdictional scheme components); page 1; time period: SS
Essential Energy,2024-25,value_differs,uniform_adder,BLND1AB,LV Small Business Opt in Demand,Fixed,690.5241662592,$/year,2.0579,$/Day,189.184703,205.79,c/day,16.605297,8.7773,NUoS,NUoS,AER,DNSP,sources/aer/2024-25_stakeholder_reports/AER_Stakeholder_report_Essential_2024-25.xlsx,https://www.aer.gov.au/system/files/2024-05/AER%20-%20Stakeholder%20report%20-%20Essential%20Energy%20-%202024%E2%80%9325%20Annual%20Pricing%20Proposal.xlsx,sources/dnsp/essential/Essential_Price_List_and_Explanatory_Notes_2024-25.pdf,https://www.essentialenergy.com.au/-/media/Project/EssentialEnergy/Website/Files/Our-Network/PriceListAndExplanatoryNotes2024-25.pdf?rev=1b3f27cf847e4f4ab903b59b257cd0ff,LV Small Business ToU - Opt in Demand,Network Access,"same +16.6045 c/day offset on 17 fixed components of this distributor/year (constant adder: e.g. jurisdictional scheme, metering charge or mid-year re-pricing)",NUOS network price (total network price incl. transmission and jurisdictional scheme components); page 1; time period: PSO-Int
Essential Energy,2024-25,value_differs,uniform_adder,BLND4SB,LV Small Scale Storage,Fixed,690.5241662592,$/year,2.0579,$/Day,189.184703,205.79,c/day,16.605297,8.7773,NUoS,NUoS,AER,DNSP,sources/aer/2024-25_stakeholder_reports/AER_Stakeholder_report_Essential_2024-25.xlsx,https://www.aer.gov.au/system/files/2024-05/AER%20-%20Stakeholder%20report%20-%20Essential%20Energy%20-%202024%E2%80%9325%20Annual%20Pricing%20Proposal.xlsx,sources/dnsp/essential/Essential_Price_List_and_Explanatory_Notes_2024-25.pdf,https://www.essentialenergy.com.au/-/media/Project/EssentialEnergy/Website/Files/Our-Network/PriceListAndExplanatoryNotes2024-25.pdf?rev=1b3f27cf847e4f4ab903b59b257cd0ff,LV Small Scale Storage,Network Access,"same +16.6045 c/day offset on 17 fixed components of this distributor/year (constant adder: e.g. jurisdictional scheme, metering charge or mid-year re-pricing)",NUOS network price (total network price incl. transmission and jurisdictional scheme components); page 1; time period: STO
Essential Energy,2024-25,value_differs,uniform_adder,BLNN1AU,LV Small Business Anytime,Fixed,690.5241662592,$/year,2.0579,$/Day,189.184703,205.79,c/day,16.605297,8.7773,NUoS,NUoS,AER,DNSP,sources/aer/2024-25_stakeholder_reports/AER_Stakeholder_report_Essential_2024-25.xlsx,https://www.aer.gov.au/system/files/2024-05/AER%20-%20Stakeholder%20report%20-%20Essential%20Energy%20-%202024%E2%80%9325%20Annual%20Pricing%20Proposal.xlsx,sources/dnsp/essential/Essential_Price_List_and_Explanatory_Notes_2024-25.pdf,https://www.essentialenergy.com.au/-/media/Project/EssentialEnergy/Website/Files/Our-Network/PriceListAndExplanatoryNotes2024-25.pdf?rev=1b3f27cf847e4f4ab903b59b257cd0ff,LV Small Business Anytime,Network Access,"same +16.6045 c/day offset on 17 fixed components of this distributor/year (constant adder: e.g. jurisdictional scheme, metering charge or mid-year re-pricing)",NUOS network price (total network price incl. transmission and jurisdictional scheme components); page 2; obsolete tariff - not available for new connects or tariff changes; time period: Any
Essential Energy,2024-25,value_differs,uniform_adder,BLNT1AO,LV Small Business ToU,Fixed,690.5241662592,$/year,2.0579,$/Day,189.184703,205.79,c/day,16.605297,8.7773,NUoS,NUoS,AER,DNSP,sources/aer/2024-25_stakeholder_reports/AER_Stakeholder_report_Essential_2024-25.xlsx,https://www.aer.gov.au/system/files/2024-05/AER%20-%20Stakeholder%20report%20-%20Essential%20Energy%20-%202024%E2%80%9325%20Annual%20Pricing%20Proposal.xlsx,sources/dnsp/essential/Essential_Price_List_and_Explanatory_Notes_2024-25.pdf,https://www.essentialenergy.com.au/-/media/Project/EssentialEnergy/Website/Files/Our-Network/PriceListAndExplanatoryNotes2024-25.pdf?rev=1b3f27cf847e4f4ab903b59b257cd0ff,LV Small Business TOU,Network Access,"same +16.6045 c/day offset on 17 fixed components of this distributor/year (constant adder: e.g. jurisdictional scheme, metering charge or mid-year re-pricing)",NUOS network price (total network price incl. transmission and jurisdictional scheme components); page 2; obsolete tariff - not available for new connects or tariff changes; time period: PSO-Int
Essential Energy,2024-25,value_differs,uniform_adder,BLNT2AL,LV Small Business ToU Interval meter,Fixed,690.5241662592,$/year,2.0579,$/Day,189.184703,205.79,c/day,16.605297,8.7773,NUoS,NUoS,AER,DNSP,sources/aer/2024-25_stakeholder_reports/AER_Stakeholder_report_Essential_2024-25.xlsx,https://www.aer.gov.au/system/files/2024-05/AER%20-%20Stakeholder%20report%20-%20Essential%20Energy%20-%202024%E2%80%9325%20Annual%20Pricing%20Proposal.xlsx,sources/dnsp/essential/Essential_Price_List_and_Explanatory_Notes_2024-25.pdf,https://www.essentialenergy.com.au/-/media/Project/EssentialEnergy/Website/Files/Our-Network/PriceListAndExplanatoryNotes2024-25.pdf?rev=1b3f27cf847e4f4ab903b59b257cd0ff,LV Small Business TOU - Interval meter,Network Access,"same +16.6045 c/day offset on 17 fixed components of this distributor/year (constant adder: e.g. jurisdictional scheme, metering charge or mid-year re-pricing)",NUOS network price (total network price incl. transmission and jurisdictional scheme components); page 2; obsolete tariff - not available for new connects or tariff changes; time period: PSO-Int
Essential Energy,2024-25,value_differs,uniform_adder,BLNT2AU,LV Small Business ToU,Fixed,690.5241662592,$/year,2.0579,$/Day,189.184703,205.79,c/day,16.605297,8.7773,NUoS,NUoS,AER,DNSP,sources/aer/2024-25_stakeholder_reports/AER_Stakeholder_report_Essential_2024-25.xlsx,https://www.aer.gov.au/system/files/2024-05/AER%20-%20Stakeholder%20report%20-%20Essential%20Energy%20-%202024%E2%80%9325%20Annual%20Pricing%20Proposal.xlsx,sources/dnsp/essential/Essential_Price_List_and_Explanatory_Notes_2024-25.pdf,https://www.essentialenergy.com.au/-/media/Project/EssentialEnergy/Website/Files/Our-Network/PriceListAndExplanatoryNotes2024-25.pdf?rev=1b3f27cf847e4f4ab903b59b257cd0ff,LV Small Business TOU - Basic Meter,Network Access,"same +16.6045 c/day offset on 17 fixed components of this distributor/year (constant adder: e.g. jurisdictional scheme, metering charge or mid-year re-pricing)",NUOS network price (total network price incl. transmission and jurisdictional scheme components); page 2; obsolete tariff - not available for new connects or tariff changes; time period: PSO-B
Essential Energy,2024-25,value_differs,uniform_adder,BLND3AO,LV Large Business Demand,Fixed,6940.49695158,$/year,19.1811,$/Day,1901.506014,1918.11,c/day,16.603986,0.8732,NUoS,NUoS,AER,DNSP,sources/aer/2024-25_stakeholder_reports/AER_Stakeholder_report_Essential_2024-25.xlsx,https://www.aer.gov.au/system/files/2024-05/AER%20-%20Stakeholder%20report%20-%20Essential%20Energy%20-%202024%E2%80%9325%20Annual%20Pricing%20Proposal.xlsx,sources/dnsp/essential/Essential_Price_List_and_Explanatory_Notes_2024-25.pdf,https://www.essentialenergy.com.au/-/media/Project/EssentialEnergy/Website/Files/Our-Network/PriceListAndExplanatoryNotes2024-25.pdf?rev=1b3f27cf847e4f4ab903b59b257cd0ff,LV Large Business Demand,Network Access,"same +16.6045 c/day offset on 17 fixed components of this distributor/year (constant adder: e.g. jurisdictional scheme, metering charge or mid-year re-pricing)",NUOS network price (total network price incl. transmission and jurisdictional scheme components); page 1; time period: PSO-Int
Essential Energy,2024-25,value_differs,uniform_adder,BLND3TO,LV Large Business Demand-alternate tariff,Fixed,6940.49695158,$/year,19.1811,$/Day,1901.506014,1918.11,c/day,16.603986,0.8732,NUoS,NUoS,AER,DNSP,sources/aer/2024-25_stakeholder_reports/AER_Stakeholder_report_Essential_2024-25.xlsx,https://www.aer.gov.au/system/files/2024-05/AER%20-%20Stakeholder%20report%20-%20Essential%20Energy%20-%202024%E2%80%9325%20Annual%20Pricing%20Proposal.xlsx,sources/dnsp/essential/Essential_Price_List_and_Explanatory_Notes_2024-25.pdf,https://www.essentialenergy.com.au/-/media/Project/EssentialEnergy/Website/Files/Our-Network/PriceListAndExplanatoryNotes2024-25.pdf?rev=1b3f27cf847e4f4ab903b59b257cd0ff,LV Demand - Alternative tariff,Network Access,"same +16.6045 c/day offset on 17 fixed components of this distributor/year (constant adder: e.g. jurisdictional scheme, metering charge or mid-year re-pricing)",NUOS network price (total network price incl. transmission and jurisdictional scheme components); page 1; time period: PSO-Int
Essential Energy,2024-25,value_differs,uniform_adder,BLND4LS,LV Large Storage/Hybrid,Fixed,6940.49695158,$/year,19.1811,$/Day,1901.506014,1918.11,c/day,16.603986,0.8732,NUoS,NUoS,AER,DNSP,sources/aer/2024-25_stakeholder_reports/AER_Stakeholder_report_Essential_2024-25.xlsx,https://www.aer.gov.au/system/files/2024-05/AER%20-%20Stakeholder%20report%20-%20Essential%20Energy%20-%202024%E2%80%9325%20Annual%20Pricing%20Proposal.xlsx,sources/dnsp/essential/Essential_Price_List_and_Explanatory_Notes_2024-25.pdf,https://www.essentialenergy.com.au/-/media/Project/EssentialEnergy/Website/Files/Our-Network/PriceListAndExplanatoryNotes2024-25.pdf?rev=1b3f27cf847e4f4ab903b59b257cd0ff,LV Large Storage/Hybrid,Network Access,"same +16.6045 c/day offset on 17 fixed components of this distributor/year (constant adder: e.g. jurisdictional scheme, metering charge or mid-year re-pricing)",NUOS network price (total network price incl. transmission and jurisdictional scheme components); page 1; time period: STO
Essential Energy,2024-25,value_differs,uniform_adder,BLNDTRS,LV Transitional Demand,Fixed,6940.49695158,$/year,19.1811,$/Day,1901.506014,1918.11,c/day,16.603986,0.8732,NUoS,NUoS,AER,DNSP,sources/aer/2024-25_stakeholder_reports/AER_Stakeholder_report_Essential_2024-25.xlsx,https://www.aer.gov.au/system/files/2024-05/AER%20-%20Stakeholder%20report%20-%20Essential%20Energy%20-%202024%E2%80%9325%20Annual%20Pricing%20Proposal.xlsx,sources/dnsp/essential/Essential_Price_List_and_Explanatory_Notes_2024-25.pdf,https://www.essentialenergy.com.au/-/media/Project/EssentialEnergy/Website/Files/Our-Network/PriceListAndExplanatoryNotes2024-25.pdf?rev=1b3f27cf847e4f4ab903b59b257cd0ff,Transitional Demand,Network Access,"same +16.6045 c/day offset on 17 fixed components of this distributor/year (constant adder: e.g. jurisdictional scheme, metering charge or mid-year re-pricing)",NUOS network price (total network price incl. transmission and jurisdictional scheme components); page 2; obsolete tariff - not available for new connects or tariff changes; time period: PSO-Int
Essential Energy,2024-25,value_differs,uniform_adder,BLNS1AO,LV - ToU average daily Demand,Fixed,8232.8924048404,$/year,22.7219,$/Day,2255.58696,2272.19,c/day,16.60304,0.7361,NUoS,NUoS,AER,DNSP,sources/aer/2024-25_stakeholder_reports/AER_Stakeholder_report_Essential_2024-25.xlsx,https://www.aer.gov.au/system/files/2024-05/AER%20-%20Stakeholder%20report%20-%20Essential%20Energy%20-%202024%E2%80%9325%20Annual%20Pricing%20Proposal.xlsx,sources/dnsp/essential/Essential_Price_List_and_Explanatory_Notes_2024-25.pdf,https://www.essentialenergy.com.au/-/media/Project/EssentialEnergy/Website/Files/Our-Network/PriceListAndExplanatoryNotes2024-25.pdf?rev=1b3f27cf847e4f4ab903b59b257cd0ff,LV TOU Avg Daily Demand,Network Access,"same +16.6045 c/day offset on 17 fixed components of this distributor/year (constant adder: e.g. jurisdictional scheme, metering charge or mid-year re-pricing)",NUOS network price (total network price incl. transmission and jurisdictional scheme components); page 2; obsolete tariff - not available for new connects or tariff changes; time period: PSO-Int
Essential Energy,2024-25,aer_only_component,,BHND3AO,HV Business Demand,H Capacity,0.1247160091,$/kVA,,,12.471601,,c/kVA/?,,,NUoS,NUoS,AER,DNSP,sources/aer/2024-25_stakeholder_reports/AER_Stakeholder_report_Essential_2024-25.xlsx,https://www.aer.gov.au/system/files/2024-05/AER%20-%20Stakeholder%20report%20-%20Essential%20Energy%20-%202024%E2%80%9325%20Annual%20Pricing%20Proposal.xlsx,sources/dnsp/essential/Essential_Price_List_and_Explanatory_Notes_2024-25.pdf,,HV Business Demand,,component priced in AER-side file with no counterpart in distributor publication,
Essential Energy,2024-25,aer_only_component,,BHND4LS,HV Storage/Hybrid,H Capacity,0.1466088503,$/kVA,,,14.660885,,c/kVA/?,,,NUoS,NUoS,AER,DNSP,sources/aer/2024-25_stakeholder_reports/AER_Stakeholder_report_Essential_2024-25.xlsx,https://www.aer.gov.au/system/files/2024-05/AER%20-%20Stakeholder%20report%20-%20Essential%20Energy%20-%202024%E2%80%9325%20Annual%20Pricing%20Proposal.xlsx,sources/dnsp/essential/Essential_Price_List_and_Explanatory_Notes_2024-25.pdf,,HV Storage/Hybrid,,component priced in AER-side file with no counterpart in distributor publication,
Essential Energy,2024-25,aer_only_component,,BHNS1AO,HV - Tou average daily Demand,H Capacity,0.1386622972,$/kVA,,,13.86623,,c/kVA/?,,,NUoS,NUoS,AER,DNSP,sources/aer/2024-25_stakeholder_reports/AER_Stakeholder_report_Essential_2024-25.xlsx,https://www.aer.gov.au/system/files/2024-05/AER%20-%20Stakeholder%20report%20-%20Essential%20Energy%20-%202024%E2%80%9325%20Annual%20Pricing%20Proposal.xlsx,sources/dnsp/essential/Essential_Price_List_and_Explanatory_Notes_2024-25.pdf,,HV TOU Avg Daily Demand,,component priced in AER-side file with no counterpart in distributor publication,
Essential Energy,2024-25,aer_only_component,,BLND3AO,LV Large Business Demand,H Capacity,0.1142975789,$/kVA,,,11.429758,,c/kVA/?,,,NUoS,NUoS,AER,DNSP,sources/aer/2024-25_stakeholder_reports/AER_Stakeholder_report_Essential_2024-25.xlsx,https://www.aer.gov.au/system/files/2024-05/AER%20-%20Stakeholder%20report%20-%20Essential%20Energy%20-%202024%E2%80%9325%20Annual%20Pricing%20Proposal.xlsx,sources/dnsp/essential/Essential_Price_List_and_Explanatory_Notes_2024-25.pdf,,LV Large Business Demand,,component priced in AER-side file with no counterpart in distributor publication,
Essential Energy,2024-25,aer_only_component,,BLND4LS,LV Large Storage/Hybrid,H Capacity,0.1633523119,$/kVA,,,16.335231,,c/kVA/?,,,NUoS,NUoS,AER,DNSP,sources/aer/2024-25_stakeholder_reports/AER_Stakeholder_report_Essential_2024-25.xlsx,https://www.aer.gov.au/system/files/2024-05/AER%20-%20Stakeholder%20report%20-%20Essential%20Energy%20-%202024%E2%80%9325%20Annual%20Pricing%20Proposal.xlsx,sources/dnsp/essential/Essential_Price_List_and_Explanatory_Notes_2024-25.pdf,,LV Large Storage/Hybrid,,component priced in AER-side file with no counterpart in distributor publication,
Essential Energy,2024-25,aer_only_component,,BLND4SB,LV Small Scale Storage,H Capacity,0.1762290189,$/kVA,,,17.622902,,c/kVA/?,,,NUoS,NUoS,AER,DNSP,sources/aer/2024-25_stakeholder_reports/AER_Stakeholder_report_Essential_2024-25.xlsx,https://www.aer.gov.au/system/files/2024-05/AER%20-%20Stakeholder%20report%20-%20Essential%20Energy%20-%202024%E2%80%9325%20Annual%20Pricing%20Proposal.xlsx,sources/dnsp/essential/Essential_Price_List_and_Explanatory_Notes_2024-25.pdf,,LV Small Scale Storage,,component priced in AER-side file with no counterpart in distributor publication,
Essential Energy,2024-25,aer_only_component,,BLNDTRS,LV Transitional Demand,H Capacity,0.1142975789,$/kVA,,,11.429758,,c/kVA/?,,,NUoS,NUoS,AER,DNSP,sources/aer/2024-25_stakeholder_reports/AER_Stakeholder_report_Essential_2024-25.xlsx,https://www.aer.gov.au/system/files/2024-05/AER%20-%20Stakeholder%20report%20-%20Essential%20Energy%20-%202024%E2%80%9325%20Annual%20Pricing%20Proposal.xlsx,sources/dnsp/essential/Essential_Price_List_and_Explanatory_Notes_2024-25.pdf,,Transitional Demand,,component priced in AER-side file with no counterpart in distributor publication,
Essential Energy,2024-25,aer_only_component,,BLNS1AO,LV - ToU average daily Demand,H Capacity,0.1577686169,$/kVA,,,15.776862,,c/kVA/?,,,NUoS,NUoS,AER,DNSP,sources/aer/2024-25_stakeholder_reports/AER_Stakeholder_report_Essential_2024-25.xlsx,https://www.aer.gov.au/system/files/2024-05/AER%20-%20Stakeholder%20report%20-%20Essential%20Energy%20-%202024%E2%80%9325%20Annual%20Pricing%20Proposal.xlsx,sources/dnsp/essential/Essential_Price_List_and_Explanatory_Notes_2024-25.pdf,,LV TOU Avg Daily Demand,,component priced in AER-side file with no counterpart in distributor publication,
Essential Energy,2024-25,aer_only_component,,BSSD3AO,Subtransmission Demand,H Capacity,0.0505164912,$/kVA,,,5.051649,,c/kVA/?,,,NUoS,NUoS,AER,DNSP,sources/aer/2024-25_stakeholder_reports/AER_Stakeholder_report_Essential_2024-25.xlsx,https://www.aer.gov.au/system/files/2024-05/AER%20-%20Stakeholder%20report%20-%20Essential%20Energy%20-%202024%E2%80%9325%20Annual%20Pricing%20Proposal.xlsx,sources/dnsp/essential/Essential_Price_List_and_Explanatory_Notes_2024-25.pdf,,Subtransmission Demand,,component priced in AER-side file with no counterpart in distributor publication,
Essential Energy,2025-26,value_differs,metering_in_fixed,BLND1AR,LV Residential Opt in Demand,Network access charge,440.6849798888,$dollars/year,1.3776,$/Day,120.735611,137.76,c/day,17.024389,14.1006,NUoS,NUoS,AER,DNSP,sources/aer/AER_Consolidated_stakeholder_report_2025-26_v5.xlsx,https://www.aer.gov.au/system/files/2025-05/AER%20-%20Consolidated%20stakeholder%20report%202025%E2%80%9326%20v5%C2%A0.xlsx,sources/dnsp/essential/Essential_Price_List_and_Explanatory_Notes_2025-26.pdf,https://www.essentialenergy.com.au/-/media/Project/EssentialEnergy/Website/Files/Our-Network/PriceListAndExplanatoryNotes2025-26.pdf?rev=429a74eaf5a745bda3bf6965d7147cd2,LV Residential ToU Demand - Opt in,Network Access,distributor's NUoS fixed charge embeds the legacy metering charge (stated in its document); AER file lists metering separately,"aer_id=TD-ESS26res-Dmd; NUOS network price (total network price incl. transmission and jurisdictional scheme components); page 1; time period: PSO-Int; daily charge includes legacy metering cost (document does not show the split): ^From 1 July 2024 legacy metering costs were reclassified as standard control services and are now recovered in network charges. Please note this metering cost is included in the relevant LV tariffs daily charge, however the published AER standard control services pricing model lists the metering charge separately on the Tariff Schedule tab."
Essential Energy,2025-26,value_differs,metering_in_fixed,BLNN2AU,LV Residential Anytime,Network access charge,440.6849798888,$dollars/year,1.3776,$/Day,120.735611,137.76,c/day,17.024389,14.1006,NUoS,NUoS,AER,DNSP,sources/aer/AER_Consolidated_stakeholder_report_2025-26_v5.xlsx,https://www.aer.gov.au/system/files/2025-05/AER%20-%20Consolidated%20stakeholder%20report%202025%E2%80%9326%20v5%C2%A0.xlsx,sources/dnsp/essential/Essential_Price_List_and_Explanatory_Notes_2025-26.pdf,https://www.essentialenergy.com.au/-/media/Project/EssentialEnergy/Website/Files/Our-Network/PriceListAndExplanatoryNotes2025-26.pdf?rev=429a74eaf5a745bda3bf6965d7147cd2,LV Residential Anytime,Network Access,distributor's NUoS fixed charge embeds the legacy metering charge (stated in its document); AER file lists metering separately,"aer_id=TD-ESS26res-Flat; NUOS network price (total network price incl. transmission and jurisdictional scheme components); page 2; obsolete tariff - not available for new connects or tariff changes; time period: Any; daily charge includes legacy metering cost (document does not show the split): ^From 1 July 2024 legacy metering costs were reclassified as standard control services and are now recovered in network charges. Please note this metering cost is included in the relevant LV tariffs daily charge, however the published AER standard control services pricing model lists the metering charge separately on the Tariff Schedule tab."
Essential Energy,2025-26,value_differs,metering_in_fixed,BLNRSS2,LV Residential ToU Sun Soaker,Network access charge,440.6849798888,$dollars/year,1.3776,$/Day,120.735611,137.76,c/day,17.024389,14.1006,NUoS,NUoS,AER,DNSP,sources/aer/AER_Consolidated_stakeholder_report_2025-26_v5.xlsx,https://www.aer.gov.au/system/files/2025-05/AER%20-%20Consolidated%20stakeholder%20report%202025%E2%80%9326%20v5%C2%A0.xlsx,sources/dnsp/essential/Essential_Price_List_and_Explanatory_Notes_2025-26.pdf,https://www.essentialenergy.com.au/-/media/Project/EssentialEnergy/Website/Files/Our-Network/PriceListAndExplanatoryNotes2025-26.pdf?rev=429a74eaf5a745bda3bf6965d7147cd2,LV Residential ToU - Sun Soaker,Network Access,distributor's NUoS fixed charge embeds the legacy metering charge (stated in its document); AER file lists metering separately,"aer_id=TD-ESS26res-SunSoak; NUOS network price (total network price incl. transmission and jurisdictional scheme components); page 1; time period: SS; daily charge includes legacy metering cost (document does not show the split): ^From 1 July 2024 legacy metering costs were reclassified as standard control services and are now recovered in network charges. Please note this metering cost is included in the relevant LV tariffs daily charge, however the published AER standard control services pricing model lists the metering charge separately on the Tariff Schedule tab."
Essential Energy,2025-26,value_differs,metering_in_fixed,BLNT3AL,LV Residential ToU Interval meter,Network access charge,440.6849798888,$dollars/year,1.3776,$/Day,120.735611,137.76,c/day,17.024389,14.1006,NUoS,NUoS,AER,DNSP,sources/aer/AER_Consolidated_stakeholder_report_2025-26_v5.xlsx,https://www.aer.gov.au/system/files/2025-05/AER%20-%20Consolidated%20stakeholder%20report%202025%E2%80%9326%20v5%C2%A0.xlsx,sources/dnsp/essential/Essential_Price_List_and_Explanatory_Notes_2025-26.pdf,https://www.essentialenergy.com.au/-/media/Project/EssentialEnergy/Website/Files/Our-Network/PriceListAndExplanatoryNotes2025-26.pdf?rev=429a74eaf5a745bda3bf6965d7147cd2,LV Residential ToU - Interval meter,Network Access,distributor's NUoS fixed charge embeds the legacy metering charge (stated in its document); AER file lists metering separately,"aer_id=TD-ESS26res-TOUInt; NUOS network price (total network price incl. transmission and jurisdictional scheme components); page 2; obsolete tariff - not available for new connects or tariff changes; time period: PSO-Int; daily charge includes legacy metering cost (document does not show the split): ^From 1 July 2024 legacy metering costs were reclassified as standard control services and are now recovered in network charges. Please note this metering cost is included in the relevant LV tariffs daily charge, however the published AER standard control services pricing model lists the metering charge separately on the Tariff Schedule tab."
Essential Energy,2025-26,value_differs,metering_in_fixed,BLNT3AU,LV Residential ToU,Network access charge,440.6849798888,$dollars/year,1.3776,$/Day,120.735611,137.76,c/day,17.024389,14.1006,NUoS,NUoS,AER,DNSP,sources/aer/AER_Consolidated_stakeholder_report_2025-26_v5.xlsx,https://www.aer.gov.au/system/files/2025-05/AER%20-%20Consolidated%20stakeholder%20report%202025%E2%80%9326%20v5%C2%A0.xlsx,sources/dnsp/essential/Essential_Price_List_and_Explanatory_Notes_2025-26.pdf,https://www.essentialenergy.com.au/-/media/Project/EssentialEnergy/Website/Files/Our-Network/PriceListAndExplanatoryNotes2025-26.pdf?rev=429a74eaf5a745bda3bf6965d7147cd2,LV Residential ToU - Basic meter,Network Access,distributor's NUoS fixed charge embeds the legacy metering charge (stated in its document); AER file lists metering separately,"aer_id=TD-ESS26res-TOU; NUOS network price (total network price incl. transmission and jurisdictional scheme components); page 2; obsolete tariff - not available for new connects or tariff changes; time period: PSO-B; daily charge includes legacy metering cost (document does not show the split): ^From 1 July 2024 legacy metering costs were reclassified as standard control services and are now recovered in network charges. Please note this metering cost is included in the relevant LV tariffs daily charge, however the published AER standard control services pricing model lists the metering charge separately on the Tariff Schedule tab."
Essential Energy,2025-26,value_differs,metering_in_fixed,BLNBSS1,LV Small Business ToU Sun Soaker,Network access charge,749.2259050964,$dollars/year,2.2229,$/Day,205.267371,222.29,c/day,17.022629,8.2929,NUoS,NUoS,AER,DNSP,sources/aer/AER_Consolidated_stakeholder_report_2025-26_v5.xlsx,https://www.aer.gov.au/system/files/2025-05/AER%20-%20Consolidated%20stakeholder%20report%202025%E2%80%9326%20v5%C2%A0.xlsx,sources/dnsp/essential/Essential_Price_List_and_Explanatory_Notes_2025-26.pdf,https://www.essentialenergy.com.au/-/media/Project/EssentialEnergy/Website/Files/Our-Network/PriceListAndExplanatoryNotes2025-26.pdf?rev=429a74eaf5a745bda3bf6965d7147cd2,LV Small Business ToU - Sun Soaker,Network Access,distributor's NUoS fixed charge embeds the legacy metering charge (stated in its document); AER file lists metering separately,"aer_id=TD-ESS26smb-SunSoak; NUOS network price (total network price incl. transmission and jurisdictional scheme components); page 1; time period: SS; daily charge includes legacy metering cost (document does not show the split): ^From 1 July 2024 legacy metering costs were reclassified as standard control services and are now recovered in network charges. Please note this metering cost is included in the relevant LV tariffs daily charge, however the published AER standard control services pricing model lists the metering charge separately on the Tariff Schedule tab."
Essential Energy,2025-26,value_differs,metering_in_fixed,BLND1AB,LV Small Business Opt in Demand,Network access charge,749.2259050964,$dollars/year,2.2229,$/Day,205.267371,222.29,c/day,17.022629,8.2929,NUoS,NUoS,AER,DNSP,sources/aer/AER_Consolidated_stakeholder_report_2025-26_v5.xlsx,https://www.aer.gov.au/system/files/2025-05/AER%20-%20Consolidated%20stakeholder%20report%202025%E2%80%9326%20v5%C2%A0.xlsx,sources/dnsp/essential/Essential_Price_List_and_Explanatory_Notes_2025-26.pdf,https://www.essentialenergy.com.au/-/media/Project/EssentialEnergy/Website/Files/Our-Network/PriceListAndExplanatoryNotes2025-26.pdf?rev=429a74eaf5a745bda3bf6965d7147cd2,LV Small Business ToU Demand - Opt in,Network Access,distributor's NUoS fixed charge embeds the legacy metering charge (stated in its document); AER file lists metering separately,"aer_id=TD-ESS26smb-Dmd; NUOS network price (total network price incl. transmission and jurisdictional scheme components); page 1; time period: PSO-Int; daily charge includes legacy metering cost (document does not show the split): ^From 1 July 2024 legacy metering costs were reclassified as standard control services and are now recovered in network charges. Please note this metering cost is included in the relevant LV tariffs daily charge, however the published AER standard control services pricing model lists the metering charge separately on the Tariff Schedule tab."
Essential Energy,2025-26,value_differs,metering_in_fixed,BLND4SB,LV Small Scale Storage,Network access charge,749.2259050964,$dollars/year,2.2229,$/Day,205.267371,222.29,c/day,17.022629,8.2929,NUoS,NUoS,AER,DNSP,sources/aer/AER_Consolidated_stakeholder_report_2025-26_v5.xlsx,https://www.aer.gov.au/system/files/2025-05/AER%20-%20Consolidated%20stakeholder%20report%202025%E2%80%9326%20v5%C2%A0.xlsx,sources/dnsp/essential/Essential_Price_List_and_Explanatory_Notes_2025-26.pdf,https://www.essentialenergy.com.au/-/media/Project/EssentialEnergy/Website/Files/Our-Network/PriceListAndExplanatoryNotes2025-26.pdf?rev=429a74eaf5a745bda3bf6965d7147cd2,LV Small Scale Storage,Network Access,distributor's NUoS fixed charge embeds the legacy metering charge (stated in its document); AER file lists metering separately,"aer_id=TD-ESS26oth-Strg; NUOS network price (total network price incl. transmission and jurisdictional scheme components); page 1; time period: STO; daily charge includes legacy metering cost (document does not show the split): ^From 1 July 2024 legacy metering costs were reclassified as standard control services and are now recovered in network charges. Please note this metering cost is included in the relevant LV tariffs daily charge, however the published AER standard control services pricing model lists the metering charge separately on the Tariff Schedule tab."
Essential Energy,2025-26,value_differs,metering_in_fixed,BLNN1AU,LV Small Business Anytime,Network access charge,749.2259050964,$dollars/year,2.2229,$/Day,205.267371,222.29,c/day,17.022629,8.2929,NUoS,NUoS,AER,DNSP,sources/aer/AER_Consolidated_stakeholder_report_2025-26_v5.xlsx,https://www.aer.gov.au/system/files/2025-05/AER%20-%20Consolidated%20stakeholder%20report%202025%E2%80%9326%20v5%C2%A0.xlsx,sources/dnsp/essential/Essential_Price_List_and_Explanatory_Notes_2025-26.pdf,https://www.essentialenergy.com.au/-/media/Project/EssentialEnergy/Website/Files/Our-Network/PriceListAndExplanatoryNotes2025-26.pdf?rev=429a74eaf5a745bda3bf6965d7147cd2,LV Small Business Anytime,Network Access,distributor's NUoS fixed charge embeds the legacy metering charge (stated in its document); AER file lists metering separately,"aer_id=TD-ESS26smb-Flat; NUOS network price (total network price incl. transmission and jurisdictional scheme components); page 2; obsolete tariff - not available for new connects or tariff changes; time period: Any; daily charge includes legacy metering cost (document does not show the split): ^From 1 July 2024 legacy metering costs were reclassified as standard control services and are now recovered in network charges. Please note this metering cost is included in the relevant LV tariffs daily charge, however the published AER standard control services pricing model lists the metering charge separately on the Tariff Schedule tab."
Essential Energy,2025-26,value_differs,metering_in_fixed,BLNT1AO,LV Small Business ToU,Network access charge,749.2259050964,$dollars/year,2.2229,$/Day,205.267371,222.29,c/day,17.022629,8.2929,NUoS,NUoS,AER,DNSP,sources/aer/AER_Consolidated_stakeholder_report_2025-26_v5.xlsx,https://www.aer.gov.au/system/files/2025-05/AER%20-%20Consolidated%20stakeholder%20report%202025%E2%80%9326%20v5%C2%A0.xlsx,sources/dnsp/essential/Essential_Price_List_and_Explanatory_Notes_2025-26.pdf,https://www.essentialenergy.com.au/-/media/Project/EssentialEnergy/Website/Files/Our-Network/PriceListAndExplanatoryNotes2025-26.pdf?rev=429a74eaf5a745bda3bf6965d7147cd2,LV Small Business TOU,Network Access,distributor's NUoS fixed charge embeds the legacy metering charge (stated in its document); AER file lists metering separately,"aer_id=TD-ESS26smb-TOU2; NUOS network price (total network price incl. transmission and jurisdictional scheme components); page 2; obsolete tariff - not available for new connects or tariff changes; time period: PSO-Int; daily charge includes legacy metering cost (document does not show the split): ^From 1 July 2024 legacy metering costs were reclassified as standard control services and are now recovered in network charges. Please note this metering cost is included in the relevant LV tariffs daily charge, however the published AER standard control services pricing model lists the metering charge separately on the Tariff Schedule tab."
Essential Energy,2025-26,value_differs,metering_in_fixed,BLNT2AL,LV Small Business ToU Interval meter,Network access charge,749.2259050964,$dollars/year,2.2229,$/Day,205.267371,222.29,c/day,17.022629,8.2929,NUoS,NUoS,AER,DNSP,sources/aer/AER_Consolidated_stakeholder_report_2025-26_v5.xlsx,https://www.aer.gov.au/system/files/2025-05/AER%20-%20Consolidated%20stakeholder%20report%202025%E2%80%9326%20v5%C2%A0.xlsx,sources/dnsp/essential/Essential_Price_List_and_Explanatory_Notes_2025-26.pdf,https://www.essentialenergy.com.au/-/media/Project/EssentialEnergy/Website/Files/Our-Network/PriceListAndExplanatoryNotes2025-26.pdf?rev=429a74eaf5a745bda3bf6965d7147cd2,LV Small Business TOU - Interval meter,Network Access,distributor's NUoS fixed charge embeds the legacy metering charge (stated in its document); AER file lists metering separately,"aer_id=TD-ESS26smb-TOUInt; NUOS network price (total network price incl. transmission and jurisdictional scheme components); page 2; obsolete tariff - not available for new connects or tariff changes; time period: PSO-Int; daily charge includes legacy metering cost (document does not show the split): ^From 1 July 2024 legacy metering costs were reclassified as standard control services and are now recovered in network charges. Please note this metering cost is included in the relevant LV tariffs daily charge, however the published AER standard control services pricing model lists the metering charge separately on the Tariff Schedule tab."
Essential Energy,2025-26,value_differs,metering_in_fixed,BLNT2AU,LV Small Business ToU,Network access charge,749.2259050964,$dollars/year,2.2229,$/Day,205.267371,222.29,c/day,17.022629,8.2929,NUoS,NUoS,AER,DNSP,sources/aer/AER_Consolidated_stakeholder_report_2025-26_v5.xlsx,https://www.aer.gov.au/system/files/2025-05/AER%20-%20Consolidated%20stakeholder%20report%202025%E2%80%9326%20v5%C2%A0.xlsx,sources/dnsp/essential/Essential_Price_List_and_Explanatory_Notes_2025-26.pdf,https://www.essentialenergy.com.au/-/media/Project/EssentialEnergy/Website/Files/Our-Network/PriceListAndExplanatoryNotes2025-26.pdf?rev=429a74eaf5a745bda3bf6965d7147cd2,LV Small Business TOU - Basic Meter,Network Access,distributor's NUoS fixed charge embeds the legacy metering charge (stated in its document); AER file lists metering separately,"aer_id=TD-ESS26smb-TOU; NUOS network price (total network price incl. transmission and jurisdictional scheme components); page 2; obsolete tariff - not available for new connects or tariff changes; time period: PSO-B; daily charge includes legacy metering cost (document does not show the split): ^From 1 July 2024 legacy metering costs were reclassified as standard control services and are now recovered in network charges. Please note this metering cost is included in the relevant LV tariffs daily charge, however the published AER standard control services pricing model lists the metering charge separately on the Tariff Schedule tab."
Essential Energy,2025-26,value_differs,metering_in_fixed,BLND3AO,LV Large Business Demand,Network access charge,7530.5114063366,$dollars/year,20.8017,$/Day,2063.15381,2080.17,c/day,17.01619,0.8248,NUoS,NUoS,AER,DNSP,sources/aer/AER_Consolidated_stakeholder_report_2025-26_v5.xlsx,https://www.aer.gov.au/system/files/2025-05/AER%20-%20Consolidated%20stakeholder%20report%202025%E2%80%9326%20v5%C2%A0.xlsx,sources/dnsp/essential/Essential_Price_List_and_Explanatory_Notes_2025-26.pdf,https://www.essentialenergy.com.au/-/media/Project/EssentialEnergy/Website/Files/Our-Network/PriceListAndExplanatoryNotes2025-26.pdf?rev=429a74eaf5a745bda3bf6965d7147cd2,LV Large Business Demand,Network Access,distributor's NUoS fixed charge embeds the legacy metering charge (stated in its document); AER file lists metering separately,"aer_id=TD-ESS26oth-DmdLV; NUOS network price (total network price incl. transmission and jurisdictional scheme components); page 1; time period: PSO-Int; daily charge includes legacy metering cost (document does not show the split): ^From 1 July 2024 legacy metering costs were reclassified as standard control services and are now recovered in network charges. Please note this metering cost is included in the relevant LV tariffs daily charge, however the published AER standard control services pricing model lists the metering charge separately on the Tariff Schedule tab."
Essential Energy,2025-26,value_differs,metering_in_fixed,BLND3TO,LV Large Business Demand-alternate tariff,Network access charge,7530.5114063366,$dollars/year,20.8017,$/Day,2063.15381,2080.17,c/day,17.01619,0.8248,NUoS,NUoS,AER,DNSP,sources/aer/AER_Consolidated_stakeholder_report_2025-26_v5.xlsx,https://www.aer.gov.au/system/files/2025-05/AER%20-%20Consolidated%20stakeholder%20report%202025%E2%80%9326%20v5%C2%A0.xlsx,sources/dnsp/essential/Essential_Price_List_and_Explanatory_Notes_2025-26.pdf,https://www.essentialenergy.com.au/-/media/Project/EssentialEnergy/Website/Files/Our-Network/PriceListAndExplanatoryNotes2025-26.pdf?rev=429a74eaf5a745bda3bf6965d7147cd2,LV Demand - Alternative tariff,Network Access,distributor's NUoS fixed charge embeds the legacy metering charge (stated in its document); AER file lists metering separately,"aer_id=TD-ESS26oth-DmdLV2; NUOS network price (total network price incl. transmission and jurisdictional scheme components); page 1; time period: PSO-Int; daily charge includes legacy metering cost (document does not show the split): ^From 1 July 2024 legacy metering costs were reclassified as standard control services and are now recovered in network charges. Please note this metering cost is included in the relevant LV tariffs daily charge, however the published AER standard control services pricing model lists the metering charge separately on the Tariff Schedule tab."
Essential Energy,2025-26,value_differs,metering_in_fixed,BLND4LS,LV Large Storage/Hybrid,Network access charge,7530.5114063366,$dollars/year,20.8017,$/Day,2063.15381,2080.17,c/day,17.01619,0.8248,NUoS,NUoS,AER,DNSP,sources/aer/AER_Consolidated_stakeholder_report_2025-26_v5.xlsx,https://www.aer.gov.au/system/files/2025-05/AER%20-%20Consolidated%20stakeholder%20report%202025%E2%80%9326%20v5%C2%A0.xlsx,sources/dnsp/essential/Essential_Price_List_and_Explanatory_Notes_2025-26.pdf,https://www.essentialenergy.com.au/-/media/Project/EssentialEnergy/Website/Files/Our-Network/PriceListAndExplanatoryNotes2025-26.pdf?rev=429a74eaf5a745bda3bf6965d7147cd2,LV Large Storage/Hybrid,Network Access,distributor's NUoS fixed charge embeds the legacy metering charge (stated in its document); AER file lists metering separately,"aer_id=TD-ESS26oth-StrgLV; NUOS network price (total network price incl. transmission and jurisdictional scheme components); page 1; time period: STO; daily charge includes legacy metering cost (document does not show the split): ^From 1 July 2024 legacy metering costs were reclassified as standard control services and are now recovered in network charges. Please note this metering cost is included in the relevant LV tariffs daily charge, however the published AER standard control services pricing model lists the metering charge separately on the Tariff Schedule tab."
Essential Energy,2025-26,value_differs,metering_in_fixed,BLNS1AO,LV - ToU average daily Demand,Network access charge,8932.7739201268,$dollars/year,24.6436,$/Day,2447.335321,2464.36,c/day,17.024679,0.6956,NUoS,NUoS,AER,DNSP,sources/aer/AER_Consolidated_stakeholder_report_2025-26_v5.xlsx,https://www.aer.gov.au/system/files/2025-05/AER%20-%20Consolidated%20stakeholder%20report%202025%E2%80%9326%20v5%C2%A0.xlsx,sources/dnsp/essential/Essential_Price_List_and_Explanatory_Notes_2025-26.pdf,https://www.essentialenergy.com.au/-/media/Project/EssentialEnergy/Website/Files/Our-Network/PriceListAndExplanatoryNotes2025-26.pdf?rev=429a74eaf5a745bda3bf6965d7147cd2,LV TOU Avg Daily Demand,Network Access,distributor's NUoS fixed charge embeds the legacy metering charge (stated in its document); AER file lists metering separately,"aer_id=TD-ESS26oth-DmdAveLV; NUOS network price (total network price incl. transmission and jurisdictional scheme components); page 2; obsolete tariff - not available for new connects or tariff changes; time period: PSO-Int; daily charge includes legacy metering cost (document does not show the split): ^From 1 July 2024 legacy metering costs were reclassified as standard control services and are now recovered in network charges. Please note this metering cost is included in the relevant LV tariffs daily charge, however the published AER standard control services pricing model lists the metering charge separately on the Tariff Schedule tab."
Essential Energy,2025-26,aer_only_code,,BLNDTRS,LV Transitional Demand,7 priced component(s),,,,,,,,,,NUoS,NUoS,AER,DNSP,sources/aer/AER_Consolidated_stakeholder_report_2025-26_v5.xlsx,https://www.aer.gov.au/system/files/2025-05/AER%20-%20Consolidated%20stakeholder%20report%202025%E2%80%9326%20v5%C2%A0.xlsx,sources/dnsp/essential/Essential_Price_List_and_Explanatory_Notes_2025-26.pdf,,,,tariff code present in AER-side file but not in distributor publication,aer_id=TD-ESS26oth-DmdTransLV
Essential Energy,2025-26,aer_only_code,aer_zero_placeholder,BLNP1AO,LV Public Lighting NUOS,0 priced component(s),,,,,,,,,,NUoS,NUoS,AER,DNSP,sources/aer/AER_Consolidated_stakeholder_report_2025-26_v5.xlsx,https://www.aer.gov.au/system/files/2025-05/AER%20-%20Consolidated%20stakeholder%20report%202025%E2%80%9326%20v5%C2%A0.xlsx,sources/dnsp/essential/Essential_Price_List_and_Explanatory_Notes_2025-26.pdf,,,,AER-side file lists this tariff with no prices (placeholder / TBA code),zero-priced row; aer_id=TD-ESS26oth-PL
Essential Energy,2025-26,dnsp_only_code,,BLNBEX1,LV Small Business Solar Export,2 component(s),,,,,,,,,,NUoS,NUoS,AER,DNSP,sources/aer/AER_Consolidated_stakeholder_report_2025-26_v5.xlsx,,sources/dnsp/essential/Essential_Price_List_and_Explanatory_Notes_2025-26.pdf,https://www.essentialenergy.com.au/-/media/Project/EssentialEnergy/Website/Files/Our-Network/PriceListAndExplanatoryNotes2025-26.pdf?rev=429a74eaf5a745bda3bf6965d7147cd2,LV Small Business Solar Export,,tariff code present in distributor publication but not in AER-side file,NUOS network price (total network price incl. transmission and jurisdictional scheme components); page 1; time period: EXP
Essential Energy,2025-26,dnsp_only_code,withdrawn_tariff,BLNE24AU,QLD Government Solar Bonus Scheme,1 component(s),,,,,,,,,,NUoS,NUoS,AER,DNSP,sources/aer/AER_Consolidated_stakeholder_report_2025-26_v5.xlsx,,sources/dnsp/essential/Essential_Price_List_and_Explanatory_Notes_2025-26.pdf,https://www.essentialenergy.com.au/-/media/Project/EssentialEnergy/Website/Files/Our-Network/PriceListAndExplanatoryNotes2025-26.pdf?rev=429a74eaf5a745bda3bf6965d7147cd2,QLD Government Solar Bonus Scheme,,distributor still prices a tariff it marks obsolete/closed; AER-side file does not list it,NUOS network price (total network price incl. transmission and jurisdictional scheme components); page 2; obsolete tariff - not available for new connects or tariff changes; time period: Any
Essential Energy,2025-26,dnsp_only_code,withdrawn_tariff,BLNE25AU,QLD Government Solar Bonus Scheme,1 component(s),,,,,,,,,,NUoS,NUoS,AER,DNSP,sources/aer/AER_Consolidated_stakeholder_report_2025-26_v5.xlsx,,sources/dnsp/essential/Essential_Price_List_and_Explanatory_Notes_2025-26.pdf,https://www.essentialenergy.com.au/-/media/Project/EssentialEnergy/Website/Files/Our-Network/PriceListAndExplanatoryNotes2025-26.pdf?rev=429a74eaf5a745bda3bf6965d7147cd2,QLD Government Solar Bonus Scheme,,distributor still prices a tariff it marks obsolete/closed; AER-side file does not list it,NUOS network price (total network price incl. transmission and jurisdictional scheme components); page 2; obsolete tariff - not available for new connects or tariff changes; time period: Any
Essential Energy,2025-26,dnsp_only_code,,BLNREX2,LV Residential Solar Export,2 component(s),,,,,,,,,,NUoS,NUoS,AER,DNSP,sources/aer/AER_Consolidated_stakeholder_report_2025-26_v5.xlsx,,sources/dnsp/essential/Essential_Price_List_and_Explanatory_Notes_2025-26.pdf,https://www.essentialenergy.com.au/-/media/Project/EssentialEnergy/Website/Files/Our-Network/PriceListAndExplanatoryNotes2025-26.pdf?rev=429a74eaf5a745bda3bf6965d7147cd2,LV Residential Solar Export,,tariff code present in distributor publication but not in AER-side file,NUOS network price (total network price incl. transmission and jurisdictional scheme components); page 1; time period: EXP
Essential Energy,2025-26,aer_only_component,,BLNBSS1,LV Small Business ToU Sun Soaker,DER export rebate,-12.0871369746,cents/kWh,,,-12.087137,,c/kWh,,,NUoS,NUoS,AER,DNSP,sources/aer/AER_Consolidated_stakeholder_report_2025-26_v5.xlsx,https://www.aer.gov.au/system/files/2025-05/AER%20-%20Consolidated%20stakeholder%20report%202025%E2%80%9326%20v5%C2%A0.xlsx,sources/dnsp/essential/Essential_Price_List_and_Explanatory_Notes_2025-26.pdf,,LV Small Business ToU - Sun Soaker,,component priced in AER-side file with no counterpart in distributor publication,aer_id=TD-ESS26smb-SunSoak
Essential Energy,2025-26,aer_only_component,,BLNBSS1,LV Small Business ToU Sun Soaker,Export consumption charge >7.5kWh,0.8172297603,cents/kWh,,,0.81723,,c/kWh,,,NUoS,NUoS,AER,DNSP,sources/aer/AER_Consolidated_stakeholder_report_2025-26_v5.xlsx,https://www.aer.gov.au/system/files/2025-05/AER%20-%20Consolidated%20stakeholder%20report%202025%E2%80%9326%20v5%C2%A0.xlsx,sources/dnsp/essential/Essential_Price_List_and_Explanatory_Notes_2025-26.pdf,,LV Small Business ToU - Sun Soaker,,component priced in AER-side file with no counterpart in distributor publication,aer_id=TD-ESS26smb-SunSoak
Essential Energy,2025-26,aer_only_component,,BLNRSS2,LV Residential ToU Sun Soaker,DER export rebate,-11.5724521606,cents/kWh,,,-11.572452,,c/kWh,,,NUoS,NUoS,AER,DNSP,sources/aer/AER_Consolidated_stakeholder_report_2025-26_v5.xlsx,https://www.aer.gov.au/system/files/2025-05/AER%20-%20Consolidated%20stakeholder%20report%202025%E2%80%9326%20v5%C2%A0.xlsx,sources/dnsp/essential/Essential_Price_List_and_Explanatory_Notes_2025-26.pdf,,LV Residential ToU - Sun Soaker,,component priced in AER-side file with no counterpart in distributor publication,aer_id=TD-ESS26res-SunSoak
Essential Energy,2025-26,aer_only_component,,BLNRSS2,LV Residential ToU Sun Soaker,Export consumption charge >7.5kWh,0.8172297603,cents/kWh,,,0.81723,,c/kWh,,,NUoS,NUoS,AER,DNSP,sources/aer/AER_Consolidated_stakeholder_report_2025-26_v5.xlsx,https://www.aer.gov.au/system/files/2025-05/AER%20-%20Consolidated%20stakeholder%20report%202025%E2%80%9326%20v5%C2%A0.xlsx,sources/dnsp/essential/Essential_Price_List_and_Explanatory_Notes_2025-26.pdf,,LV Residential ToU - Sun Soaker,,component priced in AER-side file with no counterpart in distributor publication,aer_id=TD-ESS26res-SunSoak
Essential Energy,2026-27,value_differs,metering_in_fixed,BLND1AR,LV Residential Opt in Demand,Network access charge,473.3556365477,$/year,1.4704,$/Day,129.686476,147.04,c/day,17.353524,13.3811,NUoS,NUoS,AER,DNSP,sources/aer/AER_Consolidated_stakeholder_report_2026-27_26Aug2026.xlsx,https://www.aer.gov.au/system/files/2026-08/AER%20%E2%80%93%202026%E2%80%9327%20%E2%80%93%20Consolidated%20stakeholder%20report%20%E2%80%93%2026%20August%202026.xlsx,sources/dnsp/essential/Essential_Price_List_and_Explanatory_Notes_2026-27.pdf,https://www.essentialenergy.com.au/-/media/Project/EssentialEnergy/Website/Files/Our-Network/PriceListAndExplanatoryNotes2026-27.pdf,LV Residential ToU Demand - Opt in,Network Access,distributor's NUoS fixed charge embeds the legacy metering charge (stated in its document); AER file lists metering separately,"NUOS network price (total network price incl. transmission and jurisdictional scheme components); page 1; time period: PSO-Int; daily charge includes legacy metering cost (document does not show the split): ^From 1 July 2024 legacy metering costs were reclassified as standard control services and are now recovered in network charges. Please note this metering cost is included in the relevant LV tariffs daily charge, however the published AER standard control services pricing model lists the metering charge separately on the Tariff Schedule tab."
Essential Energy,2026-27,value_differs,metering_in_fixed,BLNN2AU,LV Residential Anytime,Network access charge,473.3556365477,$/year,1.4704,$/Day,129.686476,147.04,c/day,17.353524,13.3811,NUoS,NUoS,AER,DNSP,sources/aer/AER_Consolidated_stakeholder_report_2026-27_26Aug2026.xlsx,https://www.aer.gov.au/system/files/2026-08/AER%20%E2%80%93%202026%E2%80%9327%20%E2%80%93%20Consolidated%20stakeholder%20report%20%E2%80%93%2026%20August%202026.xlsx,sources/dnsp/essential/Essential_Price_List_and_Explanatory_Notes_2026-27.pdf,https://www.essentialenergy.com.au/-/media/Project/EssentialEnergy/Website/Files/Our-Network/PriceListAndExplanatoryNotes2026-27.pdf,LV Residential Anytime,Network Access,distributor's NUoS fixed charge embeds the legacy metering charge (stated in its document); AER file lists metering separately,"NUOS network price (total network price incl. transmission and jurisdictional scheme components); page 2; obsolete tariff - not available for new connects or tariff changes; time period: Any; daily charge includes legacy metering cost (document does not show the split): ^From 1 July 2024 legacy metering costs were reclassified as standard control services and are now recovered in network charges. Please note this metering cost is included in the relevant LV tariffs daily charge, however the published AER standard control services pricing model lists the metering charge separately on the Tariff Schedule tab."
Essential Energy,2026-27,value_differs,metering_in_fixed,BLNRSS2,LV Residential ToU Sun Soaker,Network access charge,473.3556365477,$/year,1.4704,$/Day,129.686476,147.04,c/day,17.353524,13.3811,NUoS,NUoS,AER,DNSP,sources/aer/AER_Consolidated_stakeholder_report_2026-27_26Aug2026.xlsx,https://www.aer.gov.au/system/files/2026-08/AER%20%E2%80%93%202026%E2%80%9327%20%E2%80%93%20Consolidated%20stakeholder%20report%20%E2%80%93%2026%20August%202026.xlsx,sources/dnsp/essential/Essential_Price_List_and_Explanatory_Notes_2026-27.pdf,https://www.essentialenergy.com.au/-/media/Project/EssentialEnergy/Website/Files/Our-Network/PriceListAndExplanatoryNotes2026-27.pdf,LV Residential ToU - Sun Soaker,Network Access,distributor's NUoS fixed charge embeds the legacy metering charge (stated in its document); AER file lists metering separately,"NUOS network price (total network price incl. transmission and jurisdictional scheme components); page 1; time period: SS; daily charge includes legacy metering cost (document does not show the split): ^From 1 July 2024 legacy metering costs were reclassified as standard control services and are now recovered in network charges. Please note this metering cost is included in the relevant LV tariffs daily charge, however the published AER standard control services pricing model lists the metering charge separately on the Tariff Schedule tab."
Essential Energy,2026-27,value_differs,metering_in_fixed,BLNT3AL,LV Residential ToU Interval meter,Network access charge,473.3556365477,$/year,1.4704,$/Day,129.686476,147.04,c/day,17.353524,13.3811,NUoS,NUoS,AER,DNSP,sources/aer/AER_Consolidated_stakeholder_report_2026-27_26Aug2026.xlsx,https://www.aer.gov.au/system/files/2026-08/AER%20%E2%80%93%202026%E2%80%9327%20%E2%80%93%20Consolidated%20stakeholder%20report%20%E2%80%93%2026%20August%202026.xlsx,sources/dnsp/essential/Essential_Price_List_and_Explanatory_Notes_2026-27.pdf,https://www.essentialenergy.com.au/-/media/Project/EssentialEnergy/Website/Files/Our-Network/PriceListAndExplanatoryNotes2026-27.pdf,LV Residential ToU - Interval meter,Network Access,distributor's NUoS fixed charge embeds the legacy metering charge (stated in its document); AER file lists metering separately,"NUOS network price (total network price incl. transmission and jurisdictional scheme components); page 2; obsolete tariff - not available for new connects or tariff changes; time period: PSO-Int; daily charge includes legacy metering cost (document does not show the split): ^From 1 July 2024 legacy metering costs were reclassified as standard control services and are now recovered in network charges. Please note this metering cost is included in the relevant LV tariffs daily charge, however the published AER standard control services pricing model lists the metering charge separately on the Tariff Schedule tab."
Essential Energy,2026-27,value_differs,metering_in_fixed,BLNT3AU,LV Residential ToU,Network access charge,473.3556365477,$/year,1.4704,$/Day,129.686476,147.04,c/day,17.353524,13.3811,NUoS,NUoS,AER,DNSP,sources/aer/AER_Consolidated_stakeholder_report_2026-27_26Aug2026.xlsx,https://www.aer.gov.au/system/files/2026-08/AER%20%E2%80%93%202026%E2%80%9327%20%E2%80%93%20Consolidated%20stakeholder%20report%20%E2%80%93%2026%20August%202026.xlsx,sources/dnsp/essential/Essential_Price_List_and_Explanatory_Notes_2026-27.pdf,https://www.essentialenergy.com.au/-/media/Project/EssentialEnergy/Website/Files/Our-Network/PriceListAndExplanatoryNotes2026-27.pdf,LV Residential ToU - Basic meter,Network Access,distributor's NUoS fixed charge embeds the legacy metering charge (stated in its document); AER file lists metering separately,"NUOS network price (total network price incl. transmission and jurisdictional scheme components); page 2; obsolete tariff - not available for new connects or tariff changes; time period: PSO-B; daily charge includes legacy metering cost (document does not show the split): ^From 1 July 2024 legacy metering costs were reclassified as standard control services and are now recovered in network charges. Please note this metering cost is included in the relevant LV tariffs daily charge, however the published AER standard control services pricing model lists the metering charge separately on the Tariff Schedule tab."
Essential Energy,2026-27,value_differs,metering_in_fixed,BLNBSS1,LV Small Business ToU Sun Soaker,Network access charge,804.7705762841,$/year,2.3784,$/Day,220.485089,237.84,c/day,17.354911,7.8712,NUoS,NUoS,AER,DNSP,sources/aer/AER_Consolidated_stakeholder_report_2026-27_26Aug2026.xlsx,https://www.aer.gov.au/system/files/2026-08/AER%20%E2%80%93%202026%E2%80%9327%20%E2%80%93%20Consolidated%20stakeholder%20report%20%E2%80%93%2026%20August%202026.xlsx,sources/dnsp/essential/Essential_Price_List_and_Explanatory_Notes_2026-27.pdf,https://www.essentialenergy.com.au/-/media/Project/EssentialEnergy/Website/Files/Our-Network/PriceListAndExplanatoryNotes2026-27.pdf,LV Small Business ToU - Sun Soaker,Network Access,distributor's NUoS fixed charge embeds the legacy metering charge (stated in its document); AER file lists metering separately,"NUOS network price (total network price incl. transmission and jurisdictional scheme components); page 1; time period: SS; daily charge includes legacy metering cost (document does not show the split): ^From 1 July 2024 legacy metering costs were reclassified as standard control services and are now recovered in network charges. Please note this metering cost is included in the relevant LV tariffs daily charge, however the published AER standard control services pricing model lists the metering charge separately on the Tariff Schedule tab."
Essential Energy,2026-27,value_differs,metering_in_fixed,BLND1AB,LV Small Business Opt in Demand,Network access charge,804.7705762841,$/year,2.3784,$/Day,220.485089,237.84,c/day,17.354911,7.8712,NUoS,NUoS,AER,DNSP,sources/aer/AER_Consolidated_stakeholder_report_2026-27_26Aug2026.xlsx,https://www.aer.gov.au/system/files/2026-08/AER%20%E2%80%93%202026%E2%80%9327%20%E2%80%93%20Consolidated%20stakeholder%20report%20%E2%80%93%2026%20August%202026.xlsx,sources/dnsp/essential/Essential_Price_List_and_Explanatory_Notes_2026-27.pdf,https://www.essentialenergy.com.au/-/media/Project/EssentialEnergy/Website/Files/Our-Network/PriceListAndExplanatoryNotes2026-27.pdf,LV Small Business ToU Demand - Opt in,Network Access,distributor's NUoS fixed charge embeds the legacy metering charge (stated in its document); AER file lists metering separately,"NUOS network price (total network price incl. transmission and jurisdictional scheme components); page 1; time period: PSO-Int; daily charge includes legacy metering cost (document does not show the split): ^From 1 July 2024 legacy metering costs were reclassified as standard control services and are now recovered in network charges. Please note this metering cost is included in the relevant LV tariffs daily charge, however the published AER standard control services pricing model lists the metering charge separately on the Tariff Schedule tab."
Essential Energy,2026-27,value_differs,metering_in_fixed,BLND4SB,LV Small Scale Storage,Network access charge,804.7705762841,$/year,2.3784,$/Day,220.485089,237.84,c/day,17.354911,7.8712,NUoS,NUoS,AER,DNSP,sources/aer/AER_Consolidated_stakeholder_report_2026-27_26Aug2026.xlsx,https://www.aer.gov.au/system/files/2026-08/AER%20%E2%80%93%202026%E2%80%9327%20%E2%80%93%20Consolidated%20stakeholder%20report%20%E2%80%93%2026%20August%202026.xlsx,sources/dnsp/essential/Essential_Price_List_and_Explanatory_Notes_2026-27.pdf,https://www.essentialenergy.com.au/-/media/Project/EssentialEnergy/Website/Files/Our-Network/PriceListAndExplanatoryNotes2026-27.pdf,LV Small Scale Storage,Network Access,distributor's NUoS fixed charge embeds the legacy metering charge (stated in its document); AER file lists metering separately,"NUOS network price (total network price incl. transmission and jurisdictional scheme components); page 1; time period: STO; daily charge includes legacy metering cost (document does not show the split): ^From 1 July 2024 legacy metering costs were reclassified as standard control services and are now recovered in network charges. Please note this metering cost is included in the relevant LV tariffs daily charge, however the published AER standard control services pricing model lists the metering charge separately on the Tariff Schedule tab."
Essential Energy,2026-27,value_differs,metering_in_fixed,BLNN1AU,LV Small Business Anytime,Network access charge,804.7705762841,$/year,2.3784,$/Day,220.485089,237.84,c/day,17.354911,7.8712,NUoS,NUoS,AER,DNSP,sources/aer/AER_Consolidated_stakeholder_report_2026-27_26Aug2026.xlsx,https://www.aer.gov.au/system/files/2026-08/AER%20%E2%80%93%202026%E2%80%9327%20%E2%80%93%20Consolidated%20stakeholder%20report%20%E2%80%93%2026%20August%202026.xlsx,sources/dnsp/essential/Essential_Price_List_and_Explanatory_Notes_2026-27.pdf,https://www.essentialenergy.com.au/-/media/Project/EssentialEnergy/Website/Files/Our-Network/PriceListAndExplanatoryNotes2026-27.pdf,LV Small Business Anytime,Network Access,distributor's NUoS fixed charge embeds the legacy metering charge (stated in its document); AER file lists metering separately,"NUOS network price (total network price incl. transmission and jurisdictional scheme components); page 2; obsolete tariff - not available for new connects or tariff changes; time period: Any; daily charge includes legacy metering cost (document does not show the split): ^From 1 July 2024 legacy metering costs were reclassified as standard control services and are now recovered in network charges. Please note this metering cost is included in the relevant LV tariffs daily charge, however the published AER standard control services pricing model lists the metering charge separately on the Tariff Schedule tab."
Essential Energy,2026-27,value_differs,metering_in_fixed,BLNT1AO,LV Small Business ToU,Network access charge,804.7705762841,$/year,2.3784,$/Day,220.485089,237.84,c/day,17.354911,7.8712,NUoS,NUoS,AER,DNSP,sources/aer/AER_Consolidated_stakeholder_report_2026-27_26Aug2026.xlsx,https://www.aer.gov.au/system/files/2026-08/AER%20%E2%80%93%202026%E2%80%9327%20%E2%80%93%20Consolidated%20stakeholder%20report%20%E2%80%93%2026%20August%202026.xlsx,sources/dnsp/essential/Essential_Price_List_and_Explanatory_Notes_2026-27.pdf,https://www.essentialenergy.com.au/-/media/Project/EssentialEnergy/Website/Files/Our-Network/PriceListAndExplanatoryNotes2026-27.pdf,LV Small Business TOU,Network Access,distributor's NUoS fixed charge embeds the legacy metering charge (stated in its document); AER file lists metering separately,"NUOS network price (total network price incl. transmission and jurisdictional scheme components); page 2; obsolete tariff - not available for new connects or tariff changes; time period: PSO-Int; daily charge includes legacy metering cost (document does not show the split): ^From 1 July 2024 legacy metering costs were reclassified as standard control services and are now recovered in network charges. Please note this metering cost is included in the relevant LV tariffs daily charge, however the published AER standard control services pricing model lists the metering charge separately on the Tariff Schedule tab."
Essential Energy,2026-27,value_differs,metering_in_fixed,BLNT2AL,LV Small Business ToU Interval meter,Network access charge,804.7705762841,$/year,2.3784,$/Day,220.485089,237.84,c/day,17.354911,7.8712,NUoS,NUoS,AER,DNSP,sources/aer/AER_Consolidated_stakeholder_report_2026-27_26Aug2026.xlsx,https://www.aer.gov.au/system/files/2026-08/AER%20%E2%80%93%202026%E2%80%9327%20%E2%80%93%20Consolidated%20stakeholder%20report%20%E2%80%93%2026%20August%202026.xlsx,sources/dnsp/essential/Essential_Price_List_and_Explanatory_Notes_2026-27.pdf,https://www.essentialenergy.com.au/-/media/Project/EssentialEnergy/Website/Files/Our-Network/PriceListAndExplanatoryNotes2026-27.pdf,LV Small Business TOU - Interval meter,Network Access,distributor's NUoS fixed charge embeds the legacy metering charge (stated in its document); AER file lists metering separately,"NUOS network price (total network price incl. transmission and jurisdictional scheme components); page 2; obsolete tariff - not available for new connects or tariff changes; time period: PSO-Int; daily charge includes legacy metering cost (document does not show the split): ^From 1 July 2024 legacy metering costs were reclassified as standard control services and are now recovered in network charges. Please note this metering cost is included in the relevant LV tariffs daily charge, however the published AER standard control services pricing model lists the metering charge separately on the Tariff Schedule tab."
Essential Energy,2026-27,value_differs,metering_in_fixed,BLNT2AU,LV Small Business ToU,Network access charge,804.7705762841,$/year,2.3784,$/Day,220.485089,237.84,c/day,17.354911,7.8712,NUoS,NUoS,AER,DNSP,sources/aer/AER_Consolidated_stakeholder_report_2026-27_26Aug2026.xlsx,https://www.aer.gov.au/system/files/2026-08/AER%20%E2%80%93%202026%E2%80%9327%20%E2%80%93%20Consolidated%20stakeholder%20report%20%E2%80%93%2026%20August%202026.xlsx,sources/dnsp/essential/Essential_Price_List_and_Explanatory_Notes_2026-27.pdf,https://www.essentialenergy.com.au/-/media/Project/EssentialEnergy/Website/Files/Our-Network/PriceListAndExplanatoryNotes2026-27.pdf,LV Small Business TOU - Basic Meter,Network Access,distributor's NUoS fixed charge embeds the legacy metering charge (stated in its document); AER file lists metering separately,"NUOS network price (total network price incl. transmission and jurisdictional scheme components); page 2; obsolete tariff - not available for new connects or tariff changes; time period: PSO-B; daily charge includes legacy metering cost (document does not show the split): ^From 1 July 2024 legacy metering costs were reclassified as standard control services and are now recovered in network charges. Please note this metering cost is included in the relevant LV tariffs daily charge, however the published AER standard control services pricing model lists the metering charge separately on the Tariff Schedule tab."
Essential Energy,2026-27,value_differs,metering_in_fixed,BLND3AO,LV Large Business Demand,Network access charge,8088.7939978689,$/year,22.3346,$/Day,2216.107945,2233.46,c/day,17.352055,0.783,NUoS,NUoS,AER,DNSP,sources/aer/AER_Consolidated_stakeholder_report_2026-27_26Aug2026.xlsx,https://www.aer.gov.au/system/files/2026-08/AER%20%E2%80%93%202026%E2%80%9327%20%E2%80%93%20Consolidated%20stakeholder%20report%20%E2%80%93%2026%20August%202026.xlsx,sources/dnsp/essential/Essential_Price_List_and_Explanatory_Notes_2026-27.pdf,https://www.essentialenergy.com.au/-/media/Project/EssentialEnergy/Website/Files/Our-Network/PriceListAndExplanatoryNotes2026-27.pdf,LV Large Business Demand,Network Access,distributor's NUoS fixed charge embeds the legacy metering charge (stated in its document); AER file lists metering separately,"NUOS network price (total network price incl. transmission and jurisdictional scheme components); page 1; time period: PSO-Int; daily charge includes legacy metering cost (document does not show the split): ^From 1 July 2024 legacy metering costs were reclassified as standard control services and are now recovered in network charges. Please note this metering cost is included in the relevant LV tariffs daily charge, however the published AER standard control services pricing model lists the metering charge separately on the Tariff Schedule tab."
Essential Energy,2026-27,value_differs,metering_in_fixed,BLND3TO,LV Large Business Demand-alternate tariff,Network access charge,8088.7939978689,$/year,22.3346,$/Day,2216.107945,2233.46,c/day,17.352055,0.783,NUoS,NUoS,AER,DNSP,sources/aer/AER_Consolidated_stakeholder_report_2026-27_26Aug2026.xlsx,https://www.aer.gov.au/system/files/2026-08/AER%20%E2%80%93%202026%E2%80%9327%20%E2%80%93%20Consolidated%20stakeholder%20report%20%E2%80%93%2026%20August%202026.xlsx,sources/dnsp/essential/Essential_Price_List_and_Explanatory_Notes_2026-27.pdf,https://www.essentialenergy.com.au/-/media/Project/EssentialEnergy/Website/Files/Our-Network/PriceListAndExplanatoryNotes2026-27.pdf,LV Demand - Alternative tariff,Network Access,distributor's NUoS fixed charge embeds the legacy metering charge (stated in its document); AER file lists metering separately,"NUOS network price (total network price incl. transmission and jurisdictional scheme components); page 1; time period: PSO-Int; daily charge includes legacy metering cost (document does not show the split): ^From 1 July 2024 legacy metering costs were reclassified as standard control services and are now recovered in network charges. Please note this metering cost is included in the relevant LV tariffs daily charge, however the published AER standard control services pricing model lists the metering charge separately on the Tariff Schedule tab."
Essential Energy,2026-27,value_differs,metering_in_fixed,BLND4LS,LV Large Storage/Hybrid,Network access charge,8088.7939978689,$/year,22.3346,$/Day,2216.107945,2233.46,c/day,17.352055,0.783,NUoS,NUoS,AER,DNSP,sources/aer/AER_Consolidated_stakeholder_report_2026-27_26Aug2026.xlsx,https://www.aer.gov.au/system/files/2026-08/AER%20%E2%80%93%202026%E2%80%9327%20%E2%80%93%20Consolidated%20stakeholder%20report%20%E2%80%93%2026%20August%202026.xlsx,sources/dnsp/essential/Essential_Price_List_and_Explanatory_Notes_2026-27.pdf,https://www.essentialenergy.com.au/-/media/Project/EssentialEnergy/Website/Files/Our-Network/PriceListAndExplanatoryNotes2026-27.pdf,LV Large Storage/Hybrid,Network Access,distributor's NUoS fixed charge embeds the legacy metering charge (stated in its document); AER file lists metering separately,"NUOS network price (total network price incl. transmission and jurisdictional scheme components); page 1; time period: STO; daily charge includes legacy metering cost (document does not show the split): ^From 1 July 2024 legacy metering costs were reclassified as standard control services and are now recovered in network charges. Please note this metering cost is included in the relevant LV tariffs daily charge, however the published AER standard control services pricing model lists the metering charge separately on the Tariff Schedule tab."
Essential Energy,2026-27,value_differs,metering_in_fixed,BLNS1AO,LV - ToU average daily Demand,Network access charge,9595.0147567191,$/year,26.4612,$/Day,2628.771166,2646.12,c/day,17.348834,0.66,NUoS,NUoS,AER,DNSP,sources/aer/AER_Consolidated_stakeholder_report_2026-27_26Aug2026.xlsx,https://www.aer.gov.au/system/files/2026-08/AER%20%E2%80%93%202026%E2%80%9327%20%E2%80%93%20Consolidated%20stakeholder%20report%20%E2%80%93%2026%20August%202026.xlsx,sources/dnsp/essential/Essential_Price_List_and_Explanatory_Notes_2026-27.pdf,https://www.essentialenergy.com.au/-/media/Project/EssentialEnergy/Website/Files/Our-Network/PriceListAndExplanatoryNotes2026-27.pdf,LV TOU Avg Daily Demand,Network Access,distributor's NUoS fixed charge embeds the legacy metering charge (stated in its document); AER file lists metering separately,"NUOS network price (total network price incl. transmission and jurisdictional scheme components); page 2; obsolete tariff - not available for new connects or tariff changes; time period: PSO-Int; daily charge includes legacy metering cost (document does not show the split): ^From 1 July 2024 legacy metering costs were reclassified as standard control services and are now recovered in network charges. Please note this metering cost is included in the relevant LV tariffs daily charge, however the published AER standard control services pricing model lists the metering charge separately on the Tariff Schedule tab."
Essential Energy,2026-27,aer_only_code,,BLNDTRS,LV Transitional Demand,7 priced component(s),,,,,,,,,,NUoS,NUoS,AER,DNSP,sources/aer/AER_Consolidated_stakeholder_report_2026-27_26Aug2026.xlsx,https://www.aer.gov.au/system/files/2026-08/AER%20%E2%80%93%202026%E2%80%9327%20%E2%80%93%20Consolidated%20stakeholder%20report%20%E2%80%93%2026%20August%202026.xlsx,sources/dnsp/essential/Essential_Price_List_and_Explanatory_Notes_2026-27.pdf,,,,tariff code present in AER-side file but not in distributor publication,
Essential Energy,2026-27,aer_only_code,aer_zero_placeholder,BLNP1AO,LV Public Lighting NUOS,0 priced component(s),,,,,,,,,,NUoS,NUoS,AER,DNSP,sources/aer/AER_Consolidated_stakeholder_report_2026-27_26Aug2026.xlsx,https://www.aer.gov.au/system/files/2026-08/AER%20%E2%80%93%202026%E2%80%9327%20%E2%80%93%20Consolidated%20stakeholder%20report%20%E2%80%93%2026%20August%202026.xlsx,sources/dnsp/essential/Essential_Price_List_and_Explanatory_Notes_2026-27.pdf,,,,AER-side file lists this tariff with no prices (placeholder / TBA code),zero-priced row
Essential Energy,2026-27,dnsp_only_code,,BLNBEX1,LV Small Business Solar Export,2 component(s),,,,,,,,,,NUoS,NUoS,AER,DNSP,sources/aer/AER_Consolidated_stakeholder_report_2026-27_26Aug2026.xlsx,,sources/dnsp/essential/Essential_Price_List_and_Explanatory_Notes_2026-27.pdf,https://www.essentialenergy.com.au/-/media/Project/EssentialEnergy/Website/Files/Our-Network/PriceListAndExplanatoryNotes2026-27.pdf,LV Small Business Solar Export,,tariff code present in distributor publication but not in AER-side file,NUOS network price (total network price incl. transmission and jurisdictional scheme components); page 1; time period: EXP
Essential Energy,2026-27,dnsp_only_code,withdrawn_tariff,BLNE24AU,QLD Government Solar Bonus Scheme,1 component(s),,,,,,,,,,NUoS,NUoS,AER,DNSP,sources/aer/AER_Consolidated_stakeholder_report_2026-27_26Aug2026.xlsx,,sources/dnsp/essential/Essential_Price_List_and_Explanatory_Notes_2026-27.pdf,https://www.essentialenergy.com.au/-/media/Project/EssentialEnergy/Website/Files/Our-Network/PriceListAndExplanatoryNotes2026-27.pdf,QLD Government Solar Bonus Scheme,,distributor still prices a tariff it marks obsolete/closed; AER-side file does not list it,NUOS network price (total network price incl. transmission and jurisdictional scheme components); page 2; obsolete tariff - not available for new connects or tariff changes; time period: Any
Essential Energy,2026-27,dnsp_only_code,withdrawn_tariff,BLNE25AU,QLD Government Solar Bonus Scheme,1 component(s),,,,,,,,,,NUoS,NUoS,AER,DNSP,sources/aer/AER_Consolidated_stakeholder_report_2026-27_26Aug2026.xlsx,,sources/dnsp/essential/Essential_Price_List_and_Explanatory_Notes_2026-27.pdf,https://www.essentialenergy.com.au/-/media/Project/EssentialEnergy/Website/Files/Our-Network/PriceListAndExplanatoryNotes2026-27.pdf,QLD Government Solar Bonus Scheme,,distributor still prices a tariff it marks obsolete/closed; AER-side file does not list it,NUOS network price (total network price incl. transmission and jurisdictional scheme components); page 2; obsolete tariff - not available for new connects or tariff changes; time period: Any
Essential Energy,2026-27,dnsp_only_code,,BLNREX2,LV Residential Solar Export,2 component(s),,,,,,,,,,NUoS,NUoS,AER,DNSP,sources/aer/AER_Consolidated_stakeholder_report_2026-27_26Aug2026.xlsx,,sources/dnsp/essential/Essential_Price_List_and_Explanatory_Notes_2026-27.pdf,https://www.essentialenergy.com.au/-/media/Project/EssentialEnergy/Website/Files/Our-Network/PriceListAndExplanatoryNotes2026-27.pdf,LV Residential Solar Export,,tariff code present in distributor publication but not in AER-side file,NUOS network price (total network price incl. transmission and jurisdictional scheme components); page 1; time period: EXP
Essential Energy,2026-27,aer_only_component,,BLNBSS1,LV Small Business ToU Sun Soaker,DER export rebate,-12.2425232906,cents/kWh,,,-12.242523,,c/kWh,,,NUoS,NUoS,AER,DNSP,sources/aer/AER_Consolidated_stakeholder_report_2026-27_26Aug2026.xlsx,https://www.aer.gov.au/system/files/2026-08/AER%20%E2%80%93%202026%E2%80%9327%20%E2%80%93%20Consolidated%20stakeholder%20report%20%E2%80%93%2026%20August%202026.xlsx,sources/dnsp/essential/Essential_Price_List_and_Explanatory_Notes_2026-27.pdf,,LV Small Business ToU - Sun Soaker,,component priced in AER-side file with no counterpart in distributor publication,
Essential Energy,2026-27,aer_only_component,,BLNBSS1,LV Small Business ToU Sun Soaker,Export consumption charge >7.5kWh,0.827735666,cents/kWh,,,0.827736,,c/kWh,,,NUoS,NUoS,AER,DNSP,sources/aer/AER_Consolidated_stakeholder_report_2026-27_26Aug2026.xlsx,https://www.aer.gov.au/system/files/2026-08/AER%20%E2%80%93%202026%E2%80%9327%20%E2%80%93%20Consolidated%20stakeholder%20report%20%E2%80%93%2026%20August%202026.xlsx,sources/dnsp/essential/Essential_Price_List_and_Explanatory_Notes_2026-27.pdf,,LV Small Business ToU - Sun Soaker,,component priced in AER-side file with no counterpart in distributor publication,
Essential Energy,2026-27,aer_only_component,,BLNRSS2,LV Residential ToU Sun Soaker,DER export rebate,-11.7212219405,cents/kWh,,,-11.721222,,c/kWh,,,NUoS,NUoS,AER,DNSP,sources/aer/AER_Consolidated_stakeholder_report_2026-27_26Aug2026.xlsx,https://www.aer.gov.au/system/files/2026-08/AER%20%E2%80%93%202026%E2%80%9327%20%E2%80%93%20Consolidated%20stakeholder%20report%20%E2%80%93%2026%20August%202026.xlsx,sources/dnsp/essential/Essential_Price_List_and_Explanatory_Notes_2026-27.pdf,,LV Residential ToU - Sun Soaker,,component priced in AER-side file with no counterpart in distributor publication,
Essential Energy,2026-27,aer_only_component,,BLNRSS2,LV Residential ToU Sun Soaker,Export consumption charge >7.5kWh,0.827735666,cents/kWh,,,0.827736,,c/kWh,,,NUoS,NUoS,AER,DNSP,sources/aer/AER_Consolidated_stakeholder_report_2026-27_26Aug2026.xlsx,https://www.aer.gov.au/system/files/2026-08/AER%20%E2%80%93%202026%E2%80%9327%20%E2%80%93%20Consolidated%20stakeholder%20report%20%E2%80%93%2026%20August%202026.xlsx,sources/dnsp/essential/Essential_Price_List_and_Explanatory_Notes_2026-27.pdf,,LV Residential ToU - Sun Soaker,,component priced in AER-side file with no counterpart in distributor publication,
Evoenergy,2023-24,value_differs,jurisdictional_scheme,121,HV TOU Demand Network – Customer LV,Maximum demand charge,14.454,c/kVA/day,1.81,c/kVA/day,14.454,1.81,c/kVA/day,-12.644,-87.4775,NUoS,NUoS,AER_HOSTED,DNSP,sources/aer/2023-24_price_lists/Evoenergy_2023-24_Electricity_network_pricing_proposal_5May2023.pdf,https://www.aer.gov.au/system/files/Evoenergy%202023-24%20-%20Electricity%20network%20pricing%20proposal%20-%2020230505%20-%20PUBLIC.pdf,sources/dnsp/evoenergy/Evoenergy_Statement_of_Tariff_Classes_and_Tariffs_2023-24.pdf,https://www.evoenergy.com.au/-/media/Project/Evoenergy/EVO/Documents/Electricity/Evoenergy-Statement-of-Tariff-Classes-and-Tarrifs-2023-24.pdf?rev=c8ff4e39d7f444c189a0a667b1e93b54,HV TOU Demand Network – Customer LV,Maximum demand charge,distributor schedule includes the ACT LFiT scheme amount; AER file excludes it,"excl LFiT (proposed prices as submitted to the AER; the ACT LFiT scheme amount is not included); Table 4.2 Proposed 2023/24 prices and revenue, excluding metering (nominal); page 44; OCR of image-only page (rapidocr); validated NUOS = DUOS + TUOS + JS; DUOS/TUOS match a Statement of Tariff Classes row for this code; NUOS prices column = DUOS + TUOS + JS; excludes metering; LFiT included: NUOS 2023/24 column (excludes metering; LFiT rebate applied via the JS price); Table 2.7 2022/23 and 2023/24 NUOS tariffs, excluding metering (nominal); page 29"
Evoenergy,2023-24,value_differs,jurisdictional_scheme,122,HV TOU Demand Network – Customer HV and LV,Maximum demand charge,13.408,c/kVA/day,1.81,c/kVA/day,13.408,1.81,c/kVA/day,-11.598,-86.5006,NUoS,NUoS,AER_HOSTED,DNSP,sources/aer/2023-24_price_lists/Evoenergy_2023-24_Electricity_network_pricing_proposal_5May2023.pdf,https://www.aer.gov.au/system/files/Evoenergy%202023-24%20-%20Electricity%20network%20pricing%20proposal%20-%2020230505%20-%20PUBLIC.pdf,sources/dnsp/evoenergy/Evoenergy_Statement_of_Tariff_Classes_and_Tariffs_2023-24.pdf,https://www.evoenergy.com.au/-/media/Project/Evoenergy/EVO/Documents/Electricity/Evoenergy-Statement-of-Tariff-Classes-and-Tarrifs-2023-24.pdf?rev=c8ff4e39d7f444c189a0a667b1e93b54,HV TOU Demand Network – Customer HV and LV,Maximum demand charge,distributor schedule includes the ACT LFiT scheme amount; AER file excludes it,"excl LFiT (proposed prices as submitted to the AER; the ACT LFiT scheme amount is not included); Table 4.2 Proposed 2023/24 prices and revenue, excluding metering (nominal); page 44; OCR of image-only page (rapidocr); validated NUOS = DUOS + TUOS + JS; DUOS/TUOS match a Statement of Tariff Classes row for this code; NUOS prices column = DUOS + TUOS + JS; excludes metering; LFiT included: NUOS 2023/24 column (excludes metering; LFiT rebate applied via the JS price); Table 2.7 2022/23 and 2023/24 NUOS tariffs, excluding metering (nominal); page 29"
Evoenergy,2023-24,value_differs,jurisdictional_scheme,025,Residential Demand Network,Energy consumption,2.34,cents/kWh,0.5,cents/kWh,2.34,0.5,c/kWh,-1.84,-78.6325,NUoS,NUoS,AER_HOSTED,DNSP,sources/aer/2023-24_price_lists/Evoenergy_2023-24_Electricity_network_pricing_proposal_5May2023.pdf,https://www.aer.gov.au/system/files/Evoenergy%202023-24%20-%20Electricity%20network%20pricing%20proposal%20-%2020230505%20-%20PUBLIC.pdf,sources/dnsp/evoenergy/Evoenergy_Statement_of_Tariff_Classes_and_Tariffs_2023-24.pdf,https://www.evoenergy.com.au/-/media/Project/Evoenergy/EVO/Documents/Electricity/Evoenergy-Statement-of-Tariff-Classes-and-Tarrifs-2023-24.pdf?rev=c8ff4e39d7f444c189a0a667b1e93b54,Residential Demand Network,Energy consumption,distributor schedule includes the ACT LFiT scheme amount; AER file excludes it,"excl LFiT (proposed prices as submitted to the AER; the ACT LFiT scheme amount is not included); Table 4.2 Proposed 2023/24 prices and revenue, excluding metering (nominal); page 40; OCR of image-only page (rapidocr); validated NUOS = DUOS + TUOS + JS; DUOS/TUOS match a Statement of Tariff Classes row for this code; OCR decimal point repaired via sum check; NUOS prices column = DUOS + TUOS + JS; excludes metering; LFiT included: NUOS 2023/24 column (excludes metering; LFiT rebate applied via the JS price); Table 2.7 2022/23 and 2023/24 NUOS tariffs, excluding metering (nominal); page 27"
Evoenergy,2023-24,value_differs,jurisdictional_scheme,015,Residential TOU Network,Energy consumption at economy times,2.311,cents/kWh,0.5,cents/kWh,2.311,0.5,c/kWh,-1.811,-78.3643,NUoS,NUoS,AER_HOSTED,DNSP,sources/aer/2023-24_price_lists/Evoenergy_2023-24_Electricity_network_pricing_proposal_5May2023.pdf,https://www.aer.gov.au/system/files/Evoenergy%202023-24%20-%20Electricity%20network%20pricing%20proposal%20-%2020230505%20-%20PUBLIC.pdf,sources/dnsp/evoenergy/Evoenergy_Statement_of_Tariff_Classes_and_Tariffs_2023-24.pdf,https://www.evoenergy.com.au/-/media/Project/Evoenergy/EVO/Documents/Electricity/Evoenergy-Statement-of-Tariff-Classes-and-Tarrifs-2023-24.pdf?rev=c8ff4e39d7f444c189a0a667b1e93b54,Residential TOU Network,Energy consumption at economy times,distributor schedule includes the ACT LFiT scheme amount; AER file excludes it,"excl LFiT (proposed prices as submitted to the AER; the ACT LFiT scheme amount is not included); Table 4.2 Proposed 2023/24 prices and revenue, excluding metering (nominal); page 40; OCR of image-only page (rapidocr); validated NUOS = DUOS + TUOS + JS; DUOS/TUOS match a Statement of Tariff Classes row for this code; OCR decimal point repaired via sum check; NUOS prices column = DUOS + TUOS + JS; excludes metering; LFiT included: NUOS 2023/24 column (excludes metering; LFiT rebate applied via the JS price); Table 2.7 2022/23 and 2023/24 NUOS tariffs, excluding metering (nominal); page 27"
Evoenergy,2023-24,value_differs,jurisdictional_scheme,111,HV TOU Demand Network,Energy consumption at evening times,2.262,cents/kWh,0.5,cents/kWh,2.262,0.5,c/kWh,-1.762,-77.8957,NUoS,NUoS,AER_HOSTED,DNSP,sources/aer/2023-24_price_lists/Evoenergy_2023-24_Electricity_network_pricing_proposal_5May2023.pdf,https://www.aer.gov.au/system/files/Evoenergy%202023-24%20-%20Electricity%20network%20pricing%20proposal%20-%2020230505%20-%20PUBLIC.pdf,sources/dnsp/evoenergy/Evoenergy_Statement_of_Tariff_Classes_and_Tariffs_2023-24.pdf,https://www.evoenergy.com.au/-/media/Project/Evoenergy/EVO/Documents/Electricity/Evoenergy-Statement-of-Tariff-Classes-and-Tarrifs-2023-24.pdf?rev=c8ff4e39d7f444c189a0a667b1e93b54,HV TOU Demand Network,Energy consumption at evening times,distributor schedule includes the ACT LFiT scheme amount; AER file excludes it,"excl LFiT (proposed prices as submitted to the AER; the ACT LFiT scheme amount is not included); Table 4.2 Proposed 2023/24 prices and revenue, excluding metering (nominal); page 44; OCR of image-only page (rapidocr); validated NUOS = DUOS + TUOS + JS; DUOS/TUOS match a Statement of Tariff Classes row for this code; OCR decimal point repaired via sum check; NUOS prices column = DUOS + TUOS + JS; excludes metering; LFiT included: NUOS 2023/24 column (excludes metering; LFiT rebate applied via the JS price); Table 2.7 2022/23 and 2023/24 NUOS tariffs, excluding metering (nominal); page 29"
Evoenergy,2023-24,value_differs,jurisdictional_scheme,121,HV TOU Demand Network – Customer LV,Energy consumption at evening times,1.94,cents/kWh,0.5,cents/kWh,1.94,0.5,c/kWh,-1.44,-74.2268,NUoS,NUoS,AER_HOSTED,DNSP,sources/aer/2023-24_price_lists/Evoenergy_2023-24_Electricity_network_pricing_proposal_5May2023.pdf,https://www.aer.gov.au/system/files/Evoenergy%202023-24%20-%20Electricity%20network%20pricing%20proposal%20-%2020230505%20-%20PUBLIC.pdf,sources/dnsp/evoenergy/Evoenergy_Statement_of_Tariff_Classes_and_Tariffs_2023-24.pdf,https://www.evoenergy.com.au/-/media/Project/Evoenergy/EVO/Documents/Electricity/Evoenergy-Statement-of-Tariff-Classes-and-Tarrifs-2023-24.pdf?rev=c8ff4e39d7f444c189a0a667b1e93b54,HV TOU Demand Network – Customer LV,Energy consumption at evening times,distributor schedule includes the ACT LFiT scheme amount; AER file excludes it,"excl LFiT (proposed prices as submitted to the AER; the ACT LFiT scheme amount is not included); Table 4.2 Proposed 2023/24 prices and revenue, excluding metering (nominal); page 44; OCR of image-only page (rapidocr); validated NUOS = DUOS + TUOS + JS; DUOS/TUOS match a Statement of Tariff Classes row for this code; OCR decimal point repaired via sum check; NUOS prices column = DUOS + TUOS + JS; excludes metering; LFiT included: NUOS 2023/24 column (excludes metering; LFiT rebate applied via the JS price); Table 2.7 2022/23 and 2023/24 NUOS tariffs, excluding metering (nominal); page 29"
Evoenergy,2023-24,value_differs,jurisdictional_scheme,122,HV TOU Demand Network – Customer HV and LV,Energy consumption at evening times,1.94,cents/kWh,0.5,cents/kWh,1.94,0.5,c/kWh,-1.44,-74.2268,NUoS,NUoS,AER_HOSTED,DNSP,sources/aer/2023-24_price_lists/Evoenergy_2023-24_Electricity_network_pricing_proposal_5May2023.pdf,https://www.aer.gov.au/system/files/Evoenergy%202023-24%20-%20Electricity%20network%20pricing%20proposal%20-%2020230505%20-%20PUBLIC.pdf,sources/dnsp/evoenergy/Evoenergy_Statement_of_Tariff_Classes_and_Tariffs_2023-24.pdf,https://www.evoenergy.com.au/-/media/Project/Evoenergy/EVO/Documents/Electricity/Evoenergy-Statement-of-Tariff-Classes-and-Tarrifs-2023-24.pdf?rev=c8ff4e39d7f444c189a0a667b1e93b54,HV TOU Demand Network – Customer HV and LV,Energy consumption at evening times,distributor schedule includes the ACT LFiT scheme amount; AER file excludes it,"excl LFiT (proposed prices as submitted to the AER; the ACT LFiT scheme amount is not included); Table 4.2 Proposed 2023/24 prices and revenue, excluding metering (nominal); page 44; OCR of image-only page (rapidocr); validated NUOS = DUOS + TUOS + JS; DUOS/TUOS match a Statement of Tariff Classes row for this code; OCR decimal point repaired via sum check; NUOS prices column = DUOS + TUOS + JS; excludes metering; LFiT included: NUOS 2023/24 column (excludes metering; LFiT rebate applied via the JS price); Table 2.7 2022/23 and 2023/24 NUOS tariffs, excluding metering (nominal); page 29"
Evoenergy,2023-24,value_differs,jurisdictional_scheme,111,HV TOU Demand Network,Capacity charge,14.454,c/kVA/day,3.912,c/kVA/day,14.454,3.912,c/kVA/day,-10.542,-72.9348,NUoS,NUoS,AER_HOSTED,DNSP,sources/aer/2023-24_price_lists/Evoenergy_2023-24_Electricity_network_pricing_proposal_5May2023.pdf,https://www.aer.gov.au/system/files/Evoenergy%202023-24%20-%20Electricity%20network%20pricing%20proposal%20-%2020230505%20-%20PUBLIC.pdf,sources/dnsp/evoenergy/Evoenergy_Statement_of_Tariff_Classes_and_Tariffs_2023-24.pdf,https://www.evoenergy.com.au/-/media/Project/Evoenergy/EVO/Documents/Electricity/Evoenergy-Statement-of-Tariff-Classes-and-Tarrifs-2023-24.pdf?rev=c8ff4e39d7f444c189a0a667b1e93b54,HV TOU Demand Network,Maximum demand charge,distributor schedule includes the ACT LFiT scheme amount; AER file excludes it,"excl LFiT (proposed prices as submitted to the AER; the ACT LFiT scheme amount is not included); Table 4.2 Proposed 2023/24 prices and revenue, excluding metering (nominal); page 44; OCR of image-only page (rapidocr); validated NUOS = DUOS + TUOS + JS; DUOS/TUOS match a Statement of Tariff Classes row for this code; NUOS prices column = DUOS + TUOS + JS; excludes metering; LFiT included: NUOS 2023/24 column (excludes metering; LFiT rebate applied via the JS price); Table 2.7 2022/23 and 2023/24 NUOS tariffs, excluding metering (nominal); page 29"
Evoenergy,2023-24,value_differs,jurisdictional_scheme,101,LV TOU kVA Demand Network,Energy consumption at off-peak times,1.831,cents/kWh,0.5,cents/kWh,1.831,0.5,c/kWh,-1.331,-72.6925,NUoS,NUoS,AER_HOSTED,DNSP,sources/aer/2023-24_price_lists/Evoenergy_2023-24_Electricity_network_pricing_proposal_5May2023.pdf,https://www.aer.gov.au/system/files/Evoenergy%202023-24%20-%20Electricity%20network%20pricing%20proposal%20-%2020230505%20-%20PUBLIC.pdf,sources/dnsp/evoenergy/Evoenergy_Statement_of_Tariff_Classes_and_Tariffs_2023-24.pdf,https://www.evoenergy.com.au/-/media/Project/Evoenergy/EVO/Documents/Electricity/Evoenergy-Statement-of-Tariff-Classes-and-Tarrifs-2023-24.pdf?rev=c8ff4e39d7f444c189a0a667b1e93b54,LV TOU kVA Demand Network,Energy consumption at off-peak times,distributor schedule includes the ACT LFiT scheme amount; AER file excludes it,"excl LFiT (proposed prices as submitted to the AER; the ACT LFiT scheme amount is not included); Table 4.2 Proposed 2023/24 prices and revenue, excluding metering (nominal); page 42; OCR of image-only page (rapidocr); validated NUOS = DUOS + TUOS + JS; DUOS/TUOS match a Statement of Tariff Classes row for this code; OCR decimal point repaired via sum check; component label aligned to Statement wording (OCR text: 'Energy consumption at off- peaktimes'); NUOS prices column = DUOS + TUOS + JS; excludes metering; LFiT included: NUOS 2023/24 column (excludes metering; LFiT rebate applied via the JS price); Table 2.7 2022/23 and 2023/24 NUOS tariffs, excluding metering (nominal); page 28"
Evoenergy,2023-24,value_differs,jurisdictional_scheme,103,LV TOU Capacity Network,Energy consumption at off-peak times,1.816,cents/kWh,0.5,cents/kWh,1.816,0.5,c/kWh,-1.316,-72.467,NUoS,NUoS,AER_HOSTED,DNSP,sources/aer/2023-24_price_lists/Evoenergy_2023-24_Electricity_network_pricing_proposal_5May2023.pdf,https://www.aer.gov.au/system/files/Evoenergy%202023-24%20-%20Electricity%20network%20pricing%20proposal%20-%2020230505%20-%20PUBLIC.pdf,sources/dnsp/evoenergy/Evoenergy_Statement_of_Tariff_Classes_and_Tariffs_2023-24.pdf,https://www.evoenergy.com.au/-/media/Project/Evoenergy/EVO/Documents/Electricity/Evoenergy-Statement-of-Tariff-Classes-and-Tarrifs-2023-24.pdf?rev=c8ff4e39d7f444c189a0a667b1e93b54,LV TOU Capacity Network,Energy consumption at off-peak times,distributor schedule includes the ACT LFiT scheme amount; AER file excludes it,"excl LFiT (proposed prices as submitted to the AER; the ACT LFiT scheme amount is not included); Table 4.2 Proposed 2023/24 prices and revenue, excluding metering (nominal); page 43; OCR of image-only page (rapidocr); validated NUOS = DUOS + TUOS + JS; DUOS/TUOS match a Statement of Tariff Classes row for this code; OCR decimal point repaired via sum check; component label aligned to Statement wording (OCR text: 'Energy consumption at off- peaktimes'); NUOS prices column = DUOS + TUOS + JS; excludes metering; LFiT included: NUOS 2023/24 column (excludes metering; LFiT rebate applied via the JS price); Table 2.7 2022/23 and 2023/24 NUOS tariffs, excluding metering (nominal); page 28"
Evoenergy,2023-24,value_differs,jurisdictional_scheme,121,HV TOU Demand Network – Customer LV,Energy consumption at business times,3.28,cents/kWh,1.01,cents/kWh,3.28,1.01,c/kWh,-2.27,-69.2073,NUoS,NUoS,AER_HOSTED,DNSP,sources/aer/2023-24_price_lists/Evoenergy_2023-24_Electricity_network_pricing_proposal_5May2023.pdf,https://www.aer.gov.au/system/files/Evoenergy%202023-24%20-%20Electricity%20network%20pricing%20proposal%20-%2020230505%20-%20PUBLIC.pdf,sources/dnsp/evoenergy/Evoenergy_Statement_of_Tariff_Classes_and_Tariffs_2023-24.pdf,https://www.evoenergy.com.au/-/media/Project/Evoenergy/EVO/Documents/Electricity/Evoenergy-Statement-of-Tariff-Classes-and-Tarrifs-2023-24.pdf?rev=c8ff4e39d7f444c189a0a667b1e93b54,HV TOU Demand Network – Customer LV,Energy consumption at business times,distributor schedule includes the ACT LFiT scheme amount; AER file excludes it,"excl LFiT (proposed prices as submitted to the AER; the ACT LFiT scheme amount is not included); Table 4.2 Proposed 2023/24 prices and revenue, excluding metering (nominal); page 44; OCR of image-only page (rapidocr); validated NUOS = DUOS + TUOS + JS; DUOS/TUOS match a Statement of Tariff Classes row for this code; OCR decimal point repaired via sum check; NUOS prices column = DUOS + TUOS + JS; excludes metering; LFiT included: NUOS 2023/24 column (excludes metering; LFiT rebate applied via the JS price); Table 2.7 2022/23 and 2023/24 NUOS tariffs, excluding metering (nominal); page 29"
Evoenergy,2023-24,value_differs,jurisdictional_scheme,122,HV TOU Demand Network – Customer HV and LV,Energy consumption at business times,3.28,cents/kWh,1.01,cents/kWh,3.28,1.01,c/kWh,-2.27,-69.2073,NUoS,NUoS,AER_HOSTED,DNSP,sources/aer/2023-24_price_lists/Evoenergy_2023-24_Electricity_network_pricing_proposal_5May2023.pdf,https://www.aer.gov.au/system/files/Evoenergy%202023-24%20-%20Electricity%20network%20pricing%20proposal%20-%2020230505%20-%20PUBLIC.pdf,sources/dnsp/evoenergy/Evoenergy_Statement_of_Tariff_Classes_and_Tariffs_2023-24.pdf,https://www.evoenergy.com.au/-/media/Project/Evoenergy/EVO/Documents/Electricity/Evoenergy-Statement-of-Tariff-Classes-and-Tarrifs-2023-24.pdf?rev=c8ff4e39d7f444c189a0a667b1e93b54,HV TOU Demand Network – Customer HV and LV,Energy consumption at business times,distributor schedule includes the ACT LFiT scheme amount; AER file excludes it,"excl LFiT (proposed prices as submitted to the AER; the ACT LFiT scheme amount is not included); Table 4.2 Proposed 2023/24 prices and revenue, excluding metering (nominal); page 44; OCR of image-only page (rapidocr); validated NUOS = DUOS + TUOS + JS; DUOS/TUOS match a Statement of Tariff Classes row for this code; OCR decimal point repaired via sum check; NUOS prices column = DUOS + TUOS + JS; excludes metering; LFiT included: NUOS 2023/24 column (excludes metering; LFiT rebate applied via the JS price); Table 2.7 2022/23 and 2023/24 NUOS tariffs, excluding metering (nominal); page 29"
Evoenergy,2023-24,value_differs,jurisdictional_scheme,103,LV TOU Capacity Network,Energy consumption at evening times,3.338,cents/kWh,1.068,cents/kWh,3.338,1.068,c/kWh,-2.27,-68.0048,NUoS,NUoS,AER_HOSTED,DNSP,sources/aer/2023-24_price_lists/Evoenergy_2023-24_Electricity_network_pricing_proposal_5May2023.pdf,https://www.aer.gov.au/system/files/Evoenergy%202023-24%20-%20Electricity%20network%20pricing%20proposal%20-%2020230505%20-%20PUBLIC.pdf,sources/dnsp/evoenergy/Evoenergy_Statement_of_Tariff_Classes_and_Tariffs_2023-24.pdf,https://www.evoenergy.com.au/-/media/Project/Evoenergy/EVO/Documents/Electricity/Evoenergy-Statement-of-Tariff-Classes-and-Tarrifs-2023-24.pdf?rev=c8ff4e39d7f444c189a0a667b1e93b54,LV TOU Capacity Network,Energy consumption at evening times,distributor schedule includes the ACT LFiT scheme amount; AER file excludes it,"excl LFiT (proposed prices as submitted to the AER; the ACT LFiT scheme amount is not included); Table 4.2 Proposed 2023/24 prices and revenue, excluding metering (nominal); page 43; OCR of image-only page (rapidocr); validated NUOS = DUOS + TUOS + JS; DUOS/TUOS match a Statement of Tariff Classes row for this code; OCR decimal point repaired via sum check; value taken from second OCR pass (400 dpi) after first pass failed the sum check; NUOS prices column = DUOS + TUOS + JS; excludes metering; LFiT included: NUOS 2023/24 column (excludes metering; LFiT rebate applied via the JS price); Table 2.7 2022/23 and 2023/24 NUOS tariffs, excluding metering (nominal); page 28"
Evoenergy,2023-24,value_differs,jurisdictional_scheme,101,LV TOU kVA Demand Network,Energy consumption at evening times,3.363,cents/kWh,1.093,cents/kWh,3.363,1.093,c/kWh,-2.27,-67.4993,NUoS,NUoS,AER_HOSTED,DNSP,sources/aer/2023-24_price_lists/Evoenergy_2023-24_Electricity_network_pricing_proposal_5May2023.pdf,https://www.aer.gov.au/system/files/Evoenergy%202023-24%20-%20Electricity%20network%20pricing%20proposal%20-%2020230505%20-%20PUBLIC.pdf,sources/dnsp/evoenergy/Evoenergy_Statement_of_Tariff_Classes_and_Tariffs_2023-24.pdf,https://www.evoenergy.com.au/-/media/Project/Evoenergy/EVO/Documents/Electricity/Evoenergy-Statement-of-Tariff-Classes-and-Tarrifs-2023-24.pdf?rev=c8ff4e39d7f444c189a0a667b1e93b54,LV TOU kVA Demand Network,Energy consumption at evening times,distributor schedule includes the ACT LFiT scheme amount; AER file excludes it,"excl LFiT (proposed prices as submitted to the AER; the ACT LFiT scheme amount is not included); Table 4.2 Proposed 2023/24 prices and revenue, excluding metering (nominal); page 42; OCR of image-only page (rapidocr); validated NUOS = DUOS + TUOS + JS; DUOS/TUOS match a Statement of Tariff Classes row for this code; OCR decimal point repaired via sum check; NUOS prices column = DUOS + TUOS + JS; excludes metering; LFiT included: NUOS 2023/24 column (excludes metering; LFiT rebate applied via the JS price); Table 2.7 2022/23 and 2023/24 NUOS tariffs, excluding metering (nominal); page 28"
Evoenergy,2023-24,value_differs,jurisdictional_scheme,030,Residential with Heat Pump Network,Energy consumption for the first 165 kWh per day,3.392,cents/kWh,1.122,cents/kWh,3.392,1.122,c/kWh,-2.27,-66.9222,NUoS,NUoS,AER_HOSTED,DNSP,sources/aer/2023-24_price_lists/Evoenergy_2023-24_Electricity_network_pricing_proposal_5May2023.pdf,https://www.aer.gov.au/system/files/Evoenergy%202023-24%20-%20Electricity%20network%20pricing%20proposal%20-%2020230505%20-%20PUBLIC.pdf,sources/dnsp/evoenergy/Evoenergy_Statement_of_Tariff_Classes_and_Tariffs_2023-24.pdf,https://www.evoenergy.com.au/-/media/Project/Evoenergy/EVO/Documents/Electricity/Evoenergy-Statement-of-Tariff-Classes-and-Tarrifs-2023-24.pdf?rev=c8ff4e39d7f444c189a0a667b1e93b54,Residential with Heat Pump Network,Energy consumption for the first 165 kWh per day,distributor schedule includes the ACT LFiT scheme amount; AER file excludes it,"excl LFiT (proposed prices as submitted to the AER; the ACT LFiT scheme amount is not included); Table 4.2 Proposed 2023/24 prices and revenue, excluding metering (nominal); page 41; OCR of image-only page (rapidocr); validated NUOS = DUOS + TUOS + JS; DUOS/TUOS match a Statement of Tariff Classes row for this code; OCR decimal point repaired via sum check; NUOS prices column = DUOS + TUOS + JS; excludes metering; LFiT included: NUOS 2023/24 column (excludes metering; LFiT rebate applied via the JS price); Table 2.7 2022/23 and 2023/24 NUOS tariffs, excluding metering (nominal); page 27"
Evoenergy,2023-24,value_differs,jurisdictional_scheme,090,General TOU Network,Energy consumption at off-peak times,3.475,cents/kWh,1.205,cents/kWh,3.475,1.205,c/kWh,-2.27,-65.3237,NUoS,NUoS,AER_HOSTED,DNSP,sources/aer/2023-24_price_lists/Evoenergy_2023-24_Electricity_network_pricing_proposal_5May2023.pdf,https://www.aer.gov.au/system/files/Evoenergy%202023-24%20-%20Electricity%20network%20pricing%20proposal%20-%2020230505%20-%20PUBLIC.pdf,sources/dnsp/evoenergy/Evoenergy_Statement_of_Tariff_Classes_and_Tariffs_2023-24.pdf,https://www.evoenergy.com.au/-/media/Project/Evoenergy/EVO/Documents/Electricity/Evoenergy-Statement-of-Tariff-Classes-and-Tarrifs-2023-24.pdf?rev=c8ff4e39d7f444c189a0a667b1e93b54,General TOU Network,Energy consumption at off-peak times,distributor schedule includes the ACT LFiT scheme amount; AER file excludes it,"excl LFiT (proposed prices as submitted to the AER; the ACT LFiT scheme amount is not included); Table 4.2 Proposed 2023/24 prices and revenue, excluding metering (nominal); page 42; OCR of image-only page (rapidocr); validated NUOS = DUOS + TUOS + JS; DUOS/TUOS match a Statement of Tariff Classes row for this code; component label aligned to Statement wording (OCR text: 'Energy consumption at off- peak times'); NUOS prices column = DUOS + TUOS + JS; excludes metering; LFiT included: NUOS 2023/24 column (excludes metering; LFiT rebate applied via the JS price); Table 2.7 2022/23 and 2023/24 NUOS tariffs, excluding metering (nominal); page 28"
Evoenergy,2023-24,value_differs,jurisdictional_scheme,111,HV TOU Demand Network,Energy consumption at off-peak times,1.318,cents/kWh,0.5,cents/kWh,1.318,0.5,c/kWh,-0.818,-62.0637,NUoS,NUoS,AER_HOSTED,DNSP,sources/aer/2023-24_price_lists/Evoenergy_2023-24_Electricity_network_pricing_proposal_5May2023.pdf,https://www.aer.gov.au/system/files/Evoenergy%202023-24%20-%20Electricity%20network%20pricing%20proposal%20-%2020230505%20-%20PUBLIC.pdf,sources/dnsp/evoenergy/Evoenergy_Statement_of_Tariff_Classes_and_Tariffs_2023-24.pdf,https://www.evoenergy.com.au/-/media/Project/Evoenergy/EVO/Documents/Electricity/Evoenergy-Statement-of-Tariff-Classes-and-Tarrifs-2023-24.pdf?rev=c8ff4e39d7f444c189a0a667b1e93b54,HV TOU Demand Network,Energy consumption at off-peak times,distributor schedule includes the ACT LFiT scheme amount; AER file excludes it,"excl LFiT (proposed prices as submitted to the AER; the ACT LFiT scheme amount is not included); Table 4.2 Proposed 2023/24 prices and revenue, excluding metering (nominal); page 44; OCR of image-only page (rapidocr); validated NUOS = DUOS + TUOS + JS; DUOS/TUOS match a Statement of Tariff Classes row for this code; OCR decimal point repaired via sum check; component label aligned to Statement wording (OCR text: 'Energy consumption atoff- peak times'); NUOS prices column = DUOS + TUOS + JS; excludes metering; LFiT included: NUOS 2023/24 column (excludes metering; LFiT rebate applied via the JS price); Table 2.7 2022/23 and 2023/24 NUOS tariffs, excluding metering (nominal); page 29"
Evoenergy,2023-24,value_differs,jurisdictional_scheme,121,HV TOU Demand Network – Customer LV,Energy consumption at off-peak times,1.166,cents/kWh,0.5,cents/kWh,1.166,0.5,c/kWh,-0.666,-57.1184,NUoS,NUoS,AER_HOSTED,DNSP,sources/aer/2023-24_price_lists/Evoenergy_2023-24_Electricity_network_pricing_proposal_5May2023.pdf,https://www.aer.gov.au/system/files/Evoenergy%202023-24%20-%20Electricity%20network%20pricing%20proposal%20-%2020230505%20-%20PUBLIC.pdf,sources/dnsp/evoenergy/Evoenergy_Statement_of_Tariff_Classes_and_Tariffs_2023-24.pdf,https://www.evoenergy.com.au/-/media/Project/Evoenergy/EVO/Documents/Electricity/Evoenergy-Statement-of-Tariff-Classes-and-Tarrifs-2023-24.pdf?rev=c8ff4e39d7f444c189a0a667b1e93b54,HV TOU Demand Network – Customer LV,Energy consumption at off-peak times,distributor schedule includes the ACT LFiT scheme amount; AER file excludes it,"excl LFiT (proposed prices as submitted to the AER; the ACT LFiT scheme amount is not included); Table 4.2 Proposed 2023/24 prices and revenue, excluding metering (nominal); page 44; OCR of image-only page (rapidocr); validated NUOS = DUOS + TUOS + JS; DUOS/TUOS match a Statement of Tariff Classes row for this code; component label aligned to Statement wording (OCR text: 'Energy consumption at off- peaktimes'); NUOS prices column = DUOS + TUOS + JS; excludes metering; LFiT included: NUOS 2023/24 column (excludes metering; LFiT rebate applied via the JS price); Table 2.7 2022/23 and 2023/24 NUOS tariffs, excluding metering (nominal); page 29"
Evoenergy,2023-24,value_differs,jurisdictional_scheme,122,HV TOU Demand Network – Customer HV and LV,Energy consumption at off-peak times,1.166,cents/kWh,0.5,cents/kWh,1.166,0.5,c/kWh,-0.666,-57.1184,NUoS,NUoS,AER_HOSTED,DNSP,sources/aer/2023-24_price_lists/Evoenergy_2023-24_Electricity_network_pricing_proposal_5May2023.pdf,https://www.aer.gov.au/system/files/Evoenergy%202023-24%20-%20Electricity%20network%20pricing%20proposal%20-%2020230505%20-%20PUBLIC.pdf,sources/dnsp/evoenergy/Evoenergy_Statement_of_Tariff_Classes_and_Tariffs_2023-24.pdf,https://www.evoenergy.com.au/-/media/Project/Evoenergy/EVO/Documents/Electricity/Evoenergy-Statement-of-Tariff-Classes-and-Tarrifs-2023-24.pdf?rev=c8ff4e39d7f444c189a0a667b1e93b54,HV TOU Demand Network – Customer HV and LV,Energy consumption at off-peak times,distributor schedule includes the ACT LFiT scheme amount; AER file excludes it,"excl LFiT (proposed prices as submitted to the AER; the ACT LFiT scheme amount is not included); Table 4.2 Proposed 2023/24 prices and revenue, excluding metering (nominal); page 45; OCR of image-only page (rapidocr); validated NUOS = DUOS + TUOS + JS; DUOS/TUOS match a Statement of Tariff Classes row for this code; component label aligned to Statement wording (OCR text: 'Energy consumption at off- peak times'); NUOS prices column = DUOS + TUOS + JS; excludes metering; LFiT included: NUOS 2023/24 column (excludes metering; LFiT rebate applied via the JS price); Table 2.7 2022/23 and 2023/24 NUOS tariffs, excluding metering (nominal); page 29"
Evoenergy,2023-24,value_differs,jurisdictional_scheme,111,HV TOU Demand Network,Energy consumption at business times,3.984,cents/kWh,1.714,cents/kWh,3.984,1.714,c/kWh,-2.27,-56.9779,NUoS,NUoS,AER_HOSTED,DNSP,sources/aer/2023-24_price_lists/Evoenergy_2023-24_Electricity_network_pricing_proposal_5May2023.pdf,https://www.aer.gov.au/system/files/Evoenergy%202023-24%20-%20Electricity%20network%20pricing%20proposal%20-%2020230505%20-%20PUBLIC.pdf,sources/dnsp/evoenergy/Evoenergy_Statement_of_Tariff_Classes_and_Tariffs_2023-24.pdf,https://www.evoenergy.com.au/-/media/Project/Evoenergy/EVO/Documents/Electricity/Evoenergy-Statement-of-Tariff-Classes-and-Tarrifs-2023-24.pdf?rev=c8ff4e39d7f444c189a0a667b1e93b54,HV TOU Demand Network,Energy consumption at business times,distributor schedule includes the ACT LFiT scheme amount; AER file excludes it,"excl LFiT (proposed prices as submitted to the AER; the ACT LFiT scheme amount is not included); Table 4.2 Proposed 2023/24 prices and revenue, excluding metering (nominal); page 44; OCR of image-only page (rapidocr); validated NUOS = DUOS + TUOS + JS; DUOS/TUOS match a Statement of Tariff Classes row for this code; OCR decimal point repaired via sum check; NUOS prices column = DUOS + TUOS + JS; excludes metering; LFiT included: NUOS 2023/24 column (excludes metering; LFiT rebate applied via the JS price); Table 2.7 2022/23 and 2023/24 NUOS tariffs, excluding metering (nominal); page 29"
Evoenergy,2023-24,value_differs,jurisdictional_scheme,106,LV Demand Network,Energy consumption,4.359,cents/kWh,2.089,cents/kWh,4.359,2.089,c/kWh,-2.27,-52.0762,NUoS,NUoS,AER_HOSTED,DNSP,sources/aer/2023-24_price_lists/Evoenergy_2023-24_Electricity_network_pricing_proposal_5May2023.pdf,https://www.aer.gov.au/system/files/Evoenergy%202023-24%20-%20Electricity%20network%20pricing%20proposal%20-%2020230505%20-%20PUBLIC.pdf,sources/dnsp/evoenergy/Evoenergy_Statement_of_Tariff_Classes_and_Tariffs_2023-24.pdf,https://www.evoenergy.com.au/-/media/Project/Evoenergy/EVO/Documents/Electricity/Evoenergy-Statement-of-Tariff-Classes-and-Tarrifs-2023-24.pdf?rev=c8ff4e39d7f444c189a0a667b1e93b54,LV Demand Network,Energy consumption,distributor schedule includes the ACT LFiT scheme amount; AER file excludes it,"excl LFiT (proposed prices as submitted to the AER; the ACT LFiT scheme amount is not included); Table 4.2 Proposed 2023/24 prices and revenue, excluding metering (nominal); page 43; OCR of image-only page (rapidocr); validated NUOS = DUOS + TUOS + JS; DUOS/TUOS match a Statement of Tariff Classes row for this code; OCR decimal point repaired via sum check; NUOS prices column = DUOS + TUOS + JS; excludes metering; LFiT included: NUOS 2023/24 column (excludes metering; LFiT rebate applied via the JS price); Table 2.7 2022/23 and 2023/24 NUOS tariffs, excluding metering (nominal); page 28"
Evoenergy,2023-24,value_differs,jurisdictional_scheme,103,LV TOU Capacity Network,Capacity charge,15.43,c/kVA/day,7.582,c/kVA/day,15.43,7.582,c/kVA/day,-7.848,-50.862,NUoS,NUoS,AER_HOSTED,DNSP,sources/aer/2023-24_price_lists/Evoenergy_2023-24_Electricity_network_pricing_proposal_5May2023.pdf,https://www.aer.gov.au/system/files/Evoenergy%202023-24%20-%20Electricity%20network%20pricing%20proposal%20-%2020230505%20-%20PUBLIC.pdf,sources/dnsp/evoenergy/Evoenergy_Statement_of_Tariff_Classes_and_Tariffs_2023-24.pdf,https://www.evoenergy.com.au/-/media/Project/Evoenergy/EVO/Documents/Electricity/Evoenergy-Statement-of-Tariff-Classes-and-Tarrifs-2023-24.pdf?rev=c8ff4e39d7f444c189a0a667b1e93b54,LV TOU Capacity Network,Maximum demand charge,distributor schedule includes the ACT LFiT scheme amount; AER file excludes it,"excl LFiT (proposed prices as submitted to the AER; the ACT LFiT scheme amount is not included); Table 4.2 Proposed 2023/24 prices and revenue, excluding metering (nominal); page 43; OCR of image-only page (rapidocr); validated NUOS = DUOS + TUOS + JS; DUOS/TUOS match a Statement of Tariff Classes row for this code; NUOS prices column = DUOS + TUOS + JS; excludes metering; LFiT included: NUOS 2023/24 column (excludes metering; LFiT rebate applied via the JS price); Table 2.7 2022/23 and 2023/24 NUOS tariffs, excluding metering (nominal); page 28"
Evoenergy,2023-24,value_differs,jurisdictional_scheme,015,Residential TOU Network,Energy consumption at mid times,4.717,cents/kWh,2.447,cents/kWh,4.717,2.447,c/kWh,-2.27,-48.1238,NUoS,NUoS,AER_HOSTED,DNSP,sources/aer/2023-24_price_lists/Evoenergy_2023-24_Electricity_network_pricing_proposal_5May2023.pdf,https://www.aer.gov.au/system/files/Evoenergy%202023-24%20-%20Electricity%20network%20pricing%20proposal%20-%2020230505%20-%20PUBLIC.pdf,sources/dnsp/evoenergy/Evoenergy_Statement_of_Tariff_Classes_and_Tariffs_2023-24.pdf,https://www.evoenergy.com.au/-/media/Project/Evoenergy/EVO/Documents/Electricity/Evoenergy-Statement-of-Tariff-Classes-and-Tarrifs-2023-24.pdf?rev=c8ff4e39d7f444c189a0a667b1e93b54,Residential TOU Network,Energy consumption at mid times,distributor schedule includes the ACT LFiT scheme amount; AER file excludes it,"excl LFiT (proposed prices as submitted to the AER; the ACT LFiT scheme amount is not included); Table 4.2 Proposed 2023/24 prices and revenue, excluding metering (nominal); page 40; OCR of image-only page (rapidocr); validated NUOS = DUOS + TUOS + JS; DUOS/TUOS match a Statement of Tariff Classes row for this code; NUOS prices column = DUOS + TUOS + JS; excludes metering; LFiT included: NUOS 2023/24 column (excludes metering; LFiT rebate applied via the JS price); Table 2.7 2022/23 and 2023/24 NUOS tariffs, excluding metering (nominal); page 27"
Evoenergy,2023-24,value_differs,jurisdictional_scheme,060,Off-Peak (1) Night Network,Energy at controlled times,1.707,cents/kWh,0.931,cents/kWh,1.707,0.931,c/kWh,-0.776,-45.4599,NUoS,NUoS,AER_HOSTED,DNSP,sources/aer/2023-24_price_lists/Evoenergy_2023-24_Electricity_network_pricing_proposal_5May2023.pdf,https://www.aer.gov.au/system/files/Evoenergy%202023-24%20-%20Electricity%20network%20pricing%20proposal%20-%2020230505%20-%20PUBLIC.pdf,sources/dnsp/evoenergy/Evoenergy_Statement_of_Tariff_Classes_and_Tariffs_2023-24.pdf,https://www.evoenergy.com.au/-/media/Project/Evoenergy/EVO/Documents/Electricity/Evoenergy-Statement-of-Tariff-Classes-and-Tarrifs-2023-24.pdf?rev=c8ff4e39d7f444c189a0a667b1e93b54,Off-Peak (1) Night Network,Energy at controlled times,distributor schedule includes the ACT LFiT scheme amount; AER file excludes it,"excl LFiT (proposed prices as submitted to the AER; the ACT LFiT scheme amount is not included); Table 4.2 Proposed 2023/24 prices and revenue, excluding metering (nominal); page 41; OCR of image-only page (rapidocr); validated NUOS = DUOS + TUOS + JS; DUOS/TUOS match a Statement of Tariff Classes row for this code; NUOS prices column = DUOS + TUOS + JS; excludes metering; LFiT included: NUOS 2023/24 column (excludes metering; LFiT rebate applied via the JS price); Table 2.7 2022/23 and 2023/24 NUOS tariffs, excluding metering (nominal); page 27"
Evoenergy,2023-24,value_differs,jurisdictional_scheme,020,Residential 5000 Network,Energy consumption for the first 60 kWh per day,5.011,cents/kWh,2.741,cents/kWh,5.011,2.741,c/kWh,-2.27,-45.3003,NUoS,NUoS,AER_HOSTED,DNSP,sources/aer/2023-24_price_lists/Evoenergy_2023-24_Electricity_network_pricing_proposal_5May2023.pdf,https://www.aer.gov.au/system/files/Evoenergy%202023-24%20-%20Electricity%20network%20pricing%20proposal%20-%2020230505%20-%20PUBLIC.pdf,sources/dnsp/evoenergy/Evoenergy_Statement_of_Tariff_Classes_and_Tariffs_2023-24.pdf,https://www.evoenergy.com.au/-/media/Project/Evoenergy/EVO/Documents/Electricity/Evoenergy-Statement-of-Tariff-Classes-and-Tarrifs-2023-24.pdf?rev=c8ff4e39d7f444c189a0a667b1e93b54,Residential 5000 Network,Energy consumption for the first 60 kWh per day,distributor schedule includes the ACT LFiT scheme amount; AER file excludes it,"excl LFiT (proposed prices as submitted to the AER; the ACT LFiT scheme amount is not included); Table 4.2 Proposed 2023/24 prices and revenue, excluding metering (nominal); page 40; OCR of image-only page (rapidocr); validated NUOS = DUOS + TUOS + JS; DUOS/TUOS match a Statement of Tariff Classes row for this code; OCR decimal point repaired via sum check; NUOS prices column = DUOS + TUOS + JS; excludes metering; LFiT included: NUOS 2023/24 column (excludes metering; LFiT rebate applied via the JS price); Table 2.7 2022/23 and 2023/24 NUOS tariffs, excluding metering (nominal); page 27"
Evoenergy,2023-24,value_differs,jurisdictional_scheme,010,Residential Basic Network,Energy at any time,6.446,cents/kWh,3.979,cents/kWh,6.446,3.979,c/kWh,-2.467,-38.2718,NUoS,NUoS,AER_HOSTED,DNSP,sources/aer/2023-24_price_lists/Evoenergy_2023-24_Electricity_network_pricing_proposal_5May2023.pdf,https://www.aer.gov.au/system/files/Evoenergy%202023-24%20-%20Electricity%20network%20pricing%20proposal%20-%2020230505%20-%20PUBLIC.pdf,sources/dnsp/evoenergy/Evoenergy_Statement_of_Tariff_Classes_and_Tariffs_2023-24.pdf,https://www.evoenergy.com.au/-/media/Project/Evoenergy/EVO/Documents/Electricity/Evoenergy-Statement-of-Tariff-Classes-and-Tarrifs-2023-24.pdf?rev=c8ff4e39d7f444c189a0a667b1e93b54,Residential Basic Network,Energy at any time,distributor schedule includes the ACT LFiT scheme amount; AER file excludes it,"excl LFiT (proposed prices as submitted to the AER; the ACT LFiT scheme amount is not included); Table 4.2 Proposed 2023/24 prices and revenue, excluding metering (nominal); page 40; OCR of image-only page (rapidocr); validated NUOS = DUOS + TUOS + JS; DUOS/TUOS match a Statement of Tariff Classes row for this code; NUOS prices column = DUOS + TUOS + JS; excludes metering; LFiT included: NUOS 2023/24 column (excludes metering; LFiT rebate applied via the JS price); Table 2.7 2022/23 and 2023/24 NUOS tariffs, excluding metering (nominal); page 27"
Evoenergy,2023-24,value_differs,jurisdictional_scheme,103,LV TOU Capacity Network,Energy consumption at business times,6.048,cents/kWh,3.778,cents/kWh,6.048,3.778,c/kWh,-2.27,-37.5331,NUoS,NUoS,AER_HOSTED,DNSP,sources/aer/2023-24_price_lists/Evoenergy_2023-24_Electricity_network_pricing_proposal_5May2023.pdf,https://www.aer.gov.au/system/files/Evoenergy%202023-24%20-%20Electricity%20network%20pricing%20proposal%20-%2020230505%20-%20PUBLIC.pdf,sources/dnsp/evoenergy/Evoenergy_Statement_of_Tariff_Classes_and_Tariffs_2023-24.pdf,https://www.evoenergy.com.au/-/media/Project/Evoenergy/EVO/Documents/Electricity/Evoenergy-Statement-of-Tariff-Classes-and-Tarrifs-2023-24.pdf?rev=c8ff4e39d7f444c189a0a667b1e93b54,LV TOU Capacity Network,Energy consumption at business times,distributor schedule includes the ACT LFiT scheme amount; AER file excludes it,"excl LFiT (proposed prices as submitted to the AER; the ACT LFiT scheme amount is not included); Table 4.2 Proposed 2023/24 prices and revenue, excluding metering (nominal); page 43; OCR of image-only page (rapidocr); validated NUOS = DUOS + TUOS + JS; DUOS/TUOS match a Statement of Tariff Classes row for this code; OCR decimal point repaired via sum check; NUOS prices column = DUOS + TUOS + JS; excludes metering; LFiT included: NUOS 2023/24 column (excludes metering; LFiT rebate applied via the JS price); Table 2.7 2022/23 and 2023/24 NUOS tariffs, excluding metering (nominal); page 28"
Evoenergy,2023-24,value_differs,jurisdictional_scheme,101,LV TOU kVA Demand Network,Energy consumption at business times,6.095,cents/kWh,3.825,cents/kWh,6.095,3.825,c/kWh,-2.27,-37.2436,NUoS,NUoS,AER_HOSTED,DNSP,sources/aer/2023-24_price_lists/Evoenergy_2023-24_Electricity_network_pricing_proposal_5May2023.pdf,https://www.aer.gov.au/system/files/Evoenergy%202023-24%20-%20Electricity%20network%20pricing%20proposal%20-%2020230505%20-%20PUBLIC.pdf,sources/dnsp/evoenergy/Evoenergy_Statement_of_Tariff_Classes_and_Tariffs_2023-24.pdf,https://www.evoenergy.com.au/-/media/Project/Evoenergy/EVO/Documents/Electricity/Evoenergy-Statement-of-Tariff-Classes-and-Tarrifs-2023-24.pdf?rev=c8ff4e39d7f444c189a0a667b1e93b54,LV TOU kVA Demand Network,Energy consumption at business times,distributor schedule includes the ACT LFiT scheme amount; AER file excludes it,"excl LFiT (proposed prices as submitted to the AER; the ACT LFiT scheme amount is not included); Table 4.2 Proposed 2023/24 prices and revenue, excluding metering (nominal); page 42; OCR of image-only page (rapidocr); validated NUOS = DUOS + TUOS + JS; DUOS/TUOS match a Statement of Tariff Classes row for this code; OCR decimal point repaired via sum check; NUOS prices column = DUOS + TUOS + JS; excludes metering; LFiT included: NUOS 2023/24 column (excludes metering; LFiT rebate applied via the JS price); Table 2.7 2022/23 and 2023/24 NUOS tariffs, excluding metering (nominal); page 28"
Evoenergy,2023-24,value_differs,jurisdictional_scheme,108,LV Stand-Alone Battery Network (residential),Net energy consumption charge,0.776,cents/kWh,0.5,cents/kWh,0.776,0.5,c/kWh,-0.276,-35.567,NUoS,NUoS,AER_HOSTED,DNSP,sources/aer/2023-24_price_lists/Evoenergy_2023-24_Electricity_network_pricing_proposal_5May2023.pdf,https://www.aer.gov.au/system/files/Evoenergy%202023-24%20-%20Electricity%20network%20pricing%20proposal%20-%2020230505%20-%20PUBLIC.pdf,sources/dnsp/evoenergy/Evoenergy_Statement_of_Tariff_Classes_and_Tariffs_2023-24.pdf,https://www.evoenergy.com.au/-/media/Project/Evoenergy/EVO/Documents/Electricity/Evoenergy-Statement-of-Tariff-Classes-and-Tarrifs-2023-24.pdf?rev=c8ff4e39d7f444c189a0a667b1e93b54,LV Stand-Alone Battery Network (residential),Net energy consumption charge,distributor schedule includes the ACT LFiT scheme amount; AER file excludes it,"excl LFiT (proposed prices as submitted to the AER; the ACT LFiT scheme amount is not included); Table 4.2 Proposed 2023/24 prices and revenue, excluding metering (nominal); page 43; OCR of image-only page (rapidocr); validated NUOS = DUOS + TUOS + JS; DUOS/TUOS match a Statement of Tariff Classes row for this code; NUOS prices column = DUOS + TUOS + JS; excludes metering; LFiT included: NUOS 2023/24 column (excludes metering; LFiT rebate applied via the JS price); Table 2.7 2022/23 and 2023/24 NUOS tariffs, excluding metering (nominal); page 28"
Evoenergy,2023-24,value_differs,jurisdictional_scheme,123,HV Stand-alone battery network (residential) with export,Net energy consumption charge,0.776,c/kVA/day,0.5,c/kVA/day,0.776,0.5,c/kVA/day,-0.276,-35.567,NUoS,NUoS,AER_HOSTED,DNSP,sources/aer/2023-24_price_lists/Evoenergy_2023-24_Electricity_network_pricing_proposal_5May2023.pdf,https://www.aer.gov.au/system/files/Evoenergy%202023-24%20-%20Electricity%20network%20pricing%20proposal%20-%2020230505%20-%20PUBLIC.pdf,sources/dnsp/evoenergy/Evoenergy_Statement_of_Tariff_Classes_and_Tariffs_2023-24.pdf,https://www.evoenergy.com.au/-/media/Project/Evoenergy/EVO/Documents/Electricity/Evoenergy-Statement-of-Tariff-Classes-and-Tarrifs-2023-24.pdf?rev=c8ff4e39d7f444c189a0a667b1e93b54,HV Stand-alone battery network (residential) with export,Net energy consumption charge,distributor schedule includes the ACT LFiT scheme amount; AER file excludes it,"excl LFiT (proposed prices as submitted to the AER; the ACT LFiT scheme amount is not included); Table 4.2 Proposed 2023/24 prices and revenue, excluding metering (nominal); page 45; OCR of image-only page (rapidocr); validated NUOS = DUOS + TUOS + JS; DUOS/TUOS match a Statement of Tariff Classes row for this code; component label aligned to Statement wording (OCR text: 'Netenergy consumption charge'); NUOS prices column = DUOS + TUOS + JS; excludes metering; LFiT included: NUOS 2023/24 column (excludes metering; LFiT rebate applied via the JS price); Table 2.7 2022/23 and 2023/24 NUOS tariffs, excluding metering (nominal); page 29"
Evoenergy,2023-24,value_differs,jurisdictional_scheme,124,HV Stand-alone battery network (commercial) with export,Net energy consumption charge,0.776,c/KkA/day,0.5,c/KkA/day,0.776,0.5,c/kVA/day,-0.276,-35.567,NUoS,NUoS,AER_HOSTED,DNSP,sources/aer/2023-24_price_lists/Evoenergy_2023-24_Electricity_network_pricing_proposal_5May2023.pdf,https://www.aer.gov.au/system/files/Evoenergy%202023-24%20-%20Electricity%20network%20pricing%20proposal%20-%2020230505%20-%20PUBLIC.pdf,sources/dnsp/evoenergy/Evoenergy_Statement_of_Tariff_Classes_and_Tariffs_2023-24.pdf,https://www.evoenergy.com.au/-/media/Project/Evoenergy/EVO/Documents/Electricity/Evoenergy-Statement-of-Tariff-Classes-and-Tarrifs-2023-24.pdf?rev=c8ff4e39d7f444c189a0a667b1e93b54,HV Stand-alone battery network (commercial) with export,Net energy consumption charge,distributor schedule includes the ACT LFiT scheme amount; AER file excludes it,"excl LFiT (proposed prices as submitted to the AER; the ACT LFiT scheme amount is not included); Table 4.2 Proposed 2023/24 prices and revenue, excluding metering (nominal); page 45; OCR of image-only page (rapidocr); validated NUOS = DUOS + TUOS + JS; DUOS/TUOS match a Statement of Tariff Classes row for this code; NUOS prices column = DUOS + TUOS + JS; excludes metering; unit published as 'c/KkA/day' (document typo; tariff 123 shows c/kVA/day); LFiT included: NUOS 2023/24 column (excludes metering; LFiT rebate applied via the JS price); Table 2.7 2022/23 and 2023/24 NUOS tariffs, excluding metering (nominal); page 29; unit published as 'c/KkA/day' (document typo; tariff 123 shows c/kVA/day)"
Evoenergy,2023-24,value_differs,jurisdictional_scheme,020,Residential 5000 Network,Energy consumption above 60 kWh per day,6.445,cents/kWh,4.175,cents/kWh,6.445,4.175,c/kWh,-2.27,-35.2211,NUoS,NUoS,AER_HOSTED,DNSP,sources/aer/2023-24_price_lists/Evoenergy_2023-24_Electricity_network_pricing_proposal_5May2023.pdf,https://www.aer.gov.au/system/files/Evoenergy%202023-24%20-%20Electricity%20network%20pricing%20proposal%20-%2020230505%20-%20PUBLIC.pdf,sources/dnsp/evoenergy/Evoenergy_Statement_of_Tariff_Classes_and_Tariffs_2023-24.pdf,https://www.evoenergy.com.au/-/media/Project/Evoenergy/EVO/Documents/Electricity/Evoenergy-Statement-of-Tariff-Classes-and-Tarrifs-2023-24.pdf?rev=c8ff4e39d7f444c189a0a667b1e93b54,Residential 5000 Network,Energy consumption above 60 kWh per day,distributor schedule includes the ACT LFiT scheme amount; AER file excludes it,"excl LFiT (proposed prices as submitted to the AER; the ACT LFiT scheme amount is not included); Table 4.2 Proposed 2023/24 prices and revenue, excluding metering (nominal); page 40; OCR of image-only page (rapidocr); validated NUOS = DUOS + TUOS + JS; DUOS/TUOS match a Statement of Tariff Classes row for this code; component label aligned to Statement wording (OCR text: 'Energy consumption above60kWhper day'); NUOS prices column = DUOS + TUOS + JS; excludes metering; LFiT included: NUOS 2023/24 column (excludes metering; LFiT rebate applied via the JS price); Table 2.7 2022/23 and 2023/24 NUOS tariffs, excluding metering (nominal); page 27"
Evoenergy,2023-24,value_differs,jurisdictional_scheme,030,Residential with Heat Pump Network,Energy consumption above 165 kWh per day,6.446,cents/kWh,4.176,cents/kWh,6.446,4.176,c/kWh,-2.27,-35.2156,NUoS,NUoS,AER_HOSTED,DNSP,sources/aer/2023-24_price_lists/Evoenergy_2023-24_Electricity_network_pricing_proposal_5May2023.pdf,https://www.aer.gov.au/system/files/Evoenergy%202023-24%20-%20Electricity%20network%20pricing%20proposal%20-%2020230505%20-%20PUBLIC.pdf,sources/dnsp/evoenergy/Evoenergy_Statement_of_Tariff_Classes_and_Tariffs_2023-24.pdf,https://www.evoenergy.com.au/-/media/Project/Evoenergy/EVO/Documents/Electricity/Evoenergy-Statement-of-Tariff-Classes-and-Tarrifs-2023-24.pdf?rev=c8ff4e39d7f444c189a0a667b1e93b54,Residential with Heat Pump Network,Energy consumption above 165 kWh per day,distributor schedule includes the ACT LFiT scheme amount; AER file excludes it,"excl LFiT (proposed prices as submitted to the AER; the ACT LFiT scheme amount is not included); Table 4.2 Proposed 2023/24 prices and revenue, excluding metering (nominal); page 41; OCR of image-only page (rapidocr); validated NUOS = DUOS + TUOS + JS; DUOS/TUOS match a Statement of Tariff Classes row for this code; NUOS prices column = DUOS + TUOS + JS; excludes metering; LFiT included: NUOS 2023/24 column (excludes metering; LFiT rebate applied via the JS price); Table 2.7 2022/23 and 2023/24 NUOS tariffs, excluding metering (nominal); page 27"
Evoenergy,2023-24,value_differs,jurisdictional_scheme,070,Off-Peak (3) Day & Night Network,Energy at controlled times,2.206,cents/kWh,1.43,cents/kWh,2.206,1.43,c/kWh,-0.776,-35.1768,NUoS,NUoS,AER_HOSTED,DNSP,sources/aer/2023-24_price_lists/Evoenergy_2023-24_Electricity_network_pricing_proposal_5May2023.pdf,https://www.aer.gov.au/system/files/Evoenergy%202023-24%20-%20Electricity%20network%20pricing%20proposal%20-%2020230505%20-%20PUBLIC.pdf,sources/dnsp/evoenergy/Evoenergy_Statement_of_Tariff_Classes_and_Tariffs_2023-24.pdf,https://www.evoenergy.com.au/-/media/Project/Evoenergy/EVO/Documents/Electricity/Evoenergy-Statement-of-Tariff-Classes-and-Tarrifs-2023-24.pdf?rev=c8ff4e39d7f444c189a0a667b1e93b54,Off-Peak (3) Day & Night Network,Energy at controlled times,distributor schedule includes the ACT LFiT scheme amount; AER file excludes it,"excl LFiT (proposed prices as submitted to the AER; the ACT LFiT scheme amount is not included); Table 4.2 Proposed 2023/24 prices and revenue, excluding metering (nominal); page 41; OCR of image-only page (rapidocr); validated NUOS = DUOS + TUOS + JS; DUOS/TUOS match a Statement of Tariff Classes row for this code; OCR decimal point repaired via sum check; NUOS prices column = DUOS + TUOS + JS; excludes metering; LFiT included: NUOS 2023/24 column (excludes metering; LFiT rebate applied via the JS price); Table 2.7 2022/23 and 2023/24 NUOS tariffs, excluding metering (nominal); page 27"
Evoenergy,2023-24,value_differs,jurisdictional_scheme,080,Streetlighting Network,Energy consumption,7.077,cents/kWh,4.807,cents/kWh,7.077,4.807,c/kWh,-2.27,-32.0757,NUoS,NUoS,AER_HOSTED,DNSP,sources/aer/2023-24_price_lists/Evoenergy_2023-24_Electricity_network_pricing_proposal_5May2023.pdf,https://www.aer.gov.au/system/files/Evoenergy%202023-24%20-%20Electricity%20network%20pricing%20proposal%20-%2020230505%20-%20PUBLIC.pdf,sources/dnsp/evoenergy/Evoenergy_Statement_of_Tariff_Classes_and_Tariffs_2023-24.pdf,https://www.evoenergy.com.au/-/media/Project/Evoenergy/EVO/Documents/Electricity/Evoenergy-Statement-of-Tariff-Classes-and-Tarrifs-2023-24.pdf?rev=c8ff4e39d7f444c189a0a667b1e93b54,Streetlighting Network,Energy consumption,distributor schedule includes the ACT LFiT scheme amount; AER file excludes it,"excl LFiT (proposed prices as submitted to the AER; the ACT LFiT scheme amount is not included); Table 4.2 Proposed 2023/24 prices and revenue, excluding metering (nominal); page 42; OCR of image-only page (rapidocr); validated NUOS = DUOS + TUOS + JS; DUOS/TUOS match a Statement of Tariff Classes row for this code; OCR decimal point repaired via sum check; NUOS prices column = DUOS + TUOS + JS; excludes metering; LFiT included: NUOS 2023/24 column (excludes metering; LFiT rebate applied via the JS price); Table 2.7 2022/23 and 2023/24 NUOS tariffs, excluding metering (nominal); page 28"
Evoenergy,2023-24,value_differs,jurisdictional_scheme,090,General TOU Network,Energy consumption at evening times,7.685,cents/kWh,5.415,cents/kWh,7.685,5.415,c/kWh,-2.27,-29.5381,NUoS,NUoS,AER_HOSTED,DNSP,sources/aer/2023-24_price_lists/Evoenergy_2023-24_Electricity_network_pricing_proposal_5May2023.pdf,https://www.aer.gov.au/system/files/Evoenergy%202023-24%20-%20Electricity%20network%20pricing%20proposal%20-%2020230505%20-%20PUBLIC.pdf,sources/dnsp/evoenergy/Evoenergy_Statement_of_Tariff_Classes_and_Tariffs_2023-24.pdf,https://www.evoenergy.com.au/-/media/Project/Evoenergy/EVO/Documents/Electricity/Evoenergy-Statement-of-Tariff-Classes-and-Tarrifs-2023-24.pdf?rev=c8ff4e39d7f444c189a0a667b1e93b54,General TOU Network,Energy consumption at evening times,distributor schedule includes the ACT LFiT scheme amount; AER file excludes it,"excl LFiT (proposed prices as submitted to the AER; the ACT LFiT scheme amount is not included); Table 4.2 Proposed 2023/24 prices and revenue, excluding metering (nominal); page 42; OCR of image-only page (rapidocr); validated NUOS = DUOS + TUOS + JS; DUOS/TUOS match a Statement of Tariff Classes row for this code; NUOS prices column = DUOS + TUOS + JS; excludes metering; LFiT included: NUOS 2023/24 column (excludes metering; LFiT rebate applied via the JS price); Table 2.7 2022/23 and 2023/24 NUOS tariffs, excluding metering (nominal); page 28"
Evoenergy,2023-24,value_differs,jurisdictional_scheme,122,HV TOU Demand Network – Customer HV and LV,Capacity charge,13.408,c/kVA/day,10.231,c/kVA/day,13.408,10.231,c/kVA/day,-3.177,-23.6948,NUoS,NUoS,AER_HOSTED,DNSP,sources/aer/2023-24_price_lists/Evoenergy_2023-24_Electricity_network_pricing_proposal_5May2023.pdf,https://www.aer.gov.au/system/files/Evoenergy%202023-24%20-%20Electricity%20network%20pricing%20proposal%20-%2020230505%20-%20PUBLIC.pdf,sources/dnsp/evoenergy/Evoenergy_Statement_of_Tariff_Classes_and_Tariffs_2023-24.pdf,https://www.evoenergy.com.au/-/media/Project/Evoenergy/EVO/Documents/Electricity/Evoenergy-Statement-of-Tariff-Classes-and-Tarrifs-2023-24.pdf?rev=c8ff4e39d7f444c189a0a667b1e93b54,HV TOU Demand Network – Customer HV and LV,Capacity charge,distributor schedule includes the ACT LFiT scheme amount; AER file excludes it,"excl LFiT (proposed prices as submitted to the AER; the ACT LFiT scheme amount is not included); Table 4.2 Proposed 2023/24 prices and revenue, excluding metering (nominal); page 44; OCR of image-only page (rapidocr); validated NUOS = DUOS + TUOS + JS; DUOS/TUOS match a Statement of Tariff Classes row for this code; NUOS prices column = DUOS + TUOS + JS; excludes metering; LFiT included: NUOS 2023/24 column (excludes metering; LFiT rebate applied via the JS price); Table 2.7 2022/23 and 2023/24 NUOS tariffs, excluding metering (nominal); page 29"
Evoenergy,2023-24,value_differs,jurisdictional_scheme,015,Residential TOU Network,Energy consumption at max times,12.6,cents/kWh,9.795,cents/kWh,12.6,9.795,c/kWh,-2.805,-22.2619,NUoS,NUoS,AER_HOSTED,DNSP,sources/aer/2023-24_price_lists/Evoenergy_2023-24_Electricity_network_pricing_proposal_5May2023.pdf,https://www.aer.gov.au/system/files/Evoenergy%202023-24%20-%20Electricity%20network%20pricing%20proposal%20-%2020230505%20-%20PUBLIC.pdf,sources/dnsp/evoenergy/Evoenergy_Statement_of_Tariff_Classes_and_Tariffs_2023-24.pdf,https://www.evoenergy.com.au/-/media/Project/Evoenergy/EVO/Documents/Electricity/Evoenergy-Statement-of-Tariff-Classes-and-Tarrifs-2023-24.pdf?rev=c8ff4e39d7f444c189a0a667b1e93b54,Residential TOU Network,Energy consumption at max times,distributor schedule includes the ACT LFiT scheme amount; AER file excludes it,"excl LFiT (proposed prices as submitted to the AER; the ACT LFiT scheme amount is not included); Table 4.2 Proposed 2023/24 prices and revenue, excluding metering (nominal); page 40; OCR of image-only page (rapidocr); validated NUOS = DUOS + TUOS + JS; DUOS/TUOS match a Statement of Tariff Classes row for this code; NUOS prices column = DUOS + TUOS + JS; excludes metering; LFiT included: NUOS 2023/24 column (excludes metering; LFiT rebate applied via the JS price); Table 2.7 2022/23 and 2023/24 NUOS tariffs, excluding metering (nominal); page 27"
Evoenergy,2023-24,value_differs,jurisdictional_scheme,040,General Network,Energy consumption for the first 330 kWh per day,10.349,cents/kWh,8.079,cents/kWh,10.349,8.079,c/kWh,-2.27,-21.9345,NUoS,NUoS,AER_HOSTED,DNSP,sources/aer/2023-24_price_lists/Evoenergy_2023-24_Electricity_network_pricing_proposal_5May2023.pdf,https://www.aer.gov.au/system/files/Evoenergy%202023-24%20-%20Electricity%20network%20pricing%20proposal%20-%2020230505%20-%20PUBLIC.pdf,sources/dnsp/evoenergy/Evoenergy_Statement_of_Tariff_Classes_and_Tariffs_2023-24.pdf,https://www.evoenergy.com.au/-/media/Project/Evoenergy/EVO/Documents/Electricity/Evoenergy-Statement-of-Tariff-Classes-and-Tarrifs-2023-24.pdf?rev=c8ff4e39d7f444c189a0a667b1e93b54,General Network,Energy consumption for the first 330 kWh per day,distributor schedule includes the ACT LFiT scheme amount; AER file excludes it,"excl LFiT (proposed prices as submitted to the AER; the ACT LFiT scheme amount is not included); Table 4.2 Proposed 2023/24 prices and revenue, excluding metering (nominal); page 41; OCR of image-only page (rapidocr); validated NUOS = DUOS + TUOS + JS; DUOS/TUOS match a Statement of Tariff Classes row for this code; NUOS prices column = DUOS + TUOS + JS; excludes metering; LFiT included: NUOS 2023/24 column (excludes metering; LFiT rebate applied via the JS price); Table 2.7 2022/23 and 2023/24 NUOS tariffs, excluding metering (nominal); page 27"
Evoenergy,2023-24,value_differs,jurisdictional_scheme,135,Small Unmetered Loads Network,Energy consumption,10.957,cents/kWh,8.687,cents/kWh,10.957,8.687,c/kWh,-2.27,-20.7173,NUoS,NUoS,AER_HOSTED,DNSP,sources/aer/2023-24_price_lists/Evoenergy_2023-24_Electricity_network_pricing_proposal_5May2023.pdf,https://www.aer.gov.au/system/files/Evoenergy%202023-24%20-%20Electricity%20network%20pricing%20proposal%20-%2020230505%20-%20PUBLIC.pdf,sources/dnsp/evoenergy/Evoenergy_Statement_of_Tariff_Classes_and_Tariffs_2023-24.pdf,https://www.evoenergy.com.au/-/media/Project/Evoenergy/EVO/Documents/Electricity/Evoenergy-Statement-of-Tariff-Classes-and-Tarrifs-2023-24.pdf?rev=c8ff4e39d7f444c189a0a667b1e93b54,Small Unmetered Loads Network,Energy consumption,distributor schedule includes the ACT LFiT scheme amount; AER file excludes it,"excl LFiT (proposed prices as submitted to the AER; the ACT LFiT scheme amount is not included); Table 4.2 Proposed 2023/24 prices and revenue, excluding metering (nominal); page 42; OCR of image-only page (rapidocr); validated NUOS = DUOS + TUOS + JS; DUOS/TUOS match a Statement of Tariff Classes row for this code; NUOS prices column = DUOS + TUOS + JS; excludes metering; LFiT included: NUOS 2023/24 column (excludes metering; LFiT rebate applied via the JS price); Table 2.7 2022/23 and 2023/24 NUOS tariffs, excluding metering (nominal); page 28"
Evoenergy,2023-24,value_differs,jurisdictional_scheme,101,LV TOU kVA Demand Network,Maximum demand charge,34.236,c/kVA/day,27.966,c/kVA/day,34.236,27.966,c/kVA/day,-6.27,-18.3141,NUoS,NUoS,AER_HOSTED,DNSP,sources/aer/2023-24_price_lists/Evoenergy_2023-24_Electricity_network_pricing_proposal_5May2023.pdf,https://www.aer.gov.au/system/files/Evoenergy%202023-24%20-%20Electricity%20network%20pricing%20proposal%20-%2020230505%20-%20PUBLIC.pdf,sources/dnsp/evoenergy/Evoenergy_Statement_of_Tariff_Classes_and_Tariffs_2023-24.pdf,https://www.evoenergy.com.au/-/media/Project/Evoenergy/EVO/Documents/Electricity/Evoenergy-Statement-of-Tariff-Classes-and-Tarrifs-2023-24.pdf?rev=c8ff4e39d7f444c189a0a667b1e93b54,LV TOU kVA Demand Network,Maximum demand charge,distributor schedule includes the ACT LFiT scheme amount; AER file excludes it,"excl LFiT (proposed prices as submitted to the AER; the ACT LFiT scheme amount is not included); Table 4.2 Proposed 2023/24 prices and revenue, excluding metering (nominal); page 42; OCR of image-only page (rapidocr); validated NUOS = DUOS + TUOS + JS; DUOS/TUOS match a Statement of Tariff Classes row for this code; NUOS prices column = DUOS + TUOS + JS; excludes metering; LFiT included: NUOS 2023/24 column (excludes metering; LFiT rebate applied via the JS price); Table 2.7 2022/23 and 2023/24 NUOS tariffs, excluding metering (nominal); page 28"
Evoenergy,2023-24,value_differs,jurisdictional_scheme,040,General Network,Energy consumption above 330 kWh per day,13.443,cents/kWh,11.173,cents/kWh,13.443,11.173,c/kWh,-2.27,-16.8861,NUoS,NUoS,AER_HOSTED,DNSP,sources/aer/2023-24_price_lists/Evoenergy_2023-24_Electricity_network_pricing_proposal_5May2023.pdf,https://www.aer.gov.au/system/files/Evoenergy%202023-24%20-%20Electricity%20network%20pricing%20proposal%20-%2020230505%20-%20PUBLIC.pdf,sources/dnsp/evoenergy/Evoenergy_Statement_of_Tariff_Classes_and_Tariffs_2023-24.pdf,https://www.evoenergy.com.au/-/media/Project/Evoenergy/EVO/Documents/Electricity/Evoenergy-Statement-of-Tariff-Classes-and-Tarrifs-2023-24.pdf?rev=c8ff4e39d7f444c189a0a667b1e93b54,General Network,Energy consumption above 330 kWh per day,distributor schedule includes the ACT LFiT scheme amount; AER file excludes it,"excl LFiT (proposed prices as submitted to the AER; the ACT LFiT scheme amount is not included); Table 4.2 Proposed 2023/24 prices and revenue, excluding metering (nominal); page 42; OCR of image-only page (rapidocr); validated NUOS = DUOS + TUOS + JS; DUOS/TUOS match a Statement of Tariff Classes row for this code; component label aligned to Statement wording (OCR text: 'Energy consumption above 330kWh per day'); NUOS prices column = DUOS + TUOS + JS; excludes metering; LFiT included: NUOS 2023/24 column (excludes metering; LFiT rebate applied via the JS price); Table 2.7 2022/23 and 2023/24 NUOS tariffs, excluding metering (nominal); page 28"
Evoenergy,2023-24,value_differs,jurisdictional_scheme,090,General TOU Network,Energy consumption at business times,15.99,cents/kWh,13.72,cents/kWh,15.99,13.72,c/kWh,-2.27,-14.1964,NUoS,NUoS,AER_HOSTED,DNSP,sources/aer/2023-24_price_lists/Evoenergy_2023-24_Electricity_network_pricing_proposal_5May2023.pdf,https://www.aer.gov.au/system/files/Evoenergy%202023-24%20-%20Electricity%20network%20pricing%20proposal%20-%2020230505%20-%20PUBLIC.pdf,sources/dnsp/evoenergy/Evoenergy_Statement_of_Tariff_Classes_and_Tariffs_2023-24.pdf,https://www.evoenergy.com.au/-/media/Project/Evoenergy/EVO/Documents/Electricity/Evoenergy-Statement-of-Tariff-Classes-and-Tarrifs-2023-24.pdf?rev=c8ff4e39d7f444c189a0a667b1e93b54,General TOU Network,Energy consumption at business times,distributor schedule includes the ACT LFiT scheme amount; AER file excludes it,"excl LFiT (proposed prices as submitted to the AER; the ACT LFiT scheme amount is not included); Table 4.2 Proposed 2023/24 prices and revenue, excluding metering (nominal); page 42; OCR of image-only page (rapidocr); validated NUOS = DUOS + TUOS + JS; DUOS/TUOS match a Statement of Tariff Classes row for this code; NUOS prices column = DUOS + TUOS + JS; excludes metering; LFiT included: NUOS 2023/24 column (excludes metering; LFiT rebate applied via the JS price); Table 2.7 2022/23 and 2023/24 NUOS tariffs, excluding metering (nominal); page 28"
Evoenergy,2023-24,value_differs,jurisdictional_scheme,025,Residential Demand Network,Peak period maximum demand,13.456,c/kW/day,11.847,c/kW/day,13.456,11.847,c/kW/day,-1.609,-11.9575,NUoS,NUoS,AER_HOSTED,DNSP,sources/aer/2023-24_price_lists/Evoenergy_2023-24_Electricity_network_pricing_proposal_5May2023.pdf,https://www.aer.gov.au/system/files/Evoenergy%202023-24%20-%20Electricity%20network%20pricing%20proposal%20-%2020230505%20-%20PUBLIC.pdf,sources/dnsp/evoenergy/Evoenergy_Statement_of_Tariff_Classes_and_Tariffs_2023-24.pdf,https://www.evoenergy.com.au/-/media/Project/Evoenergy/EVO/Documents/Electricity/Evoenergy-Statement-of-Tariff-Classes-and-Tarrifs-2023-24.pdf?rev=c8ff4e39d7f444c189a0a667b1e93b54,Residential Demand Network,Peak period maximum demand,distributor schedule includes the ACT LFiT scheme amount; AER file excludes it,"excl LFiT (proposed prices as submitted to the AER; the ACT LFiT scheme amount is not included); Table 4.2 Proposed 2023/24 prices and revenue, excluding metering (nominal); page 40; OCR of image-only page (rapidocr); validated NUOS = DUOS + TUOS + JS; DUOS/TUOS match a Statement of Tariff Classes row for this code; component label aligned to Statement wording (OCR text: 'Peak period maximumdemand'); NUOS prices column = DUOS + TUOS + JS; excludes metering; LFiT included: NUOS 2023/24 column (excludes metering; LFiT rebate applied via the JS price); Table 2.7 2022/23 and 2023/24 NUOS tariffs, excluding metering (nominal); page 27"
Evoenergy,2023-24,value_differs,jurisdictional_scheme,124,HV Stand-alone battery network (commercial) with export,Peak period maximum demand: high season,13.24,c/kVA/day,12.031,c/kVA/day,13.24,12.031,c/kVA/day,-1.209,-9.1314,NUoS,NUoS,AER_HOSTED,DNSP,sources/aer/2023-24_price_lists/Evoenergy_2023-24_Electricity_network_pricing_proposal_5May2023.pdf,https://www.aer.gov.au/system/files/Evoenergy%202023-24%20-%20Electricity%20network%20pricing%20proposal%20-%2020230505%20-%20PUBLIC.pdf,sources/dnsp/evoenergy/Evoenergy_Statement_of_Tariff_Classes_and_Tariffs_2023-24.pdf,https://www.evoenergy.com.au/-/media/Project/Evoenergy/EVO/Documents/Electricity/Evoenergy-Statement-of-Tariff-Classes-and-Tarrifs-2023-24.pdf?rev=c8ff4e39d7f444c189a0a667b1e93b54,HV Stand-alone battery network (commercial) with export,Peak period maximum demand: high season,distributor schedule includes the ACT LFiT scheme amount; AER file excludes it,"excl LFiT (proposed prices as submitted to the AER; the ACT LFiT scheme amount is not included); Table 4.2 Proposed 2023/24 prices and revenue, excluding metering (nominal); page 45; OCR of image-only page (rapidocr); validated NUOS = DUOS + TUOS + JS; DUOS/TUOS match a Statement of Tariff Classes row for this code; NUOS prices column = DUOS + TUOS + JS; excludes metering; LFiT included: NUOS 2023/24 column (excludes metering; LFiT rebate applied via the JS price); Table 2.7 2022/23 and 2023/24 NUOS tariffs, excluding metering (nominal); page 29"
Evoenergy,2023-24,value_differs,jurisdictional_scheme,124,HV Stand-alone battery network (commercial) with export,Peak period maximum demand: low season,11.033,c/kVA/day,10.239,c/kVA/day,11.033,10.239,c/kVA/day,-0.794,-7.1966,NUoS,NUoS,AER_HOSTED,DNSP,sources/aer/2023-24_price_lists/Evoenergy_2023-24_Electricity_network_pricing_proposal_5May2023.pdf,https://www.aer.gov.au/system/files/Evoenergy%202023-24%20-%20Electricity%20network%20pricing%20proposal%20-%2020230505%20-%20PUBLIC.pdf,sources/dnsp/evoenergy/Evoenergy_Statement_of_Tariff_Classes_and_Tariffs_2023-24.pdf,https://www.evoenergy.com.au/-/media/Project/Evoenergy/EVO/Documents/Electricity/Evoenergy-Statement-of-Tariff-Classes-and-Tarrifs-2023-24.pdf?rev=c8ff4e39d7f444c189a0a667b1e93b54,HV Stand-alone battery network (commercial) with export,Peak period maximum demand: low season,distributor schedule includes the ACT LFiT scheme amount; AER file excludes it,"excl LFiT (proposed prices as submitted to the AER; the ACT LFiT scheme amount is not included); Table 4.2 Proposed 2023/24 prices and revenue, excluding metering (nominal); page 45; OCR of image-only page (rapidocr); validated NUOS = DUOS + TUOS + JS; DUOS/TUOS match a Statement of Tariff Classes row for this code; NUOS prices column = DUOS + TUOS + JS; excludes metering; LFiT included: NUOS 2023/24 column (excludes metering; LFiT rebate applied via the JS price); Table 2.7 2022/23 and 2023/24 NUOS tariffs, excluding metering (nominal); page 29"
Evoenergy,2023-24,value_differs,jurisdictional_scheme,121,HV TOU Demand Network – Customer LV,Capacity charge,14.454,c/kVA/day,13.45,c/kVA/day,14.454,13.45,c/kVA/day,-1.004,-6.9462,NUoS,NUoS,AER_HOSTED,DNSP,sources/aer/2023-24_price_lists/Evoenergy_2023-24_Electricity_network_pricing_proposal_5May2023.pdf,https://www.aer.gov.au/system/files/Evoenergy%202023-24%20-%20Electricity%20network%20pricing%20proposal%20-%2020230505%20-%20PUBLIC.pdf,sources/dnsp/evoenergy/Evoenergy_Statement_of_Tariff_Classes_and_Tariffs_2023-24.pdf,https://www.evoenergy.com.au/-/media/Project/Evoenergy/EVO/Documents/Electricity/Evoenergy-Statement-of-Tariff-Classes-and-Tarrifs-2023-24.pdf?rev=c8ff4e39d7f444c189a0a667b1e93b54,HV TOU Demand Network – Customer LV,Capacity charge,distributor schedule includes the ACT LFiT scheme amount; AER file excludes it,"excl LFiT (proposed prices as submitted to the AER; the ACT LFiT scheme amount is not included); Table 4.2 Proposed 2023/24 prices and revenue, excluding metering (nominal); page 44; OCR of image-only page (rapidocr); validated NUOS = DUOS + TUOS + JS; DUOS/TUOS match a Statement of Tariff Classes row for this code; NUOS prices column = DUOS + TUOS + JS; excludes metering; LFiT included: NUOS 2023/24 column (excludes metering; LFiT rebate applied via the JS price); Table 2.7 2022/23 and 2023/24 NUOS tariffs, excluding metering (nominal); page 29"
Evoenergy,2023-24,value_differs,jurisdictional_scheme,108,LV Stand-Alone Battery Network (residential),Peak period maximum demand: high season,29.53,c/kVA/day,27.566,c/kVA/day,29.53,27.566,c/kVA/day,-1.964,-6.6509,NUoS,NUoS,AER_HOSTED,DNSP,sources/aer/2023-24_price_lists/Evoenergy_2023-24_Electricity_network_pricing_proposal_5May2023.pdf,https://www.aer.gov.au/system/files/Evoenergy%202023-24%20-%20Electricity%20network%20pricing%20proposal%20-%2020230505%20-%20PUBLIC.pdf,sources/dnsp/evoenergy/Evoenergy_Statement_of_Tariff_Classes_and_Tariffs_2023-24.pdf,https://www.evoenergy.com.au/-/media/Project/Evoenergy/EVO/Documents/Electricity/Evoenergy-Statement-of-Tariff-Classes-and-Tarrifs-2023-24.pdf?rev=c8ff4e39d7f444c189a0a667b1e93b54,LV Stand-Alone Battery Network (residential),Peak period maximum demand: high season,distributor schedule includes the ACT LFiT scheme amount; AER file excludes it,"excl LFiT (proposed prices as submitted to the AER; the ACT LFiT scheme amount is not included); Table 4.2 Proposed 2023/24 prices and revenue, excluding metering (nominal); page 43; OCR of image-only page (rapidocr); validated NUOS = DUOS + TUOS + JS; DUOS/TUOS match a Statement of Tariff Classes row for this code; NUOS prices column = DUOS + TUOS + JS; excludes metering; LFiT included: NUOS 2023/24 column (excludes metering; LFiT rebate applied via the JS price); Table 2.7 2022/23 and 2023/24 NUOS tariffs, excluding metering (nominal); page 28"
Evoenergy,2023-24,value_differs,jurisdictional_scheme,123,HV Stand-alone battery network (residential) with export,Peak period maximum demand: high season,20.001,c/kVA/day,18.792,c/kVA/day,20.001,18.792,c/kVA/day,-1.209,-6.0447,NUoS,NUoS,AER_HOSTED,DNSP,sources/aer/2023-24_price_lists/Evoenergy_2023-24_Electricity_network_pricing_proposal_5May2023.pdf,https://www.aer.gov.au/system/files/Evoenergy%202023-24%20-%20Electricity%20network%20pricing%20proposal%20-%2020230505%20-%20PUBLIC.pdf,sources/dnsp/evoenergy/Evoenergy_Statement_of_Tariff_Classes_and_Tariffs_2023-24.pdf,https://www.evoenergy.com.au/-/media/Project/Evoenergy/EVO/Documents/Electricity/Evoenergy-Statement-of-Tariff-Classes-and-Tarrifs-2023-24.pdf?rev=c8ff4e39d7f444c189a0a667b1e93b54,HV Stand-alone battery network (residential) with export,Peak period maximum demand: high season,distributor schedule includes the ACT LFiT scheme amount; AER file excludes it,"excl LFiT (proposed prices as submitted to the AER; the ACT LFiT scheme amount is not included); Table 4.2 Proposed 2023/24 prices and revenue, excluding metering (nominal); page 45; OCR of image-only page (rapidocr); validated NUOS = DUOS + TUOS + JS; DUOS/TUOS match a Statement of Tariff Classes row for this code; NUOS prices column = DUOS + TUOS + JS; excludes metering; LFiT included: NUOS 2023/24 column (excludes metering; LFiT rebate applied via the JS price); Table 2.7 2022/23 and 2023/24 NUOS tariffs, excluding metering (nominal); page 29"
Evoenergy,2023-24,value_differs,jurisdictional_scheme,108,LV Stand-Alone Battery Network (residential),Peak period maximum demand: low season,25.746,c/KVA/day,24.455,c/kVA/day,25.746,24.455,c/kVA/day,-1.291,-5.0144,NUoS,NUoS,AER_HOSTED,DNSP,sources/aer/2023-24_price_lists/Evoenergy_2023-24_Electricity_network_pricing_proposal_5May2023.pdf,https://www.aer.gov.au/system/files/Evoenergy%202023-24%20-%20Electricity%20network%20pricing%20proposal%20-%2020230505%20-%20PUBLIC.pdf,sources/dnsp/evoenergy/Evoenergy_Statement_of_Tariff_Classes_and_Tariffs_2023-24.pdf,https://www.evoenergy.com.au/-/media/Project/Evoenergy/EVO/Documents/Electricity/Evoenergy-Statement-of-Tariff-Classes-and-Tarrifs-2023-24.pdf?rev=c8ff4e39d7f444c189a0a667b1e93b54,LV Stand-Alone Battery Network (residential),Peak period maximum demand: low season,distributor schedule includes the ACT LFiT scheme amount; AER file excludes it,"excl LFiT (proposed prices as submitted to the AER; the ACT LFiT scheme amount is not included); Table 4.2 Proposed 2023/24 prices and revenue, excluding metering (nominal); page 43; OCR of image-only page (rapidocr); validated NUOS = DUOS + TUOS + JS; DUOS/TUOS match a Statement of Tariff Classes row for this code; component label aligned to Statement wording (OCR text: 'Peak period maximumdemand: lowseason'); NUOS prices column = DUOS + TUOS + JS; excludes metering; LFiT included: NUOS 2023/24 column (excludes metering; LFiT rebate applied via the JS price); Table 2.7 2022/23 and 2023/24 NUOS tariffs, excluding metering (nominal); page 28"
Evoenergy,2023-24,value_differs,jurisdictional_scheme,123,HV Stand-alone battery network (residential) with export,Peak period maximum demand: low season,16.667,c/kVA/day,15.873,c/kVA/day,16.667,15.873,c/kVA/day,-0.794,-4.7639,NUoS,NUoS,AER_HOSTED,DNSP,sources/aer/2023-24_price_lists/Evoenergy_2023-24_Electricity_network_pricing_proposal_5May2023.pdf,https://www.aer.gov.au/system/files/Evoenergy%202023-24%20-%20Electricity%20network%20pricing%20proposal%20-%2020230505%20-%20PUBLIC.pdf,sources/dnsp/evoenergy/Evoenergy_Statement_of_Tariff_Classes_and_Tariffs_2023-24.pdf,https://www.evoenergy.com.au/-/media/Project/Evoenergy/EVO/Documents/Electricity/Evoenergy-Statement-of-Tariff-Classes-and-Tarrifs-2023-24.pdf?rev=c8ff4e39d7f444c189a0a667b1e93b54,HV Stand-alone battery network (residential) with export,Peak period maximum demand: low season,distributor schedule includes the ACT LFiT scheme amount; AER file excludes it,"excl LFiT (proposed prices as submitted to the AER; the ACT LFiT scheme amount is not included); Table 4.2 Proposed 2023/24 prices and revenue, excluding metering (nominal); page 45; OCR of image-only page (rapidocr); validated NUOS = DUOS + TUOS + JS; DUOS/TUOS match a Statement of Tariff Classes row for this code; component label aligned to Statement wording (OCR text: 'Peak period maximumdemand: lowseason'); NUOS prices column = DUOS + TUOS + JS; excludes metering; LFiT included: NUOS 2023/24 column (excludes metering; LFiT rebate applied via the JS price); Table 2.7 2022/23 and 2023/24 NUOS tariffs, excluding metering (nominal); page 29"
Evoenergy,2023-24,value_differs,jurisdictional_scheme,108,LV Stand-Alone Battery Network (residential),Critical Peak Export Rebate,-162.546,cents/kWh,-162.545,cents/kWh,-162.546,-162.545,c/kWh,0.001,-0.0006,NUoS,NUoS,AER_HOSTED,DNSP,sources/aer/2023-24_price_lists/Evoenergy_2023-24_Electricity_network_pricing_proposal_5May2023.pdf,https://www.aer.gov.au/system/files/Evoenergy%202023-24%20-%20Electricity%20network%20pricing%20proposal%20-%2020230505%20-%20PUBLIC.pdf,sources/dnsp/evoenergy/Evoenergy_Statement_of_Tariff_Classes_and_Tariffs_2023-24.pdf,https://www.evoenergy.com.au/-/media/Project/Evoenergy/EVO/Documents/Electricity/Evoenergy-Statement-of-Tariff-Classes-and-Tarrifs-2023-24.pdf?rev=c8ff4e39d7f444c189a0a667b1e93b54,LV Stand-Alone Battery Network (residential),Critical Peak Export Rebate,distributor schedule includes the ACT LFiT scheme amount; AER file excludes it,"excl LFiT (proposed prices as submitted to the AER; the ACT LFiT scheme amount is not included); Table 4.2 Proposed 2023/24 prices and revenue, excluding metering (nominal); page 43; OCR of image-only page (rapidocr); validated NUOS = DUOS + TUOS + JS; DUOS/TUOS match a Statement of Tariff Classes row for this code; OCR decimal point repaired via sum check; component label aligned to Statement wording (OCR text: 'Cri ical Peak ExportRebate'); NUOS prices column = DUOS + TUOS + JS; excludes metering; LFiT included: NUOS 2023/24 column (excludes metering; LFiT rebate applied via the JS price); Table 2.7 2022/23 and 2023/24 NUOS tariffs, excluding metering (nominal); page 28"
Evoenergy,2023-24,dnsp_only_code,,011,Residential Basic Network XMC*,2 component(s),,,,,,,,,,NUoS,NUoS,AER_HOSTED,DNSP,sources/aer/2023-24_price_lists/Evoenergy_2023-24_Electricity_network_pricing_proposal_5May2023.pdf,,sources/dnsp/evoenergy/Evoenergy_Statement_of_Tariff_Classes_and_Tariffs_2023-24.pdf,https://www.evoenergy.com.au/-/media/Project/Evoenergy/EVO/Documents/Electricity/Evoenergy-Statement-of-Tariff-Classes-and-Tarrifs-2023-24.pdf?rev=c8ff4e39d7f444c189a0a667b1e93b54,Residential Basic Network XMC*,,tariff code present in distributor publication but not in AER-side file,"LFiT included: NUOS price column as published = DUOS + TUOS + JS + metering capital + metering non-capital (LFiT rebate applied via the JS price; metering (ACS) included where published; the excl-metering NUOS is in the 'NUOS 2023/24 column' rows from Table 2-7); Table 2.6 Network use of system (NUOS) charges 2023/24, excluding GST; page 22; XMC tariff excludes metering capital charges"
Evoenergy,2023-24,dnsp_only_code,,016,Residential TOU Network XMC*,4 component(s),,,,,,,,,,NUoS,NUoS,AER_HOSTED,DNSP,sources/aer/2023-24_price_lists/Evoenergy_2023-24_Electricity_network_pricing_proposal_5May2023.pdf,,sources/dnsp/evoenergy/Evoenergy_Statement_of_Tariff_Classes_and_Tariffs_2023-24.pdf,https://www.evoenergy.com.au/-/media/Project/Evoenergy/EVO/Documents/Electricity/Evoenergy-Statement-of-Tariff-Classes-and-Tarrifs-2023-24.pdf?rev=c8ff4e39d7f444c189a0a667b1e93b54,Residential TOU Network XMC*,,tariff code present in distributor publication but not in AER-side file,"LFiT included: NUOS price column as published = DUOS + TUOS + JS + metering capital + metering non-capital (LFiT rebate applied via the JS price; metering (ACS) included where published; the excl-metering NUOS is in the 'NUOS 2023/24 column' rows from Table 2-7); Table 2.6 Network use of system (NUOS) charges 2023/24, excluding GST; page 22; XMC tariff excludes metering capital charges"
Evoenergy,2023-24,dnsp_only_code,,021,Residential 5000 Network XMC*,3 component(s),,,,,,,,,,NUoS,NUoS,AER_HOSTED,DNSP,sources/aer/2023-24_price_lists/Evoenergy_2023-24_Electricity_network_pricing_proposal_5May2023.pdf,,sources/dnsp/evoenergy/Evoenergy_Statement_of_Tariff_Classes_and_Tariffs_2023-24.pdf,https://www.evoenergy.com.au/-/media/Project/Evoenergy/EVO/Documents/Electricity/Evoenergy-Statement-of-Tariff-Classes-and-Tarrifs-2023-24.pdf?rev=c8ff4e39d7f444c189a0a667b1e93b54,Residential 5000 Network XMC*,,tariff code present in distributor publication but not in AER-side file,"LFiT included: NUOS price column as published = DUOS + TUOS + JS + metering capital + metering non-capital (LFiT rebate applied via the JS price; metering (ACS) included where published; the excl-metering NUOS is in the 'NUOS 2023/24 column' rows from Table 2-7); Table 2.6 Network use of system (NUOS) charges 2023/24, excluding GST; page 22; XMC tariff excludes metering capital charges"
Evoenergy,2023-24,dnsp_only_code,,026,Residential Demand Network XMC*,3 component(s),,,,,,,,,,NUoS,NUoS,AER_HOSTED,DNSP,sources/aer/2023-24_price_lists/Evoenergy_2023-24_Electricity_network_pricing_proposal_5May2023.pdf,,sources/dnsp/evoenergy/Evoenergy_Statement_of_Tariff_Classes_and_Tariffs_2023-24.pdf,https://www.evoenergy.com.au/-/media/Project/Evoenergy/EVO/Documents/Electricity/Evoenergy-Statement-of-Tariff-Classes-and-Tarrifs-2023-24.pdf?rev=c8ff4e39d7f444c189a0a667b1e93b54,Residential Demand Network XMC*,,tariff code present in distributor publication but not in AER-side file,"LFiT included: NUOS price column as published = DUOS + TUOS + JS + metering capital + metering non-capital (LFiT rebate applied via the JS price; metering (ACS) included where published; the excl-metering NUOS is in the 'NUOS 2023/24 column' rows from Table 2-7); Table 2.6 Network use of system (NUOS) charges 2023/24, excluding GST; page 22; XMC tariff excludes metering capital charges"
Evoenergy,2023-24,dnsp_only_code,,028,Residential Battery Network XMC*,10 component(s),,,,,,,,,,NUoS,NUoS,AER_HOSTED,DNSP,sources/aer/2023-24_price_lists/Evoenergy_2023-24_Electricity_network_pricing_proposal_5May2023.pdf,,sources/dnsp/evoenergy/Evoenergy_Statement_of_Tariff_Classes_and_Tariffs_2023-24.pdf,https://www.evoenergy.com.au/-/media/Project/Evoenergy/EVO/Documents/Electricity/Evoenergy-Statement-of-Tariff-Classes-and-Tarrifs-2023-24.pdf?rev=c8ff4e39d7f444c189a0a667b1e93b54,Residential Battery Network XMC*,,tariff code present in distributor publication but not in AER-side file,"LFiT included: NUOS price column as published = DUOS + TUOS + JS + metering capital + metering non-capital (LFiT rebate applied via the JS price; metering (ACS) included where published; the excl-metering NUOS is in the 'NUOS 2023/24 column' rows from Table 2-7); Table 2.6 Network use of system (NUOS) charges 2023/24, excluding GST; page 23; XMC tariff excludes metering capital charges"
Evoenergy,2023-24,dnsp_only_code,,031,Residential with Heat Pump Network XMC*,3 component(s),,,,,,,,,,NUoS,NUoS,AER_HOSTED,DNSP,sources/aer/2023-24_price_lists/Evoenergy_2023-24_Electricity_network_pricing_proposal_5May2023.pdf,,sources/dnsp/evoenergy/Evoenergy_Statement_of_Tariff_Classes_and_Tariffs_2023-24.pdf,https://www.evoenergy.com.au/-/media/Project/Evoenergy/EVO/Documents/Electricity/Evoenergy-Statement-of-Tariff-Classes-and-Tarrifs-2023-24.pdf?rev=c8ff4e39d7f444c189a0a667b1e93b54,Residential with Heat Pump Network XMC*,,tariff code present in distributor publication but not in AER-side file,"LFiT included: NUOS price column as published = DUOS + TUOS + JS + metering capital + metering non-capital (LFiT rebate applied via the JS price; metering (ACS) included where published; the excl-metering NUOS is in the 'NUOS 2023/24 column' rows from Table 2-7); Table 2.6 Network use of system (NUOS) charges 2023/24, excluding GST; page 23; XMC tariff excludes metering capital charges"
Evoenergy,2023-24,dnsp_only_code,,041,General Network XMC*,3 component(s),,,,,,,,,,NUoS,NUoS,AER_HOSTED,DNSP,sources/aer/2023-24_price_lists/Evoenergy_2023-24_Electricity_network_pricing_proposal_5May2023.pdf,,sources/dnsp/evoenergy/Evoenergy_Statement_of_Tariff_Classes_and_Tariffs_2023-24.pdf,https://www.evoenergy.com.au/-/media/Project/Evoenergy/EVO/Documents/Electricity/Evoenergy-Statement-of-Tariff-Classes-and-Tarrifs-2023-24.pdf?rev=c8ff4e39d7f444c189a0a667b1e93b54,General Network XMC*,,tariff code present in distributor publication but not in AER-side file,"LFiT included: NUOS price column as published = DUOS + TUOS + JS + metering capital + metering non-capital (LFiT rebate applied via the JS price; metering (ACS) included where published; the excl-metering NUOS is in the 'NUOS 2023/24 column' rows from Table 2-7); Table 2.6 Network use of system (NUOS) charges 2023/24, excluding GST; page 23; XMC tariff excludes metering capital charges"
Evoenergy,2023-24,dnsp_only_code,,081,Streetlighting Network XMC*,2 component(s),,,,,,,,,,NUoS,NUoS,AER_HOSTED,DNSP,sources/aer/2023-24_price_lists/Evoenergy_2023-24_Electricity_network_pricing_proposal_5May2023.pdf,,sources/dnsp/evoenergy/Evoenergy_Statement_of_Tariff_Classes_and_Tariffs_2023-24.pdf,https://www.evoenergy.com.au/-/media/Project/Evoenergy/EVO/Documents/Electricity/Evoenergy-Statement-of-Tariff-Classes-and-Tarrifs-2023-24.pdf?rev=c8ff4e39d7f444c189a0a667b1e93b54,Streetlighting Network XMC*,,tariff code present in distributor publication but not in AER-side file,"LFiT included: NUOS price column as published = DUOS + TUOS + JS + metering capital + metering non-capital (LFiT rebate applied via the JS price; metering (ACS) included where published; the excl-metering NUOS is in the 'NUOS 2023/24 column' rows from Table 2-7); Table 2.6 Network use of system (NUOS) charges 2023/24, excluding GST; page 24; XMC tariff excludes metering capital charges"
Evoenergy,2023-24,dnsp_only_code,,091,General TOU Network XMC*,4 component(s),,,,,,,,,,NUoS,NUoS,AER_HOSTED,DNSP,sources/aer/2023-24_price_lists/Evoenergy_2023-24_Electricity_network_pricing_proposal_5May2023.pdf,,sources/dnsp/evoenergy/Evoenergy_Statement_of_Tariff_Classes_and_Tariffs_2023-24.pdf,https://www.evoenergy.com.au/-/media/Project/Evoenergy/EVO/Documents/Electricity/Evoenergy-Statement-of-Tariff-Classes-and-Tarrifs-2023-24.pdf?rev=c8ff4e39d7f444c189a0a667b1e93b54,General TOU Network XMC*,,tariff code present in distributor publication but not in AER-side file,"LFiT included: NUOS price column as published = DUOS + TUOS + JS + metering capital + metering non-capital (LFiT rebate applied via the JS price; metering (ACS) included where published; the excl-metering NUOS is in the 'NUOS 2023/24 column' rows from Table 2-7); Table 2.6 Network use of system (NUOS) charges 2023/24, excluding GST; page 24; XMC tariff excludes metering capital charges"
Evoenergy,2023-24,dnsp_only_code,,104,LV TOU kVA Demand Network XMC*,5 component(s),,,,,,,,,,NUoS,NUoS,AER_HOSTED,DNSP,sources/aer/2023-24_price_lists/Evoenergy_2023-24_Electricity_network_pricing_proposal_5May2023.pdf,,sources/dnsp/evoenergy/Evoenergy_Statement_of_Tariff_Classes_and_Tariffs_2023-24.pdf,https://www.evoenergy.com.au/-/media/Project/Evoenergy/EVO/Documents/Electricity/Evoenergy-Statement-of-Tariff-Classes-and-Tarrifs-2023-24.pdf?rev=c8ff4e39d7f444c189a0a667b1e93b54,LV TOU kVA Demand Network XMC*,,tariff code present in distributor publication but not in AER-side file,"LFiT included: NUOS price column as published = DUOS + TUOS + JS + metering capital + metering non-capital (LFiT rebate applied via the JS price; metering (ACS) included where published; the excl-metering NUOS is in the 'NUOS 2023/24 column' rows from Table 2-7); Table 2.6 Network use of system (NUOS) charges 2023/24, excluding GST; page 24; XMC tariff excludes metering capital charges"
Evoenergy,2023-24,dnsp_only_code,,105,LV TOU Capacity Network XMC*,6 component(s),,,,,,,,,,NUoS,NUoS,AER_HOSTED,DNSP,sources/aer/2023-24_price_lists/Evoenergy_2023-24_Electricity_network_pricing_proposal_5May2023.pdf,,sources/dnsp/evoenergy/Evoenergy_Statement_of_Tariff_Classes_and_Tariffs_2023-24.pdf,https://www.evoenergy.com.au/-/media/Project/Evoenergy/EVO/Documents/Electricity/Evoenergy-Statement-of-Tariff-Classes-and-Tarrifs-2023-24.pdf?rev=c8ff4e39d7f444c189a0a667b1e93b54,LV TOU Capacity Network XMC*,,tariff code present in distributor publication but not in AER-side file,"LFiT included: NUOS price column as published = DUOS + TUOS + JS + metering capital + metering non-capital (LFiT rebate applied via the JS price; metering (ACS) included where published; the excl-metering NUOS is in the 'NUOS 2023/24 column' rows from Table 2-7); Table 2.6 Network use of system (NUOS) charges 2023/24, excluding GST; page 25; XMC tariff excludes metering capital charges"
Evoenergy,2023-24,dnsp_only_code,,107,LV Demand Network XMC*,3 component(s),,,,,,,,,,NUoS,NUoS,AER_HOSTED,DNSP,sources/aer/2023-24_price_lists/Evoenergy_2023-24_Electricity_network_pricing_proposal_5May2023.pdf,,sources/dnsp/evoenergy/Evoenergy_Statement_of_Tariff_Classes_and_Tariffs_2023-24.pdf,https://www.evoenergy.com.au/-/media/Project/Evoenergy/EVO/Documents/Electricity/Evoenergy-Statement-of-Tariff-Classes-and-Tarrifs-2023-24.pdf?rev=c8ff4e39d7f444c189a0a667b1e93b54,LV Demand Network XMC*,,tariff code present in distributor publication but not in AER-side file,"LFiT included: NUOS price column as published = DUOS + TUOS + JS + metering capital + metering non-capital (LFiT rebate applied via the JS price; metering (ACS) included where published; the excl-metering NUOS is in the 'NUOS 2023/24 column' rows from Table 2-7); Table 2.6 Network use of system (NUOS) charges 2023/24, excluding GST; page 25; XMC tariff excludes metering capital charges"
Evoenergy,2024-25,value_differs,jurisdictional_scheme,108,LV Stand-alone Battery Network (Residential area),Net,0.8,cents/kWh,1.058,c/kWh,0.8,1.058,c/kWh,0.258,32.25,NUoS,NUoS,AER,DNSP,sources/aer/2024-25_stakeholder_reports/AER_Stakeholder_report_Evoenergy_2024-25.xlsx,https://www.aer.gov.au/system/files/2024-05/AER%20-%20Stakeholder%20report%20-%20Evoenergy%20-%202024%E2%80%9325%20Annual%20Pricing%20Proposal.xlsx,sources/dnsp/evoenergy/Evoenergy_Schedule_of_Charges_2024-25_LFiT_adjusted.pdf,https://www.evoenergy.com.au/-/media/Project/Evoenergy/EVO/Documents/Electricity/Evoenergy-electricity-schedule-of-charges-2024-25-LFiT-adjusted.pdf?rev=cfd603e7eccc4ae0a30b1a281864e546&hash=1FFD8DDEFA9984066AE6E3CEDF1EEA8B,LV large-scale battery tariff (residential area),Net Energy,distributor schedule includes the ACT LFiT scheme amount; AER file excludes it,"LFiT included (uniform adder of 0.258 c/kWh applied to c/kWh consumption charges per document); Rate column (network charge excluding metering; 'Rate + metering' column not emitted); page 13; applicability: Applies to net energy imported i.e., electricity imported less electricity exported (in kWh)"
Evoenergy,2024-25,value_differs,jurisdictional_scheme,109,LV Stand-alone Battery Network (Commercial area),Net,0.8,cents/kWh,1.058,c/kWh,0.8,1.058,c/kWh,0.258,32.25,NUoS,NUoS,AER,DNSP,sources/aer/2024-25_stakeholder_reports/AER_Stakeholder_report_Evoenergy_2024-25.xlsx,https://www.aer.gov.au/system/files/2024-05/AER%20-%20Stakeholder%20report%20-%20Evoenergy%20-%202024%E2%80%9325%20Annual%20Pricing%20Proposal.xlsx,sources/dnsp/evoenergy/Evoenergy_Schedule_of_Charges_2024-25_LFiT_adjusted.pdf,https://www.evoenergy.com.au/-/media/Project/Evoenergy/EVO/Documents/Electricity/Evoenergy-electricity-schedule-of-charges-2024-25-LFiT-adjusted.pdf?rev=cfd603e7eccc4ae0a30b1a281864e546&hash=1FFD8DDEFA9984066AE6E3CEDF1EEA8B,LV large-scale battery tariff (commercial area),Net Energy,distributor schedule includes the ACT LFiT scheme amount; AER file excludes it,"LFiT included (uniform adder of 0.258 c/kWh applied to c/kWh consumption charges per document); Rate column (network charge excluding metering; 'Rate + metering' column not emitted); page 13; applicability: Applies to net energy imported i.e., electricity imported less electricity exported (in kWh)"
Evoenergy,2024-25,value_differs,jurisdictional_scheme,123,HV Stand-alone Battery Network (Residential area),Net,0.8,cents/kWh,1.058,c/kWh,0.8,1.058,c/kWh,0.258,32.25,NUoS,NUoS,AER,DNSP,sources/aer/2024-25_stakeholder_reports/AER_Stakeholder_report_Evoenergy_2024-25.xlsx,https://www.aer.gov.au/system/files/2024-05/AER%20-%20Stakeholder%20report%20-%20Evoenergy%20-%202024%E2%80%9325%20Annual%20Pricing%20Proposal.xlsx,sources/dnsp/evoenergy/Evoenergy_Schedule_of_Charges_2024-25_LFiT_adjusted.pdf,https://www.evoenergy.com.au/-/media/Project/Evoenergy/EVO/Documents/Electricity/Evoenergy-electricity-schedule-of-charges-2024-25-LFiT-adjusted.pdf?rev=cfd603e7eccc4ae0a30b1a281864e546&hash=1FFD8DDEFA9984066AE6E3CEDF1EEA8B,HV large-scale battery tariff (residential area),Net Energy,distributor schedule includes the ACT LFiT scheme amount; AER file excludes it,"LFiT included (uniform adder of 0.258 c/kWh applied to c/kWh consumption charges per document); Rate column (network charge excluding metering; 'Rate + metering' column not emitted); page 17; applicability: Applies to net energy imported i.e., electricity imported less electricity exported (in kWh)"
Evoenergy,2024-25,value_differs,jurisdictional_scheme,124,HV Stand-alone Battery Network (Commercial area),Net,0.8,cents/kWh,1.058,c/kWh,0.8,1.058,c/kWh,0.258,32.25,NUoS,NUoS,AER,DNSP,sources/aer/2024-25_stakeholder_reports/AER_Stakeholder_report_Evoenergy_2024-25.xlsx,https://www.aer.gov.au/system/files/2024-05/AER%20-%20Stakeholder%20report%20-%20Evoenergy%20-%202024%E2%80%9325%20Annual%20Pricing%20Proposal.xlsx,sources/dnsp/evoenergy/Evoenergy_Schedule_of_Charges_2024-25_LFiT_adjusted.pdf,https://www.evoenergy.com.au/-/media/Project/Evoenergy/EVO/Documents/Electricity/Evoenergy-electricity-schedule-of-charges-2024-25-LFiT-adjusted.pdf?rev=cfd603e7eccc4ae0a30b1a281864e546&hash=1FFD8DDEFA9984066AE6E3CEDF1EEA8B,HV large-scale battery tariff (commercial area),Net Energy,distributor schedule includes the ACT LFiT scheme amount; AER file excludes it,"LFiT included (uniform adder of 0.258 c/kWh applied to c/kWh consumption charges per document); Rate column (network charge excluding metering; 'Rate + metering' column not emitted); page 18; applicability: Applies to net energy imported i.e., electricity imported less electricity exported (in kWh)"
Evoenergy,2024-25,value_differs,jurisdictional_scheme,121,HV TOU Demand Network – Customer LV,Off-peak,1.278,cents/kWh,1.536,c/kWh,1.278,1.536,c/kWh,0.258,20.1878,NUoS,NUoS,AER,DNSP,sources/aer/2024-25_stakeholder_reports/AER_Stakeholder_report_Evoenergy_2024-25.xlsx,https://www.aer.gov.au/system/files/2024-05/AER%20-%20Stakeholder%20report%20-%20Evoenergy%20-%202024%E2%80%9325%20Annual%20Pricing%20Proposal.xlsx,sources/dnsp/evoenergy/Evoenergy_Schedule_of_Charges_2024-25_LFiT_adjusted.pdf,https://www.evoenergy.com.au/-/media/Project/Evoenergy/EVO/Documents/Electricity/Evoenergy-electricity-schedule-of-charges-2024-25-LFiT-adjusted.pdf?rev=cfd603e7eccc4ae0a30b1a281864e546&hash=1FFD8DDEFA9984066AE6E3CEDF1EEA8B,HV TOU Demand Network – Customer LV (closed),Off-peak Energy,distributor schedule includes the ACT LFiT scheme amount; AER file excludes it,LFiT included (uniform adder of 0.258 c/kWh applied to c/kWh consumption charges per document); Rate column (network charge excluding metering; 'Rate + metering' column not emitted); page 16; closed to new customers; applicability: All other times
Evoenergy,2024-25,value_differs,jurisdictional_scheme,122,HV TOU Demand Network – Customer LV & HV,Off-peak,1.279,cents/kWh,1.537,c/kWh,1.279,1.537,c/kWh,0.258,20.172,NUoS,NUoS,AER,DNSP,sources/aer/2024-25_stakeholder_reports/AER_Stakeholder_report_Evoenergy_2024-25.xlsx,https://www.aer.gov.au/system/files/2024-05/AER%20-%20Stakeholder%20report%20-%20Evoenergy%20-%202024%E2%80%9325%20Annual%20Pricing%20Proposal.xlsx,sources/dnsp/evoenergy/Evoenergy_Schedule_of_Charges_2024-25_LFiT_adjusted.pdf,https://www.evoenergy.com.au/-/media/Project/Evoenergy/EVO/Documents/Electricity/Evoenergy-electricity-schedule-of-charges-2024-25-LFiT-adjusted.pdf?rev=cfd603e7eccc4ae0a30b1a281864e546&hash=1FFD8DDEFA9984066AE6E3CEDF1EEA8B,HV TOU Demand Network – Customer HV and LV,Off-peak Energy,distributor schedule includes the ACT LFiT scheme amount; AER file excludes it,LFiT included (uniform adder of 0.258 c/kWh applied to c/kWh consumption charges per document); Rate column (network charge excluding metering; 'Rate + metering' column not emitted); page 16; applicability: All other times
Evoenergy,2024-25,value_differs,jurisdictional_scheme,"017, 018*",New residential TOU,Solar soak,1.499,cents/kWh,1.757,c/kWh,1.499,1.757,c/kWh,0.258,17.2115,NUoS,NUoS,AER,DNSP,sources/aer/2024-25_stakeholder_reports/AER_Stakeholder_report_Evoenergy_2024-25.xlsx,https://www.aer.gov.au/system/files/2024-05/AER%20-%20Stakeholder%20report%20-%20Evoenergy%20-%202024%E2%80%9325%20Annual%20Pricing%20Proposal.xlsx,sources/dnsp/evoenergy/Evoenergy_Schedule_of_Charges_2024-25_LFiT_adjusted.pdf,https://www.evoenergy.com.au/-/media/Project/Evoenergy/EVO/Documents/Electricity/Evoenergy-electricity-schedule-of-charges-2024-25-LFiT-adjusted.pdf?rev=cfd603e7eccc4ae0a30b1a281864e546&hash=1FFD8DDEFA9984066AE6E3CEDF1EEA8B,New Residential TOU Network,Solar Soak Energy,"code differs (017, 018* vs 017); matched by code alias; distributor schedule includes the ACT LFiT scheme amount; AER file excludes it",LFiT included (uniform adder of 0.258 c/kWh applied to c/kWh consumption charges per document); Rate column (network charge excluding metering; 'Rate + metering' column not emitted); page 5; applicability: 11am-3pm every day
Evoenergy,2024-25,value_differs,jurisdictional_scheme,"017, 018*",New residential TOU,Solar soak,1.499,cents/kWh,1.757,c/kWh,1.499,1.757,c/kWh,0.258,17.2115,NUoS,NUoS,AER,DNSP,sources/aer/2024-25_stakeholder_reports/AER_Stakeholder_report_Evoenergy_2024-25.xlsx,https://www.aer.gov.au/system/files/2024-05/AER%20-%20Stakeholder%20report%20-%20Evoenergy%20-%202024%E2%80%9325%20Annual%20Pricing%20Proposal.xlsx,sources/dnsp/evoenergy/Evoenergy_Schedule_of_Charges_2024-25_LFiT_adjusted.pdf,https://www.evoenergy.com.au/-/media/Project/Evoenergy/EVO/Documents/Electricity/Evoenergy-electricity-schedule-of-charges-2024-25-LFiT-adjusted.pdf?rev=cfd603e7eccc4ae0a30b1a281864e546&hash=1FFD8DDEFA9984066AE6E3CEDF1EEA8B,New Residential TOU Network XMC*,Solar Soak Energy,"AER lists codes jointly (017, 018*); distributor publishes 018 separately - compared against the joint AER row; distributor schedule includes the ACT LFiT scheme amount; AER file excludes it",LFiT included (uniform adder of 0.258 c/kWh applied to c/kWh consumption charges per document); Rate column (network charge excluding metering; 'Rate + metering' column not emitted); page 5; XMC tariff excludes metering charges; applicability: 11am-3pm every day
Evoenergy,2024-25,value_differs,jurisdictional_scheme,"023, 024*",New residential demand,Solar soak,1.499,cents/kWh,1.757,c/kWh,1.499,1.757,c/kWh,0.258,17.2115,NUoS,NUoS,AER,DNSP,sources/aer/2024-25_stakeholder_reports/AER_Stakeholder_report_Evoenergy_2024-25.xlsx,https://www.aer.gov.au/system/files/2024-05/AER%20-%20Stakeholder%20report%20-%20Evoenergy%20-%202024%E2%80%9325%20Annual%20Pricing%20Proposal.xlsx,sources/dnsp/evoenergy/Evoenergy_Schedule_of_Charges_2024-25_LFiT_adjusted.pdf,https://www.evoenergy.com.au/-/media/Project/Evoenergy/EVO/Documents/Electricity/Evoenergy-electricity-schedule-of-charges-2024-25-LFiT-adjusted.pdf?rev=cfd603e7eccc4ae0a30b1a281864e546&hash=1FFD8DDEFA9984066AE6E3CEDF1EEA8B,New Residential Demand Network,Solar Soak Energy,"code differs (023, 024* vs 023); matched by code alias; distributor schedule includes the ACT LFiT scheme amount; AER file excludes it",LFiT included (uniform adder of 0.258 c/kWh applied to c/kWh consumption charges per document); Rate column (network charge excluding metering; 'Rate + metering' column not emitted); page 6; applicability: 11am-3pm every day
Evoenergy,2024-25,value_differs,jurisdictional_scheme,"023, 024*",New residential demand,Solar soak,1.499,cents/kWh,1.757,c/kWh,1.499,1.757,c/kWh,0.258,17.2115,NUoS,NUoS,AER,DNSP,sources/aer/2024-25_stakeholder_reports/AER_Stakeholder_report_Evoenergy_2024-25.xlsx,https://www.aer.gov.au/system/files/2024-05/AER%20-%20Stakeholder%20report%20-%20Evoenergy%20-%202024%E2%80%9325%20Annual%20Pricing%20Proposal.xlsx,sources/dnsp/evoenergy/Evoenergy_Schedule_of_Charges_2024-25_LFiT_adjusted.pdf,https://www.evoenergy.com.au/-/media/Project/Evoenergy/EVO/Documents/Electricity/Evoenergy-electricity-schedule-of-charges-2024-25-LFiT-adjusted.pdf?rev=cfd603e7eccc4ae0a30b1a281864e546&hash=1FFD8DDEFA9984066AE6E3CEDF1EEA8B,New Residential Demand Network XMC*,Solar Soak Energy,"AER lists codes jointly (023, 024*); distributor publishes 024 separately - compared against the joint AER row; distributor schedule includes the ACT LFiT scheme amount; AER file excludes it",LFiT included (uniform adder of 0.258 c/kWh applied to c/kWh consumption charges per document); Rate column (network charge excluding metering; 'Rate + metering' column not emitted); page 7; XMC tariff excludes metering charges; applicability: 11am-3pm every day
Evoenergy,2024-25,value_differs,jurisdictional_scheme,060,Off-peak (1) Night,Off-peak,1.992,cents/kWh,2.25,c/kWh,1.992,2.25,c/kWh,0.258,12.9518,NUoS,NUoS,AER,DNSP,sources/aer/2024-25_stakeholder_reports/AER_Stakeholder_report_Evoenergy_2024-25.xlsx,https://www.aer.gov.au/system/files/2024-05/AER%20-%20Stakeholder%20report%20-%20Evoenergy%20-%202024%E2%80%9325%20Annual%20Pricing%20Proposal.xlsx,sources/dnsp/evoenergy/Evoenergy_Schedule_of_Charges_2024-25_LFiT_adjusted.pdf,https://www.evoenergy.com.au/-/media/Project/Evoenergy/EVO/Documents/Electricity/Evoenergy-electricity-schedule-of-charges-2024-25-LFiT-adjusted.pdf?rev=cfd603e7eccc4ae0a30b1a281864e546&hash=1FFD8DDEFA9984066AE6E3CEDF1EEA8B,Off-Peak (1) Night Network,Off-peak,distributor schedule includes the ACT LFiT scheme amount; AER file excludes it,LFiT included (uniform adder of 0.258 c/kWh applied to c/kWh consumption charges per document); Rate column (network charge excluding metering; 'Rate + metering' column not emitted); page 8; This tariff is a secondary tariff available to customers using a controlled load; applicability: 6 to 8 hours between 10pm-7am every day
Evoenergy,2024-25,value_differs,jurisdictional_scheme,"103, 105*",LV TOU Capacity,Off-peak,2.019,cents/kWh,2.277,c/kWh,2.019,2.277,c/kWh,0.258,12.7786,NUoS,NUoS,AER,DNSP,sources/aer/2024-25_stakeholder_reports/AER_Stakeholder_report_Evoenergy_2024-25.xlsx,https://www.aer.gov.au/system/files/2024-05/AER%20-%20Stakeholder%20report%20-%20Evoenergy%20-%202024%E2%80%9325%20Annual%20Pricing%20Proposal.xlsx,sources/dnsp/evoenergy/Evoenergy_Schedule_of_Charges_2024-25_LFiT_adjusted.pdf,https://www.evoenergy.com.au/-/media/Project/Evoenergy/EVO/Documents/Electricity/Evoenergy-electricity-schedule-of-charges-2024-25-LFiT-adjusted.pdf?rev=cfd603e7eccc4ae0a30b1a281864e546&hash=1FFD8DDEFA9984066AE6E3CEDF1EEA8B,LV TOU Capacity Network XMC*,Off-peak Energy,"code differs (103, 105* vs 105); matched by code alias; distributor schedule includes the ACT LFiT scheme amount; AER file excludes it",LFiT included (uniform adder of 0.258 c/kWh applied to c/kWh consumption charges per document); Rate column (network charge excluding metering; 'Rate + metering' column not emitted); page 12; XMC tariff excludes metering charges; applicability: All other times
Evoenergy,2024-25,value_differs,jurisdictional_scheme,"103, 105*",LV TOU Capacity,Off-peak,2.019,cents/kWh,2.277,c/kWh,2.019,2.277,c/kWh,0.258,12.7786,NUoS,NUoS,AER,DNSP,sources/aer/2024-25_stakeholder_reports/AER_Stakeholder_report_Evoenergy_2024-25.xlsx,https://www.aer.gov.au/system/files/2024-05/AER%20-%20Stakeholder%20report%20-%20Evoenergy%20-%202024%E2%80%9325%20Annual%20Pricing%20Proposal.xlsx,sources/dnsp/evoenergy/Evoenergy_Schedule_of_Charges_2024-25_LFiT_adjusted.pdf,https://www.evoenergy.com.au/-/media/Project/Evoenergy/EVO/Documents/Electricity/Evoenergy-electricity-schedule-of-charges-2024-25-LFiT-adjusted.pdf?rev=cfd603e7eccc4ae0a30b1a281864e546&hash=1FFD8DDEFA9984066AE6E3CEDF1EEA8B,LV TOU Capacity Network,Off-peak Energy,"AER lists codes jointly (103, 105*); distributor publishes 103 separately - compared against the joint AER row; distributor schedule includes the ACT LFiT scheme amount; AER file excludes it",LFiT included (uniform adder of 0.258 c/kWh applied to c/kWh consumption charges per document); Rate column (network charge excluding metering; 'Rate + metering' column not emitted); page 11; applicability: All other times
Evoenergy,2024-25,value_differs,jurisdictional_scheme,121,HV TOU Demand Network – Customer LV,Shoulder,2.129,cents/kWh,2.387,c/kWh,2.129,2.387,c/kWh,0.258,12.1184,NUoS,NUoS,AER,DNSP,sources/aer/2024-25_stakeholder_reports/AER_Stakeholder_report_Evoenergy_2024-25.xlsx,https://www.aer.gov.au/system/files/2024-05/AER%20-%20Stakeholder%20report%20-%20Evoenergy%20-%202024%E2%80%9325%20Annual%20Pricing%20Proposal.xlsx,sources/dnsp/evoenergy/Evoenergy_Schedule_of_Charges_2024-25_LFiT_adjusted.pdf,https://www.evoenergy.com.au/-/media/Project/Evoenergy/EVO/Documents/Electricity/Evoenergy-electricity-schedule-of-charges-2024-25-LFiT-adjusted.pdf?rev=cfd603e7eccc4ae0a30b1a281864e546&hash=1FFD8DDEFA9984066AE6E3CEDF1EEA8B,HV TOU Demand Network – Customer LV (closed),Shoulder Energy,distributor schedule includes the ACT LFiT scheme amount; AER file excludes it,LFiT included (uniform adder of 0.258 c/kWh applied to c/kWh consumption charges per document); Rate column (network charge excluding metering; 'Rate + metering' column not emitted); page 16; closed to new customers; applicability: 5pm-10pm weekdays
Evoenergy,2024-25,value_differs,jurisdictional_scheme,122,HV TOU Demand Network – Customer LV & HV,Shoulder,2.129,cents/kWh,2.387,c/kWh,2.129,2.387,c/kWh,0.258,12.1184,NUoS,NUoS,AER,DNSP,sources/aer/2024-25_stakeholder_reports/AER_Stakeholder_report_Evoenergy_2024-25.xlsx,https://www.aer.gov.au/system/files/2024-05/AER%20-%20Stakeholder%20report%20-%20Evoenergy%20-%202024%E2%80%9325%20Annual%20Pricing%20Proposal.xlsx,sources/dnsp/evoenergy/Evoenergy_Schedule_of_Charges_2024-25_LFiT_adjusted.pdf,https://www.evoenergy.com.au/-/media/Project/Evoenergy/EVO/Documents/Electricity/Evoenergy-electricity-schedule-of-charges-2024-25-LFiT-adjusted.pdf?rev=cfd603e7eccc4ae0a30b1a281864e546&hash=1FFD8DDEFA9984066AE6E3CEDF1EEA8B,HV TOU Demand Network – Customer HV and LV,Shoulder Energy,distributor schedule includes the ACT LFiT scheme amount; AER file excludes it,LFiT included (uniform adder of 0.258 c/kWh applied to c/kWh consumption charges per document); Rate column (network charge excluding metering; 'Rate + metering' column not emitted); page 16; applicability: 5pm-10pm weekdays
Evoenergy,2024-25,value_differs,jurisdictional_scheme,"101, 104*",LV TOU kVA Demand,Off-peak,2.164,cents/kWh,2.422,c/kWh,2.164,2.422,c/kWh,0.258,11.9224,NUoS,NUoS,AER,DNSP,sources/aer/2024-25_stakeholder_reports/AER_Stakeholder_report_Evoenergy_2024-25.xlsx,https://www.aer.gov.au/system/files/2024-05/AER%20-%20Stakeholder%20report%20-%20Evoenergy%20-%202024%E2%80%9325%20Annual%20Pricing%20Proposal.xlsx,sources/dnsp/evoenergy/Evoenergy_Schedule_of_Charges_2024-25_LFiT_adjusted.pdf,https://www.evoenergy.com.au/-/media/Project/Evoenergy/EVO/Documents/Electricity/Evoenergy-electricity-schedule-of-charges-2024-25-LFiT-adjusted.pdf?rev=cfd603e7eccc4ae0a30b1a281864e546&hash=1FFD8DDEFA9984066AE6E3CEDF1EEA8B,LV TOU kVA Demand Network XMC*,Off-peak Energy,"code differs (101, 104* vs 104); matched by code alias; distributor schedule includes the ACT LFiT scheme amount; AER file excludes it",LFiT included (uniform adder of 0.258 c/kWh applied to c/kWh consumption charges per document); Rate column (network charge excluding metering; 'Rate + metering' column not emitted); page 11; XMC tariff excludes metering charges; applicability: All other times
Evoenergy,2024-25,value_differs,jurisdictional_scheme,"101, 104*",LV TOU kVA Demand,Off-peak,2.164,cents/kWh,2.422,c/kWh,2.164,2.422,c/kWh,0.258,11.9224,NUoS,NUoS,AER,DNSP,sources/aer/2024-25_stakeholder_reports/AER_Stakeholder_report_Evoenergy_2024-25.xlsx,https://www.aer.gov.au/system/files/2024-05/AER%20-%20Stakeholder%20report%20-%20Evoenergy%20-%202024%E2%80%9325%20Annual%20Pricing%20Proposal.xlsx,sources/dnsp/evoenergy/Evoenergy_Schedule_of_Charges_2024-25_LFiT_adjusted.pdf,https://www.evoenergy.com.au/-/media/Project/Evoenergy/EVO/Documents/Electricity/Evoenergy-electricity-schedule-of-charges-2024-25-LFiT-adjusted.pdf?rev=cfd603e7eccc4ae0a30b1a281864e546&hash=1FFD8DDEFA9984066AE6E3CEDF1EEA8B,LV TOU kVA Demand Network,Off-peak Energy,"AER lists codes jointly (101, 104*); distributor publishes 101 separately - compared against the joint AER row; distributor schedule includes the ACT LFiT scheme amount; AER file excludes it",LFiT included (uniform adder of 0.258 c/kWh applied to c/kWh consumption charges per document); Rate column (network charge excluding metering; 'Rate + metering' column not emitted); page 10; applicability: All other times
Evoenergy,2024-25,value_differs,jurisdictional_scheme,070,Off-peak (3) Day & Night,Off-peak,2.627,cents/kWh,2.885,c/kWh,2.627,2.885,c/kWh,0.258,9.8211,NUoS,NUoS,AER,DNSP,sources/aer/2024-25_stakeholder_reports/AER_Stakeholder_report_Evoenergy_2024-25.xlsx,https://www.aer.gov.au/system/files/2024-05/AER%20-%20Stakeholder%20report%20-%20Evoenergy%20-%202024%E2%80%9325%20Annual%20Pricing%20Proposal.xlsx,sources/dnsp/evoenergy/Evoenergy_Schedule_of_Charges_2024-25_LFiT_adjusted.pdf,https://www.evoenergy.com.au/-/media/Project/Evoenergy/EVO/Documents/Electricity/Evoenergy-electricity-schedule-of-charges-2024-25-LFiT-adjusted.pdf?rev=cfd603e7eccc4ae0a30b1a281864e546&hash=1FFD8DDEFA9984066AE6E3CEDF1EEA8B,Off-Peak (3) Day & Night Network,Off-peak,distributor schedule includes the ACT LFiT scheme amount; AER file excludes it,LFiT included (uniform adder of 0.258 c/kWh applied to c/kWh consumption charges per document); Rate column (network charge excluding metering; 'Rate + metering' column not emitted); page 9; This tariff is a secondary tariff available to customers using a controlled load; applicability: 8 hours between 10pm-7am and 5 hours between 9am-5pm every day
Evoenergy,2024-25,value_differs,jurisdictional_scheme,"025, 026*",Residential demand,Anytime,2.845,cents/kWh,3.103,c/kWh,2.845,3.103,c/kWh,0.258,9.0685,NUoS,NUoS,AER,DNSP,sources/aer/2024-25_stakeholder_reports/AER_Stakeholder_report_Evoenergy_2024-25.xlsx,https://www.aer.gov.au/system/files/2024-05/AER%20-%20Stakeholder%20report%20-%20Evoenergy%20-%202024%E2%80%9325%20Annual%20Pricing%20Proposal.xlsx,sources/dnsp/evoenergy/Evoenergy_Schedule_of_Charges_2024-25_LFiT_adjusted.pdf,https://www.evoenergy.com.au/-/media/Project/Evoenergy/EVO/Documents/Electricity/Evoenergy-electricity-schedule-of-charges-2024-25-LFiT-adjusted.pdf?rev=cfd603e7eccc4ae0a30b1a281864e546&hash=1FFD8DDEFA9984066AE6E3CEDF1EEA8B,Residential Demand Network (closed),Anytime Energy,"code differs (025, 026* vs 025); matched by code alias; distributor schedule includes the ACT LFiT scheme amount; AER file excludes it",LFiT included (uniform adder of 0.258 c/kWh applied to c/kWh consumption charges per document); Rate column (network charge excluding metering; 'Rate + metering' column not emitted); page 7; closed to new customers; applicability: Any time
Evoenergy,2024-25,value_differs,jurisdictional_scheme,"025, 026*",Residential demand,Anytime,2.845,cents/kWh,3.103,c/kWh,2.845,3.103,c/kWh,0.258,9.0685,NUoS,NUoS,AER,DNSP,sources/aer/2024-25_stakeholder_reports/AER_Stakeholder_report_Evoenergy_2024-25.xlsx,https://www.aer.gov.au/system/files/2024-05/AER%20-%20Stakeholder%20report%20-%20Evoenergy%20-%202024%E2%80%9325%20Annual%20Pricing%20Proposal.xlsx,sources/dnsp/evoenergy/Evoenergy_Schedule_of_Charges_2024-25_LFiT_adjusted.pdf,https://www.evoenergy.com.au/-/media/Project/Evoenergy/EVO/Documents/Electricity/Evoenergy-electricity-schedule-of-charges-2024-25-LFiT-adjusted.pdf?rev=cfd603e7eccc4ae0a30b1a281864e546&hash=1FFD8DDEFA9984066AE6E3CEDF1EEA8B,Residential Demand Network (closed) XMC*,Anytime Energy,"AER lists codes jointly (025, 026*); distributor publishes 026 separately - compared against the joint AER row; distributor schedule includes the ACT LFiT scheme amount; AER file excludes it",LFiT included (uniform adder of 0.258 c/kWh applied to c/kWh consumption charges per document); Rate column (network charge excluding metering; 'Rate + metering' column not emitted); page 8; closed to new customers; XMC tariff excludes metering charges; applicability: Any time
Evoenergy,2024-25,value_differs,jurisdictional_scheme,"015, 016*",Residential TOU,Off-peak,2.952,cents/kWh,3.21,c/kWh,2.952,3.21,c/kWh,0.258,8.7398,NUoS,NUoS,AER,DNSP,sources/aer/2024-25_stakeholder_reports/AER_Stakeholder_report_Evoenergy_2024-25.xlsx,https://www.aer.gov.au/system/files/2024-05/AER%20-%20Stakeholder%20report%20-%20Evoenergy%20-%202024%E2%80%9325%20Annual%20Pricing%20Proposal.xlsx,sources/dnsp/evoenergy/Evoenergy_Schedule_of_Charges_2024-25_LFiT_adjusted.pdf,https://www.evoenergy.com.au/-/media/Project/Evoenergy/EVO/Documents/Electricity/Evoenergy-electricity-schedule-of-charges-2024-25-LFiT-adjusted.pdf?rev=cfd603e7eccc4ae0a30b1a281864e546&hash=1FFD8DDEFA9984066AE6E3CEDF1EEA8B,Residential TOU Network (closed) XMC*,Off-peak Energy,"code differs (015, 016* vs 016); matched by code alias; distributor schedule includes the ACT LFiT scheme amount; AER file excludes it",LFiT included (uniform adder of 0.258 c/kWh applied to c/kWh consumption charges per document); Rate column (network charge excluding metering; 'Rate + metering' column not emitted); page 5; closed to new customers; XMC tariff excludes metering charges; applicability: 10pm-7am every day
Evoenergy,2024-25,value_differs,jurisdictional_scheme,"015, 016*",Residential TOU,Off-peak,2.952,cents/kWh,3.21,c/kWh,2.952,3.21,c/kWh,0.258,8.7398,NUoS,NUoS,AER,DNSP,sources/aer/2024-25_stakeholder_reports/AER_Stakeholder_report_Evoenergy_2024-25.xlsx,https://www.aer.gov.au/system/files/2024-05/AER%20-%20Stakeholder%20report%20-%20Evoenergy%20-%202024%E2%80%9325%20Annual%20Pricing%20Proposal.xlsx,sources/dnsp/evoenergy/Evoenergy_Schedule_of_Charges_2024-25_LFiT_adjusted.pdf,https://www.evoenergy.com.au/-/media/Project/Evoenergy/EVO/Documents/Electricity/Evoenergy-electricity-schedule-of-charges-2024-25-LFiT-adjusted.pdf?rev=cfd603e7eccc4ae0a30b1a281864e546&hash=1FFD8DDEFA9984066AE6E3CEDF1EEA8B,Residential TOU Network (closed),Off-peak Energy,"AER lists codes jointly (015, 016*); distributor publishes 015 separately - compared against the joint AER row; distributor schedule includes the ACT LFiT scheme amount; AER file excludes it",LFiT included (uniform adder of 0.258 c/kWh applied to c/kWh consumption charges per document); Rate column (network charge excluding metering; 'Rate + metering' column not emitted); page 5; closed to new customers; applicability: 10pm-7am every day
Evoenergy,2024-25,value_differs,jurisdictional_scheme,"023, 024*",New residential demand,Off-peak,3.31,cents/kWh,3.568,c/kWh,3.31,3.568,c/kWh,0.258,7.7946,NUoS,NUoS,AER,DNSP,sources/aer/2024-25_stakeholder_reports/AER_Stakeholder_report_Evoenergy_2024-25.xlsx,https://www.aer.gov.au/system/files/2024-05/AER%20-%20Stakeholder%20report%20-%20Evoenergy%20-%202024%E2%80%9325%20Annual%20Pricing%20Proposal.xlsx,sources/dnsp/evoenergy/Evoenergy_Schedule_of_Charges_2024-25_LFiT_adjusted.pdf,https://www.evoenergy.com.au/-/media/Project/Evoenergy/EVO/Documents/Electricity/Evoenergy-electricity-schedule-of-charges-2024-25-LFiT-adjusted.pdf?rev=cfd603e7eccc4ae0a30b1a281864e546&hash=1FFD8DDEFA9984066AE6E3CEDF1EEA8B,New Residential Demand Network,Off-peak Energy,"code differs (023, 024* vs 023); matched by code alias; distributor schedule includes the ACT LFiT scheme amount; AER file excludes it",LFiT included (uniform adder of 0.258 c/kWh applied to c/kWh consumption charges per document); Rate column (network charge excluding metering; 'Rate + metering' column not emitted); page 6; applicability: 3pm-11am every day
Evoenergy,2024-25,value_differs,jurisdictional_scheme,"023, 024*",New residential demand,Off-peak,3.31,cents/kWh,3.568,c/kWh,3.31,3.568,c/kWh,0.258,7.7946,NUoS,NUoS,AER,DNSP,sources/aer/2024-25_stakeholder_reports/AER_Stakeholder_report_Evoenergy_2024-25.xlsx,https://www.aer.gov.au/system/files/2024-05/AER%20-%20Stakeholder%20report%20-%20Evoenergy%20-%202024%E2%80%9325%20Annual%20Pricing%20Proposal.xlsx,sources/dnsp/evoenergy/Evoenergy_Schedule_of_Charges_2024-25_LFiT_adjusted.pdf,https://www.evoenergy.com.au/-/media/Project/Evoenergy/EVO/Documents/Electricity/Evoenergy-electricity-schedule-of-charges-2024-25-LFiT-adjusted.pdf?rev=cfd603e7eccc4ae0a30b1a281864e546&hash=1FFD8DDEFA9984066AE6E3CEDF1EEA8B,New Residential Demand Network XMC*,Off-peak Energy,"AER lists codes jointly (023, 024*); distributor publishes 024 separately - compared against the joint AER row; distributor schedule includes the ACT LFiT scheme amount; AER file excludes it",LFiT included (uniform adder of 0.258 c/kWh applied to c/kWh consumption charges per document); Rate column (network charge excluding metering; 'Rate + metering' column not emitted); page 7; XMC tariff excludes metering charges; applicability: 3pm-11am every day
Evoenergy,2024-25,value_differs,jurisdictional_scheme,121,HV TOU Demand Network – Customer LV,Peak,3.6,cents/kWh,3.858,c/kWh,3.6,3.858,c/kWh,0.258,7.1667,NUoS,NUoS,AER,DNSP,sources/aer/2024-25_stakeholder_reports/AER_Stakeholder_report_Evoenergy_2024-25.xlsx,https://www.aer.gov.au/system/files/2024-05/AER%20-%20Stakeholder%20report%20-%20Evoenergy%20-%202024%E2%80%9325%20Annual%20Pricing%20Proposal.xlsx,sources/dnsp/evoenergy/Evoenergy_Schedule_of_Charges_2024-25_LFiT_adjusted.pdf,https://www.evoenergy.com.au/-/media/Project/Evoenergy/EVO/Documents/Electricity/Evoenergy-electricity-schedule-of-charges-2024-25-LFiT-adjusted.pdf?rev=cfd603e7eccc4ae0a30b1a281864e546&hash=1FFD8DDEFA9984066AE6E3CEDF1EEA8B,HV TOU Demand Network – Customer LV (closed),Peak Energy,distributor schedule includes the ACT LFiT scheme amount; AER file excludes it,LFiT included (uniform adder of 0.258 c/kWh applied to c/kWh consumption charges per document); Rate column (network charge excluding metering; 'Rate + metering' column not emitted); page 16; closed to new customers; applicability: 7am-5pm weekdays
Evoenergy,2024-25,value_differs,jurisdictional_scheme,122,HV TOU Demand Network – Customer LV & HV,Peak,3.6,cents/kWh,3.858,c/kWh,3.6,3.858,c/kWh,0.258,7.1667,NUoS,NUoS,AER,DNSP,sources/aer/2024-25_stakeholder_reports/AER_Stakeholder_report_Evoenergy_2024-25.xlsx,https://www.aer.gov.au/system/files/2024-05/AER%20-%20Stakeholder%20report%20-%20Evoenergy%20-%202024%E2%80%9325%20Annual%20Pricing%20Proposal.xlsx,sources/dnsp/evoenergy/Evoenergy_Schedule_of_Charges_2024-25_LFiT_adjusted.pdf,https://www.evoenergy.com.au/-/media/Project/Evoenergy/EVO/Documents/Electricity/Evoenergy-electricity-schedule-of-charges-2024-25-LFiT-adjusted.pdf?rev=cfd603e7eccc4ae0a30b1a281864e546&hash=1FFD8DDEFA9984066AE6E3CEDF1EEA8B,HV TOU Demand Network – Customer HV and LV,Peak Energy,distributor schedule includes the ACT LFiT scheme amount; AER file excludes it,LFiT included (uniform adder of 0.258 c/kWh applied to c/kWh consumption charges per document); Rate column (network charge excluding metering; 'Rate + metering' column not emitted); page 16; applicability: 7am-5pm weekdays
Evoenergy,2024-25,value_differs,jurisdictional_scheme,"017, 018*",New residential TOU,Off-peak,3.66,cents/kWh,3.918,c/kWh,3.66,3.918,c/kWh,0.258,7.0492,NUoS,NUoS,AER,DNSP,sources/aer/2024-25_stakeholder_reports/AER_Stakeholder_report_Evoenergy_2024-25.xlsx,https://www.aer.gov.au/system/files/2024-05/AER%20-%20Stakeholder%20report%20-%20Evoenergy%20-%202024%E2%80%9325%20Annual%20Pricing%20Proposal.xlsx,sources/dnsp/evoenergy/Evoenergy_Schedule_of_Charges_2024-25_LFiT_adjusted.pdf,https://www.evoenergy.com.au/-/media/Project/Evoenergy/EVO/Documents/Electricity/Evoenergy-electricity-schedule-of-charges-2024-25-LFiT-adjusted.pdf?rev=cfd603e7eccc4ae0a30b1a281864e546&hash=1FFD8DDEFA9984066AE6E3CEDF1EEA8B,New Residential TOU Network,Off-peak Energy,"code differs (017, 018* vs 017); matched by code alias; distributor schedule includes the ACT LFiT scheme amount; AER file excludes it","LFiT included (uniform adder of 0.258 c/kWh applied to c/kWh consumption charges per document); Rate column (network charge excluding metering; 'Rate + metering' column not emitted); page 5; applicability: 9pm-7am, 9am-11am and 3pm-5pm every day"
Evoenergy,2024-25,value_differs,jurisdictional_scheme,"017, 018*",New residential TOU,Off-peak,3.66,cents/kWh,3.918,c/kWh,3.66,3.918,c/kWh,0.258,7.0492,NUoS,NUoS,AER,DNSP,sources/aer/2024-25_stakeholder_reports/AER_Stakeholder_report_Evoenergy_2024-25.xlsx,https://www.aer.gov.au/system/files/2024-05/AER%20-%20Stakeholder%20report%20-%20Evoenergy%20-%202024%E2%80%9325%20Annual%20Pricing%20Proposal.xlsx,sources/dnsp/evoenergy/Evoenergy_Schedule_of_Charges_2024-25_LFiT_adjusted.pdf,https://www.evoenergy.com.au/-/media/Project/Evoenergy/EVO/Documents/Electricity/Evoenergy-electricity-schedule-of-charges-2024-25-LFiT-adjusted.pdf?rev=cfd603e7eccc4ae0a30b1a281864e546&hash=1FFD8DDEFA9984066AE6E3CEDF1EEA8B,New Residential TOU Network XMC*,Off-peak Energy,"AER lists codes jointly (017, 018*); distributor publishes 018 separately - compared against the joint AER row; distributor schedule includes the ACT LFiT scheme amount; AER file excludes it","LFiT included (uniform adder of 0.258 c/kWh applied to c/kWh consumption charges per document); Rate column (network charge excluding metering; 'Rate + metering' column not emitted); page 5; XMC tariff excludes metering charges; applicability: 9pm-7am, 9am-11am and 3pm-5pm every day"
Evoenergy,2024-25,value_differs,jurisdictional_scheme,"103, 105*",LV TOU Capacity,Shoulder,3.712,cents/kWh,3.97,c/kWh,3.712,3.97,c/kWh,0.258,6.9504,NUoS,NUoS,AER,DNSP,sources/aer/2024-25_stakeholder_reports/AER_Stakeholder_report_Evoenergy_2024-25.xlsx,https://www.aer.gov.au/system/files/2024-05/AER%20-%20Stakeholder%20report%20-%20Evoenergy%20-%202024%E2%80%9325%20Annual%20Pricing%20Proposal.xlsx,sources/dnsp/evoenergy/Evoenergy_Schedule_of_Charges_2024-25_LFiT_adjusted.pdf,https://www.evoenergy.com.au/-/media/Project/Evoenergy/EVO/Documents/Electricity/Evoenergy-electricity-schedule-of-charges-2024-25-LFiT-adjusted.pdf?rev=cfd603e7eccc4ae0a30b1a281864e546&hash=1FFD8DDEFA9984066AE6E3CEDF1EEA8B,LV TOU Capacity Network XMC*,Shoulder Energy,"code differs (103, 105* vs 105); matched by code alias; distributor schedule includes the ACT LFiT scheme amount; AER file excludes it",LFiT included (uniform adder of 0.258 c/kWh applied to c/kWh consumption charges per document); Rate column (network charge excluding metering; 'Rate + metering' column not emitted); page 12; XMC tariff excludes metering charges; applicability: 5pm-10pm weekdays
Evoenergy,2024-25,value_differs,jurisdictional_scheme,"103, 105*",LV TOU Capacity,Shoulder,3.712,cents/kWh,3.97,c/kWh,3.712,3.97,c/kWh,0.258,6.9504,NUoS,NUoS,AER,DNSP,sources/aer/2024-25_stakeholder_reports/AER_Stakeholder_report_Evoenergy_2024-25.xlsx,https://www.aer.gov.au/system/files/2024-05/AER%20-%20Stakeholder%20report%20-%20Evoenergy%20-%202024%E2%80%9325%20Annual%20Pricing%20Proposal.xlsx,sources/dnsp/evoenergy/Evoenergy_Schedule_of_Charges_2024-25_LFiT_adjusted.pdf,https://www.evoenergy.com.au/-/media/Project/Evoenergy/EVO/Documents/Electricity/Evoenergy-electricity-schedule-of-charges-2024-25-LFiT-adjusted.pdf?rev=cfd603e7eccc4ae0a30b1a281864e546&hash=1FFD8DDEFA9984066AE6E3CEDF1EEA8B,LV TOU Capacity Network,Shoulder Energy,"AER lists codes jointly (103, 105*); distributor publishes 103 separately - compared against the joint AER row; distributor schedule includes the ACT LFiT scheme amount; AER file excludes it",LFiT included (uniform adder of 0.258 c/kWh applied to c/kWh consumption charges per document); Rate column (network charge excluding metering; 'Rate + metering' column not emitted); page 11; applicability: 5pm-10pm weekdays
Evoenergy,2024-25,value_differs,jurisdictional_scheme,"101, 104*",LV TOU kVA Demand,Shoulder,3.976,cents/kWh,4.234,c/kWh,3.976,4.234,c/kWh,0.258,6.4889,NUoS,NUoS,AER,DNSP,sources/aer/2024-25_stakeholder_reports/AER_Stakeholder_report_Evoenergy_2024-25.xlsx,https://www.aer.gov.au/system/files/2024-05/AER%20-%20Stakeholder%20report%20-%20Evoenergy%20-%202024%E2%80%9325%20Annual%20Pricing%20Proposal.xlsx,sources/dnsp/evoenergy/Evoenergy_Schedule_of_Charges_2024-25_LFiT_adjusted.pdf,https://www.evoenergy.com.au/-/media/Project/Evoenergy/EVO/Documents/Electricity/Evoenergy-electricity-schedule-of-charges-2024-25-LFiT-adjusted.pdf?rev=cfd603e7eccc4ae0a30b1a281864e546&hash=1FFD8DDEFA9984066AE6E3CEDF1EEA8B,LV TOU kVA Demand Network XMC*,Shoulder Energy,"code differs (101, 104* vs 104); matched by code alias; distributor schedule includes the ACT LFiT scheme amount; AER file excludes it",LFiT included (uniform adder of 0.258 c/kWh applied to c/kWh consumption charges per document); Rate column (network charge excluding metering; 'Rate + metering' column not emitted); page 11; XMC tariff excludes metering charges; applicability: 5pm-10pm weekdays
Evoenergy,2024-25,value_differs,jurisdictional_scheme,"101, 104*",LV TOU kVA Demand,Shoulder,3.976,cents/kWh,4.234,c/kWh,3.976,4.234,c/kWh,0.258,6.4889,NUoS,NUoS,AER,DNSP,sources/aer/2024-25_stakeholder_reports/AER_Stakeholder_report_Evoenergy_2024-25.xlsx,https://www.aer.gov.au/system/files/2024-05/AER%20-%20Stakeholder%20report%20-%20Evoenergy%20-%202024%E2%80%9325%20Annual%20Pricing%20Proposal.xlsx,sources/dnsp/evoenergy/Evoenergy_Schedule_of_Charges_2024-25_LFiT_adjusted.pdf,https://www.evoenergy.com.au/-/media/Project/Evoenergy/EVO/Documents/Electricity/Evoenergy-electricity-schedule-of-charges-2024-25-LFiT-adjusted.pdf?rev=cfd603e7eccc4ae0a30b1a281864e546&hash=1FFD8DDEFA9984066AE6E3CEDF1EEA8B,LV TOU kVA Demand Network,Shoulder Energy,"AER lists codes jointly (101, 104*); distributor publishes 101 separately - compared against the joint AER row; distributor schedule includes the ACT LFiT scheme amount; AER file excludes it",LFiT included (uniform adder of 0.258 c/kWh applied to c/kWh consumption charges per document); Rate column (network charge excluding metering; 'Rate + metering' column not emitted); page 10; applicability: 5pm-10pm weekdays
Evoenergy,2024-25,value_differs,jurisdictional_scheme,"030, 031*",Residential with Heat Pump,Block 1,4.042,cents/kWh,4.3,c/kWh,4.042,4.3,c/kWh,0.258,6.383,NUoS,NUoS,AER,DNSP,sources/aer/2024-25_stakeholder_reports/AER_Stakeholder_report_Evoenergy_2024-25.xlsx,https://www.aer.gov.au/system/files/2024-05/AER%20-%20Stakeholder%20report%20-%20Evoenergy%20-%202024%E2%80%9325%20Annual%20Pricing%20Proposal.xlsx,sources/dnsp/evoenergy/Evoenergy_Schedule_of_Charges_2024-25_LFiT_adjusted.pdf,https://www.evoenergy.com.au/-/media/Project/Evoenergy/EVO/Documents/Electricity/Evoenergy-electricity-schedule-of-charges-2024-25-LFiT-adjusted.pdf?rev=cfd603e7eccc4ae0a30b1a281864e546&hash=1FFD8DDEFA9984066AE6E3CEDF1EEA8B,Residential with Heat Pump Network (closed),Anytime Energy - Block 1,"code differs (030, 031* vs 030); matched by code alias; distributor schedule includes the ACT LFiT scheme amount; AER file excludes it","LFiT included (uniform adder of 0.258 c/kWh applied to c/kWh consumption charges per document); Rate column (network charge excluding metering; 'Rate + metering' column not emitted); page 8; closed to new customers; applicability: Applies for the first 165kWh per day, every day"
Evoenergy,2024-25,value_differs,jurisdictional_scheme,"030, 031*",Residential with Heat Pump,Block 1,4.042,cents/kWh,4.3,c/kWh,4.042,4.3,c/kWh,0.258,6.383,NUoS,NUoS,AER,DNSP,sources/aer/2024-25_stakeholder_reports/AER_Stakeholder_report_Evoenergy_2024-25.xlsx,https://www.aer.gov.au/system/files/2024-05/AER%20-%20Stakeholder%20report%20-%20Evoenergy%20-%202024%E2%80%9325%20Annual%20Pricing%20Proposal.xlsx,sources/dnsp/evoenergy/Evoenergy_Schedule_of_Charges_2024-25_LFiT_adjusted.pdf,https://www.evoenergy.com.au/-/media/Project/Evoenergy/EVO/Documents/Electricity/Evoenergy-electricity-schedule-of-charges-2024-25-LFiT-adjusted.pdf?rev=cfd603e7eccc4ae0a30b1a281864e546&hash=1FFD8DDEFA9984066AE6E3CEDF1EEA8B,Residential with Heat Pump Network (closed) XMC*,Anytime Energy - Block 1,"AER lists codes jointly (030, 031*); distributor publishes 031 separately - compared against the joint AER row; distributor schedule includes the ACT LFiT scheme amount; AER file excludes it","LFiT included (uniform adder of 0.258 c/kWh applied to c/kWh consumption charges per document); Rate column (network charge excluding metering; 'Rate + metering' column not emitted); page 8; closed to new customers; XMC tariff excludes metering charges; applicability: Applies for the first 165kWh per day, every day"
Evoenergy,2024-25,value_differs,jurisdictional_scheme,"090, 091*",General TOU,Off-peak,4.852,cents/kWh,5.11,c/kWh,4.852,5.11,c/kWh,0.258,5.3174,NUoS,NUoS,AER,DNSP,sources/aer/2024-25_stakeholder_reports/AER_Stakeholder_report_Evoenergy_2024-25.xlsx,https://www.aer.gov.au/system/files/2024-05/AER%20-%20Stakeholder%20report%20-%20Evoenergy%20-%202024%E2%80%9325%20Annual%20Pricing%20Proposal.xlsx,sources/dnsp/evoenergy/Evoenergy_Schedule_of_Charges_2024-25_LFiT_adjusted.pdf,https://www.evoenergy.com.au/-/media/Project/Evoenergy/EVO/Documents/Electricity/Evoenergy-electricity-schedule-of-charges-2024-25-LFiT-adjusted.pdf?rev=cfd603e7eccc4ae0a30b1a281864e546&hash=1FFD8DDEFA9984066AE6E3CEDF1EEA8B,General TOU Network,Off-peak Energy,"code differs (090, 091* vs 090); matched by code alias; distributor schedule includes the ACT LFiT scheme amount; AER file excludes it",LFiT included (uniform adder of 0.258 c/kWh applied to c/kWh consumption charges per document); Rate column (network charge excluding metering; 'Rate + metering' column not emitted); page 10; applicability: All other times
Evoenergy,2024-25,value_differs,jurisdictional_scheme,"090, 091*",General TOU,Off-peak,4.852,cents/kWh,5.11,c/kWh,4.852,5.11,c/kWh,0.258,5.3174,NUoS,NUoS,AER,DNSP,sources/aer/2024-25_stakeholder_reports/AER_Stakeholder_report_Evoenergy_2024-25.xlsx,https://www.aer.gov.au/system/files/2024-05/AER%20-%20Stakeholder%20report%20-%20Evoenergy%20-%202024%E2%80%9325%20Annual%20Pricing%20Proposal.xlsx,sources/dnsp/evoenergy/Evoenergy_Schedule_of_Charges_2024-25_LFiT_adjusted.pdf,https://www.evoenergy.com.au/-/media/Project/Evoenergy/EVO/Documents/Electricity/Evoenergy-electricity-schedule-of-charges-2024-25-LFiT-adjusted.pdf?rev=cfd603e7eccc4ae0a30b1a281864e546&hash=1FFD8DDEFA9984066AE6E3CEDF1EEA8B,General TOU Network XMC*,Off-peak Energy,"AER lists codes jointly (090, 091*); distributor publishes 091 separately - compared against the joint AER row; distributor schedule includes the ACT LFiT scheme amount; AER file excludes it",LFiT included (uniform adder of 0.258 c/kWh applied to c/kWh consumption charges per document); Rate column (network charge excluding metering; 'Rate + metering' column not emitted); page 10; XMC tariff excludes metering charges; applicability: All other times
Evoenergy,2024-25,value_differs,jurisdictional_scheme,"106, 107*",LV KW Demand,Anytime,5.474,cents/kWh,5.732,c/kWh,5.474,5.732,c/kWh,0.258,4.7132,NUoS,NUoS,AER,DNSP,sources/aer/2024-25_stakeholder_reports/AER_Stakeholder_report_Evoenergy_2024-25.xlsx,https://www.aer.gov.au/system/files/2024-05/AER%20-%20Stakeholder%20report%20-%20Evoenergy%20-%202024%E2%80%9325%20Annual%20Pricing%20Proposal.xlsx,sources/dnsp/evoenergy/Evoenergy_Schedule_of_Charges_2024-25_LFiT_adjusted.pdf,https://www.evoenergy.com.au/-/media/Project/Evoenergy/EVO/Documents/Electricity/Evoenergy-electricity-schedule-of-charges-2024-25-LFiT-adjusted.pdf?rev=cfd603e7eccc4ae0a30b1a281864e546&hash=1FFD8DDEFA9984066AE6E3CEDF1EEA8B,LV Demand Network,Anytime Energy,"code differs (106, 107* vs 106); matched by code alias; distributor schedule includes the ACT LFiT scheme amount; AER file excludes it",LFiT included (uniform adder of 0.258 c/kWh applied to c/kWh consumption charges per document); Rate column (network charge excluding metering; 'Rate + metering' column not emitted); page 12; applicability: Any time
Evoenergy,2024-25,value_differs,jurisdictional_scheme,"106, 107*",LV KW Demand,Anytime,5.474,cents/kWh,5.732,c/kWh,5.474,5.732,c/kWh,0.258,4.7132,NUoS,NUoS,AER,DNSP,sources/aer/2024-25_stakeholder_reports/AER_Stakeholder_report_Evoenergy_2024-25.xlsx,https://www.aer.gov.au/system/files/2024-05/AER%20-%20Stakeholder%20report%20-%20Evoenergy%20-%202024%E2%80%9325%20Annual%20Pricing%20Proposal.xlsx,sources/dnsp/evoenergy/Evoenergy_Schedule_of_Charges_2024-25_LFiT_adjusted.pdf,https://www.evoenergy.com.au/-/media/Project/Evoenergy/EVO/Documents/Electricity/Evoenergy-electricity-schedule-of-charges-2024-25-LFiT-adjusted.pdf?rev=cfd603e7eccc4ae0a30b1a281864e546&hash=1FFD8DDEFA9984066AE6E3CEDF1EEA8B,LV Demand Network XMC*,Anytime Energy,"AER lists codes jointly (106, 107*); distributor publishes 107 separately - compared against the joint AER row; distributor schedule includes the ACT LFiT scheme amount; AER file excludes it",LFiT included (uniform adder of 0.258 c/kWh applied to c/kWh consumption charges per document); Rate column (network charge excluding metering; 'Rate + metering' column not emitted); page 12; XMC tariff excludes metering charges; applicability: Any time
Evoenergy,2024-25,value_differs,jurisdictional_scheme,"020, 021*",Residential 5000,Block 1,5.909,cents/kWh,6.167,c/kWh,5.909,6.167,c/kWh,0.258,4.3662,NUoS,NUoS,AER,DNSP,sources/aer/2024-25_stakeholder_reports/AER_Stakeholder_report_Evoenergy_2024-25.xlsx,https://www.aer.gov.au/system/files/2024-05/AER%20-%20Stakeholder%20report%20-%20Evoenergy%20-%202024%E2%80%9325%20Annual%20Pricing%20Proposal.xlsx,sources/dnsp/evoenergy/Evoenergy_Schedule_of_Charges_2024-25_LFiT_adjusted.pdf,https://www.evoenergy.com.au/-/media/Project/Evoenergy/EVO/Documents/Electricity/Evoenergy-electricity-schedule-of-charges-2024-25-LFiT-adjusted.pdf?rev=cfd603e7eccc4ae0a30b1a281864e546&hash=1FFD8DDEFA9984066AE6E3CEDF1EEA8B,Residential 5000 Network (closed),Anytime Energy - Block 1,"code differs (020, 021* vs 020); matched by code alias; distributor schedule includes the ACT LFiT scheme amount; AER file excludes it","LFiT included (uniform adder of 0.258 c/kWh applied to c/kWh consumption charges per document); Rate column (network charge excluding metering; 'Rate + metering' column not emitted); page 6; closed to new customers; applicability: Applies for the first 60 kWh per day, every day"
Evoenergy,2024-25,value_differs,jurisdictional_scheme,"020, 021*",Residential 5000,Block 1,5.909,cents/kWh,6.167,c/kWh,5.909,6.167,c/kWh,0.258,4.3662,NUoS,NUoS,AER,DNSP,sources/aer/2024-25_stakeholder_reports/AER_Stakeholder_report_Evoenergy_2024-25.xlsx,https://www.aer.gov.au/system/files/2024-05/AER%20-%20Stakeholder%20report%20-%20Evoenergy%20-%202024%E2%80%9325%20Annual%20Pricing%20Proposal.xlsx,sources/dnsp/evoenergy/Evoenergy_Schedule_of_Charges_2024-25_LFiT_adjusted.pdf,https://www.evoenergy.com.au/-/media/Project/Evoenergy/EVO/Documents/Electricity/Evoenergy-electricity-schedule-of-charges-2024-25-LFiT-adjusted.pdf?rev=cfd603e7eccc4ae0a30b1a281864e546&hash=1FFD8DDEFA9984066AE6E3CEDF1EEA8B,Residential 5000 Network (closed) XMC*,Anytime Energy - Block 1,"AER lists codes jointly (020, 021*); distributor publishes 021 separately - compared against the joint AER row; distributor schedule includes the ACT LFiT scheme amount; AER file excludes it","LFiT included (uniform adder of 0.258 c/kWh applied to c/kWh consumption charges per document); Rate column (network charge excluding metering; 'Rate + metering' column not emitted); page 6; closed to new customers; XMC tariff excludes metering charges; applicability: Applies for the first 60 kWh per day, every day"
Evoenergy,2024-25,value_differs,jurisdictional_scheme,"015, 016*",Residential TOU,Shoulder,6.027,cents/kWh,6.285,c/kWh,6.027,6.285,c/kWh,0.258,4.2807,NUoS,NUoS,AER,DNSP,sources/aer/2024-25_stakeholder_reports/AER_Stakeholder_report_Evoenergy_2024-25.xlsx,https://www.aer.gov.au/system/files/2024-05/AER%20-%20Stakeholder%20report%20-%20Evoenergy%20-%202024%E2%80%9325%20Annual%20Pricing%20Proposal.xlsx,sources/dnsp/evoenergy/Evoenergy_Schedule_of_Charges_2024-25_LFiT_adjusted.pdf,https://www.evoenergy.com.au/-/media/Project/Evoenergy/EVO/Documents/Electricity/Evoenergy-electricity-schedule-of-charges-2024-25-LFiT-adjusted.pdf?rev=cfd603e7eccc4ae0a30b1a281864e546&hash=1FFD8DDEFA9984066AE6E3CEDF1EEA8B,Residential TOU Network (closed) XMC*,Shoulder Energy,"code differs (015, 016* vs 016); matched by code alias; distributor schedule includes the ACT LFiT scheme amount; AER file excludes it",LFiT included (uniform adder of 0.258 c/kWh applied to c/kWh consumption charges per document); Rate column (network charge excluding metering; 'Rate + metering' column not emitted); page 5; closed to new customers; XMC tariff excludes metering charges; applicability: 9am-5pm and 8pm-10pm every day
Evoenergy,2024-25,value_differs,jurisdictional_scheme,"015, 016*",Residential TOU,Shoulder,6.027,cents/kWh,6.285,c/kWh,6.027,6.285,c/kWh,0.258,4.2807,NUoS,NUoS,AER,DNSP,sources/aer/2024-25_stakeholder_reports/AER_Stakeholder_report_Evoenergy_2024-25.xlsx,https://www.aer.gov.au/system/files/2024-05/AER%20-%20Stakeholder%20report%20-%20Evoenergy%20-%202024%E2%80%9325%20Annual%20Pricing%20Proposal.xlsx,sources/dnsp/evoenergy/Evoenergy_Schedule_of_Charges_2024-25_LFiT_adjusted.pdf,https://www.evoenergy.com.au/-/media/Project/Evoenergy/EVO/Documents/Electricity/Evoenergy-electricity-schedule-of-charges-2024-25-LFiT-adjusted.pdf?rev=cfd603e7eccc4ae0a30b1a281864e546&hash=1FFD8DDEFA9984066AE6E3CEDF1EEA8B,Residential TOU Network (closed),Shoulder Energy,"AER lists codes jointly (015, 016*); distributor publishes 015 separately - compared against the joint AER row; distributor schedule includes the ACT LFiT scheme amount; AER file excludes it",LFiT included (uniform adder of 0.258 c/kWh applied to c/kWh consumption charges per document); Rate column (network charge excluding metering; 'Rate + metering' column not emitted); page 5; closed to new customers; applicability: 9am-5pm and 8pm-10pm every day
Evoenergy,2024-25,value_differs,jurisdictional_scheme,"103, 105*",LV TOU Capacity,Peak,6.727,cents/kWh,6.985,c/kWh,6.727,6.985,c/kWh,0.258,3.8353,NUoS,NUoS,AER,DNSP,sources/aer/2024-25_stakeholder_reports/AER_Stakeholder_report_Evoenergy_2024-25.xlsx,https://www.aer.gov.au/system/files/2024-05/AER%20-%20Stakeholder%20report%20-%20Evoenergy%20-%202024%E2%80%9325%20Annual%20Pricing%20Proposal.xlsx,sources/dnsp/evoenergy/Evoenergy_Schedule_of_Charges_2024-25_LFiT_adjusted.pdf,https://www.evoenergy.com.au/-/media/Project/Evoenergy/EVO/Documents/Electricity/Evoenergy-electricity-schedule-of-charges-2024-25-LFiT-adjusted.pdf?rev=cfd603e7eccc4ae0a30b1a281864e546&hash=1FFD8DDEFA9984066AE6E3CEDF1EEA8B,LV TOU Capacity Network XMC*,Peak Energy,"code differs (103, 105* vs 105); matched by code alias; distributor schedule includes the ACT LFiT scheme amount; AER file excludes it",LFiT included (uniform adder of 0.258 c/kWh applied to c/kWh consumption charges per document); Rate column (network charge excluding metering; 'Rate + metering' column not emitted); page 12; XMC tariff excludes metering charges; applicability: 7am-5pm weekdays
Evoenergy,2024-25,value_differs,jurisdictional_scheme,"103, 105*",LV TOU Capacity,Peak,6.727,cents/kWh,6.985,c/kWh,6.727,6.985,c/kWh,0.258,3.8353,NUoS,NUoS,AER,DNSP,sources/aer/2024-25_stakeholder_reports/AER_Stakeholder_report_Evoenergy_2024-25.xlsx,https://www.aer.gov.au/system/files/2024-05/AER%20-%20Stakeholder%20report%20-%20Evoenergy%20-%202024%E2%80%9325%20Annual%20Pricing%20Proposal.xlsx,sources/dnsp/evoenergy/Evoenergy_Schedule_of_Charges_2024-25_LFiT_adjusted.pdf,https://www.evoenergy.com.au/-/media/Project/Evoenergy/EVO/Documents/Electricity/Evoenergy-electricity-schedule-of-charges-2024-25-LFiT-adjusted.pdf?rev=cfd603e7eccc4ae0a30b1a281864e546&hash=1FFD8DDEFA9984066AE6E3CEDF1EEA8B,LV TOU Capacity Network,Peak Energy,"AER lists codes jointly (103, 105*); distributor publishes 103 separately - compared against the joint AER row; distributor schedule includes the ACT LFiT scheme amount; AER file excludes it",LFiT included (uniform adder of 0.258 c/kWh applied to c/kWh consumption charges per document); Rate column (network charge excluding metering; 'Rate + metering' column not emitted); page 11; applicability: 7am-5pm weekdays
Evoenergy,2024-25,value_differs,jurisdictional_scheme,"020, 021*",Residential 5000,Block 2,7.201,cents/kWh,7.459,c/kWh,7.201,7.459,c/kWh,0.258,3.5828,NUoS,NUoS,AER,DNSP,sources/aer/2024-25_stakeholder_reports/AER_Stakeholder_report_Evoenergy_2024-25.xlsx,https://www.aer.gov.au/system/files/2024-05/AER%20-%20Stakeholder%20report%20-%20Evoenergy%20-%202024%E2%80%9325%20Annual%20Pricing%20Proposal.xlsx,sources/dnsp/evoenergy/Evoenergy_Schedule_of_Charges_2024-25_LFiT_adjusted.pdf,https://www.evoenergy.com.au/-/media/Project/Evoenergy/EVO/Documents/Electricity/Evoenergy-electricity-schedule-of-charges-2024-25-LFiT-adjusted.pdf?rev=cfd603e7eccc4ae0a30b1a281864e546&hash=1FFD8DDEFA9984066AE6E3CEDF1EEA8B,Residential 5000 Network (closed),Anytime Energy - Block 2,"code differs (020, 021* vs 020); matched by code alias; distributor schedule includes the ACT LFiT scheme amount; AER file excludes it","LFiT included (uniform adder of 0.258 c/kWh applied to c/kWh consumption charges per document); Rate column (network charge excluding metering; 'Rate + metering' column not emitted); page 6; closed to new customers; applicability: Applies to energy above 60 kWh per day, every day"
Evoenergy,2024-25,value_differs,jurisdictional_scheme,"020, 021*",Residential 5000,Block 2,7.201,cents/kWh,7.459,c/kWh,7.201,7.459,c/kWh,0.258,3.5828,NUoS,NUoS,AER,DNSP,sources/aer/2024-25_stakeholder_reports/AER_Stakeholder_report_Evoenergy_2024-25.xlsx,https://www.aer.gov.au/system/files/2024-05/AER%20-%20Stakeholder%20report%20-%20Evoenergy%20-%202024%E2%80%9325%20Annual%20Pricing%20Proposal.xlsx,sources/dnsp/evoenergy/Evoenergy_Schedule_of_Charges_2024-25_LFiT_adjusted.pdf,https://www.evoenergy.com.au/-/media/Project/Evoenergy/EVO/Documents/Electricity/Evoenergy-electricity-schedule-of-charges-2024-25-LFiT-adjusted.pdf?rev=cfd603e7eccc4ae0a30b1a281864e546&hash=1FFD8DDEFA9984066AE6E3CEDF1EEA8B,Residential 5000 Network (closed) XMC*,Anytime Energy - Block 2,"AER lists codes jointly (020, 021*); distributor publishes 021 separately - compared against the joint AER row; distributor schedule includes the ACT LFiT scheme amount; AER file excludes it","LFiT included (uniform adder of 0.258 c/kWh applied to c/kWh consumption charges per document); Rate column (network charge excluding metering; 'Rate + metering' column not emitted); page 6; closed to new customers; XMC tariff excludes metering charges; applicability: Applies to energy above 60 kWh per day, every day"
Evoenergy,2024-25,value_differs,jurisdictional_scheme,"101, 104*",LV TOU kVA Demand,Peak,7.208,cents/kWh,7.466,c/kWh,7.208,7.466,c/kWh,0.258,3.5794,NUoS,NUoS,AER,DNSP,sources/aer/2024-25_stakeholder_reports/AER_Stakeholder_report_Evoenergy_2024-25.xlsx,https://www.aer.gov.au/system/files/2024-05/AER%20-%20Stakeholder%20report%20-%20Evoenergy%20-%202024%E2%80%9325%20Annual%20Pricing%20Proposal.xlsx,sources/dnsp/evoenergy/Evoenergy_Schedule_of_Charges_2024-25_LFiT_adjusted.pdf,https://www.evoenergy.com.au/-/media/Project/Evoenergy/EVO/Documents/Electricity/Evoenergy-electricity-schedule-of-charges-2024-25-LFiT-adjusted.pdf?rev=cfd603e7eccc4ae0a30b1a281864e546&hash=1FFD8DDEFA9984066AE6E3CEDF1EEA8B,LV TOU kVA Demand Network XMC*,Peak Energy,"code differs (101, 104* vs 104); matched by code alias; distributor schedule includes the ACT LFiT scheme amount; AER file excludes it",LFiT included (uniform adder of 0.258 c/kWh applied to c/kWh consumption charges per document); Rate column (network charge excluding metering; 'Rate + metering' column not emitted); page 11; XMC tariff excludes metering charges; applicability: 7am-5pm weekdays
Evoenergy,2024-25,value_differs,jurisdictional_scheme,"101, 104*",LV TOU kVA Demand,Peak,7.208,cents/kWh,7.466,c/kWh,7.208,7.466,c/kWh,0.258,3.5794,NUoS,NUoS,AER,DNSP,sources/aer/2024-25_stakeholder_reports/AER_Stakeholder_report_Evoenergy_2024-25.xlsx,https://www.aer.gov.au/system/files/2024-05/AER%20-%20Stakeholder%20report%20-%20Evoenergy%20-%202024%E2%80%9325%20Annual%20Pricing%20Proposal.xlsx,sources/dnsp/evoenergy/Evoenergy_Schedule_of_Charges_2024-25_LFiT_adjusted.pdf,https://www.evoenergy.com.au/-/media/Project/Evoenergy/EVO/Documents/Electricity/Evoenergy-electricity-schedule-of-charges-2024-25-LFiT-adjusted.pdf?rev=cfd603e7eccc4ae0a30b1a281864e546&hash=1FFD8DDEFA9984066AE6E3CEDF1EEA8B,LV TOU kVA Demand Network,Peak Energy,"AER lists codes jointly (101, 104*); distributor publishes 101 separately - compared against the joint AER row; distributor schedule includes the ACT LFiT scheme amount; AER file excludes it",LFiT included (uniform adder of 0.258 c/kWh applied to c/kWh consumption charges per document); Rate column (network charge excluding metering; 'Rate + metering' column not emitted); page 10; applicability: 7am-5pm weekdays
Evoenergy,2024-25,value_differs,jurisdictional_scheme,"030, 031*",Residential with Heat Pump,Block 2,7.483,cents/kWh,7.741,c/kWh,7.483,7.741,c/kWh,0.258,3.4478,NUoS,NUoS,AER,DNSP,sources/aer/2024-25_stakeholder_reports/AER_Stakeholder_report_Evoenergy_2024-25.xlsx,https://www.aer.gov.au/system/files/2024-05/AER%20-%20Stakeholder%20report%20-%20Evoenergy%20-%202024%E2%80%9325%20Annual%20Pricing%20Proposal.xlsx,sources/dnsp/evoenergy/Evoenergy_Schedule_of_Charges_2024-25_LFiT_adjusted.pdf,https://www.evoenergy.com.au/-/media/Project/Evoenergy/EVO/Documents/Electricity/Evoenergy-electricity-schedule-of-charges-2024-25-LFiT-adjusted.pdf?rev=cfd603e7eccc4ae0a30b1a281864e546&hash=1FFD8DDEFA9984066AE6E3CEDF1EEA8B,Residential with Heat Pump Network (closed),Anytime Energy - Block 2,"code differs (030, 031* vs 030); matched by code alias; distributor schedule includes the ACT LFiT scheme amount; AER file excludes it","LFiT included (uniform adder of 0.258 c/kWh applied to c/kWh consumption charges per document); Rate column (network charge excluding metering; 'Rate + metering' column not emitted); page 8; closed to new customers; applicability: Applies to energy above 165kWh per day, every day"
Evoenergy,2024-25,value_differs,jurisdictional_scheme,"030, 031*",Residential with Heat Pump,Block 2,7.483,cents/kWh,7.741,c/kWh,7.483,7.741,c/kWh,0.258,3.4478,NUoS,NUoS,AER,DNSP,sources/aer/2024-25_stakeholder_reports/AER_Stakeholder_report_Evoenergy_2024-25.xlsx,https://www.aer.gov.au/system/files/2024-05/AER%20-%20Stakeholder%20report%20-%20Evoenergy%20-%202024%E2%80%9325%20Annual%20Pricing%20Proposal.xlsx,sources/dnsp/evoenergy/Evoenergy_Schedule_of_Charges_2024-25_LFiT_adjusted.pdf,https://www.evoenergy.com.au/-/media/Project/Evoenergy/EVO/Documents/Electricity/Evoenergy-electricity-schedule-of-charges-2024-25-LFiT-adjusted.pdf?rev=cfd603e7eccc4ae0a30b1a281864e546&hash=1FFD8DDEFA9984066AE6E3CEDF1EEA8B,Residential with Heat Pump Network (closed) XMC*,Anytime Energy - Block 2,"AER lists codes jointly (030, 031*); distributor publishes 031 separately - compared against the joint AER row; distributor schedule includes the ACT LFiT scheme amount; AER file excludes it","LFiT included (uniform adder of 0.258 c/kWh applied to c/kWh consumption charges per document); Rate column (network charge excluding metering; 'Rate + metering' column not emitted); page 8; closed to new customers; XMC tariff excludes metering charges; applicability: Applies to energy above 165kWh per day, every day"
Evoenergy,2024-25,value_differs,jurisdictional_scheme,"010, 011*",Residential Basic,Anytime,7.562,cents/kWh,7.82,c/kWh,7.562,7.82,c/kWh,0.258,3.4118,NUoS,NUoS,AER,DNSP,sources/aer/2024-25_stakeholder_reports/AER_Stakeholder_report_Evoenergy_2024-25.xlsx,https://www.aer.gov.au/system/files/2024-05/AER%20-%20Stakeholder%20report%20-%20Evoenergy%20-%202024%E2%80%9325%20Annual%20Pricing%20Proposal.xlsx,sources/dnsp/evoenergy/Evoenergy_Schedule_of_Charges_2024-25_LFiT_adjusted.pdf,https://www.evoenergy.com.au/-/media/Project/Evoenergy/EVO/Documents/Electricity/Evoenergy-electricity-schedule-of-charges-2024-25-LFiT-adjusted.pdf?rev=cfd603e7eccc4ae0a30b1a281864e546&hash=1FFD8DDEFA9984066AE6E3CEDF1EEA8B,Residential Basic Network (closed),Anytime Energy,"code differs (010, 011* vs 010); matched by code alias; distributor schedule includes the ACT LFiT scheme amount; AER file excludes it",LFiT included (uniform adder of 0.258 c/kWh applied to c/kWh consumption charges per document); Rate column (network charge excluding metering; 'Rate + metering' column not emitted); page 4; closed to new customers; applicability: Any time
Evoenergy,2024-25,value_differs,jurisdictional_scheme,"010, 011*",Residential Basic,Anytime,7.562,cents/kWh,7.82,c/kWh,7.562,7.82,c/kWh,0.258,3.4118,NUoS,NUoS,AER,DNSP,sources/aer/2024-25_stakeholder_reports/AER_Stakeholder_report_Evoenergy_2024-25.xlsx,https://www.aer.gov.au/system/files/2024-05/AER%20-%20Stakeholder%20report%20-%20Evoenergy%20-%202024%E2%80%9325%20Annual%20Pricing%20Proposal.xlsx,sources/dnsp/evoenergy/Evoenergy_Schedule_of_Charges_2024-25_LFiT_adjusted.pdf,https://www.evoenergy.com.au/-/media/Project/Evoenergy/EVO/Documents/Electricity/Evoenergy-electricity-schedule-of-charges-2024-25-LFiT-adjusted.pdf?rev=cfd603e7eccc4ae0a30b1a281864e546&hash=1FFD8DDEFA9984066AE6E3CEDF1EEA8B,Residential Basic Network (closed) XMC*,Anytime Energy,"AER lists codes jointly (010, 011*); distributor publishes 011 separately - compared against the joint AER row; distributor schedule includes the ACT LFiT scheme amount; AER file excludes it",LFiT included (uniform adder of 0.258 c/kWh applied to c/kWh consumption charges per document); Rate column (network charge excluding metering; 'Rate + metering' column not emitted); page 4; closed to new customers; XMC tariff excludes metering charges; applicability: Any time
Evoenergy,2024-25,value_differs,jurisdictional_scheme,080,Streetlighting,Anytime,8.039,cents/kWh,8.297,c/kWh,8.039,8.297,c/kWh,0.258,3.2094,NUoS,NUoS,AER,DNSP,sources/aer/2024-25_stakeholder_reports/AER_Stakeholder_report_Evoenergy_2024-25.xlsx,https://www.aer.gov.au/system/files/2024-05/AER%20-%20Stakeholder%20report%20-%20Evoenergy%20-%202024%E2%80%9325%20Annual%20Pricing%20Proposal.xlsx,sources/dnsp/evoenergy/Evoenergy_Schedule_of_Charges_2024-25_LFiT_adjusted.pdf,https://www.evoenergy.com.au/-/media/Project/Evoenergy/EVO/Documents/Electricity/Evoenergy-electricity-schedule-of-charges-2024-25-LFiT-adjusted.pdf?rev=cfd603e7eccc4ae0a30b1a281864e546&hash=1FFD8DDEFA9984066AE6E3CEDF1EEA8B,Streetlighting Network,Anytime Energy,distributor schedule includes the ACT LFiT scheme amount; AER file excludes it,LFiT included (uniform adder of 0.258 c/kWh applied to c/kWh consumption charges per document); Rate column (network charge excluding metering; 'Rate + metering' column not emitted); page 13; applicability: Any time
Evoenergy,2024-25,value_differs,jurisdictional_scheme,"090, 091*",General TOU,Shoulder,10.732,cents/kWh,10.99,c/kWh,10.732,10.99,c/kWh,0.258,2.404,NUoS,NUoS,AER,DNSP,sources/aer/2024-25_stakeholder_reports/AER_Stakeholder_report_Evoenergy_2024-25.xlsx,https://www.aer.gov.au/system/files/2024-05/AER%20-%20Stakeholder%20report%20-%20Evoenergy%20-%202024%E2%80%9325%20Annual%20Pricing%20Proposal.xlsx,sources/dnsp/evoenergy/Evoenergy_Schedule_of_Charges_2024-25_LFiT_adjusted.pdf,https://www.evoenergy.com.au/-/media/Project/Evoenergy/EVO/Documents/Electricity/Evoenergy-electricity-schedule-of-charges-2024-25-LFiT-adjusted.pdf?rev=cfd603e7eccc4ae0a30b1a281864e546&hash=1FFD8DDEFA9984066AE6E3CEDF1EEA8B,General TOU Network,Shoulder Energy,"code differs (090, 091* vs 090); matched by code alias; distributor schedule includes the ACT LFiT scheme amount; AER file excludes it",LFiT included (uniform adder of 0.258 c/kWh applied to c/kWh consumption charges per document); Rate column (network charge excluding metering; 'Rate + metering' column not emitted); page 10; applicability: 5pm-10pm weekdays
Evoenergy,2024-25,value_differs,jurisdictional_scheme,"090, 091*",General TOU,Shoulder,10.732,cents/kWh,10.99,c/kWh,10.732,10.99,c/kWh,0.258,2.404,NUoS,NUoS,AER,DNSP,sources/aer/2024-25_stakeholder_reports/AER_Stakeholder_report_Evoenergy_2024-25.xlsx,https://www.aer.gov.au/system/files/2024-05/AER%20-%20Stakeholder%20report%20-%20Evoenergy%20-%202024%E2%80%9325%20Annual%20Pricing%20Proposal.xlsx,sources/dnsp/evoenergy/Evoenergy_Schedule_of_Charges_2024-25_LFiT_adjusted.pdf,https://www.evoenergy.com.au/-/media/Project/Evoenergy/EVO/Documents/Electricity/Evoenergy-electricity-schedule-of-charges-2024-25-LFiT-adjusted.pdf?rev=cfd603e7eccc4ae0a30b1a281864e546&hash=1FFD8DDEFA9984066AE6E3CEDF1EEA8B,General TOU Network XMC*,Shoulder Energy,"AER lists codes jointly (090, 091*); distributor publishes 091 separately - compared against the joint AER row; distributor schedule includes the ACT LFiT scheme amount; AER file excludes it",LFiT included (uniform adder of 0.258 c/kWh applied to c/kWh consumption charges per document); Rate column (network charge excluding metering; 'Rate + metering' column not emitted); page 10; XMC tariff excludes metering charges; applicability: 5pm-10pm weekdays
Evoenergy,2024-25,value_differs,jurisdictional_scheme,"040, 041*",General,Block 1,11.636,cents/kWh,11.894,c/kWh,11.636,11.894,c/kWh,0.258,2.2173,NUoS,NUoS,AER,DNSP,sources/aer/2024-25_stakeholder_reports/AER_Stakeholder_report_Evoenergy_2024-25.xlsx,https://www.aer.gov.au/system/files/2024-05/AER%20-%20Stakeholder%20report%20-%20Evoenergy%20-%202024%E2%80%9325%20Annual%20Pricing%20Proposal.xlsx,sources/dnsp/evoenergy/Evoenergy_Schedule_of_Charges_2024-25_LFiT_adjusted.pdf,https://www.evoenergy.com.au/-/media/Project/Evoenergy/EVO/Documents/Electricity/Evoenergy-electricity-schedule-of-charges-2024-25-LFiT-adjusted.pdf?rev=cfd603e7eccc4ae0a30b1a281864e546&hash=1FFD8DDEFA9984066AE6E3CEDF1EEA8B,General Network (closed),Anytime Energy - Block 1,"code differs (040, 041* vs 040); matched by code alias; distributor schedule includes the ACT LFiT scheme amount; AER file excludes it","LFiT included (uniform adder of 0.258 c/kWh applied to c/kWh consumption charges per document); Rate column (network charge excluding metering; 'Rate + metering' column not emitted); page 9; closed to new customers; applicability: Applies for the first 330 kWh per day, every day"
Evoenergy,2024-25,value_differs,jurisdictional_scheme,"040, 041*",General,Block 1,11.636,cents/kWh,11.894,c/kWh,11.636,11.894,c/kWh,0.258,2.2173,NUoS,NUoS,AER,DNSP,sources/aer/2024-25_stakeholder_reports/AER_Stakeholder_report_Evoenergy_2024-25.xlsx,https://www.aer.gov.au/system/files/2024-05/AER%20-%20Stakeholder%20report%20-%20Evoenergy%20-%202024%E2%80%9325%20Annual%20Pricing%20Proposal.xlsx,sources/dnsp/evoenergy/Evoenergy_Schedule_of_Charges_2024-25_LFiT_adjusted.pdf,https://www.evoenergy.com.au/-/media/Project/Evoenergy/EVO/Documents/Electricity/Evoenergy-electricity-schedule-of-charges-2024-25-LFiT-adjusted.pdf?rev=cfd603e7eccc4ae0a30b1a281864e546&hash=1FFD8DDEFA9984066AE6E3CEDF1EEA8B,General Network (closed) XMC*,Anytime Energy - Block 1,"AER lists codes jointly (040, 041*); distributor publishes 041 separately - compared against the joint AER row; distributor schedule includes the ACT LFiT scheme amount; AER file excludes it","LFiT included (uniform adder of 0.258 c/kWh applied to c/kWh consumption charges per document); Rate column (network charge excluding metering; 'Rate + metering' column not emitted); page 9; closed to new customers; XMC tariff excludes metering charges; applicability: Applies for the first 330 kWh per day, every day"
Evoenergy,2024-25,value_differs,jurisdictional_scheme,135,Small unmetered loads,Anytime,12.449,cents/kWh,12.707,c/kWh,12.449,12.707,c/kWh,0.258,2.0725,NUoS,NUoS,AER,DNSP,sources/aer/2024-25_stakeholder_reports/AER_Stakeholder_report_Evoenergy_2024-25.xlsx,https://www.aer.gov.au/system/files/2024-05/AER%20-%20Stakeholder%20report%20-%20Evoenergy%20-%202024%E2%80%9325%20Annual%20Pricing%20Proposal.xlsx,sources/dnsp/evoenergy/Evoenergy_Schedule_of_Charges_2024-25_LFiT_adjusted.pdf,https://www.evoenergy.com.au/-/media/Project/Evoenergy/EVO/Documents/Electricity/Evoenergy-electricity-schedule-of-charges-2024-25-LFiT-adjusted.pdf?rev=cfd603e7eccc4ae0a30b1a281864e546&hash=1FFD8DDEFA9984066AE6E3CEDF1EEA8B,Small Unmetered Loads Network,Anytime Energy,distributor schedule includes the ACT LFiT scheme amount; AER file excludes it,LFiT included (uniform adder of 0.258 c/kWh applied to c/kWh consumption charges per document); Rate column (network charge excluding metering; 'Rate + metering' column not emitted); page 15; applicability: Any time
Evoenergy,2024-25,value_differs,jurisdictional_scheme,"015, 016*",Residential TOU,Peak,13.805,cents/kWh,14.063,c/kWh,13.805,14.063,c/kWh,0.258,1.8689,NUoS,NUoS,AER,DNSP,sources/aer/2024-25_stakeholder_reports/AER_Stakeholder_report_Evoenergy_2024-25.xlsx,https://www.aer.gov.au/system/files/2024-05/AER%20-%20Stakeholder%20report%20-%20Evoenergy%20-%202024%E2%80%9325%20Annual%20Pricing%20Proposal.xlsx,sources/dnsp/evoenergy/Evoenergy_Schedule_of_Charges_2024-25_LFiT_adjusted.pdf,https://www.evoenergy.com.au/-/media/Project/Evoenergy/EVO/Documents/Electricity/Evoenergy-electricity-schedule-of-charges-2024-25-LFiT-adjusted.pdf?rev=cfd603e7eccc4ae0a30b1a281864e546&hash=1FFD8DDEFA9984066AE6E3CEDF1EEA8B,Residential TOU Network (closed) XMC*,Peak Energy,"code differs (015, 016* vs 016); matched by code alias; distributor schedule includes the ACT LFiT scheme amount; AER file excludes it",LFiT included (uniform adder of 0.258 c/kWh applied to c/kWh consumption charges per document); Rate column (network charge excluding metering; 'Rate + metering' column not emitted); page 5; closed to new customers; XMC tariff excludes metering charges; applicability: 7am-9am and 5pm-8pm every day
Evoenergy,2024-25,value_differs,jurisdictional_scheme,"015, 016*",Residential TOU,Peak,13.805,cents/kWh,14.063,c/kWh,13.805,14.063,c/kWh,0.258,1.8689,NUoS,NUoS,AER,DNSP,sources/aer/2024-25_stakeholder_reports/AER_Stakeholder_report_Evoenergy_2024-25.xlsx,https://www.aer.gov.au/system/files/2024-05/AER%20-%20Stakeholder%20report%20-%20Evoenergy%20-%202024%E2%80%9325%20Annual%20Pricing%20Proposal.xlsx,sources/dnsp/evoenergy/Evoenergy_Schedule_of_Charges_2024-25_LFiT_adjusted.pdf,https://www.evoenergy.com.au/-/media/Project/Evoenergy/EVO/Documents/Electricity/Evoenergy-electricity-schedule-of-charges-2024-25-LFiT-adjusted.pdf?rev=cfd603e7eccc4ae0a30b1a281864e546&hash=1FFD8DDEFA9984066AE6E3CEDF1EEA8B,Residential TOU Network (closed),Peak Energy,"AER lists codes jointly (015, 016*); distributor publishes 015 separately - compared against the joint AER row; distributor schedule includes the ACT LFiT scheme amount; AER file excludes it",LFiT included (uniform adder of 0.258 c/kWh applied to c/kWh consumption charges per document); Rate column (network charge excluding metering; 'Rate + metering' column not emitted); page 5; closed to new customers; applicability: 7am-9am and 5pm-8pm every day
Evoenergy,2024-25,value_differs,jurisdictional_scheme,"017, 018*",New residential TOU,Peak,13.851,cents/kWh,14.109,c/kWh,13.851,14.109,c/kWh,0.258,1.8627,NUoS,NUoS,AER,DNSP,sources/aer/2024-25_stakeholder_reports/AER_Stakeholder_report_Evoenergy_2024-25.xlsx,https://www.aer.gov.au/system/files/2024-05/AER%20-%20Stakeholder%20report%20-%20Evoenergy%20-%202024%E2%80%9325%20Annual%20Pricing%20Proposal.xlsx,sources/dnsp/evoenergy/Evoenergy_Schedule_of_Charges_2024-25_LFiT_adjusted.pdf,https://www.evoenergy.com.au/-/media/Project/Evoenergy/EVO/Documents/Electricity/Evoenergy-electricity-schedule-of-charges-2024-25-LFiT-adjusted.pdf?rev=cfd603e7eccc4ae0a30b1a281864e546&hash=1FFD8DDEFA9984066AE6E3CEDF1EEA8B,New Residential TOU Network,Peak Energy,"code differs (017, 018* vs 017); matched by code alias; distributor schedule includes the ACT LFiT scheme amount; AER file excludes it",LFiT included (uniform adder of 0.258 c/kWh applied to c/kWh consumption charges per document); Rate column (network charge excluding metering; 'Rate + metering' column not emitted); page 5; applicability: 7am-9am and 5pm-9pm every day
Evoenergy,2024-25,value_differs,jurisdictional_scheme,"017, 018*",New residential TOU,Peak,13.851,cents/kWh,14.109,c/kWh,13.851,14.109,c/kWh,0.258,1.8627,NUoS,NUoS,AER,DNSP,sources/aer/2024-25_stakeholder_reports/AER_Stakeholder_report_Evoenergy_2024-25.xlsx,https://www.aer.gov.au/system/files/2024-05/AER%20-%20Stakeholder%20report%20-%20Evoenergy%20-%202024%E2%80%9325%20Annual%20Pricing%20Proposal.xlsx,sources/dnsp/evoenergy/Evoenergy_Schedule_of_Charges_2024-25_LFiT_adjusted.pdf,https://www.evoenergy.com.au/-/media/Project/Evoenergy/EVO/Documents/Electricity/Evoenergy-electricity-schedule-of-charges-2024-25-LFiT-adjusted.pdf?rev=cfd603e7eccc4ae0a30b1a281864e546&hash=1FFD8DDEFA9984066AE6E3CEDF1EEA8B,New Residential TOU Network XMC*,Peak Energy,"AER lists codes jointly (017, 018*); distributor publishes 018 separately - compared against the joint AER row; distributor schedule includes the ACT LFiT scheme amount; AER file excludes it",LFiT included (uniform adder of 0.258 c/kWh applied to c/kWh consumption charges per document); Rate column (network charge excluding metering; 'Rate + metering' column not emitted); page 5; XMC tariff excludes metering charges; applicability: 7am-9am and 5pm-9pm every day
Evoenergy,2024-25,value_differs,jurisdictional_scheme,"040, 041*",General,Block 2,14.288,cents/kWh,14.546,c/kWh,14.288,14.546,c/kWh,0.258,1.8057,NUoS,NUoS,AER,DNSP,sources/aer/2024-25_stakeholder_reports/AER_Stakeholder_report_Evoenergy_2024-25.xlsx,https://www.aer.gov.au/system/files/2024-05/AER%20-%20Stakeholder%20report%20-%20Evoenergy%20-%202024%E2%80%9325%20Annual%20Pricing%20Proposal.xlsx,sources/dnsp/evoenergy/Evoenergy_Schedule_of_Charges_2024-25_LFiT_adjusted.pdf,https://www.evoenergy.com.au/-/media/Project/Evoenergy/EVO/Documents/Electricity/Evoenergy-electricity-schedule-of-charges-2024-25-LFiT-adjusted.pdf?rev=cfd603e7eccc4ae0a30b1a281864e546&hash=1FFD8DDEFA9984066AE6E3CEDF1EEA8B,General Network (closed),Anytime Energy - Block 2,"code differs (040, 041* vs 040); matched by code alias; distributor schedule includes the ACT LFiT scheme amount; AER file excludes it","LFiT included (uniform adder of 0.258 c/kWh applied to c/kWh consumption charges per document); Rate column (network charge excluding metering; 'Rate + metering' column not emitted); page 9; closed to new customers; applicability: Applies to energy above 330 kWh per day, every day"
Evoenergy,2024-25,value_differs,jurisdictional_scheme,"040, 041*",General,Block 2,14.288,cents/kWh,14.546,c/kWh,14.288,14.546,c/kWh,0.258,1.8057,NUoS,NUoS,AER,DNSP,sources/aer/2024-25_stakeholder_reports/AER_Stakeholder_report_Evoenergy_2024-25.xlsx,https://www.aer.gov.au/system/files/2024-05/AER%20-%20Stakeholder%20report%20-%20Evoenergy%20-%202024%E2%80%9325%20Annual%20Pricing%20Proposal.xlsx,sources/dnsp/evoenergy/Evoenergy_Schedule_of_Charges_2024-25_LFiT_adjusted.pdf,https://www.evoenergy.com.au/-/media/Project/Evoenergy/EVO/Documents/Electricity/Evoenergy-electricity-schedule-of-charges-2024-25-LFiT-adjusted.pdf?rev=cfd603e7eccc4ae0a30b1a281864e546&hash=1FFD8DDEFA9984066AE6E3CEDF1EEA8B,General Network (closed) XMC*,Anytime Energy - Block 2,"AER lists codes jointly (040, 041*); distributor publishes 041 separately - compared against the joint AER row; distributor schedule includes the ACT LFiT scheme amount; AER file excludes it","LFiT included (uniform adder of 0.258 c/kWh applied to c/kWh consumption charges per document); Rate column (network charge excluding metering; 'Rate + metering' column not emitted); page 9; closed to new customers; XMC tariff excludes metering charges; applicability: Applies to energy above 330 kWh per day, every day"
Evoenergy,2024-25,value_differs,jurisdictional_scheme,"090, 091*",General TOU,Peak,17.26,cents/kWh,17.518,c/kWh,17.26,17.518,c/kWh,0.258,1.4948,NUoS,NUoS,AER,DNSP,sources/aer/2024-25_stakeholder_reports/AER_Stakeholder_report_Evoenergy_2024-25.xlsx,https://www.aer.gov.au/system/files/2024-05/AER%20-%20Stakeholder%20report%20-%20Evoenergy%20-%202024%E2%80%9325%20Annual%20Pricing%20Proposal.xlsx,sources/dnsp/evoenergy/Evoenergy_Schedule_of_Charges_2024-25_LFiT_adjusted.pdf,https://www.evoenergy.com.au/-/media/Project/Evoenergy/EVO/Documents/Electricity/Evoenergy-electricity-schedule-of-charges-2024-25-LFiT-adjusted.pdf?rev=cfd603e7eccc4ae0a30b1a281864e546&hash=1FFD8DDEFA9984066AE6E3CEDF1EEA8B,General TOU Network,Peak Energy,"code differs (090, 091* vs 090); matched by code alias; distributor schedule includes the ACT LFiT scheme amount; AER file excludes it",LFiT included (uniform adder of 0.258 c/kWh applied to c/kWh consumption charges per document); Rate column (network charge excluding metering; 'Rate + metering' column not emitted); page 10; applicability: 7am-5pm weekdays
Evoenergy,2024-25,value_differs,jurisdictional_scheme,"090, 091*",General TOU,Peak,17.26,cents/kWh,17.518,c/kWh,17.26,17.518,c/kWh,0.258,1.4948,NUoS,NUoS,AER,DNSP,sources/aer/2024-25_stakeholder_reports/AER_Stakeholder_report_Evoenergy_2024-25.xlsx,https://www.aer.gov.au/system/files/2024-05/AER%20-%20Stakeholder%20report%20-%20Evoenergy%20-%202024%E2%80%9325%20Annual%20Pricing%20Proposal.xlsx,sources/dnsp/evoenergy/Evoenergy_Schedule_of_Charges_2024-25_LFiT_adjusted.pdf,https://www.evoenergy.com.au/-/media/Project/Evoenergy/EVO/Documents/Electricity/Evoenergy-electricity-schedule-of-charges-2024-25-LFiT-adjusted.pdf?rev=cfd603e7eccc4ae0a30b1a281864e546&hash=1FFD8DDEFA9984066AE6E3CEDF1EEA8B,General TOU Network XMC*,Peak Energy,"AER lists codes jointly (090, 091*); distributor publishes 091 separately - compared against the joint AER row; distributor schedule includes the ACT LFiT scheme amount; AER file excludes it",LFiT included (uniform adder of 0.258 c/kWh applied to c/kWh consumption charges per document); Rate column (network charge excluding metering; 'Rate + metering' column not emitted); page 10; XMC tariff excludes metering charges; applicability: 7am-5pm weekdays
Evoenergy,2024-25,dnsp_only_code,,081,Streetlighting Network XMC*,1 component(s),,,,,,,,,,NUoS,NUoS,AER,DNSP,sources/aer/2024-25_stakeholder_reports/AER_Stakeholder_report_Evoenergy_2024-25.xlsx,,sources/dnsp/evoenergy/Evoenergy_Schedule_of_Charges_2024-25_LFiT_adjusted.pdf,https://www.evoenergy.com.au/-/media/Project/Evoenergy/EVO/Documents/Electricity/Evoenergy-electricity-schedule-of-charges-2024-25-LFiT-adjusted.pdf?rev=cfd603e7eccc4ae0a30b1a281864e546&hash=1FFD8DDEFA9984066AE6E3CEDF1EEA8B,Streetlighting Network XMC*,,tariff code present in distributor publication but not in AER-side file,LFiT included (uniform adder of 0.258 c/kWh applied to c/kWh consumption charges per document); Rate column (network charge excluding metering; 'Rate + metering' column not emitted); page 14; XMC tariff excludes metering charges; applicability: Any time
Evoenergy,2024-25,dnsp_only_code,withdrawn_tariff,111,HV TOU Demand Network (closed),6 component(s),,,,,,,,,,NUoS,NUoS,AER,DNSP,sources/aer/2024-25_stakeholder_reports/AER_Stakeholder_report_Evoenergy_2024-25.xlsx,,sources/dnsp/evoenergy/Evoenergy_Schedule_of_Charges_2024-25_LFiT_adjusted.pdf,https://www.evoenergy.com.au/-/media/Project/Evoenergy/EVO/Documents/Electricity/Evoenergy-electricity-schedule-of-charges-2024-25-LFiT-adjusted.pdf?rev=cfd603e7eccc4ae0a30b1a281864e546&hash=1FFD8DDEFA9984066AE6E3CEDF1EEA8B,HV TOU Demand Network (closed),,distributor still prices a tariff it marks obsolete/closed; AER-side file does not list it,LFiT included (uniform adder of 0.258 c/kWh applied to c/kWh consumption charges per document); Rate column (network charge excluding metering; 'Rate + metering' column not emitted); page 15; closed to new customers; applicability: Daily
Evoenergy,2025-26,value_differs,jurisdictional_scheme,108,LV Stand-alone Battery Network (Residential area),Net energy consumption,1.025,cents/kWh,2.618,c/kWh,1.025,2.618,c/kWh,1.593,155.4146,NUoS,NUoS,AER,DNSP,sources/aer/AER_Consolidated_stakeholder_report_2025-26_v5.xlsx,https://www.aer.gov.au/system/files/2025-05/AER%20-%20Consolidated%20stakeholder%20report%202025%E2%80%9326%20v5%C2%A0.xlsx,sources/dnsp/evoenergy/Evoenergy_Schedule_of_Charges_2025-26_incl_LFiT_May2025.xlsx,https://www.evoenergy.com.au/-/media/Project/Evoenergy/EVO/Documents/Electricity/Evoenergy-2025-26-Schedule-of-Charges-incl-LFiT--May-2025.xlsx?rev=178187e94c114445b7b112b1b9dab0db&hash=60625602851A906E9A81A47656BF459D,LV large-scale battery tariff (residential area),Net Energy,distributor schedule includes the ACT LFiT scheme amount; AER file excludes it,"aer_id=TD-EVO26oth-BattRes; LFiT included (uniform adder of 1.593 c/kWh applied to c/kWh consumption charges per document); Rate column (network charge excluding metering; 'Rate + metering' column not emitted); sheet 'Network tariffs'; applicability: Applies to net energy imported i.e., electricity imported less electricity exported (in kWh)"
Evoenergy,2025-26,value_differs,jurisdictional_scheme,109,LV Stand-alone Battery Network (Commercial area),Net energy consumption,1.025,cents/kWh,2.618,c/kWh,1.025,2.618,c/kWh,1.593,155.4146,NUoS,NUoS,AER,DNSP,sources/aer/AER_Consolidated_stakeholder_report_2025-26_v5.xlsx,https://www.aer.gov.au/system/files/2025-05/AER%20-%20Consolidated%20stakeholder%20report%202025%E2%80%9326%20v5%C2%A0.xlsx,sources/dnsp/evoenergy/Evoenergy_Schedule_of_Charges_2025-26_incl_LFiT_May2025.xlsx,https://www.evoenergy.com.au/-/media/Project/Evoenergy/EVO/Documents/Electricity/Evoenergy-2025-26-Schedule-of-Charges-incl-LFiT--May-2025.xlsx?rev=178187e94c114445b7b112b1b9dab0db&hash=60625602851A906E9A81A47656BF459D,LV large-scale battery tariff (commercial area),Net Energy,distributor schedule includes the ACT LFiT scheme amount; AER file excludes it,"aer_id=TD-EVO26oth-BattComm; LFiT included (uniform adder of 1.593 c/kWh applied to c/kWh consumption charges per document); Rate column (network charge excluding metering; 'Rate + metering' column not emitted); sheet 'Network tariffs'; applicability: Applies to net energy imported i.e., electricity imported less electricity exported (in kWh)"
Evoenergy,2025-26,value_differs,jurisdictional_scheme,123,HV Stand-alone Battery Network (Residential area),Net energy consumption,1.025,cents/kWh,2.618,c/kWh,1.025,2.618,c/kWh,1.593,155.4146,NUoS,NUoS,AER,DNSP,sources/aer/AER_Consolidated_stakeholder_report_2025-26_v5.xlsx,https://www.aer.gov.au/system/files/2025-05/AER%20-%20Consolidated%20stakeholder%20report%202025%E2%80%9326%20v5%C2%A0.xlsx,sources/dnsp/evoenergy/Evoenergy_Schedule_of_Charges_2025-26_incl_LFiT_May2025.xlsx,https://www.evoenergy.com.au/-/media/Project/Evoenergy/EVO/Documents/Electricity/Evoenergy-2025-26-Schedule-of-Charges-incl-LFiT--May-2025.xlsx?rev=178187e94c114445b7b112b1b9dab0db&hash=60625602851A906E9A81A47656BF459D,HV large-scale battery tariff (residential area),Net Energy,distributor schedule includes the ACT LFiT scheme amount; AER file excludes it,"aer_id=TD-EVO26oth-BattResHV; LFiT included (uniform adder of 1.593 c/kWh applied to c/kWh consumption charges per document); Rate column (network charge excluding metering; 'Rate + metering' column not emitted); sheet 'Network tariffs'; applicability: Applies to net energy imported i.e., electricity imported less electricity exported (in kWh)"
Evoenergy,2025-26,value_differs,jurisdictional_scheme,124,HV Stand-alone Battery Network (Commercial area),Net energy consumption,1.025,cents/kWh,2.618,c/kWh,1.025,2.618,c/kWh,1.593,155.4146,NUoS,NUoS,AER,DNSP,sources/aer/AER_Consolidated_stakeholder_report_2025-26_v5.xlsx,https://www.aer.gov.au/system/files/2025-05/AER%20-%20Consolidated%20stakeholder%20report%202025%E2%80%9326%20v5%C2%A0.xlsx,sources/dnsp/evoenergy/Evoenergy_Schedule_of_Charges_2025-26_incl_LFiT_May2025.xlsx,https://www.evoenergy.com.au/-/media/Project/Evoenergy/EVO/Documents/Electricity/Evoenergy-2025-26-Schedule-of-Charges-incl-LFiT--May-2025.xlsx?rev=178187e94c114445b7b112b1b9dab0db&hash=60625602851A906E9A81A47656BF459D,HV large-scale battery tariff (commercial area),Net Energy,distributor schedule includes the ACT LFiT scheme amount; AER file excludes it,"aer_id=TD-EVO26oth-BattCommHV; LFiT included (uniform adder of 1.593 c/kWh applied to c/kWh consumption charges per document); Rate column (network charge excluding metering; 'Rate + metering' column not emitted); sheet 'Network tariffs'; applicability: Applies to net energy imported i.e., electricity imported less electricity exported (in kWh)"
Evoenergy,2025-26,value_differs,jurisdictional_scheme,121,HV TOU Demand Network – Customer LV,Energy consumption at off-peak times,1.429,cents/kWh,3.022,c/kWh,1.429,3.022,c/kWh,1.593,111.4766,NUoS,NUoS,AER,DNSP,sources/aer/AER_Consolidated_stakeholder_report_2025-26_v5.xlsx,https://www.aer.gov.au/system/files/2025-05/AER%20-%20Consolidated%20stakeholder%20report%202025%E2%80%9326%20v5%C2%A0.xlsx,sources/dnsp/evoenergy/Evoenergy_Schedule_of_Charges_2025-26_incl_LFiT_May2025.xlsx,https://www.evoenergy.com.au/-/media/Project/Evoenergy/EVO/Documents/Electricity/Evoenergy-2025-26-Schedule-of-Charges-incl-LFiT--May-2025.xlsx?rev=178187e94c114445b7b112b1b9dab0db&hash=60625602851A906E9A81A47656BF459D,HV TOU Demand Network – Customer LV (closed),Off-peak Energy,distributor schedule includes the ACT LFiT scheme amount; AER file excludes it,aer_id=TD-EVO26oth-DmdHVCommLV; LFiT included (uniform adder of 1.593 c/kWh applied to c/kWh consumption charges per document); Rate column (network charge excluding metering; 'Rate + metering' column not emitted); sheet 'Network tariffs'; closed to new customers; applicability: All other times
Evoenergy,2025-26,value_differs,jurisdictional_scheme,122,HV TOU Demand Network – Customer LV & HV,Energy consumption at off-peak times,1.429,cents/kWh,3.022,c/kWh,1.429,3.022,c/kWh,1.593,111.4766,NUoS,NUoS,AER,DNSP,sources/aer/AER_Consolidated_stakeholder_report_2025-26_v5.xlsx,https://www.aer.gov.au/system/files/2025-05/AER%20-%20Consolidated%20stakeholder%20report%202025%E2%80%9326%20v5%C2%A0.xlsx,sources/dnsp/evoenergy/Evoenergy_Schedule_of_Charges_2025-26_incl_LFiT_May2025.xlsx,https://www.evoenergy.com.au/-/media/Project/Evoenergy/EVO/Documents/Electricity/Evoenergy-2025-26-Schedule-of-Charges-incl-LFiT--May-2025.xlsx?rev=178187e94c114445b7b112b1b9dab0db&hash=60625602851A906E9A81A47656BF459D,HV TOU Demand Network – Customer HV and LV,Off-peak Energy,distributor schedule includes the ACT LFiT scheme amount; AER file excludes it,aer_id=TD-EVO26oth-DmdHVCommHV; LFiT included (uniform adder of 1.593 c/kWh applied to c/kWh consumption charges per document); Rate column (network charge excluding metering; 'Rate + metering' column not emitted); sheet 'Network tariffs'; applicability: All other times
Evoenergy,2025-26,value_differs,jurisdictional_scheme,"023, 024*",New residential demand,Energy consumption at solar soak times,1.65,cents/kWh,3.243,c/kWh,1.65,3.243,c/kWh,1.593,96.5455,NUoS,NUoS,AER,DNSP,sources/aer/AER_Consolidated_stakeholder_report_2025-26_v5.xlsx,https://www.aer.gov.au/system/files/2025-05/AER%20-%20Consolidated%20stakeholder%20report%202025%E2%80%9326%20v5%C2%A0.xlsx,sources/dnsp/evoenergy/Evoenergy_Schedule_of_Charges_2025-26_incl_LFiT_May2025.xlsx,https://www.evoenergy.com.au/-/media/Project/Evoenergy/EVO/Documents/Electricity/Evoenergy-2025-26-Schedule-of-Charges-incl-LFiT--May-2025.xlsx?rev=178187e94c114445b7b112b1b9dab0db&hash=60625602851A906E9A81A47656BF459D,New Residential Demand Network,Solar Soak Energy,"code differs (023, 024* vs 023); matched by code alias; distributor schedule includes the ACT LFiT scheme amount; AER file excludes it",aer_id=TD-EVO26res-Dmd2; LFiT included (uniform adder of 1.593 c/kWh applied to c/kWh consumption charges per document); Rate column (network charge excluding metering; 'Rate + metering' column not emitted); sheet 'Network tariffs'; applicability: 11am-3pm every day
Evoenergy,2025-26,value_differs,jurisdictional_scheme,"023, 024*",New residential demand,Energy consumption at solar soak times,1.65,cents/kWh,3.243,c/kWh,1.65,3.243,c/kWh,1.593,96.5455,NUoS,NUoS,AER,DNSP,sources/aer/AER_Consolidated_stakeholder_report_2025-26_v5.xlsx,https://www.aer.gov.au/system/files/2025-05/AER%20-%20Consolidated%20stakeholder%20report%202025%E2%80%9326%20v5%C2%A0.xlsx,sources/dnsp/evoenergy/Evoenergy_Schedule_of_Charges_2025-26_incl_LFiT_May2025.xlsx,https://www.evoenergy.com.au/-/media/Project/Evoenergy/EVO/Documents/Electricity/Evoenergy-2025-26-Schedule-of-Charges-incl-LFiT--May-2025.xlsx?rev=178187e94c114445b7b112b1b9dab0db&hash=60625602851A906E9A81A47656BF459D,New Residential Demand Network XMC*,Solar Soak Energy,"AER lists codes jointly (023, 024*); distributor publishes 024 separately - compared against the joint AER row; distributor schedule includes the ACT LFiT scheme amount; AER file excludes it",aer_id=TD-EVO26res-Dmd2; LFiT included (uniform adder of 1.593 c/kWh applied to c/kWh consumption charges per document); Rate column (network charge excluding metering; 'Rate + metering' column not emitted); sheet 'Network tariffs'; XMC tariff excludes metering charges; applicability: 11am-3pm every day
Evoenergy,2025-26,value_differs,jurisdictional_scheme,"017, 018*",New residential TOU,Energy consumption at solar soak times,1.668,cents/kWh,3.261,c/kWh,1.668,3.261,c/kWh,1.593,95.5036,NUoS,NUoS,AER,DNSP,sources/aer/AER_Consolidated_stakeholder_report_2025-26_v5.xlsx,https://www.aer.gov.au/system/files/2025-05/AER%20-%20Consolidated%20stakeholder%20report%202025%E2%80%9326%20v5%C2%A0.xlsx,sources/dnsp/evoenergy/Evoenergy_Schedule_of_Charges_2025-26_incl_LFiT_May2025.xlsx,https://www.evoenergy.com.au/-/media/Project/Evoenergy/EVO/Documents/Electricity/Evoenergy-2025-26-Schedule-of-Charges-incl-LFiT--May-2025.xlsx?rev=178187e94c114445b7b112b1b9dab0db&hash=60625602851A906E9A81A47656BF459D,New Residential TOU Network,Solar Soak Energy,"code differs (017, 018* vs 017); matched by code alias; distributor schedule includes the ACT LFiT scheme amount; AER file excludes it",aer_id=TD-EVO26res-TOU2; LFiT included (uniform adder of 1.593 c/kWh applied to c/kWh consumption charges per document); Rate column (network charge excluding metering; 'Rate + metering' column not emitted); sheet 'Network tariffs'; applicability: 11am-3pm every day
Evoenergy,2025-26,value_differs,jurisdictional_scheme,"017, 018*",New residential TOU,Energy consumption at solar soak times,1.668,cents/kWh,3.261,c/kWh,1.668,3.261,c/kWh,1.593,95.5036,NUoS,NUoS,AER,DNSP,sources/aer/AER_Consolidated_stakeholder_report_2025-26_v5.xlsx,https://www.aer.gov.au/system/files/2025-05/AER%20-%20Consolidated%20stakeholder%20report%202025%E2%80%9326%20v5%C2%A0.xlsx,sources/dnsp/evoenergy/Evoenergy_Schedule_of_Charges_2025-26_incl_LFiT_May2025.xlsx,https://www.evoenergy.com.au/-/media/Project/Evoenergy/EVO/Documents/Electricity/Evoenergy-2025-26-Schedule-of-Charges-incl-LFiT--May-2025.xlsx?rev=178187e94c114445b7b112b1b9dab0db&hash=60625602851A906E9A81A47656BF459D,New Residential TOU Network XMC*,Solar Soak Energy,"AER lists codes jointly (017, 018*); distributor publishes 018 separately - compared against the joint AER row; distributor schedule includes the ACT LFiT scheme amount; AER file excludes it",aer_id=TD-EVO26res-TOU2; LFiT included (uniform adder of 1.593 c/kWh applied to c/kWh consumption charges per document); Rate column (network charge excluding metering; 'Rate + metering' column not emitted); sheet 'Network tariffs'; XMC tariff excludes metering charges; applicability: 11am-3pm every day
Evoenergy,2025-26,value_differs,jurisdictional_scheme,"103, 105*",LV TOU Capacity,Energy consumption at off-peak times,2.211,cents/kWh,3.804,c/kWh,2.211,3.804,c/kWh,1.593,72.0488,NUoS,NUoS,AER,DNSP,sources/aer/AER_Consolidated_stakeholder_report_2025-26_v5.xlsx,https://www.aer.gov.au/system/files/2025-05/AER%20-%20Consolidated%20stakeholder%20report%202025%E2%80%9326%20v5%C2%A0.xlsx,sources/dnsp/evoenergy/Evoenergy_Schedule_of_Charges_2025-26_incl_LFiT_May2025.xlsx,https://www.evoenergy.com.au/-/media/Project/Evoenergy/EVO/Documents/Electricity/Evoenergy-2025-26-Schedule-of-Charges-incl-LFiT--May-2025.xlsx?rev=178187e94c114445b7b112b1b9dab0db&hash=60625602851A906E9A81A47656BF459D,LV TOU Capacity Network XMC*,Off-peak Energy,"code differs (103, 105* vs 105); matched by code alias; distributor schedule includes the ACT LFiT scheme amount; AER file excludes it",aer_id=TD-EVO26oth-Cap; LFiT included (uniform adder of 1.593 c/kWh applied to c/kWh consumption charges per document); Rate column (network charge excluding metering; 'Rate + metering' column not emitted); sheet 'Network tariffs'; XMC tariff excludes metering charges; applicability: All other times
Evoenergy,2025-26,value_differs,jurisdictional_scheme,"103, 105*",LV TOU Capacity,Energy consumption at off-peak times,2.211,cents/kWh,3.804,c/kWh,2.211,3.804,c/kWh,1.593,72.0488,NUoS,NUoS,AER,DNSP,sources/aer/AER_Consolidated_stakeholder_report_2025-26_v5.xlsx,https://www.aer.gov.au/system/files/2025-05/AER%20-%20Consolidated%20stakeholder%20report%202025%E2%80%9326%20v5%C2%A0.xlsx,sources/dnsp/evoenergy/Evoenergy_Schedule_of_Charges_2025-26_incl_LFiT_May2025.xlsx,https://www.evoenergy.com.au/-/media/Project/Evoenergy/EVO/Documents/Electricity/Evoenergy-2025-26-Schedule-of-Charges-incl-LFiT--May-2025.xlsx?rev=178187e94c114445b7b112b1b9dab0db&hash=60625602851A906E9A81A47656BF459D,LV TOU Capacity Network,Off-peak Energy,"AER lists codes jointly (103, 105*); distributor publishes 103 separately - compared against the joint AER row; distributor schedule includes the ACT LFiT scheme amount; AER file excludes it",aer_id=TD-EVO26oth-Cap; LFiT included (uniform adder of 1.593 c/kWh applied to c/kWh consumption charges per document); Rate column (network charge excluding metering; 'Rate + metering' column not emitted); sheet 'Network tariffs'; applicability: All other times
Evoenergy,2025-26,value_differs,jurisdictional_scheme,060,Off-peak (1) Night,Energy consumption at off-peak times,2.302,cents/kWh,3.895,c/kWh,2.302,3.895,c/kWh,1.593,69.2007,NUoS,NUoS,AER,DNSP,sources/aer/AER_Consolidated_stakeholder_report_2025-26_v5.xlsx,https://www.aer.gov.au/system/files/2025-05/AER%20-%20Consolidated%20stakeholder%20report%202025%E2%80%9326%20v5%C2%A0.xlsx,sources/dnsp/evoenergy/Evoenergy_Schedule_of_Charges_2025-26_incl_LFiT_May2025.xlsx,https://www.evoenergy.com.au/-/media/Project/Evoenergy/EVO/Documents/Electricity/Evoenergy-2025-26-Schedule-of-Charges-incl-LFiT--May-2025.xlsx?rev=178187e94c114445b7b112b1b9dab0db&hash=60625602851A906E9A81A47656BF459D,Off-Peak (1) Night Network,Off-peak,distributor schedule includes the ACT LFiT scheme amount; AER file excludes it,aer_id=TD-EVO26res-CL1; LFiT included (uniform adder of 1.593 c/kWh applied to c/kWh consumption charges per document); Rate column (network charge excluding metering; 'Rate + metering' column not emitted); sheet 'Network tariffs'; This tariff is a secondary tariff available to customers using a controlled load; applicability: 6 to 8 hours between 10pm-7am every day
Evoenergy,2025-26,value_differs,jurisdictional_scheme,121,HV TOU Demand Network – Customer LV,Energy consumption at shoulder times,2.38,cents/kWh,3.973,c/kWh,2.38,3.973,c/kWh,1.593,66.9328,NUoS,NUoS,AER,DNSP,sources/aer/AER_Consolidated_stakeholder_report_2025-26_v5.xlsx,https://www.aer.gov.au/system/files/2025-05/AER%20-%20Consolidated%20stakeholder%20report%202025%E2%80%9326%20v5%C2%A0.xlsx,sources/dnsp/evoenergy/Evoenergy_Schedule_of_Charges_2025-26_incl_LFiT_May2025.xlsx,https://www.evoenergy.com.au/-/media/Project/Evoenergy/EVO/Documents/Electricity/Evoenergy-2025-26-Schedule-of-Charges-incl-LFiT--May-2025.xlsx?rev=178187e94c114445b7b112b1b9dab0db&hash=60625602851A906E9A81A47656BF459D,HV TOU Demand Network – Customer LV (closed),Shoulder Energy,distributor schedule includes the ACT LFiT scheme amount; AER file excludes it,aer_id=TD-EVO26oth-DmdHVCommLV; LFiT included (uniform adder of 1.593 c/kWh applied to c/kWh consumption charges per document); Rate column (network charge excluding metering; 'Rate + metering' column not emitted); sheet 'Network tariffs'; closed to new customers; applicability: 5pm-10pm weekdays
Evoenergy,2025-26,value_differs,jurisdictional_scheme,122,HV TOU Demand Network – Customer LV & HV,Energy consumption at shoulder times,2.38,cents/kWh,3.973,c/kWh,2.38,3.973,c/kWh,1.593,66.9328,NUoS,NUoS,AER,DNSP,sources/aer/AER_Consolidated_stakeholder_report_2025-26_v5.xlsx,https://www.aer.gov.au/system/files/2025-05/AER%20-%20Consolidated%20stakeholder%20report%202025%E2%80%9326%20v5%C2%A0.xlsx,sources/dnsp/evoenergy/Evoenergy_Schedule_of_Charges_2025-26_incl_LFiT_May2025.xlsx,https://www.evoenergy.com.au/-/media/Project/Evoenergy/EVO/Documents/Electricity/Evoenergy-2025-26-Schedule-of-Charges-incl-LFiT--May-2025.xlsx?rev=178187e94c114445b7b112b1b9dab0db&hash=60625602851A906E9A81A47656BF459D,HV TOU Demand Network – Customer HV and LV,Shoulder Energy,distributor schedule includes the ACT LFiT scheme amount; AER file excludes it,aer_id=TD-EVO26oth-DmdHVCommHV; LFiT included (uniform adder of 1.593 c/kWh applied to c/kWh consumption charges per document); Rate column (network charge excluding metering; 'Rate + metering' column not emitted); sheet 'Network tariffs'; applicability: 5pm-10pm weekdays
Evoenergy,2025-26,value_differs,jurisdictional_scheme,"101, 104*",LV TOU kVA Demand,Energy consumption at off-peak times,2.386,cents/kWh,3.979,c/kWh,2.386,3.979,c/kWh,1.593,66.7645,NUoS,NUoS,AER,DNSP,sources/aer/AER_Consolidated_stakeholder_report_2025-26_v5.xlsx,https://www.aer.gov.au/system/files/2025-05/AER%20-%20Consolidated%20stakeholder%20report%202025%E2%80%9326%20v5%C2%A0.xlsx,sources/dnsp/evoenergy/Evoenergy_Schedule_of_Charges_2025-26_incl_LFiT_May2025.xlsx,https://www.evoenergy.com.au/-/media/Project/Evoenergy/EVO/Documents/Electricity/Evoenergy-2025-26-Schedule-of-Charges-incl-LFiT--May-2025.xlsx?rev=178187e94c114445b7b112b1b9dab0db&hash=60625602851A906E9A81A47656BF459D,LV TOU kVA Demand Network XMC*,Off-peak Energy,"code differs (101, 104* vs 104); matched by code alias; distributor schedule includes the ACT LFiT scheme amount; AER file excludes it",aer_id=TD-EVO26oth-Dmd; LFiT included (uniform adder of 1.593 c/kWh applied to c/kWh consumption charges per document); Rate column (network charge excluding metering; 'Rate + metering' column not emitted); sheet 'Network tariffs'; XMC tariff excludes metering charges; applicability: All other times
Evoenergy,2025-26,value_differs,jurisdictional_scheme,"101, 104*",LV TOU kVA Demand,Energy consumption at off-peak times,2.386,cents/kWh,3.979,c/kWh,2.386,3.979,c/kWh,1.593,66.7645,NUoS,NUoS,AER,DNSP,sources/aer/AER_Consolidated_stakeholder_report_2025-26_v5.xlsx,https://www.aer.gov.au/system/files/2025-05/AER%20-%20Consolidated%20stakeholder%20report%202025%E2%80%9326%20v5%C2%A0.xlsx,sources/dnsp/evoenergy/Evoenergy_Schedule_of_Charges_2025-26_incl_LFiT_May2025.xlsx,https://www.evoenergy.com.au/-/media/Project/Evoenergy/EVO/Documents/Electricity/Evoenergy-2025-26-Schedule-of-Charges-incl-LFiT--May-2025.xlsx?rev=178187e94c114445b7b112b1b9dab0db&hash=60625602851A906E9A81A47656BF459D,LV TOU kVA Demand Network,Off-peak Energy,"AER lists codes jointly (101, 104*); distributor publishes 101 separately - compared against the joint AER row; distributor schedule includes the ACT LFiT scheme amount; AER file excludes it",aer_id=TD-EVO26oth-Dmd; LFiT included (uniform adder of 1.593 c/kWh applied to c/kWh consumption charges per document); Rate column (network charge excluding metering; 'Rate + metering' column not emitted); sheet 'Network tariffs'; applicability: All other times
Evoenergy,2025-26,value_differs,jurisdictional_scheme,070,Off-peak (3) Day & Night,Energy consumption at off-peak times,2.943,cents/kWh,4.536,c/kWh,2.943,4.536,c/kWh,1.593,54.1284,NUoS,NUoS,AER,DNSP,sources/aer/AER_Consolidated_stakeholder_report_2025-26_v5.xlsx,https://www.aer.gov.au/system/files/2025-05/AER%20-%20Consolidated%20stakeholder%20report%202025%E2%80%9326%20v5%C2%A0.xlsx,sources/dnsp/evoenergy/Evoenergy_Schedule_of_Charges_2025-26_incl_LFiT_May2025.xlsx,https://www.evoenergy.com.au/-/media/Project/Evoenergy/EVO/Documents/Electricity/Evoenergy-2025-26-Schedule-of-Charges-incl-LFiT--May-2025.xlsx?rev=178187e94c114445b7b112b1b9dab0db&hash=60625602851A906E9A81A47656BF459D,Off-Peak (3) Day & Night Network,Off-peak,distributor schedule includes the ACT LFiT scheme amount; AER file excludes it,aer_id=TD-EVO26res-CL2; LFiT included (uniform adder of 1.593 c/kWh applied to c/kWh consumption charges per document); Rate column (network charge excluding metering; 'Rate + metering' column not emitted); sheet 'Network tariffs'; This tariff is a secondary tariff available to customers using a controlled load; applicability: 8 hours between 10pm-7am and 5 hours between 9am-5pm every day
Evoenergy,2025-26,value_differs,jurisdictional_scheme,"025, 026*",Residential demand,Anytime energy consumption charge,3.227,cents/kWh,4.82,c/kWh,3.227,4.82,c/kWh,1.593,49.3647,NUoS,NUoS,AER,DNSP,sources/aer/AER_Consolidated_stakeholder_report_2025-26_v5.xlsx,https://www.aer.gov.au/system/files/2025-05/AER%20-%20Consolidated%20stakeholder%20report%202025%E2%80%9326%20v5%C2%A0.xlsx,sources/dnsp/evoenergy/Evoenergy_Schedule_of_Charges_2025-26_incl_LFiT_May2025.xlsx,https://www.evoenergy.com.au/-/media/Project/Evoenergy/EVO/Documents/Electricity/Evoenergy-2025-26-Schedule-of-Charges-incl-LFiT--May-2025.xlsx?rev=178187e94c114445b7b112b1b9dab0db&hash=60625602851A906E9A81A47656BF459D,Residential Demand Network (closed),Anytime Energy,"code differs (025, 026* vs 025); matched by code alias; distributor schedule includes the ACT LFiT scheme amount; AER file excludes it",aer_id=TD-EVO26res-Dmd; LFiT included (uniform adder of 1.593 c/kWh applied to c/kWh consumption charges per document); Rate column (network charge excluding metering; 'Rate + metering' column not emitted); sheet 'Network tariffs'; closed to new customers; applicability: Any time
Evoenergy,2025-26,value_differs,jurisdictional_scheme,"025, 026*",Residential demand,Anytime energy consumption charge,3.227,cents/kWh,4.82,c/kWh,3.227,4.82,c/kWh,1.593,49.3647,NUoS,NUoS,AER,DNSP,sources/aer/AER_Consolidated_stakeholder_report_2025-26_v5.xlsx,https://www.aer.gov.au/system/files/2025-05/AER%20-%20Consolidated%20stakeholder%20report%202025%E2%80%9326%20v5%C2%A0.xlsx,sources/dnsp/evoenergy/Evoenergy_Schedule_of_Charges_2025-26_incl_LFiT_May2025.xlsx,https://www.evoenergy.com.au/-/media/Project/Evoenergy/EVO/Documents/Electricity/Evoenergy-2025-26-Schedule-of-Charges-incl-LFiT--May-2025.xlsx?rev=178187e94c114445b7b112b1b9dab0db&hash=60625602851A906E9A81A47656BF459D,Residential Demand Network (closed) XMC*,Anytime Energy,"AER lists codes jointly (025, 026*); distributor publishes 026 separately - compared against the joint AER row; distributor schedule includes the ACT LFiT scheme amount; AER file excludes it",aer_id=TD-EVO26res-Dmd; LFiT included (uniform adder of 1.593 c/kWh applied to c/kWh consumption charges per document); Rate column (network charge excluding metering; 'Rate + metering' column not emitted); sheet 'Network tariffs'; closed to new customers; XMC tariff excludes metering charges; applicability: Any time
Evoenergy,2025-26,value_differs,jurisdictional_scheme,"015, 016*",Residential TOU,Energy consumption at off-peak times,3.235,cents/kWh,4.828,c/kWh,3.235,4.828,c/kWh,1.593,49.2427,NUoS,NUoS,AER,DNSP,sources/aer/AER_Consolidated_stakeholder_report_2025-26_v5.xlsx,https://www.aer.gov.au/system/files/2025-05/AER%20-%20Consolidated%20stakeholder%20report%202025%E2%80%9326%20v5%C2%A0.xlsx,sources/dnsp/evoenergy/Evoenergy_Schedule_of_Charges_2025-26_incl_LFiT_May2025.xlsx,https://www.evoenergy.com.au/-/media/Project/Evoenergy/EVO/Documents/Electricity/Evoenergy-2025-26-Schedule-of-Charges-incl-LFiT--May-2025.xlsx?rev=178187e94c114445b7b112b1b9dab0db&hash=60625602851A906E9A81A47656BF459D,Residential TOU Network (closed) XMC*,Off-peak Energy,"code differs (015, 016* vs 016); matched by code alias; distributor schedule includes the ACT LFiT scheme amount; AER file excludes it",aer_id=TD-EVO26res-TOU; LFiT included (uniform adder of 1.593 c/kWh applied to c/kWh consumption charges per document); Rate column (network charge excluding metering; 'Rate + metering' column not emitted); sheet 'Network tariffs'; closed to new customers; XMC tariff excludes metering charges; applicability: 10pm-7am every day
Evoenergy,2025-26,value_differs,jurisdictional_scheme,"015, 016*",Residential TOU,Energy consumption at off-peak times,3.235,cents/kWh,4.828,c/kWh,3.235,4.828,c/kWh,1.593,49.2427,NUoS,NUoS,AER,DNSP,sources/aer/AER_Consolidated_stakeholder_report_2025-26_v5.xlsx,https://www.aer.gov.au/system/files/2025-05/AER%20-%20Consolidated%20stakeholder%20report%202025%E2%80%9326%20v5%C2%A0.xlsx,sources/dnsp/evoenergy/Evoenergy_Schedule_of_Charges_2025-26_incl_LFiT_May2025.xlsx,https://www.evoenergy.com.au/-/media/Project/Evoenergy/EVO/Documents/Electricity/Evoenergy-2025-26-Schedule-of-Charges-incl-LFiT--May-2025.xlsx?rev=178187e94c114445b7b112b1b9dab0db&hash=60625602851A906E9A81A47656BF459D,Residential TOU Network (closed),Off-peak Energy,"AER lists codes jointly (015, 016*); distributor publishes 015 separately - compared against the joint AER row; distributor schedule includes the ACT LFiT scheme amount; AER file excludes it",aer_id=TD-EVO26res-TOU; LFiT included (uniform adder of 1.593 c/kWh applied to c/kWh consumption charges per document); Rate column (network charge excluding metering; 'Rate + metering' column not emitted); sheet 'Network tariffs'; closed to new customers; applicability: 10pm-7am every day
Evoenergy,2025-26,value_differs,jurisdictional_scheme,"023, 024*",New residential demand,Energy consumption at off-peak times,3.648,cents/kWh,5.241,c/kWh,3.648,5.241,c/kWh,1.593,43.6678,NUoS,NUoS,AER,DNSP,sources/aer/AER_Consolidated_stakeholder_report_2025-26_v5.xlsx,https://www.aer.gov.au/system/files/2025-05/AER%20-%20Consolidated%20stakeholder%20report%202025%E2%80%9326%20v5%C2%A0.xlsx,sources/dnsp/evoenergy/Evoenergy_Schedule_of_Charges_2025-26_incl_LFiT_May2025.xlsx,https://www.evoenergy.com.au/-/media/Project/Evoenergy/EVO/Documents/Electricity/Evoenergy-2025-26-Schedule-of-Charges-incl-LFiT--May-2025.xlsx?rev=178187e94c114445b7b112b1b9dab0db&hash=60625602851A906E9A81A47656BF459D,New Residential Demand Network,Off-peak Energy,"code differs (023, 024* vs 023); matched by code alias; distributor schedule includes the ACT LFiT scheme amount; AER file excludes it",aer_id=TD-EVO26res-Dmd2; LFiT included (uniform adder of 1.593 c/kWh applied to c/kWh consumption charges per document); Rate column (network charge excluding metering; 'Rate + metering' column not emitted); sheet 'Network tariffs'; applicability: 3pm-11am every day
Evoenergy,2025-26,value_differs,jurisdictional_scheme,"023, 024*",New residential demand,Energy consumption at off-peak times,3.648,cents/kWh,5.241,c/kWh,3.648,5.241,c/kWh,1.593,43.6678,NUoS,NUoS,AER,DNSP,sources/aer/AER_Consolidated_stakeholder_report_2025-26_v5.xlsx,https://www.aer.gov.au/system/files/2025-05/AER%20-%20Consolidated%20stakeholder%20report%202025%E2%80%9326%20v5%C2%A0.xlsx,sources/dnsp/evoenergy/Evoenergy_Schedule_of_Charges_2025-26_incl_LFiT_May2025.xlsx,https://www.evoenergy.com.au/-/media/Project/Evoenergy/EVO/Documents/Electricity/Evoenergy-2025-26-Schedule-of-Charges-incl-LFiT--May-2025.xlsx?rev=178187e94c114445b7b112b1b9dab0db&hash=60625602851A906E9A81A47656BF459D,New Residential Demand Network XMC*,Off-peak Energy,"AER lists codes jointly (023, 024*); distributor publishes 024 separately - compared against the joint AER row; distributor schedule includes the ACT LFiT scheme amount; AER file excludes it",aer_id=TD-EVO26res-Dmd2; LFiT included (uniform adder of 1.593 c/kWh applied to c/kWh consumption charges per document); Rate column (network charge excluding metering; 'Rate + metering' column not emitted); sheet 'Network tariffs'; XMC tariff excludes metering charges; applicability: 3pm-11am every day
Evoenergy,2025-26,value_differs,jurisdictional_scheme,121,HV TOU Demand Network – Customer LV,Energy consumption at peak times,4.026,cents/kWh,5.619,c/kWh,4.026,5.619,c/kWh,1.593,39.5678,NUoS,NUoS,AER,DNSP,sources/aer/AER_Consolidated_stakeholder_report_2025-26_v5.xlsx,https://www.aer.gov.au/system/files/2025-05/AER%20-%20Consolidated%20stakeholder%20report%202025%E2%80%9326%20v5%C2%A0.xlsx,sources/dnsp/evoenergy/Evoenergy_Schedule_of_Charges_2025-26_incl_LFiT_May2025.xlsx,https://www.evoenergy.com.au/-/media/Project/Evoenergy/EVO/Documents/Electricity/Evoenergy-2025-26-Schedule-of-Charges-incl-LFiT--May-2025.xlsx?rev=178187e94c114445b7b112b1b9dab0db&hash=60625602851A906E9A81A47656BF459D,HV TOU Demand Network – Customer LV (closed),Peak Energy,distributor schedule includes the ACT LFiT scheme amount; AER file excludes it,aer_id=TD-EVO26oth-DmdHVCommLV; LFiT included (uniform adder of 1.593 c/kWh applied to c/kWh consumption charges per document); Rate column (network charge excluding metering; 'Rate + metering' column not emitted); sheet 'Network tariffs'; closed to new customers; applicability: 7am-5pm weekdays
Evoenergy,2025-26,value_differs,jurisdictional_scheme,122,HV TOU Demand Network – Customer LV & HV,Energy consumption at peak times,4.026,cents/kWh,5.619,c/kWh,4.026,5.619,c/kWh,1.593,39.5678,NUoS,NUoS,AER,DNSP,sources/aer/AER_Consolidated_stakeholder_report_2025-26_v5.xlsx,https://www.aer.gov.au/system/files/2025-05/AER%20-%20Consolidated%20stakeholder%20report%202025%E2%80%9326%20v5%C2%A0.xlsx,sources/dnsp/evoenergy/Evoenergy_Schedule_of_Charges_2025-26_incl_LFiT_May2025.xlsx,https://www.evoenergy.com.au/-/media/Project/Evoenergy/EVO/Documents/Electricity/Evoenergy-2025-26-Schedule-of-Charges-incl-LFiT--May-2025.xlsx?rev=178187e94c114445b7b112b1b9dab0db&hash=60625602851A906E9A81A47656BF459D,HV TOU Demand Network – Customer HV and LV,Peak Energy,distributor schedule includes the ACT LFiT scheme amount; AER file excludes it,aer_id=TD-EVO26oth-DmdHVCommHV; LFiT included (uniform adder of 1.593 c/kWh applied to c/kWh consumption charges per document); Rate column (network charge excluding metering; 'Rate + metering' column not emitted); sheet 'Network tariffs'; applicability: 7am-5pm weekdays
Evoenergy,2025-26,value_differs,jurisdictional_scheme,"103, 105*",LV TOU Capacity,Energy consumption at shoulder times,4.067,cents/kWh,5.66,c/kWh,4.067,5.66,c/kWh,1.593,39.1689,NUoS,NUoS,AER,DNSP,sources/aer/AER_Consolidated_stakeholder_report_2025-26_v5.xlsx,https://www.aer.gov.au/system/files/2025-05/AER%20-%20Consolidated%20stakeholder%20report%202025%E2%80%9326%20v5%C2%A0.xlsx,sources/dnsp/evoenergy/Evoenergy_Schedule_of_Charges_2025-26_incl_LFiT_May2025.xlsx,https://www.evoenergy.com.au/-/media/Project/Evoenergy/EVO/Documents/Electricity/Evoenergy-2025-26-Schedule-of-Charges-incl-LFiT--May-2025.xlsx?rev=178187e94c114445b7b112b1b9dab0db&hash=60625602851A906E9A81A47656BF459D,LV TOU Capacity Network XMC*,Shoulder Energy,"code differs (103, 105* vs 105); matched by code alias; distributor schedule includes the ACT LFiT scheme amount; AER file excludes it",aer_id=TD-EVO26oth-Cap; LFiT included (uniform adder of 1.593 c/kWh applied to c/kWh consumption charges per document); Rate column (network charge excluding metering; 'Rate + metering' column not emitted); sheet 'Network tariffs'; XMC tariff excludes metering charges; applicability: 5pm-10pm weekdays
Evoenergy,2025-26,value_differs,jurisdictional_scheme,"103, 105*",LV TOU Capacity,Energy consumption at shoulder times,4.067,cents/kWh,5.66,c/kWh,4.067,5.66,c/kWh,1.593,39.1689,NUoS,NUoS,AER,DNSP,sources/aer/AER_Consolidated_stakeholder_report_2025-26_v5.xlsx,https://www.aer.gov.au/system/files/2025-05/AER%20-%20Consolidated%20stakeholder%20report%202025%E2%80%9326%20v5%C2%A0.xlsx,sources/dnsp/evoenergy/Evoenergy_Schedule_of_Charges_2025-26_incl_LFiT_May2025.xlsx,https://www.evoenergy.com.au/-/media/Project/Evoenergy/EVO/Documents/Electricity/Evoenergy-2025-26-Schedule-of-Charges-incl-LFiT--May-2025.xlsx?rev=178187e94c114445b7b112b1b9dab0db&hash=60625602851A906E9A81A47656BF459D,LV TOU Capacity Network,Shoulder Energy,"AER lists codes jointly (103, 105*); distributor publishes 103 separately - compared against the joint AER row; distributor schedule includes the ACT LFiT scheme amount; AER file excludes it",aer_id=TD-EVO26oth-Cap; LFiT included (uniform adder of 1.593 c/kWh applied to c/kWh consumption charges per document); Rate column (network charge excluding metering; 'Rate + metering' column not emitted); sheet 'Network tariffs'; applicability: 5pm-10pm weekdays
Evoenergy,2025-26,value_differs,jurisdictional_scheme,"017, 018*",New residential TOU,Energy consumption at off-peak times,4.072,cents/kWh,5.665,c/kWh,4.072,5.665,c/kWh,1.593,39.1208,NUoS,NUoS,AER,DNSP,sources/aer/AER_Consolidated_stakeholder_report_2025-26_v5.xlsx,https://www.aer.gov.au/system/files/2025-05/AER%20-%20Consolidated%20stakeholder%20report%202025%E2%80%9326%20v5%C2%A0.xlsx,sources/dnsp/evoenergy/Evoenergy_Schedule_of_Charges_2025-26_incl_LFiT_May2025.xlsx,https://www.evoenergy.com.au/-/media/Project/Evoenergy/EVO/Documents/Electricity/Evoenergy-2025-26-Schedule-of-Charges-incl-LFiT--May-2025.xlsx?rev=178187e94c114445b7b112b1b9dab0db&hash=60625602851A906E9A81A47656BF459D,New Residential TOU Network,Off-peak Energy,"code differs (017, 018* vs 017); matched by code alias; distributor schedule includes the ACT LFiT scheme amount; AER file excludes it","aer_id=TD-EVO26res-TOU2; LFiT included (uniform adder of 1.593 c/kWh applied to c/kWh consumption charges per document); Rate column (network charge excluding metering; 'Rate + metering' column not emitted); sheet 'Network tariffs'; applicability: 9pm-7am, 9am-11am and 3pm-5pm every day"
Evoenergy,2025-26,value_differs,jurisdictional_scheme,"017, 018*",New residential TOU,Energy consumption at off-peak times,4.072,cents/kWh,5.665,c/kWh,4.072,5.665,c/kWh,1.593,39.1208,NUoS,NUoS,AER,DNSP,sources/aer/AER_Consolidated_stakeholder_report_2025-26_v5.xlsx,https://www.aer.gov.au/system/files/2025-05/AER%20-%20Consolidated%20stakeholder%20report%202025%E2%80%9326%20v5%C2%A0.xlsx,sources/dnsp/evoenergy/Evoenergy_Schedule_of_Charges_2025-26_incl_LFiT_May2025.xlsx,https://www.evoenergy.com.au/-/media/Project/Evoenergy/EVO/Documents/Electricity/Evoenergy-2025-26-Schedule-of-Charges-incl-LFiT--May-2025.xlsx?rev=178187e94c114445b7b112b1b9dab0db&hash=60625602851A906E9A81A47656BF459D,New Residential TOU Network XMC*,Off-peak Energy,"AER lists codes jointly (017, 018*); distributor publishes 018 separately - compared against the joint AER row; distributor schedule includes the ACT LFiT scheme amount; AER file excludes it","aer_id=TD-EVO26res-TOU2; LFiT included (uniform adder of 1.593 c/kWh applied to c/kWh consumption charges per document); Rate column (network charge excluding metering; 'Rate + metering' column not emitted); sheet 'Network tariffs'; XMC tariff excludes metering charges; applicability: 9pm-7am, 9am-11am and 3pm-5pm every day"
Evoenergy,2025-26,value_differs,jurisdictional_scheme,"030, 031*",Residential with Heat Pump,Energy consumption for first block,4.236,cents/kWh,5.829,c/kWh,4.236,5.829,c/kWh,1.593,37.6062,NUoS,NUoS,AER,DNSP,sources/aer/AER_Consolidated_stakeholder_report_2025-26_v5.xlsx,https://www.aer.gov.au/system/files/2025-05/AER%20-%20Consolidated%20stakeholder%20report%202025%E2%80%9326%20v5%C2%A0.xlsx,sources/dnsp/evoenergy/Evoenergy_Schedule_of_Charges_2025-26_incl_LFiT_May2025.xlsx,https://www.evoenergy.com.au/-/media/Project/Evoenergy/EVO/Documents/Electricity/Evoenergy-2025-26-Schedule-of-Charges-incl-LFiT--May-2025.xlsx?rev=178187e94c114445b7b112b1b9dab0db&hash=60625602851A906E9A81A47656BF459D,Residential with Heat Pump Network (closed),Anytime Energy - Block 1,"code differs (030, 031* vs 030); matched by code alias; distributor schedule includes the ACT LFiT scheme amount; AER file excludes it","aer_id=TD-EVO26res-BlkHP; LFiT included (uniform adder of 1.593 c/kWh applied to c/kWh consumption charges per document); Rate column (network charge excluding metering; 'Rate + metering' column not emitted); sheet 'Network tariffs'; closed to new customers; applicability: Applies for the first 165kWh per day, every day"
Evoenergy,2025-26,value_differs,jurisdictional_scheme,"030, 031*",Residential with Heat Pump,Energy consumption for first block,4.236,cents/kWh,5.829,c/kWh,4.236,5.829,c/kWh,1.593,37.6062,NUoS,NUoS,AER,DNSP,sources/aer/AER_Consolidated_stakeholder_report_2025-26_v5.xlsx,https://www.aer.gov.au/system/files/2025-05/AER%20-%20Consolidated%20stakeholder%20report%202025%E2%80%9326%20v5%C2%A0.xlsx,sources/dnsp/evoenergy/Evoenergy_Schedule_of_Charges_2025-26_incl_LFiT_May2025.xlsx,https://www.evoenergy.com.au/-/media/Project/Evoenergy/EVO/Documents/Electricity/Evoenergy-2025-26-Schedule-of-Charges-incl-LFiT--May-2025.xlsx?rev=178187e94c114445b7b112b1b9dab0db&hash=60625602851A906E9A81A47656BF459D,Residential with Heat Pump Network (closed) XMC*,Anytime Energy - Block 1,"AER lists codes jointly (030, 031*); distributor publishes 031 separately - compared against the joint AER row; distributor schedule includes the ACT LFiT scheme amount; AER file excludes it","aer_id=TD-EVO26res-BlkHP; LFiT included (uniform adder of 1.593 c/kWh applied to c/kWh consumption charges per document); Rate column (network charge excluding metering; 'Rate + metering' column not emitted); sheet 'Network tariffs'; closed to new customers; XMC tariff excludes metering charges; applicability: Applies for the first 165kWh per day, every day"
Evoenergy,2025-26,value_differs,jurisdictional_scheme,"101, 104*",LV TOU kVA Demand,Energy consumption at shoulder times,4.385,cents/kWh,5.978,c/kWh,4.385,5.978,c/kWh,1.593,36.3284,NUoS,NUoS,AER,DNSP,sources/aer/AER_Consolidated_stakeholder_report_2025-26_v5.xlsx,https://www.aer.gov.au/system/files/2025-05/AER%20-%20Consolidated%20stakeholder%20report%202025%E2%80%9326%20v5%C2%A0.xlsx,sources/dnsp/evoenergy/Evoenergy_Schedule_of_Charges_2025-26_incl_LFiT_May2025.xlsx,https://www.evoenergy.com.au/-/media/Project/Evoenergy/EVO/Documents/Electricity/Evoenergy-2025-26-Schedule-of-Charges-incl-LFiT--May-2025.xlsx?rev=178187e94c114445b7b112b1b9dab0db&hash=60625602851A906E9A81A47656BF459D,LV TOU kVA Demand Network XMC*,Shoulder Energy,"code differs (101, 104* vs 104); matched by code alias; distributor schedule includes the ACT LFiT scheme amount; AER file excludes it",aer_id=TD-EVO26oth-Dmd; LFiT included (uniform adder of 1.593 c/kWh applied to c/kWh consumption charges per document); Rate column (network charge excluding metering; 'Rate + metering' column not emitted); sheet 'Network tariffs'; XMC tariff excludes metering charges; applicability: 5pm-10pm weekdays
Evoenergy,2025-26,value_differs,jurisdictional_scheme,"101, 104*",LV TOU kVA Demand,Energy consumption at shoulder times,4.385,cents/kWh,5.978,c/kWh,4.385,5.978,c/kWh,1.593,36.3284,NUoS,NUoS,AER,DNSP,sources/aer/AER_Consolidated_stakeholder_report_2025-26_v5.xlsx,https://www.aer.gov.au/system/files/2025-05/AER%20-%20Consolidated%20stakeholder%20report%202025%E2%80%9326%20v5%C2%A0.xlsx,sources/dnsp/evoenergy/Evoenergy_Schedule_of_Charges_2025-26_incl_LFiT_May2025.xlsx,https://www.evoenergy.com.au/-/media/Project/Evoenergy/EVO/Documents/Electricity/Evoenergy-2025-26-Schedule-of-Charges-incl-LFiT--May-2025.xlsx?rev=178187e94c114445b7b112b1b9dab0db&hash=60625602851A906E9A81A47656BF459D,LV TOU kVA Demand Network,Shoulder Energy,"AER lists codes jointly (101, 104*); distributor publishes 101 separately - compared against the joint AER row; distributor schedule includes the ACT LFiT scheme amount; AER file excludes it",aer_id=TD-EVO26oth-Dmd; LFiT included (uniform adder of 1.593 c/kWh applied to c/kWh consumption charges per document); Rate column (network charge excluding metering; 'Rate + metering' column not emitted); sheet 'Network tariffs'; applicability: 5pm-10pm weekdays
Evoenergy,2025-26,value_differs,jurisdictional_scheme,"090, 091*",General TOU,Energy consumption at off-peak times,5.512,cents/kWh,7.105,c/kWh,5.512,7.105,c/kWh,1.593,28.9006,NUoS,NUoS,AER,DNSP,sources/aer/AER_Consolidated_stakeholder_report_2025-26_v5.xlsx,https://www.aer.gov.au/system/files/2025-05/AER%20-%20Consolidated%20stakeholder%20report%202025%E2%80%9326%20v5%C2%A0.xlsx,sources/dnsp/evoenergy/Evoenergy_Schedule_of_Charges_2025-26_incl_LFiT_May2025.xlsx,https://www.evoenergy.com.au/-/media/Project/Evoenergy/EVO/Documents/Electricity/Evoenergy-2025-26-Schedule-of-Charges-incl-LFiT--May-2025.xlsx?rev=178187e94c114445b7b112b1b9dab0db&hash=60625602851A906E9A81A47656BF459D,General TOU Network,Off-peak Energy,"code differs (090, 091* vs 090); matched by code alias; distributor schedule includes the ACT LFiT scheme amount; AER file excludes it",aer_id=TD-EVO26smb-TOU; LFiT included (uniform adder of 1.593 c/kWh applied to c/kWh consumption charges per document); Rate column (network charge excluding metering; 'Rate + metering' column not emitted); sheet 'Network tariffs'; applicability: All other times
Evoenergy,2025-26,value_differs,jurisdictional_scheme,"090, 091*",General TOU,Energy consumption at off-peak times,5.512,cents/kWh,7.105,c/kWh,5.512,7.105,c/kWh,1.593,28.9006,NUoS,NUoS,AER,DNSP,sources/aer/AER_Consolidated_stakeholder_report_2025-26_v5.xlsx,https://www.aer.gov.au/system/files/2025-05/AER%20-%20Consolidated%20stakeholder%20report%202025%E2%80%9326%20v5%C2%A0.xlsx,sources/dnsp/evoenergy/Evoenergy_Schedule_of_Charges_2025-26_incl_LFiT_May2025.xlsx,https://www.evoenergy.com.au/-/media/Project/Evoenergy/EVO/Documents/Electricity/Evoenergy-2025-26-Schedule-of-Charges-incl-LFiT--May-2025.xlsx?rev=178187e94c114445b7b112b1b9dab0db&hash=60625602851A906E9A81A47656BF459D,General TOU Network XMC*,Off-peak Energy,"AER lists codes jointly (090, 091*); distributor publishes 091 separately - compared against the joint AER row; distributor schedule includes the ACT LFiT scheme amount; AER file excludes it",aer_id=TD-EVO26smb-TOU; LFiT included (uniform adder of 1.593 c/kWh applied to c/kWh consumption charges per document); Rate column (network charge excluding metering; 'Rate + metering' column not emitted); sheet 'Network tariffs'; XMC tariff excludes metering charges; applicability: All other times
Evoenergy,2025-26,value_differs,jurisdictional_scheme,"106, 107*",LV KW Demand,Anytime energy consumption charge,6.107,cents/kWh,7.7,c/kWh,6.107,7.7,c/kWh,1.593,26.0848,NUoS,NUoS,AER,DNSP,sources/aer/AER_Consolidated_stakeholder_report_2025-26_v5.xlsx,https://www.aer.gov.au/system/files/2025-05/AER%20-%20Consolidated%20stakeholder%20report%202025%E2%80%9326%20v5%C2%A0.xlsx,sources/dnsp/evoenergy/Evoenergy_Schedule_of_Charges_2025-26_incl_LFiT_May2025.xlsx,https://www.evoenergy.com.au/-/media/Project/Evoenergy/EVO/Documents/Electricity/Evoenergy-2025-26-Schedule-of-Charges-incl-LFiT--May-2025.xlsx?rev=178187e94c114445b7b112b1b9dab0db&hash=60625602851A906E9A81A47656BF459D,LV Demand Network,Anytime Energy,"code differs (106, 107* vs 106); matched by code alias; distributor schedule includes the ACT LFiT scheme amount; AER file excludes it",aer_id=TD-EVO26smb-Dmd; LFiT included (uniform adder of 1.593 c/kWh applied to c/kWh consumption charges per document); Rate column (network charge excluding metering; 'Rate + metering' column not emitted); sheet 'Network tariffs'; applicability: Any time
Evoenergy,2025-26,value_differs,jurisdictional_scheme,"106, 107*",LV KW Demand,Anytime energy consumption charge,6.107,cents/kWh,7.7,c/kWh,6.107,7.7,c/kWh,1.593,26.0848,NUoS,NUoS,AER,DNSP,sources/aer/AER_Consolidated_stakeholder_report_2025-26_v5.xlsx,https://www.aer.gov.au/system/files/2025-05/AER%20-%20Consolidated%20stakeholder%20report%202025%E2%80%9326%20v5%C2%A0.xlsx,sources/dnsp/evoenergy/Evoenergy_Schedule_of_Charges_2025-26_incl_LFiT_May2025.xlsx,https://www.evoenergy.com.au/-/media/Project/Evoenergy/EVO/Documents/Electricity/Evoenergy-2025-26-Schedule-of-Charges-incl-LFiT--May-2025.xlsx?rev=178187e94c114445b7b112b1b9dab0db&hash=60625602851A906E9A81A47656BF459D,LV Demand Network XMC*,Anytime Energy,"AER lists codes jointly (106, 107*); distributor publishes 107 separately - compared against the joint AER row; distributor schedule includes the ACT LFiT scheme amount; AER file excludes it",aer_id=TD-EVO26smb-Dmd; LFiT included (uniform adder of 1.593 c/kWh applied to c/kWh consumption charges per document); Rate column (network charge excluding metering; 'Rate + metering' column not emitted); sheet 'Network tariffs'; XMC tariff excludes metering charges; applicability: Any time
Evoenergy,2025-26,value_differs,jurisdictional_scheme,"020, 021*",Residential 5000,Energy consumption for first block,6.307,cents/kWh,7.9,c/kWh,6.307,7.9,c/kWh,1.593,25.2577,NUoS,NUoS,AER,DNSP,sources/aer/AER_Consolidated_stakeholder_report_2025-26_v5.xlsx,https://www.aer.gov.au/system/files/2025-05/AER%20-%20Consolidated%20stakeholder%20report%202025%E2%80%9326%20v5%C2%A0.xlsx,sources/dnsp/evoenergy/Evoenergy_Schedule_of_Charges_2025-26_incl_LFiT_May2025.xlsx,https://www.evoenergy.com.au/-/media/Project/Evoenergy/EVO/Documents/Electricity/Evoenergy-2025-26-Schedule-of-Charges-incl-LFiT--May-2025.xlsx?rev=178187e94c114445b7b112b1b9dab0db&hash=60625602851A906E9A81A47656BF459D,Residential 5000 Network (closed),Anytime Energy - Block 1,"code differs (020, 021* vs 020); matched by code alias; distributor schedule includes the ACT LFiT scheme amount; AER file excludes it","aer_id=TD-EVO26res-Blk; LFiT included (uniform adder of 1.593 c/kWh applied to c/kWh consumption charges per document); Rate column (network charge excluding metering; 'Rate + metering' column not emitted); sheet 'Network tariffs'; closed to new customers; applicability: Applies for the first 60 kWh per day, every day"
Evoenergy,2025-26,value_differs,jurisdictional_scheme,"020, 021*",Residential 5000,Energy consumption for first block,6.307,cents/kWh,7.9,c/kWh,6.307,7.9,c/kWh,1.593,25.2577,NUoS,NUoS,AER,DNSP,sources/aer/AER_Consolidated_stakeholder_report_2025-26_v5.xlsx,https://www.aer.gov.au/system/files/2025-05/AER%20-%20Consolidated%20stakeholder%20report%202025%E2%80%9326%20v5%C2%A0.xlsx,sources/dnsp/evoenergy/Evoenergy_Schedule_of_Charges_2025-26_incl_LFiT_May2025.xlsx,https://www.evoenergy.com.au/-/media/Project/Evoenergy/EVO/Documents/Electricity/Evoenergy-2025-26-Schedule-of-Charges-incl-LFiT--May-2025.xlsx?rev=178187e94c114445b7b112b1b9dab0db&hash=60625602851A906E9A81A47656BF459D,Residential 5000 Network (closed) XMC*,Anytime Energy - Block 1,"AER lists codes jointly (020, 021*); distributor publishes 021 separately - compared against the joint AER row; distributor schedule includes the ACT LFiT scheme amount; AER file excludes it","aer_id=TD-EVO26res-Blk; LFiT included (uniform adder of 1.593 c/kWh applied to c/kWh consumption charges per document); Rate column (network charge excluding metering; 'Rate + metering' column not emitted); sheet 'Network tariffs'; closed to new customers; XMC tariff excludes metering charges; applicability: Applies for the first 60 kWh per day, every day"
Evoenergy,2025-26,value_differs,jurisdictional_scheme,"015, 016*",Residential TOU,Energy consumption at shoulder times,6.606,cents/kWh,8.199,c/kWh,6.606,8.199,c/kWh,1.593,24.1144,NUoS,NUoS,AER,DNSP,sources/aer/AER_Consolidated_stakeholder_report_2025-26_v5.xlsx,https://www.aer.gov.au/system/files/2025-05/AER%20-%20Consolidated%20stakeholder%20report%202025%E2%80%9326%20v5%C2%A0.xlsx,sources/dnsp/evoenergy/Evoenergy_Schedule_of_Charges_2025-26_incl_LFiT_May2025.xlsx,https://www.evoenergy.com.au/-/media/Project/Evoenergy/EVO/Documents/Electricity/Evoenergy-2025-26-Schedule-of-Charges-incl-LFiT--May-2025.xlsx?rev=178187e94c114445b7b112b1b9dab0db&hash=60625602851A906E9A81A47656BF459D,Residential TOU Network (closed) XMC*,Shoulder Energy,"code differs (015, 016* vs 016); matched by code alias; distributor schedule includes the ACT LFiT scheme amount; AER file excludes it",aer_id=TD-EVO26res-TOU; LFiT included (uniform adder of 1.593 c/kWh applied to c/kWh consumption charges per document); Rate column (network charge excluding metering; 'Rate + metering' column not emitted); sheet 'Network tariffs'; closed to new customers; XMC tariff excludes metering charges; applicability: 9am-5pm and 8pm-10pm every day
Evoenergy,2025-26,value_differs,jurisdictional_scheme,"015, 016*",Residential TOU,Energy consumption at shoulder times,6.606,cents/kWh,8.199,c/kWh,6.606,8.199,c/kWh,1.593,24.1144,NUoS,NUoS,AER,DNSP,sources/aer/AER_Consolidated_stakeholder_report_2025-26_v5.xlsx,https://www.aer.gov.au/system/files/2025-05/AER%20-%20Consolidated%20stakeholder%20report%202025%E2%80%9326%20v5%C2%A0.xlsx,sources/dnsp/evoenergy/Evoenergy_Schedule_of_Charges_2025-26_incl_LFiT_May2025.xlsx,https://www.evoenergy.com.au/-/media/Project/Evoenergy/EVO/Documents/Electricity/Evoenergy-2025-26-Schedule-of-Charges-incl-LFiT--May-2025.xlsx?rev=178187e94c114445b7b112b1b9dab0db&hash=60625602851A906E9A81A47656BF459D,Residential TOU Network (closed),Shoulder Energy,"AER lists codes jointly (015, 016*); distributor publishes 015 separately - compared against the joint AER row; distributor schedule includes the ACT LFiT scheme amount; AER file excludes it",aer_id=TD-EVO26res-TOU; LFiT included (uniform adder of 1.593 c/kWh applied to c/kWh consumption charges per document); Rate column (network charge excluding metering; 'Rate + metering' column not emitted); sheet 'Network tariffs'; closed to new customers; applicability: 9am-5pm and 8pm-10pm every day
Evoenergy,2025-26,value_differs,jurisdictional_scheme,"103, 105*",LV TOU Capacity,Energy consumption at peak times,7.371,cents/kWh,8.964,c/kWh,7.371,8.964,c/kWh,1.593,21.6117,NUoS,NUoS,AER,DNSP,sources/aer/AER_Consolidated_stakeholder_report_2025-26_v5.xlsx,https://www.aer.gov.au/system/files/2025-05/AER%20-%20Consolidated%20stakeholder%20report%202025%E2%80%9326%20v5%C2%A0.xlsx,sources/dnsp/evoenergy/Evoenergy_Schedule_of_Charges_2025-26_incl_LFiT_May2025.xlsx,https://www.evoenergy.com.au/-/media/Project/Evoenergy/EVO/Documents/Electricity/Evoenergy-2025-26-Schedule-of-Charges-incl-LFiT--May-2025.xlsx?rev=178187e94c114445b7b112b1b9dab0db&hash=60625602851A906E9A81A47656BF459D,LV TOU Capacity Network XMC*,Peak Energy,"code differs (103, 105* vs 105); matched by code alias; distributor schedule includes the ACT LFiT scheme amount; AER file excludes it",aer_id=TD-EVO26oth-Cap; LFiT included (uniform adder of 1.593 c/kWh applied to c/kWh consumption charges per document); Rate column (network charge excluding metering; 'Rate + metering' column not emitted); sheet 'Network tariffs'; XMC tariff excludes metering charges; applicability: 7am-5pm weekdays
Evoenergy,2025-26,value_differs,jurisdictional_scheme,"103, 105*",LV TOU Capacity,Energy consumption at peak times,7.371,cents/kWh,8.964,c/kWh,7.371,8.964,c/kWh,1.593,21.6117,NUoS,NUoS,AER,DNSP,sources/aer/AER_Consolidated_stakeholder_report_2025-26_v5.xlsx,https://www.aer.gov.au/system/files/2025-05/AER%20-%20Consolidated%20stakeholder%20report%202025%E2%80%9326%20v5%C2%A0.xlsx,sources/dnsp/evoenergy/Evoenergy_Schedule_of_Charges_2025-26_incl_LFiT_May2025.xlsx,https://www.evoenergy.com.au/-/media/Project/Evoenergy/EVO/Documents/Electricity/Evoenergy-2025-26-Schedule-of-Charges-incl-LFiT--May-2025.xlsx?rev=178187e94c114445b7b112b1b9dab0db&hash=60625602851A906E9A81A47656BF459D,LV TOU Capacity Network,Peak Energy,"AER lists codes jointly (103, 105*); distributor publishes 103 separately - compared against the joint AER row; distributor schedule includes the ACT LFiT scheme amount; AER file excludes it",aer_id=TD-EVO26oth-Cap; LFiT included (uniform adder of 1.593 c/kWh applied to c/kWh consumption charges per document); Rate column (network charge excluding metering; 'Rate + metering' column not emitted); sheet 'Network tariffs'; applicability: 7am-5pm weekdays
Evoenergy,2025-26,value_differs,jurisdictional_scheme,"020, 021*",Residential 5000,Energy consumption for second block,7.659,cents/kWh,9.252,c/kWh,7.659,9.252,c/kWh,1.593,20.7991,NUoS,NUoS,AER,DNSP,sources/aer/AER_Consolidated_stakeholder_report_2025-26_v5.xlsx,https://www.aer.gov.au/system/files/2025-05/AER%20-%20Consolidated%20stakeholder%20report%202025%E2%80%9326%20v5%C2%A0.xlsx,sources/dnsp/evoenergy/Evoenergy_Schedule_of_Charges_2025-26_incl_LFiT_May2025.xlsx,https://www.evoenergy.com.au/-/media/Project/Evoenergy/EVO/Documents/Electricity/Evoenergy-2025-26-Schedule-of-Charges-incl-LFiT--May-2025.xlsx?rev=178187e94c114445b7b112b1b9dab0db&hash=60625602851A906E9A81A47656BF459D,Residential 5000 Network (closed),Anytime Energy - Block 2,"code differs (020, 021* vs 020); matched by code alias; distributor schedule includes the ACT LFiT scheme amount; AER file excludes it","aer_id=TD-EVO26res-Blk; LFiT included (uniform adder of 1.593 c/kWh applied to c/kWh consumption charges per document); Rate column (network charge excluding metering; 'Rate + metering' column not emitted); sheet 'Network tariffs'; closed to new customers; applicability: Applies to energy above 60 kWh per day, every day"
Evoenergy,2025-26,value_differs,jurisdictional_scheme,"020, 021*",Residential 5000,Energy consumption for second block,7.659,cents/kWh,9.252,c/kWh,7.659,9.252,c/kWh,1.593,20.7991,NUoS,NUoS,AER,DNSP,sources/aer/AER_Consolidated_stakeholder_report_2025-26_v5.xlsx,https://www.aer.gov.au/system/files/2025-05/AER%20-%20Consolidated%20stakeholder%20report%202025%E2%80%9326%20v5%C2%A0.xlsx,sources/dnsp/evoenergy/Evoenergy_Schedule_of_Charges_2025-26_incl_LFiT_May2025.xlsx,https://www.evoenergy.com.au/-/media/Project/Evoenergy/EVO/Documents/Electricity/Evoenergy-2025-26-Schedule-of-Charges-incl-LFiT--May-2025.xlsx?rev=178187e94c114445b7b112b1b9dab0db&hash=60625602851A906E9A81A47656BF459D,Residential 5000 Network (closed) XMC*,Anytime Energy - Block 2,"AER lists codes jointly (020, 021*); distributor publishes 021 separately - compared against the joint AER row; distributor schedule includes the ACT LFiT scheme amount; AER file excludes it","aer_id=TD-EVO26res-Blk; LFiT included (uniform adder of 1.593 c/kWh applied to c/kWh consumption charges per document); Rate column (network charge excluding metering; 'Rate + metering' column not emitted); sheet 'Network tariffs'; closed to new customers; XMC tariff excludes metering charges; applicability: Applies to energy above 60 kWh per day, every day"
Evoenergy,2025-26,value_differs,jurisdictional_scheme,"101, 104*",LV TOU kVA Demand,Energy consumption at peak times,7.951,cents/kWh,9.544,c/kWh,7.951,9.544,c/kWh,1.593,20.0352,NUoS,NUoS,AER,DNSP,sources/aer/AER_Consolidated_stakeholder_report_2025-26_v5.xlsx,https://www.aer.gov.au/system/files/2025-05/AER%20-%20Consolidated%20stakeholder%20report%202025%E2%80%9326%20v5%C2%A0.xlsx,sources/dnsp/evoenergy/Evoenergy_Schedule_of_Charges_2025-26_incl_LFiT_May2025.xlsx,https://www.evoenergy.com.au/-/media/Project/Evoenergy/EVO/Documents/Electricity/Evoenergy-2025-26-Schedule-of-Charges-incl-LFiT--May-2025.xlsx?rev=178187e94c114445b7b112b1b9dab0db&hash=60625602851A906E9A81A47656BF459D,LV TOU kVA Demand Network XMC*,Peak Energy,"code differs (101, 104* vs 104); matched by code alias; distributor schedule includes the ACT LFiT scheme amount; AER file excludes it",aer_id=TD-EVO26oth-Dmd; LFiT included (uniform adder of 1.593 c/kWh applied to c/kWh consumption charges per document); Rate column (network charge excluding metering; 'Rate + metering' column not emitted); sheet 'Network tariffs'; XMC tariff excludes metering charges; applicability: 7am-5pm weekdays
Evoenergy,2025-26,value_differs,jurisdictional_scheme,"101, 104*",LV TOU kVA Demand,Energy consumption at peak times,7.951,cents/kWh,9.544,c/kWh,7.951,9.544,c/kWh,1.593,20.0352,NUoS,NUoS,AER,DNSP,sources/aer/AER_Consolidated_stakeholder_report_2025-26_v5.xlsx,https://www.aer.gov.au/system/files/2025-05/AER%20-%20Consolidated%20stakeholder%20report%202025%E2%80%9326%20v5%C2%A0.xlsx,sources/dnsp/evoenergy/Evoenergy_Schedule_of_Charges_2025-26_incl_LFiT_May2025.xlsx,https://www.evoenergy.com.au/-/media/Project/Evoenergy/EVO/Documents/Electricity/Evoenergy-2025-26-Schedule-of-Charges-incl-LFiT--May-2025.xlsx?rev=178187e94c114445b7b112b1b9dab0db&hash=60625602851A906E9A81A47656BF459D,LV TOU kVA Demand Network,Peak Energy,"AER lists codes jointly (101, 104*); distributor publishes 101 separately - compared against the joint AER row; distributor schedule includes the ACT LFiT scheme amount; AER file excludes it",aer_id=TD-EVO26oth-Dmd; LFiT included (uniform adder of 1.593 c/kWh applied to c/kWh consumption charges per document); Rate column (network charge excluding metering; 'Rate + metering' column not emitted); sheet 'Network tariffs'; applicability: 7am-5pm weekdays
Evoenergy,2025-26,value_differs,jurisdictional_scheme,"030, 031*",Residential with Heat Pump,Energy consumption for second block,8.095,cents/kWh,9.688,c/kWh,8.095,9.688,c/kWh,1.593,19.6788,NUoS,NUoS,AER,DNSP,sources/aer/AER_Consolidated_stakeholder_report_2025-26_v5.xlsx,https://www.aer.gov.au/system/files/2025-05/AER%20-%20Consolidated%20stakeholder%20report%202025%E2%80%9326%20v5%C2%A0.xlsx,sources/dnsp/evoenergy/Evoenergy_Schedule_of_Charges_2025-26_incl_LFiT_May2025.xlsx,https://www.evoenergy.com.au/-/media/Project/Evoenergy/EVO/Documents/Electricity/Evoenergy-2025-26-Schedule-of-Charges-incl-LFiT--May-2025.xlsx?rev=178187e94c114445b7b112b1b9dab0db&hash=60625602851A906E9A81A47656BF459D,Residential with Heat Pump Network (closed),Anytime Energy - Block 2,"code differs (030, 031* vs 030); matched by code alias; distributor schedule includes the ACT LFiT scheme amount; AER file excludes it","aer_id=TD-EVO26res-BlkHP; LFiT included (uniform adder of 1.593 c/kWh applied to c/kWh consumption charges per document); Rate column (network charge excluding metering; 'Rate + metering' column not emitted); sheet 'Network tariffs'; closed to new customers; applicability: Applies to energy above 165kWh per day, every day"
Evoenergy,2025-26,value_differs,jurisdictional_scheme,"030, 031*",Residential with Heat Pump,Energy consumption for second block,8.095,cents/kWh,9.688,c/kWh,8.095,9.688,c/kWh,1.593,19.6788,NUoS,NUoS,AER,DNSP,sources/aer/AER_Consolidated_stakeholder_report_2025-26_v5.xlsx,https://www.aer.gov.au/system/files/2025-05/AER%20-%20Consolidated%20stakeholder%20report%202025%E2%80%9326%20v5%C2%A0.xlsx,sources/dnsp/evoenergy/Evoenergy_Schedule_of_Charges_2025-26_incl_LFiT_May2025.xlsx,https://www.evoenergy.com.au/-/media/Project/Evoenergy/EVO/Documents/Electricity/Evoenergy-2025-26-Schedule-of-Charges-incl-LFiT--May-2025.xlsx?rev=178187e94c114445b7b112b1b9dab0db&hash=60625602851A906E9A81A47656BF459D,Residential with Heat Pump Network (closed) XMC*,Anytime Energy - Block 2,"AER lists codes jointly (030, 031*); distributor publishes 031 separately - compared against the joint AER row; distributor schedule includes the ACT LFiT scheme amount; AER file excludes it","aer_id=TD-EVO26res-BlkHP; LFiT included (uniform adder of 1.593 c/kWh applied to c/kWh consumption charges per document); Rate column (network charge excluding metering; 'Rate + metering' column not emitted); sheet 'Network tariffs'; closed to new customers; XMC tariff excludes metering charges; applicability: Applies to energy above 165kWh per day, every day"
Evoenergy,2025-26,value_differs,jurisdictional_scheme,"010, 011*",Residential Basic,Anytime energy consumption charge,8.109,cents/kWh,9.702,c/kWh,8.109,9.702,c/kWh,1.593,19.6448,NUoS,NUoS,AER,DNSP,sources/aer/AER_Consolidated_stakeholder_report_2025-26_v5.xlsx,https://www.aer.gov.au/system/files/2025-05/AER%20-%20Consolidated%20stakeholder%20report%202025%E2%80%9326%20v5%C2%A0.xlsx,sources/dnsp/evoenergy/Evoenergy_Schedule_of_Charges_2025-26_incl_LFiT_May2025.xlsx,https://www.evoenergy.com.au/-/media/Project/Evoenergy/EVO/Documents/Electricity/Evoenergy-2025-26-Schedule-of-Charges-incl-LFiT--May-2025.xlsx?rev=178187e94c114445b7b112b1b9dab0db&hash=60625602851A906E9A81A47656BF459D,Residential Basic Network (closed),Anytime Energy,"code differs (010, 011* vs 010); matched by code alias; distributor schedule includes the ACT LFiT scheme amount; AER file excludes it",aer_id=TD-EVO26res-Flat; LFiT included (uniform adder of 1.593 c/kWh applied to c/kWh consumption charges per document); Rate column (network charge excluding metering; 'Rate + metering' column not emitted); sheet 'Network tariffs'; closed to new customers; applicability: Any time
Evoenergy,2025-26,value_differs,jurisdictional_scheme,"010, 011*",Residential Basic,Anytime energy consumption charge,8.109,cents/kWh,9.702,c/kWh,8.109,9.702,c/kWh,1.593,19.6448,NUoS,NUoS,AER,DNSP,sources/aer/AER_Consolidated_stakeholder_report_2025-26_v5.xlsx,https://www.aer.gov.au/system/files/2025-05/AER%20-%20Consolidated%20stakeholder%20report%202025%E2%80%9326%20v5%C2%A0.xlsx,sources/dnsp/evoenergy/Evoenergy_Schedule_of_Charges_2025-26_incl_LFiT_May2025.xlsx,https://www.evoenergy.com.au/-/media/Project/Evoenergy/EVO/Documents/Electricity/Evoenergy-2025-26-Schedule-of-Charges-incl-LFiT--May-2025.xlsx?rev=178187e94c114445b7b112b1b9dab0db&hash=60625602851A906E9A81A47656BF459D,Residential Basic Network (closed) XMC*,Anytime Energy,"AER lists codes jointly (010, 011*); distributor publishes 011 separately - compared against the joint AER row; distributor schedule includes the ACT LFiT scheme amount; AER file excludes it",aer_id=TD-EVO26res-Flat; LFiT included (uniform adder of 1.593 c/kWh applied to c/kWh consumption charges per document); Rate column (network charge excluding metering; 'Rate + metering' column not emitted); sheet 'Network tariffs'; closed to new customers; XMC tariff excludes metering charges; applicability: Any time
Evoenergy,2025-26,value_differs,jurisdictional_scheme,080,Streetlighting,Anytime energy consumption charge,8.77,cents/kWh,10.363,c/kWh,8.77,10.363,c/kWh,1.593,18.1642,NUoS,NUoS,AER,DNSP,sources/aer/AER_Consolidated_stakeholder_report_2025-26_v5.xlsx,https://www.aer.gov.au/system/files/2025-05/AER%20-%20Consolidated%20stakeholder%20report%202025%E2%80%9326%20v5%C2%A0.xlsx,sources/dnsp/evoenergy/Evoenergy_Schedule_of_Charges_2025-26_incl_LFiT_May2025.xlsx,https://www.evoenergy.com.au/-/media/Project/Evoenergy/EVO/Documents/Electricity/Evoenergy-2025-26-Schedule-of-Charges-incl-LFiT--May-2025.xlsx?rev=178187e94c114445b7b112b1b9dab0db&hash=60625602851A906E9A81A47656BF459D,Streetlighting Network,Anytime Energy,distributor schedule includes the ACT LFiT scheme amount; AER file excludes it,aer_id=TD-EVO26oth-PL; LFiT included (uniform adder of 1.593 c/kWh applied to c/kWh consumption charges per document); Rate column (network charge excluding metering; 'Rate + metering' column not emitted); sheet 'Network tariffs'; applicability: Any time
Evoenergy,2025-26,value_differs,jurisdictional_scheme,"090, 091*",General TOU,Energy consumption at shoulder times,12.193,cents/kWh,13.786,c/kWh,12.193,13.786,c/kWh,1.593,13.0649,NUoS,NUoS,AER,DNSP,sources/aer/AER_Consolidated_stakeholder_report_2025-26_v5.xlsx,https://www.aer.gov.au/system/files/2025-05/AER%20-%20Consolidated%20stakeholder%20report%202025%E2%80%9326%20v5%C2%A0.xlsx,sources/dnsp/evoenergy/Evoenergy_Schedule_of_Charges_2025-26_incl_LFiT_May2025.xlsx,https://www.evoenergy.com.au/-/media/Project/Evoenergy/EVO/Documents/Electricity/Evoenergy-2025-26-Schedule-of-Charges-incl-LFiT--May-2025.xlsx?rev=178187e94c114445b7b112b1b9dab0db&hash=60625602851A906E9A81A47656BF459D,General TOU Network,Shoulder Energy,"code differs (090, 091* vs 090); matched by code alias; distributor schedule includes the ACT LFiT scheme amount; AER file excludes it",aer_id=TD-EVO26smb-TOU; LFiT included (uniform adder of 1.593 c/kWh applied to c/kWh consumption charges per document); Rate column (network charge excluding metering; 'Rate + metering' column not emitted); sheet 'Network tariffs'; applicability: 5pm-10pm weekdays
Evoenergy,2025-26,value_differs,jurisdictional_scheme,"090, 091*",General TOU,Energy consumption at shoulder times,12.193,cents/kWh,13.786,c/kWh,12.193,13.786,c/kWh,1.593,13.0649,NUoS,NUoS,AER,DNSP,sources/aer/AER_Consolidated_stakeholder_report_2025-26_v5.xlsx,https://www.aer.gov.au/system/files/2025-05/AER%20-%20Consolidated%20stakeholder%20report%202025%E2%80%9326%20v5%C2%A0.xlsx,sources/dnsp/evoenergy/Evoenergy_Schedule_of_Charges_2025-26_incl_LFiT_May2025.xlsx,https://www.evoenergy.com.au/-/media/Project/Evoenergy/EVO/Documents/Electricity/Evoenergy-2025-26-Schedule-of-Charges-incl-LFiT--May-2025.xlsx?rev=178187e94c114445b7b112b1b9dab0db&hash=60625602851A906E9A81A47656BF459D,General TOU Network XMC*,Shoulder Energy,"AER lists codes jointly (090, 091*); distributor publishes 091 separately - compared against the joint AER row; distributor schedule includes the ACT LFiT scheme amount; AER file excludes it",aer_id=TD-EVO26smb-TOU; LFiT included (uniform adder of 1.593 c/kWh applied to c/kWh consumption charges per document); Rate column (network charge excluding metering; 'Rate + metering' column not emitted); sheet 'Network tariffs'; XMC tariff excludes metering charges; applicability: 5pm-10pm weekdays
Evoenergy,2025-26,value_differs,jurisdictional_scheme,"040, 041*",General,Energy consumption for first block,12.457,cents/kWh,14.05,c/kWh,12.457,14.05,c/kWh,1.593,12.788,NUoS,NUoS,AER,DNSP,sources/aer/AER_Consolidated_stakeholder_report_2025-26_v5.xlsx,https://www.aer.gov.au/system/files/2025-05/AER%20-%20Consolidated%20stakeholder%20report%202025%E2%80%9326%20v5%C2%A0.xlsx,sources/dnsp/evoenergy/Evoenergy_Schedule_of_Charges_2025-26_incl_LFiT_May2025.xlsx,https://www.evoenergy.com.au/-/media/Project/Evoenergy/EVO/Documents/Electricity/Evoenergy-2025-26-Schedule-of-Charges-incl-LFiT--May-2025.xlsx?rev=178187e94c114445b7b112b1b9dab0db&hash=60625602851A906E9A81A47656BF459D,General Network (closed),Anytime Energy - Block 1,"code differs (040, 041* vs 040); matched by code alias; distributor schedule includes the ACT LFiT scheme amount; AER file excludes it","aer_id=TD-EVO26smb-Blk; LFiT included (uniform adder of 1.593 c/kWh applied to c/kWh consumption charges per document); Rate column (network charge excluding metering; 'Rate + metering' column not emitted); sheet 'Network tariffs'; closed to new customers; applicability: Applies for the first 330 kWh per day, every day"
Evoenergy,2025-26,value_differs,jurisdictional_scheme,"040, 041*",General,Energy consumption for first block,12.457,cents/kWh,14.05,c/kWh,12.457,14.05,c/kWh,1.593,12.788,NUoS,NUoS,AER,DNSP,sources/aer/AER_Consolidated_stakeholder_report_2025-26_v5.xlsx,https://www.aer.gov.au/system/files/2025-05/AER%20-%20Consolidated%20stakeholder%20report%202025%E2%80%9326%20v5%C2%A0.xlsx,sources/dnsp/evoenergy/Evoenergy_Schedule_of_Charges_2025-26_incl_LFiT_May2025.xlsx,https://www.evoenergy.com.au/-/media/Project/Evoenergy/EVO/Documents/Electricity/Evoenergy-2025-26-Schedule-of-Charges-incl-LFiT--May-2025.xlsx?rev=178187e94c114445b7b112b1b9dab0db&hash=60625602851A906E9A81A47656BF459D,General Network (closed) XMC*,Anytime Energy - Block 1,"AER lists codes jointly (040, 041*); distributor publishes 041 separately - compared against the joint AER row; distributor schedule includes the ACT LFiT scheme amount; AER file excludes it","aer_id=TD-EVO26smb-Blk; LFiT included (uniform adder of 1.593 c/kWh applied to c/kWh consumption charges per document); Rate column (network charge excluding metering; 'Rate + metering' column not emitted); sheet 'Network tariffs'; closed to new customers; XMC tariff excludes metering charges; applicability: Applies for the first 330 kWh per day, every day"
Evoenergy,2025-26,value_differs,jurisdictional_scheme,135,Small unmetered loads,Anytime energy consumption charge,13.55,cents/kWh,15.143,c/kWh,13.55,15.143,c/kWh,1.593,11.7565,NUoS,NUoS,AER,DNSP,sources/aer/AER_Consolidated_stakeholder_report_2025-26_v5.xlsx,https://www.aer.gov.au/system/files/2025-05/AER%20-%20Consolidated%20stakeholder%20report%202025%E2%80%9326%20v5%C2%A0.xlsx,sources/dnsp/evoenergy/Evoenergy_Schedule_of_Charges_2025-26_incl_LFiT_May2025.xlsx,https://www.evoenergy.com.au/-/media/Project/Evoenergy/EVO/Documents/Electricity/Evoenergy-2025-26-Schedule-of-Charges-incl-LFiT--May-2025.xlsx?rev=178187e94c114445b7b112b1b9dab0db&hash=60625602851A906E9A81A47656BF459D,Small Unmetered Loads Network,Anytime Energy,distributor schedule includes the ACT LFiT scheme amount; AER file excludes it,aer_id=TD-EVO26oth-Unmtrd; LFiT included (uniform adder of 1.593 c/kWh applied to c/kWh consumption charges per document); Rate column (network charge excluding metering; 'Rate + metering' column not emitted); sheet 'Network tariffs'; applicability: Any time
Evoenergy,2025-26,value_differs,jurisdictional_scheme,"015, 016*",Residential TOU,Energy consumption at peak times,14.502,cents/kWh,16.095,c/kWh,14.502,16.095,c/kWh,1.593,10.9847,NUoS,NUoS,AER,DNSP,sources/aer/AER_Consolidated_stakeholder_report_2025-26_v5.xlsx,https://www.aer.gov.au/system/files/2025-05/AER%20-%20Consolidated%20stakeholder%20report%202025%E2%80%9326%20v5%C2%A0.xlsx,sources/dnsp/evoenergy/Evoenergy_Schedule_of_Charges_2025-26_incl_LFiT_May2025.xlsx,https://www.evoenergy.com.au/-/media/Project/Evoenergy/EVO/Documents/Electricity/Evoenergy-2025-26-Schedule-of-Charges-incl-LFiT--May-2025.xlsx?rev=178187e94c114445b7b112b1b9dab0db&hash=60625602851A906E9A81A47656BF459D,Residential TOU Network (closed) XMC*,Peak Energy,"code differs (015, 016* vs 016); matched by code alias; distributor schedule includes the ACT LFiT scheme amount; AER file excludes it",aer_id=TD-EVO26res-TOU; LFiT included (uniform adder of 1.593 c/kWh applied to c/kWh consumption charges per document); Rate column (network charge excluding metering; 'Rate + metering' column not emitted); sheet 'Network tariffs'; closed to new customers; XMC tariff excludes metering charges; applicability: 7am-9am and 5pm-8pm every day
Evoenergy,2025-26,value_differs,jurisdictional_scheme,"015, 016*",Residential TOU,Energy consumption at peak times,14.502,cents/kWh,16.095,c/kWh,14.502,16.095,c/kWh,1.593,10.9847,NUoS,NUoS,AER,DNSP,sources/aer/AER_Consolidated_stakeholder_report_2025-26_v5.xlsx,https://www.aer.gov.au/system/files/2025-05/AER%20-%20Consolidated%20stakeholder%20report%202025%E2%80%9326%20v5%C2%A0.xlsx,sources/dnsp/evoenergy/Evoenergy_Schedule_of_Charges_2025-26_incl_LFiT_May2025.xlsx,https://www.evoenergy.com.au/-/media/Project/Evoenergy/EVO/Documents/Electricity/Evoenergy-2025-26-Schedule-of-Charges-incl-LFiT--May-2025.xlsx?rev=178187e94c114445b7b112b1b9dab0db&hash=60625602851A906E9A81A47656BF459D,Residential TOU Network (closed),Peak Energy,"AER lists codes jointly (015, 016*); distributor publishes 015 separately - compared against the joint AER row; distributor schedule includes the ACT LFiT scheme amount; AER file excludes it",aer_id=TD-EVO26res-TOU; LFiT included (uniform adder of 1.593 c/kWh applied to c/kWh consumption charges per document); Rate column (network charge excluding metering; 'Rate + metering' column not emitted); sheet 'Network tariffs'; closed to new customers; applicability: 7am-9am and 5pm-8pm every day
Evoenergy,2025-26,value_differs,jurisdictional_scheme,"017, 018*",New residential TOU,Energy consumption at peak times,14.591,cents/kWh,16.184,c/kWh,14.591,16.184,c/kWh,1.593,10.9177,NUoS,NUoS,AER,DNSP,sources/aer/AER_Consolidated_stakeholder_report_2025-26_v5.xlsx,https://www.aer.gov.au/system/files/2025-05/AER%20-%20Consolidated%20stakeholder%20report%202025%E2%80%9326%20v5%C2%A0.xlsx,sources/dnsp/evoenergy/Evoenergy_Schedule_of_Charges_2025-26_incl_LFiT_May2025.xlsx,https://www.evoenergy.com.au/-/media/Project/Evoenergy/EVO/Documents/Electricity/Evoenergy-2025-26-Schedule-of-Charges-incl-LFiT--May-2025.xlsx?rev=178187e94c114445b7b112b1b9dab0db&hash=60625602851A906E9A81A47656BF459D,New Residential TOU Network,Peak Energy,"code differs (017, 018* vs 017); matched by code alias; distributor schedule includes the ACT LFiT scheme amount; AER file excludes it",aer_id=TD-EVO26res-TOU2; LFiT included (uniform adder of 1.593 c/kWh applied to c/kWh consumption charges per document); Rate column (network charge excluding metering; 'Rate + metering' column not emitted); sheet 'Network tariffs'; applicability: 7am-9am and 5pm-9pm every day
Evoenergy,2025-26,value_differs,jurisdictional_scheme,"017, 018*",New residential TOU,Energy consumption at peak times,14.591,cents/kWh,16.184,c/kWh,14.591,16.184,c/kWh,1.593,10.9177,NUoS,NUoS,AER,DNSP,sources/aer/AER_Consolidated_stakeholder_report_2025-26_v5.xlsx,https://www.aer.gov.au/system/files/2025-05/AER%20-%20Consolidated%20stakeholder%20report%202025%E2%80%9326%20v5%C2%A0.xlsx,sources/dnsp/evoenergy/Evoenergy_Schedule_of_Charges_2025-26_incl_LFiT_May2025.xlsx,https://www.evoenergy.com.au/-/media/Project/Evoenergy/EVO/Documents/Electricity/Evoenergy-2025-26-Schedule-of-Charges-incl-LFiT--May-2025.xlsx?rev=178187e94c114445b7b112b1b9dab0db&hash=60625602851A906E9A81A47656BF459D,New Residential TOU Network XMC*,Peak Energy,"AER lists codes jointly (017, 018*); distributor publishes 018 separately - compared against the joint AER row; distributor schedule includes the ACT LFiT scheme amount; AER file excludes it",aer_id=TD-EVO26res-TOU2; LFiT included (uniform adder of 1.593 c/kWh applied to c/kWh consumption charges per document); Rate column (network charge excluding metering; 'Rate + metering' column not emitted); sheet 'Network tariffs'; XMC tariff excludes metering charges; applicability: 7am-9am and 5pm-9pm every day
Evoenergy,2025-26,value_differs,jurisdictional_scheme,"040, 041*",General,Energy consumption for second block,14.851,cents/kWh,16.444,c/kWh,14.851,16.444,c/kWh,1.593,10.7266,NUoS,NUoS,AER,DNSP,sources/aer/AER_Consolidated_stakeholder_report_2025-26_v5.xlsx,https://www.aer.gov.au/system/files/2025-05/AER%20-%20Consolidated%20stakeholder%20report%202025%E2%80%9326%20v5%C2%A0.xlsx,sources/dnsp/evoenergy/Evoenergy_Schedule_of_Charges_2025-26_incl_LFiT_May2025.xlsx,https://www.evoenergy.com.au/-/media/Project/Evoenergy/EVO/Documents/Electricity/Evoenergy-2025-26-Schedule-of-Charges-incl-LFiT--May-2025.xlsx?rev=178187e94c114445b7b112b1b9dab0db&hash=60625602851A906E9A81A47656BF459D,General Network (closed),Anytime Energy - Block 2,"code differs (040, 041* vs 040); matched by code alias; distributor schedule includes the ACT LFiT scheme amount; AER file excludes it","aer_id=TD-EVO26smb-Blk; LFiT included (uniform adder of 1.593 c/kWh applied to c/kWh consumption charges per document); Rate column (network charge excluding metering; 'Rate + metering' column not emitted); sheet 'Network tariffs'; closed to new customers; applicability: Applies to energy above 330 kWh per day, every day"
Evoenergy,2025-26,value_differs,jurisdictional_scheme,"040, 041*",General,Energy consumption for second block,14.851,cents/kWh,16.444,c/kWh,14.851,16.444,c/kWh,1.593,10.7266,NUoS,NUoS,AER,DNSP,sources/aer/AER_Consolidated_stakeholder_report_2025-26_v5.xlsx,https://www.aer.gov.au/system/files/2025-05/AER%20-%20Consolidated%20stakeholder%20report%202025%E2%80%9326%20v5%C2%A0.xlsx,sources/dnsp/evoenergy/Evoenergy_Schedule_of_Charges_2025-26_incl_LFiT_May2025.xlsx,https://www.evoenergy.com.au/-/media/Project/Evoenergy/EVO/Documents/Electricity/Evoenergy-2025-26-Schedule-of-Charges-incl-LFiT--May-2025.xlsx?rev=178187e94c114445b7b112b1b9dab0db&hash=60625602851A906E9A81A47656BF459D,General Network (closed) XMC*,Anytime Energy - Block 2,"AER lists codes jointly (040, 041*); distributor publishes 041 separately - compared against the joint AER row; distributor schedule includes the ACT LFiT scheme amount; AER file excludes it","aer_id=TD-EVO26smb-Blk; LFiT included (uniform adder of 1.593 c/kWh applied to c/kWh consumption charges per document); Rate column (network charge excluding metering; 'Rate + metering' column not emitted); sheet 'Network tariffs'; closed to new customers; XMC tariff excludes metering charges; applicability: Applies to energy above 330 kWh per day, every day"
Evoenergy,2025-26,value_differs,jurisdictional_scheme,"090, 091*",General TOU,Energy consumption at peak times,17.807,cents/kWh,19.4,c/kWh,17.807,19.4,c/kWh,1.593,8.9459,NUoS,NUoS,AER,DNSP,sources/aer/AER_Consolidated_stakeholder_report_2025-26_v5.xlsx,https://www.aer.gov.au/system/files/2025-05/AER%20-%20Consolidated%20stakeholder%20report%202025%E2%80%9326%20v5%C2%A0.xlsx,sources/dnsp/evoenergy/Evoenergy_Schedule_of_Charges_2025-26_incl_LFiT_May2025.xlsx,https://www.evoenergy.com.au/-/media/Project/Evoenergy/EVO/Documents/Electricity/Evoenergy-2025-26-Schedule-of-Charges-incl-LFiT--May-2025.xlsx?rev=178187e94c114445b7b112b1b9dab0db&hash=60625602851A906E9A81A47656BF459D,General TOU Network,Peak Energy,"code differs (090, 091* vs 090); matched by code alias; distributor schedule includes the ACT LFiT scheme amount; AER file excludes it",aer_id=TD-EVO26smb-TOU; LFiT included (uniform adder of 1.593 c/kWh applied to c/kWh consumption charges per document); Rate column (network charge excluding metering; 'Rate + metering' column not emitted); sheet 'Network tariffs'; applicability: 7am-5pm weekdays
Evoenergy,2025-26,value_differs,jurisdictional_scheme,"090, 091*",General TOU,Energy consumption at peak times,17.807,cents/kWh,19.4,c/kWh,17.807,19.4,c/kWh,1.593,8.9459,NUoS,NUoS,AER,DNSP,sources/aer/AER_Consolidated_stakeholder_report_2025-26_v5.xlsx,https://www.aer.gov.au/system/files/2025-05/AER%20-%20Consolidated%20stakeholder%20report%202025%E2%80%9326%20v5%C2%A0.xlsx,sources/dnsp/evoenergy/Evoenergy_Schedule_of_Charges_2025-26_incl_LFiT_May2025.xlsx,https://www.evoenergy.com.au/-/media/Project/Evoenergy/EVO/Documents/Electricity/Evoenergy-2025-26-Schedule-of-Charges-incl-LFiT--May-2025.xlsx?rev=178187e94c114445b7b112b1b9dab0db&hash=60625602851A906E9A81A47656BF459D,General TOU Network XMC*,Peak Energy,"AER lists codes jointly (090, 091*); distributor publishes 091 separately - compared against the joint AER row; distributor schedule includes the ACT LFiT scheme amount; AER file excludes it",aer_id=TD-EVO26smb-TOU; LFiT included (uniform adder of 1.593 c/kWh applied to c/kWh consumption charges per document); Rate column (network charge excluding metering; 'Rate + metering' column not emitted); sheet 'Network tariffs'; XMC tariff excludes metering charges; applicability: 7am-5pm weekdays
Evoenergy,2025-26,dnsp_only_code,,081,Streetlighting Network XMC*,1 component(s),,,,,,,,,,NUoS,NUoS,AER,DNSP,sources/aer/AER_Consolidated_stakeholder_report_2025-26_v5.xlsx,,sources/dnsp/evoenergy/Evoenergy_Schedule_of_Charges_2025-26_incl_LFiT_May2025.xlsx,https://www.evoenergy.com.au/-/media/Project/Evoenergy/EVO/Documents/Electricity/Evoenergy-2025-26-Schedule-of-Charges-incl-LFiT--May-2025.xlsx?rev=178187e94c114445b7b112b1b9dab0db&hash=60625602851A906E9A81A47656BF459D,Streetlighting Network XMC*,,tariff code present in distributor publication but not in AER-side file,LFiT included (uniform adder of 1.593 c/kWh applied to c/kWh consumption charges per document); Rate column (network charge excluding metering; 'Rate + metering' column not emitted); sheet 'Network tariffs'; XMC tariff excludes metering charges; applicability: Any time
Evoenergy,2025-26,dnsp_only_code,withdrawn_tariff,111,HV TOU Demand Network (closed),6 component(s),,,,,,,,,,NUoS,NUoS,AER,DNSP,sources/aer/AER_Consolidated_stakeholder_report_2025-26_v5.xlsx,,sources/dnsp/evoenergy/Evoenergy_Schedule_of_Charges_2025-26_incl_LFiT_May2025.xlsx,https://www.evoenergy.com.au/-/media/Project/Evoenergy/EVO/Documents/Electricity/Evoenergy-2025-26-Schedule-of-Charges-incl-LFiT--May-2025.xlsx?rev=178187e94c114445b7b112b1b9dab0db&hash=60625602851A906E9A81A47656BF459D,HV TOU Demand Network (closed),,distributor still prices a tariff it marks obsolete/closed; AER-side file does not list it,LFiT included (uniform adder of 1.593 c/kWh applied to c/kWh consumption charges per document); Rate column (network charge excluding metering; 'Rate + metering' column not emitted); sheet 'Network tariffs'; closed to new customers; applicability: Daily
Evoenergy,2026-27,dnsp_only_code,,065,Flexible Controlled Load,1 component(s),,,,,,,,,,NUoS,NUoS,AER,DNSP,sources/aer/AER_Consolidated_stakeholder_report_2026-27_26Aug2026.xlsx,,sources/dnsp/evoenergy/Evoenergy_Schedule_of_Charges_2026-27_AER_approved_April2026.xlsx,https://www.evoenergy.com.au/-/media/Project/Evoenergy/EVO/Documents/Electricity/Evoenergy-2026-27-Schedule-of-Charges-AER-approved-April-2026.xlsx?rev=f7bbf306fbff4781a5c511979cb1eeb3&hash=AE48FA9EC1F54A99066D534FE09318B3,Flexible Controlled Load,,tariff code present in distributor publication but not in AER-side file,AER-approved excl LFiT; Rate column (network charge excluding metering; 'Rate + metering' column not emitted); sheet 'Network tariffs'; This tariff is a secondary tariff available to customers using a controlled load; applicability: Any duration between 10pm-7am and 9am-5pm every day
Evoenergy,2026-27,dnsp_only_code,,081,Streetlighting Network XMC*,1 component(s),,,,,,,,,,NUoS,NUoS,AER,DNSP,sources/aer/AER_Consolidated_stakeholder_report_2026-27_26Aug2026.xlsx,,sources/dnsp/evoenergy/Evoenergy_Schedule_of_Charges_2026-27_AER_approved_April2026.xlsx,https://www.evoenergy.com.au/-/media/Project/Evoenergy/EVO/Documents/Electricity/Evoenergy-2026-27-Schedule-of-Charges-AER-approved-April-2026.xlsx?rev=f7bbf306fbff4781a5c511979cb1eeb3&hash=AE48FA9EC1F54A99066D534FE09318B3,Streetlighting Network XMC*,,tariff code present in distributor publication but not in AER-side file,AER-approved excl LFiT; Rate column (network charge excluding metering; 'Rate + metering' column not emitted); sheet 'Network tariffs'; XMC tariff excludes metering charges; applicability: Any time
Evoenergy,2026-27,dnsp_only_code,,108,LV large-scale battery tariff (residential area),6 component(s),,,,,,,,,,NUoS,NUoS,AER,DNSP,sources/aer/AER_Consolidated_stakeholder_report_2026-27_26Aug2026.xlsx,,sources/dnsp/evoenergy/Evoenergy_Schedule_of_Charges_2026-27_AER_approved_April2026.xlsx,https://www.evoenergy.com.au/-/media/Project/Evoenergy/EVO/Documents/Electricity/Evoenergy-2026-27-Schedule-of-Charges-AER-approved-April-2026.xlsx?rev=f7bbf306fbff4781a5c511979cb1eeb3&hash=AE48FA9EC1F54A99066D534FE09318B3,LV large-scale battery tariff (residential area),,tariff code present in distributor publication but not in AER-side file,"AER-approved excl LFiT; Rate column (network charge excluding metering; 'Rate + metering' column not emitted); sheet 'Network tariffs'; applicability: Highest demand in a clocked 30-minute interval, starting on full or half hour, within 13 month period, including current bill period; code 108 is used by 2 tariff blocks in this schedule (names differ)"
Evoenergy,2026-27,dnsp_only_code,,109,LV large-scale battery tariff (commercial area),5 component(s),,,,,,,,,,NUoS,NUoS,AER,DNSP,sources/aer/AER_Consolidated_stakeholder_report_2026-27_26Aug2026.xlsx,,sources/dnsp/evoenergy/Evoenergy_Schedule_of_Charges_2026-27_AER_approved_April2026.xlsx,https://www.evoenergy.com.au/-/media/Project/Evoenergy/EVO/Documents/Electricity/Evoenergy-2026-27-Schedule-of-Charges-AER-approved-April-2026.xlsx?rev=f7bbf306fbff4781a5c511979cb1eeb3&hash=AE48FA9EC1F54A99066D534FE09318B3,LV large-scale battery tariff (commercial area),,tariff code present in distributor publication but not in AER-side file,"AER-approved excl LFiT; Rate column (network charge excluding metering; 'Rate + metering' column not emitted); sheet 'Network tariffs'; applicability: Highest demand in a clocked 30-minute interval, starting on full or half hour, within 13 month period, including current bill period; code 109 is used by 2 tariff blocks in this schedule (names differ)"
Evoenergy,2026-27,dnsp_only_code,withdrawn_tariff,111,HV TOU Demand Network (closed),6 component(s),,,,,,,,,,NUoS,NUoS,AER,DNSP,sources/aer/AER_Consolidated_stakeholder_report_2026-27_26Aug2026.xlsx,,sources/dnsp/evoenergy/Evoenergy_Schedule_of_Charges_2026-27_AER_approved_April2026.xlsx,https://www.evoenergy.com.au/-/media/Project/Evoenergy/EVO/Documents/Electricity/Evoenergy-2026-27-Schedule-of-Charges-AER-approved-April-2026.xlsx?rev=f7bbf306fbff4781a5c511979cb1eeb3&hash=AE48FA9EC1F54A99066D534FE09318B3,HV TOU Demand Network (closed),,distributor still prices a tariff it marks obsolete/closed; AER-side file does not list it,AER-approved excl LFiT; Rate column (network charge excluding metering; 'Rate + metering' column not emitted); sheet 'Network tariffs'; closed to new customers; applicability: Daily
Jemena,2024-25,dnsp_only_code,,A34E,LV EN 2.2+ GWh (Transitional),5 component(s),,,,,,,,,,NUoS,NUoS,AER,DNSP,sources/aer/2024-25_stakeholder_reports/AER_Stakeholder_report_Jemena_2024-25.xlsx,,sources/dnsp/jemena/Jemena_Network_Tariff_Schedule_2024-25.pdf,https://www.jemena.com.au/siteassets/asset-folder/documents/documents/2024-25---tariff-schedule.pdf,LV EN 2.2+ GWh (Transitional),,tariff code present in distributor publication but not in AER-side file,p5; Minimum Chargeable Annual Demand 250 kVA
Jemena,2024-25,dnsp_only_code,withdrawn_tariff,A34M,LV MS 2.2+ - 6.0 GWh (closed to new entrants) (Transitional),5 component(s),,,,,,,,,,NUoS,NUoS,AER,DNSP,sources/aer/2024-25_stakeholder_reports/AER_Stakeholder_report_Jemena_2024-25.xlsx,,sources/dnsp/jemena/Jemena_Network_Tariff_Schedule_2024-25.pdf,https://www.jemena.com.au/siteassets/asset-folder/documents/documents/2024-25---tariff-schedule.pdf,LV MS 2.2+ - 6.0 GWh (closed to new entrants) (Transitional),,distributor still prices a tariff it marks obsolete/closed; AER-side file does not list it,p5; Minimum Chargeable Annual Demand 250 kVA
Jemena,2024-25,dnsp_only_code,,A34T,LV MS_CR 2.2+ - 6.0 GWh (only available to customers currently on the A34M tariff),5 component(s),,,,,,,,,,NUoS,NUoS,AER,DNSP,sources/aer/2024-25_stakeholder_reports/AER_Stakeholder_report_Jemena_2024-25.xlsx,,sources/dnsp/jemena/Jemena_Network_Tariff_Schedule_2024-25.pdf,https://www.jemena.com.au/siteassets/asset-folder/documents/documents/2024-25---tariff-schedule.pdf,LV MS_CR 2.2+ - 6.0 GWh (only available to customers currently on the A34M tariff),,tariff code present in distributor publication but not in AER-side file,p5; Minimum Chargeable Annual Demand 250 kVA
Jemena,2024-25,dnsp_only_code,,A37C,LV CR 6.0+ GWh,5 component(s),,,,,,,,,,NUoS,NUoS,AER,DNSP,sources/aer/2024-25_stakeholder_reports/AER_Stakeholder_report_Jemena_2024-25.xlsx,,sources/dnsp/jemena/Jemena_Network_Tariff_Schedule_2024-25.pdf,https://www.jemena.com.au/siteassets/asset-folder/documents/documents/2024-25---tariff-schedule.pdf,LV CR 6.0+ GWh,,tariff code present in distributor publication but not in AER-side file,p6; Minimum Chargeable Annual Demand 450 kVA
Jemena,2024-25,dnsp_only_code,,A40E,HV EN (Transitional),5 component(s),,,,,,,,,,NUoS,NUoS,AER,DNSP,sources/aer/2024-25_stakeholder_reports/AER_Stakeholder_report_Jemena_2024-25.xlsx,,sources/dnsp/jemena/Jemena_Network_Tariff_Schedule_2024-25.pdf,https://www.jemena.com.au/siteassets/asset-folder/documents/documents/2024-25---tariff-schedule.pdf,HV EN (Transitional),,tariff code present in distributor publication but not in AER-side file,"p7; Minimum Chargeable Annual Demand 1,000 kVA"
Jemena,2024-25,dnsp_only_code,withdrawn_tariff,A40R,HV RF (closed to new entrants) (Transitional),5 component(s),,,,,,,,,,NUoS,NUoS,AER,DNSP,sources/aer/2024-25_stakeholder_reports/AER_Stakeholder_report_Jemena_2024-25.xlsx,,sources/dnsp/jemena/Jemena_Network_Tariff_Schedule_2024-25.pdf,https://www.jemena.com.au/siteassets/asset-folder/documents/documents/2024-25---tariff-schedule.pdf,HV RF (closed to new entrants) (Transitional),,distributor still prices a tariff it marks obsolete/closed; AER-side file does not list it,"p8; Minimum Chargeable Annual Demand 1,000 kVA"
Jemena,2024-25,dnsp_only_code,,A40T,HV RF_CR (only available to customers currently on the A40R tariff),5 component(s),,,,,,,,,,NUoS,NUoS,AER,DNSP,sources/aer/2024-25_stakeholder_reports/AER_Stakeholder_report_Jemena_2024-25.xlsx,,sources/dnsp/jemena/Jemena_Network_Tariff_Schedule_2024-25.pdf,https://www.jemena.com.au/siteassets/asset-folder/documents/documents/2024-25---tariff-schedule.pdf,HV RF_CR (only available to customers currently on the A40R tariff),,tariff code present in distributor publication but not in AER-side file,"p8; Minimum Chargeable Annual Demand 1,000 kVA"
Jemena,2024-25,dnsp_only_code,,A480,HV - Annual Consumption ≥ 55 GWh (Transitional),5 component(s),,,,,,,,,,NUoS,NUoS,AER,DNSP,sources/aer/2024-25_stakeholder_reports/AER_Stakeholder_report_Jemena_2024-25.xlsx,,sources/dnsp/jemena/Jemena_Network_Tariff_Schedule_2024-25.pdf,https://www.jemena.com.au/siteassets/asset-folder/documents/documents/2024-25---tariff-schedule.pdf,HV - Annual Consumption ≥ 55 GWh (Transitional),,tariff code present in distributor publication but not in AER-side file,"p8; Minimum Chargeable Annual Demand 10,000 kVA"
Jemena,2024-25,dnsp_only_code,,A48C,HV CR - Annual Consumption ≥ 55 GWh (Transitional),5 component(s),,,,,,,,,,NUoS,NUoS,AER,DNSP,sources/aer/2024-25_stakeholder_reports/AER_Stakeholder_report_Jemena_2024-25.xlsx,,sources/dnsp/jemena/Jemena_Network_Tariff_Schedule_2024-25.pdf,https://www.jemena.com.au/siteassets/asset-folder/documents/documents/2024-25---tariff-schedule.pdf,HV CR - Annual Consumption ≥ 55 GWh (Transitional),,tariff code present in distributor publication but not in AER-side file,"p8; Minimum Chargeable Annual Demand 10,000 kVA"
Jemena,2024-25,dnsp_only_code,,A500,Subtransmission (Transitional),5 component(s),,,,,,,,,,NUoS,NUoS,AER,DNSP,sources/aer/2024-25_stakeholder_reports/AER_Stakeholder_report_Jemena_2024-25.xlsx,,sources/dnsp/jemena/Jemena_Network_Tariff_Schedule_2024-25.pdf,https://www.jemena.com.au/siteassets/asset-folder/documents/documents/2024-25---tariff-schedule.pdf,Subtransmission (Transitional),,tariff code present in distributor publication but not in AER-side file,"p9; Minimum Chargeable Annual Demand 15,000 kVA"
Jemena,2024-25,dnsp_only_code,,A50A,Subtransmission MA (Transitional),5 component(s),,,,,,,,,,NUoS,NUoS,AER,DNSP,sources/aer/2024-25_stakeholder_reports/AER_Stakeholder_report_Jemena_2024-25.xlsx,,sources/dnsp/jemena/Jemena_Network_Tariff_Schedule_2024-25.pdf,https://www.jemena.com.au/siteassets/asset-folder/documents/documents/2024-25---tariff-schedule.pdf,Subtransmission MA (Transitional),,tariff code present in distributor publication but not in AER-side file,"p9; Minimum Chargeable Annual Demand 15,000 kVA"
Jemena,2024-25,dnsp_only_code,,A50C,Subtransmission CR,5 component(s),,,,,,,,,,NUoS,NUoS,AER,DNSP,sources/aer/2024-25_stakeholder_reports/AER_Stakeholder_report_Jemena_2024-25.xlsx,,sources/dnsp/jemena/Jemena_Network_Tariff_Schedule_2024-25.pdf,https://www.jemena.com.au/siteassets/asset-folder/documents/documents/2024-25---tariff-schedule.pdf,Subtransmission CR,,tariff code present in distributor publication but not in AER-side file,"p9; Minimum Chargeable Annual Demand 15,000 kVA"
Jemena,2024-25,dnsp_only_code,,A50E,Subtransmission EG (Transitional),5 component(s),,,,,,,,,,NUoS,NUoS,AER,DNSP,sources/aer/2024-25_stakeholder_reports/AER_Stakeholder_report_Jemena_2024-25.xlsx,,sources/dnsp/jemena/Jemena_Network_Tariff_Schedule_2024-25.pdf,https://www.jemena.com.au/siteassets/asset-folder/documents/documents/2024-25---tariff-schedule.pdf,Subtransmission EG (Transitional),,tariff code present in distributor publication but not in AER-side file,"p10; Minimum Chargeable Annual Demand 15,000 kVA"
Jemena,2024-25,dnsp_only_code,,A50M,Subtransmission - Multiple Connection CR,5 component(s),,,,,,,,,,NUoS,NUoS,AER,DNSP,sources/aer/2024-25_stakeholder_reports/AER_Stakeholder_report_Jemena_2024-25.xlsx,,sources/dnsp/jemena/Jemena_Network_Tariff_Schedule_2024-25.pdf,https://www.jemena.com.au/siteassets/asset-folder/documents/documents/2024-25---tariff-schedule.pdf,Subtransmission - Multiple Connection CR,,tariff code present in distributor publication but not in AER-side file,"p9; Minimum Chargeable Annual Demand 15,000 kVA"
Jemena,2024-25,dnsp_only_code,,A50T,Subtransmission MA CR,5 component(s),,,,,,,,,,NUoS,NUoS,AER,DNSP,sources/aer/2024-25_stakeholder_reports/AER_Stakeholder_report_Jemena_2024-25.xlsx,,sources/dnsp/jemena/Jemena_Network_Tariff_Schedule_2024-25.pdf,https://www.jemena.com.au/siteassets/asset-folder/documents/documents/2024-25---tariff-schedule.pdf,Subtransmission MA CR,,tariff code present in distributor publication but not in AER-side file,"p10; Minimum Chargeable Annual Demand 15,000 kVA"
Jemena,2024-25,dnsp_only_code,,A50X,Subtransmission EG CR,5 component(s),,,,,,,,,,NUoS,NUoS,AER,DNSP,sources/aer/2024-25_stakeholder_reports/AER_Stakeholder_report_Jemena_2024-25.xlsx,,sources/dnsp/jemena/Jemena_Network_Tariff_Schedule_2024-25.pdf,https://www.jemena.com.au/siteassets/asset-folder/documents/documents/2024-25---tariff-schedule.pdf,Subtransmission EG CR,,tariff code present in distributor publication but not in AER-side file,"p10; Minimum Chargeable Annual Demand 15,000 kVA"
Jemena,2024-25,dnsp_only_code,,F300,LV 0.4 - 0.8 GWh (Transitional),5 component(s),,,,,,,,,,NUoS,NUoS,AER,DNSP,sources/aer/2024-25_stakeholder_reports/AER_Stakeholder_report_Jemena_2024-25.xlsx,,sources/dnsp/jemena/Jemena_Network_Tariff_Schedule_2024-25.pdf,https://www.jemena.com.au/siteassets/asset-folder/documents/documents/2024-25---tariff-schedule.pdf,LV 0.4 - 0.8 GWh (Transitional),,tariff code present in distributor publication but not in AER-side file,p3; Minimum Chargeable Annual Demand 120 kVA; published as paired code 'A300 / F300' with one price set; footnote a: a tariff code starting with 'F' indicates the tariff attracts the Premium Feed-In-Tariff rebate
Jemena,2025-26,dnsp_only_code,,A34E,LV EN 2.2+ GWh (Transitional),5 component(s),,,,,,,,,,NUoS,NUoS,AER,DNSP,sources/aer/AER_Consolidated_stakeholder_report_2025-26_v5.xlsx,,sources/dnsp/jemena/Jemena_Network_Tariff_Schedule_2025-26.pdf,https://www.jemena.com.au/contentassets/a440c960e37a4eca8497cf44990ebe0b/jen---2025-26-network-tariff-schedule.pdf,LV EN 2.2+ GWh (Transitional),,tariff code present in distributor publication but not in AER-side file,p5; Minimum Chargeable Annual Demand 250 kVA
Jemena,2025-26,dnsp_only_code,withdrawn_tariff,A34M,LV MS 2.2+ - 6.0 GWh (closed to new entrants) (Transitional),5 component(s),,,,,,,,,,NUoS,NUoS,AER,DNSP,sources/aer/AER_Consolidated_stakeholder_report_2025-26_v5.xlsx,,sources/dnsp/jemena/Jemena_Network_Tariff_Schedule_2025-26.pdf,https://www.jemena.com.au/contentassets/a440c960e37a4eca8497cf44990ebe0b/jen---2025-26-network-tariff-schedule.pdf,LV MS 2.2+ - 6.0 GWh (closed to new entrants) (Transitional),,distributor still prices a tariff it marks obsolete/closed; AER-side file does not list it,p5; Minimum Chargeable Annual Demand 250 kVA
Jemena,2025-26,dnsp_only_code,,A34T,LV MS_CR 2.2+ - 6.0 GWh (only available to customers currently on the A34M tariff),5 component(s),,,,,,,,,,NUoS,NUoS,AER,DNSP,sources/aer/AER_Consolidated_stakeholder_report_2025-26_v5.xlsx,,sources/dnsp/jemena/Jemena_Network_Tariff_Schedule_2025-26.pdf,https://www.jemena.com.au/contentassets/a440c960e37a4eca8497cf44990ebe0b/jen---2025-26-network-tariff-schedule.pdf,LV MS_CR 2.2+ - 6.0 GWh (only available to customers currently on the A34M tariff),,tariff code present in distributor publication but not in AER-side file,p5; Minimum Chargeable Annual Demand 250 kVA
Jemena,2025-26,dnsp_only_code,,A37C,LV CR 6.0+ GWh,5 component(s),,,,,,,,,,NUoS,NUoS,AER,DNSP,sources/aer/AER_Consolidated_stakeholder_report_2025-26_v5.xlsx,,sources/dnsp/jemena/Jemena_Network_Tariff_Schedule_2025-26.pdf,https://www.jemena.com.au/contentassets/a440c960e37a4eca8497cf44990ebe0b/jen---2025-26-network-tariff-schedule.pdf,LV CR 6.0+ GWh,,tariff code present in distributor publication but not in AER-side file,p6; Minimum Chargeable Annual Demand 450 kVA
Jemena,2025-26,dnsp_only_code,,A40E,HV EN (Transitional),5 component(s),,,,,,,,,,NUoS,NUoS,AER,DNSP,sources/aer/AER_Consolidated_stakeholder_report_2025-26_v5.xlsx,,sources/dnsp/jemena/Jemena_Network_Tariff_Schedule_2025-26.pdf,https://www.jemena.com.au/contentassets/a440c960e37a4eca8497cf44990ebe0b/jen---2025-26-network-tariff-schedule.pdf,HV EN (Transitional),,tariff code present in distributor publication but not in AER-side file,"p7; Minimum Chargeable Annual Demand 1,000 kVA"
Jemena,2025-26,dnsp_only_code,withdrawn_tariff,A40R,HV RF (closed to new entrants) (Transitional),5 component(s),,,,,,,,,,NUoS,NUoS,AER,DNSP,sources/aer/AER_Consolidated_stakeholder_report_2025-26_v5.xlsx,,sources/dnsp/jemena/Jemena_Network_Tariff_Schedule_2025-26.pdf,https://www.jemena.com.au/contentassets/a440c960e37a4eca8497cf44990ebe0b/jen---2025-26-network-tariff-schedule.pdf,HV RF (closed to new entrants) (Transitional),,distributor still prices a tariff it marks obsolete/closed; AER-side file does not list it,"p8; Minimum Chargeable Annual Demand 1,000 kVA"
Jemena,2025-26,dnsp_only_code,,A40T,HV RF_CR (only available to customers currently on the A40R tariff),5 component(s),,,,,,,,,,NUoS,NUoS,AER,DNSP,sources/aer/AER_Consolidated_stakeholder_report_2025-26_v5.xlsx,,sources/dnsp/jemena/Jemena_Network_Tariff_Schedule_2025-26.pdf,https://www.jemena.com.au/contentassets/a440c960e37a4eca8497cf44990ebe0b/jen---2025-26-network-tariff-schedule.pdf,HV RF_CR (only available to customers currently on the A40R tariff),,tariff code present in distributor publication but not in AER-side file,"p8; Minimum Chargeable Annual Demand 1,000 kVA"
Jemena,2025-26,dnsp_only_code,,A480,HV - Annual Consumption ≥ 55 GWh (Transitional),5 component(s),,,,,,,,,,NUoS,NUoS,AER,DNSP,sources/aer/AER_Consolidated_stakeholder_report_2025-26_v5.xlsx,,sources/dnsp/jemena/Jemena_Network_Tariff_Schedule_2025-26.pdf,https://www.jemena.com.au/contentassets/a440c960e37a4eca8497cf44990ebe0b/jen---2025-26-network-tariff-schedule.pdf,HV - Annual Consumption ≥ 55 GWh (Transitional),,tariff code present in distributor publication but not in AER-side file,"p8; Minimum Chargeable Annual Demand 10,000 kVA"
Jemena,2025-26,dnsp_only_code,,A48C,HV CR - Annual Consumption ≥ 55 GWh (Transitional),5 component(s),,,,,,,,,,NUoS,NUoS,AER,DNSP,sources/aer/AER_Consolidated_stakeholder_report_2025-26_v5.xlsx,,sources/dnsp/jemena/Jemena_Network_Tariff_Schedule_2025-26.pdf,https://www.jemena.com.au/contentassets/a440c960e37a4eca8497cf44990ebe0b/jen---2025-26-network-tariff-schedule.pdf,HV CR - Annual Consumption ≥ 55 GWh (Transitional),,tariff code present in distributor publication but not in AER-side file,"p8; Minimum Chargeable Annual Demand 10,000 kVA"
Jemena,2025-26,dnsp_only_code,,A500,Subtransmission (Transitional),5 component(s),,,,,,,,,,NUoS,NUoS,AER,DNSP,sources/aer/AER_Consolidated_stakeholder_report_2025-26_v5.xlsx,,sources/dnsp/jemena/Jemena_Network_Tariff_Schedule_2025-26.pdf,https://www.jemena.com.au/contentassets/a440c960e37a4eca8497cf44990ebe0b/jen---2025-26-network-tariff-schedule.pdf,Subtransmission (Transitional),,tariff code present in distributor publication but not in AER-side file,"p9; Minimum Chargeable Annual Demand 15,000 kVA"
Jemena,2025-26,dnsp_only_code,,A50A,Subtransmission MA (Transitional),5 component(s),,,,,,,,,,NUoS,NUoS,AER,DNSP,sources/aer/AER_Consolidated_stakeholder_report_2025-26_v5.xlsx,,sources/dnsp/jemena/Jemena_Network_Tariff_Schedule_2025-26.pdf,https://www.jemena.com.au/contentassets/a440c960e37a4eca8497cf44990ebe0b/jen---2025-26-network-tariff-schedule.pdf,Subtransmission MA (Transitional),,tariff code present in distributor publication but not in AER-side file,"p9; Minimum Chargeable Annual Demand 15,000 kVA"
Jemena,2025-26,dnsp_only_code,,A50C,Subtransmission CR,5 component(s),,,,,,,,,,NUoS,NUoS,AER,DNSP,sources/aer/AER_Consolidated_stakeholder_report_2025-26_v5.xlsx,,sources/dnsp/jemena/Jemena_Network_Tariff_Schedule_2025-26.pdf,https://www.jemena.com.au/contentassets/a440c960e37a4eca8497cf44990ebe0b/jen---2025-26-network-tariff-schedule.pdf,Subtransmission CR,,tariff code present in distributor publication but not in AER-side file,"p9; Minimum Chargeable Annual Demand 15,000 kVA"
Jemena,2025-26,dnsp_only_code,,A50E,Subtransmission EG (Transitional),5 component(s),,,,,,,,,,NUoS,NUoS,AER,DNSP,sources/aer/AER_Consolidated_stakeholder_report_2025-26_v5.xlsx,,sources/dnsp/jemena/Jemena_Network_Tariff_Schedule_2025-26.pdf,https://www.jemena.com.au/contentassets/a440c960e37a4eca8497cf44990ebe0b/jen---2025-26-network-tariff-schedule.pdf,Subtransmission EG (Transitional),,tariff code present in distributor publication but not in AER-side file,"p10; Minimum Chargeable Annual Demand 15,000 kVA"
Jemena,2025-26,dnsp_only_code,,A50M,Subtransmission - Multiple Connection CR,5 component(s),,,,,,,,,,NUoS,NUoS,AER,DNSP,sources/aer/AER_Consolidated_stakeholder_report_2025-26_v5.xlsx,,sources/dnsp/jemena/Jemena_Network_Tariff_Schedule_2025-26.pdf,https://www.jemena.com.au/contentassets/a440c960e37a4eca8497cf44990ebe0b/jen---2025-26-network-tariff-schedule.pdf,Subtransmission - Multiple Connection CR,,tariff code present in distributor publication but not in AER-side file,"p9; Minimum Chargeable Annual Demand 15,000 kVA"
Jemena,2025-26,dnsp_only_code,,A50T,Subtransmission MA CR,5 component(s),,,,,,,,,,NUoS,NUoS,AER,DNSP,sources/aer/AER_Consolidated_stakeholder_report_2025-26_v5.xlsx,,sources/dnsp/jemena/Jemena_Network_Tariff_Schedule_2025-26.pdf,https://www.jemena.com.au/contentassets/a440c960e37a4eca8497cf44990ebe0b/jen---2025-26-network-tariff-schedule.pdf,Subtransmission MA CR,,tariff code present in distributor publication but not in AER-side file,"p10; Minimum Chargeable Annual Demand 15,000 kVA"
Jemena,2025-26,dnsp_only_code,,A50X,Subtransmission EG CR,5 component(s),,,,,,,,,,NUoS,NUoS,AER,DNSP,sources/aer/AER_Consolidated_stakeholder_report_2025-26_v5.xlsx,,sources/dnsp/jemena/Jemena_Network_Tariff_Schedule_2025-26.pdf,https://www.jemena.com.au/contentassets/a440c960e37a4eca8497cf44990ebe0b/jen---2025-26-network-tariff-schedule.pdf,Subtransmission EG CR,,tariff code present in distributor publication but not in AER-side file,"p10; Minimum Chargeable Annual Demand 15,000 kVA"
Jemena,2026-27,dnsp_only_code,withdrawn_tariff,A34T,LV MS_CR 2.2+ - 6.0 GWh (closed to new entrants),5 component(s),,,,,,,,,,NUoS,NUoS,AER,DNSP,sources/aer/AER_Consolidated_stakeholder_report_2026-27_26Aug2026.xlsx,,sources/dnsp/jemena/Jemena_Network_Tariff_Schedule_2026-27.pdf,https://www.jemena.com.au/contentassets/a440c960e37a4eca8497cf44990ebe0b/jen-2026-27-network-tariff-schedule.pdf,LV MS_CR 2.2+ - 6.0 GWh (closed to new entrants),,distributor still prices a tariff it marks obsolete/closed; AER-side file does not list it,p3; Minimum Chargeable Annual Demand 250 kVA
Jemena,2026-27,dnsp_only_code,,A37C,LV CR 6.0+ GWh,5 component(s),,,,,,,,,,NUoS,NUoS,AER,DNSP,sources/aer/AER_Consolidated_stakeholder_report_2026-27_26Aug2026.xlsx,,sources/dnsp/jemena/Jemena_Network_Tariff_Schedule_2026-27.pdf,https://www.jemena.com.au/contentassets/a440c960e37a4eca8497cf44990ebe0b/jen-2026-27-network-tariff-schedule.pdf,LV CR 6.0+ GWh,,tariff code present in distributor publication but not in AER-side file,p4; Minimum Chargeable Annual Demand 450 kVA
Jemena,2026-27,dnsp_only_code,withdrawn_tariff,A40T,HV RF_CR (closed to new entrants),5 component(s),,,,,,,,,,NUoS,NUoS,AER,DNSP,sources/aer/AER_Consolidated_stakeholder_report_2026-27_26Aug2026.xlsx,,sources/dnsp/jemena/Jemena_Network_Tariff_Schedule_2026-27.pdf,https://www.jemena.com.au/contentassets/a440c960e37a4eca8497cf44990ebe0b/jen-2026-27-network-tariff-schedule.pdf,HV RF_CR (closed to new entrants),,distributor still prices a tariff it marks obsolete/closed; AER-side file does not list it,"p5; Minimum Chargeable Annual Demand 1,000 kVA"
Jemena,2026-27,dnsp_only_code,,A48C,HV CR - Annual Consumption ≥ 55 GWh,5 component(s),,,,,,,,,,NUoS,NUoS,AER,DNSP,sources/aer/AER_Consolidated_stakeholder_report_2026-27_26Aug2026.xlsx,,sources/dnsp/jemena/Jemena_Network_Tariff_Schedule_2026-27.pdf,https://www.jemena.com.au/contentassets/a440c960e37a4eca8497cf44990ebe0b/jen-2026-27-network-tariff-schedule.pdf,HV CR - Annual Consumption ≥ 55 GWh,,tariff code present in distributor publication but not in AER-side file,"p5; Minimum Chargeable Annual Demand 10,000 kVA"
Jemena,2026-27,dnsp_only_code,,A50C,Subtransmission CR,5 component(s),,,,,,,,,,NUoS,NUoS,AER,DNSP,sources/aer/AER_Consolidated_stakeholder_report_2026-27_26Aug2026.xlsx,,sources/dnsp/jemena/Jemena_Network_Tariff_Schedule_2026-27.pdf,https://www.jemena.com.au/contentassets/a440c960e37a4eca8497cf44990ebe0b/jen-2026-27-network-tariff-schedule.pdf,Subtransmission CR,,tariff code present in distributor publication but not in AER-side file,"p6; Minimum Chargeable Annual Demand 15,000 kVA"
Jemena,2026-27,dnsp_only_code,,A50M,Subtransmission - Multiple Connection CR,5 component(s),,,,,,,,,,NUoS,NUoS,AER,DNSP,sources/aer/AER_Consolidated_stakeholder_report_2026-27_26Aug2026.xlsx,,sources/dnsp/jemena/Jemena_Network_Tariff_Schedule_2026-27.pdf,https://www.jemena.com.au/contentassets/a440c960e37a4eca8497cf44990ebe0b/jen-2026-27-network-tariff-schedule.pdf,Subtransmission - Multiple Connection CR,,tariff code present in distributor publication but not in AER-side file,"p6; Minimum Chargeable Annual Demand 15,000 kVA"
Jemena,2026-27,dnsp_only_code,,A50T,Subtransmission MA CR,5 component(s),,,,,,,,,,NUoS,NUoS,AER,DNSP,sources/aer/AER_Consolidated_stakeholder_report_2026-27_26Aug2026.xlsx,,sources/dnsp/jemena/Jemena_Network_Tariff_Schedule_2026-27.pdf,https://www.jemena.com.au/contentassets/a440c960e37a4eca8497cf44990ebe0b/jen-2026-27-network-tariff-schedule.pdf,Subtransmission MA CR,,tariff code present in distributor publication but not in AER-side file,"p7; Minimum Chargeable Annual Demand 15,000 kVA"
Jemena,2026-27,dnsp_only_code,,A50X,Subtransmission EG CR,5 component(s),,,,,,,,,,NUoS,NUoS,AER,DNSP,sources/aer/AER_Consolidated_stakeholder_report_2026-27_26Aug2026.xlsx,,sources/dnsp/jemena/Jemena_Network_Tariff_Schedule_2026-27.pdf,https://www.jemena.com.au/contentassets/a440c960e37a4eca8497cf44990ebe0b/jen-2026-27-network-tariff-schedule.pdf,Subtransmission EG CR,,tariff code present in distributor publication but not in AER-side file,"p7; Minimum Chargeable Annual Demand 15,000 kVA"
Powercor,2024-25,dnsp_only_code,trial_tariff,GT,Generator storage,3 component(s),,,,,,,,,,NUoS,NUoS,AER,DNSP,sources/aer/2024-25_stakeholder_reports/AER_Stakeholder_report_Powercor_2024-25.xlsx,,sources/dnsp/powercor/Powercor_Pricing_Proposal_2024-25_28Mar2024_wayback.pdf,https://web.archive.org/web/20250115000217/https://media.powercor.com.au/wp-content/uploads/2024/06/11153814/Powercor-2024-25-Pricing-28-March-2024-PUBLIC.pdf,Generator storage,,trial tariff published by distributor; AER-side file has no priced counterpart,page 6 TABLE 2 TRIAL TARIFFS 2024/25 TARIFFS; 2024/25 Pricing PDF 28 Mar 2024 (Wayback copy); trial tariff; GST not stated for this table; assumed excl (document marks its other price tables GST exclusive)
Powercor,2024-25,dnsp_only_code,,HV1,High Voltage,4 component(s),,,,,,,,,,NUoS,NUoS,AER,DNSP,sources/aer/2024-25_stakeholder_reports/AER_Stakeholder_report_Powercor_2024-25.xlsx,,sources/dnsp/powercor/Powercor_Pricing_Proposal_2024-25_28Mar2024_wayback.pdf,https://web.archive.org/web/20250115000217/https://media.powercor.com.au/wp-content/uploads/2024/06/11153814/Powercor-2024-25-Pricing-28-March-2024-PUBLIC.pdf,High Voltage,,tariff code present in distributor publication but not in AER-side file,page 5 TABLE 1 NETWORK TARIFF 2024/25; 2024/25 Pricing PDF 28 Mar 2024 (Wayback copy); GST not stated for this table; assumed excl (document marks its other price tables GST exclusive)
Powercor,2024-25,dnsp_only_code,trial_tariff,HV2A,HV storage,4 component(s),,,,,,,,,,NUoS,NUoS,AER,DNSP,sources/aer/2024-25_stakeholder_reports/AER_Stakeholder_report_Powercor_2024-25.xlsx,,sources/dnsp/powercor/Powercor_Pricing_Proposal_2024-25_28Mar2024_wayback.pdf,https://web.archive.org/web/20250115000217/https://media.powercor.com.au/wp-content/uploads/2024/06/11153814/Powercor-2024-25-Pricing-28-March-2024-PUBLIC.pdf,HV storage,,trial tariff published by distributor; AER-side file has no priced counterpart,page 6 TABLE 2 TRIAL TARIFFS 2024/25 TARIFFS; 2024/25 Pricing PDF 28 Mar 2024 (Wayback copy); trial tariff; GST not stated for this table; assumed excl (document marks its other price tables GST exclusive)
Powercor,2024-25,dnsp_only_code,region_variant,HVT1,High Voltage Transitional,4 component(s),,,,,,,,,,NUoS,NUoS,AER,DNSP,sources/aer/2024-25_stakeholder_reports/AER_Stakeholder_report_Powercor_2024-25.xlsx,,sources/dnsp/powercor/Powercor_Pricing_Proposal_2024-25_28Mar2024_wayback.pdf,https://web.archive.org/web/20250115000217/https://media.powercor.com.au/wp-content/uploads/2024/06/11153814/Powercor-2024-25-Pricing-28-March-2024-PUBLIC.pdf,High Voltage Transitional,,transmission-region variant (T1-T4 suffix) of a tariff the AER-side file lists once,page 5 TABLE 1 NETWORK TARIFF 2024/25; 2024/25 Pricing PDF 28 Mar 2024 (Wayback copy); GST not stated for this table; assumed excl (document marks its other price tables GST exclusive)
Powercor,2024-25,dnsp_only_code,,LLV1,Large low Voltage,4 component(s),,,,,,,,,,NUoS,NUoS,AER,DNSP,sources/aer/2024-25_stakeholder_reports/AER_Stakeholder_report_Powercor_2024-25.xlsx,,sources/dnsp/powercor/Powercor_Pricing_Proposal_2024-25_28Mar2024_wayback.pdf,https://web.archive.org/web/20250115000217/https://media.powercor.com.au/wp-content/uploads/2024/06/11153814/Powercor-2024-25-Pricing-28-March-2024-PUBLIC.pdf,Large low Voltage,,tariff code present in distributor publication but not in AER-side file,page 5 TABLE 1 NETWORK TARIFF 2024/25; 2024/25 Pricing PDF 28 Mar 2024 (Wayback copy); GST not stated for this table; assumed excl (document marks its other price tables GST exclusive)
Powercor,2024-25,dnsp_only_code,region_variant,LLVT1,Large low Voltage Transitional,4 component(s),,,,,,,,,,NUoS,NUoS,AER,DNSP,sources/aer/2024-25_stakeholder_reports/AER_Stakeholder_report_Powercor_2024-25.xlsx,,sources/dnsp/powercor/Powercor_Pricing_Proposal_2024-25_28Mar2024_wayback.pdf,https://web.archive.org/web/20250115000217/https://media.powercor.com.au/wp-content/uploads/2024/06/11153814/Powercor-2024-25-Pricing-28-March-2024-PUBLIC.pdf,Large low Voltage Transitional,,transmission-region variant (T1-T4 suffix) of a tariff the AER-side file lists once,page 5 TABLE 1 NETWORK TARIFF 2024/25; 2024/25 Pricing PDF 28 Mar 2024 (Wayback copy); GST not stated for this table; assumed excl (document marks its other price tables GST exclusive)
Powercor,2024-25,dnsp_only_code,trial_tariff,PDBB,Distributor-owned community battery,1 component(s),,,,,,,,,,NUoS,NUoS,AER,DNSP,sources/aer/2024-25_stakeholder_reports/AER_Stakeholder_report_Powercor_2024-25.xlsx,,sources/dnsp/powercor/Powercor_Pricing_Proposal_2024-25_28Mar2024_wayback.pdf,https://web.archive.org/web/20250115000217/https://media.powercor.com.au/wp-content/uploads/2024/06/11153814/Powercor-2024-25-Pricing-28-March-2024-PUBLIC.pdf,Distributor-owned community battery,,trial tariff published by distributor; AER-side file has no priced counterpart,page 6 TABLE 2 TRIAL TARIFFS 2024/25 TARIFFS; 2024/25 Pricing PDF 28 Mar 2024 (Wayback copy); trial tariff; GST not stated for this table; assumed excl (document marks its other price tables GST exclusive)
Powercor,2024-25,dnsp_only_code,trial_tariff,PNDB,Community battery time of use,4 component(s),,,,,,,,,,NUoS,NUoS,AER,DNSP,sources/aer/2024-25_stakeholder_reports/AER_Stakeholder_report_Powercor_2024-25.xlsx,,sources/dnsp/powercor/Powercor_Pricing_Proposal_2024-25_28Mar2024_wayback.pdf,https://web.archive.org/web/20250115000217/https://media.powercor.com.au/wp-content/uploads/2024/06/11153814/Powercor-2024-25-Pricing-28-March-2024-PUBLIC.pdf,Community battery time of use,,trial tariff published by distributor; AER-side file has no priced counterpart,page 6 TABLE 2 TRIAL TARIFFS 2024/25 TARIFFS; 2024/25 Pricing PDF 28 Mar 2024 (Wayback copy); trial tariff; GST not stated for this table; assumed excl (document marks its other price tables GST exclusive)
Powercor,2024-25,dnsp_only_code,trial_tariff,PRDS,Residential daytime saver,3 component(s),,,,,,,,,,NUoS,NUoS,AER,DNSP,sources/aer/2024-25_stakeholder_reports/AER_Stakeholder_report_Powercor_2024-25.xlsx,,sources/dnsp/powercor/Powercor_Pricing_Proposal_2024-25_28Mar2024_wayback.pdf,https://web.archive.org/web/20250115000217/https://media.powercor.com.au/wp-content/uploads/2024/06/11153814/Powercor-2024-25-Pricing-28-March-2024-PUBLIC.pdf,Residential daytime saver,,trial tariff published by distributor; AER-side file has no priced counterpart,page 6 TABLE 2 TRIAL TARIFFS 2024/25 TARIFFS; 2024/25 Pricing PDF 28 Mar 2024 (Wayback copy); trial tariff; GST not stated for this table; assumed excl (document marks its other price tables GST exclusive)
Powercor,2025-26,dnsp_only_code,trial_tariff,GT,Generator storage,3 component(s),,,,,,,,,,NUoS,NUoS,AER,DNSP,sources/aer/AER_Consolidated_stakeholder_report_2025-26_v5.xlsx,,sources/dnsp/powercor/Powercor_Tariff_Summary_2025-26_31Mar2025_wayback.xlsx,https://web.archive.org/web/20251117072752/https://media.powercor.com.au/wp-content/uploads/2025/05/15155928/Powercor-FINAL-2025-26-Tariff-Summary-31-March-2025-PUBLIC.xlsx,Generator storage,,trial tariff published by distributor; AER-side file has no priced counterpart,sheet 'Trial tariffs'; FINAL 2025-26 Tariff Summary 31 Mar 2025 (Wayback copy); trial tariff; Status: Opt-in
Powercor,2025-26,dnsp_only_code,,HV1,High Voltage,4 component(s),,,,,,,,,,NUoS,NUoS,AER,DNSP,sources/aer/AER_Consolidated_stakeholder_report_2025-26_v5.xlsx,,sources/dnsp/powercor/Powercor_Tariff_Summary_2025-26_31Mar2025_wayback.xlsx,https://web.archive.org/web/20251117072752/https://media.powercor.com.au/wp-content/uploads/2025/05/15155928/Powercor-FINAL-2025-26-Tariff-Summary-31-March-2025-PUBLIC.xlsx,High Voltage,,tariff code present in distributor publication but not in AER-side file,sheet 'PAL_2025_26_NUOS'; FINAL 2025-26 Tariff Summary 31 Mar 2025 (Wayback copy)
Powercor,2025-26,dnsp_only_code,trial_tariff,HV2A,HV storage,4 component(s),,,,,,,,,,NUoS,NUoS,AER,DNSP,sources/aer/AER_Consolidated_stakeholder_report_2025-26_v5.xlsx,,sources/dnsp/powercor/Powercor_Tariff_Summary_2025-26_31Mar2025_wayback.xlsx,https://web.archive.org/web/20251117072752/https://media.powercor.com.au/wp-content/uploads/2025/05/15155928/Powercor-FINAL-2025-26-Tariff-Summary-31-March-2025-PUBLIC.xlsx,HV storage,,trial tariff published by distributor; AER-side file has no priced counterpart,sheet 'Trial tariffs'; FINAL 2025-26 Tariff Summary 31 Mar 2025 (Wayback copy); trial tariff; Status: Opt-in
Powercor,2025-26,dnsp_only_code,region_variant,HVT1,High Voltage Transitional,4 component(s),,,,,,,,,,NUoS,NUoS,AER,DNSP,sources/aer/AER_Consolidated_stakeholder_report_2025-26_v5.xlsx,,sources/dnsp/powercor/Powercor_Tariff_Summary_2025-26_31Mar2025_wayback.xlsx,https://web.archive.org/web/20251117072752/https://media.powercor.com.au/wp-content/uploads/2025/05/15155928/Powercor-FINAL-2025-26-Tariff-Summary-31-March-2025-PUBLIC.xlsx,High Voltage Transitional,,transmission-region variant (T1-T4 suffix) of a tariff the AER-side file lists once,sheet 'PAL_2025_26_NUOS'; FINAL 2025-26 Tariff Summary 31 Mar 2025 (Wayback copy)
Powercor,2025-26,dnsp_only_code,,LLV1,Large low Voltage,4 component(s),,,,,,,,,,NUoS,NUoS,AER,DNSP,sources/aer/AER_Consolidated_stakeholder_report_2025-26_v5.xlsx,,sources/dnsp/powercor/Powercor_Tariff_Summary_2025-26_31Mar2025_wayback.xlsx,https://web.archive.org/web/20251117072752/https://media.powercor.com.au/wp-content/uploads/2025/05/15155928/Powercor-FINAL-2025-26-Tariff-Summary-31-March-2025-PUBLIC.xlsx,Large low Voltage,,tariff code present in distributor publication but not in AER-side file,sheet 'PAL_2025_26_NUOS'; FINAL 2025-26 Tariff Summary 31 Mar 2025 (Wayback copy)
Powercor,2025-26,dnsp_only_code,region_variant,LLVT1,Large low Voltage Transitional,4 component(s),,,,,,,,,,NUoS,NUoS,AER,DNSP,sources/aer/AER_Consolidated_stakeholder_report_2025-26_v5.xlsx,,sources/dnsp/powercor/Powercor_Tariff_Summary_2025-26_31Mar2025_wayback.xlsx,https://web.archive.org/web/20251117072752/https://media.powercor.com.au/wp-content/uploads/2025/05/15155928/Powercor-FINAL-2025-26-Tariff-Summary-31-March-2025-PUBLIC.xlsx,Large low Voltage Transitional,,transmission-region variant (T1-T4 suffix) of a tariff the AER-side file lists once,sheet 'PAL_2025_26_NUOS'; FINAL 2025-26 Tariff Summary 31 Mar 2025 (Wayback copy)
Powercor,2025-26,dnsp_only_code,trial_tariff,PDBB,Distributor-owned community battery,1 component(s),,,,,,,,,,NUoS,NUoS,AER,DNSP,sources/aer/AER_Consolidated_stakeholder_report_2025-26_v5.xlsx,,sources/dnsp/powercor/Powercor_Tariff_Summary_2025-26_31Mar2025_wayback.xlsx,https://web.archive.org/web/20251117072752/https://media.powercor.com.au/wp-content/uploads/2025/05/15155928/Powercor-FINAL-2025-26-Tariff-Summary-31-March-2025-PUBLIC.xlsx,Distributor-owned community battery,,trial tariff published by distributor; AER-side file has no priced counterpart,sheet 'Trial tariffs'; FINAL 2025-26 Tariff Summary 31 Mar 2025 (Wayback copy); trial tariff; Status: Default
Powercor,2025-26,dnsp_only_code,trial_tariff,PNDB,Community battery time of use,4 component(s),,,,,,,,,,NUoS,NUoS,AER,DNSP,sources/aer/AER_Consolidated_stakeholder_report_2025-26_v5.xlsx,,sources/dnsp/powercor/Powercor_Tariff_Summary_2025-26_31Mar2025_wayback.xlsx,https://web.archive.org/web/20251117072752/https://media.powercor.com.au/wp-content/uploads/2025/05/15155928/Powercor-FINAL-2025-26-Tariff-Summary-31-March-2025-PUBLIC.xlsx,Community battery time of use,,trial tariff published by distributor; AER-side file has no priced counterpart,sheet 'Trial tariffs'; FINAL 2025-26 Tariff Summary 31 Mar 2025 (Wayback copy); trial tariff; Status: Default
Powercor,2025-26,dnsp_only_code,trial_tariff,PRDS,Residential daytime saver,3 component(s),,,,,,,,,,NUoS,NUoS,AER,DNSP,sources/aer/AER_Consolidated_stakeholder_report_2025-26_v5.xlsx,,sources/dnsp/powercor/Powercor_Tariff_Summary_2025-26_31Mar2025_wayback.xlsx,https://web.archive.org/web/20251117072752/https://media.powercor.com.au/wp-content/uploads/2025/05/15155928/Powercor-FINAL-2025-26-Tariff-Summary-31-March-2025-PUBLIC.xlsx,Residential daytime saver,,trial tariff published by distributor; AER-side file has no priced counterpart,sheet 'Trial tariffs'; FINAL 2025-26 Tariff Summary 31 Mar 2025 (Wayback copy); trial tariff; Status: Opt-in
Powercor,2026-27,aer_only_code,,HV,High Voltage,4 priced component(s),,,,,,,,,,NUoS,NUoS,AER,DNSP,sources/aer/AER_Consolidated_stakeholder_report_2026-27_26Aug2026.xlsx,https://www.aer.gov.au/system/files/2026-08/AER%20%E2%80%93%202026%E2%80%9327%20%E2%80%93%20Consolidated%20stakeholder%20report%20%E2%80%93%2026%20August%202026.xlsx,sources/dnsp/powercor/Powercor_Tariff_Summary_2026-27_07May2026.xlsx,,,,tariff code present in AER-side file but not in distributor publication,
Powercor,2026-27,aer_only_code,,LLV,Large low Voltage,4 priced component(s),,,,,,,,,,NUoS,NUoS,AER,DNSP,sources/aer/AER_Consolidated_stakeholder_report_2026-27_26Aug2026.xlsx,https://www.aer.gov.au/system/files/2026-08/AER%20%E2%80%93%202026%E2%80%9327%20%E2%80%93%20Consolidated%20stakeholder%20report%20%E2%80%93%2026%20August%202026.xlsx,sources/dnsp/powercor/Powercor_Tariff_Summary_2026-27_07May2026.xlsx,,,,tariff code present in AER-side file but not in distributor publication,
Powercor,2026-27,aer_only_code,aer_zero_placeholder,PFTUOS,Flexible TUOS Pass-Through,0 priced component(s),,,,,,,,,,NUoS,NUoS,AER,DNSP,sources/aer/AER_Consolidated_stakeholder_report_2026-27_26Aug2026.xlsx,https://www.aer.gov.au/system/files/2026-08/AER%20%E2%80%93%202026%E2%80%9327%20%E2%80%93%20Consolidated%20stakeholder%20report%20%E2%80%93%2026%20August%202026.xlsx,sources/dnsp/powercor/Powercor_Tariff_Summary_2026-27_07May2026.xlsx,,,,AER-side file lists this tariff with no prices (placeholder / TBA code),zero-priced row
Powercor,2026-27,dnsp_only_code,trial_tariff,EVPTOU,Residential kerbside EV charger,4 component(s),,,,,,,,,,NUoS,NUoS,AER,DNSP,sources/aer/AER_Consolidated_stakeholder_report_2026-27_26Aug2026.xlsx,,sources/dnsp/powercor/Powercor_Tariff_Summary_2026-27_07May2026.xlsx,https://media.powercor.com.au/documents/Network-pricing/Powercor-FINAL-2026-27-Tariff-Summary-07-May-2026-PUBLIC.xlsx,Residential kerbside EV charger,,trial tariff published by distributor; AER-side file has no priced counterpart,sheet 'PAL_2026-27_TRIAL_NUOS'; FINAL 2026-27 Tariff Summary 7 May 2026; trial tariff; Status: Default
Powercor,2026-27,dnsp_only_code,,HV1,High voltage 1,4 component(s),,,,,,,,,,NUoS,NUoS,AER,DNSP,sources/aer/AER_Consolidated_stakeholder_report_2026-27_26Aug2026.xlsx,,sources/dnsp/powercor/Powercor_Tariff_Summary_2026-27_07May2026.xlsx,https://media.powercor.com.au/documents/Network-pricing/Powercor-FINAL-2026-27-Tariff-Summary-07-May-2026-PUBLIC.xlsx,High voltage 1,,tariff code present in distributor publication but not in AER-side file,sheet 'PAL_2026-27_NUOS'; FINAL 2026-27 Tariff Summary 7 May 2026; Status: Default
Powercor,2026-27,dnsp_only_code,,HV2,High voltage 2,4 component(s),,,,,,,,,,NUoS,NUoS,AER,DNSP,sources/aer/AER_Consolidated_stakeholder_report_2026-27_26Aug2026.xlsx,,sources/dnsp/powercor/Powercor_Tariff_Summary_2026-27_07May2026.xlsx,https://media.powercor.com.au/documents/Network-pricing/Powercor-FINAL-2026-27-Tariff-Summary-07-May-2026-PUBLIC.xlsx,High voltage 2,,tariff code present in distributor publication but not in AER-side file,sheet 'PAL_2026-27_NUOS'; FINAL 2026-27 Tariff Summary 7 May 2026; Status: Default
Powercor,2026-27,dnsp_only_code,,HV3,High voltage 3,4 component(s),,,,,,,,,,NUoS,NUoS,AER,DNSP,sources/aer/AER_Consolidated_stakeholder_report_2026-27_26Aug2026.xlsx,,sources/dnsp/powercor/Powercor_Tariff_Summary_2026-27_07May2026.xlsx,https://media.powercor.com.au/documents/Network-pricing/Powercor-FINAL-2026-27-Tariff-Summary-07-May-2026-PUBLIC.xlsx,High voltage 3,,tariff code present in distributor publication but not in AER-side file,sheet 'PAL_2026-27_NUOS'; FINAL 2026-27 Tariff Summary 7 May 2026; Status: Default
Powercor,2026-27,dnsp_only_code,,LLV1,Large low voltage 1,4 component(s),,,,,,,,,,NUoS,NUoS,AER,DNSP,sources/aer/AER_Consolidated_stakeholder_report_2026-27_26Aug2026.xlsx,,sources/dnsp/powercor/Powercor_Tariff_Summary_2026-27_07May2026.xlsx,https://media.powercor.com.au/documents/Network-pricing/Powercor-FINAL-2026-27-Tariff-Summary-07-May-2026-PUBLIC.xlsx,Large low voltage 1,,tariff code present in distributor publication but not in AER-side file,sheet 'PAL_2026-27_NUOS'; FINAL 2026-27 Tariff Summary 7 May 2026; Status: Default
Powercor,2026-27,dnsp_only_code,,LLV2,Large low voltage 2,4 component(s),,,,,,,,,,NUoS,NUoS,AER,DNSP,sources/aer/AER_Consolidated_stakeholder_report_2026-27_26Aug2026.xlsx,,sources/dnsp/powercor/Powercor_Tariff_Summary_2026-27_07May2026.xlsx,https://media.powercor.com.au/documents/Network-pricing/Powercor-FINAL-2026-27-Tariff-Summary-07-May-2026-PUBLIC.xlsx,Large low voltage 2,,tariff code present in distributor publication but not in AER-side file,sheet 'PAL_2026-27_NUOS'; FINAL 2026-27 Tariff Summary 7 May 2026; Status: Default
Powercor,2026-27,dnsp_only_code,,LLV3,Large low voltage 3,4 component(s),,,,,,,,,,NUoS,NUoS,AER,DNSP,sources/aer/AER_Consolidated_stakeholder_report_2026-27_26Aug2026.xlsx,,sources/dnsp/powercor/Powercor_Tariff_Summary_2026-27_07May2026.xlsx,https://media.powercor.com.au/documents/Network-pricing/Powercor-FINAL-2026-27-Tariff-Summary-07-May-2026-PUBLIC.xlsx,Large low voltage 3,,tariff code present in distributor publication but not in AER-side file,sheet 'PAL_2026-27_NUOS'; FINAL 2026-27 Tariff Summary 7 May 2026; Status: Default
SA Power Networks,2024-25,aer_only_code,aer_zero_placeholder,LBAD087,Large LV Business Annual demand,0 priced component(s),,,,,,,,,,NUoS,NUoS,AER,DNSP,sources/aer/2024-25_stakeholder_reports/AER_Stakeholder_report_SAPN_2024-25_updated17Jul2024.xlsx,https://www.aer.gov.au/system/files/2024-07/AER%20-%20Stakeholder%20report%20-%20SA%20Power%20Networks%20-%20%202024%E2%80%9325%20Annual%20Pricing%20Proposal%20%28updated%2017%20July%202024%29.xlsx,sources/dnsp/sapn/SAPN_Tariff_Price_List_2024-25_id328119.pdf,,,,AER-side file lists this tariff with no prices (placeholder / TBA code),zero-priced row; site-specific
SA Power Networks,2024-25,aer_only_code,aer_zero_placeholder,LBAD432,Large LV Business Annual demand,0 priced component(s),,,,,,,,,,NUoS,NUoS,AER,DNSP,sources/aer/2024-25_stakeholder_reports/AER_Stakeholder_report_SAPN_2024-25_updated17Jul2024.xlsx,https://www.aer.gov.au/system/files/2024-07/AER%20-%20Stakeholder%20report%20-%20SA%20Power%20Networks%20-%20%202024%E2%80%9325%20Annual%20Pricing%20Proposal%20%28updated%2017%20July%202024%29.xlsx,sources/dnsp/sapn/SAPN_Tariff_Price_List_2024-25_id328119.pdf,,,,AER-side file lists this tariff with no prices (placeholder / TBA code),zero-priced row; site-specific
SA Power Networks,2024-25,aer_only_code,aer_zero_placeholder,LBAD627,Large LV Business Annual demand,0 priced component(s),,,,,,,,,,NUoS,NUoS,AER,DNSP,sources/aer/2024-25_stakeholder_reports/AER_Stakeholder_report_SAPN_2024-25_updated17Jul2024.xlsx,https://www.aer.gov.au/system/files/2024-07/AER%20-%20Stakeholder%20report%20-%20SA%20Power%20Networks%20-%20%202024%E2%80%9325%20Annual%20Pricing%20Proposal%20%28updated%2017%20July%202024%29.xlsx,sources/dnsp/sapn/SAPN_Tariff_Price_List_2024-25_id328119.pdf,,,,AER-side file lists this tariff with no prices (placeholder / TBA code),zero-priced row; site-specific
SA Power Networks,2024-25,aer_only_code,aer_zero_placeholder,STN840,Sub Transmission kVA Locational,0 priced component(s),,,,,,,,,,NUoS,NUoS,AER,DNSP,sources/aer/2024-25_stakeholder_reports/AER_Stakeholder_report_SAPN_2024-25_updated17Jul2024.xlsx,https://www.aer.gov.au/system/files/2024-07/AER%20-%20Stakeholder%20report%20-%20SA%20Power%20Networks%20-%20%202024%E2%80%9325%20Annual%20Pricing%20Proposal%20%28updated%2017%20July%202024%29.xlsx,sources/dnsp/sapn/SAPN_Tariff_Price_List_2024-25_id328119.pdf,,,,AER-side file lists this tariff with no prices (placeholder / TBA code),zero-priced row; site-specific
SA Power Networks,2024-25,aer_only_code,aer_zero_placeholder,ZSN307,Zone Substation kVA Locational,0 priced component(s),,,,,,,,,,NUoS,NUoS,AER,DNSP,sources/aer/2024-25_stakeholder_reports/AER_Stakeholder_report_SAPN_2024-25_updated17Jul2024.xlsx,https://www.aer.gov.au/system/files/2024-07/AER%20-%20Stakeholder%20report%20-%20SA%20Power%20Networks%20-%20%202024%E2%80%9325%20Annual%20Pricing%20Proposal%20%28updated%2017%20July%202024%29.xlsx,sources/dnsp/sapn/SAPN_Tariff_Price_List_2024-25_id328119.pdf,,,,AER-side file lists this tariff with no prices (placeholder / TBA code),zero-priced row; site-specific
SA Power Networks,2024-25,aer_only_code,aer_zero_placeholder,ZSN767,Zone Substation kVA Locational,0 priced component(s),,,,,,,,,,NUoS,NUoS,AER,DNSP,sources/aer/2024-25_stakeholder_reports/AER_Stakeholder_report_SAPN_2024-25_updated17Jul2024.xlsx,https://www.aer.gov.au/system/files/2024-07/AER%20-%20Stakeholder%20report%20-%20SA%20Power%20Networks%20-%20%202024%E2%80%9325%20Annual%20Pricing%20Proposal%20%28updated%2017%20July%202024%29.xlsx,sources/dnsp/sapn/SAPN_Tariff_Price_List_2024-25_id328119.pdf,,,,AER-side file lists this tariff with no prices (placeholder / TBA code),zero-priced row; site-specific
SA Power Networks,2024-25,aer_only_code,,ZSS766,Zone Substation kVA non-Locational,3 priced component(s),,,,,,,,,,NUoS,NUoS,AER,DNSP,sources/aer/2024-25_stakeholder_reports/AER_Stakeholder_report_SAPN_2024-25_updated17Jul2024.xlsx,https://www.aer.gov.au/system/files/2024-07/AER%20-%20Stakeholder%20report%20-%20SA%20Power%20Networks%20-%20%202024%E2%80%9325%20Annual%20Pricing%20Proposal%20%28updated%2017%20July%202024%29.xlsx,sources/dnsp/sapn/SAPN_Tariff_Price_List_2024-25_id328119.pdf,,,,tariff code present in AER-side file but not in distributor publication,site-specific
SA Power Networks,2024-25,dnsp_only_code,site_specific_variant,ZSS850,Zone Substation kVA non-Locational,3 component(s),,,,,,,,,,NUoS,NUoS,AER,DNSP,sources/aer/2024-25_stakeholder_reports/AER_Stakeholder_report_SAPN_2024-25_updated17Jul2024.xlsx,,sources/dnsp/sapn/SAPN_Tariff_Price_List_2024-25_id328119.pdf,https://www.sapowernetworks.com.au/public/download.jsp?id=328119,Zone Substation kVA non-Locational,,site-specific (locational) variant of a standard tariff; the AER-side file lists only the standard code,Table 1: NUOS Tariff Schedule (cont.) p6; site-specific; document p3: 'All prices listed are exclusive of GST'
SA Power Networks,2024-25,dnsp_only_component,aer_zero_placeholder,HVADF,HV Business Agreed Demand Flexible,SUPPLY - Supply Rate,,,45.4528,$/day,,4545.28,c/day,,,NUoS,NUoS,AER,DNSP,sources/aer/2024-25_stakeholder_reports/AER_Stakeholder_report_SAPN_2024-25_updated17Jul2024.xlsx,,sources/dnsp/sapn/SAPN_Tariff_Price_List_2024-25_id328119.pdf,https://www.sapowernetworks.com.au/public/download.jsp?id=328119,HV Business Agreed Demand Flexible,SUPPLY - Supply Rate,code differs (HVADF-SA vs HVADF); matched by code alias,Table 1: NUOS Tariff Schedule p5; CBD code: HVADFCBD; document p3: 'All prices listed are exclusive of GST'
SA Power Networks,2024-25,dnsp_only_component,aer_zero_placeholder,HVADF,HV Business Agreed Demand Flexible,ENERGY BASED USAGE - Single and TOU consumption - Peak,,,0.0502,$/kWh,,5.02,c/kWh,,,NUoS,NUoS,AER,DNSP,sources/aer/2024-25_stakeholder_reports/AER_Stakeholder_report_SAPN_2024-25_updated17Jul2024.xlsx,,sources/dnsp/sapn/SAPN_Tariff_Price_List_2024-25_id328119.pdf,https://www.sapowernetworks.com.au/public/download.jsp?id=328119,HV Business Agreed Demand Flexible,ENERGY BASED USAGE - Single and TOU consumption - Peak,code differs (HVADF-SA vs HVADF); matched by code alias,Table 1: NUOS Tariff Schedule p5; CBD code: HVADFCBD; document p3: 'All prices listed are exclusive of GST'
SA Power Networks,2024-25,dnsp_only_component,aer_zero_placeholder,HVADF,HV Business Agreed Demand Flexible,ENERGY BASED USAGE - Single and TOU consumption - Off-Peak,,,0.0317,$/kWh,,3.17,c/kWh,,,NUoS,NUoS,AER,DNSP,sources/aer/2024-25_stakeholder_reports/AER_Stakeholder_report_SAPN_2024-25_updated17Jul2024.xlsx,,sources/dnsp/sapn/SAPN_Tariff_Price_List_2024-25_id328119.pdf,https://www.sapowernetworks.com.au/public/download.jsp?id=328119,HV Business Agreed Demand Flexible,ENERGY BASED USAGE - Single and TOU consumption - Off-Peak,code differs (HVADF-SA vs HVADF); matched by code alias,Table 1: NUOS Tariff Schedule p5; CBD code: HVADFCBD; document p3: 'All prices listed are exclusive of GST'
SA Power Networks,2024-25,dnsp_only_component,aer_zero_placeholder,HVADF,HV Business Agreed Demand Flexible,ANNUAL kVA DEMAND - Actual/Agreed Annual - Peak Year,,,0.2758,$/kVA/day,,27.58,c/kVA/day,,,NUoS,NUoS,AER,DNSP,sources/aer/2024-25_stakeholder_reports/AER_Stakeholder_report_SAPN_2024-25_updated17Jul2024.xlsx,,sources/dnsp/sapn/SAPN_Tariff_Price_List_2024-25_id328119.pdf,https://www.sapowernetworks.com.au/public/download.jsp?id=328119,HV Business Agreed Demand Flexible,ANNUAL kVA DEMAND - Actual/Agreed Annual - Peak Year,code differs (HVADF-SA vs HVADF); matched by code alias,Table 1: NUOS Tariff Schedule p5; CBD code: HVADFCBD; document p3: 'All prices listed are exclusive of GST'
SA Power Networks,2024-25,dnsp_only_component,aer_zero_placeholder,HVADF,HV Business Agreed Demand Flexible,ANNUAL kVA DEMAND - Actual/Agreed Annual - Anytime Year,,,0.1146,$/kVA/day,,11.46,c/kVA/day,,,NUoS,NUoS,AER,DNSP,sources/aer/2024-25_stakeholder_reports/AER_Stakeholder_report_SAPN_2024-25_updated17Jul2024.xlsx,,sources/dnsp/sapn/SAPN_Tariff_Price_List_2024-25_id328119.pdf,https://www.sapowernetworks.com.au/public/download.jsp?id=328119,HV Business Agreed Demand Flexible,ANNUAL kVA DEMAND - Actual/Agreed Annual - Anytime Year,code differs (HVADF-SA vs HVADF); matched by code alias,Table 1: NUOS Tariff Schedule p5; CBD code: HVADFCBD; document p3: 'All prices listed are exclusive of GST'
SA Power Networks,2024-25,dnsp_only_component,aer_zero_placeholder,HVADF,HV Business Agreed Demand Flexible,ANNUAL kVA DEMAND - Actual/Agreed Annual - Anytime Flex,,,0.0573,$/kVA/day,,5.73,c/kVA/day,,,NUoS,NUoS,AER,DNSP,sources/aer/2024-25_stakeholder_reports/AER_Stakeholder_report_SAPN_2024-25_updated17Jul2024.xlsx,,sources/dnsp/sapn/SAPN_Tariff_Price_List_2024-25_id328119.pdf,https://www.sapowernetworks.com.au/public/download.jsp?id=328119,HV Business Agreed Demand Flexible,ANNUAL kVA DEMAND - Actual/Agreed Annual - Anytime Flex,code differs (HVADF-SA vs HVADF); matched by code alias,Table 1: NUOS Tariff Schedule p5; CBD code: HVADFCBD; document p3: 'All prices listed are exclusive of GST'
SA Power Networks,2024-25,dnsp_only_component,aer_zero_placeholder,HVBGF,HV Business Generation Flexible,ANNUAL kVA DEMAND - Actual/Agreed Annual - Peak Year,,,0.2758,$/kVA/day,,27.58,c/kVA/day,,,NUoS,NUoS,AER,DNSP,sources/aer/2024-25_stakeholder_reports/AER_Stakeholder_report_SAPN_2024-25_updated17Jul2024.xlsx,,sources/dnsp/sapn/SAPN_Tariff_Price_List_2024-25_id328119.pdf,https://www.sapowernetworks.com.au/public/download.jsp?id=328119,HV Business Generation Flexible,ANNUAL kVA DEMAND - Actual/Agreed Annual - Peak Year,code differs (HVBGF-SA vs HVBGF); matched by code alias,Table 1: NUOS Tariff Schedule p5; CBD code: HVBGFCBD; document p3: 'All prices listed are exclusive of GST'
SA Power Networks,2024-25,dnsp_only_component,aer_zero_placeholder,HVBGF,HV Business Generation Flexible,ANNUAL kVA DEMAND - Actual/Agreed Annual - Anytime Year,,,0.1146,$/kVA/day,,11.46,c/kVA/day,,,NUoS,NUoS,AER,DNSP,sources/aer/2024-25_stakeholder_reports/AER_Stakeholder_report_SAPN_2024-25_updated17Jul2024.xlsx,,sources/dnsp/sapn/SAPN_Tariff_Price_List_2024-25_id328119.pdf,https://www.sapowernetworks.com.au/public/download.jsp?id=328119,HV Business Generation Flexible,ANNUAL kVA DEMAND - Actual/Agreed Annual - Anytime Year,code differs (HVBGF-SA vs HVBGF); matched by code alias,Table 1: NUOS Tariff Schedule p5; CBD code: HVBGFCBD; document p3: 'All prices listed are exclusive of GST'
SA Power Networks,2024-25,dnsp_only_component,aer_zero_placeholder,HVBGF,HV Business Generation Flexible,ANNUAL kVA DEMAND - Actual/Agreed Annual - Anytime Flex,,,0.0573,$/kVA/day,,5.73,c/kVA/day,,,NUoS,NUoS,AER,DNSP,sources/aer/2024-25_stakeholder_reports/AER_Stakeholder_report_SAPN_2024-25_updated17Jul2024.xlsx,,sources/dnsp/sapn/SAPN_Tariff_Price_List_2024-25_id328119.pdf,https://www.sapowernetworks.com.au/public/download.jsp?id=328119,HV Business Generation Flexible,ANNUAL kVA DEMAND - Actual/Agreed Annual - Anytime Flex,code differs (HVBGF-SA vs HVBGF); matched by code alias,Table 1: NUOS Tariff Schedule p5; CBD code: HVBGFCBD; document p3: 'All prices listed are exclusive of GST'
SA Power Networks,2024-25,dnsp_only_component,aer_zero_placeholder,LBADF,Large LV Business Agreed Demand Flexible,SUPPLY - Supply Rate,,,7.7331,$/day,,773.31,c/day,,,NUoS,NUoS,AER,DNSP,sources/aer/2024-25_stakeholder_reports/AER_Stakeholder_report_SAPN_2024-25_updated17Jul2024.xlsx,,sources/dnsp/sapn/SAPN_Tariff_Price_List_2024-25_id328119.pdf,https://www.sapowernetworks.com.au/public/download.jsp?id=328119,Large LV Business Agreed Demand Flexible,SUPPLY - Supply Rate,code differs (LBADF-SA vs LBADF); matched by code alias,Table 1: NUOS Tariff Schedule p5; CBD code: LBADFCBD; document p3: 'All prices listed are exclusive of GST'
SA Power Networks,2024-25,dnsp_only_component,aer_zero_placeholder,LBADF,Large LV Business Agreed Demand Flexible,ENERGY BASED USAGE - Single and TOU consumption - Peak,,,0.0805,$/kWh,,8.05,c/kWh,,,NUoS,NUoS,AER,DNSP,sources/aer/2024-25_stakeholder_reports/AER_Stakeholder_report_SAPN_2024-25_updated17Jul2024.xlsx,,sources/dnsp/sapn/SAPN_Tariff_Price_List_2024-25_id328119.pdf,https://www.sapowernetworks.com.au/public/download.jsp?id=328119,Large LV Business Agreed Demand Flexible,ENERGY BASED USAGE - Single and TOU consumption - Peak,code differs (LBADF-SA vs LBADF); matched by code alias,Table 1: NUOS Tariff Schedule p5; CBD code: LBADFCBD; document p3: 'All prices listed are exclusive of GST'
SA Power Networks,2024-25,dnsp_only_component,aer_zero_placeholder,LBADF,Large LV Business Agreed Demand Flexible,ENERGY BASED USAGE - Single and TOU consumption - Off-Peak,,,0.0505,$/kWh,,5.05,c/kWh,,,NUoS,NUoS,AER,DNSP,sources/aer/2024-25_stakeholder_reports/AER_Stakeholder_report_SAPN_2024-25_updated17Jul2024.xlsx,,sources/dnsp/sapn/SAPN_Tariff_Price_List_2024-25_id328119.pdf,https://www.sapowernetworks.com.au/public/download.jsp?id=328119,Large LV Business Agreed Demand Flexible,ENERGY BASED USAGE - Single and TOU consumption - Off-Peak,code differs (LBADF-SA vs LBADF); matched by code alias,Table 1: NUOS Tariff Schedule p5; CBD code: LBADFCBD; document p3: 'All prices listed are exclusive of GST'
SA Power Networks,2024-25,dnsp_only_component,aer_zero_placeholder,LBADF,Large LV Business Agreed Demand Flexible,ANNUAL kVA DEMAND - Actual/Agreed Annual - Peak Year,,,0.3215,$/kVA/day,,32.15,c/kVA/day,,,NUoS,NUoS,AER,DNSP,sources/aer/2024-25_stakeholder_reports/AER_Stakeholder_report_SAPN_2024-25_updated17Jul2024.xlsx,,sources/dnsp/sapn/SAPN_Tariff_Price_List_2024-25_id328119.pdf,https://www.sapowernetworks.com.au/public/download.jsp?id=328119,Large LV Business Agreed Demand Flexible,ANNUAL kVA DEMAND - Actual/Agreed Annual - Peak Year,code differs (LBADF-SA vs LBADF); matched by code alias,Table 1: NUOS Tariff Schedule p5; CBD code: LBADFCBD; document p3: 'All prices listed are exclusive of GST'
SA Power Networks,2024-25,dnsp_only_component,aer_zero_placeholder,LBADF,Large LV Business Agreed Demand Flexible,ANNUAL kVA DEMAND - Actual/Agreed Annual - Anytime Year,,,0.117,$/kVA/day,,11.7,c/kVA/day,,,NUoS,NUoS,AER,DNSP,sources/aer/2024-25_stakeholder_reports/AER_Stakeholder_report_SAPN_2024-25_updated17Jul2024.xlsx,,sources/dnsp/sapn/SAPN_Tariff_Price_List_2024-25_id328119.pdf,https://www.sapowernetworks.com.au/public/download.jsp?id=328119,Large LV Business Agreed Demand Flexible,ANNUAL kVA DEMAND - Actual/Agreed Annual - Anytime Year,code differs (LBADF-SA vs LBADF); matched by code alias,Table 1: NUOS Tariff Schedule p5; CBD code: LBADFCBD; document p3: 'All prices listed are exclusive of GST'
SA Power Networks,2024-25,dnsp_only_component,aer_zero_placeholder,LBADF,Large LV Business Agreed Demand Flexible,ANNUAL kVA DEMAND - Actual/Agreed Annual - Anytime Flex,,,0.0585,$/kVA/day,,5.85,c/kVA/day,,,NUoS,NUoS,AER,DNSP,sources/aer/2024-25_stakeholder_reports/AER_Stakeholder_report_SAPN_2024-25_updated17Jul2024.xlsx,,sources/dnsp/sapn/SAPN_Tariff_Price_List_2024-25_id328119.pdf,https://www.sapowernetworks.com.au/public/download.jsp?id=328119,Large LV Business Agreed Demand Flexible,ANNUAL kVA DEMAND - Actual/Agreed Annual - Anytime Flex,code differs (LBADF-SA vs LBADF); matched by code alias,Table 1: NUOS Tariff Schedule p5; CBD code: LBADFCBD; document p3: 'All prices listed are exclusive of GST'
SA Power Networks,2024-25,dnsp_only_component,aer_zero_placeholder,LBGF,Large LV Business Generation Flexible,SUPPLY - Supply Rate,,,7.7331,$/day,,773.31,c/day,,,NUoS,NUoS,AER,DNSP,sources/aer/2024-25_stakeholder_reports/AER_Stakeholder_report_SAPN_2024-25_updated17Jul2024.xlsx,,sources/dnsp/sapn/SAPN_Tariff_Price_List_2024-25_id328119.pdf,https://www.sapowernetworks.com.au/public/download.jsp?id=328119,Large LV Business Generation Flexible,SUPPLY - Supply Rate,code differs (LBGF-SA vs LBGF); matched by code alias,Table 1: NUOS Tariff Schedule p5; CBD code: LBGFCBD; document p3: 'All prices listed are exclusive of GST'
SA Power Networks,2024-25,dnsp_only_component,aer_zero_placeholder,LBGF,Large LV Business Generation Flexible,ANNUAL kVA DEMAND - Actual/Agreed Annual - Peak Year,,,0.3215,$/kVA/day,,32.15,c/kVA/day,,,NUoS,NUoS,AER,DNSP,sources/aer/2024-25_stakeholder_reports/AER_Stakeholder_report_SAPN_2024-25_updated17Jul2024.xlsx,,sources/dnsp/sapn/SAPN_Tariff_Price_List_2024-25_id328119.pdf,https://www.sapowernetworks.com.au/public/download.jsp?id=328119,Large LV Business Generation Flexible,ANNUAL kVA DEMAND - Actual/Agreed Annual - Peak Year,code differs (LBGF-SA vs LBGF); matched by code alias,Table 1: NUOS Tariff Schedule p5; CBD code: LBGFCBD; document p3: 'All prices listed are exclusive of GST'
SA Power Networks,2024-25,dnsp_only_component,aer_zero_placeholder,LBGF,Large LV Business Generation Flexible,ANNUAL kVA DEMAND - Actual/Agreed Annual - Anytime Year,,,0.117,$/kVA/day,,11.7,c/kVA/day,,,NUoS,NUoS,AER,DNSP,sources/aer/2024-25_stakeholder_reports/AER_Stakeholder_report_SAPN_2024-25_updated17Jul2024.xlsx,,sources/dnsp/sapn/SAPN_Tariff_Price_List_2024-25_id328119.pdf,https://www.sapowernetworks.com.au/public/download.jsp?id=328119,Large LV Business Generation Flexible,ANNUAL kVA DEMAND - Actual/Agreed Annual - Anytime Year,code differs (LBGF-SA vs LBGF); matched by code alias,Table 1: NUOS Tariff Schedule p5; CBD code: LBGFCBD; document p3: 'All prices listed are exclusive of GST'
SA Power Networks,2024-25,dnsp_only_component,aer_zero_placeholder,LBGF,Large LV Business Generation Flexible,ANNUAL kVA DEMAND - Actual/Agreed Annual - Anytime Flex,,,0.0585,$/kVA/day,,5.85,c/kVA/day,,,NUoS,NUoS,AER,DNSP,sources/aer/2024-25_stakeholder_reports/AER_Stakeholder_report_SAPN_2024-25_updated17Jul2024.xlsx,,sources/dnsp/sapn/SAPN_Tariff_Price_List_2024-25_id328119.pdf,https://www.sapowernetworks.com.au/public/download.jsp?id=328119,Large LV Business Generation Flexible,ANNUAL kVA DEMAND - Actual/Agreed Annual - Anytime Flex,code differs (LBGF-SA vs LBGF); matched by code alias,Table 1: NUOS Tariff Schedule p5; CBD code: LBGFCBD; document p3: 'All prices listed are exclusive of GST'
SA Power Networks,2024-25,dnsp_only_component,aer_zero_placeholder,RELE,Residential Electrify,SUPPLY - Supply Rate,,,0.5753,$/day,,57.53,c/day,,,NUoS,NUoS,AER,DNSP,sources/aer/2024-25_stakeholder_reports/AER_Stakeholder_report_SAPN_2024-25_updated17Jul2024.xlsx,,sources/dnsp/sapn/SAPN_Tariff_Price_List_2024-25_id328119.pdf,https://www.sapowernetworks.com.au/public/download.jsp?id=328119,Residential Electrify,SUPPLY - Supply Rate,component priced in distributor publication with no counterpart in AER-side file,Table 1: NUOS Tariff Schedule p5; document p3: 'All prices listed are exclusive of GST'
SA Power Networks,2024-25,dnsp_only_component,aer_zero_placeholder,RELE,Residential Electrify,REBATE - Diversify,,,-0.33,$/day,,-33.0,c/day,,,NUoS,NUoS,AER,DNSP,sources/aer/2024-25_stakeholder_reports/AER_Stakeholder_report_SAPN_2024-25_updated17Jul2024.xlsx,,sources/dnsp/sapn/SAPN_Tariff_Price_List_2024-25_id328119.pdf,https://www.sapowernetworks.com.au/public/download.jsp?id=328119,Residential Electrify,REBATE - Diversify,component priced in distributor publication with no counterpart in AER-side file,Table 1: NUOS Tariff Schedule p5; Diversify tariff-trial rebate (negative $/day); header: 'Refer to 2.3.6 for eligibility'; document p3: 'All prices listed are exclusive of GST'
SA Power Networks,2024-25,dnsp_only_component,aer_zero_placeholder,RELE,Residential Electrify,ENERGY BASED USAGE - Single and TOU consumption - Peak,,,0.3309,$/kWh,,33.09,c/kWh,,,NUoS,NUoS,AER,DNSP,sources/aer/2024-25_stakeholder_reports/AER_Stakeholder_report_SAPN_2024-25_updated17Jul2024.xlsx,,sources/dnsp/sapn/SAPN_Tariff_Price_List_2024-25_id328119.pdf,https://www.sapowernetworks.com.au/public/download.jsp?id=328119,Residential Electrify,ENERGY BASED USAGE - Single and TOU consumption - Peak,component priced in distributor publication with no counterpart in AER-side file,Table 1: NUOS Tariff Schedule p5; document p3: 'All prices listed are exclusive of GST'
SA Power Networks,2024-25,dnsp_only_component,aer_zero_placeholder,RELE,Residential Electrify,ENERGY BASED USAGE - Single and TOU consumption - Off-Peak,,,0.0978,$/kWh,,9.78,c/kWh,,,NUoS,NUoS,AER,DNSP,sources/aer/2024-25_stakeholder_reports/AER_Stakeholder_report_SAPN_2024-25_updated17Jul2024.xlsx,,sources/dnsp/sapn/SAPN_Tariff_Price_List_2024-25_id328119.pdf,https://www.sapowernetworks.com.au/public/download.jsp?id=328119,Residential Electrify,ENERGY BASED USAGE - Single and TOU consumption - Off-Peak,component priced in distributor publication with no counterpart in AER-side file,Table 1: NUOS Tariff Schedule p5; document p3: 'All prices listed are exclusive of GST'
SA Power Networks,2024-25,dnsp_only_component,aer_zero_placeholder,RELE,Residential Electrify,ENERGY BASED USAGE - Single and TOU consumption - Solar Sponge,,,0.0301,$/kWh,,3.01,c/kWh,,,NUoS,NUoS,AER,DNSP,sources/aer/2024-25_stakeholder_reports/AER_Stakeholder_report_SAPN_2024-25_updated17Jul2024.xlsx,,sources/dnsp/sapn/SAPN_Tariff_Price_List_2024-25_id328119.pdf,https://www.sapowernetworks.com.au/public/download.jsp?id=328119,Residential Electrify,ENERGY BASED USAGE - Single and TOU consumption - Solar Sponge,component priced in distributor publication with no counterpart in AER-side file,Table 1: NUOS Tariff Schedule p5; document p3: 'All prices listed are exclusive of GST'
SA Power Networks,2024-25,dnsp_only_component,aer_zero_placeholder,RELE,Residential Electrify,ENERGY BASED USAGE - CL Single and TOU consumption - Peak,,,0.1879,$/kWh,,18.79,c/kWh,,,NUoS,NUoS,AER,DNSP,sources/aer/2024-25_stakeholder_reports/AER_Stakeholder_report_SAPN_2024-25_updated17Jul2024.xlsx,,sources/dnsp/sapn/SAPN_Tariff_Price_List_2024-25_id328119.pdf,https://www.sapowernetworks.com.au/public/download.jsp?id=328119,Residential Electrify,ENERGY BASED USAGE - CL Single and TOU consumption - Peak,component priced in distributor publication with no counterpart in AER-side file,Table 1: NUOS Tariff Schedule p5; document p3: 'All prices listed are exclusive of GST'
SA Power Networks,2024-25,dnsp_only_component,aer_zero_placeholder,RELE,Residential Electrify,ENERGY BASED USAGE - CL Single and TOU consumption - Off-Peak,,,0.0756,$/kWh,,7.56,c/kWh,,,NUoS,NUoS,AER,DNSP,sources/aer/2024-25_stakeholder_reports/AER_Stakeholder_report_SAPN_2024-25_updated17Jul2024.xlsx,,sources/dnsp/sapn/SAPN_Tariff_Price_List_2024-25_id328119.pdf,https://www.sapowernetworks.com.au/public/download.jsp?id=328119,Residential Electrify,ENERGY BASED USAGE - CL Single and TOU consumption - Off-Peak,component priced in distributor publication with no counterpart in AER-side file,Table 1: NUOS Tariff Schedule p5; document p3: 'All prices listed are exclusive of GST'
SA Power Networks,2024-25,dnsp_only_component,aer_zero_placeholder,RELE,Residential Electrify,ENERGY BASED USAGE - CL Single and TOU consumption - Solar Sponge,,,0.0381,$/kWh,,3.81,c/kWh,,,NUoS,NUoS,AER,DNSP,sources/aer/2024-25_stakeholder_reports/AER_Stakeholder_report_SAPN_2024-25_updated17Jul2024.xlsx,,sources/dnsp/sapn/SAPN_Tariff_Price_List_2024-25_id328119.pdf,https://www.sapowernetworks.com.au/public/download.jsp?id=328119,Residential Electrify,ENERGY BASED USAGE - CL Single and TOU consumption - Solar Sponge,component priced in distributor publication with no counterpart in AER-side file,Table 1: NUOS Tariff Schedule p5; document p3: 'All prices listed are exclusive of GST'
SA Power Networks,2024-25,dnsp_only_component,aer_zero_placeholder,RELE2W,Electrify Two Way,SUPPLY - Supply Rate,,,0.5753,$/day,,57.53,c/day,,,NUoS,NUoS,AER,DNSP,sources/aer/2024-25_stakeholder_reports/AER_Stakeholder_report_SAPN_2024-25_updated17Jul2024.xlsx,,sources/dnsp/sapn/SAPN_Tariff_Price_List_2024-25_id328119.pdf,https://www.sapowernetworks.com.au/public/download.jsp?id=328119,Residential Electrify Two Way,SUPPLY - Supply Rate,component priced in distributor publication with no counterpart in AER-side file,Table 1: NUOS Tariff Schedule p5; document p3: 'All prices listed are exclusive of GST'
SA Power Networks,2024-25,dnsp_only_component,aer_zero_placeholder,RELE2W,Electrify Two Way,REBATE - Diversify,,,-0.33,$/day,,-33.0,c/day,,,NUoS,NUoS,AER,DNSP,sources/aer/2024-25_stakeholder_reports/AER_Stakeholder_report_SAPN_2024-25_updated17Jul2024.xlsx,,sources/dnsp/sapn/SAPN_Tariff_Price_List_2024-25_id328119.pdf,https://www.sapowernetworks.com.au/public/download.jsp?id=328119,Residential Electrify Two Way,REBATE - Diversify,component priced in distributor publication with no counterpart in AER-side file,Table 1: NUOS Tariff Schedule p5; Diversify tariff-trial rebate (negative $/day); header: 'Refer to 2.3.6 for eligibility'; document p3: 'All prices listed are exclusive of GST'
SA Power Networks,2024-25,dnsp_only_component,aer_zero_placeholder,RELE2W,Electrify Two Way,ENERGY BASED USAGE - Single and TOU consumption - Peak,,,0.3309,$/kWh,,33.09,c/kWh,,,NUoS,NUoS,AER,DNSP,sources/aer/2024-25_stakeholder_reports/AER_Stakeholder_report_SAPN_2024-25_updated17Jul2024.xlsx,,sources/dnsp/sapn/SAPN_Tariff_Price_List_2024-25_id328119.pdf,https://www.sapowernetworks.com.au/public/download.jsp?id=328119,Residential Electrify Two Way,ENERGY BASED USAGE - Single and TOU consumption - Peak,component priced in distributor publication with no counterpart in AER-side file,Table 1: NUOS Tariff Schedule p5; document p3: 'All prices listed are exclusive of GST'
SA Power Networks,2024-25,dnsp_only_component,aer_zero_placeholder,RELE2W,Electrify Two Way,ENERGY BASED USAGE - Single and TOU consumption - Off-Peak,,,0.0978,$/kWh,,9.78,c/kWh,,,NUoS,NUoS,AER,DNSP,sources/aer/2024-25_stakeholder_reports/AER_Stakeholder_report_SAPN_2024-25_updated17Jul2024.xlsx,,sources/dnsp/sapn/SAPN_Tariff_Price_List_2024-25_id328119.pdf,https://www.sapowernetworks.com.au/public/download.jsp?id=328119,Residential Electrify Two Way,ENERGY BASED USAGE - Single and TOU consumption - Off-Peak,component priced in distributor publication with no counterpart in AER-side file,Table 1: NUOS Tariff Schedule p5; document p3: 'All prices listed are exclusive of GST'
SA Power Networks,2024-25,dnsp_only_component,aer_zero_placeholder,RELE2W,Electrify Two Way,ENERGY BASED USAGE - Single and TOU consumption - Solar Sponge,,,0.0301,$/kWh,,3.01,c/kWh,,,NUoS,NUoS,AER,DNSP,sources/aer/2024-25_stakeholder_reports/AER_Stakeholder_report_SAPN_2024-25_updated17Jul2024.xlsx,,sources/dnsp/sapn/SAPN_Tariff_Price_List_2024-25_id328119.pdf,https://www.sapowernetworks.com.au/public/download.jsp?id=328119,Residential Electrify Two Way,ENERGY BASED USAGE - Single and TOU consumption - Solar Sponge,component priced in distributor publication with no counterpart in AER-side file,Table 1: NUOS Tariff Schedule p5; document p3: 'All prices listed are exclusive of GST'
SA Power Networks,2024-25,dnsp_only_component,aer_zero_placeholder,RELE2W,Electrify Two Way,EXPORT - Export Charge - Solar Sponge,,,0.01,$/kWh,,1.0,c/kWh,,,NUoS,NUoS,AER,DNSP,sources/aer/2024-25_stakeholder_reports/AER_Stakeholder_report_SAPN_2024-25_updated17Jul2024.xlsx,,sources/dnsp/sapn/SAPN_Tariff_Price_List_2024-25_id328119.pdf,https://www.sapowernetworks.com.au/public/download.jsp?id=328119,Residential Electrify Two Way,EXPORT - Export Charge - Solar Sponge,component priced in distributor publication with no counterpart in AER-side file,Table 1: NUOS Tariff Schedule p5; document p3: 'All prices listed are exclusive of GST'
SA Power Networks,2024-25,dnsp_only_component,aer_zero_placeholder,RELE2W,Electrify Two Way,EXPORT - Export Credit - Peak,,,-0.1236,$/kWh,,-12.36,c/kWh,,,NUoS,NUoS,AER,DNSP,sources/aer/2024-25_stakeholder_reports/AER_Stakeholder_report_SAPN_2024-25_updated17Jul2024.xlsx,,sources/dnsp/sapn/SAPN_Tariff_Price_List_2024-25_id328119.pdf,https://www.sapowernetworks.com.au/public/download.jsp?id=328119,Residential Electrify Two Way,EXPORT - Export Credit - Peak,component priced in distributor publication with no counterpart in AER-side file,Table 1: NUOS Tariff Schedule p5; document p3: 'All prices listed are exclusive of GST'
SA Power Networks,2024-25,dnsp_only_component,aer_zero_placeholder,RELE2W,Electrify Two Way,ENERGY BASED USAGE - CL Single and TOU consumption - Peak,,,0.1879,$/kWh,,18.79,c/kWh,,,NUoS,NUoS,AER,DNSP,sources/aer/2024-25_stakeholder_reports/AER_Stakeholder_report_SAPN_2024-25_updated17Jul2024.xlsx,,sources/dnsp/sapn/SAPN_Tariff_Price_List_2024-25_id328119.pdf,https://www.sapowernetworks.com.au/public/download.jsp?id=328119,Residential Electrify Two Way,ENERGY BASED USAGE - CL Single and TOU consumption - Peak,component priced in distributor publication with no counterpart in AER-side file,Table 1: NUOS Tariff Schedule p5; document p3: 'All prices listed are exclusive of GST'
SA Power Networks,2024-25,dnsp_only_component,aer_zero_placeholder,RELE2W,Electrify Two Way,ENERGY BASED USAGE - CL Single and TOU consumption - Off-Peak,,,0.0756,$/kWh,,7.56,c/kWh,,,NUoS,NUoS,AER,DNSP,sources/aer/2024-25_stakeholder_reports/AER_Stakeholder_report_SAPN_2024-25_updated17Jul2024.xlsx,,sources/dnsp/sapn/SAPN_Tariff_Price_List_2024-25_id328119.pdf,https://www.sapowernetworks.com.au/public/download.jsp?id=328119,Residential Electrify Two Way,ENERGY BASED USAGE - CL Single and TOU consumption - Off-Peak,component priced in distributor publication with no counterpart in AER-side file,Table 1: NUOS Tariff Schedule p5; document p3: 'All prices listed are exclusive of GST'
SA Power Networks,2024-25,dnsp_only_component,aer_zero_placeholder,RELE2W,Electrify Two Way,ENERGY BASED USAGE - CL Single and TOU consumption - Solar Sponge,,,0.0381,$/kWh,,3.81,c/kWh,,,NUoS,NUoS,AER,DNSP,sources/aer/2024-25_stakeholder_reports/AER_Stakeholder_report_SAPN_2024-25_updated17Jul2024.xlsx,,sources/dnsp/sapn/SAPN_Tariff_Price_List_2024-25_id328119.pdf,https://www.sapowernetworks.com.au/public/download.jsp?id=328119,Residential Electrify Two Way,ENERGY BASED USAGE - CL Single and TOU consumption - Solar Sponge,component priced in distributor publication with no counterpart in AER-side file,Table 1: NUOS Tariff Schedule p5; document p3: 'All prices listed are exclusive of GST'
SA Power Networks,2024-25,dnsp_only_component,,RPRO,Residential Prosumer,REBATE - Diversify,,,-0.33,$/day,,-33.0,c/day,,,NUoS,NUoS,AER,DNSP,sources/aer/2024-25_stakeholder_reports/AER_Stakeholder_report_SAPN_2024-25_updated17Jul2024.xlsx,,sources/dnsp/sapn/SAPN_Tariff_Price_List_2024-25_id328119.pdf,https://www.sapowernetworks.com.au/public/download.jsp?id=328119,Residential Prosumer,REBATE - Diversify,component priced in distributor publication with no counterpart in AER-side file,Table 1: NUOS Tariff Schedule p5; Diversify tariff-trial rebate (negative $/day); header: 'Refer to 2.3.6 for eligibility'; document p3: 'All prices listed are exclusive of GST'
SA Power Networks,2024-25,dnsp_only_component,,RSR,Residential Single Rate,REBATE - Diversify,,,-0.33,$/day,,-33.0,c/day,,,NUoS,NUoS,AER,DNSP,sources/aer/2024-25_stakeholder_reports/AER_Stakeholder_report_SAPN_2024-25_updated17Jul2024.xlsx,,sources/dnsp/sapn/SAPN_Tariff_Price_List_2024-25_id328119.pdf,https://www.sapowernetworks.com.au/public/download.jsp?id=328119,Residential Single Rate (Type 6 meter),REBATE - Diversify,component priced in distributor publication with no counterpart in AER-side file,Table 1: NUOS Tariff Schedule p5; Diversify tariff-trial rebate (negative $/day); header: 'Refer to 2.3.6 for eligibility'; document p3: 'All prices listed are exclusive of GST'
SA Power Networks,2024-25,dnsp_only_component,,RTOU,Residential Time of Use,REBATE - Diversify,,,-0.33,$/day,,-33.0,c/day,,,NUoS,NUoS,AER,DNSP,sources/aer/2024-25_stakeholder_reports/AER_Stakeholder_report_SAPN_2024-25_updated17Jul2024.xlsx,,sources/dnsp/sapn/SAPN_Tariff_Price_List_2024-25_id328119.pdf,https://www.sapowernetworks.com.au/public/download.jsp?id=328119,Residential Time of Use,REBATE - Diversify,component priced in distributor publication with no counterpart in AER-side file,Table 1: NUOS Tariff Schedule p5; Diversify tariff-trial rebate (negative $/day); header: 'Refer to 2.3.6 for eligibility'; document p3: 'All prices listed are exclusive of GST'
SA Power Networks,2024-25,dnsp_only_component,aer_zero_placeholder,SBTOUE,Small Business Electrify,SUPPLY - Supply Rate,,,0.7259,$/day,,72.59,c/day,,,NUoS,NUoS,AER,DNSP,sources/aer/2024-25_stakeholder_reports/AER_Stakeholder_report_SAPN_2024-25_updated17Jul2024.xlsx,,sources/dnsp/sapn/SAPN_Tariff_Price_List_2024-25_id328119.pdf,https://www.sapowernetworks.com.au/public/download.jsp?id=328119,Small Business Time of Use Electrify,SUPPLY - Supply Rate,component priced in distributor publication with no counterpart in AER-side file,Table 1: NUOS Tariff Schedule p5; document p3: 'All prices listed are exclusive of GST'
SA Power Networks,2024-25,dnsp_only_component,aer_zero_placeholder,SBTOUE,Small Business Electrify,ENERGY BASED USAGE - Single and TOU consumption - Peak,,,0.3257,$/kWh,,32.57,c/kWh,,,NUoS,NUoS,AER,DNSP,sources/aer/2024-25_stakeholder_reports/AER_Stakeholder_report_SAPN_2024-25_updated17Jul2024.xlsx,,sources/dnsp/sapn/SAPN_Tariff_Price_List_2024-25_id328119.pdf,https://www.sapowernetworks.com.au/public/download.jsp?id=328119,Small Business Time of Use Electrify,ENERGY BASED USAGE - Single and TOU consumption - Peak,component priced in distributor publication with no counterpart in AER-side file,Table 1: NUOS Tariff Schedule p5; document p3: 'All prices listed are exclusive of GST'
SA Power Networks,2024-25,dnsp_only_component,aer_zero_placeholder,SBTOUE,Small Business Electrify,ENERGY BASED USAGE - Single and TOU consumption - Shoulder,,,0.168,$/kWh,,16.8,c/kWh,,,NUoS,NUoS,AER,DNSP,sources/aer/2024-25_stakeholder_reports/AER_Stakeholder_report_SAPN_2024-25_updated17Jul2024.xlsx,,sources/dnsp/sapn/SAPN_Tariff_Price_List_2024-25_id328119.pdf,https://www.sapowernetworks.com.au/public/download.jsp?id=328119,Small Business Time of Use Electrify,ENERGY BASED USAGE - Single and TOU consumption - Shoulder,component priced in distributor publication with no counterpart in AER-side file,Table 1: NUOS Tariff Schedule p5; document p3: 'All prices listed are exclusive of GST'
SA Power Networks,2024-25,dnsp_only_component,aer_zero_placeholder,SBTOUE,Small Business Electrify,ENERGY BASED USAGE - Single and TOU consumption - Off-Peak,,,0.096,$/kWh,,9.6,c/kWh,,,NUoS,NUoS,AER,DNSP,sources/aer/2024-25_stakeholder_reports/AER_Stakeholder_report_SAPN_2024-25_updated17Jul2024.xlsx,,sources/dnsp/sapn/SAPN_Tariff_Price_List_2024-25_id328119.pdf,https://www.sapowernetworks.com.au/public/download.jsp?id=328119,Small Business Time of Use Electrify,ENERGY BASED USAGE - Single and TOU consumption - Off-Peak,component priced in distributor publication with no counterpart in AER-side file,Table 1: NUOS Tariff Schedule p5; document p3: 'All prices listed are exclusive of GST'
SA Power Networks,2024-25,dnsp_only_component,aer_zero_placeholder,STNF,Sub Transmission kVA Flexible,ENERGY BASED USAGE - Single and TOU consumption - Non-TOU,,,0.0153,$/kWh,,1.53,c/kWh,,,NUoS,NUoS,AER,DNSP,sources/aer/2024-25_stakeholder_reports/AER_Stakeholder_report_SAPN_2024-25_updated17Jul2024.xlsx,,sources/dnsp/sapn/SAPN_Tariff_Price_List_2024-25_id328119.pdf,https://www.sapowernetworks.com.au/public/download.jsp?id=328119,Sub Transmission kVA Flexible,ENERGY BASED USAGE - Single and TOU consumption - Non-TOU,component priced in distributor publication with no counterpart in AER-side file,Table 1: NUOS Tariff Schedule p5; document p3: 'All prices listed are exclusive of GST'
SA Power Networks,2024-25,dnsp_only_component,aer_zero_placeholder,STNF,Sub Transmission kVA Flexible,ANNUAL kVA DEMAND - Actual/Agreed Annual - Peak Year,,,0.1584,$/kVA/day,,15.84,c/kVA/day,,,NUoS,NUoS,AER,DNSP,sources/aer/2024-25_stakeholder_reports/AER_Stakeholder_report_SAPN_2024-25_updated17Jul2024.xlsx,,sources/dnsp/sapn/SAPN_Tariff_Price_List_2024-25_id328119.pdf,https://www.sapowernetworks.com.au/public/download.jsp?id=328119,Sub Transmission kVA Flexible,ANNUAL kVA DEMAND - Actual/Agreed Annual - Peak Year,component priced in distributor publication with no counterpart in AER-side file,Table 1: NUOS Tariff Schedule p5; document p3: 'All prices listed are exclusive of GST'
SA Power Networks,2024-25,dnsp_only_component,aer_zero_placeholder,STNF,Sub Transmission kVA Flexible,ANNUAL kVA DEMAND - Actual/Agreed Annual - Anytime Year,,,0.0449,$/kVA/day,,4.49,c/kVA/day,,,NUoS,NUoS,AER,DNSP,sources/aer/2024-25_stakeholder_reports/AER_Stakeholder_report_SAPN_2024-25_updated17Jul2024.xlsx,,sources/dnsp/sapn/SAPN_Tariff_Price_List_2024-25_id328119.pdf,https://www.sapowernetworks.com.au/public/download.jsp?id=328119,Sub Transmission kVA Flexible,ANNUAL kVA DEMAND - Actual/Agreed Annual - Anytime Year,component priced in distributor publication with no counterpart in AER-side file,Table 1: NUOS Tariff Schedule p5; document p3: 'All prices listed are exclusive of GST'
SA Power Networks,2024-25,dnsp_only_component,aer_zero_placeholder,STNF,Sub Transmission kVA Flexible,ANNUAL kVA DEMAND - Actual/Agreed Annual - Anytime Flex,,,0.0225,$/kVA/day,,2.25,c/kVA/day,,,NUoS,NUoS,AER,DNSP,sources/aer/2024-25_stakeholder_reports/AER_Stakeholder_report_SAPN_2024-25_updated17Jul2024.xlsx,,sources/dnsp/sapn/SAPN_Tariff_Price_List_2024-25_id328119.pdf,https://www.sapowernetworks.com.au/public/download.jsp?id=328119,Sub Transmission kVA Flexible,ANNUAL kVA DEMAND - Actual/Agreed Annual - Anytime Flex,component priced in distributor publication with no counterpart in AER-side file,Table 1: NUOS Tariff Schedule p5; document p3: 'All prices listed are exclusive of GST'
SA Power Networks,2024-25,dnsp_only_component,aer_zero_placeholder,STNGF,Sub Transmission Generation Flexible,ANNUAL kVA DEMAND - Actual/Agreed Annual - Peak Year,,,0.1584,$/kVA/day,,15.84,c/kVA/day,,,NUoS,NUoS,AER,DNSP,sources/aer/2024-25_stakeholder_reports/AER_Stakeholder_report_SAPN_2024-25_updated17Jul2024.xlsx,,sources/dnsp/sapn/SAPN_Tariff_Price_List_2024-25_id328119.pdf,https://www.sapowernetworks.com.au/public/download.jsp?id=328119,Sub Transmission Generation Flexible,ANNUAL kVA DEMAND - Actual/Agreed Annual - Peak Year,component priced in distributor publication with no counterpart in AER-side file,Table 1: NUOS Tariff Schedule p5; document p3: 'All prices listed are exclusive of GST'
SA Power Networks,2024-25,dnsp_only_component,aer_zero_placeholder,STNGF,Sub Transmission Generation Flexible,ANNUAL kVA DEMAND - Actual/Agreed Annual - Anytime Year,,,0.0449,$/kVA/day,,4.49,c/kVA/day,,,NUoS,NUoS,AER,DNSP,sources/aer/2024-25_stakeholder_reports/AER_Stakeholder_report_SAPN_2024-25_updated17Jul2024.xlsx,,sources/dnsp/sapn/SAPN_Tariff_Price_List_2024-25_id328119.pdf,https://www.sapowernetworks.com.au/public/download.jsp?id=328119,Sub Transmission Generation Flexible,ANNUAL kVA DEMAND - Actual/Agreed Annual - Anytime Year,component priced in distributor publication with no counterpart in AER-side file,Table 1: NUOS Tariff Schedule p5; document p3: 'All prices listed are exclusive of GST'
SA Power Networks,2024-25,dnsp_only_component,aer_zero_placeholder,STNGF,Sub Transmission Generation Flexible,ANNUAL kVA DEMAND - Actual/Agreed Annual - Anytime Flex,,,0.0225,$/kVA/day,,2.25,c/kVA/day,,,NUoS,NUoS,AER,DNSP,sources/aer/2024-25_stakeholder_reports/AER_Stakeholder_report_SAPN_2024-25_updated17Jul2024.xlsx,,sources/dnsp/sapn/SAPN_Tariff_Price_List_2024-25_id328119.pdf,https://www.sapowernetworks.com.au/public/download.jsp?id=328119,Sub Transmission Generation Flexible,ANNUAL kVA DEMAND - Actual/Agreed Annual - Anytime Flex,component priced in distributor publication with no counterpart in AER-side file,Table 1: NUOS Tariff Schedule p5; document p3: 'All prices listed are exclusive of GST'
SA Power Networks,2024-25,dnsp_only_component,aer_zero_placeholder,ZSNF,Zone Substation kVA Flexible,ENERGY BASED USAGE - Single and TOU consumption - Non-TOU,,,0.0184,$/kWh,,1.84,c/kWh,,,NUoS,NUoS,AER,DNSP,sources/aer/2024-25_stakeholder_reports/AER_Stakeholder_report_SAPN_2024-25_updated17Jul2024.xlsx,,sources/dnsp/sapn/SAPN_Tariff_Price_List_2024-25_id328119.pdf,https://www.sapowernetworks.com.au/public/download.jsp?id=328119,Zone Substation kVA Flexible,ENERGY BASED USAGE - Single and TOU consumption - Non-TOU,component priced in distributor publication with no counterpart in AER-side file,Table 1: NUOS Tariff Schedule p5; document p3: 'All prices listed are exclusive of GST'
SA Power Networks,2024-25,dnsp_only_component,aer_zero_placeholder,ZSNF,Zone Substation kVA Flexible,ANNUAL kVA DEMAND - Actual/Agreed Annual - Peak Year,,,0.204,$/kVA/day,,20.4,c/kVA/day,,,NUoS,NUoS,AER,DNSP,sources/aer/2024-25_stakeholder_reports/AER_Stakeholder_report_SAPN_2024-25_updated17Jul2024.xlsx,,sources/dnsp/sapn/SAPN_Tariff_Price_List_2024-25_id328119.pdf,https://www.sapowernetworks.com.au/public/download.jsp?id=328119,Zone Substation kVA Flexible,ANNUAL kVA DEMAND - Actual/Agreed Annual - Peak Year,component priced in distributor publication with no counterpart in AER-side file,Table 1: NUOS Tariff Schedule p5; document p3: 'All prices listed are exclusive of GST'
SA Power Networks,2024-25,dnsp_only_component,aer_zero_placeholder,ZSNF,Zone Substation kVA Flexible,ANNUAL kVA DEMAND - Actual/Agreed Annual - Anytime Year,,,0.0812,$/kVA/day,,8.12,c/kVA/day,,,NUoS,NUoS,AER,DNSP,sources/aer/2024-25_stakeholder_reports/AER_Stakeholder_report_SAPN_2024-25_updated17Jul2024.xlsx,,sources/dnsp/sapn/SAPN_Tariff_Price_List_2024-25_id328119.pdf,https://www.sapowernetworks.com.au/public/download.jsp?id=328119,Zone Substation kVA Flexible,ANNUAL kVA DEMAND - Actual/Agreed Annual - Anytime Year,component priced in distributor publication with no counterpart in AER-side file,Table 1: NUOS Tariff Schedule p5; document p3: 'All prices listed are exclusive of GST'
SA Power Networks,2024-25,dnsp_only_component,aer_zero_placeholder,ZSNF,Zone Substation kVA Flexible,ANNUAL kVA DEMAND - Actual/Agreed Annual - Anytime Flex,,,0.0406,$/kVA/day,,4.06,c/kVA/day,,,NUoS,NUoS,AER,DNSP,sources/aer/2024-25_stakeholder_reports/AER_Stakeholder_report_SAPN_2024-25_updated17Jul2024.xlsx,,sources/dnsp/sapn/SAPN_Tariff_Price_List_2024-25_id328119.pdf,https://www.sapowernetworks.com.au/public/download.jsp?id=328119,Zone Substation kVA Flexible,ANNUAL kVA DEMAND - Actual/Agreed Annual - Anytime Flex,component priced in distributor publication with no counterpart in AER-side file,Table 1: NUOS Tariff Schedule p5; document p3: 'All prices listed are exclusive of GST'
SA Power Networks,2024-25,dnsp_only_component,aer_zero_placeholder,ZSNGF,Zone Substation Generation Flexible,ANNUAL kVA DEMAND - Actual/Agreed Annual - Peak Year,,,0.204,$/kVA/day,,20.4,c/kVA/day,,,NUoS,NUoS,AER,DNSP,sources/aer/2024-25_stakeholder_reports/AER_Stakeholder_report_SAPN_2024-25_updated17Jul2024.xlsx,,sources/dnsp/sapn/SAPN_Tariff_Price_List_2024-25_id328119.pdf,https://www.sapowernetworks.com.au/public/download.jsp?id=328119,Zone Substation Generation Flexible,ANNUAL kVA DEMAND - Actual/Agreed Annual - Peak Year,component priced in distributor publication with no counterpart in AER-side file,Table 1: NUOS Tariff Schedule p5; document p3: 'All prices listed are exclusive of GST'
SA Power Networks,2024-25,dnsp_only_component,aer_zero_placeholder,ZSNGF,Zone Substation Generation Flexible,ANNUAL kVA DEMAND - Actual/Agreed Annual - Anytime Year,,,0.0812,$/kVA/day,,8.12,c/kVA/day,,,NUoS,NUoS,AER,DNSP,sources/aer/2024-25_stakeholder_reports/AER_Stakeholder_report_SAPN_2024-25_updated17Jul2024.xlsx,,sources/dnsp/sapn/SAPN_Tariff_Price_List_2024-25_id328119.pdf,https://www.sapowernetworks.com.au/public/download.jsp?id=328119,Zone Substation Generation Flexible,ANNUAL kVA DEMAND - Actual/Agreed Annual - Anytime Year,component priced in distributor publication with no counterpart in AER-side file,Table 1: NUOS Tariff Schedule p5; document p3: 'All prices listed are exclusive of GST'
SA Power Networks,2024-25,dnsp_only_component,aer_zero_placeholder,ZSNGF,Zone Substation Generation Flexible,ANNUAL kVA DEMAND - Actual/Agreed Annual - Anytime Flex,,,0.0406,$/kVA/day,,4.06,c/kVA/day,,,NUoS,NUoS,AER,DNSP,sources/aer/2024-25_stakeholder_reports/AER_Stakeholder_report_SAPN_2024-25_updated17Jul2024.xlsx,,sources/dnsp/sapn/SAPN_Tariff_Price_List_2024-25_id328119.pdf,https://www.sapowernetworks.com.au/public/download.jsp?id=328119,Zone Substation Generation Flexible,ANNUAL kVA DEMAND - Actual/Agreed Annual - Anytime Flex,component priced in distributor publication with no counterpart in AER-side file,Table 1: NUOS Tariff Schedule p5; document p3: 'All prices listed are exclusive of GST'
SA Power Networks,2025-26,dnsp_only_code,site_specific_variant,HVAD265,HV Business Annual Demand,5 component(s),,,,,,,,,,NUoS,NUoS,AER,DNSP,sources/aer/AER_Consolidated_stakeholder_report_2025-26_v5.xlsx,,sources/dnsp/sapn/SAPN_Initial_Pricing_Proposal_Overview_2025-26_id333252.pdf,https://www.sapowernetworks.com.au/public/download.jsp?id=333252,HV Business Annual Demand,,site-specific (locational) variant of a standard tariff; the AER-side file lists only the standard code,"Table 9: NUOS Tariff Schedule (cont.) p38; pricing proposal overview, not the price list (Appendix A SCS tariff schedules); site-specific; GST basis not stated on the tariff schedule; assumed excl"
SA Power Networks,2025-26,dnsp_only_code,site_specific_variant,HVAD276,HV Business Annual Demand,5 component(s),,,,,,,,,,NUoS,NUoS,AER,DNSP,sources/aer/AER_Consolidated_stakeholder_report_2025-26_v5.xlsx,,sources/dnsp/sapn/SAPN_Initial_Pricing_Proposal_Overview_2025-26_id333252.pdf,https://www.sapowernetworks.com.au/public/download.jsp?id=333252,HV Business Annual Demand,,site-specific (locational) variant of a standard tariff; the AER-side file lists only the standard code,"Table 9: NUOS Tariff Schedule (cont.) p38; pricing proposal overview, not the price list (Appendix A SCS tariff schedules); site-specific; GST basis not stated on the tariff schedule; assumed excl"
SA Power Networks,2025-26,dnsp_only_code,site_specific_variant,HVAD381,HV Business Annual Demand,5 component(s),,,,,,,,,,NUoS,NUoS,AER,DNSP,sources/aer/AER_Consolidated_stakeholder_report_2025-26_v5.xlsx,,sources/dnsp/sapn/SAPN_Initial_Pricing_Proposal_Overview_2025-26_id333252.pdf,https://www.sapowernetworks.com.au/public/download.jsp?id=333252,HV Business Annual Demand,,site-specific (locational) variant of a standard tariff; the AER-side file lists only the standard code,"Table 9: NUOS Tariff Schedule (cont.) p38; pricing proposal overview, not the price list (Appendix A SCS tariff schedules); site-specific; GST basis not stated on the tariff schedule; assumed excl"
SA Power Networks,2025-26,dnsp_only_code,site_specific_variant,HVAD439,HV Business Annual Demand,5 component(s),,,,,,,,,,NUoS,NUoS,AER,DNSP,sources/aer/AER_Consolidated_stakeholder_report_2025-26_v5.xlsx,,sources/dnsp/sapn/SAPN_Initial_Pricing_Proposal_Overview_2025-26_id333252.pdf,https://www.sapowernetworks.com.au/public/download.jsp?id=333252,HV Business Annual Demand,,site-specific (locational) variant of a standard tariff; the AER-side file lists only the standard code,"Table 9: NUOS Tariff Schedule (cont.) p38; pricing proposal overview, not the price list (Appendix A SCS tariff schedules); site-specific; GST basis not stated on the tariff schedule; assumed excl"
SA Power Networks,2025-26,dnsp_only_code,site_specific_variant,LBAD305,Large LV Business Annual Demand,5 component(s),,,,,,,,,,NUoS,NUoS,AER,DNSP,sources/aer/AER_Consolidated_stakeholder_report_2025-26_v5.xlsx,,sources/dnsp/sapn/SAPN_Initial_Pricing_Proposal_Overview_2025-26_id333252.pdf,https://www.sapowernetworks.com.au/public/download.jsp?id=333252,Large LV Business Annual Demand,,site-specific (locational) variant of a standard tariff; the AER-side file lists only the standard code,"Table 9: NUOS Tariff Schedule (cont.) p38; pricing proposal overview, not the price list (Appendix A SCS tariff schedules); site-specific; GST basis not stated on the tariff schedule; assumed excl"
SA Power Networks,2025-26,dnsp_only_code,site_specific_variant,LBAD342,Large LV Business Annual Demand,5 component(s),,,,,,,,,,NUoS,NUoS,AER,DNSP,sources/aer/AER_Consolidated_stakeholder_report_2025-26_v5.xlsx,,sources/dnsp/sapn/SAPN_Initial_Pricing_Proposal_Overview_2025-26_id333252.pdf,https://www.sapowernetworks.com.au/public/download.jsp?id=333252,Large LV Business Annual Demand,,site-specific (locational) variant of a standard tariff; the AER-side file lists only the standard code,"Table 9: NUOS Tariff Schedule (cont.) p38; pricing proposal overview, not the price list (Appendix A SCS tariff schedules); site-specific; GST basis not stated on the tariff schedule; assumed excl"
SA Power Networks,2025-26,dnsp_only_code,site_specific_variant,LBAD422,Large LV Business Annual Demand,5 component(s),,,,,,,,,,NUoS,NUoS,AER,DNSP,sources/aer/AER_Consolidated_stakeholder_report_2025-26_v5.xlsx,,sources/dnsp/sapn/SAPN_Initial_Pricing_Proposal_Overview_2025-26_id333252.pdf,https://www.sapowernetworks.com.au/public/download.jsp?id=333252,Large LV Business Annual Demand,,site-specific (locational) variant of a standard tariff; the AER-side file lists only the standard code,"Table 9: NUOS Tariff Schedule (cont.) p38; pricing proposal overview, not the price list (Appendix A SCS tariff schedules); site-specific; GST basis not stated on the tariff schedule; assumed excl"
SA Power Networks,2025-26,dnsp_only_code,site_specific_variant,LBAD977,Large LV Business Annual Demand,5 component(s),,,,,,,,,,NUoS,NUoS,AER,DNSP,sources/aer/AER_Consolidated_stakeholder_report_2025-26_v5.xlsx,,sources/dnsp/sapn/SAPN_Initial_Pricing_Proposal_Overview_2025-26_id333252.pdf,https://www.sapowernetworks.com.au/public/download.jsp?id=333252,Large LV Business Annual Demand,,site-specific (locational) variant of a standard tariff; the AER-side file lists only the standard code,"Table 9: NUOS Tariff Schedule (cont.) p38; pricing proposal overview, not the price list (Appendix A SCS tariff schedules); site-specific; GST basis not stated on the tariff schedule; assumed excl"
SA Power Networks,2025-26,dnsp_only_code,site_specific_variant,LBMD979,Large LV Business Monthly Peak Demand,5 component(s),,,,,,,,,,NUoS,NUoS,AER,DNSP,sources/aer/AER_Consolidated_stakeholder_report_2025-26_v5.xlsx,,sources/dnsp/sapn/SAPN_Initial_Pricing_Proposal_Overview_2025-26_id333252.pdf,https://www.sapowernetworks.com.au/public/download.jsp?id=333252,Large LV Business Monthly Peak Demand,,site-specific (locational) variant of a standard tariff; the AER-side file lists only the standard code,"Table 9: NUOS Tariff Schedule (cont.) p38; pricing proposal overview, not the price list (Appendix A SCS tariff schedules); site-specific; GST basis not stated on the tariff schedule; assumed excl"
SA Power Networks,2025-26,dnsp_only_code,site_specific_variant,STN018,Sub Transmission kVA Locational,4 component(s),,,,,,,,,,NUoS,NUoS,AER,DNSP,sources/aer/AER_Consolidated_stakeholder_report_2025-26_v5.xlsx,,sources/dnsp/sapn/SAPN_Initial_Pricing_Proposal_Overview_2025-26_id333252.pdf,https://www.sapowernetworks.com.au/public/download.jsp?id=333252,Sub Transmission kVA Locational,,site-specific (locational) variant of a standard tariff; the AER-side file lists only the standard code,"Table 9: NUOS Tariff Schedule (cont.) p38; pricing proposal overview, not the price list (Appendix A SCS tariff schedules); site-specific; GST basis not stated on the tariff schedule; assumed excl"
SA Power Networks,2025-26,dnsp_only_code,site_specific_variant,STN084,Sub Transmission kVA Locational,4 component(s),,,,,,,,,,NUoS,NUoS,AER,DNSP,sources/aer/AER_Consolidated_stakeholder_report_2025-26_v5.xlsx,,sources/dnsp/sapn/SAPN_Initial_Pricing_Proposal_Overview_2025-26_id333252.pdf,https://www.sapowernetworks.com.au/public/download.jsp?id=333252,Sub Transmission kVA Locational,,site-specific (locational) variant of a standard tariff; the AER-side file lists only the standard code,"Table 9: NUOS Tariff Schedule (cont.) p38; pricing proposal overview, not the price list (Appendix A SCS tariff schedules); site-specific; GST basis not stated on the tariff schedule; assumed excl"
SA Power Networks,2025-26,dnsp_only_code,site_specific_variant,STN161,Sub Transmission kVA Locational,4 component(s),,,,,,,,,,NUoS,NUoS,AER,DNSP,sources/aer/AER_Consolidated_stakeholder_report_2025-26_v5.xlsx,,sources/dnsp/sapn/SAPN_Initial_Pricing_Proposal_Overview_2025-26_id333252.pdf,https://www.sapowernetworks.com.au/public/download.jsp?id=333252,Sub Transmission kVA Locational,,site-specific (locational) variant of a standard tariff; the AER-side file lists only the standard code,"Table 9: NUOS Tariff Schedule (cont.) p38; pricing proposal overview, not the price list (Appendix A SCS tariff schedules); site-specific; GST basis not stated on the tariff schedule; assumed excl"
SA Power Networks,2025-26,dnsp_only_code,site_specific_variant,STN378,Sub Transmission kVA Locational,4 component(s),,,,,,,,,,NUoS,NUoS,AER,DNSP,sources/aer/AER_Consolidated_stakeholder_report_2025-26_v5.xlsx,,sources/dnsp/sapn/SAPN_Initial_Pricing_Proposal_Overview_2025-26_id333252.pdf,https://www.sapowernetworks.com.au/public/download.jsp?id=333252,Sub Transmission kVA Locational,,site-specific (locational) variant of a standard tariff; the AER-side file lists only the standard code,"Table 9: NUOS Tariff Schedule (cont.) p38; pricing proposal overview, not the price list (Appendix A SCS tariff schedules); site-specific; GST basis not stated on the tariff schedule; assumed excl"
SA Power Networks,2025-26,dnsp_only_code,site_specific_variant,STN557,Sub Transmission kVA Locational,4 component(s),,,,,,,,,,NUoS,NUoS,AER,DNSP,sources/aer/AER_Consolidated_stakeholder_report_2025-26_v5.xlsx,,sources/dnsp/sapn/SAPN_Initial_Pricing_Proposal_Overview_2025-26_id333252.pdf,https://www.sapowernetworks.com.au/public/download.jsp?id=333252,Sub Transmission kVA Locational,,site-specific (locational) variant of a standard tariff; the AER-side file lists only the standard code,"Table 9: NUOS Tariff Schedule (cont.) p38; pricing proposal overview, not the price list (Appendix A SCS tariff schedules); site-specific; GST basis not stated on the tariff schedule; assumed excl"
SA Power Networks,2025-26,dnsp_only_code,site_specific_variant,STN609,Sub Transmission kVA Locational,4 component(s),,,,,,,,,,NUoS,NUoS,AER,DNSP,sources/aer/AER_Consolidated_stakeholder_report_2025-26_v5.xlsx,,sources/dnsp/sapn/SAPN_Initial_Pricing_Proposal_Overview_2025-26_id333252.pdf,https://www.sapowernetworks.com.au/public/download.jsp?id=333252,Sub Transmission kVA Locational,,site-specific (locational) variant of a standard tariff; the AER-side file lists only the standard code,"Table 9: NUOS Tariff Schedule (cont.) p38; pricing proposal overview, not the price list (Appendix A SCS tariff schedules); site-specific; GST basis not stated on the tariff schedule; assumed excl"
SA Power Networks,2025-26,dnsp_only_code,site_specific_variant,STN788,Sub Transmission kVA Locational,4 component(s),,,,,,,,,,NUoS,NUoS,AER,DNSP,sources/aer/AER_Consolidated_stakeholder_report_2025-26_v5.xlsx,,sources/dnsp/sapn/SAPN_Initial_Pricing_Proposal_Overview_2025-26_id333252.pdf,https://www.sapowernetworks.com.au/public/download.jsp?id=333252,Sub Transmission kVA Locational,,site-specific (locational) variant of a standard tariff; the AER-side file lists only the standard code,"Table 9: NUOS Tariff Schedule (cont.) p38; pricing proposal overview, not the price list (Appendix A SCS tariff schedules); site-specific; GST basis not stated on the tariff schedule; assumed excl"
SA Power Networks,2025-26,dnsp_only_code,site_specific_variant,STR069,Sub Transmission kVA non-Locational,3 component(s),,,,,,,,,,NUoS,NUoS,AER,DNSP,sources/aer/AER_Consolidated_stakeholder_report_2025-26_v5.xlsx,,sources/dnsp/sapn/SAPN_Initial_Pricing_Proposal_Overview_2025-26_id333252.pdf,https://www.sapowernetworks.com.au/public/download.jsp?id=333252,Sub Transmission kVA non-Locational,,site-specific (locational) variant of a standard tariff; the AER-side file lists only the standard code,"Table 9: NUOS Tariff Schedule (cont.) p38; pricing proposal overview, not the price list (Appendix A SCS tariff schedules); site-specific; GST basis not stated on the tariff schedule; assumed excl"
SA Power Networks,2025-26,dnsp_only_code,site_specific_variant,STR123,Sub Transmission kVA non-Locational,3 component(s),,,,,,,,,,NUoS,NUoS,AER,DNSP,sources/aer/AER_Consolidated_stakeholder_report_2025-26_v5.xlsx,,sources/dnsp/sapn/SAPN_Initial_Pricing_Proposal_Overview_2025-26_id333252.pdf,https://www.sapowernetworks.com.au/public/download.jsp?id=333252,Sub Transmission kVA non-Locational,,site-specific (locational) variant of a standard tariff; the AER-side file lists only the standard code,"Table 9: NUOS Tariff Schedule (cont.) p38; pricing proposal overview, not the price list (Appendix A SCS tariff schedules); site-specific; GST basis not stated on the tariff schedule; assumed excl"
SA Power Networks,2025-26,dnsp_only_code,site_specific_variant,STR148,Sub Transmission kVA non-Locational,3 component(s),,,,,,,,,,NUoS,NUoS,AER,DNSP,sources/aer/AER_Consolidated_stakeholder_report_2025-26_v5.xlsx,,sources/dnsp/sapn/SAPN_Initial_Pricing_Proposal_Overview_2025-26_id333252.pdf,https://www.sapowernetworks.com.au/public/download.jsp?id=333252,Sub Transmission kVA non-Locational,,site-specific (locational) variant of a standard tariff; the AER-side file lists only the standard code,"Table 9: NUOS Tariff Schedule (cont.) p38; pricing proposal overview, not the price list (Appendix A SCS tariff schedules); site-specific; GST basis not stated on the tariff schedule; assumed excl"
SA Power Networks,2025-26,dnsp_only_code,site_specific_variant,STR162,Sub Transmission kVA non-Locational,3 component(s),,,,,,,,,,NUoS,NUoS,AER,DNSP,sources/aer/AER_Consolidated_stakeholder_report_2025-26_v5.xlsx,,sources/dnsp/sapn/SAPN_Initial_Pricing_Proposal_Overview_2025-26_id333252.pdf,https://www.sapowernetworks.com.au/public/download.jsp?id=333252,Sub Transmission kVA non-Locational,,site-specific (locational) variant of a standard tariff; the AER-side file lists only the standard code,"Table 9: NUOS Tariff Schedule (cont.) p38; pricing proposal overview, not the price list (Appendix A SCS tariff schedules); site-specific; GST basis not stated on the tariff schedule; assumed excl"
SA Power Networks,2025-26,dnsp_only_code,site_specific_variant,STR404,Sub Transmission kVA non-Locational,3 component(s),,,,,,,,,,NUoS,NUoS,AER,DNSP,sources/aer/AER_Consolidated_stakeholder_report_2025-26_v5.xlsx,,sources/dnsp/sapn/SAPN_Initial_Pricing_Proposal_Overview_2025-26_id333252.pdf,https://www.sapowernetworks.com.au/public/download.jsp?id=333252,Sub Transmission kVA non-Locational,,site-specific (locational) variant of a standard tariff; the AER-side file lists only the standard code,"Table 9: NUOS Tariff Schedule (cont.) p38; pricing proposal overview, not the price list (Appendix A SCS tariff schedules); site-specific; GST basis not stated on the tariff schedule; assumed excl"
SA Power Networks,2025-26,dnsp_only_code,site_specific_variant,STR483,Sub Transmission kVA non-Locational,4 component(s),,,,,,,,,,NUoS,NUoS,AER,DNSP,sources/aer/AER_Consolidated_stakeholder_report_2025-26_v5.xlsx,,sources/dnsp/sapn/SAPN_Initial_Pricing_Proposal_Overview_2025-26_id333252.pdf,https://www.sapowernetworks.com.au/public/download.jsp?id=333252,Sub Transmission kVA non-Locational,,site-specific (locational) variant of a standard tariff; the AER-side file lists only the standard code,"Table 9: NUOS Tariff Schedule (cont.) p38; pricing proposal overview, not the price list (Appendix A SCS tariff schedules); site-specific; GST basis not stated on the tariff schedule; assumed excl"
SA Power Networks,2025-26,dnsp_only_code,site_specific_variant,STR610,Sub Transmission kVA non-Locational,4 component(s),,,,,,,,,,NUoS,NUoS,AER,DNSP,sources/aer/AER_Consolidated_stakeholder_report_2025-26_v5.xlsx,,sources/dnsp/sapn/SAPN_Initial_Pricing_Proposal_Overview_2025-26_id333252.pdf,https://www.sapowernetworks.com.au/public/download.jsp?id=333252,Sub Transmission kVA non-Locational,,site-specific (locational) variant of a standard tariff; the AER-side file lists only the standard code,"Table 9: NUOS Tariff Schedule (cont.) p38; pricing proposal overview, not the price list (Appendix A SCS tariff schedules); site-specific; GST basis not stated on the tariff schedule; assumed excl"
SA Power Networks,2025-26,dnsp_only_code,site_specific_variant,STR749,Sub Transmission kVA non-Locational,4 component(s),,,,,,,,,,NUoS,NUoS,AER,DNSP,sources/aer/AER_Consolidated_stakeholder_report_2025-26_v5.xlsx,,sources/dnsp/sapn/SAPN_Initial_Pricing_Proposal_Overview_2025-26_id333252.pdf,https://www.sapowernetworks.com.au/public/download.jsp?id=333252,Sub Transmission kVA non-Locational,,site-specific (locational) variant of a standard tariff; the AER-side file lists only the standard code,"Table 9: NUOS Tariff Schedule (cont.) p38; pricing proposal overview, not the price list (Appendix A SCS tariff schedules); site-specific; GST basis not stated on the tariff schedule; assumed excl"
SA Power Networks,2025-26,dnsp_only_code,site_specific_variant,ZSN021,Zone Substation kVA Locational,4 component(s),,,,,,,,,,NUoS,NUoS,AER,DNSP,sources/aer/AER_Consolidated_stakeholder_report_2025-26_v5.xlsx,,sources/dnsp/sapn/SAPN_Initial_Pricing_Proposal_Overview_2025-26_id333252.pdf,https://www.sapowernetworks.com.au/public/download.jsp?id=333252,Zone Substation kVA Locational,,site-specific (locational) variant of a standard tariff; the AER-side file lists only the standard code,"Table 9: NUOS Tariff Schedule (cont.) p38; pricing proposal overview, not the price list (Appendix A SCS tariff schedules); site-specific; GST basis not stated on the tariff schedule; assumed excl"
SA Power Networks,2025-26,dnsp_only_code,site_specific_variant,ZSN024,Zone Substation kVA Locational,4 component(s),,,,,,,,,,NUoS,NUoS,AER,DNSP,sources/aer/AER_Consolidated_stakeholder_report_2025-26_v5.xlsx,,sources/dnsp/sapn/SAPN_Initial_Pricing_Proposal_Overview_2025-26_id333252.pdf,https://www.sapowernetworks.com.au/public/download.jsp?id=333252,Zone Substation kVA Locational,,site-specific (locational) variant of a standard tariff; the AER-side file lists only the standard code,"Table 9: NUOS Tariff Schedule (cont.) p38; pricing proposal overview, not the price list (Appendix A SCS tariff schedules); site-specific; GST basis not stated on the tariff schedule; assumed excl"
SA Power Networks,2025-26,dnsp_only_code,site_specific_variant,ZSN228,Zone Substation kVA Locational,4 component(s),,,,,,,,,,NUoS,NUoS,AER,DNSP,sources/aer/AER_Consolidated_stakeholder_report_2025-26_v5.xlsx,,sources/dnsp/sapn/SAPN_Initial_Pricing_Proposal_Overview_2025-26_id333252.pdf,https://www.sapowernetworks.com.au/public/download.jsp?id=333252,Zone Substation kVA Locational,,site-specific (locational) variant of a standard tariff; the AER-side file lists only the standard code,"Table 9: NUOS Tariff Schedule (cont.) p38; pricing proposal overview, not the price list (Appendix A SCS tariff schedules); site-specific; GST basis not stated on the tariff schedule; assumed excl"
SA Power Networks,2025-26,dnsp_only_code,site_specific_variant,ZSN408,Zone Substation kVA Locational,4 component(s),,,,,,,,,,NUoS,NUoS,AER,DNSP,sources/aer/AER_Consolidated_stakeholder_report_2025-26_v5.xlsx,,sources/dnsp/sapn/SAPN_Initial_Pricing_Proposal_Overview_2025-26_id333252.pdf,https://www.sapowernetworks.com.au/public/download.jsp?id=333252,Zone Substation kVA Locational,,site-specific (locational) variant of a standard tariff; the AER-side file lists only the standard code,"Table 9: NUOS Tariff Schedule (cont.) p38; pricing proposal overview, not the price list (Appendix A SCS tariff schedules); site-specific; GST basis not stated on the tariff schedule; assumed excl"
SA Power Networks,2025-26,dnsp_only_code,site_specific_variant,ZSN438,Zone Substation kVA Locational,4 component(s),,,,,,,,,,NUoS,NUoS,AER,DNSP,sources/aer/AER_Consolidated_stakeholder_report_2025-26_v5.xlsx,,sources/dnsp/sapn/SAPN_Initial_Pricing_Proposal_Overview_2025-26_id333252.pdf,https://www.sapowernetworks.com.au/public/download.jsp?id=333252,Zone Substation kVA Locational,,site-specific (locational) variant of a standard tariff; the AER-side file lists only the standard code,"Table 9: NUOS Tariff Schedule (cont.) p38; pricing proposal overview, not the price list (Appendix A SCS tariff schedules); site-specific; GST basis not stated on the tariff schedule; assumed excl"
SA Power Networks,2025-26,dnsp_only_code,site_specific_variant,ZSN608,Zone Substation kVA Locational,4 component(s),,,,,,,,,,NUoS,NUoS,AER,DNSP,sources/aer/AER_Consolidated_stakeholder_report_2025-26_v5.xlsx,,sources/dnsp/sapn/SAPN_Initial_Pricing_Proposal_Overview_2025-26_id333252.pdf,https://www.sapowernetworks.com.au/public/download.jsp?id=333252,Zone Substation kVA Locational,,site-specific (locational) variant of a standard tariff; the AER-side file lists only the standard code,"Table 9: NUOS Tariff Schedule (cont.) p38; pricing proposal overview, not the price list (Appendix A SCS tariff schedules); site-specific; GST basis not stated on the tariff schedule; assumed excl"
SA Power Networks,2025-26,dnsp_only_code,site_specific_variant,ZSS025,Zone Substation kVA non-Locational,3 component(s),,,,,,,,,,NUoS,NUoS,AER,DNSP,sources/aer/AER_Consolidated_stakeholder_report_2025-26_v5.xlsx,,sources/dnsp/sapn/SAPN_Initial_Pricing_Proposal_Overview_2025-26_id333252.pdf,https://www.sapowernetworks.com.au/public/download.jsp?id=333252,Zone Substation kVA non-Locational,,site-specific (locational) variant of a standard tariff; the AER-side file lists only the standard code,"Table 9: NUOS Tariff Schedule (cont.) p38; pricing proposal overview, not the price list (Appendix A SCS tariff schedules); site-specific; GST basis not stated on the tariff schedule; assumed excl"
SA Power Networks,2025-26,dnsp_only_code,site_specific_variant,ZSS035,Zone Substation kVA non-Locational,3 component(s),,,,,,,,,,NUoS,NUoS,AER,DNSP,sources/aer/AER_Consolidated_stakeholder_report_2025-26_v5.xlsx,,sources/dnsp/sapn/SAPN_Initial_Pricing_Proposal_Overview_2025-26_id333252.pdf,https://www.sapowernetworks.com.au/public/download.jsp?id=333252,Zone Substation kVA non-Locational,,site-specific (locational) variant of a standard tariff; the AER-side file lists only the standard code,"Table 9: NUOS Tariff Schedule (cont.) p38; pricing proposal overview, not the price list (Appendix A SCS tariff schedules); site-specific; GST basis not stated on the tariff schedule; assumed excl"
SA Power Networks,2025-26,dnsp_only_code,site_specific_variant,ZSS104,Zone Substation kVA non-Locational,4 component(s),,,,,,,,,,NUoS,NUoS,AER,DNSP,sources/aer/AER_Consolidated_stakeholder_report_2025-26_v5.xlsx,,sources/dnsp/sapn/SAPN_Initial_Pricing_Proposal_Overview_2025-26_id333252.pdf,https://www.sapowernetworks.com.au/public/download.jsp?id=333252,Zone Substation kVA non-Locational,,site-specific (locational) variant of a standard tariff; the AER-side file lists only the standard code,"Table 9: NUOS Tariff Schedule (cont.) p38; pricing proposal overview, not the price list (Appendix A SCS tariff schedules); site-specific; GST basis not stated on the tariff schedule; assumed excl"
SA Power Networks,2025-26,dnsp_only_code,site_specific_variant,ZSS196,Zone Substation kVA non-Locational,3 component(s),,,,,,,,,,NUoS,NUoS,AER,DNSP,sources/aer/AER_Consolidated_stakeholder_report_2025-26_v5.xlsx,,sources/dnsp/sapn/SAPN_Initial_Pricing_Proposal_Overview_2025-26_id333252.pdf,https://www.sapowernetworks.com.au/public/download.jsp?id=333252,Zone Substation kVA non-Locational,,site-specific (locational) variant of a standard tariff; the AER-side file lists only the standard code,"Table 9: NUOS Tariff Schedule (cont.) p38; pricing proposal overview, not the price list (Appendix A SCS tariff schedules); site-specific; GST basis not stated on the tariff schedule; assumed excl"
SA Power Networks,2025-26,dnsp_only_code,site_specific_variant,ZSS272,Zone Substation kVA non-Locational,3 component(s),,,,,,,,,,NUoS,NUoS,AER,DNSP,sources/aer/AER_Consolidated_stakeholder_report_2025-26_v5.xlsx,,sources/dnsp/sapn/SAPN_Initial_Pricing_Proposal_Overview_2025-26_id333252.pdf,https://www.sapowernetworks.com.au/public/download.jsp?id=333252,Zone Substation kVA non-Locational,,site-specific (locational) variant of a standard tariff; the AER-side file lists only the standard code,"Table 9: NUOS Tariff Schedule (cont.) p38; pricing proposal overview, not the price list (Appendix A SCS tariff schedules); site-specific; GST basis not stated on the tariff schedule; assumed excl"
SA Power Networks,2025-26,dnsp_only_code,site_specific_variant,ZSS273,Zone Substation kVA non-Locational,3 component(s),,,,,,,,,,NUoS,NUoS,AER,DNSP,sources/aer/AER_Consolidated_stakeholder_report_2025-26_v5.xlsx,,sources/dnsp/sapn/SAPN_Initial_Pricing_Proposal_Overview_2025-26_id333252.pdf,https://www.sapowernetworks.com.au/public/download.jsp?id=333252,Zone Substation kVA non-Locational,,site-specific (locational) variant of a standard tariff; the AER-side file lists only the standard code,"Table 9: NUOS Tariff Schedule (cont.) p38; pricing proposal overview, not the price list (Appendix A SCS tariff schedules); site-specific; GST basis not stated on the tariff schedule; assumed excl"
SA Power Networks,2025-26,dnsp_only_code,site_specific_variant,ZSS296,Zone Substation kVA non-Locational,4 component(s),,,,,,,,,,NUoS,NUoS,AER,DNSP,sources/aer/AER_Consolidated_stakeholder_report_2025-26_v5.xlsx,,sources/dnsp/sapn/SAPN_Initial_Pricing_Proposal_Overview_2025-26_id333252.pdf,https://www.sapowernetworks.com.au/public/download.jsp?id=333252,Zone Substation kVA non-Locational,,site-specific (locational) variant of a standard tariff; the AER-side file lists only the standard code,"Table 9: NUOS Tariff Schedule (cont.) p38; pricing proposal overview, not the price list (Appendix A SCS tariff schedules); site-specific; GST basis not stated on the tariff schedule; assumed excl"
SA Power Networks,2025-26,dnsp_only_code,site_specific_variant,ZSS330,Zone Substation kVA non-Locational,3 component(s),,,,,,,,,,NUoS,NUoS,AER,DNSP,sources/aer/AER_Consolidated_stakeholder_report_2025-26_v5.xlsx,,sources/dnsp/sapn/SAPN_Initial_Pricing_Proposal_Overview_2025-26_id333252.pdf,https://www.sapowernetworks.com.au/public/download.jsp?id=333252,Zone Substation kVA non-Locational,,site-specific (locational) variant of a standard tariff; the AER-side file lists only the standard code,"Table 9: NUOS Tariff Schedule (cont.) p38; pricing proposal overview, not the price list (Appendix A SCS tariff schedules); site-specific; GST basis not stated on the tariff schedule; assumed excl"
SA Power Networks,2025-26,dnsp_only_code,site_specific_variant,ZSS376,Zone Substation kVA non-Locational,3 component(s),,,,,,,,,,NUoS,NUoS,AER,DNSP,sources/aer/AER_Consolidated_stakeholder_report_2025-26_v5.xlsx,,sources/dnsp/sapn/SAPN_Initial_Pricing_Proposal_Overview_2025-26_id333252.pdf,https://www.sapowernetworks.com.au/public/download.jsp?id=333252,Zone Substation kVA non-Locational,,site-specific (locational) variant of a standard tariff; the AER-side file lists only the standard code,"Table 9: NUOS Tariff Schedule (cont.) p38; pricing proposal overview, not the price list (Appendix A SCS tariff schedules); site-specific; GST basis not stated on the tariff schedule; assumed excl"
SA Power Networks,2025-26,dnsp_only_code,site_specific_variant,ZSS500,Zone Substation kVA non-Locational,3 component(s),,,,,,,,,,NUoS,NUoS,AER,DNSP,sources/aer/AER_Consolidated_stakeholder_report_2025-26_v5.xlsx,,sources/dnsp/sapn/SAPN_Initial_Pricing_Proposal_Overview_2025-26_id333252.pdf,https://www.sapowernetworks.com.au/public/download.jsp?id=333252,Zone Substation kVA non-Locational,,site-specific (locational) variant of a standard tariff; the AER-side file lists only the standard code,"Table 9: NUOS Tariff Schedule (cont.) p38; pricing proposal overview, not the price list (Appendix A SCS tariff schedules); site-specific; GST basis not stated on the tariff schedule; assumed excl"
SA Power Networks,2025-26,dnsp_only_code,site_specific_variant,ZSS550,Zone Substation kVA non-Locational,4 component(s),,,,,,,,,,NUoS,NUoS,AER,DNSP,sources/aer/AER_Consolidated_stakeholder_report_2025-26_v5.xlsx,,sources/dnsp/sapn/SAPN_Initial_Pricing_Proposal_Overview_2025-26_id333252.pdf,https://www.sapowernetworks.com.au/public/download.jsp?id=333252,Zone Substation kVA non-Locational,,site-specific (locational) variant of a standard tariff; the AER-side file lists only the standard code,"Table 9: NUOS Tariff Schedule (cont.) p38; pricing proposal overview, not the price list (Appendix A SCS tariff schedules); site-specific; GST basis not stated on the tariff schedule; assumed excl"
SA Power Networks,2025-26,dnsp_only_code,site_specific_variant,ZSS700,Zone Substation kVA non-Locational,3 component(s),,,,,,,,,,NUoS,NUoS,AER,DNSP,sources/aer/AER_Consolidated_stakeholder_report_2025-26_v5.xlsx,,sources/dnsp/sapn/SAPN_Initial_Pricing_Proposal_Overview_2025-26_id333252.pdf,https://www.sapowernetworks.com.au/public/download.jsp?id=333252,Zone Substation kVA non-Locational,,site-specific (locational) variant of a standard tariff; the AER-side file lists only the standard code,"Table 9: NUOS Tariff Schedule (cont.) p38; pricing proposal overview, not the price list (Appendix A SCS tariff schedules); site-specific; GST basis not stated on the tariff schedule; assumed excl"
SA Power Networks,2025-26,dnsp_only_code,site_specific_variant,ZSS850,Zone Substation kVA non-Locational,3 component(s),,,,,,,,,,NUoS,NUoS,AER,DNSP,sources/aer/AER_Consolidated_stakeholder_report_2025-26_v5.xlsx,,sources/dnsp/sapn/SAPN_Initial_Pricing_Proposal_Overview_2025-26_id333252.pdf,https://www.sapowernetworks.com.au/public/download.jsp?id=333252,Zone Substation kVA non-Locational,,site-specific (locational) variant of a standard tariff; the AER-side file lists only the standard code,"Table 9: NUOS Tariff Schedule (cont.) p38; pricing proposal overview, not the price list (Appendix A SCS tariff schedules); site-specific; GST basis not stated on the tariff schedule; assumed excl"
SA Power Networks,2025-26,dnsp_only_code,site_specific_variant,ZSS951,Zone Substation kVA non-Locational,4 component(s),,,,,,,,,,NUoS,NUoS,AER,DNSP,sources/aer/AER_Consolidated_stakeholder_report_2025-26_v5.xlsx,,sources/dnsp/sapn/SAPN_Initial_Pricing_Proposal_Overview_2025-26_id333252.pdf,https://www.sapowernetworks.com.au/public/download.jsp?id=333252,Zone Substation kVA non-Locational,,site-specific (locational) variant of a standard tariff; the AER-side file lists only the standard code,"Table 9: NUOS Tariff Schedule (cont.) p38; pricing proposal overview, not the price list (Appendix A SCS tariff schedules); site-specific; GST basis not stated on the tariff schedule; assumed excl"
SA Power Networks,2025-26,dnsp_only_component,,RESELE,Residential Electrify,REBATE - Diversify Tier 1,,,-0.33,$/day,,-33.0,c/day,,,NUoS,NUoS,AER,DNSP,sources/aer/AER_Consolidated_stakeholder_report_2025-26_v5.xlsx,,sources/dnsp/sapn/SAPN_Initial_Pricing_Proposal_Overview_2025-26_id333252.pdf,https://www.sapowernetworks.com.au/public/download.jsp?id=333252,Residential Electrify,REBATE - Diversify Tier 1,component priced in distributor publication with no counterpart in AER-side file,"Table 9: NUOS Tariff Schedule p37; pricing proposal overview, not the price list (Appendix A SCS tariff schedules); >30 kW export code: RESELENE; Diversify tariff-trial rebate (negative $/day); GST basis not stated on the tariff schedule; assumed excl"
SA Power Networks,2025-26,dnsp_only_component,,RESELE,Residential Electrify,REBATE - Diversify Tier 2,,,-0.55,$/day,,-55.0,c/day,,,NUoS,NUoS,AER,DNSP,sources/aer/AER_Consolidated_stakeholder_report_2025-26_v5.xlsx,,sources/dnsp/sapn/SAPN_Initial_Pricing_Proposal_Overview_2025-26_id333252.pdf,https://www.sapowernetworks.com.au/public/download.jsp?id=333252,Residential Electrify,REBATE - Diversify Tier 2,component priced in distributor publication with no counterpart in AER-side file,"Table 9: NUOS Tariff Schedule p37; pricing proposal overview, not the price list (Appendix A SCS tariff schedules); >30 kW export code: RESELENE; Diversify tariff-trial rebate (negative $/day); GST basis not stated on the tariff schedule; assumed excl"
SA Power Networks,2025-26,dnsp_only_component,,RTOU,Residential Time of Use,REBATE - Diversify Tier 1,,,-0.33,$/day,,-33.0,c/day,,,NUoS,NUoS,AER,DNSP,sources/aer/AER_Consolidated_stakeholder_report_2025-26_v5.xlsx,,sources/dnsp/sapn/SAPN_Initial_Pricing_Proposal_Overview_2025-26_id333252.pdf,https://www.sapowernetworks.com.au/public/download.jsp?id=333252,Residential Time of Use,REBATE - Diversify Tier 1,component priced in distributor publication with no counterpart in AER-side file,"Table 9: NUOS Tariff Schedule p37; pricing proposal overview, not the price list (Appendix A SCS tariff schedules); >30 kW export code: RTOUNE; Diversify tariff-trial rebate (negative $/day); GST basis not stated on the tariff schedule; assumed excl"
SA Power Networks,2025-26,dnsp_only_component,,RTOU,Residential Time of Use,REBATE - Diversify Tier 2,,,-0.55,$/day,,-55.0,c/day,,,NUoS,NUoS,AER,DNSP,sources/aer/AER_Consolidated_stakeholder_report_2025-26_v5.xlsx,,sources/dnsp/sapn/SAPN_Initial_Pricing_Proposal_Overview_2025-26_id333252.pdf,https://www.sapowernetworks.com.au/public/download.jsp?id=333252,Residential Time of Use,REBATE - Diversify Tier 2,component priced in distributor publication with no counterpart in AER-side file,"Table 9: NUOS Tariff Schedule p37; pricing proposal overview, not the price list (Appendix A SCS tariff schedules); >30 kW export code: RTOUNE; Diversify tariff-trial rebate (negative $/day); GST basis not stated on the tariff schedule; assumed excl"
SA Power Networks,2026-27,dnsp_only_code,site_specific_variant,HVAD276,HV Business Annual Demand,5 component(s),,,,,,,,,,NUoS,NUoS,AER,DNSP,sources/aer/AER_Consolidated_stakeholder_report_2026-27_26Aug2026.xlsx,,sources/dnsp/sapn/SAPN_Tariff_Price_List_2026-27_id338674.pdf,https://www.sapowernetworks.com.au/public/download.jsp?id=338674,HV Business Annual Demand,,site-specific (locational) variant of a standard tariff; the AER-side file lists only the standard code,Table 1: NUOS Tariff Schedule (cont.) p6; site-specific; document p3: 'All prices listed are exclusive of GST'
SA Power Networks,2026-27,dnsp_only_code,site_specific_variant,HVAD381,HV Business Annual Demand,5 component(s),,,,,,,,,,NUoS,NUoS,AER,DNSP,sources/aer/AER_Consolidated_stakeholder_report_2026-27_26Aug2026.xlsx,,sources/dnsp/sapn/SAPN_Tariff_Price_List_2026-27_id338674.pdf,https://www.sapowernetworks.com.au/public/download.jsp?id=338674,HV Business Annual Demand,,site-specific (locational) variant of a standard tariff; the AER-side file lists only the standard code,Table 1: NUOS Tariff Schedule (cont.) p6; site-specific; document p3: 'All prices listed are exclusive of GST'
SA Power Networks,2026-27,dnsp_only_code,site_specific_variant,LBAD305,Large LV Business Annual Demand,5 component(s),,,,,,,,,,NUoS,NUoS,AER,DNSP,sources/aer/AER_Consolidated_stakeholder_report_2026-27_26Aug2026.xlsx,,sources/dnsp/sapn/SAPN_Tariff_Price_List_2026-27_id338674.pdf,https://www.sapowernetworks.com.au/public/download.jsp?id=338674,Large LV Business Annual Demand,,site-specific (locational) variant of a standard tariff; the AER-side file lists only the standard code,Table 1: NUOS Tariff Schedule (cont.) p6; site-specific; document p3: 'All prices listed are exclusive of GST'
SA Power Networks,2026-27,dnsp_only_code,site_specific_variant,LBAD342,Large LV Business Annual Demand,5 component(s),,,,,,,,,,NUoS,NUoS,AER,DNSP,sources/aer/AER_Consolidated_stakeholder_report_2026-27_26Aug2026.xlsx,,sources/dnsp/sapn/SAPN_Tariff_Price_List_2026-27_id338674.pdf,https://www.sapowernetworks.com.au/public/download.jsp?id=338674,Large LV Business Annual Demand,,site-specific (locational) variant of a standard tariff; the AER-side file lists only the standard code,Table 1: NUOS Tariff Schedule (cont.) p6; site-specific; document p3: 'All prices listed are exclusive of GST'
SA Power Networks,2026-27,dnsp_only_code,site_specific_variant,LBAD422,Large LV Business Annual Demand,5 component(s),,,,,,,,,,NUoS,NUoS,AER,DNSP,sources/aer/AER_Consolidated_stakeholder_report_2026-27_26Aug2026.xlsx,,sources/dnsp/sapn/SAPN_Tariff_Price_List_2026-27_id338674.pdf,https://www.sapowernetworks.com.au/public/download.jsp?id=338674,Large LV Business Annual Demand,,site-specific (locational) variant of a standard tariff; the AER-side file lists only the standard code,Table 1: NUOS Tariff Schedule (cont.) p6; site-specific; document p3: 'All prices listed are exclusive of GST'
SA Power Networks,2026-27,dnsp_only_code,site_specific_variant,LBAD977,Large LV Business Annual Demand,5 component(s),,,,,,,,,,NUoS,NUoS,AER,DNSP,sources/aer/AER_Consolidated_stakeholder_report_2026-27_26Aug2026.xlsx,,sources/dnsp/sapn/SAPN_Tariff_Price_List_2026-27_id338674.pdf,https://www.sapowernetworks.com.au/public/download.jsp?id=338674,Large LV Business Annual Demand,,site-specific (locational) variant of a standard tariff; the AER-side file lists only the standard code,Table 1: NUOS Tariff Schedule (cont.) p6; site-specific; document p3: 'All prices listed are exclusive of GST'
SA Power Networks,2026-27,dnsp_only_code,site_specific_variant,LBMD979,Large LV Business Monthly Peak Demand,5 component(s),,,,,,,,,,NUoS,NUoS,AER,DNSP,sources/aer/AER_Consolidated_stakeholder_report_2026-27_26Aug2026.xlsx,,sources/dnsp/sapn/SAPN_Tariff_Price_List_2026-27_id338674.pdf,https://www.sapowernetworks.com.au/public/download.jsp?id=338674,Large LV Business Monthly Peak Demand,,site-specific (locational) variant of a standard tariff; the AER-side file lists only the standard code,Table 1: NUOS Tariff Schedule (cont.) p6; site-specific; document p3: 'All prices listed are exclusive of GST'
SA Power Networks,2026-27,dnsp_only_code,site_specific_variant,STN018,Sub Transmission kVA Locational,4 component(s),,,,,,,,,,NUoS,NUoS,AER,DNSP,sources/aer/AER_Consolidated_stakeholder_report_2026-27_26Aug2026.xlsx,,sources/dnsp/sapn/SAPN_Tariff_Price_List_2026-27_id338674.pdf,https://www.sapowernetworks.com.au/public/download.jsp?id=338674,Sub Transmission kVA Locational,,site-specific (locational) variant of a standard tariff; the AER-side file lists only the standard code,Table 1: NUOS Tariff Schedule (cont.) p6; site-specific; document p3: 'All prices listed are exclusive of GST'
SA Power Networks,2026-27,dnsp_only_code,site_specific_variant,STN084,Sub Transmission kVA Locational,4 component(s),,,,,,,,,,NUoS,NUoS,AER,DNSP,sources/aer/AER_Consolidated_stakeholder_report_2026-27_26Aug2026.xlsx,,sources/dnsp/sapn/SAPN_Tariff_Price_List_2026-27_id338674.pdf,https://www.sapowernetworks.com.au/public/download.jsp?id=338674,Sub Transmission kVA Locational,,site-specific (locational) variant of a standard tariff; the AER-side file lists only the standard code,Table 1: NUOS Tariff Schedule (cont.) p6; site-specific; document p3: 'All prices listed are exclusive of GST'
SA Power Networks,2026-27,dnsp_only_code,site_specific_variant,STN161,Sub Transmission kVA Locational,4 component(s),,,,,,,,,,NUoS,NUoS,AER,DNSP,sources/aer/AER_Consolidated_stakeholder_report_2026-27_26Aug2026.xlsx,,sources/dnsp/sapn/SAPN_Tariff_Price_List_2026-27_id338674.pdf,https://www.sapowernetworks.com.au/public/download.jsp?id=338674,Sub Transmission kVA Locational,,site-specific (locational) variant of a standard tariff; the AER-side file lists only the standard code,Table 1: NUOS Tariff Schedule (cont.) p6; site-specific; document p3: 'All prices listed are exclusive of GST'
SA Power Networks,2026-27,dnsp_only_code,site_specific_variant,STN378,Sub Transmission kVA Locational,4 component(s),,,,,,,,,,NUoS,NUoS,AER,DNSP,sources/aer/AER_Consolidated_stakeholder_report_2026-27_26Aug2026.xlsx,,sources/dnsp/sapn/SAPN_Tariff_Price_List_2026-27_id338674.pdf,https://www.sapowernetworks.com.au/public/download.jsp?id=338674,Sub Transmission kVA Locational,,site-specific (locational) variant of a standard tariff; the AER-side file lists only the standard code,Table 1: NUOS Tariff Schedule (cont.) p6; site-specific; document p3: 'All prices listed are exclusive of GST'
SA Power Networks,2026-27,dnsp_only_code,site_specific_variant,STN528,Sub Transmission kVA Locational,4 component(s),,,,,,,,,,NUoS,NUoS,AER,DNSP,sources/aer/AER_Consolidated_stakeholder_report_2026-27_26Aug2026.xlsx,,sources/dnsp/sapn/SAPN_Tariff_Price_List_2026-27_id338674.pdf,https://www.sapowernetworks.com.au/public/download.jsp?id=338674,Sub Transmission kVA Locational,,site-specific (locational) variant of a standard tariff; the AER-side file lists only the standard code,Table 1: NUOS Tariff Schedule (cont.) p6; site-specific; document p3: 'All prices listed are exclusive of GST'
SA Power Networks,2026-27,dnsp_only_code,site_specific_variant,STN557,Sub Transmission kVA Locational,4 component(s),,,,,,,,,,NUoS,NUoS,AER,DNSP,sources/aer/AER_Consolidated_stakeholder_report_2026-27_26Aug2026.xlsx,,sources/dnsp/sapn/SAPN_Tariff_Price_List_2026-27_id338674.pdf,https://www.sapowernetworks.com.au/public/download.jsp?id=338674,Sub Transmission kVA Locational,,site-specific (locational) variant of a standard tariff; the AER-side file lists only the standard code,Table 1: NUOS Tariff Schedule (cont.) p6; site-specific; document p3: 'All prices listed are exclusive of GST'
SA Power Networks,2026-27,dnsp_only_code,site_specific_variant,STN609,Sub Transmission kVA Locational,4 component(s),,,,,,,,,,NUoS,NUoS,AER,DNSP,sources/aer/AER_Consolidated_stakeholder_report_2026-27_26Aug2026.xlsx,,sources/dnsp/sapn/SAPN_Tariff_Price_List_2026-27_id338674.pdf,https://www.sapowernetworks.com.au/public/download.jsp?id=338674,Sub Transmission kVA Locational,,site-specific (locational) variant of a standard tariff; the AER-side file lists only the standard code,Table 1: NUOS Tariff Schedule (cont.) p6; site-specific; document p3: 'All prices listed are exclusive of GST'
SA Power Networks,2026-27,dnsp_only_code,site_specific_variant,STN788,Sub Transmission kVA Locational,4 component(s),,,,,,,,,,NUoS,NUoS,AER,DNSP,sources/aer/AER_Consolidated_stakeholder_report_2026-27_26Aug2026.xlsx,,sources/dnsp/sapn/SAPN_Tariff_Price_List_2026-27_id338674.pdf,https://www.sapowernetworks.com.au/public/download.jsp?id=338674,Sub Transmission kVA Locational,,site-specific (locational) variant of a standard tariff; the AER-side file lists only the standard code,Table 1: NUOS Tariff Schedule (cont.) p6; site-specific; document p3: 'All prices listed are exclusive of GST'
SA Power Networks,2026-27,dnsp_only_code,site_specific_variant,STN984,Sub Transmission kVA Locational,4 component(s),,,,,,,,,,NUoS,NUoS,AER,DNSP,sources/aer/AER_Consolidated_stakeholder_report_2026-27_26Aug2026.xlsx,,sources/dnsp/sapn/SAPN_Tariff_Price_List_2026-27_id338674.pdf,https://www.sapowernetworks.com.au/public/download.jsp?id=338674,Sub Transmission kVA Locational,,site-specific (locational) variant of a standard tariff; the AER-side file lists only the standard code,Table 1: NUOS Tariff Schedule (cont.) p6; site-specific; document p3: 'All prices listed are exclusive of GST'
SA Power Networks,2026-27,dnsp_only_code,site_specific_variant,STR483,Sub Transmission kVA non-Locational,4 component(s),,,,,,,,,,NUoS,NUoS,AER,DNSP,sources/aer/AER_Consolidated_stakeholder_report_2026-27_26Aug2026.xlsx,,sources/dnsp/sapn/SAPN_Tariff_Price_List_2026-27_id338674.pdf,https://www.sapowernetworks.com.au/public/download.jsp?id=338674,Sub Transmission kVA non-Locational,,site-specific (locational) variant of a standard tariff; the AER-side file lists only the standard code,Table 1: NUOS Tariff Schedule (cont.) p6; site-specific; document p3: 'All prices listed are exclusive of GST'
SA Power Networks,2026-27,dnsp_only_code,site_specific_variant,STR610,Sub Transmission kVA non-Locational,4 component(s),,,,,,,,,,NUoS,NUoS,AER,DNSP,sources/aer/AER_Consolidated_stakeholder_report_2026-27_26Aug2026.xlsx,,sources/dnsp/sapn/SAPN_Tariff_Price_List_2026-27_id338674.pdf,https://www.sapowernetworks.com.au/public/download.jsp?id=338674,Sub Transmission kVA non-Locational,,site-specific (locational) variant of a standard tariff; the AER-side file lists only the standard code,Table 1: NUOS Tariff Schedule (cont.) p6; site-specific; document p3: 'All prices listed are exclusive of GST'
SA Power Networks,2026-27,dnsp_only_code,site_specific_variant,STR749,Sub Transmission kVA non-Locational,4 component(s),,,,,,,,,,NUoS,NUoS,AER,DNSP,sources/aer/AER_Consolidated_stakeholder_report_2026-27_26Aug2026.xlsx,,sources/dnsp/sapn/SAPN_Tariff_Price_List_2026-27_id338674.pdf,https://www.sapowernetworks.com.au/public/download.jsp?id=338674,Sub Transmission kVA non-Locational,,site-specific (locational) variant of a standard tariff; the AER-side file lists only the standard code,Table 1: NUOS Tariff Schedule (cont.) p6; site-specific; document p3: 'All prices listed are exclusive of GST'
SA Power Networks,2026-27,dnsp_only_code,site_specific_variant,ZSN021,Zone Substation kVA Locational,4 component(s),,,,,,,,,,NUoS,NUoS,AER,DNSP,sources/aer/AER_Consolidated_stakeholder_report_2026-27_26Aug2026.xlsx,,sources/dnsp/sapn/SAPN_Tariff_Price_List_2026-27_id338674.pdf,https://www.sapowernetworks.com.au/public/download.jsp?id=338674,Zone Substation kVA Locational,,site-specific (locational) variant of a standard tariff; the AER-side file lists only the standard code,Table 1: NUOS Tariff Schedule (cont.) p6; site-specific; document p3: 'All prices listed are exclusive of GST'
SA Power Networks,2026-27,dnsp_only_code,site_specific_variant,ZSN024,Zone Substation kVA Locational,4 component(s),,,,,,,,,,NUoS,NUoS,AER,DNSP,sources/aer/AER_Consolidated_stakeholder_report_2026-27_26Aug2026.xlsx,,sources/dnsp/sapn/SAPN_Tariff_Price_List_2026-27_id338674.pdf,https://www.sapowernetworks.com.au/public/download.jsp?id=338674,Zone Substation kVA Locational,,site-specific (locational) variant of a standard tariff; the AER-side file lists only the standard code,Table 1: NUOS Tariff Schedule (cont.) p6; site-specific; document p3: 'All prices listed are exclusive of GST'
SA Power Networks,2026-27,dnsp_only_code,site_specific_variant,ZSN228,Zone Substation kVA Locational,4 component(s),,,,,,,,,,NUoS,NUoS,AER,DNSP,sources/aer/AER_Consolidated_stakeholder_report_2026-27_26Aug2026.xlsx,,sources/dnsp/sapn/SAPN_Tariff_Price_List_2026-27_id338674.pdf,https://www.sapowernetworks.com.au/public/download.jsp?id=338674,Zone Substation kVA Locational,,site-specific (locational) variant of a standard tariff; the AER-side file lists only the standard code,Table 1: NUOS Tariff Schedule (cont.) p6; site-specific; document p3: 'All prices listed are exclusive of GST'
SA Power Networks,2026-27,dnsp_only_code,site_specific_variant,ZSN408,Zone Substation kVA Locational,4 component(s),,,,,,,,,,NUoS,NUoS,AER,DNSP,sources/aer/AER_Consolidated_stakeholder_report_2026-27_26Aug2026.xlsx,,sources/dnsp/sapn/SAPN_Tariff_Price_List_2026-27_id338674.pdf,https://www.sapowernetworks.com.au/public/download.jsp?id=338674,Zone Substation kVA Locational,,site-specific (locational) variant of a standard tariff; the AER-side file lists only the standard code,Table 1: NUOS Tariff Schedule (cont.) p6; site-specific; document p3: 'All prices listed are exclusive of GST'
SA Power Networks,2026-27,dnsp_only_code,site_specific_variant,ZSN438,Zone Substation kVA Locational,4 component(s),,,,,,,,,,NUoS,NUoS,AER,DNSP,sources/aer/AER_Consolidated_stakeholder_report_2026-27_26Aug2026.xlsx,,sources/dnsp/sapn/SAPN_Tariff_Price_List_2026-27_id338674.pdf,https://www.sapowernetworks.com.au/public/download.jsp?id=338674,Zone Substation kVA Locational,,site-specific (locational) variant of a standard tariff; the AER-side file lists only the standard code,Table 1: NUOS Tariff Schedule (cont.) p6; site-specific; document p3: 'All prices listed are exclusive of GST'
SA Power Networks,2026-27,dnsp_only_code,site_specific_variant,ZSN608,Zone Substation kVA Locational,4 component(s),,,,,,,,,,NUoS,NUoS,AER,DNSP,sources/aer/AER_Consolidated_stakeholder_report_2026-27_26Aug2026.xlsx,,sources/dnsp/sapn/SAPN_Tariff_Price_List_2026-27_id338674.pdf,https://www.sapowernetworks.com.au/public/download.jsp?id=338674,Zone Substation kVA Locational,,site-specific (locational) variant of a standard tariff; the AER-side file lists only the standard code,Table 1: NUOS Tariff Schedule (cont.) p6; site-specific; document p3: 'All prices listed are exclusive of GST'
SA Power Networks,2026-27,dnsp_only_code,site_specific_variant,ZSS104,Zone Substation kVA non-Locational,4 component(s),,,,,,,,,,NUoS,NUoS,AER,DNSP,sources/aer/AER_Consolidated_stakeholder_report_2026-27_26Aug2026.xlsx,,sources/dnsp/sapn/SAPN_Tariff_Price_List_2026-27_id338674.pdf,https://www.sapowernetworks.com.au/public/download.jsp?id=338674,Zone Substation kVA non-Locational,,site-specific (locational) variant of a standard tariff; the AER-side file lists only the standard code,Table 1: NUOS Tariff Schedule (cont.) p6; site-specific; document p3: 'All prices listed are exclusive of GST'
SA Power Networks,2026-27,dnsp_only_code,site_specific_variant,ZSS296,Zone Substation kVA non-Locational,4 component(s),,,,,,,,,,NUoS,NUoS,AER,DNSP,sources/aer/AER_Consolidated_stakeholder_report_2026-27_26Aug2026.xlsx,,sources/dnsp/sapn/SAPN_Tariff_Price_List_2026-27_id338674.pdf,https://www.sapowernetworks.com.au/public/download.jsp?id=338674,Zone Substation kVA non-Locational,,site-specific (locational) variant of a standard tariff; the AER-side file lists only the standard code,Table 1: NUOS Tariff Schedule (cont.) p6; site-specific; document p3: 'All prices listed are exclusive of GST'
SA Power Networks,2026-27,dnsp_only_code,site_specific_variant,ZSS550,Zone Substation kVA non-Locational,4 component(s),,,,,,,,,,NUoS,NUoS,AER,DNSP,sources/aer/AER_Consolidated_stakeholder_report_2026-27_26Aug2026.xlsx,,sources/dnsp/sapn/SAPN_Tariff_Price_List_2026-27_id338674.pdf,https://www.sapowernetworks.com.au/public/download.jsp?id=338674,Zone Substation kVA non-Locational,,site-specific (locational) variant of a standard tariff; the AER-side file lists only the standard code,Table 1: NUOS Tariff Schedule (cont.) p6; site-specific; document p3: 'All prices listed are exclusive of GST'
SA Power Networks,2026-27,dnsp_only_code,site_specific_variant,ZSS951,Zone Substation kVA non-Locational,4 component(s),,,,,,,,,,NUoS,NUoS,AER,DNSP,sources/aer/AER_Consolidated_stakeholder_report_2026-27_26Aug2026.xlsx,,sources/dnsp/sapn/SAPN_Tariff_Price_List_2026-27_id338674.pdf,https://www.sapowernetworks.com.au/public/download.jsp?id=338674,Zone Substation kVA non-Locational,,site-specific (locational) variant of a standard tariff; the AER-side file lists only the standard code,Table 1: NUOS Tariff Schedule (cont.) p6; site-specific; document p3: 'All prices listed are exclusive of GST'
SA Power Networks,2026-27,dnsp_only_component,,RESELE,Residential Electrify,REBATE - Diversify Tier 1,,,-0.33,$/day,,-33.0,c/day,,,NUoS,NUoS,AER,DNSP,sources/aer/AER_Consolidated_stakeholder_report_2026-27_26Aug2026.xlsx,,sources/dnsp/sapn/SAPN_Tariff_Price_List_2026-27_id338674.pdf,https://www.sapowernetworks.com.au/public/download.jsp?id=338674,Residential Electrify,REBATE - Diversify Tier 1,component priced in distributor publication with no counterpart in AER-side file,Table 1: NUOS Tariff Schedule p5; >30 kW export code: RESELENE; Diversify tariff-trial rebate (negative $/day); document p3: 'All prices listed are exclusive of GST'
SA Power Networks,2026-27,dnsp_only_component,,RESELE,Residential Electrify,REBATE - Diversify Tier 2,,,-0.55,$/day,,-55.0,c/day,,,NUoS,NUoS,AER,DNSP,sources/aer/AER_Consolidated_stakeholder_report_2026-27_26Aug2026.xlsx,,sources/dnsp/sapn/SAPN_Tariff_Price_List_2026-27_id338674.pdf,https://www.sapowernetworks.com.au/public/download.jsp?id=338674,Residential Electrify,REBATE - Diversify Tier 2,component priced in distributor publication with no counterpart in AER-side file,Table 1: NUOS Tariff Schedule p5; >30 kW export code: RESELENE; Diversify tariff-trial rebate (negative $/day); document p3: 'All prices listed are exclusive of GST'
SA Power Networks,2026-27,dnsp_only_component,,RTOU,Residential Time of Use,REBATE - Diversify Tier 1,,,-0.33,$/day,,-33.0,c/day,,,NUoS,NUoS,AER,DNSP,sources/aer/AER_Consolidated_stakeholder_report_2026-27_26Aug2026.xlsx,,sources/dnsp/sapn/SAPN_Tariff_Price_List_2026-27_id338674.pdf,https://www.sapowernetworks.com.au/public/download.jsp?id=338674,Residential Time of Use,REBATE - Diversify Tier 1,component priced in distributor publication with no counterpart in AER-side file,Table 1: NUOS Tariff Schedule p5; >30 kW export code: RTOUNE; Diversify tariff-trial rebate (negative $/day); document p3: 'All prices listed are exclusive of GST'
SA Power Networks,2026-27,dnsp_only_component,,RTOU,Residential Time of Use,REBATE - Diversify Tier 2,,,-0.55,$/day,,-55.0,c/day,,,NUoS,NUoS,AER,DNSP,sources/aer/AER_Consolidated_stakeholder_report_2026-27_26Aug2026.xlsx,,sources/dnsp/sapn/SAPN_Tariff_Price_List_2026-27_id338674.pdf,https://www.sapowernetworks.com.au/public/download.jsp?id=338674,Residential Time of Use,REBATE - Diversify Tier 2,component priced in distributor publication with no counterpart in AER-side file,Table 1: NUOS Tariff Schedule p5; >30 kW export code: RTOUNE; Diversify tariff-trial rebate (negative $/day); document p3: 'All prices listed are exclusive of GST'
TasNetworks,2023-24,dnsp_only_code,,TAS15,Large business high voltage specified demand > 2MVA,8 component(s),,,,,,,,,,NUoS,NUoS,AER_HOSTED,DNSP,sources/aer/2023-24_price_lists/TasNetworks_2023-24_Network_tariff_application_and_price_guide_4Apr2023.pdf,,sources/dnsp/tasnetworks/TasNetworks_Network_Tariff_Pricing_Schedule_SCS_2023-24.pdf,https://www.tasnetworks.com.au/Documents/Manual-documents/Pricing/2023-24-distribution/2023-24-Indicative-network-tariff-pricing-schedule,Large business high voltage specified demand > 2MVA,,tariff code present in distributor publication but not in AER-side file,"indicative schedule ('Indicative network tariff pricing schedule for standard control services 2023-24'; 'This document provides the proposed tariffs for the remainder of the regulatory control period'); Table 1 (NUoS) p8; footnote 5: DUoS component only, locational TUoS component also applies."
United Energy,2024-25,aer_only_code,,HVkVATOU,High Voltage,4 priced component(s),,,,,,,,,,NUoS,NUoS,AER,AER_HOSTED,sources/aer/2024-25_stakeholder_reports/AER_Stakeholder_report_UnitedEnergy_2024-25.xlsx,https://www.aer.gov.au/system/files/2024-05/AER%20-%20Stakeholder%20report%20-%20United%20Energy%20-%202024%E2%80%9325%20Annual%20Pricing%20Proposal.xlsx,sources/aer/dnsp_copies/UnitedEnergy_2024-25_Tariff_Summary_28Mar2024.xlsx,,,,tariff code present in AER-side file but not in distributor publication,
United Energy,2024-25,aer_only_code,,LVkVATOU,Large low voltage,4 priced component(s),,,,,,,,,,NUoS,NUoS,AER,AER_HOSTED,sources/aer/2024-25_stakeholder_reports/AER_Stakeholder_report_UnitedEnergy_2024-25.xlsx,https://www.aer.gov.au/system/files/2024-05/AER%20-%20Stakeholder%20report%20-%20United%20Energy%20-%202024%E2%80%9325%20Annual%20Pricing%20Proposal.xlsx,sources/aer/dnsp_copies/UnitedEnergy_2024-25_Tariff_Summary_28Mar2024.xlsx,,,,tariff code present in AER-side file but not in distributor publication,
United Energy,2024-25,dnsp_only_code,trial_tariff,GT,Generator storage,3 component(s),,,,,,,,,,NUoS,NUoS,AER,AER_HOSTED,sources/aer/2024-25_stakeholder_reports/AER_Stakeholder_report_UnitedEnergy_2024-25.xlsx,,sources/aer/dnsp_copies/UnitedEnergy_2024-25_Tariff_Summary_28Mar2024.xlsx,https://www.aer.gov.au/system/files/2024-04/United%20Energy%20-%202024-25%20Tariff%20Summary%20-%2028%20March%202024.xlsx,Generator storage,,trial tariff published by distributor; AER-side file has no priced counterpart,sheet 'UE_2024-25_TRIAL_NUOS'; Tariff Summary 28 Mar 2024 (annual pricing proposal submission); trial tariff; PFIT: Opt-in
United Energy,2024-25,dnsp_only_code,,HVKVATOU 1,High voltage KVA time of use 1,4 component(s),,,,,,,,,,NUoS,NUoS,AER,AER_HOSTED,sources/aer/2024-25_stakeholder_reports/AER_Stakeholder_report_UnitedEnergy_2024-25.xlsx,,sources/aer/dnsp_copies/UnitedEnergy_2024-25_Tariff_Summary_28Mar2024.xlsx,https://www.aer.gov.au/system/files/2024-04/United%20Energy%20-%202024-25%20Tariff%20Summary%20-%2028%20March%202024.xlsx,High voltage KVA time of use 1,,tariff code present in distributor publication but not in AER-side file,sheet 'UE_2024-25_NUOS'; Tariff Summary 28 Mar 2024 (annual pricing proposal submission); Available to new customers or re-assignments: Yes
United Energy,2024-25,dnsp_only_code,,HVKVATOU 2,High voltage KVA time of use 2,4 component(s),,,,,,,,,,NUoS,NUoS,AER,AER_HOSTED,sources/aer/2024-25_stakeholder_reports/AER_Stakeholder_report_UnitedEnergy_2024-25.xlsx,,sources/aer/dnsp_copies/UnitedEnergy_2024-25_Tariff_Summary_28Mar2024.xlsx,https://www.aer.gov.au/system/files/2024-04/United%20Energy%20-%202024-25%20Tariff%20Summary%20-%2028%20March%202024.xlsx,High voltage KVA time of use 2,,tariff code present in distributor publication but not in AER-side file,sheet 'UE_2024-25_NUOS'; Tariff Summary 28 Mar 2024 (annual pricing proposal submission); Available to new customers or re-assignments: Yes
United Energy,2024-25,dnsp_only_code,trial_tariff,LVDBB,Distributor-owned community battery,1 component(s),,,,,,,,,,NUoS,NUoS,AER,AER_HOSTED,sources/aer/2024-25_stakeholder_reports/AER_Stakeholder_report_UnitedEnergy_2024-25.xlsx,,sources/aer/dnsp_copies/UnitedEnergy_2024-25_Tariff_Summary_28Mar2024.xlsx,https://www.aer.gov.au/system/files/2024-04/United%20Energy%20-%202024-25%20Tariff%20Summary%20-%2028%20March%202024.xlsx,Distributor-owned community battery,,trial tariff published by distributor; AER-side file has no priced counterpart,sheet 'UE_2024-25_TRIAL_NUOS'; Tariff Summary 28 Mar 2024 (annual pricing proposal submission); trial tariff; Available to new customers: Yes
United Energy,2024-25,dnsp_only_code,,LVKVATOU 1,Low voltage large KVA time of use 1,4 component(s),,,,,,,,,,NUoS,NUoS,AER,AER_HOSTED,sources/aer/2024-25_stakeholder_reports/AER_Stakeholder_report_UnitedEnergy_2024-25.xlsx,,sources/aer/dnsp_copies/UnitedEnergy_2024-25_Tariff_Summary_28Mar2024.xlsx,https://www.aer.gov.au/system/files/2024-04/United%20Energy%20-%202024-25%20Tariff%20Summary%20-%2028%20March%202024.xlsx,Low voltage large KVA time of use 1,,tariff code present in distributor publication but not in AER-side file,sheet 'UE_2024-25_NUOS'; Tariff Summary 28 Mar 2024 (annual pricing proposal submission); Available to new customers or re-assignments: Yes
United Energy,2024-25,dnsp_only_code,,LVKVATOU 2,Low voltage large KVA time of use 2,4 component(s),,,,,,,,,,NUoS,NUoS,AER,AER_HOSTED,sources/aer/2024-25_stakeholder_reports/AER_Stakeholder_report_UnitedEnergy_2024-25.xlsx,,sources/aer/dnsp_copies/UnitedEnergy_2024-25_Tariff_Summary_28Mar2024.xlsx,https://www.aer.gov.au/system/files/2024-04/United%20Energy%20-%202024-25%20Tariff%20Summary%20-%2028%20March%202024.xlsx,Low voltage large KVA time of use 2,,tariff code present in distributor publication but not in AER-side file,sheet 'UE_2024-25_NUOS'; Tariff Summary 28 Mar 2024 (annual pricing proposal submission); Available to new customers or re-assignments: Yes
United Energy,2024-25,dnsp_only_code,trial_tariff,LVNDBB,Community battery time of use,4 component(s),,,,,,,,,,NUoS,NUoS,AER,AER_HOSTED,sources/aer/2024-25_stakeholder_reports/AER_Stakeholder_report_UnitedEnergy_2024-25.xlsx,,sources/aer/dnsp_copies/UnitedEnergy_2024-25_Tariff_Summary_28Mar2024.xlsx,https://www.aer.gov.au/system/files/2024-04/United%20Energy%20-%202024-25%20Tariff%20Summary%20-%2028%20March%202024.xlsx,Community battery time of use,,trial tariff published by distributor; AER-side file has no priced counterpart,sheet 'UE_2024-25_TRIAL_NUOS'; Tariff Summary 28 Mar 2024 (annual pricing proposal submission); trial tariff; Available to new customers: Yes
United Energy,2024-25,dnsp_only_code,trial_tariff,LVPTBB,Pole-top battery,3 component(s),,,,,,,,,,NUoS,NUoS,AER,AER_HOSTED,sources/aer/2024-25_stakeholder_reports/AER_Stakeholder_report_UnitedEnergy_2024-25.xlsx,,sources/aer/dnsp_copies/UnitedEnergy_2024-25_Tariff_Summary_28Mar2024.xlsx,https://www.aer.gov.au/system/files/2024-04/United%20Energy%20-%202024-25%20Tariff%20Summary%20-%2028%20March%202024.xlsx,Pole-top battery,,trial tariff published by distributor; AER-side file has no priced counterpart,sheet 'UE_2024-25_TRIAL_NUOS'; Tariff Summary 28 Mar 2024 (annual pricing proposal submission); trial tariff; Available to new customers: No
United Energy,2024-25,dnsp_only_code,trial_tariff,URDS,Residential daytime saver,3 component(s),,,,,,,,,,NUoS,NUoS,AER,AER_HOSTED,sources/aer/2024-25_stakeholder_reports/AER_Stakeholder_report_UnitedEnergy_2024-25.xlsx,,sources/aer/dnsp_copies/UnitedEnergy_2024-25_Tariff_Summary_28Mar2024.xlsx,https://www.aer.gov.au/system/files/2024-04/United%20Energy%20-%202024-25%20Tariff%20Summary%20-%2028%20March%202024.xlsx,Residential daytime saver,,trial tariff published by distributor; AER-side file has no priced counterpart,sheet 'UE_2024-25_TRIAL_NUOS'; Tariff Summary 28 Mar 2024 (annual pricing proposal submission); trial tariff; PFIT: FURDS; Available to new customers: Yes
United Energy,2026-27,aer_only_code,,HVkVATOU,High Voltage,4 priced component(s),,,,,,,,,,NUoS,NUoS,AER,DNSP,sources/aer/AER_Consolidated_stakeholder_report_2026-27_26Aug2026.xlsx,https://www.aer.gov.au/system/files/2026-08/AER%20%E2%80%93%202026%E2%80%9327%20%E2%80%93%20Consolidated%20stakeholder%20report%20%E2%80%93%2026%20August%202026.xlsx,sources/dnsp/unitedenergy/UE_Tariff_Summary_2026-27_07May2026.xlsx,,,,tariff code present in AER-side file but not in distributor publication,
United Energy,2026-27,aer_only_code,,LVkVATOU,Large low Voltage,4 priced component(s),,,,,,,,,,NUoS,NUoS,AER,DNSP,sources/aer/AER_Consolidated_stakeholder_report_2026-27_26Aug2026.xlsx,https://www.aer.gov.au/system/files/2026-08/AER%20%E2%80%93%202026%E2%80%9327%20%E2%80%93%20Consolidated%20stakeholder%20report%20%E2%80%93%2026%20August%202026.xlsx,sources/dnsp/unitedenergy/UE_Tariff_Summary_2026-27_07May2026.xlsx,,,,tariff code present in AER-side file but not in distributor publication,
United Energy,2026-27,aer_only_code,aer_zero_placeholder,RESKW1R,Residential Demand,0 priced component(s),,,,,,,,,,NUoS,NUoS,AER,DNSP,sources/aer/AER_Consolidated_stakeholder_report_2026-27_26Aug2026.xlsx,https://www.aer.gov.au/system/files/2026-08/AER%20%E2%80%93%202026%E2%80%9327%20%E2%80%93%20Consolidated%20stakeholder%20report%20%E2%80%93%2026%20August%202026.xlsx,sources/dnsp/unitedenergy/UE_Tariff_Summary_2026-27_07May2026.xlsx,,,,AER-side file lists this tariff with no prices (placeholder / TBA code),zero-priced row
United Energy,2026-27,aer_only_code,aer_zero_placeholder,UFTUOS,Flexible TUOS Pass-Through,0 priced component(s),,,,,,,,,,NUoS,NUoS,AER,DNSP,sources/aer/AER_Consolidated_stakeholder_report_2026-27_26Aug2026.xlsx,https://www.aer.gov.au/system/files/2026-08/AER%20%E2%80%93%202026%E2%80%9327%20%E2%80%93%20Consolidated%20stakeholder%20report%20%E2%80%93%2026%20August%202026.xlsx,sources/dnsp/unitedenergy/UE_Tariff_Summary_2026-27_07May2026.xlsx,,,,AER-side file lists this tariff with no prices (placeholder / TBA code),zero-priced row
United Energy,2026-27,dnsp_only_code,trial_tariff,EVUTOU,Residential kerbside EV charger,4 component(s),,,,,,,,,,NUoS,NUoS,AER,DNSP,sources/aer/AER_Consolidated_stakeholder_report_2026-27_26Aug2026.xlsx,,sources/dnsp/unitedenergy/UE_Tariff_Summary_2026-27_07May2026.xlsx,https://media.unitedenergy.com.au/factsheets/United-Energy-FINAL-2026-27-Tariff-Summary-07-May-2026-PUBLIC.xlsx,Residential kerbside EV charger,,trial tariff published by distributor; AER-side file has no priced counterpart,sheet 'UE_2026-27_TRIAL_NUOS'; FINAL 2026-27 Tariff Summary 7 May 2026; trial tariff; Status: Default
United Energy,2026-27,dnsp_only_code,,HVKVATOU 1,High voltage KVA time of use 1,4 component(s),,,,,,,,,,NUoS,NUoS,AER,DNSP,sources/aer/AER_Consolidated_stakeholder_report_2026-27_26Aug2026.xlsx,,sources/dnsp/unitedenergy/UE_Tariff_Summary_2026-27_07May2026.xlsx,https://media.unitedenergy.com.au/factsheets/United-Energy-FINAL-2026-27-Tariff-Summary-07-May-2026-PUBLIC.xlsx,High voltage KVA time of use 1,,tariff code present in distributor publication but not in AER-side file,sheet 'UE_2026-27_NUOS'; FINAL 2026-27 Tariff Summary 7 May 2026; Status: Default
United Energy,2026-27,dnsp_only_code,,HVKVATOU 2,High voltage KVA time of use 2,4 component(s),,,,,,,,,,NUoS,NUoS,AER,DNSP,sources/aer/AER_Consolidated_stakeholder_report_2026-27_26Aug2026.xlsx,,sources/dnsp/unitedenergy/UE_Tariff_Summary_2026-27_07May2026.xlsx,https://media.unitedenergy.com.au/factsheets/United-Energy-FINAL-2026-27-Tariff-Summary-07-May-2026-PUBLIC.xlsx,High voltage KVA time of use 2,,tariff code present in distributor publication but not in AER-side file,sheet 'UE_2026-27_NUOS'; FINAL 2026-27 Tariff Summary 7 May 2026; Status: Default
United Energy,2026-27,dnsp_only_code,,HVKVATOU 3,High voltage KVA time of use 3,4 component(s),,,,,,,,,,NUoS,NUoS,AER,DNSP,sources/aer/AER_Consolidated_stakeholder_report_2026-27_26Aug2026.xlsx,,sources/dnsp/unitedenergy/UE_Tariff_Summary_2026-27_07May2026.xlsx,https://media.unitedenergy.com.au/factsheets/United-Energy-FINAL-2026-27-Tariff-Summary-07-May-2026-PUBLIC.xlsx,High voltage KVA time of use 3,,tariff code present in distributor publication but not in AER-side file,sheet 'UE_2026-27_NUOS'; FINAL 2026-27 Tariff Summary 7 May 2026; Status: Default
United Energy,2026-27,dnsp_only_code,,LVKVATOU 1,Low voltage large KVA time of use 1,4 component(s),,,,,,,,,,NUoS,NUoS,AER,DNSP,sources/aer/AER_Consolidated_stakeholder_report_2026-27_26Aug2026.xlsx,,sources/dnsp/unitedenergy/UE_Tariff_Summary_2026-27_07May2026.xlsx,https://media.unitedenergy.com.au/factsheets/United-Energy-FINAL-2026-27-Tariff-Summary-07-May-2026-PUBLIC.xlsx,Low voltage large KVA time of use 1,,tariff code present in distributor publication but not in AER-side file,sheet 'UE_2026-27_NUOS'; FINAL 2026-27 Tariff Summary 7 May 2026; Status: Default
United Energy,2026-27,dnsp_only_code,,LVKVATOU 2,Low voltage large KVA time of use 2,4 component(s),,,,,,,,,,NUoS,NUoS,AER,DNSP,sources/aer/AER_Consolidated_stakeholder_report_2026-27_26Aug2026.xlsx,,sources/dnsp/unitedenergy/UE_Tariff_Summary_2026-27_07May2026.xlsx,https://media.unitedenergy.com.au/factsheets/United-Energy-FINAL-2026-27-Tariff-Summary-07-May-2026-PUBLIC.xlsx,Low voltage large KVA time of use 2,,tariff code present in distributor publication but not in AER-side file,sheet 'UE_2026-27_NUOS'; FINAL 2026-27 Tariff Summary 7 May 2026; Status: Default
United Energy,2026-27,dnsp_only_code,,LVKVATOU 3,Low voltage large KVA time of use 3,4 component(s),,,,,,,,,,NUoS,NUoS,AER,DNSP,sources/aer/AER_Consolidated_stakeholder_report_2026-27_26Aug2026.xlsx,,sources/dnsp/unitedenergy/UE_Tariff_Summary_2026-27_07May2026.xlsx,https://media.unitedenergy.com.au/factsheets/United-Energy-FINAL-2026-27-Tariff-Summary-07-May-2026-PUBLIC.xlsx,Low voltage large KVA time of use 3,,tariff code present in distributor publication but not in AER-side file,sheet 'UE_2026-27_NUOS'; FINAL 2026-27 Tariff Summary 7 May 2026; Status: Default
